ISO-10303-21;
HEADER;
/* Generated by software containing ST-Developer
 * from STEP Tools, Inc. (www.steptools.com) 
 */

FILE_DESCRIPTION(
/* description */ (''),
/* implementation_level */ '2;1');

FILE_NAME(
/* name */ 'Proto-Pulse-Shell-20X6.step',
/* time_stamp */ '2025-12-23T14:30:16-05:00',
/* author */ (''),
/* organization */ (''),
/* preprocessor_version */ 'ST-DEVELOPER v20.1',
/* originating_system */ 'Autodesk Translation Framework v14.21.0.0',
/* authorisation */ '');

FILE_SCHEMA (('AUTOMOTIVE_DESIGN { 1 0 10303 214 3 1 1 }'));
ENDSEC;

DATA;
#10=MECHANICAL_DESIGN_GEOMETRIC_PRESENTATION_REPRESENTATION('',(#17),#11485);
#11=ITEM_DEFINED_TRANSFORMATION($,$,#6023,#6314);
#12=(
REPRESENTATION_RELATIONSHIP($,$,#11496,#11495)
REPRESENTATION_RELATIONSHIP_WITH_TRANSFORMATION(#11)
SHAPE_REPRESENTATION_RELATIONSHIP()
);
#13=CONTEXT_DEPENDENT_SHAPE_REPRESENTATION(#12,#11494);
#14=NEXT_ASSEMBLY_USAGE_OCCURRENCE('Corruption Crest:1',
'Corruption Crest:1','Corruption Crest:1',#11498,#11499,
'Corruption Crest:1');
#15=SHAPE_REPRESENTATION_RELATIONSHIP('SRR','None',#11496,#16);
#16=ADVANCED_BREP_SHAPE_REPRESENTATION('',(#18),#11484);
#17=STYLED_ITEM('',(#11511),#18);
#18=MANIFOLD_SOLID_BREP('Body1',#6009);
#19=(
BOUNDED_CURVE()
B_SPLINE_CURVE(5,(#8935,#8936,#8937,#8938,#8939,#8940,#8941),
 .UNSPECIFIED.,.F.,.F.)
B_SPLINE_CURVE_WITH_KNOTS((6,1,6),(0.,0.1,0.176036057963817),
 .UNSPECIFIED.)
CURVE()
GEOMETRIC_REPRESENTATION_ITEM()
RATIONAL_B_SPLINE_CURVE((1.,1.,1.,1.,1.,1.,1.))
REPRESENTATION_ITEM('')
);
#20=(
BOUNDED_CURVE()
B_SPLINE_CURVE(5,(#9069,#9070,#9071,#9072,#9073,#9074,#9075),
 .UNSPECIFIED.,.F.,.F.)
B_SPLINE_CURVE_WITH_KNOTS((6,1,6),(-0.176032847689605,-0.1,0.),
 .UNSPECIFIED.)
CURVE()
GEOMETRIC_REPRESENTATION_ITEM()
RATIONAL_B_SPLINE_CURVE((1.,1.,1.,1.,1.,1.,1.))
REPRESENTATION_ITEM('')
);
#21=B_SPLINE_SURFACE_WITH_KNOTS('',3,1,((#8499,#8500),(#8501,#8502),(#8503,
#8504),(#8505,#8506)),.UNSPECIFIED.,.F.,.F.,.F.,(4,4),(2,2),(-0.412654005162464,
-0.251078471639878),(0.,0.25),.UNSPECIFIED.);
#22=B_SPLINE_SURFACE_WITH_KNOTS('',3,3,((#8516,#8517,#8518,#8519),(#8520,
#8521,#8522,#8523),(#8524,#8525,#8526,#8527),(#8528,#8529,#8530,#8531),
(#8532,#8533,#8534,#8535),(#8536,#8537,#8538,#8539),(#8540,#8541,#8542,
#8543)),.UNSPECIFIED.,.F.,.F.,.F.,(4,3,4),(4,4),(-0.250911773813005,0.,
0.000112885695096537),(-5.91046742798307E-13,0.18922350900149),
 .UNSPECIFIED.);
#23=B_SPLINE_SURFACE_WITH_KNOTS('',3,3,((#8564,#8565,#8566,#8567,#8568,
#8569),(#8570,#8571,#8572,#8573,#8574,#8575),(#8576,#8577,#8578,#8579,#8580,
#8581),(#8582,#8583,#8584,#8585,#8586,#8587),(#8588,#8589,#8590,#8591,#8592,
#8593)),.UNSPECIFIED.,.F.,.F.,.F.,(4,1,4),(4,2,4),(0.,0.571428571428571,
1.),(-1.51883254370569,-1.5130320369808,-0.000890337119207897),
 .UNSPECIFIED.);
#24=B_SPLINE_SURFACE_WITH_KNOTS('',3,1,((#8613,#8614),(#8615,#8616),(#8617,
#8618),(#8619,#8620),(#8621,#8622),(#8623,#8624),(#8625,#8626),(#8627,#8628),
(#8629,#8630),(#8631,#8632),(#8633,#8634),(#8635,#8636),(#8637,#8638),(#8639,
#8640),(#8641,#8642),(#8643,#8644)),.UNSPECIFIED.,.F.,.F.,.F.,(4,3,3,3,
3,4),(2,2),(-0.99648326967935,-0.835569012394415,-0.660555610526239,-0.452565290042274,
-0.270769293571501,-0.00139574951019572),(-0.250000000000001,0.3),
 .UNSPECIFIED.);
#25=B_SPLINE_SURFACE_WITH_KNOTS('',3,1,((#8664,#8665),(#8666,#8667),(#8668,
#8669),(#8670,#8671),(#8672,#8673),(#8674,#8675),(#8676,#8677),(#8678,#8679),
(#8680,#8681),(#8682,#8683),(#8684,#8685),(#8686,#8687),(#8688,#8689),(#8690,
#8691),(#8692,#8693),(#8694,#8695)),.UNSPECIFIED.,.F.,.F.,.F.,(4,3,3,3,
3,4),(2,2),(-0.99648326967935,-0.835569012394415,-0.660555610526239,-0.452565290042274,
-0.270769293571501,-0.00139574951019572),(-0.250000000000001,0.3),
 .UNSPECIFIED.);
#26=B_SPLINE_SURFACE_WITH_KNOTS('',3,3,((#8728,#8729,#8730,#8731),(#8732,
#8733,#8734,#8735),(#8736,#8737,#8738,#8739),(#8740,#8741,#8742,#8743)),
 .UNSPECIFIED.,.F.,.F.,.F.,(4,4),(4,4),(-0.663503637573826,-0.505973165325341),
(-6.25012396510793E-15,0.18922350900148),.UNSPECIFIED.);
#27=B_SPLINE_SURFACE_WITH_KNOTS('',3,3,((#8758,#8759,#8760,#8761),(#8762,
#8763,#8764,#8765),(#8766,#8767,#8768,#8769),(#8770,#8771,#8772,#8773),
(#8774,#8775,#8776,#8777),(#8778,#8779,#8780,#8781)),.UNSPECIFIED.,.F.,
 .F.,.F.,(4,1,1,4),(4,4),(0.,0.285714285714286,0.571428571428571,1.),(-3.57220083410641,
-1.78430959067348),.UNSPECIFIED.);
#28=B_SPLINE_SURFACE_WITH_KNOTS('',3,1,((#9687,#9688),(#9689,#9690),(#9691,
#9692),(#9693,#9694),(#9695,#9696),(#9697,#9698),(#9699,#9700),(#9701,#9702),
(#9703,#9704),(#9705,#9706),(#9707,#9708),(#9709,#9710),(#9711,#9712)),
 .UNSPECIFIED.,.F.,.F.,.F.,(4,3,3,3,4),(2,2),(-0.0101114000067379,-0.000112885483519447,
0.220679970656416,0.678272577210173,0.999738566838325),(-0.25,0.3),
 .UNSPECIFIED.);
#29=B_SPLINE_SURFACE_WITH_KNOTS('',3,1,((#9739,#9740),(#9741,#9742),(#9743,
#9744),(#9745,#9746),(#9747,#9748),(#9749,#9750),(#9751,#9752),(#9753,#9754),
(#9755,#9756),(#9757,#9758),(#9759,#9760),(#9761,#9762),(#9763,#9764),(#9765,
#9766),(#9767,#9768),(#9769,#9770)),.UNSPECIFIED.,.F.,.F.,.F.,(4,3,3,3,
3,4),(2,2),(0.00139579528520356,0.250167664787586,0.430307943375499,0.713395608335116,
0.875761654740945,0.996483273294733),(-0.25,0.300000000000001),
 .UNSPECIFIED.);
#30=B_SPLINE_SURFACE_WITH_KNOTS('',3,1,((#9785,#9786),(#9787,#9788),(#9789,
#9790),(#9791,#9792),(#9793,#9794),(#9795,#9796),(#9797,#9798),(#9799,#9800),
(#9801,#9802),(#9803,#9804),(#9805,#9806),(#9807,#9808),(#9809,#9810),(#9811,
#9812),(#9813,#9814),(#9815,#9816)),.UNSPECIFIED.,.F.,.F.,.F.,(4,3,3,3,
3,4),(2,2),(0.00139579528520356,0.250167664787586,0.430307943375499,0.713395608335116,
0.875761654740945,0.996483273294733),(-0.25,0.300000000000001),
 .UNSPECIFIED.);
#31=B_SPLINE_SURFACE_WITH_KNOTS('',3,3,((#9851,#9852,#9853,#9854),(#9855,
#9856,#9857,#9858),(#9859,#9860,#9861,#9862),(#9863,#9864,#9865,#9866),
(#9867,#9868,#9869,#9870),(#9871,#9872,#9873,#9874),(#9875,#9876,#9877,
#9878),(#9879,#9880,#9881,#9882)),.UNSPECIFIED.,.F.,.F.,.F.,(4,1,3,4),(4,
4),(0.757511197556973,0.861434970032556,1.,1.00476945047277),(-6.63242351722687E-15,
0.18922350900148),.UNSPECIFIED.);
#32=B_SPLINE_SURFACE_WITH_KNOTS('',3,3,((#9902,#9903,#9904,#9905,#9906,
#9907,#9908,#9909,#9910,#9911),(#9912,#9913,#9914,#9915,#9916,#9917,#9918,
#9919,#9920,#9921),(#9922,#9923,#9924,#9925,#9926,#9927,#9928,#9929,#9930,
#9931),(#9932,#9933,#9934,#9935,#9936,#9937,#9938,#9939,#9940,#9941),(#9942,
#9943,#9944,#9945,#9946,#9947,#9948,#9949,#9950,#9951)),.UNSPECIFIED.,.F.,
 .F.,.F.,(4,1,4),(4,2,1,1,1,1,4),(0.,0.571428571428571,1.),(-3.57765422508901,
-3.57042459082379,-3.40552437112788,-3.24062415143198,-3.07572393173607,
-2.91082371204016,-2.41612305295244),.UNSPECIFIED.);
#33=B_SPLINE_SURFACE_WITH_KNOTS('',3,1,((#10145,#10146),(#10147,#10148),
(#10149,#10150),(#10151,#10152),(#10153,#10154),(#10155,#10156),(#10157,
#10158)),.UNSPECIFIED.,.F.,.F.,.F.,(4,3,4),(2,2),(-0.0318993048875976,0.,
0.241259126325936),(-0.25,0.300000000000001),.UNSPECIFIED.);
#34=B_SPLINE_SURFACE_WITH_KNOTS('',3,3,((#10173,#10174,#10175,#10176),(#10177,
#10178,#10179,#10180),(#10181,#10182,#10183,#10184),(#10185,#10186,#10187,
#10188)),.UNSPECIFIED.,.F.,.F.,.F.,(4,4),(4,4),(0.,1.),(-1.66533453693773E-16,
0.16),.UNSPECIFIED.);
#35=B_SPLINE_SURFACE_WITH_KNOTS('',3,1,((#10199,#10200),(#10201,#10202),
(#10203,#10204),(#10205,#10206)),.UNSPECIFIED.,.F.,.F.,.F.,(4,4),(2,2),
(-3.93098540513688,-3.16862214151874),(-0.501919864868871,0.16),
 .UNSPECIFIED.);
#36=B_SPLINE_SURFACE_WITH_KNOTS('',3,1,((#10211,#10212),(#10213,#10214),
(#10215,#10216),(#10217,#10218)),.UNSPECIFIED.,.F.,.F.,.F.,(4,4),(2,2),
(0.264511767360687,0.342921179048783),(-0.501636180567031,0.16),
 .UNSPECIFIED.);
#37=B_SPLINE_SURFACE_WITH_KNOTS('',3,1,((#10222,#10223),(#10224,#10225),
(#10226,#10227),(#10228,#10229),(#10230,#10231),(#10232,#10233),(#10234,
#10235)),.UNSPECIFIED.,.F.,.F.,.F.,(4,3,4),(2,2),(-2.40711091840381,-2.36741749801034,
-1.53472439303547),(-0.501919864868871,0.16),.UNSPECIFIED.);
#38=B_SPLINE_SURFACE_WITH_KNOTS('',3,1,((#10239,#10240),(#10241,#10242),
(#10243,#10244),(#10245,#10246),(#10247,#10248),(#10249,#10250),(#10251,
#10252)),.UNSPECIFIED.,.F.,.F.,.F.,(4,3,4),(2,2),(0.426786368309822,0.429993730731398,
0.518223930280278),(-0.501636180567031,0.16),.UNSPECIFIED.);
#39=B_SPLINE_SURFACE_WITH_KNOTS('',3,1,((#10256,#10257),(#10258,#10259),
(#10260,#10261),(#10262,#10263)),.UNSPECIFIED.,.F.,.F.,.F.,(4,4),(2,2),
(-0.561814371142002,0.),(-0.501919864868871,0.16),.UNSPECIFIED.);
#40=B_SPLINE_SURFACE_WITH_KNOTS('',3,1,((#10268,#10269),(#10270,#10271),
(#10272,#10273),(#10274,#10275),(#10276,#10277),(#10278,#10279),(#10280,
#10281)),.UNSPECIFIED.,.F.,.F.,.F.,(4,3,4),(2,2),(0.472619152820837,0.541860861686048,
0.999738566838325),(-0.50196168584097,0.16),.UNSPECIFIED.);
#41=B_SPLINE_SURFACE_WITH_KNOTS('',3,1,((#10286,#10287),(#10288,#10289),
(#10290,#10291),(#10292,#10293)),.UNSPECIFIED.,.F.,.F.,.F.,(4,4),(2,2),
(0.0957906763992449,0.180328346088678),(-0.501636180567031,0.16),
 .UNSPECIFIED.);
#42=B_SPLINE_SURFACE_WITH_KNOTS('',3,3,((#10294,#10295,#10296,#10297),(#10298,
#10299,#10300,#10301),(#10302,#10303,#10304,#10305),(#10306,#10307,#10308,
#10309)),.UNSPECIFIED.,.F.,.F.,.F.,(4,4),(4,4),(0.,1.),(-0.16,1.11022302462516E-16),
 .UNSPECIFIED.);
#43=B_SPLINE_SURFACE_WITH_KNOTS('',3,1,((#10324,#10325),(#10326,#10327),
(#10328,#10329),(#10330,#10331)),.UNSPECIFIED.,.F.,.F.,.F.,(4,4),(2,2),
(0.,0.561814371142002),(-0.501919864868871,0.16),.UNSPECIFIED.);
#44=B_SPLINE_SURFACE_WITH_KNOTS('',3,1,((#10335,#10336),(#10337,#10338),
(#10339,#10340),(#10341,#10342),(#10343,#10344),(#10345,#10346),(#10347,
#10348)),.UNSPECIFIED.,.F.,.F.,.F.,(4,3,4),(2,2),(-0.518223930280278,-0.429993730731398,
-0.426786368309822),(-0.501636180567031,0.16),.UNSPECIFIED.);
#45=B_SPLINE_SURFACE_WITH_KNOTS('',3,1,((#10352,#10353),(#10354,#10355),
(#10356,#10357),(#10358,#10359),(#10360,#10361),(#10362,#10363),(#10364,
#10365)),.UNSPECIFIED.,.F.,.F.,.F.,(4,3,4),(2,2),(1.53472439303547,2.36741749801034,
2.40711091840381),(-0.501919864868871,0.16),.UNSPECIFIED.);
#46=B_SPLINE_SURFACE_WITH_KNOTS('',3,1,((#10369,#10370),(#10371,#10372),
(#10373,#10374),(#10375,#10376)),.UNSPECIFIED.,.F.,.F.,.F.,(4,4),(2,2),
(-0.342921179048783,-0.264511767360687),(-0.501636180567031,0.16),
 .UNSPECIFIED.);
#47=B_SPLINE_SURFACE_WITH_KNOTS('',3,1,((#10380,#10381),(#10382,#10383),
(#10384,#10385),(#10386,#10387)),.UNSPECIFIED.,.F.,.F.,.F.,(4,4),(2,2),
(3.16862214151874,3.93098540513688),(-0.501919864868871,0.16),
 .UNSPECIFIED.);
#48=B_SPLINE_SURFACE_WITH_KNOTS('',3,1,((#10391,#10392),(#10393,#10394),
(#10395,#10396),(#10397,#10398)),.UNSPECIFIED.,.F.,.F.,.F.,(4,4),(2,2),
(-0.180328346088678,-0.0957906763992449),(-0.501636180567031,0.16),
 .UNSPECIFIED.);
#49=B_SPLINE_SURFACE_WITH_KNOTS('',3,1,((#10400,#10401),(#10402,#10403),
(#10404,#10405),(#10406,#10407),(#10408,#10409),(#10410,#10411),(#10412,
#10413)),.UNSPECIFIED.,.F.,.F.,.F.,(4,3,4),(2,2),(-0.999738566838325,-0.541860861686048,
-0.472619152820837),(-0.50196168584097,0.16),.UNSPECIFIED.);
#50=B_SPLINE_SURFACE_WITH_KNOTS('',3,3,((#10443,#10444,#10445,#10446,#10447,
#10448),(#10449,#10450,#10451,#10452,#10453,#10454),(#10455,#10456,#10457,
#10458,#10459,#10460),(#10461,#10462,#10463,#10464,#10465,#10466),(#10467,
#10468,#10469,#10470,#10471,#10472)),.UNSPECIFIED.,.F.,.F.,.F.,(4,1,4),
(4,2,4),(0.,0.571428571428571,1.),(-0.0850367062814903,0.,1.51732447328302),
 .UNSPECIFIED.);
#51=B_SPLINE_SURFACE_WITH_KNOTS('',3,3,((#10544,#10545,#10546,#10547,#10548,
#10549),(#10550,#10551,#10552,#10553,#10554,#10555),(#10556,#10557,#10558,
#10559,#10560,#10561),(#10562,#10563,#10564,#10565,#10566,#10567),(#10568,
#10569,#10570,#10571,#10572,#10573)),.UNSPECIFIED.,.F.,.F.,.F.,(4,1,4),
(4,2,4),(0.,0.571428571428571,1.),(0.500948850655181,2.01839483678201,2.10343127383357),
 .UNSPECIFIED.);
#52=B_SPLINE_SURFACE_WITH_KNOTS('',3,3,((#10630,#10631,#10632,#10633),(#10634,
#10635,#10636,#10637),(#10638,#10639,#10640,#10641),(#10642,#10643,#10644,
#10645)),.UNSPECIFIED.,.F.,.F.,.F.,(4,4),(4,4),(0.,0.179065195590369),(0.,
0.18922350900148),.UNSPECIFIED.);
#53=B_SPLINE_SURFACE_WITH_KNOTS('',3,3,((#10646,#10647,#10648,#10649,#10650,
#10651,#10652,#10653,#10654,#10655),(#10656,#10657,#10658,#10659,#10660,
#10661,#10662,#10663,#10664,#10665),(#10666,#10667,#10668,#10669,#10670,
#10671,#10672,#10673,#10674,#10675),(#10676,#10677,#10678,#10679,#10680,
#10681,#10682,#10683,#10684,#10685),(#10686,#10687,#10688,#10689,#10690,
#10691,#10692,#10693,#10694,#10695)),.UNSPECIFIED.,.F.,.F.,.F.,(4,1,4),
(4,1,1,1,1,2,4),(0.,0.571428571428571,1.),(-1.16809825654514,-0.67340145500473,
-0.508502521157926,-0.343603587311123,-0.178704653464319,-0.0138057196175156,
-0.00635657782458484),.UNSPECIFIED.);
#54=B_SPLINE_SURFACE_WITH_KNOTS('',3,3,((#10706,#10707,#10708,#10709),(#10710,
#10711,#10712,#10713),(#10714,#10715,#10716,#10717),(#10718,#10719,#10720,
#10721),(#10722,#10723,#10724,#10725),(#10726,#10727,#10728,#10729),(#10730,
#10731,#10732,#10733),(#10734,#10735,#10736,#10737)),.UNSPECIFIED.,.F.,
 .F.,.F.,(4,3,1,4),(4,4),(-1.00476945590739,-1.,-0.896076228298086,-0.7575111993622),
(-6.25012396510793E-15,0.18922350900148),.UNSPECIFIED.);
#55=B_SPLINE_SURFACE_WITH_KNOTS('',3,3,((#10740,#10741,#10742,#10743,#10744,
#10745,#10746,#10747),(#10748,#10749,#10750,#10751,#10752,#10753,#10754,
#10755),(#10756,#10757,#10758,#10759,#10760,#10761,#10762,#10763),(#10764,
#10765,#10766,#10767,#10768,#10769,#10770,#10771),(#10772,#10773,#10774,
#10775,#10776,#10777,#10778,#10779)),.UNSPECIFIED.,.F.,.F.,.F.,(4,1,4),
(4,2,1,1,4),(0.,0.571428571428571,1.),(-2.146714040801,-2.1330604903589,
-1.22554734097226,-0.923042957843385,-0.0155298084567464),.UNSPECIFIED.);
#56=B_SPLINE_SURFACE_WITH_KNOTS('',3,3,((#10832,#10833,#10834,#10835,#10836,
#10837,#10838,#10839),(#10840,#10841,#10842,#10843,#10844,#10845,#10846,
#10847),(#10848,#10849,#10850,#10851,#10852,#10853,#10854,#10855),(#10856,
#10857,#10858,#10859,#10860,#10861,#10862,#10863),(#10864,#10865,#10866,
#10867,#10868,#10869,#10870,#10871)),.UNSPECIFIED.,.F.,.F.,.F.,(4,1,4),
(4,1,1,2,4),(0.,0.571428571428571,1.),(-2.14356965548216,-1.23608801217027,
-0.933594131066302,-0.0261124877544122,-0.0122804759731566),
 .UNSPECIFIED.);
#57=B_SPLINE_SURFACE_WITH_KNOTS('',3,3,((#10900,#10901,#10902,#10903),(#10904,
#10905,#10906,#10907),(#10908,#10909,#10910,#10911),(#10912,#10913,#10914,
#10915),(#10916,#10917,#10918,#10919),(#10920,#10921,#10922,#10923),(#10924,
#10925,#10926,#10927)),.UNSPECIFIED.,.F.,.F.,.F.,(4,3,4),(4,4),(-0.00182202397450136,
0.,0.257339683191899),(-1.65642340009665E-16,0.18922350900148),
 .UNSPECIFIED.);
#58=B_SPLINE_SURFACE_WITH_KNOTS('',3,3,((#10947,#10948,#10949,#10950),(#10951,
#10952,#10953,#10954),(#10955,#10956,#10957,#10958),(#10959,#10960,#10961,
#10962),(#10963,#10964,#10965,#10966),(#10967,#10968,#10969,#10970)),
 .UNSPECIFIED.,.F.,.F.,.F.,(4,1,1,4),(4,4),(0.,0.285714285714286,0.571428571428571,
1.),(-1.79989966005842,-0.0118165414564673),.UNSPECIFIED.);
#59=B_SPLINE_SURFACE_WITH_KNOTS('',3,3,((#10994,#10995,#10996,#10997,#10998,
#10999),(#11000,#11001,#11002,#11003,#11004,#11005),(#11006,#11007,#11008,
#11009,#11010,#11011),(#11012,#11013,#11014,#11015,#11016,#11017),(#11018,
#11019,#11020,#11021,#11022,#11023)),.UNSPECIFIED.,.F.,.F.,.F.,(4,1,4),
(4,2,4),(0.,0.571428571428571,1.),(-1.51287520598947,-0.000672957678558797,
0.00512753871800382),.UNSPECIFIED.);
#60=B_SPLINE_SURFACE_WITH_KNOTS('',3,3,((#11028,#11029,#11030,#11031),(#11032,
#11033,#11034,#11035),(#11036,#11037,#11038,#11039),(#11040,#11041,#11042,
#11043),(#11044,#11045,#11046,#11047),(#11048,#11049,#11050,#11051),(#11052,
#11053,#11054,#11055)),.UNSPECIFIED.,.F.,.F.,.F.,(4,3,4),(4,4),(-0.000112885483519447,
0.,0.250911787209003),(-2.71087405995241E-14,0.18922350900149),
 .UNSPECIFIED.);
#61=B_SPLINE_SURFACE_WITH_KNOTS('',3,1,((#11089,#11090),(#11091,#11092),
(#11093,#11094),(#11095,#11096),(#11097,#11098),(#11099,#11100),(#11101,
#11102),(#11103,#11104),(#11105,#11106),(#11107,#11108),(#11109,#11110),
(#11111,#11112),(#11113,#11114)),.UNSPECIFIED.,.F.,.F.,.F.,(4,3,3,3,4),
(2,2),(-0.999738566857548,-0.499812840581226,-0.177053807393518,0.000112885695096537,
0.010111400220623),(-0.25,0.300000000000001),.UNSPECIFIED.);
#62=B_SPLINE_SURFACE_WITH_KNOTS('',3,1,((#11115,#11116),(#11117,#11118),
(#11119,#11120),(#11121,#11122),(#11123,#11124),(#11125,#11126),(#11127,
#11128),(#11129,#11130),(#11131,#11132),(#11133,#11134),(#11135,#11136),
(#11137,#11138),(#11139,#11140)),.UNSPECIFIED.,.F.,.F.,.F.,(4,3,3,3,4),
(2,2),(-0.999738566857548,-0.499812840581226,-0.177053807393518,0.000112885695096537,
0.010111400220623),(-0.25,0.300000000000001),.UNSPECIFIED.);
#63=B_SPLINE_SURFACE_WITH_KNOTS('',3,1,((#11154,#11155),(#11156,#11157),
(#11158,#11159),(#11160,#11161)),.UNSPECIFIED.,.F.,.F.,.F.,(4,4),(2,2),
(0.251078471639878,0.412654005162464),(0.,0.25),.UNSPECIFIED.);
#64=B_SPLINE_SURFACE_WITH_KNOTS('',3,1,((#11184,#11185),(#11186,#11187),
(#11188,#11189),(#11190,#11191),(#11192,#11193),(#11194,#11195),(#11196,
#11197),(#11198,#11199),(#11200,#11201),(#11202,#11203),(#11204,#11205),
(#11206,#11207),(#11208,#11209),(#11210,#11211),(#11212,#11213),(#11214,
#11215)),.UNSPECIFIED.,.F.,.F.,.F.,(4,3,3,3,3,4),(2,2),(0.00139579528520356,
0.250167664787586,0.430307943375499,0.713395608335116,0.875761654740945,
0.996483273294733),(-0.25,0.300000000000001),.UNSPECIFIED.);
#65=B_SPLINE_SURFACE_WITH_KNOTS('',3,1,((#11221,#11222),(#11223,#11224),
(#11225,#11226),(#11227,#11228),(#11229,#11230),(#11231,#11232),(#11233,
#11234),(#11235,#11236),(#11237,#11238),(#11239,#11240)),.UNSPECIFIED.,
 .F.,.F.,.F.,(4,3,3,4),(2,2),(-0.01,0.,0.628086286640916,1.),(0.,0.3),
 .UNSPECIFIED.);
#66=B_SPLINE_SURFACE_WITH_KNOTS('',3,1,((#11255,#11256),(#11257,#11258),
(#11259,#11260),(#11261,#11262),(#11263,#11264),(#11265,#11266),(#11267,
#11268),(#11269,#11270),(#11271,#11272),(#11273,#11274),(#11275,#11276),
(#11277,#11278),(#11279,#11280)),.UNSPECIFIED.,.F.,.F.,.F.,(4,3,3,3,4),
(2,2),(-0.0101114000067379,-0.000112885483519447,0.220679970656416,0.678272577210173,
0.999738566838325),(-0.25,0.3),.UNSPECIFIED.);
#67=B_SPLINE_SURFACE_WITH_KNOTS('',3,3,((#11315,#11316,#11317,#11318),(#11319,
#11320,#11321,#11322),(#11323,#11324,#11325,#11326),(#11327,#11328,#11329,
#11330),(#11331,#11332,#11333,#11334),(#11335,#11336,#11337,#11338),(#11339,
#11340,#11341,#11342)),.UNSPECIFIED.,.F.,.F.,.F.,(4,1,1,1,4),(4,4),(0.,
0.285714285714286,0.571428571428571,0.857142857142857,1.),(0.,0.460000000000001),
 .UNSPECIFIED.);
#68=B_SPLINE_SURFACE_WITH_KNOTS('',3,3,((#11343,#11344,#11345,#11346),(#11347,
#11348,#11349,#11350),(#11351,#11352,#11353,#11354),(#11355,#11356,#11357,
#11358)),.UNSPECIFIED.,.F.,.F.,.F.,(4,4),(4,4),(-0.179068333621157,0.),
(0.,0.18922350900148),.UNSPECIFIED.);
#69=B_SPLINE_SURFACE_WITH_KNOTS('',3,1,((#11359,#11360),(#11361,#11362),
(#11363,#11364),(#11365,#11366),(#11367,#11368),(#11369,#11370),(#11371,
#11372),(#11373,#11374),(#11375,#11376),(#11377,#11378)),.UNSPECIFIED.,
 .F.,.F.,.F.,(4,3,3,4),(2,2),(-1.,-0.371913569700812,0.,0.01),(0.,0.300000000000001),
 .UNSPECIFIED.);
#70=B_SPLINE_SURFACE_WITH_KNOTS('',3,3,((#11388,#11389,#11390,#11391),(#11392,
#11393,#11394,#11395),(#11396,#11397,#11398,#11399),(#11400,#11401,#11402,
#11403)),.UNSPECIFIED.,.F.,.F.,.F.,(4,4),(4,4),(0.505973160482213,0.663503628051334),
(-6.63242351722687E-15,0.18922350900148),.UNSPECIFIED.);
#71=B_SPLINE_SURFACE_WITH_KNOTS('',3,3,((#11404,#11405,#11406,#11407),(#11408,
#11409,#11410,#11411),(#11412,#11413,#11414,#11415),(#11416,#11417,#11418,
#11419),(#11420,#11421,#11422,#11423),(#11424,#11425,#11426,#11427),(#11428,
#11429,#11430,#11431)),.UNSPECIFIED.,.F.,.F.,.F.,(4,3,4),(4,4),(-0.257339693599684,
0.,0.00182196422168993),(-5.19752873226596E-16,0.18922350900148),
 .UNSPECIFIED.);
#72=B_SPLINE_SURFACE_WITH_KNOTS('',3,1,((#11433,#11434),(#11435,#11436),
(#11437,#11438),(#11439,#11440),(#11441,#11442),(#11443,#11444),(#11445,
#11446)),.UNSPECIFIED.,.F.,.F.,.F.,(4,3,4),(2,2),(-0.241258993223908,0.,
0.0318994733065574),(-0.25,0.3),.UNSPECIFIED.);
#73=B_SPLINE_SURFACE_WITH_KNOTS('',3,1,((#11447,#11448),(#11449,#11450),
(#11451,#11452),(#11453,#11454),(#11455,#11456),(#11457,#11458),(#11459,
#11460),(#11461,#11462),(#11463,#11464),(#11465,#11466),(#11467,#11468),
(#11469,#11470),(#11471,#11472),(#11473,#11474),(#11475,#11476),(#11477,
#11478)),.UNSPECIFIED.,.F.,.F.,.F.,(4,3,3,3,3,4),(2,2),(-0.99648326967935,
-0.835569012394415,-0.660555610526239,-0.452565290042274,-0.270769293571501,
-0.00139574951019572),(-0.250000000000001,0.3),.UNSPECIFIED.);
#74=FACE_BOUND('',#791,.T.);
#75=FACE_BOUND('',#792,.T.);
#76=FACE_BOUND('',#793,.T.);
#77=FACE_BOUND('',#794,.T.);
#78=FACE_BOUND('',#795,.T.);
#79=FACE_BOUND('',#796,.T.);
#80=FACE_BOUND('',#797,.T.);
#81=FACE_BOUND('',#798,.T.);
#82=FACE_BOUND('',#799,.T.);
#83=FACE_BOUND('',#800,.T.);
#84=FACE_BOUND('',#801,.T.);
#85=FACE_BOUND('',#802,.T.);
#86=FACE_BOUND('',#847,.T.);
#87=FACE_BOUND('',#848,.T.);
#88=FACE_BOUND('',#849,.T.);
#89=FACE_BOUND('',#850,.T.);
#90=FACE_BOUND('',#851,.T.);
#91=FACE_BOUND('',#852,.T.);
#92=FACE_BOUND('',#853,.T.);
#93=FACE_BOUND('',#854,.T.);
#94=FACE_BOUND('',#855,.T.);
#95=FACE_BOUND('',#856,.T.);
#96=FACE_BOUND('',#857,.T.);
#97=FACE_BOUND('',#858,.T.);
#98=FACE_BOUND('',#1095,.T.);
#99=B_SPLINE_CURVE_WITH_KNOTS('',3,(#7587,#7588,#7589,#7590,#7591,#7592,
#7593),.UNSPECIFIED.,.F.,.F.,(4,3,4),(-0.999738566838325,-0.541860861686048,
-0.522639136510603),.UNSPECIFIED.);
#100=B_SPLINE_CURVE_WITH_KNOTS('',3,(#7595,#7596,#7597,#7598,#7599,#7600),
 .UNSPECIFIED.,.F.,.F.,(4,2,4),(0.,0.19345149253622,0.386902985072441),
 .UNSPECIFIED.);
#101=B_SPLINE_CURVE_WITH_KNOTS('',3,(#7608,#7609,#7610,#7611),
 .UNSPECIFIED.,.F.,.F.,(4,4),(0.,0.561814371142002),.UNSPECIFIED.);
#102=B_SPLINE_CURVE_WITH_KNOTS('',3,(#7615,#7616,#7617,#7618,#7619,#7620,
#7621),.UNSPECIFIED.,.F.,.F.,(4,3,4),(-0.518223930280278,-0.429993730731398,
-0.426786368309822),.UNSPECIFIED.);
#103=B_SPLINE_CURVE_WITH_KNOTS('',3,(#7625,#7626,#7627,#7628,#7629,#7630,
#7631),.UNSPECIFIED.,.F.,.F.,(4,3,4),(1.53472439303547,2.36741749801034,
2.40711091840381),.UNSPECIFIED.);
#104=B_SPLINE_CURVE_WITH_KNOTS('',3,(#7635,#7636,#7637,#7638),
 .UNSPECIFIED.,.F.,.F.,(4,4),(-0.342921179048783,-0.264511767360687),
 .UNSPECIFIED.);
#105=B_SPLINE_CURVE_WITH_KNOTS('',3,(#7642,#7643,#7644,#7645),
 .UNSPECIFIED.,.F.,.F.,(4,4),(3.16862214151874,3.93098540513688),
 .UNSPECIFIED.);
#106=B_SPLINE_CURVE_WITH_KNOTS('',3,(#7649,#7650,#7651,#7652),
 .UNSPECIFIED.,.F.,.F.,(4,4),(-0.180328346088678,-0.0957906763992449),
 .UNSPECIFIED.);
#107=B_SPLINE_CURVE_WITH_KNOTS('',3,(#7656,#7657,#7658,#7659,#7660,#7661),
 .UNSPECIFIED.,.F.,.F.,(4,2,4),(-1.6105784194673,-1.17824691353753,-0.170177591844466),
 .UNSPECIFIED.);
#108=B_SPLINE_CURVE_WITH_KNOTS('',3,(#7665,#7666,#7667,#7668),
 .UNSPECIFIED.,.F.,.F.,(4,4),(1.5024240653092,1.88202356838493),
 .UNSPECIFIED.);
#109=B_SPLINE_CURVE_WITH_KNOTS('',3,(#7676,#7677,#7678,#7679,#7680,#7681,
#7682),.UNSPECIFIED.,.F.,.F.,(4,3,4),(0.579915932903782,0.633679689785302,
0.941247611361533),.UNSPECIFIED.);
#110=B_SPLINE_CURVE_WITH_KNOTS('',3,(#7696,#7697,#7698,#7699,#7700,#7701,
#7702),.UNSPECIFIED.,.F.,.F.,(4,3,4),(0.0431320894198001,0.290738447737323,
0.446304504846263),.UNSPECIFIED.);
#111=B_SPLINE_CURVE_WITH_KNOTS('',3,(#7741,#7742,#7743,#7744,#7745,#7746,
#7747,#7748,#7749,#7750),.UNSPECIFIED.,.F.,.F.,(4,3,3,4),(4.70583846967049,
5.40549881110298,7.13884721328866,7.14989162777835),.UNSPECIFIED.);
#112=B_SPLINE_CURVE_WITH_KNOTS('',3,(#7758,#7759,#7760,#7761),
 .UNSPECIFIED.,.F.,.F.,(4,4),(-0.986497426072724,-0.500179050424983),
 .UNSPECIFIED.);
#113=B_SPLINE_CURVE_WITH_KNOTS('',3,(#7765,#7766,#7767,#7768,#7769,#7770),
 .UNSPECIFIED.,.F.,.F.,(4,2,4),(1.67524298516736,3.0964574277762,3.60057677680729),
 .UNSPECIFIED.);
#114=B_SPLINE_CURVE_WITH_KNOTS('',3,(#7772,#7773,#7774,#7775,#7776,#7777,
#7778,#7779,#7780,#7781,#7782,#7783,#7784),.UNSPECIFIED.,.F.,.F.,(4,3,3,
3,4),(-2.28317889701672,-1.63084206929766,-0.978505241578595,-0.326168413859532,
0.),.UNSPECIFIED.);
#115=B_SPLINE_CURVE_WITH_KNOTS('',3,(#7786,#7787,#7788,#7789,#7790,#7791,
#7792),.UNSPECIFIED.,.F.,.F.,(4,3,4),(1.27661309024908,1.83039774789521,
1.94170757954681),.UNSPECIFIED.);
#116=B_SPLINE_CURVE_WITH_KNOTS('',3,(#7796,#7797,#7798,#7799),
 .UNSPECIFIED.,.F.,.F.,(4,4),(-0.48651067448213,0.),.UNSPECIFIED.);
#117=B_SPLINE_CURVE_WITH_KNOTS('',3,(#7807,#7808,#7809,#7810,#7811,#7812,
#7813,#7814,#7815,#7816),.UNSPECIFIED.,.F.,.F.,(4,3,3,4),(0.0505245144012873,
0.0543397310305356,0.80055842106994,0.894807406464794),.UNSPECIFIED.);
#118=B_SPLINE_CURVE_WITH_KNOTS('',3,(#7855,#7856,#7857,#7858,#7859,#7860,
#7861),.UNSPECIFIED.,.F.,.F.,(4,3,4),(6.55914665427611,7.59323234076537,
8.37369666027495),.UNSPECIFIED.);
#119=B_SPLINE_CURVE_WITH_KNOTS('',3,(#7875,#7876,#7877,#7878),
 .UNSPECIFIED.,.F.,.F.,(4,4),(4.33156692374789,5.95780465089213),
 .UNSPECIFIED.);
#120=B_SPLINE_CURVE_WITH_KNOTS('',3,(#7886,#7887,#7888,#7889),
 .UNSPECIFIED.,.F.,.F.,(4,4),(0.0974383994772519,1.80589097246968),
 .UNSPECIFIED.);
#121=B_SPLINE_CURVE_WITH_KNOTS('',3,(#7893,#7894,#7895,#7896,#7897,#7898,
#7899),.UNSPECIFIED.,.F.,.F.,(4,3,4),(-2.24154284439826,-2.12474376491558,
-0.632115592081259),.UNSPECIFIED.);
#122=B_SPLINE_CURVE_WITH_KNOTS('',3,(#7903,#7904,#7905,#7906),
 .UNSPECIFIED.,.F.,.F.,(4,4),(0.0957906763992449,0.180328346088678),
 .UNSPECIFIED.);
#123=B_SPLINE_CURVE_WITH_KNOTS('',3,(#7910,#7911,#7912,#7913),
 .UNSPECIFIED.,.F.,.F.,(4,4),(-3.93098540513688,-3.16862214151874),
 .UNSPECIFIED.);
#124=B_SPLINE_CURVE_WITH_KNOTS('',3,(#7917,#7918,#7919,#7920),
 .UNSPECIFIED.,.F.,.F.,(4,4),(0.264511767360687,0.342921179048783),
 .UNSPECIFIED.);
#125=B_SPLINE_CURVE_WITH_KNOTS('',3,(#7924,#7925,#7926,#7927,#7928,#7929,
#7930),.UNSPECIFIED.,.F.,.F.,(4,3,4),(-2.40711091840381,-2.36741749801034,
-1.53472439303547),.UNSPECIFIED.);
#126=B_SPLINE_CURVE_WITH_KNOTS('',3,(#7934,#7935,#7936,#7937,#7938,#7939,
#7940),.UNSPECIFIED.,.F.,.F.,(4,3,4),(0.426786368309822,0.429993730731398,
0.518223930280278),.UNSPECIFIED.);
#127=B_SPLINE_CURVE_WITH_KNOTS('',3,(#7944,#7945,#7946,#7947),
 .UNSPECIFIED.,.F.,.F.,(4,4),(-0.561814371142002,0.),.UNSPECIFIED.);
#128=B_SPLINE_CURVE_WITH_KNOTS('',3,(#7955,#7956,#7957,#7958,#7959,#7960),
 .UNSPECIFIED.,.F.,.F.,(4,2,4),(0.,0.193451492536219,0.386902985072439),
 .UNSPECIFIED.);
#129=B_SPLINE_CURVE_WITH_KNOTS('',3,(#7962,#7963,#7964,#7965,#7966,#7967,
#7968),.UNSPECIFIED.,.F.,.F.,(4,3,4),(0.522639136510602,0.541860861686048,
0.999738566838325),.UNSPECIFIED.);
#130=B_SPLINE_CURVE_WITH_KNOTS('',3,(#8272,#8273,#8274,#8275,#8276,#8277),
 .UNSPECIFIED.,.F.,.F.,(4,2,4),(-0.460000000000001,-0.23,0.),
 .UNSPECIFIED.);
#131=B_SPLINE_CURVE_WITH_KNOTS('',3,(#8281,#8282,#8283,#8284,#8285,#8286,
#8287,#8288,#8289,#8290,#8291,#8292),.UNSPECIFIED.,.F.,.F.,(4,2,2,2,2,4),
(-0.170292429330683,-0.144234341469312,-0.118164796909077,-0.0790037881676909,
-0.0395702375547669,0.),.UNSPECIFIED.);
#132=B_SPLINE_CURVE_WITH_KNOTS('',3,(#8293,#8294,#8295,#8296,#8297,#8298),
 .UNSPECIFIED.,.F.,.F.,(4,2,4),(-0.189242386555458,-0.0946209051052608,
0.),.UNSPECIFIED.);
#133=B_SPLINE_CURVE_WITH_KNOTS('',3,(#8303,#8304,#8305,#8306,#8307,#8308),
 .UNSPECIFIED.,.F.,.F.,(4,2,4),(-0.16,-0.08,0.),.UNSPECIFIED.);
#134=B_SPLINE_CURVE_WITH_KNOTS('',3,(#8375,#8376,#8377,#8378,#8379,#8380),
 .UNSPECIFIED.,.F.,.F.,(4,2,4),(-0.460000000000001,-0.23,0.),
 .UNSPECIFIED.);
#135=B_SPLINE_CURVE_WITH_KNOTS('',3,(#8384,#8385,#8386,#8387,#8388,#8389,
#8390,#8391,#8392,#8393,#8394,#8395,#8396,#8397,#8398,#8399,#8400,#8401,
#8402,#8403,#8404,#8405,#8406,#8407,#8408,#8409,#8410,#8411,#8412,#8413,
#8414,#8415,#8416,#8417,#8418,#8419,#8420,#8421,#8422,#8423,#8424,#8425,
#8426,#8427,#8428,#8429,#8430,#8431,#8432,#8433,#8434,#8435),
 .UNSPECIFIED.,.F.,.F.,(4,3,3,3,3,3,3,3,3,3,3,3,3,3,3,3,3,4),(-0.382856963999603,
-0.362660125199598,-0.342651449186254,-0.321350461010437,-0.300049472834619,
-0.278934811951878,-0.251192159124893,-0.238476164645548,-0.207945802332304,
-0.177314659317064,-0.167468056156341,-0.136652836644925,-0.129185982196424,
-0.0999494778377093,-0.0699847323001753,-0.0402266071559046,-0.011463906360541,
0.),.UNSPECIFIED.);
#136=B_SPLINE_CURVE_WITH_KNOTS('',3,(#8436,#8437,#8438,#8439,#8440,#8441),
 .UNSPECIFIED.,.F.,.F.,(4,2,4),(-0.195082164095653,-0.0975299892528249,
0.),.UNSPECIFIED.);
#137=B_SPLINE_CURVE_WITH_KNOTS('',3,(#8447,#8448,#8449,#8450,#8451,#8452),
 .UNSPECIFIED.,.F.,.F.,(4,2,4),(-0.189547349751818,-0.0947728882708677,
0.),.UNSPECIFIED.);
#138=B_SPLINE_CURVE_WITH_KNOTS('',3,(#8454,#8455,#8456,#8457,#8458,#8459,
#8460,#8461,#8462,#8463,#8464,#8465),.UNSPECIFIED.,.F.,.F.,(4,2,2,2,2,4),
(-0.178170722489819,-0.144542988937071,-0.111430375402727,-0.0717687288378498,
-0.0354520763362115,0.),.UNSPECIFIED.);
#139=B_SPLINE_CURVE_WITH_KNOTS('',3,(#8468,#8469,#8470,#8471,#8472,#8473),
 .UNSPECIFIED.,.F.,.F.,(4,2,4),(-0.460000000000001,-0.23,0.),
 .UNSPECIFIED.);
#140=B_SPLINE_CURVE_WITH_KNOTS('',3,(#8508,#8509,#8510,#8511,#8512,#8513,
#8514),.UNSPECIFIED.,.F.,.F.,(4,3,4),(-0.412653999869267,-0.371913569700812,
-0.333286771870691),.UNSPECIFIED.);
#141=B_SPLINE_CURVE_WITH_KNOTS('',3,(#8545,#8546,#8547,#8548),
 .UNSPECIFIED.,.F.,.F.,(4,4),(-1.51214440275522,-0.00101344998811016),
 .UNSPECIFIED.);
#142=B_SPLINE_CURVE_WITH_KNOTS('',3,(#8550,#8551,#8552,#8553,#8554,#8555,
#8556),.UNSPECIFIED.,.F.,.F.,(4,3,4),(0.265230787382375,0.372402811473501,
0.454460661479932),.UNSPECIFIED.);
#143=B_SPLINE_CURVE_WITH_KNOTS('',3,(#8557,#8558,#8559,#8560,#8561,#8562,
#8563),.UNSPECIFIED.,.F.,.F.,(4,3,4),(-0.250470840351724,0.,0.000112885695096537),
 .UNSPECIFIED.);
#144=B_SPLINE_CURVE_WITH_KNOTS('',3,(#8595,#8596,#8597,#8598,#8599,#8600),
 .UNSPECIFIED.,.F.,.F.,(4,2,4),(0.0125222140066472,1.5130320369808,1.51883254370569),
 .UNSPECIFIED.);
#145=B_SPLINE_CURVE_WITH_KNOTS('',3,(#8601,#8602,#8603,#8604,#8605,#8606,
#8607,#8608,#8609,#8610,#8611,#8612),.UNSPECIFIED.,.F.,.F.,(4,2,2,2,2,4),
(0.,0.0392358994882118,0.0784252594522006,0.117522611193374,0.143726896023471,
0.169927203286126),.UNSPECIFIED.);
#146=B_SPLINE_CURVE_WITH_KNOTS('',3,(#8646,#8647,#8648,#8649),
 .UNSPECIFIED.,.F.,.F.,(4,4),(0.3,0.46),.UNSPECIFIED.);
#147=B_SPLINE_CURVE_WITH_KNOTS('',3,(#8651,#8652,#8653,#8654,#8655,#8656),
 .UNSPECIFIED.,.F.,.F.,(4,2,4),(-0.3,-0.200000000000001,0.),
 .UNSPECIFIED.);
#148=B_SPLINE_CURVE_WITH_KNOTS('',3,(#8657,#8658,#8659,#8660,#8661,#8662,
#8663),.UNSPECIFIED.,.F.,.F.,(4,3,4),(0.51663632550604,0.660555610526239,
0.685713114853413),.UNSPECIFIED.);
#149=B_SPLINE_CURVE_WITH_KNOTS('',3,(#8697,#8698,#8699,#8700,#8701,#8702,
#8703),.UNSPECIFIED.,.F.,.F.,(4,3,4),(0.751297545289671,0.835569012394415,
0.969699499903329),.UNSPECIFIED.);
#150=B_SPLINE_CURVE_WITH_KNOTS('',3,(#8704,#8705,#8706,#8707,#8708,#8709),
 .UNSPECIFIED.,.F.,.F.,(4,2,4),(-0.460000000000001,-0.275000000000001,0.),
 .UNSPECIFIED.);
#151=B_SPLINE_CURVE_WITH_KNOTS('',3,(#8713,#8714,#8715,#8716),
 .UNSPECIFIED.,.F.,.F.,(4,4),(1.78430959067348,3.47797032787089),
 .UNSPECIFIED.);
#152=B_SPLINE_CURVE_WITH_KNOTS('',3,(#8719,#8720,#8721,#8722,#8723,#8724,
#8725,#8726),.UNSPECIFIED.,.F.,.F.,(4,1,1,1,1,4),(0.0579897530466912,0.178704653464319,
0.343603587311123,0.508502521157926,0.67340145500473,1.16809825654514),
 .UNSPECIFIED.);
#153=B_SPLINE_CURVE_WITH_KNOTS('',3,(#8745,#8746,#8747,#8748),
 .UNSPECIFIED.,.F.,.F.,(4,4),(-3.57128774572932,-1.98875933225062),
 .UNSPECIFIED.);
#154=B_SPLINE_CURVE_WITH_KNOTS('',3,(#8750,#8751,#8752,#8753),
 .UNSPECIFIED.,.F.,.F.,(4,4),(0.267230989020406,0.457691675676455),
 .UNSPECIFIED.);
#155=B_SPLINE_CURVE_WITH_KNOTS('',3,(#8754,#8755,#8756,#8757),
 .UNSPECIFIED.,.F.,.F.,(4,4),(-0.663503637573826,-0.507964777957958),
 .UNSPECIFIED.);
#156=B_SPLINE_CURVE_WITH_KNOTS('',3,(#8782,#8783,#8784,#8785,#8786,#8787,
#8788,#8789,#8790,#8791,#8792,#8793,#8794,#8795,#8796,#8797,#8798,#8799,
#8800,#8801,#8802,#8803,#8804,#8805,#8806,#8807,#8808,#8809,#8810,#8811,
#8812,#8813,#8814,#8815,#8816,#8817,#8818,#8819,#8820,#8821,#8822,#8823,
#8824,#8825,#8826,#8827,#8828,#8829,#8830),.UNSPECIFIED.,.F.,.F.,(4,3,3,
3,3,3,3,3,3,3,3,3,3,3,3,3,4),(0.,0.0179568035114203,0.0362157886409597,
0.0544427199887026,0.0718272140456814,0.0893144423762714,0.100207273342464,
0.117639732368407,0.129873451247266,0.144751550761905,0.158895532199924,
0.165574551894552,0.17407176717784,0.18925144150128,0.19974140252785,0.21590682891416,
0.225046215763349),.UNSPECIFIED.);
#157=B_SPLINE_CURVE_WITH_KNOTS('',3,(#8833,#8834,#8835,#8836,#8837,#8838,
#8839,#8840,#8841,#8842,#8843,#8844),.UNSPECIFIED.,.F.,.F.,(4,2,2,2,2,4),
(0.,0.0349986470772839,0.0709396151320767,0.110656454529324,0.144528598209564,
0.17894093204489),.UNSPECIFIED.);
#158=B_SPLINE_CURVE_WITH_KNOTS('',3,(#8846,#8847,#8848,#8849,#8850,#8851),
 .UNSPECIFIED.,.F.,.F.,(4,2,4),(0.00134464413771081,0.0570040256586646,
0.190897339668513),.UNSPECIFIED.);
#159=B_SPLINE_CURVE_WITH_KNOTS('',3,(#8857,#8858,#8859,#8860,#8861,#8862),
 .UNSPECIFIED.,.F.,.F.,(4,2,4),(0.0900000000000001,0.275,0.550000000000001),
 .UNSPECIFIED.);
#160=B_SPLINE_CURVE_WITH_KNOTS('',3,(#8867,#8868,#8869,#8870,#8871,#8872),
 .UNSPECIFIED.,.F.,.F.,(4,2,4),(0.,1.6378063512305,2.93310118841489),
 .UNSPECIFIED.);
#161=B_SPLINE_CURVE_WITH_KNOTS('',3,(#8874,#8875,#8876,#8877,#8878,#8879),
 .UNSPECIFIED.,.F.,.F.,(4,2,4),(0.,0.193451492536219,0.386902985072439),
 .UNSPECIFIED.);
#162=B_SPLINE_CURVE_WITH_KNOTS('',3,(#8887,#8888,#8889,#8890),
 .UNSPECIFIED.,.F.,.F.,(4,4),(0.,0.57763449433044),.UNSPECIFIED.);
#163=B_SPLINE_CURVE_WITH_KNOTS('',3,(#8894,#8895,#8896,#8897,#8898,#8899,
#8900),.UNSPECIFIED.,.F.,.F.,(4,3,4),(0.,0.972225866394511,1.00756842172253),
 .UNSPECIFIED.);
#164=B_SPLINE_CURVE_WITH_KNOTS('',3,(#8904,#8905,#8906,#8907,#8908,#8909,
#8910),.UNSPECIFIED.,.F.,.F.,(4,3,4),(0.,0.863531729021713,0.904695187369547),
 .UNSPECIFIED.);
#165=B_SPLINE_CURVE_WITH_KNOTS('',3,(#8914,#8915,#8916,#8917),
 .UNSPECIFIED.,.F.,.F.,(4,4),(0.,0.802425285334255),.UNSPECIFIED.);
#166=B_SPLINE_CURVE_WITH_KNOTS('',3,(#8921,#8922,#8923,#8924),
 .UNSPECIFIED.,.F.,.F.,(4,4),(0.,0.800715940096517),.UNSPECIFIED.);
#167=B_SPLINE_CURVE_WITH_KNOTS('',3,(#8928,#8929,#8930,#8931),
 .UNSPECIFIED.,.F.,.F.,(4,4),(0.,0.736355599512722),.UNSPECIFIED.);
#168=B_SPLINE_CURVE_WITH_KNOTS('',3,(#8945,#8946,#8947,#8948),
 .UNSPECIFIED.,.F.,.F.,(4,4),(0.00139579528520675,0.254383157545276),
 .UNSPECIFIED.);
#169=B_SPLINE_CURVE_WITH_KNOTS('',3,(#8956,#8957,#8958,#8959),
 .UNSPECIFIED.,.F.,.F.,(4,4),(0.507964773063404,0.663503628051334),
 .UNSPECIFIED.);
#170=B_SPLINE_CURVE_WITH_KNOTS('',3,(#8973,#8974,#8975,#8976,#8977),
 .UNSPECIFIED.,.F.,.F.,(4,1,4),(0.757511197556973,0.861434970032556,0.996483273291742),
 .UNSPECIFIED.);
#171=B_SPLINE_CURVE_WITH_KNOTS('',3,(#9016,#9017,#9018,#9019,#9020,#9021,
#9022),.UNSPECIFIED.,.F.,.F.,(4,3,4),(-0.000112885483519447,0.,0.250470854172472),
 .UNSPECIFIED.);
#172=B_SPLINE_CURVE_WITH_KNOTS('',3,(#9030,#9031,#9032,#9033),
 .UNSPECIFIED.,.F.,.F.,(4,4),(0.33328678059112,0.412654005162464),
 .UNSPECIFIED.);
#173=B_SPLINE_CURVE_WITH_KNOTS('',3,(#9035,#9036,#9037,#9038,#9039,#9040,
#9041),.UNSPECIFIED.,.F.,.F.,(4,3,4),(0.412654005162464,0.628086286640916,
0.999738566838325),.UNSPECIFIED.);
#174=B_SPLINE_CURVE_WITH_KNOTS('',3,(#9046,#9047,#9048,#9049),
 .UNSPECIFIED.,.F.,.F.,(4,4),(-0.999738566857548,-0.412653999869267),
 .UNSPECIFIED.);
#175=B_SPLINE_CURVE_WITH_KNOTS('',3,(#9050,#9051,#9052,#9053,#9054),
 .UNSPECIFIED.,.F.,.F.,(4,1,4),(-0.996483269651451,-0.896076228298086,-0.7575111993622),
 .UNSPECIFIED.);
#176=B_SPLINE_CURVE_WITH_KNOTS('',3,(#9062,#9063,#9064,#9065),
 .UNSPECIFIED.,.F.,.F.,(4,4),(-0.254383168297511,-0.00139574951019825),
 .UNSPECIFIED.);
#177=B_SPLINE_CURVE_WITH_KNOTS('',3,(#9079,#9080,#9081,#9082),
 .UNSPECIFIED.,.F.,.F.,(4,4),(0.,0.736347053554613),.UNSPECIFIED.);
#178=B_SPLINE_CURVE_WITH_KNOTS('',3,(#9086,#9087,#9088,#9089),
 .UNSPECIFIED.,.F.,.F.,(4,4),(0.,0.80056256663743),.UNSPECIFIED.);
#179=B_SPLINE_CURVE_WITH_KNOTS('',3,(#9093,#9094,#9095,#9096),
 .UNSPECIFIED.,.F.,.F.,(4,4),(0.,0.802437655130773),.UNSPECIFIED.);
#180=B_SPLINE_CURVE_WITH_KNOTS('',3,(#9100,#9101,#9102,#9103,#9104,#9105,
#9106),.UNSPECIFIED.,.F.,.F.,(4,3,4),(0.,0.0411682808242477,0.904801176306779),
 .UNSPECIFIED.);
#181=B_SPLINE_CURVE_WITH_KNOTS('',3,(#9110,#9111,#9112,#9113,#9114,#9115,
#9116),.UNSPECIFIED.,.F.,.F.,(4,3,4),(0.,0.0353502795120721,1.00778862775654),
 .UNSPECIFIED.);
#182=B_SPLINE_CURVE_WITH_KNOTS('',3,(#9120,#9121,#9122,#9123),
 .UNSPECIFIED.,.F.,.F.,(4,4),(0.,0.577712309261894),.UNSPECIFIED.);
#183=B_SPLINE_CURVE_WITH_KNOTS('',3,(#9131,#9132,#9133,#9134,#9135,#9136),
 .UNSPECIFIED.,.F.,.F.,(4,2,4),(0.,0.19345149253622,0.386902985072441),
 .UNSPECIFIED.);
#184=B_SPLINE_CURVE_WITH_KNOTS('',3,(#9138,#9139,#9140,#9141,#9142,#9143),
 .UNSPECIFIED.,.F.,.F.,(4,2,4),(0.300576252346722,1.61236204591558,3.27102001511787),
 .UNSPECIFIED.);
#185=B_SPLINE_CURVE_WITH_KNOTS('',3,(#9547,#9548,#9549,#9550,#9551,#9552),
 .UNSPECIFIED.,.F.,.F.,(4,2,4),(-0.189242386520735,-0.094620898318592,0.),
 .UNSPECIFIED.);
#186=B_SPLINE_CURVE_WITH_KNOTS('',3,(#9554,#9555,#9556,#9557,#9558,#9559,
#9560,#9561,#9562,#9563,#9564,#9565),.UNSPECIFIED.,.F.,.F.,(4,2,2,2,2,4),
(-0.170250425136261,-0.143539973609645,-0.116851040198209,-0.0777150813068823,
-0.0388213766189581,0.),.UNSPECIFIED.);
#187=B_SPLINE_CURVE_WITH_KNOTS('',3,(#9568,#9569,#9570,#9571,#9572,#9573),
 .UNSPECIFIED.,.F.,.F.,(4,2,4),(-0.460000000000002,-0.230000000000001,0.),
 .UNSPECIFIED.);
#188=B_SPLINE_CURVE_WITH_KNOTS('',3,(#9578,#9579,#9580,#9581,#9582,#9583),
 .UNSPECIFIED.,.F.,.F.,(4,2,4),(-0.16,-0.0800000000000002,0.),
 .UNSPECIFIED.);
#189=B_SPLINE_CURVE_WITH_KNOTS('',3,(#9616,#9617,#9618,#9619,#9620,#9621),
 .UNSPECIFIED.,.F.,.F.,(4,2,4),(-0.460000000000001,-0.23,0.),
 .UNSPECIFIED.);
#190=B_SPLINE_CURVE_WITH_KNOTS('',3,(#9625,#9626,#9627,#9628,#9629,#9630,
#9631,#9632,#9633,#9634,#9635,#9636),.UNSPECIFIED.,.F.,.F.,(4,2,2,2,2,4),
(-0.17883738674344,-0.155027667049965,-0.131080708189867,-0.091763135871941,
-0.047730452826248,0.),.UNSPECIFIED.);
#191=B_SPLINE_CURVE_WITH_KNOTS('',3,(#9637,#9638,#9639,#9640,#9641,#9642),
 .UNSPECIFIED.,.F.,.F.,(4,2,4),(-0.189547401412091,-0.0947728923828736,
0.),.UNSPECIFIED.);
#192=B_SPLINE_CURVE_WITH_KNOTS('',3,(#9645,#9646,#9647,#9648,#9649,#9650),
 .UNSPECIFIED.,.F.,.F.,(4,2,4),(-0.195082214500651,-0.0975326895882028,
0.),.UNSPECIFIED.);
#193=B_SPLINE_CURVE_WITH_KNOTS('',3,(#9652,#9653,#9654,#9655,#9656,#9657,
#9658,#9659,#9660,#9661,#9662,#9663,#9664,#9665),.UNSPECIFIED.,.F.,.F.,
(4,2,2,2,2,2,4),(-0.249705944846137,-0.175949250957336,-0.104579488620629,
-0.0607760404445977,-0.0360448285096066,-0.0179206527287837,0.),
 .UNSPECIFIED.);
#194=B_SPLINE_CURVE_WITH_KNOTS('',3,(#9668,#9669,#9670,#9671,#9672,#9673),
 .UNSPECIFIED.,.F.,.F.,(4,2,4),(-0.460000000000001,-0.23,0.),
 .UNSPECIFIED.);
#195=B_SPLINE_CURVE_WITH_KNOTS('',3,(#9714,#9715,#9716,#9717,#9718,#9719,
#9720,#9721,#9722,#9723),.UNSPECIFIED.,.F.,.F.,(4,3,3,4),(-0.248566571396325,
-0.220679970656416,0.000112885483519447,0.00124174031871739),
 .UNSPECIFIED.);
#196=B_SPLINE_CURVE_WITH_KNOTS('',3,(#9724,#9725,#9726,#9727,#9728,#9729),
 .UNSPECIFIED.,.F.,.F.,(4,2,4),(-0.460000000000001,-0.275,0.),
 .UNSPECIFIED.);
#197=B_SPLINE_CURVE_WITH_KNOTS('',3,(#9732,#9733,#9734,#9735,#9736,#9737),
 .UNSPECIFIED.,.F.,.F.,(4,2,4),(-0.00512753871800382,0.000672957678558797,
1.50118299241388),.UNSPECIFIED.);
#198=B_SPLINE_CURVE_WITH_KNOTS('',3,(#9772,#9773,#9774,#9775,#9776,#9777),
 .UNSPECIFIED.,.F.,.F.,(4,2,4),(0.0900000000000004,0.275,0.550000000000001),
 .UNSPECIFIED.);
#199=B_SPLINE_CURVE_WITH_KNOTS('',3,(#9778,#9779,#9780,#9781,#9782,#9783,
#9784),.UNSPECIFIED.,.F.,.F.,(4,3,4),(-0.969699516650641,-0.875761654740945,
-0.751297542811562),.UNSPECIFIED.);
#200=B_SPLINE_CURVE_WITH_KNOTS('',3,(#9818,#9819,#9820,#9821),
 .UNSPECIFIED.,.F.,.F.,(4,4),(-0.685713112455333,-0.516636322852053),
 .UNSPECIFIED.);
#201=B_SPLINE_CURVE_WITH_KNOTS('',3,(#9823,#9824,#9825,#9826,#9827,#9828),
 .UNSPECIFIED.,.F.,.F.,(4,2,4),(-0.400000000000002,-0.200000000000001,-0.100000000000001),
 .UNSPECIFIED.);
#202=B_SPLINE_CURVE_WITH_KNOTS('',3,(#9829,#9830,#9831,#9832),
 .UNSPECIFIED.,.F.,.F.,(4,4),(0.0900000000000004,0.250000000000001),
 .UNSPECIFIED.);
#203=B_SPLINE_CURVE_WITH_KNOTS('',3,(#9836,#9837,#9838,#9839,#9840,#9841,
#9842,#9843),.UNSPECIFIED.,.F.,.F.,(4,1,1,1,1,4),(2.41612305295244,2.91082371204016,
3.07572393173607,3.24062415143198,3.40552437112788,3.5262418605562),
 .UNSPECIFIED.);
#204=B_SPLINE_CURVE_WITH_KNOTS('',3,(#9846,#9847,#9848,#9849),
 .UNSPECIFIED.,.F.,.F.,(4,4),(0.106234199237052,1.79989966005842),
 .UNSPECIFIED.);
#205=B_SPLINE_CURVE_WITH_KNOTS('',3,(#9884,#9885,#9886,#9887,#9888,#9889,
#9890,#9891,#9892,#9893),.UNSPECIFIED.,.F.,.F.,(4,2,1,1,1,1,4),(-3.57714358646404,
-3.57042459082379,-3.40552437112788,-3.24062415143198,-3.07572393173607,
-2.91082371204016,-2.46375995083265),.UNSPECIFIED.);
#206=B_SPLINE_CURVE_WITH_KNOTS('',3,(#9894,#9895,#9896,#9897,#9898,#9899,
#9900,#9901),.UNSPECIFIED.,.F.,.F.,(4,2,2,4),(0.26597366103324,0.342480014928965,
0.444851379578378,0.588012012513486),.UNSPECIFIED.);
#207=B_SPLINE_CURVE_WITH_KNOTS('',3,(#9952,#9953,#9954,#9955,#9956,#9957,
#9958,#9959,#9960,#9961,#9962,#9963),.UNSPECIFIED.,.F.,.F.,(4,2,2,2,2,4),
(0.,0.0484713997364013,0.0930708053841068,0.132320173193367,0.156076419759125,
0.179680225515615),.UNSPECIFIED.);
#208=B_SPLINE_CURVE_WITH_KNOTS('',3,(#9967,#9968,#9969,#9970,#9971,#9972,
#9973,#9974,#9975,#9976,#9977,#9978),.UNSPECIFIED.,.F.,.F.,(4,2,2,2,2,4),
(0.,0.0389819767521073,0.077988774092917,0.117077915111584,0.143491706591167,
0.169912796910145),.UNSPECIFIED.);
#209=B_SPLINE_CURVE_WITH_KNOTS('',3,(#9979,#9980,#9981,#9982,#9983,#9984,
#9985),.UNSPECIFIED.,.F.,.F.,(4,3,4),(0.,0.0820549224189523,0.189229874074327),
 .UNSPECIFIED.);
#210=B_SPLINE_CURVE_WITH_KNOTS('',3,(#10118,#10119,#10120,#10121,#10122,
#10123),.UNSPECIFIED.,.F.,.F.,(4,2,4),(-0.19084787366076,-0.0954091398830737,
0.),.UNSPECIFIED.);
#211=B_SPLINE_CURVE_WITH_KNOTS('',3,(#10125,#10126,#10127,#10128,#10129,
#10130,#10131,#10132,#10133,#10134,#10135,#10136),.UNSPECIFIED.,.F.,.F.,
(4,2,2,2,2,4),(-0.196440598651591,-0.141879193441124,-0.0923288265857967,
-0.0558203577768212,-0.0272760025959738,0.),.UNSPECIFIED.);
#212=B_SPLINE_CURVE_WITH_KNOTS('',3,(#10139,#10140,#10141,#10142,#10143,
#10144),.UNSPECIFIED.,.F.,.F.,(4,2,4),(-0.460000000000001,-0.23,0.),
 .UNSPECIFIED.);
#213=B_SPLINE_CURVE_WITH_KNOTS('',3,(#10160,#10161,#10162,#10163,#10164,
#10165,#10166),.UNSPECIFIED.,.F.,.F.,(4,3,4),(-0.162892000083805,0.,0.0127466072396823),
 .UNSPECIFIED.);
#214=B_SPLINE_CURVE_WITH_KNOTS('',3,(#10167,#10168,#10169,#10170,#10171,
#10172),.UNSPECIFIED.,.F.,.F.,(4,2,4),(-0.460000000000001,-0.275,0.),
 .UNSPECIFIED.);
#215=B_SPLINE_CURVE_WITH_KNOTS('',3,(#10189,#10190,#10191,#10192),
 .UNSPECIFIED.,.F.,.F.,(4,4),(-1.66533453693773E-16,0.16),.UNSPECIFIED.);
#216=B_SPLINE_CURVE_WITH_KNOTS('',3,(#10193,#10194,#10195,#10196),
 .UNSPECIFIED.,.F.,.F.,(4,4),(-0.16,1.66533453693773E-16),.UNSPECIFIED.);
#217=B_SPLINE_CURVE_WITH_KNOTS('',3,(#10310,#10311,#10312,#10313),
 .UNSPECIFIED.,.F.,.F.,(4,4),(-0.16,1.11022302462516E-16),.UNSPECIFIED.);
#218=B_SPLINE_CURVE_WITH_KNOTS('',3,(#10314,#10315,#10316,#10317),
 .UNSPECIFIED.,.F.,.F.,(4,4),(-1.11022302462516E-16,0.16),.UNSPECIFIED.);
#219=B_SPLINE_CURVE_WITH_KNOTS('',3,(#10419,#10420,#10421,#10422,#10423,
#10424,#10425,#10426,#10427,#10428,#10429,#10430),.UNSPECIFIED.,.F.,.F.,
(4,2,2,2,2,4),(-0.239520649954016,-0.213987923315452,-0.188032925915368,
-0.143262925463347,-0.0815057085138892,0.),.UNSPECIFIED.);
#220=B_SPLINE_CURVE_WITH_KNOTS('',3,(#10431,#10432,#10433,#10434,#10435,
#10436),.UNSPECIFIED.,.F.,.F.,(4,2,4),(-0.190847786546025,-0.0954085465567425,
0.),.UNSPECIFIED.);
#221=B_SPLINE_CURVE_WITH_KNOTS('',3,(#10437,#10438,#10439,#10440,#10441,
#10442),.UNSPECIFIED.,.F.,.F.,(4,2,4),(-0.460000000000001,-0.23,0.),
 .UNSPECIFIED.);
#222=B_SPLINE_CURVE_WITH_KNOTS('',3,(#10474,#10475,#10476,#10477,#10478,
#10479),.UNSPECIFIED.,.F.,.F.,(4,2,4),(-1.40929736774702,0.,0.0850367062814903),
 .UNSPECIFIED.);
#223=B_SPLINE_CURVE_WITH_KNOTS('',3,(#10481,#10482,#10483,#10484,#10485,
#10486,#10487,#10488,#10489,#10490,#10491,#10492),.UNSPECIFIED.,.F.,.F.,
(4,2,2,2,2,4),(0.,0.0846414213318775,0.147267787521634,0.192078212634377,
0.218011107954351,0.243510891602102),.UNSPECIFIED.);
#224=B_SPLINE_CURVE_WITH_KNOTS('',3,(#10493,#10494,#10495,#10496),
 .UNSPECIFIED.,.F.,.F.,(4,4),(0.0256807245405258,1.51628699302816),
 .UNSPECIFIED.);
#225=B_SPLINE_CURVE_WITH_KNOTS('',3,(#10500,#10501,#10502,#10503,#10504,
#10505),.UNSPECIFIED.,.F.,.F.,(4,2,4),(-0.55,-0.275,-0.0900000000000005),
 .UNSPECIFIED.);
#226=B_SPLINE_CURVE_WITH_KNOTS('',3,(#10507,#10508,#10509,#10510,#10511,
#10512),.UNSPECIFIED.,.F.,.F.,(4,2,4),(-0.460000000000001,-0.275,0.),
 .UNSPECIFIED.);
#227=B_SPLINE_CURVE_WITH_KNOTS('',3,(#10516,#10517,#10518,#10519,#10520,
#10521,#10522,#10523,#10524,#10525,#10526,#10527),.UNSPECIFIED.,.F.,.F.,
(4,2,2,2,2,4),(0.,0.0286187530344165,0.0585749385555796,0.0961086153179127,
0.147926318335184,0.201134765159751),.UNSPECIFIED.);
#228=B_SPLINE_CURVE_WITH_KNOTS('',3,(#10528,#10529,#10530,#10531),
 .UNSPECIFIED.,.F.,.F.,(4,4),(0.00130890480396383,0.115080844541664),
 .UNSPECIFIED.);
#229=B_SPLINE_CURVE_WITH_KNOTS('',3,(#10532,#10533,#10534,#10535),
 .UNSPECIFIED.,.F.,.F.,(4,4),(0.266583372384853,0.457547915270159),
 .UNSPECIFIED.);
#230=B_SPLINE_CURVE_WITH_KNOTS('',3,(#10537,#10538,#10539,#10540,#10541,
#10542,#10543),.UNSPECIFIED.,.F.,.F.,(4,3,4),(-0.0127466758792476,0.,0.162895526302198),
 .UNSPECIFIED.);
#231=B_SPLINE_CURVE_WITH_KNOTS('',3,(#10575,#10576,#10577,#10578),
 .UNSPECIFIED.,.F.,.F.,(4,4),(0.502130595822728,1.99271419948657),
 .UNSPECIFIED.);
#232=B_SPLINE_CURVE_WITH_KNOTS('',3,(#10580,#10581,#10582,#10583,#10584,
#10585,#10586,#10587,#10588,#10589,#10590,#10591),.UNSPECIFIED.,.F.,.F.,
(4,2,2,2,2,4),(0.,0.0268007608458754,0.0548369413138029,0.0909513887015624,
0.140516430922217,0.197620162574678),.UNSPECIFIED.);
#233=B_SPLINE_CURVE_WITH_KNOTS('',3,(#10592,#10593,#10594,#10595,#10596,
#10597),.UNSPECIFIED.,.F.,.F.,(4,2,4),(-2.10343127383357,-2.01839483678201,
-0.60912311066732),.UNSPECIFIED.);
#234=B_SPLINE_CURVE_WITH_KNOTS('',3,(#10599,#10600,#10601,#10602),
 .UNSPECIFIED.,.F.,.F.,(4,4),(0.,0.190964533516685),.UNSPECIFIED.);
#235=B_SPLINE_CURVE_WITH_KNOTS('',3,(#10604,#10605,#10606,#10607),
 .UNSPECIFIED.,.F.,.F.,(4,4),(0.27008123048968,0.69338121902631),
 .UNSPECIFIED.);
#236=B_SPLINE_CURVE_WITH_KNOTS('',3,(#10609,#10610,#10611,#10612,#10613,
#10614,#10615,#10616,#10617,#10618,#10619,#10620),.UNSPECIFIED.,.F.,.F.,
(4,2,2,2,2,4),(0.,0.0745933939625671,0.133766741297046,0.178399373746294,
0.204318522188645,0.229855797445792),.UNSPECIFIED.);
#237=B_SPLINE_CURVE_WITH_KNOTS('',3,(#10623,#10624,#10625,#10626,#10627,
#10628),.UNSPECIFIED.,.F.,.F.,(4,2,4),(0.0900000000000013,0.275000000000001,
0.550000000000002),.UNSPECIFIED.);
#238=B_SPLINE_CURVE_WITH_KNOTS('',3,(#10696,#10697,#10698,#10699,#10700,
#10701,#10702,#10703,#10704,#10705),.UNSPECIFIED.,.F.,.F.,(4,1,1,1,1,2,
4),(-1.1204618305433,-0.67340145500473,-0.508502521157926,-0.343603587311123,
-0.178704653464319,-0.0138057196175156,-0.00708668804683067),
 .UNSPECIFIED.);
#239=B_SPLINE_CURVE_WITH_KNOTS('',3,(#10782,#10783,#10784,#10785,#10786,
#10787,#10788,#10789,#10790,#10791,#10792,#10793),.UNSPECIFIED.,.F.,.F.,
(4,2,2,2,2,4),(0.,0.025511443216378,0.0521363353729415,0.087025701574249,
0.136354261464939,0.201837484810437),.UNSPECIFIED.);
#240=B_SPLINE_CURVE_WITH_KNOTS('',3,(#10794,#10795,#10796,#10797,#10798,
#10799),.UNSPECIFIED.,.F.,.F.,(4,1,1,4),(0.138656671393875,0.923042957843385,
1.22554734097226,2.04884208965146),.UNSPECIFIED.);
#241=B_SPLINE_CURVE_WITH_KNOTS('',3,(#10800,#10801,#10802,#10803,#10804,
#10805,#10806,#10807),.UNSPECIFIED.,.F.,.F.,(4,2,1,1,4),(-2.1457687065852,
-2.1330604903589,-1.22554734097226,-0.923042957843385,-0.0167796071877927),
 .UNSPECIFIED.);
#242=B_SPLINE_CURVE_WITH_KNOTS('',3,(#10811,#10812,#10813,#10814),
 .UNSPECIFIED.,.F.,.F.,(4,4),(0.0154300508650953,0.241339689986478),
 .UNSPECIFIED.);
#243=B_SPLINE_CURVE_WITH_KNOTS('',3,(#10816,#10817,#10818,#10819),
 .UNSPECIFIED.,.F.,.F.,(4,4),(0.00135703019307696,0.192676917485994),
 .UNSPECIFIED.);
#244=B_SPLINE_CURVE_WITH_KNOTS('',3,(#10822,#10823,#10824,#10825),
 .UNSPECIFIED.,.F.,.F.,(4,4),(0.0900000000000013,0.250000000000001),
 .UNSPECIFIED.);
#245=B_SPLINE_CURVE_WITH_KNOTS('',3,(#10826,#10827,#10828,#10829,#10830,
#10831),.UNSPECIFIED.,.F.,.F.,(4,2,4),(-0.400000000000003,-0.200000000000001,
-0.100000000000002),.UNSPECIFIED.);
#246=B_SPLINE_CURVE_WITH_KNOTS('',3,(#10873,#10874,#10875,#10876,#10877,
#10878),.UNSPECIFIED.,.F.,.F.,(4,1,1,4),(0.11033367234528,0.933594131066302,
1.23608801217027,2.02051617510631),.UNSPECIFIED.);
#247=B_SPLINE_CURVE_WITH_KNOTS('',3,(#10880,#10881,#10882,#10883,#10884,
#10885,#10886,#10887,#10888,#10889,#10890,#10891),.UNSPECIFIED.,.F.,.F.,
(4,2,2,2,2,4),(0.,0.089743122496653,0.156619092105243,0.20267304212242,
0.22997220984214,0.25670717920008),.UNSPECIFIED.);
#248=B_SPLINE_CURVE_WITH_KNOTS('',3,(#10892,#10893,#10894,#10895,#10896,
#10897,#10898,#10899),.UNSPECIFIED.,.F.,.F.,(4,1,1,2,4),(-2.1423932614466,
-1.23608801217027,-0.933594131066302,-0.0261124877544122,-0.0134038450476863),
 .UNSPECIFIED.);
#249=B_SPLINE_CURVE_WITH_KNOTS('',3,(#10928,#10929,#10930,#10931),
 .UNSPECIFIED.,.F.,.F.,(4,4),(0.268377810156547,0.459697675599153),
 .UNSPECIFIED.);
#250=B_SPLINE_CURVE_WITH_KNOTS('',3,(#10936,#10937,#10938,#10939,#10940,
#10941),.UNSPECIFIED.,.F.,.F.,(4,2,4),(-0.3,-0.200000000000001,0.),
 .UNSPECIFIED.);
#251=B_SPLINE_CURVE_WITH_KNOTS('',3,(#10942,#10943,#10944,#10945),
 .UNSPECIFIED.,.F.,.F.,(4,4),(0.300000000000001,0.460000000000001),
 .UNSPECIFIED.);
#252=B_SPLINE_CURVE_WITH_KNOTS('',3,(#10972,#10973,#10974,#10975),
 .UNSPECIFIED.,.F.,.F.,(4,4),(-1.59544503016472,-0.0129169107917227),
 .UNSPECIFIED.);
#253=B_SPLINE_CURVE_WITH_KNOTS('',3,(#10976,#10977,#10978,#10979,#10980,
#10981,#10982,#10983,#10984,#10985,#10986,#10987),.UNSPECIFIED.,.F.,.F.,
(4,2,2,2,2,4),(0.,0.0290656621522911,0.0594826280254087,0.0972893453369202,
0.148843358793745,0.198936575252032),.UNSPECIFIED.);
#254=B_SPLINE_CURVE_WITH_KNOTS('',3,(#10989,#10990,#10991,#10992),
 .UNSPECIFIED.,.F.,.F.,(4,4),(0.00130501639369844,0.191765701868826),
 .UNSPECIFIED.);
#255=B_SPLINE_CURVE_WITH_KNOTS('',3,(#11024,#11025,#11026,#11027),
 .UNSPECIFIED.,.F.,.F.,(4,4),(-1.51269174602851,-0.00156059033401443),
 .UNSPECIFIED.);
#256=B_SPLINE_CURVE_WITH_KNOTS('',3,(#11057,#11058,#11059,#11060,#11061,
#11062,#11063,#11064,#11065,#11066),.UNSPECIFIED.,.F.,.F.,(4,3,3,4),(-0.0012417426460572,
-0.000112885695096537,0.177053807393518,0.248566556256484),
 .UNSPECIFIED.);
#257=B_SPLINE_CURVE_WITH_KNOTS('',3,(#11071,#11072,#11073,#11074,#11075,
#11076),.UNSPECIFIED.,.F.,.F.,(4,2,4),(-0.3,-0.200000000000001,0.),
 .UNSPECIFIED.);
#258=B_SPLINE_CURVE_WITH_KNOTS('',3,(#11077,#11078,#11079,#11080),
 .UNSPECIFIED.,.F.,.F.,(4,4),(0.300000000000001,0.460000000000001),
 .UNSPECIFIED.);
#259=B_SPLINE_CURVE_WITH_KNOTS('',3,(#11082,#11083,#11084,#11085,#11086,
#11087),.UNSPECIFIED.,.F.,.F.,(4,2,4),(-0.300000000000001,-0.15,0.),
 .UNSPECIFIED.);
#260=B_SPLINE_CURVE_WITH_KNOTS('',3,(#11142,#11143,#11144,#11145,#11146,
#11147,#11148),.UNSPECIFIED.,.F.,.F.,(4,3,4),(0.412408690555123,0.499812840581226,
0.731710788342843),.UNSPECIFIED.);
#261=B_SPLINE_CURVE_WITH_KNOTS('',3,(#11149,#11150,#11151,#11152),
 .UNSPECIFIED.,.F.,.F.,(4,4),(-0.460000000000001,0.),.UNSPECIFIED.);
#262=B_SPLINE_CURVE_WITH_KNOTS('',3,(#11167,#11168,#11169,#11170,#11171,
#11172),.UNSPECIFIED.,.F.,.F.,(4,2,4),(-0.3,-0.15,0.),.UNSPECIFIED.);
#263=B_SPLINE_CURVE_WITH_KNOTS('',3,(#11174,#11175,#11176,#11177),
 .UNSPECIFIED.,.F.,.F.,(4,4),(0.0900000000000001,0.25),.UNSPECIFIED.);
#264=B_SPLINE_CURVE_WITH_KNOTS('',3,(#11178,#11179,#11180,#11181,#11182,
#11183),.UNSPECIFIED.,.F.,.F.,(4,2,4),(-0.400000000000001,-0.200000000000001,
-0.1),.UNSPECIFIED.);
#265=B_SPLINE_CURVE_WITH_KNOTS('',3,(#11216,#11217,#11218,#11219),
 .UNSPECIFIED.,.F.,.F.,(4,4),(-0.241339685412204,-0.0154305567777768),
 .UNSPECIFIED.);
#266=B_SPLINE_CURVE_WITH_KNOTS('',3,(#11242,#11243,#11244,#11245,#11246,
#11247,#11248),.UNSPECIFIED.,.F.,.F.,(4,3,4),(-0.999738566838325,-0.628086286640916,
-0.412654005162464),.UNSPECIFIED.);
#267=B_SPLINE_CURVE_WITH_KNOTS('',3,(#11249,#11250,#11251,#11252,#11253,
#11254),.UNSPECIFIED.,.F.,.F.,(4,2,4),(0.,0.15,0.3),.UNSPECIFIED.);
#268=B_SPLINE_CURVE_WITH_KNOTS('',3,(#11282,#11283,#11284,#11285),
 .UNSPECIFIED.,.F.,.F.,(4,4),(0.,0.460000000000001),.UNSPECIFIED.);
#269=B_SPLINE_CURVE_WITH_KNOTS('',3,(#11286,#11287,#11288,#11289,#11290,
#11291,#11292),.UNSPECIFIED.,.F.,.F.,(4,3,4),(-0.731710792532051,-0.678272577210173,
-0.41240869685919),.UNSPECIFIED.);
#270=B_SPLINE_CURVE_WITH_KNOTS('',3,(#11295,#11296,#11297,#11298),
 .UNSPECIFIED.,.F.,.F.,(4,4),(0.412653999869267,0.999738566857548),
 .UNSPECIFIED.);
#271=B_SPLINE_CURVE_WITH_KNOTS('',3,(#11302,#11303,#11304,#11305,#11306,
#11307,#11308,#11309,#11310,#11311,#11312,#11313,#11314),.UNSPECIFIED.,
 .F.,.F.,(4,3,3,3,4),(0.,0.652336827719063,1.30467365543813,1.95701048315719,
2.28317889701672),.UNSPECIFIED.);
#272=B_SPLINE_CURVE_WITH_KNOTS('',3,(#11379,#11380,#11381,#11382,#11383,
#11384),.UNSPECIFIED.,.F.,.F.,(4,2,4),(-0.300000000000001,-0.15,0.),
 .UNSPECIFIED.);
#273=PLANE('',#6027);
#274=PLANE('',#6031);
#275=PLANE('',#6032);
#276=PLANE('',#6055);
#277=PLANE('',#6056);
#278=PLANE('',#6057);
#279=PLANE('',#6058);
#280=PLANE('',#6059);
#281=PLANE('',#6060);
#282=PLANE('',#6061);
#283=PLANE('',#6062);
#284=PLANE('',#6063);
#285=PLANE('',#6064);
#286=PLANE('',#6065);
#287=PLANE('',#6066);
#288=PLANE('',#6067);
#289=PLANE('',#6068);
#290=PLANE('',#6069);
#291=PLANE('',#6070);
#292=PLANE('',#6071);
#293=PLANE('',#6072);
#294=PLANE('',#6073);
#295=PLANE('',#6074);
#296=PLANE('',#6075);
#297=PLANE('',#6076);
#298=PLANE('',#6077);
#299=PLANE('',#6078);
#300=PLANE('',#6079);
#301=PLANE('',#6080);
#302=PLANE('',#6081);
#303=PLANE('',#6082);
#304=PLANE('',#6083);
#305=PLANE('',#6084);
#306=PLANE('',#6085);
#307=PLANE('',#6086);
#308=PLANE('',#6087);
#309=PLANE('',#6088);
#310=PLANE('',#6089);
#311=PLANE('',#6090);
#312=PLANE('',#6091);
#313=PLANE('',#6125);
#314=PLANE('',#6126);
#315=PLANE('',#6127);
#316=PLANE('',#6128);
#317=PLANE('',#6129);
#318=PLANE('',#6130);
#319=PLANE('',#6131);
#320=PLANE('',#6132);
#321=PLANE('',#6133);
#322=PLANE('',#6134);
#323=PLANE('',#6135);
#324=PLANE('',#6136);
#325=PLANE('',#6137);
#326=PLANE('',#6138);
#327=PLANE('',#6139);
#328=PLANE('',#6140);
#329=PLANE('',#6141);
#330=PLANE('',#6142);
#331=PLANE('',#6143);
#332=PLANE('',#6144);
#333=PLANE('',#6145);
#334=PLANE('',#6146);
#335=PLANE('',#6147);
#336=PLANE('',#6148);
#337=PLANE('',#6149);
#338=PLANE('',#6150);
#339=PLANE('',#6151);
#340=PLANE('',#6152);
#341=PLANE('',#6153);
#342=PLANE('',#6154);
#343=PLANE('',#6155);
#344=PLANE('',#6156);
#345=PLANE('',#6157);
#346=PLANE('',#6158);
#347=PLANE('',#6159);
#348=PLANE('',#6160);
#349=PLANE('',#6161);
#350=PLANE('',#6162);
#351=PLANE('',#6163);
#352=PLANE('',#6164);
#353=PLANE('',#6165);
#354=PLANE('',#6166);
#355=PLANE('',#6167);
#356=PLANE('',#6168);
#357=PLANE('',#6169);
#358=PLANE('',#6170);
#359=PLANE('',#6171);
#360=PLANE('',#6172);
#361=PLANE('',#6173);
#362=PLANE('',#6174);
#363=PLANE('',#6175);
#364=PLANE('',#6176);
#365=PLANE('',#6177);
#366=PLANE('',#6178);
#367=PLANE('',#6179);
#368=PLANE('',#6180);
#369=PLANE('',#6181);
#370=PLANE('',#6182);
#371=PLANE('',#6183);
#372=PLANE('',#6184);
#373=PLANE('',#6185);
#374=PLANE('',#6186);
#375=PLANE('',#6187);
#376=PLANE('',#6188);
#377=PLANE('',#6189);
#378=PLANE('',#6190);
#379=PLANE('',#6191);
#380=PLANE('',#6192);
#381=PLANE('',#6193);
#382=PLANE('',#6194);
#383=PLANE('',#6195);
#384=PLANE('',#6196);
#385=PLANE('',#6197);
#386=PLANE('',#6198);
#387=PLANE('',#6199);
#388=PLANE('',#6200);
#389=PLANE('',#6201);
#390=PLANE('',#6202);
#391=PLANE('',#6203);
#392=PLANE('',#6204);
#393=PLANE('',#6205);
#394=PLANE('',#6206);
#395=PLANE('',#6207);
#396=PLANE('',#6208);
#397=PLANE('',#6209);
#398=PLANE('',#6210);
#399=PLANE('',#6211);
#400=PLANE('',#6212);
#401=PLANE('',#6224);
#402=PLANE('',#6225);
#403=PLANE('',#6226);
#404=PLANE('',#6227);
#405=PLANE('',#6228);
#406=PLANE('',#6229);
#407=PLANE('',#6230);
#408=PLANE('',#6231);
#409=PLANE('',#6232);
#410=PLANE('',#6233);
#411=PLANE('',#6234);
#412=PLANE('',#6235);
#413=PLANE('',#6236);
#414=PLANE('',#6237);
#415=PLANE('',#6238);
#416=PLANE('',#6239);
#417=PLANE('',#6240);
#418=PLANE('',#6241);
#419=PLANE('',#6242);
#420=PLANE('',#6243);
#421=PLANE('',#6244);
#422=PLANE('',#6245);
#423=PLANE('',#6246);
#424=PLANE('',#6247);
#425=PLANE('',#6248);
#426=PLANE('',#6249);
#427=PLANE('',#6250);
#428=PLANE('',#6251);
#429=PLANE('',#6252);
#430=PLANE('',#6253);
#431=PLANE('',#6254);
#432=PLANE('',#6255);
#433=PLANE('',#6256);
#434=PLANE('',#6257);
#435=PLANE('',#6258);
#436=PLANE('',#6259);
#437=PLANE('',#6260);
#438=PLANE('',#6261);
#439=PLANE('',#6262);
#440=PLANE('',#6263);
#441=PLANE('',#6264);
#442=PLANE('',#6265);
#443=PLANE('',#6266);
#444=PLANE('',#6267);
#445=PLANE('',#6268);
#446=PLANE('',#6269);
#447=PLANE('',#6270);
#448=PLANE('',#6271);
#449=PLANE('',#6272);
#450=PLANE('',#6273);
#451=PLANE('',#6274);
#452=PLANE('',#6275);
#453=PLANE('',#6276);
#454=PLANE('',#6277);
#455=PLANE('',#6278);
#456=PLANE('',#6279);
#457=PLANE('',#6280);
#458=PLANE('',#6281);
#459=PLANE('',#6282);
#460=PLANE('',#6283);
#461=PLANE('',#6284);
#462=PLANE('',#6285);
#463=PLANE('',#6286);
#464=PLANE('',#6287);
#465=PLANE('',#6288);
#466=PLANE('',#6289);
#467=PLANE('',#6290);
#468=PLANE('',#6291);
#469=PLANE('',#6292);
#470=PLANE('',#6293);
#471=PLANE('',#6294);
#472=PLANE('',#6295);
#473=PLANE('',#6296);
#474=PLANE('',#6297);
#475=PLANE('',#6298);
#476=PLANE('',#6299);
#477=PLANE('',#6300);
#478=PLANE('',#6301);
#479=PLANE('',#6302);
#480=PLANE('',#6303);
#481=PLANE('',#6304);
#482=PLANE('',#6305);
#483=PLANE('',#6306);
#484=PLANE('',#6307);
#485=PLANE('',#6308);
#486=PLANE('',#6309);
#487=PLANE('',#6310);
#488=PLANE('',#6311);
#489=PLANE('',#6312);
#490=PLANE('',#6313);
#491=FACE_OUTER_BOUND('',#786,.T.);
#492=FACE_OUTER_BOUND('',#787,.T.);
#493=FACE_OUTER_BOUND('',#788,.T.);
#494=FACE_OUTER_BOUND('',#789,.T.);
#495=FACE_OUTER_BOUND('',#790,.T.);
#496=FACE_OUTER_BOUND('',#803,.T.);
#497=FACE_OUTER_BOUND('',#804,.T.);
#498=FACE_OUTER_BOUND('',#805,.T.);
#499=FACE_OUTER_BOUND('',#806,.T.);
#500=FACE_OUTER_BOUND('',#807,.T.);
#501=FACE_OUTER_BOUND('',#808,.T.);
#502=FACE_OUTER_BOUND('',#809,.T.);
#503=FACE_OUTER_BOUND('',#810,.T.);
#504=FACE_OUTER_BOUND('',#811,.T.);
#505=FACE_OUTER_BOUND('',#812,.T.);
#506=FACE_OUTER_BOUND('',#813,.T.);
#507=FACE_OUTER_BOUND('',#814,.T.);
#508=FACE_OUTER_BOUND('',#815,.T.);
#509=FACE_OUTER_BOUND('',#816,.T.);
#510=FACE_OUTER_BOUND('',#817,.T.);
#511=FACE_OUTER_BOUND('',#818,.T.);
#512=FACE_OUTER_BOUND('',#819,.T.);
#513=FACE_OUTER_BOUND('',#820,.T.);
#514=FACE_OUTER_BOUND('',#821,.T.);
#515=FACE_OUTER_BOUND('',#822,.T.);
#516=FACE_OUTER_BOUND('',#823,.T.);
#517=FACE_OUTER_BOUND('',#824,.T.);
#518=FACE_OUTER_BOUND('',#825,.T.);
#519=FACE_OUTER_BOUND('',#826,.T.);
#520=FACE_OUTER_BOUND('',#827,.T.);
#521=FACE_OUTER_BOUND('',#828,.T.);
#522=FACE_OUTER_BOUND('',#829,.T.);
#523=FACE_OUTER_BOUND('',#830,.T.);
#524=FACE_OUTER_BOUND('',#831,.T.);
#525=FACE_OUTER_BOUND('',#832,.T.);
#526=FACE_OUTER_BOUND('',#833,.T.);
#527=FACE_OUTER_BOUND('',#834,.T.);
#528=FACE_OUTER_BOUND('',#835,.T.);
#529=FACE_OUTER_BOUND('',#836,.T.);
#530=FACE_OUTER_BOUND('',#837,.T.);
#531=FACE_OUTER_BOUND('',#838,.T.);
#532=FACE_OUTER_BOUND('',#839,.T.);
#533=FACE_OUTER_BOUND('',#840,.T.);
#534=FACE_OUTER_BOUND('',#841,.T.);
#535=FACE_OUTER_BOUND('',#842,.T.);
#536=FACE_OUTER_BOUND('',#843,.T.);
#537=FACE_OUTER_BOUND('',#844,.T.);
#538=FACE_OUTER_BOUND('',#845,.T.);
#539=FACE_OUTER_BOUND('',#846,.T.);
#540=FACE_OUTER_BOUND('',#859,.T.);
#541=FACE_OUTER_BOUND('',#860,.T.);
#542=FACE_OUTER_BOUND('',#861,.T.);
#543=FACE_OUTER_BOUND('',#862,.T.);
#544=FACE_OUTER_BOUND('',#863,.T.);
#545=FACE_OUTER_BOUND('',#864,.T.);
#546=FACE_OUTER_BOUND('',#865,.T.);
#547=FACE_OUTER_BOUND('',#866,.T.);
#548=FACE_OUTER_BOUND('',#867,.T.);
#549=FACE_OUTER_BOUND('',#868,.T.);
#550=FACE_OUTER_BOUND('',#869,.T.);
#551=FACE_OUTER_BOUND('',#870,.T.);
#552=FACE_OUTER_BOUND('',#871,.T.);
#553=FACE_OUTER_BOUND('',#872,.T.);
#554=FACE_OUTER_BOUND('',#873,.T.);
#555=FACE_OUTER_BOUND('',#874,.T.);
#556=FACE_OUTER_BOUND('',#875,.T.);
#557=FACE_OUTER_BOUND('',#876,.T.);
#558=FACE_OUTER_BOUND('',#877,.T.);
#559=FACE_OUTER_BOUND('',#878,.T.);
#560=FACE_OUTER_BOUND('',#879,.T.);
#561=FACE_OUTER_BOUND('',#880,.T.);
#562=FACE_OUTER_BOUND('',#881,.T.);
#563=FACE_OUTER_BOUND('',#882,.T.);
#564=FACE_OUTER_BOUND('',#883,.T.);
#565=FACE_OUTER_BOUND('',#884,.T.);
#566=FACE_OUTER_BOUND('',#885,.T.);
#567=FACE_OUTER_BOUND('',#886,.T.);
#568=FACE_OUTER_BOUND('',#887,.T.);
#569=FACE_OUTER_BOUND('',#888,.T.);
#570=FACE_OUTER_BOUND('',#889,.T.);
#571=FACE_OUTER_BOUND('',#890,.T.);
#572=FACE_OUTER_BOUND('',#891,.T.);
#573=FACE_OUTER_BOUND('',#892,.T.);
#574=FACE_OUTER_BOUND('',#893,.T.);
#575=FACE_OUTER_BOUND('',#894,.T.);
#576=FACE_OUTER_BOUND('',#895,.T.);
#577=FACE_OUTER_BOUND('',#896,.T.);
#578=FACE_OUTER_BOUND('',#897,.T.);
#579=FACE_OUTER_BOUND('',#898,.T.);
#580=FACE_OUTER_BOUND('',#899,.T.);
#581=FACE_OUTER_BOUND('',#900,.T.);
#582=FACE_OUTER_BOUND('',#901,.T.);
#583=FACE_OUTER_BOUND('',#902,.T.);
#584=FACE_OUTER_BOUND('',#903,.T.);
#585=FACE_OUTER_BOUND('',#904,.T.);
#586=FACE_OUTER_BOUND('',#905,.T.);
#587=FACE_OUTER_BOUND('',#906,.T.);
#588=FACE_OUTER_BOUND('',#907,.T.);
#589=FACE_OUTER_BOUND('',#908,.T.);
#590=FACE_OUTER_BOUND('',#909,.T.);
#591=FACE_OUTER_BOUND('',#910,.T.);
#592=FACE_OUTER_BOUND('',#911,.T.);
#593=FACE_OUTER_BOUND('',#912,.T.);
#594=FACE_OUTER_BOUND('',#913,.T.);
#595=FACE_OUTER_BOUND('',#914,.T.);
#596=FACE_OUTER_BOUND('',#915,.T.);
#597=FACE_OUTER_BOUND('',#916,.T.);
#598=FACE_OUTER_BOUND('',#917,.T.);
#599=FACE_OUTER_BOUND('',#918,.T.);
#600=FACE_OUTER_BOUND('',#919,.T.);
#601=FACE_OUTER_BOUND('',#920,.T.);
#602=FACE_OUTER_BOUND('',#921,.T.);
#603=FACE_OUTER_BOUND('',#922,.T.);
#604=FACE_OUTER_BOUND('',#923,.T.);
#605=FACE_OUTER_BOUND('',#924,.T.);
#606=FACE_OUTER_BOUND('',#925,.T.);
#607=FACE_OUTER_BOUND('',#926,.T.);
#608=FACE_OUTER_BOUND('',#927,.T.);
#609=FACE_OUTER_BOUND('',#928,.T.);
#610=FACE_OUTER_BOUND('',#929,.T.);
#611=FACE_OUTER_BOUND('',#930,.T.);
#612=FACE_OUTER_BOUND('',#931,.T.);
#613=FACE_OUTER_BOUND('',#932,.T.);
#614=FACE_OUTER_BOUND('',#933,.T.);
#615=FACE_OUTER_BOUND('',#934,.T.);
#616=FACE_OUTER_BOUND('',#935,.T.);
#617=FACE_OUTER_BOUND('',#936,.T.);
#618=FACE_OUTER_BOUND('',#937,.T.);
#619=FACE_OUTER_BOUND('',#938,.T.);
#620=FACE_OUTER_BOUND('',#939,.T.);
#621=FACE_OUTER_BOUND('',#940,.T.);
#622=FACE_OUTER_BOUND('',#941,.T.);
#623=FACE_OUTER_BOUND('',#942,.T.);
#624=FACE_OUTER_BOUND('',#943,.T.);
#625=FACE_OUTER_BOUND('',#944,.T.);
#626=FACE_OUTER_BOUND('',#945,.T.);
#627=FACE_OUTER_BOUND('',#946,.T.);
#628=FACE_OUTER_BOUND('',#947,.T.);
#629=FACE_OUTER_BOUND('',#948,.T.);
#630=FACE_OUTER_BOUND('',#949,.T.);
#631=FACE_OUTER_BOUND('',#950,.T.);
#632=FACE_OUTER_BOUND('',#951,.T.);
#633=FACE_OUTER_BOUND('',#952,.T.);
#634=FACE_OUTER_BOUND('',#953,.T.);
#635=FACE_OUTER_BOUND('',#954,.T.);
#636=FACE_OUTER_BOUND('',#955,.T.);
#637=FACE_OUTER_BOUND('',#956,.T.);
#638=FACE_OUTER_BOUND('',#957,.T.);
#639=FACE_OUTER_BOUND('',#958,.T.);
#640=FACE_OUTER_BOUND('',#959,.T.);
#641=FACE_OUTER_BOUND('',#960,.T.);
#642=FACE_OUTER_BOUND('',#961,.T.);
#643=FACE_OUTER_BOUND('',#962,.T.);
#644=FACE_OUTER_BOUND('',#963,.T.);
#645=FACE_OUTER_BOUND('',#964,.T.);
#646=FACE_OUTER_BOUND('',#965,.T.);
#647=FACE_OUTER_BOUND('',#966,.T.);
#648=FACE_OUTER_BOUND('',#967,.T.);
#649=FACE_OUTER_BOUND('',#968,.T.);
#650=FACE_OUTER_BOUND('',#969,.T.);
#651=FACE_OUTER_BOUND('',#970,.T.);
#652=FACE_OUTER_BOUND('',#971,.T.);
#653=FACE_OUTER_BOUND('',#972,.T.);
#654=FACE_OUTER_BOUND('',#973,.T.);
#655=FACE_OUTER_BOUND('',#974,.T.);
#656=FACE_OUTER_BOUND('',#975,.T.);
#657=FACE_OUTER_BOUND('',#976,.T.);
#658=FACE_OUTER_BOUND('',#977,.T.);
#659=FACE_OUTER_BOUND('',#978,.T.);
#660=FACE_OUTER_BOUND('',#979,.T.);
#661=FACE_OUTER_BOUND('',#980,.T.);
#662=FACE_OUTER_BOUND('',#981,.T.);
#663=FACE_OUTER_BOUND('',#982,.T.);
#664=FACE_OUTER_BOUND('',#983,.T.);
#665=FACE_OUTER_BOUND('',#984,.T.);
#666=FACE_OUTER_BOUND('',#985,.T.);
#667=FACE_OUTER_BOUND('',#986,.T.);
#668=FACE_OUTER_BOUND('',#987,.T.);
#669=FACE_OUTER_BOUND('',#988,.T.);
#670=FACE_OUTER_BOUND('',#989,.T.);
#671=FACE_OUTER_BOUND('',#990,.T.);
#672=FACE_OUTER_BOUND('',#991,.T.);
#673=FACE_OUTER_BOUND('',#992,.T.);
#674=FACE_OUTER_BOUND('',#993,.T.);
#675=FACE_OUTER_BOUND('',#994,.T.);
#676=FACE_OUTER_BOUND('',#995,.T.);
#677=FACE_OUTER_BOUND('',#996,.T.);
#678=FACE_OUTER_BOUND('',#997,.T.);
#679=FACE_OUTER_BOUND('',#998,.T.);
#680=FACE_OUTER_BOUND('',#999,.T.);
#681=FACE_OUTER_BOUND('',#1000,.T.);
#682=FACE_OUTER_BOUND('',#1001,.T.);
#683=FACE_OUTER_BOUND('',#1002,.T.);
#684=FACE_OUTER_BOUND('',#1003,.T.);
#685=FACE_OUTER_BOUND('',#1004,.T.);
#686=FACE_OUTER_BOUND('',#1005,.T.);
#687=FACE_OUTER_BOUND('',#1006,.T.);
#688=FACE_OUTER_BOUND('',#1007,.T.);
#689=FACE_OUTER_BOUND('',#1008,.T.);
#690=FACE_OUTER_BOUND('',#1009,.T.);
#691=FACE_OUTER_BOUND('',#1010,.T.);
#692=FACE_OUTER_BOUND('',#1011,.T.);
#693=FACE_OUTER_BOUND('',#1012,.T.);
#694=FACE_OUTER_BOUND('',#1013,.T.);
#695=FACE_OUTER_BOUND('',#1014,.T.);
#696=FACE_OUTER_BOUND('',#1015,.T.);
#697=FACE_OUTER_BOUND('',#1016,.T.);
#698=FACE_OUTER_BOUND('',#1017,.T.);
#699=FACE_OUTER_BOUND('',#1018,.T.);
#700=FACE_OUTER_BOUND('',#1019,.T.);
#701=FACE_OUTER_BOUND('',#1020,.T.);
#702=FACE_OUTER_BOUND('',#1021,.T.);
#703=FACE_OUTER_BOUND('',#1022,.T.);
#704=FACE_OUTER_BOUND('',#1023,.T.);
#705=FACE_OUTER_BOUND('',#1024,.T.);
#706=FACE_OUTER_BOUND('',#1025,.T.);
#707=FACE_OUTER_BOUND('',#1026,.T.);
#708=FACE_OUTER_BOUND('',#1027,.T.);
#709=FACE_OUTER_BOUND('',#1028,.T.);
#710=FACE_OUTER_BOUND('',#1029,.T.);
#711=FACE_OUTER_BOUND('',#1030,.T.);
#712=FACE_OUTER_BOUND('',#1031,.T.);
#713=FACE_OUTER_BOUND('',#1032,.T.);
#714=FACE_OUTER_BOUND('',#1033,.T.);
#715=FACE_OUTER_BOUND('',#1034,.T.);
#716=FACE_OUTER_BOUND('',#1035,.T.);
#717=FACE_OUTER_BOUND('',#1036,.T.);
#718=FACE_OUTER_BOUND('',#1037,.T.);
#719=FACE_OUTER_BOUND('',#1038,.T.);
#720=FACE_OUTER_BOUND('',#1039,.T.);
#721=FACE_OUTER_BOUND('',#1040,.T.);
#722=FACE_OUTER_BOUND('',#1041,.T.);
#723=FACE_OUTER_BOUND('',#1042,.T.);
#724=FACE_OUTER_BOUND('',#1043,.T.);
#725=FACE_OUTER_BOUND('',#1044,.T.);
#726=FACE_OUTER_BOUND('',#1045,.T.);
#727=FACE_OUTER_BOUND('',#1046,.T.);
#728=FACE_OUTER_BOUND('',#1047,.T.);
#729=FACE_OUTER_BOUND('',#1048,.T.);
#730=FACE_OUTER_BOUND('',#1049,.T.);
#731=FACE_OUTER_BOUND('',#1050,.T.);
#732=FACE_OUTER_BOUND('',#1051,.T.);
#733=FACE_OUTER_BOUND('',#1052,.T.);
#734=FACE_OUTER_BOUND('',#1053,.T.);
#735=FACE_OUTER_BOUND('',#1054,.T.);
#736=FACE_OUTER_BOUND('',#1055,.T.);
#737=FACE_OUTER_BOUND('',#1056,.T.);
#738=FACE_OUTER_BOUND('',#1057,.T.);
#739=FACE_OUTER_BOUND('',#1058,.T.);
#740=FACE_OUTER_BOUND('',#1059,.T.);
#741=FACE_OUTER_BOUND('',#1060,.T.);
#742=FACE_OUTER_BOUND('',#1061,.T.);
#743=FACE_OUTER_BOUND('',#1062,.T.);
#744=FACE_OUTER_BOUND('',#1063,.T.);
#745=FACE_OUTER_BOUND('',#1064,.T.);
#746=FACE_OUTER_BOUND('',#1065,.T.);
#747=FACE_OUTER_BOUND('',#1066,.T.);
#748=FACE_OUTER_BOUND('',#1067,.T.);
#749=FACE_OUTER_BOUND('',#1068,.T.);
#750=FACE_OUTER_BOUND('',#1069,.T.);
#751=FACE_OUTER_BOUND('',#1070,.T.);
#752=FACE_OUTER_BOUND('',#1071,.T.);
#753=FACE_OUTER_BOUND('',#1072,.T.);
#754=FACE_OUTER_BOUND('',#1073,.T.);
#755=FACE_OUTER_BOUND('',#1074,.T.);
#756=FACE_OUTER_BOUND('',#1075,.T.);
#757=FACE_OUTER_BOUND('',#1076,.T.);
#758=FACE_OUTER_BOUND('',#1077,.T.);
#759=FACE_OUTER_BOUND('',#1078,.T.);
#760=FACE_OUTER_BOUND('',#1079,.T.);
#761=FACE_OUTER_BOUND('',#1080,.T.);
#762=FACE_OUTER_BOUND('',#1081,.T.);
#763=FACE_OUTER_BOUND('',#1082,.T.);
#764=FACE_OUTER_BOUND('',#1083,.T.);
#765=FACE_OUTER_BOUND('',#1084,.T.);
#766=FACE_OUTER_BOUND('',#1085,.T.);
#767=FACE_OUTER_BOUND('',#1086,.T.);
#768=FACE_OUTER_BOUND('',#1087,.T.);
#769=FACE_OUTER_BOUND('',#1088,.T.);
#770=FACE_OUTER_BOUND('',#1089,.T.);
#771=FACE_OUTER_BOUND('',#1090,.T.);
#772=FACE_OUTER_BOUND('',#1091,.T.);
#773=FACE_OUTER_BOUND('',#1092,.T.);
#774=FACE_OUTER_BOUND('',#1093,.T.);
#775=FACE_OUTER_BOUND('',#1094,.T.);
#776=FACE_OUTER_BOUND('',#1096,.T.);
#777=FACE_OUTER_BOUND('',#1097,.T.);
#778=FACE_OUTER_BOUND('',#1098,.T.);
#779=FACE_OUTER_BOUND('',#1099,.T.);
#780=FACE_OUTER_BOUND('',#1100,.T.);
#781=FACE_OUTER_BOUND('',#1101,.T.);
#782=FACE_OUTER_BOUND('',#1102,.T.);
#783=FACE_OUTER_BOUND('',#1103,.T.);
#784=FACE_OUTER_BOUND('',#1104,.T.);
#785=FACE_OUTER_BOUND('',#1105,.T.);
#786=EDGE_LOOP('',(#3930,#3931,#3932,#3933));
#787=EDGE_LOOP('',(#3934));
#788=EDGE_LOOP('',(#3935,#3936,#3937,#3938));
#789=EDGE_LOOP('',(#3939,#3940,#3941,#3942));
#790=EDGE_LOOP('',(#3943,#3944,#3945,#3946,#3947,#3948,#3949,#3950,#3951,
#3952,#3953,#3954,#3955,#3956,#3957,#3958,#3959,#3960,#3961,#3962,#3963,
#3964,#3965,#3966,#3967,#3968,#3969,#3970,#3971,#3972,#3973,#3974,#3975,
#3976,#3977,#3978,#3979,#3980,#3981,#3982,#3983,#3984,#3985,#3986,#3987,
#3988,#3989,#3990,#3991,#3992,#3993,#3994,#3995,#3996,#3997,#3998,#3999,
#4000,#4001,#4002,#4003,#4004,#4005,#4006,#4007,#4008,#4009,#4010,#4011,
#4012,#4013,#4014,#4015,#4016,#4017,#4018,#4019,#4020,#4021,#4022,#4023,
#4024,#4025,#4026,#4027,#4028,#4029,#4030,#4031,#4032,#4033,#4034,#4035,
#4036,#4037,#4038,#4039,#4040,#4041,#4042,#4043,#4044,#4045,#4046,#4047,
#4048,#4049,#4050,#4051,#4052,#4053,#4054,#4055,#4056,#4057,#4058,#4059,
#4060,#4061,#4062));
#791=EDGE_LOOP('',(#4063,#4064,#4065,#4066));
#792=EDGE_LOOP('',(#4067,#4068,#4069,#4070,#4071,#4072));
#793=EDGE_LOOP('',(#4073,#4074,#4075,#4076,#4077,#4078,#4079,#4080,#4081,
#4082,#4083,#4084,#4085,#4086,#4087,#4088,#4089,#4090,#4091,#4092,#4093,
#4094,#4095,#4096,#4097,#4098,#4099,#4100,#4101,#4102,#4103,#4104));
#794=EDGE_LOOP('',(#4105,#4106,#4107,#4108,#4109,#4110));
#795=EDGE_LOOP('',(#4111,#4112,#4113,#4114,#4115,#4116,#4117,#4118));
#796=EDGE_LOOP('',(#4119,#4120,#4121,#4122,#4123,#4124,#4125,#4126,#4127,
#4128,#4129,#4130));
#797=EDGE_LOOP('',(#4131,#4132,#4133,#4134,#4135,#4136,#4137,#4138));
#798=EDGE_LOOP('',(#4139,#4140,#4141,#4142,#4143,#4144));
#799=EDGE_LOOP('',(#4145,#4146,#4147,#4148,#4149,#4150,#4151,#4152,#4153,
#4154,#4155,#4156,#4157,#4158,#4159,#4160,#4161,#4162,#4163,#4164,#4165,
#4166,#4167,#4168,#4169,#4170,#4171,#4172,#4173,#4174,#4175,#4176));
#800=EDGE_LOOP('',(#4177,#4178,#4179,#4180,#4181,#4182,#4183,#4184,#4185,
#4186,#4187,#4188));
#801=EDGE_LOOP('',(#4189,#4190,#4191,#4192,#4193,#4194));
#802=EDGE_LOOP('',(#4195,#4196,#4197,#4198));
#803=EDGE_LOOP('',(#4199,#4200,#4201,#4202));
#804=EDGE_LOOP('',(#4203,#4204,#4205,#4206));
#805=EDGE_LOOP('',(#4207,#4208,#4209,#4210));
#806=EDGE_LOOP('',(#4211,#4212,#4213,#4214));
#807=EDGE_LOOP('',(#4215,#4216,#4217,#4218));
#808=EDGE_LOOP('',(#4219,#4220,#4221,#4222));
#809=EDGE_LOOP('',(#4223,#4224,#4225,#4226,#4227,#4228,#4229));
#810=EDGE_LOOP('',(#4230,#4231,#4232,#4233));
#811=EDGE_LOOP('',(#4234,#4235,#4236,#4237));
#812=EDGE_LOOP('',(#4238,#4239,#4240,#4241));
#813=EDGE_LOOP('',(#4242,#4243,#4244,#4245));
#814=EDGE_LOOP('',(#4246,#4247,#4248,#4249));
#815=EDGE_LOOP('',(#4250,#4251,#4252,#4253));
#816=EDGE_LOOP('',(#4254,#4255,#4256,#4257));
#817=EDGE_LOOP('',(#4258,#4259,#4260,#4261));
#818=EDGE_LOOP('',(#4262,#4263,#4264,#4265));
#819=EDGE_LOOP('',(#4266,#4267,#4268,#4269));
#820=EDGE_LOOP('',(#4270,#4271,#4272,#4273));
#821=EDGE_LOOP('',(#4274,#4275,#4276,#4277));
#822=EDGE_LOOP('',(#4278,#4279,#4280,#4281));
#823=EDGE_LOOP('',(#4282,#4283,#4284,#4285));
#824=EDGE_LOOP('',(#4286,#4287,#4288,#4289));
#825=EDGE_LOOP('',(#4290,#4291,#4292,#4293));
#826=EDGE_LOOP('',(#4294,#4295,#4296,#4297,#4298,#4299,#4300));
#827=EDGE_LOOP('',(#4301,#4302,#4303,#4304,#4305,#4306,#4307));
#828=EDGE_LOOP('',(#4308,#4309,#4310,#4311));
#829=EDGE_LOOP('',(#4312,#4313,#4314,#4315));
#830=EDGE_LOOP('',(#4316,#4317,#4318,#4319));
#831=EDGE_LOOP('',(#4320,#4321,#4322,#4323));
#832=EDGE_LOOP('',(#4324,#4325,#4326,#4327));
#833=EDGE_LOOP('',(#4328,#4329,#4330,#4331));
#834=EDGE_LOOP('',(#4332,#4333,#4334,#4335));
#835=EDGE_LOOP('',(#4336,#4337,#4338,#4339));
#836=EDGE_LOOP('',(#4340,#4341,#4342,#4343));
#837=EDGE_LOOP('',(#4344,#4345,#4346,#4347,#4348));
#838=EDGE_LOOP('',(#4349,#4350,#4351,#4352));
#839=EDGE_LOOP('',(#4353,#4354,#4355,#4356));
#840=EDGE_LOOP('',(#4357,#4358,#4359,#4360));
#841=EDGE_LOOP('',(#4361,#4362,#4363,#4364));
#842=EDGE_LOOP('',(#4365,#4366,#4367,#4368));
#843=EDGE_LOOP('',(#4369,#4370,#4371,#4372,#4373,#4374,#4375));
#844=EDGE_LOOP('',(#4376,#4377,#4378,#4379,#4380,#4381,#4382));
#845=EDGE_LOOP('',(#4383,#4384,#4385,#4386));
#846=EDGE_LOOP('',(#4387,#4388,#4389,#4390,#4391,#4392,#4393,#4394,#4395,
#4396,#4397,#4398,#4399,#4400,#4401,#4402,#4403,#4404,#4405,#4406,#4407,
#4408,#4409,#4410,#4411,#4412,#4413,#4414,#4415,#4416,#4417,#4418,#4419,
#4420,#4421,#4422,#4423,#4424,#4425,#4426,#4427,#4428,#4429,#4430,#4431,
#4432,#4433,#4434,#4435,#4436,#4437,#4438,#4439,#4440,#4441,#4442,#4443,
#4444,#4445,#4446,#4447,#4448,#4449,#4450,#4451,#4452,#4453,#4454,#4455,
#4456,#4457,#4458,#4459,#4460,#4461,#4462,#4463,#4464,#4465,#4466,#4467,
#4468,#4469,#4470,#4471,#4472,#4473,#4474,#4475,#4476,#4477,#4478,#4479,
#4480,#4481,#4482,#4483,#4484,#4485,#4486,#4487,#4488,#4489,#4490,#4491,
#4492,#4493,#4494,#4495,#4496,#4497,#4498,#4499,#4500,#4501,#4502,#4503,
#4504,#4505));
#847=EDGE_LOOP('',(#4506,#4507,#4508,#4509,#4510,#4511,#4512,#4513,#4514,
#4515,#4516,#4517));
#848=EDGE_LOOP('',(#4518,#4519,#4520,#4521,#4522,#4523,#4524,#4525));
#849=EDGE_LOOP('',(#4526,#4527,#4528,#4529,#4530,#4531));
#850=EDGE_LOOP('',(#4532,#4533,#4534,#4535,#4536,#4537,#4538,#4539,#4540,
#4541,#4542,#4543,#4544,#4545,#4546,#4547,#4548,#4549,#4550,#4551,#4552,
#4553,#4554,#4555,#4556,#4557,#4558,#4559,#4560,#4561,#4562,#4563));
#851=EDGE_LOOP('',(#4564,#4565,#4566,#4567,#4568,#4569));
#852=EDGE_LOOP('',(#4570,#4571,#4572,#4573,#4574,#4575,#4576,#4577));
#853=EDGE_LOOP('',(#4578,#4579,#4580,#4581,#4582,#4583));
#854=EDGE_LOOP('',(#4584,#4585,#4586,#4587,#4588,#4589,#4590,#4591,#4592,
#4593,#4594,#4595,#4596,#4597,#4598,#4599,#4600,#4601,#4602,#4603,#4604,
#4605,#4606,#4607,#4608,#4609,#4610,#4611,#4612,#4613,#4614,#4615));
#855=EDGE_LOOP('',(#4616,#4617,#4618,#4619,#4620,#4621,#4622,#4623,#4624,
#4625,#4626,#4627));
#856=EDGE_LOOP('',(#4628,#4629,#4630,#4631,#4632,#4633));
#857=EDGE_LOOP('',(#4634,#4635,#4636,#4637));
#858=EDGE_LOOP('',(#4638,#4639,#4640,#4641));
#859=EDGE_LOOP('',(#4642,#4643,#4644,#4645));
#860=EDGE_LOOP('',(#4646,#4647,#4648,#4649));
#861=EDGE_LOOP('',(#4650,#4651,#4652,#4653));
#862=EDGE_LOOP('',(#4654,#4655,#4656,#4657));
#863=EDGE_LOOP('',(#4658,#4659,#4660,#4661));
#864=EDGE_LOOP('',(#4662,#4663,#4664,#4665));
#865=EDGE_LOOP('',(#4666,#4667,#4668,#4669));
#866=EDGE_LOOP('',(#4670,#4671,#4672,#4673));
#867=EDGE_LOOP('',(#4674,#4675,#4676,#4677));
#868=EDGE_LOOP('',(#4678,#4679,#4680,#4681));
#869=EDGE_LOOP('',(#4682,#4683,#4684,#4685));
#870=EDGE_LOOP('',(#4686,#4687,#4688,#4689));
#871=EDGE_LOOP('',(#4690,#4691,#4692,#4693));
#872=EDGE_LOOP('',(#4694,#4695,#4696,#4697));
#873=EDGE_LOOP('',(#4698,#4699,#4700,#4701));
#874=EDGE_LOOP('',(#4702,#4703,#4704,#4705));
#875=EDGE_LOOP('',(#4706,#4707,#4708,#4709));
#876=EDGE_LOOP('',(#4710,#4711,#4712,#4713));
#877=EDGE_LOOP('',(#4714,#4715,#4716,#4717));
#878=EDGE_LOOP('',(#4718,#4719,#4720,#4721));
#879=EDGE_LOOP('',(#4722,#4723,#4724,#4725));
#880=EDGE_LOOP('',(#4726,#4727,#4728,#4729));
#881=EDGE_LOOP('',(#4730,#4731,#4732,#4733));
#882=EDGE_LOOP('',(#4734,#4735,#4736,#4737));
#883=EDGE_LOOP('',(#4738,#4739,#4740,#4741));
#884=EDGE_LOOP('',(#4742,#4743,#4744,#4745));
#885=EDGE_LOOP('',(#4746,#4747,#4748,#4749));
#886=EDGE_LOOP('',(#4750,#4751,#4752,#4753));
#887=EDGE_LOOP('',(#4754,#4755,#4756,#4757));
#888=EDGE_LOOP('',(#4758,#4759,#4760,#4761));
#889=EDGE_LOOP('',(#4762,#4763,#4764,#4765));
#890=EDGE_LOOP('',(#4766,#4767,#4768,#4769));
#891=EDGE_LOOP('',(#4770,#4771,#4772,#4773));
#892=EDGE_LOOP('',(#4774,#4775,#4776,#4777));
#893=EDGE_LOOP('',(#4778,#4779,#4780,#4781));
#894=EDGE_LOOP('',(#4782,#4783,#4784,#4785));
#895=EDGE_LOOP('',(#4786,#4787,#4788,#4789));
#896=EDGE_LOOP('',(#4790,#4791,#4792,#4793));
#897=EDGE_LOOP('',(#4794,#4795,#4796,#4797));
#898=EDGE_LOOP('',(#4798,#4799,#4800,#4801));
#899=EDGE_LOOP('',(#4802,#4803,#4804,#4805));
#900=EDGE_LOOP('',(#4806,#4807,#4808,#4809));
#901=EDGE_LOOP('',(#4810,#4811,#4812,#4813));
#902=EDGE_LOOP('',(#4814,#4815,#4816,#4817));
#903=EDGE_LOOP('',(#4818,#4819,#4820,#4821));
#904=EDGE_LOOP('',(#4822,#4823,#4824,#4825));
#905=EDGE_LOOP('',(#4826,#4827,#4828,#4829));
#906=EDGE_LOOP('',(#4830,#4831,#4832,#4833));
#907=EDGE_LOOP('',(#4834,#4835,#4836,#4837));
#908=EDGE_LOOP('',(#4838,#4839,#4840,#4841));
#909=EDGE_LOOP('',(#4842,#4843,#4844,#4845));
#910=EDGE_LOOP('',(#4846,#4847,#4848,#4849));
#911=EDGE_LOOP('',(#4850,#4851,#4852,#4853));
#912=EDGE_LOOP('',(#4854,#4855,#4856,#4857));
#913=EDGE_LOOP('',(#4858,#4859,#4860,#4861));
#914=EDGE_LOOP('',(#4862,#4863,#4864,#4865));
#915=EDGE_LOOP('',(#4866,#4867,#4868,#4869));
#916=EDGE_LOOP('',(#4870,#4871,#4872,#4873));
#917=EDGE_LOOP('',(#4874,#4875,#4876,#4877));
#918=EDGE_LOOP('',(#4878,#4879,#4880,#4881));
#919=EDGE_LOOP('',(#4882,#4883,#4884,#4885));
#920=EDGE_LOOP('',(#4886,#4887,#4888,#4889));
#921=EDGE_LOOP('',(#4890,#4891,#4892,#4893));
#922=EDGE_LOOP('',(#4894,#4895,#4896,#4897));
#923=EDGE_LOOP('',(#4898,#4899,#4900,#4901));
#924=EDGE_LOOP('',(#4902,#4903,#4904,#4905));
#925=EDGE_LOOP('',(#4906,#4907,#4908,#4909));
#926=EDGE_LOOP('',(#4910,#4911,#4912,#4913));
#927=EDGE_LOOP('',(#4914,#4915,#4916,#4917,#4918,#4919,#4920));
#928=EDGE_LOOP('',(#4921,#4922,#4923,#4924));
#929=EDGE_LOOP('',(#4925,#4926,#4927,#4928));
#930=EDGE_LOOP('',(#4929,#4930,#4931,#4932));
#931=EDGE_LOOP('',(#4933,#4934,#4935,#4936));
#932=EDGE_LOOP('',(#4937,#4938,#4939,#4940));
#933=EDGE_LOOP('',(#4941,#4942,#4943,#4944));
#934=EDGE_LOOP('',(#4945,#4946,#4947,#4948));
#935=EDGE_LOOP('',(#4949,#4950,#4951,#4952));
#936=EDGE_LOOP('',(#4953,#4954,#4955,#4956));
#937=EDGE_LOOP('',(#4957,#4958,#4959,#4960));
#938=EDGE_LOOP('',(#4961,#4962,#4963,#4964));
#939=EDGE_LOOP('',(#4965,#4966,#4967,#4968));
#940=EDGE_LOOP('',(#4969,#4970,#4971,#4972));
#941=EDGE_LOOP('',(#4973,#4974,#4975,#4976));
#942=EDGE_LOOP('',(#4977,#4978,#4979,#4980));
#943=EDGE_LOOP('',(#4981,#4982,#4983,#4984));
#944=EDGE_LOOP('',(#4985,#4986,#4987,#4988,#4989,#4990,#4991));
#945=EDGE_LOOP('',(#4992,#4993,#4994,#4995,#4996,#4997,#4998));
#946=EDGE_LOOP('',(#4999,#5000,#5001,#5002));
#947=EDGE_LOOP('',(#5003,#5004,#5005,#5006));
#948=EDGE_LOOP('',(#5007,#5008,#5009,#5010));
#949=EDGE_LOOP('',(#5011,#5012,#5013,#5014));
#950=EDGE_LOOP('',(#5015,#5016,#5017,#5018));
#951=EDGE_LOOP('',(#5019,#5020,#5021,#5022));
#952=EDGE_LOOP('',(#5023,#5024,#5025,#5026));
#953=EDGE_LOOP('',(#5027,#5028,#5029,#5030));
#954=EDGE_LOOP('',(#5031,#5032,#5033,#5034));
#955=EDGE_LOOP('',(#5035,#5036,#5037,#5038,#5039));
#956=EDGE_LOOP('',(#5040,#5041,#5042,#5043));
#957=EDGE_LOOP('',(#5044,#5045,#5046,#5047));
#958=EDGE_LOOP('',(#5048,#5049,#5050,#5051));
#959=EDGE_LOOP('',(#5052,#5053,#5054,#5055));
#960=EDGE_LOOP('',(#5056,#5057,#5058,#5059,#5060,#5061,#5062));
#961=EDGE_LOOP('',(#5063,#5064,#5065,#5066,#5067,#5068,#5069));
#962=EDGE_LOOP('',(#5070,#5071,#5072,#5073));
#963=EDGE_LOOP('',(#5074,#5075,#5076,#5077));
#964=EDGE_LOOP('',(#5078,#5079,#5080,#5081));
#965=EDGE_LOOP('',(#5082,#5083,#5084,#5085));
#966=EDGE_LOOP('',(#5086,#5087,#5088,#5089));
#967=EDGE_LOOP('',(#5090,#5091,#5092,#5093));
#968=EDGE_LOOP('',(#5094,#5095,#5096,#5097));
#969=EDGE_LOOP('',(#5098,#5099,#5100,#5101));
#970=EDGE_LOOP('',(#5102,#5103,#5104,#5105));
#971=EDGE_LOOP('',(#5106,#5107,#5108,#5109));
#972=EDGE_LOOP('',(#5110,#5111,#5112,#5113));
#973=EDGE_LOOP('',(#5114,#5115,#5116,#5117));
#974=EDGE_LOOP('',(#5118,#5119,#5120,#5121));
#975=EDGE_LOOP('',(#5122,#5123,#5124,#5125));
#976=EDGE_LOOP('',(#5126,#5127,#5128,#5129));
#977=EDGE_LOOP('',(#5130,#5131,#5132,#5133));
#978=EDGE_LOOP('',(#5134,#5135,#5136,#5137));
#979=EDGE_LOOP('',(#5138,#5139,#5140,#5141));
#980=EDGE_LOOP('',(#5142,#5143,#5144,#5145));
#981=EDGE_LOOP('',(#5146,#5147,#5148,#5149));
#982=EDGE_LOOP('',(#5150,#5151,#5152,#5153));
#983=EDGE_LOOP('',(#5154,#5155,#5156,#5157));
#984=EDGE_LOOP('',(#5158,#5159,#5160,#5161));
#985=EDGE_LOOP('',(#5162,#5163,#5164,#5165));
#986=EDGE_LOOP('',(#5166,#5167,#5168,#5169));
#987=EDGE_LOOP('',(#5170,#5171,#5172,#5173));
#988=EDGE_LOOP('',(#5174,#5175,#5176,#5177));
#989=EDGE_LOOP('',(#5178,#5179,#5180,#5181));
#990=EDGE_LOOP('',(#5182,#5183,#5184,#5185));
#991=EDGE_LOOP('',(#5186,#5187,#5188,#5189));
#992=EDGE_LOOP('',(#5190,#5191,#5192,#5193));
#993=EDGE_LOOP('',(#5194,#5195,#5196,#5197));
#994=EDGE_LOOP('',(#5198,#5199,#5200,#5201));
#995=EDGE_LOOP('',(#5202,#5203,#5204,#5205));
#996=EDGE_LOOP('',(#5206,#5207,#5208,#5209));
#997=EDGE_LOOP('',(#5210,#5211,#5212,#5213));
#998=EDGE_LOOP('',(#5214,#5215,#5216,#5217));
#999=EDGE_LOOP('',(#5218,#5219,#5220,#5221));
#1000=EDGE_LOOP('',(#5222,#5223,#5224,#5225));
#1001=EDGE_LOOP('',(#5226,#5227,#5228,#5229));
#1002=EDGE_LOOP('',(#5230,#5231,#5232,#5233));
#1003=EDGE_LOOP('',(#5234,#5235,#5236,#5237));
#1004=EDGE_LOOP('',(#5238,#5239,#5240,#5241));
#1005=EDGE_LOOP('',(#5242,#5243,#5244,#5245));
#1006=EDGE_LOOP('',(#5246,#5247,#5248,#5249));
#1007=EDGE_LOOP('',(#5250,#5251,#5252,#5253));
#1008=EDGE_LOOP('',(#5254,#5255,#5256,#5257));
#1009=EDGE_LOOP('',(#5258,#5259,#5260,#5261));
#1010=EDGE_LOOP('',(#5262,#5263,#5264,#5265));
#1011=EDGE_LOOP('',(#5266,#5267,#5268,#5269));
#1012=EDGE_LOOP('',(#5270,#5271,#5272,#5273));
#1013=EDGE_LOOP('',(#5274,#5275,#5276,#5277));
#1014=EDGE_LOOP('',(#5278,#5279,#5280,#5281));
#1015=EDGE_LOOP('',(#5282,#5283,#5284,#5285));
#1016=EDGE_LOOP('',(#5286,#5287,#5288,#5289));
#1017=EDGE_LOOP('',(#5290,#5291,#5292,#5293));
#1018=EDGE_LOOP('',(#5294,#5295,#5296,#5297));
#1019=EDGE_LOOP('',(#5298,#5299,#5300,#5301));
#1020=EDGE_LOOP('',(#5302,#5303,#5304,#5305));
#1021=EDGE_LOOP('',(#5306,#5307,#5308,#5309));
#1022=EDGE_LOOP('',(#5310,#5311,#5312,#5313));
#1023=EDGE_LOOP('',(#5314,#5315,#5316,#5317));
#1024=EDGE_LOOP('',(#5318,#5319,#5320,#5321));
#1025=EDGE_LOOP('',(#5322,#5323,#5324,#5325));
#1026=EDGE_LOOP('',(#5326,#5327,#5328,#5329));
#1027=EDGE_LOOP('',(#5330,#5331,#5332,#5333,#5334,#5335,#5336));
#1028=EDGE_LOOP('',(#5337,#5338,#5339,#5340));
#1029=EDGE_LOOP('',(#5341,#5342,#5343,#5344));
#1030=EDGE_LOOP('',(#5345,#5346,#5347,#5348));
#1031=EDGE_LOOP('',(#5349,#5350,#5351,#5352));
#1032=EDGE_LOOP('',(#5353,#5354,#5355,#5356));
#1033=EDGE_LOOP('',(#5357,#5358,#5359,#5360));
#1034=EDGE_LOOP('',(#5361,#5362,#5363,#5364));
#1035=EDGE_LOOP('',(#5365,#5366,#5367,#5368));
#1036=EDGE_LOOP('',(#5369,#5370,#5371,#5372));
#1037=EDGE_LOOP('',(#5373,#5374,#5375,#5376));
#1038=EDGE_LOOP('',(#5377,#5378,#5379,#5380));
#1039=EDGE_LOOP('',(#5381,#5382,#5383,#5384));
#1040=EDGE_LOOP('',(#5385,#5386,#5387,#5388));
#1041=EDGE_LOOP('',(#5389,#5390,#5391,#5392));
#1042=EDGE_LOOP('',(#5393,#5394,#5395,#5396));
#1043=EDGE_LOOP('',(#5397,#5398,#5399,#5400));
#1044=EDGE_LOOP('',(#5401,#5402,#5403,#5404));
#1045=EDGE_LOOP('',(#5405,#5406,#5407,#5408));
#1046=EDGE_LOOP('',(#5409,#5410,#5411,#5412));
#1047=EDGE_LOOP('',(#5413,#5414,#5415,#5416));
#1048=EDGE_LOOP('',(#5417,#5418,#5419,#5420));
#1049=EDGE_LOOP('',(#5421,#5422,#5423,#5424));
#1050=EDGE_LOOP('',(#5425,#5426,#5427,#5428));
#1051=EDGE_LOOP('',(#5429,#5430,#5431,#5432));
#1052=EDGE_LOOP('',(#5433,#5434,#5435,#5436));
#1053=EDGE_LOOP('',(#5437,#5438,#5439,#5440));
#1054=EDGE_LOOP('',(#5441,#5442,#5443,#5444));
#1055=EDGE_LOOP('',(#5445,#5446,#5447,#5448));
#1056=EDGE_LOOP('',(#5449,#5450,#5451,#5452));
#1057=EDGE_LOOP('',(#5453,#5454,#5455,#5456));
#1058=EDGE_LOOP('',(#5457,#5458,#5459,#5460));
#1059=EDGE_LOOP('',(#5461,#5462,#5463,#5464));
#1060=EDGE_LOOP('',(#5465,#5466,#5467,#5468));
#1061=EDGE_LOOP('',(#5469,#5470,#5471,#5472));
#1062=EDGE_LOOP('',(#5473,#5474,#5475,#5476,#5477,#5478,#5479));
#1063=EDGE_LOOP('',(#5480,#5481,#5482,#5483));
#1064=EDGE_LOOP('',(#5484,#5485,#5486,#5487,#5488,#5489,#5490,#5491,#5492,
#5493));
#1065=EDGE_LOOP('',(#5494,#5495,#5496,#5497));
#1066=EDGE_LOOP('',(#5498,#5499,#5500,#5501));
#1067=EDGE_LOOP('',(#5502,#5503,#5504,#5505,#5506,#5507,#5508,#5509,#5510,
#5511));
#1068=EDGE_LOOP('',(#5512,#5513,#5514,#5515));
#1069=EDGE_LOOP('',(#5516,#5517,#5518,#5519));
#1070=EDGE_LOOP('',(#5520,#5521,#5522,#5523));
#1071=EDGE_LOOP('',(#5524,#5525,#5526,#5527,#5528,#5529,#5530,#5531));
#1072=EDGE_LOOP('',(#5532,#5533,#5534,#5535));
#1073=EDGE_LOOP('',(#5536,#5537,#5538,#5539));
#1074=EDGE_LOOP('',(#5540,#5541,#5542,#5543,#5544,#5545,#5546,#5547));
#1075=EDGE_LOOP('',(#5548,#5549,#5550,#5551));
#1076=EDGE_LOOP('',(#5552,#5553,#5554,#5555));
#1077=EDGE_LOOP('',(#5556,#5557,#5558,#5559,#5560,#5561,#5562,#5563));
#1078=EDGE_LOOP('',(#5564,#5565,#5566,#5567));
#1079=EDGE_LOOP('',(#5568,#5569,#5570,#5571,#5572,#5573,#5574,#5575));
#1080=EDGE_LOOP('',(#5576,#5577,#5578,#5579));
#1081=EDGE_LOOP('',(#5580,#5581,#5582,#5583));
#1082=EDGE_LOOP('',(#5584,#5585,#5586,#5587));
#1083=EDGE_LOOP('',(#5588,#5589,#5590,#5591));
#1084=EDGE_LOOP('',(#5592,#5593,#5594,#5595,#5596,#5597));
#1085=EDGE_LOOP('',(#5598,#5599,#5600,#5601));
#1086=EDGE_LOOP('',(#5602,#5603,#5604,#5605,#5606));
#1087=EDGE_LOOP('',(#5607,#5608,#5609,#5610));
#1088=EDGE_LOOP('',(#5611,#5612,#5613,#5614));
#1089=EDGE_LOOP('',(#5615,#5616,#5617,#5618,#5619,#5620));
#1090=EDGE_LOOP('',(#5621,#5622,#5623,#5624,#5625));
#1091=EDGE_LOOP('',(#5626,#5627,#5628,#5629));
#1092=EDGE_LOOP('',(#5630,#5631,#5632,#5633));
#1093=EDGE_LOOP('',(#5634,#5635,#5636,#5637,#5638));
#1094=EDGE_LOOP('',(#5639,#5640,#5641,#5642,#5643,#5644,#5645,#5646,#5647));
#1095=EDGE_LOOP('',(#5648));
#1096=EDGE_LOOP('',(#5649,#5650,#5651,#5652));
#1097=EDGE_LOOP('',(#5653,#5654,#5655,#5656));
#1098=EDGE_LOOP('',(#5657,#5658,#5659,#5660));
#1099=EDGE_LOOP('',(#5661,#5662,#5663,#5664));
#1100=EDGE_LOOP('',(#5665,#5666,#5667,#5668));
#1101=EDGE_LOOP('',(#5669,#5670,#5671,#5672));
#1102=EDGE_LOOP('',(#5673,#5674,#5675,#5676));
#1103=EDGE_LOOP('',(#5677,#5678,#5679,#5680));
#1104=EDGE_LOOP('',(#5681,#5682,#5683,#5684));
#1105=EDGE_LOOP('',(#5685,#5686,#5687,#5688,#5689));
#1106=LINE('',#7563,#1762);
#1107=LINE('',#7569,#1763);
#1108=LINE('',#7573,#1764);
#1109=LINE('',#7577,#1765);
#1110=LINE('',#7579,#1766);
#1111=LINE('',#7580,#1767);
#1112=LINE('',#7583,#1768);
#1113=LINE('',#7585,#1769);
#1114=LINE('',#7602,#1770);
#1115=LINE('',#7604,#1771);
#1116=LINE('',#7606,#1772);
#1117=LINE('',#7613,#1773);
#1118=LINE('',#7623,#1774);
#1119=LINE('',#7633,#1775);
#1120=LINE('',#7640,#1776);
#1121=LINE('',#7647,#1777);
#1122=LINE('',#7654,#1778);
#1123=LINE('',#7663,#1779);
#1124=LINE('',#7670,#1780);
#1125=LINE('',#7672,#1781);
#1126=LINE('',#7674,#1782);
#1127=LINE('',#7684,#1783);
#1128=LINE('',#7686,#1784);
#1129=LINE('',#7688,#1785);
#1130=LINE('',#7690,#1786);
#1131=LINE('',#7692,#1787);
#1132=LINE('',#7694,#1788);
#1133=LINE('',#7704,#1789);
#1134=LINE('',#7706,#1790);
#1135=LINE('',#7708,#1791);
#1136=LINE('',#7710,#1792);
#1137=LINE('',#7712,#1793);
#1138=LINE('',#7714,#1794);
#1139=LINE('',#7716,#1795);
#1140=LINE('',#7718,#1796);
#1141=LINE('',#7720,#1797);
#1142=LINE('',#7722,#1798);
#1143=LINE('',#7724,#1799);
#1144=LINE('',#7726,#1800);
#1145=LINE('',#7728,#1801);
#1146=LINE('',#7729,#1802);
#1147=LINE('',#7731,#1803);
#1148=LINE('',#7733,#1804);
#1149=LINE('',#7735,#1805);
#1150=LINE('',#7737,#1806);
#1151=LINE('',#7739,#1807);
#1152=LINE('',#7752,#1808);
#1153=LINE('',#7754,#1809);
#1154=LINE('',#7756,#1810);
#1155=LINE('',#7763,#1811);
#1156=LINE('',#7794,#1812);
#1157=LINE('',#7801,#1813);
#1158=LINE('',#7803,#1814);
#1159=LINE('',#7805,#1815);
#1160=LINE('',#7818,#1816);
#1161=LINE('',#7820,#1817);
#1162=LINE('',#7822,#1818);
#1163=LINE('',#7824,#1819);
#1164=LINE('',#7826,#1820);
#1165=LINE('',#7828,#1821);
#1166=LINE('',#7830,#1822);
#1167=LINE('',#7832,#1823);
#1168=LINE('',#7833,#1824);
#1169=LINE('',#7835,#1825);
#1170=LINE('',#7837,#1826);
#1171=LINE('',#7839,#1827);
#1172=LINE('',#7841,#1828);
#1173=LINE('',#7843,#1829);
#1174=LINE('',#7845,#1830);
#1175=LINE('',#7847,#1831);
#1176=LINE('',#7849,#1832);
#1177=LINE('',#7851,#1833);
#1178=LINE('',#7853,#1834);
#1179=LINE('',#7863,#1835);
#1180=LINE('',#7865,#1836);
#1181=LINE('',#7867,#1837);
#1182=LINE('',#7869,#1838);
#1183=LINE('',#7871,#1839);
#1184=LINE('',#7873,#1840);
#1185=LINE('',#7880,#1841);
#1186=LINE('',#7882,#1842);
#1187=LINE('',#7884,#1843);
#1188=LINE('',#7891,#1844);
#1189=LINE('',#7901,#1845);
#1190=LINE('',#7908,#1846);
#1191=LINE('',#7915,#1847);
#1192=LINE('',#7922,#1848);
#1193=LINE('',#7932,#1849);
#1194=LINE('',#7942,#1850);
#1195=LINE('',#7949,#1851);
#1196=LINE('',#7951,#1852);
#1197=LINE('',#7953,#1853);
#1198=LINE('',#7969,#1854);
#1199=LINE('',#7972,#1855);
#1200=LINE('',#7974,#1856);
#1201=LINE('',#7976,#1857);
#1202=LINE('',#7977,#1858);
#1203=LINE('',#7982,#1859);
#1204=LINE('',#7984,#1860);
#1205=LINE('',#7988,#1861);
#1206=LINE('',#7989,#1862);
#1207=LINE('',#7994,#1863);
#1208=LINE('',#7996,#1864);
#1209=LINE('',#7998,#1865);
#1210=LINE('',#8000,#1866);
#1211=LINE('',#8002,#1867);
#1212=LINE('',#8004,#1868);
#1213=LINE('',#8006,#1869);
#1214=LINE('',#8008,#1870);
#1215=LINE('',#8010,#1871);
#1216=LINE('',#8012,#1872);
#1217=LINE('',#8014,#1873);
#1218=LINE('',#8016,#1874);
#1219=LINE('',#8018,#1875);
#1220=LINE('',#8020,#1876);
#1221=LINE('',#8022,#1877);
#1222=LINE('',#8026,#1878);
#1223=LINE('',#8028,#1879);
#1224=LINE('',#8030,#1880);
#1225=LINE('',#8032,#1881);
#1226=LINE('',#8034,#1882);
#1227=LINE('',#8036,#1883);
#1228=LINE('',#8038,#1884);
#1229=LINE('',#8040,#1885);
#1230=LINE('',#8042,#1886);
#1231=LINE('',#8044,#1887);
#1232=LINE('',#8046,#1888);
#1233=LINE('',#8048,#1889);
#1234=LINE('',#8050,#1890);
#1235=LINE('',#8052,#1891);
#1236=LINE('',#8053,#1892);
#1237=LINE('',#8058,#1893);
#1238=LINE('',#8060,#1894);
#1239=LINE('',#8064,#1895);
#1240=LINE('',#8065,#1896);
#1241=LINE('',#8070,#1897);
#1242=LINE('',#8072,#1898);
#1243=LINE('',#8074,#1899);
#1244=LINE('',#8078,#1900);
#1245=LINE('',#8080,#1901);
#1246=LINE('',#8081,#1902);
#1247=LINE('',#8086,#1903);
#1248=LINE('',#8088,#1904);
#1249=LINE('',#8092,#1905);
#1250=LINE('',#8094,#1906);
#1251=LINE('',#8096,#1907);
#1252=LINE('',#8100,#1908);
#1253=LINE('',#8102,#1909);
#1254=LINE('',#8104,#1910);
#1255=LINE('',#8105,#1911);
#1256=LINE('',#8110,#1912);
#1257=LINE('',#8112,#1913);
#1258=LINE('',#8114,#1914);
#1259=LINE('',#8118,#1915);
#1260=LINE('',#8120,#1916);
#1261=LINE('',#8121,#1917);
#1262=LINE('',#8126,#1918);
#1263=LINE('',#8128,#1919);
#1264=LINE('',#8132,#1920);
#1265=LINE('',#8133,#1921);
#1266=LINE('',#8138,#1922);
#1267=LINE('',#8140,#1923);
#1268=LINE('',#8142,#1924);
#1269=LINE('',#8144,#1925);
#1270=LINE('',#8146,#1926);
#1271=LINE('',#8148,#1927);
#1272=LINE('',#8150,#1928);
#1273=LINE('',#8152,#1929);
#1274=LINE('',#8154,#1930);
#1275=LINE('',#8156,#1931);
#1276=LINE('',#8158,#1932);
#1277=LINE('',#8160,#1933);
#1278=LINE('',#8162,#1934);
#1279=LINE('',#8164,#1935);
#1280=LINE('',#8166,#1936);
#1281=LINE('',#8170,#1937);
#1282=LINE('',#8172,#1938);
#1283=LINE('',#8174,#1939);
#1284=LINE('',#8176,#1940);
#1285=LINE('',#8178,#1941);
#1286=LINE('',#8180,#1942);
#1287=LINE('',#8182,#1943);
#1288=LINE('',#8184,#1944);
#1289=LINE('',#8186,#1945);
#1290=LINE('',#8188,#1946);
#1291=LINE('',#8190,#1947);
#1292=LINE('',#8192,#1948);
#1293=LINE('',#8194,#1949);
#1294=LINE('',#8196,#1950);
#1295=LINE('',#8197,#1951);
#1296=LINE('',#8202,#1952);
#1297=LINE('',#8204,#1953);
#1298=LINE('',#8206,#1954);
#1299=LINE('',#8208,#1955);
#1300=LINE('',#8212,#1956);
#1301=LINE('',#8214,#1957);
#1302=LINE('',#8216,#1958);
#1303=LINE('',#8220,#1959);
#1304=LINE('',#8221,#1960);
#1305=LINE('',#8226,#1961);
#1306=LINE('',#8228,#1962);
#1307=LINE('',#8232,#1963);
#1308=LINE('',#8233,#1964);
#1309=LINE('',#8236,#1965);
#1310=LINE('',#8238,#1966);
#1311=LINE('',#8240,#1967);
#1312=LINE('',#8241,#1968);
#1313=LINE('',#8244,#1969);
#1314=LINE('',#8245,#1970);
#1315=LINE('',#8248,#1971);
#1316=LINE('',#8249,#1972);
#1317=LINE('',#8253,#1973);
#1318=LINE('',#8254,#1974);
#1319=LINE('',#8255,#1975);
#1320=LINE('',#8258,#1976);
#1321=LINE('',#8259,#1977);
#1322=LINE('',#8262,#1978);
#1323=LINE('',#8263,#1979);
#1324=LINE('',#8265,#1980);
#1325=LINE('',#8269,#1981);
#1326=LINE('',#8270,#1982);
#1327=LINE('',#8279,#1983);
#1328=LINE('',#8302,#1984);
#1329=LINE('',#8309,#1985);
#1330=LINE('',#8311,#1986);
#1331=LINE('',#8315,#1987);
#1332=LINE('',#8316,#1988);
#1333=LINE('',#8317,#1989);
#1334=LINE('',#8320,#1990);
#1335=LINE('',#8321,#1991);
#1336=LINE('',#8324,#1992);
#1337=LINE('',#8325,#1993);
#1338=LINE('',#8328,#1994);
#1339=LINE('',#8329,#1995);
#1340=LINE('',#8332,#1996);
#1341=LINE('',#8333,#1997);
#1342=LINE('',#8336,#1998);
#1343=LINE('',#8337,#1999);
#1344=LINE('',#8338,#2000);
#1345=LINE('',#8340,#2001);
#1346=LINE('',#8344,#2002);
#1347=LINE('',#8345,#2003);
#1348=LINE('',#8346,#2004);
#1349=LINE('',#8348,#2005);
#1350=LINE('',#8352,#2006);
#1351=LINE('',#8353,#2007);
#1352=LINE('',#8354,#2008);
#1353=LINE('',#8356,#2009);
#1354=LINE('',#8360,#2010);
#1355=LINE('',#8361,#2011);
#1356=LINE('',#8362,#2012);
#1357=LINE('',#8365,#2013);
#1358=LINE('',#8366,#2014);
#1359=LINE('',#8369,#2015);
#1360=LINE('',#8370,#2016);
#1361=LINE('',#8373,#2017);
#1362=LINE('',#8382,#2018);
#1363=LINE('',#8445,#2019);
#1364=LINE('',#8467,#2020);
#1365=LINE('',#8474,#2021);
#1366=LINE('',#8476,#2022);
#1367=LINE('',#8480,#2023);
#1368=LINE('',#8481,#2024);
#1369=LINE('',#8482,#2025);
#1370=LINE('',#8485,#2026);
#1371=LINE('',#8486,#2027);
#1372=LINE('',#8490,#2028);
#1373=LINE('',#8491,#2029);
#1374=LINE('',#8492,#2030);
#1375=LINE('',#8494,#2031);
#1376=LINE('',#8497,#2032);
#1377=LINE('',#8498,#2033);
#1378=LINE('',#8515,#2034);
#1379=LINE('',#8712,#2035);
#1380=LINE('',#8727,#2036);
#1381=LINE('',#8852,#2037);
#1382=LINE('',#8854,#2038);
#1383=LINE('',#8856,#2039);
#1384=LINE('',#8864,#2040);
#1385=LINE('',#8881,#2041);
#1386=LINE('',#8883,#2042);
#1387=LINE('',#8885,#2043);
#1388=LINE('',#8892,#2044);
#1389=LINE('',#8902,#2045);
#1390=LINE('',#8912,#2046);
#1391=LINE('',#8919,#2047);
#1392=LINE('',#8926,#2048);
#1393=LINE('',#8933,#2049);
#1394=LINE('',#8943,#2050);
#1395=LINE('',#8950,#2051);
#1396=LINE('',#8952,#2052);
#1397=LINE('',#8954,#2053);
#1398=LINE('',#8961,#2054);
#1399=LINE('',#8963,#2055);
#1400=LINE('',#8965,#2056);
#1401=LINE('',#8967,#2057);
#1402=LINE('',#8969,#2058);
#1403=LINE('',#8971,#2059);
#1404=LINE('',#8979,#2060);
#1405=LINE('',#8981,#2061);
#1406=LINE('',#8983,#2062);
#1407=LINE('',#8985,#2063);
#1408=LINE('',#8987,#2064);
#1409=LINE('',#8989,#2065);
#1410=LINE('',#8991,#2066);
#1411=LINE('',#8993,#2067);
#1412=LINE('',#8995,#2068);
#1413=LINE('',#8997,#2069);
#1414=LINE('',#8999,#2070);
#1415=LINE('',#9001,#2071);
#1416=LINE('',#9003,#2072);
#1417=LINE('',#9004,#2073);
#1418=LINE('',#9006,#2074);
#1419=LINE('',#9008,#2075);
#1420=LINE('',#9010,#2076);
#1421=LINE('',#9012,#2077);
#1422=LINE('',#9014,#2078);
#1423=LINE('',#9024,#2079);
#1424=LINE('',#9026,#2080);
#1425=LINE('',#9028,#2081);
#1426=LINE('',#9043,#2082);
#1427=LINE('',#9045,#2083);
#1428=LINE('',#9056,#2084);
#1429=LINE('',#9058,#2085);
#1430=LINE('',#9060,#2086);
#1431=LINE('',#9067,#2087);
#1432=LINE('',#9077,#2088);
#1433=LINE('',#9084,#2089);
#1434=LINE('',#9091,#2090);
#1435=LINE('',#9098,#2091);
#1436=LINE('',#9108,#2092);
#1437=LINE('',#9118,#2093);
#1438=LINE('',#9125,#2094);
#1439=LINE('',#9127,#2095);
#1440=LINE('',#9129,#2096);
#1441=LINE('',#9144,#2097);
#1442=LINE('',#9149,#2098);
#1443=LINE('',#9151,#2099);
#1444=LINE('',#9155,#2100);
#1445=LINE('',#9157,#2101);
#1446=LINE('',#9159,#2102);
#1447=LINE('',#9163,#2103);
#1448=LINE('',#9165,#2104);
#1449=LINE('',#9167,#2105);
#1450=LINE('',#9168,#2106);
#1451=LINE('',#9173,#2107);
#1452=LINE('',#9175,#2108);
#1453=LINE('',#9177,#2109);
#1454=LINE('',#9181,#2110);
#1455=LINE('',#9183,#2111);
#1456=LINE('',#9184,#2112);
#1457=LINE('',#9189,#2113);
#1458=LINE('',#9191,#2114);
#1459=LINE('',#9195,#2115);
#1460=LINE('',#9196,#2116);
#1461=LINE('',#9201,#2117);
#1462=LINE('',#9203,#2118);
#1463=LINE('',#9205,#2119);
#1464=LINE('',#9207,#2120);
#1465=LINE('',#9209,#2121);
#1466=LINE('',#9211,#2122);
#1467=LINE('',#9213,#2123);
#1468=LINE('',#9215,#2124);
#1469=LINE('',#9217,#2125);
#1470=LINE('',#9219,#2126);
#1471=LINE('',#9221,#2127);
#1472=LINE('',#9223,#2128);
#1473=LINE('',#9225,#2129);
#1474=LINE('',#9227,#2130);
#1475=LINE('',#9229,#2131);
#1476=LINE('',#9233,#2132);
#1477=LINE('',#9235,#2133);
#1478=LINE('',#9237,#2134);
#1479=LINE('',#9239,#2135);
#1480=LINE('',#9241,#2136);
#1481=LINE('',#9243,#2137);
#1482=LINE('',#9245,#2138);
#1483=LINE('',#9247,#2139);
#1484=LINE('',#9249,#2140);
#1485=LINE('',#9251,#2141);
#1486=LINE('',#9253,#2142);
#1487=LINE('',#9255,#2143);
#1488=LINE('',#9257,#2144);
#1489=LINE('',#9259,#2145);
#1490=LINE('',#9260,#2146);
#1491=LINE('',#9265,#2147);
#1492=LINE('',#9267,#2148);
#1493=LINE('',#9271,#2149);
#1494=LINE('',#9272,#2150);
#1495=LINE('',#9277,#2151);
#1496=LINE('',#9279,#2152);
#1497=LINE('',#9281,#2153);
#1498=LINE('',#9285,#2154);
#1499=LINE('',#9287,#2155);
#1500=LINE('',#9288,#2156);
#1501=LINE('',#9293,#2157);
#1502=LINE('',#9295,#2158);
#1503=LINE('',#9299,#2159);
#1504=LINE('',#9300,#2160);
#1505=LINE('',#9305,#2161);
#1506=LINE('',#9307,#2162);
#1507=LINE('',#9309,#2163);
#1508=LINE('',#9311,#2164);
#1509=LINE('',#9313,#2165);
#1510=LINE('',#9315,#2166);
#1511=LINE('',#9317,#2167);
#1512=LINE('',#9319,#2168);
#1513=LINE('',#9321,#2169);
#1514=LINE('',#9323,#2170);
#1515=LINE('',#9325,#2171);
#1516=LINE('',#9327,#2172);
#1517=LINE('',#9329,#2173);
#1518=LINE('',#9331,#2174);
#1519=LINE('',#9333,#2175);
#1520=LINE('',#9337,#2176);
#1521=LINE('',#9339,#2177);
#1522=LINE('',#9341,#2178);
#1523=LINE('',#9343,#2179);
#1524=LINE('',#9345,#2180);
#1525=LINE('',#9347,#2181);
#1526=LINE('',#9349,#2182);
#1527=LINE('',#9351,#2183);
#1528=LINE('',#9353,#2184);
#1529=LINE('',#9355,#2185);
#1530=LINE('',#9357,#2186);
#1531=LINE('',#9359,#2187);
#1532=LINE('',#9361,#2188);
#1533=LINE('',#9363,#2189);
#1534=LINE('',#9364,#2190);
#1535=LINE('',#9369,#2191);
#1536=LINE('',#9371,#2192);
#1537=LINE('',#9373,#2193);
#1538=LINE('',#9375,#2194);
#1539=LINE('',#9379,#2195);
#1540=LINE('',#9381,#2196);
#1541=LINE('',#9383,#2197);
#1542=LINE('',#9387,#2198);
#1543=LINE('',#9388,#2199);
#1544=LINE('',#9393,#2200);
#1545=LINE('',#9395,#2201);
#1546=LINE('',#9399,#2202);
#1547=LINE('',#9400,#2203);
#1548=LINE('',#9403,#2204);
#1549=LINE('',#9405,#2205);
#1550=LINE('',#9407,#2206);
#1551=LINE('',#9408,#2207);
#1552=LINE('',#9410,#2208);
#1553=LINE('',#9411,#2209);
#1554=LINE('',#9413,#2210);
#1555=LINE('',#9414,#2211);
#1556=LINE('',#9416,#2212);
#1557=LINE('',#9417,#2213);
#1558=LINE('',#9419,#2214);
#1559=LINE('',#9420,#2215);
#1560=LINE('',#9422,#2216);
#1561=LINE('',#9423,#2217);
#1562=LINE('',#9425,#2218);
#1563=LINE('',#9426,#2219);
#1564=LINE('',#9428,#2220);
#1565=LINE('',#9429,#2221);
#1566=LINE('',#9431,#2222);
#1567=LINE('',#9432,#2223);
#1568=LINE('',#9434,#2224);
#1569=LINE('',#9435,#2225);
#1570=LINE('',#9437,#2226);
#1571=LINE('',#9438,#2227);
#1572=LINE('',#9440,#2228);
#1573=LINE('',#9441,#2229);
#1574=LINE('',#9443,#2230);
#1575=LINE('',#9445,#2231);
#1576=LINE('',#9447,#2232);
#1577=LINE('',#9449,#2233);
#1578=LINE('',#9451,#2234);
#1579=LINE('',#9453,#2235);
#1580=LINE('',#9455,#2236);
#1581=LINE('',#9457,#2237);
#1582=LINE('',#9460,#2238);
#1583=LINE('',#9463,#2239);
#1584=LINE('',#9467,#2240);
#1585=LINE('',#9469,#2241);
#1586=LINE('',#9471,#2242);
#1587=LINE('',#9475,#2243);
#1588=LINE('',#9478,#2244);
#1589=LINE('',#9480,#2245);
#1590=LINE('',#9484,#2246);
#1591=LINE('',#9486,#2247);
#1592=LINE('',#9488,#2248);
#1593=LINE('',#9490,#2249);
#1594=LINE('',#9492,#2250);
#1595=LINE('',#9494,#2251);
#1596=LINE('',#9496,#2252);
#1597=LINE('',#9498,#2253);
#1598=LINE('',#9500,#2254);
#1599=LINE('',#9502,#2255);
#1600=LINE('',#9504,#2256);
#1601=LINE('',#9506,#2257);
#1602=LINE('',#9509,#2258);
#1603=LINE('',#9511,#2259);
#1604=LINE('',#9513,#2260);
#1605=LINE('',#9515,#2261);
#1606=LINE('',#9517,#2262);
#1607=LINE('',#9519,#2263);
#1608=LINE('',#9521,#2264);
#1609=LINE('',#9523,#2265);
#1610=LINE('',#9525,#2266);
#1611=LINE('',#9527,#2267);
#1612=LINE('',#9529,#2268);
#1613=LINE('',#9531,#2269);
#1614=LINE('',#9533,#2270);
#1615=LINE('',#9535,#2271);
#1616=LINE('',#9538,#2272);
#1617=LINE('',#9539,#2273);
#1618=LINE('',#9541,#2274);
#1619=LINE('',#9543,#2275);
#1620=LINE('',#9567,#2276);
#1621=LINE('',#9574,#2277);
#1622=LINE('',#9576,#2278);
#1623=LINE('',#9585,#2279);
#1624=LINE('',#9586,#2280);
#1625=LINE('',#9588,#2281);
#1626=LINE('',#9590,#2282);
#1627=LINE('',#9592,#2283);
#1628=LINE('',#9593,#2284);
#1629=LINE('',#9595,#2285);
#1630=LINE('',#9597,#2286);
#1631=LINE('',#9599,#2287);
#1632=LINE('',#9602,#2288);
#1633=LINE('',#9604,#2289);
#1634=LINE('',#9605,#2290);
#1635=LINE('',#9608,#2291);
#1636=LINE('',#9609,#2292);
#1637=LINE('',#9611,#2293);
#1638=LINE('',#9613,#2294);
#1639=LINE('',#9623,#2295);
#1640=LINE('',#9667,#2296);
#1641=LINE('',#9674,#2297);
#1642=LINE('',#9677,#2298);
#1643=LINE('',#9678,#2299);
#1644=LINE('',#9680,#2300);
#1645=LINE('',#9682,#2301);
#1646=LINE('',#9684,#2302);
#1647=LINE('',#9685,#2303);
#1648=LINE('',#9738,#2304);
#1649=LINE('',#9835,#2305);
#1650=LINE('',#9850,#2306);
#1651=LINE('',#9988,#2307);
#1652=LINE('',#9989,#2308);
#1653=LINE('',#9991,#2309);
#1654=LINE('',#9992,#2310);
#1655=LINE('',#9994,#2311);
#1656=LINE('',#9995,#2312);
#1657=LINE('',#9997,#2313);
#1658=LINE('',#9998,#2314);
#1659=LINE('',#10000,#2315);
#1660=LINE('',#10001,#2316);
#1661=LINE('',#10003,#2317);
#1662=LINE('',#10004,#2318);
#1663=LINE('',#10006,#2319);
#1664=LINE('',#10007,#2320);
#1665=LINE('',#10009,#2321);
#1666=LINE('',#10010,#2322);
#1667=LINE('',#10012,#2323);
#1668=LINE('',#10013,#2324);
#1669=LINE('',#10015,#2325);
#1670=LINE('',#10016,#2326);
#1671=LINE('',#10018,#2327);
#1672=LINE('',#10019,#2328);
#1673=LINE('',#10021,#2329);
#1674=LINE('',#10023,#2330);
#1675=LINE('',#10025,#2331);
#1676=LINE('',#10027,#2332);
#1677=LINE('',#10029,#2333);
#1678=LINE('',#10031,#2334);
#1679=LINE('',#10033,#2335);
#1680=LINE('',#10035,#2336);
#1681=LINE('',#10038,#2337);
#1682=LINE('',#10041,#2338);
#1683=LINE('',#10045,#2339);
#1684=LINE('',#10047,#2340);
#1685=LINE('',#10050,#2341);
#1686=LINE('',#10053,#2342);
#1687=LINE('',#10057,#2343);
#1688=LINE('',#10059,#2344);
#1689=LINE('',#10062,#2345);
#1690=LINE('',#10064,#2346);
#1691=LINE('',#10066,#2347);
#1692=LINE('',#10068,#2348);
#1693=LINE('',#10070,#2349);
#1694=LINE('',#10072,#2350);
#1695=LINE('',#10074,#2351);
#1696=LINE('',#10076,#2352);
#1697=LINE('',#10078,#2353);
#1698=LINE('',#10080,#2354);
#1699=LINE('',#10082,#2355);
#1700=LINE('',#10084,#2356);
#1701=LINE('',#10087,#2357);
#1702=LINE('',#10089,#2358);
#1703=LINE('',#10091,#2359);
#1704=LINE('',#10093,#2360);
#1705=LINE('',#10095,#2361);
#1706=LINE('',#10097,#2362);
#1707=LINE('',#10099,#2363);
#1708=LINE('',#10101,#2364);
#1709=LINE('',#10103,#2365);
#1710=LINE('',#10105,#2366);
#1711=LINE('',#10107,#2367);
#1712=LINE('',#10109,#2368);
#1713=LINE('',#10111,#2369);
#1714=LINE('',#10113,#2370);
#1715=LINE('',#10116,#2371);
#1716=LINE('',#10138,#2372);
#1717=LINE('',#10198,#2373);
#1718=LINE('',#10207,#2374);
#1719=LINE('',#10208,#2375);
#1720=LINE('',#10210,#2376);
#1721=LINE('',#10219,#2377);
#1722=LINE('',#10221,#2378);
#1723=LINE('',#10236,#2379);
#1724=LINE('',#10238,#2380);
#1725=LINE('',#10253,#2381);
#1726=LINE('',#10255,#2382);
#1727=LINE('',#10264,#2383);
#1728=LINE('',#10266,#2384);
#1729=LINE('',#10282,#2385);
#1730=LINE('',#10285,#2386);
#1731=LINE('',#10319,#2387);
#1732=LINE('',#10321,#2388);
#1733=LINE('',#10323,#2389);
#1734=LINE('',#10332,#2390);
#1735=LINE('',#10334,#2391);
#1736=LINE('',#10349,#2392);
#1737=LINE('',#10351,#2393);
#1738=LINE('',#10366,#2394);
#1739=LINE('',#10368,#2395);
#1740=LINE('',#10377,#2396);
#1741=LINE('',#10379,#2397);
#1742=LINE('',#10388,#2398);
#1743=LINE('',#10390,#2399);
#1744=LINE('',#10399,#2400);
#1745=LINE('',#10417,#2401);
#1746=LINE('',#10499,#2402);
#1747=LINE('',#10514,#2403);
#1748=LINE('',#10622,#2404);
#1749=LINE('',#10629,#2405);
#1750=LINE('',#10739,#2406);
#1751=LINE('',#10810,#2407);
#1752=LINE('',#10820,#2408);
#1753=LINE('',#10934,#2409);
#1754=LINE('',#10946,#2410);
#1755=LINE('',#10993,#2411);
#1756=LINE('',#11088,#2412);
#1757=LINE('',#11162,#2413);
#1758=LINE('',#11166,#2414);
#1759=LINE('',#11300,#2415);
#1760=LINE('',#11301,#2416);
#1761=LINE('',#11386,#2417);
#1762=VECTOR('',#6323,3.25);
#1763=VECTOR('',#6330,10.);
#1764=VECTOR('',#6333,10.);
#1765=VECTOR('',#6338,10.);
#1766=VECTOR('',#6339,10.);
#1767=VECTOR('',#6340,10.);
#1768=VECTOR('',#6343,10.);
#1769=VECTOR('',#6344,10.);
#1770=VECTOR('',#6345,10.);
#1771=VECTOR('',#6346,10.);
#1772=VECTOR('',#6347,10.);
#1773=VECTOR('',#6348,10.);
#1774=VECTOR('',#6349,10.);
#1775=VECTOR('',#6350,10.);
#1776=VECTOR('',#6351,10.);
#1777=VECTOR('',#6352,10.);
#1778=VECTOR('',#6353,10.);
#1779=VECTOR('',#6354,10.);
#1780=VECTOR('',#6355,10.);
#1781=VECTOR('',#6356,10.);
#1782=VECTOR('',#6357,10.);
#1783=VECTOR('',#6358,10.);
#1784=VECTOR('',#6359,10.);
#1785=VECTOR('',#6360,10.);
#1786=VECTOR('',#6361,10.);
#1787=VECTOR('',#6362,10.);
#1788=VECTOR('',#6363,10.);
#1789=VECTOR('',#6364,10.);
#1790=VECTOR('',#6365,10.);
#1791=VECTOR('',#6366,10.);
#1792=VECTOR('',#6367,10.);
#1793=VECTOR('',#6368,10.);
#1794=VECTOR('',#6369,10.);
#1795=VECTOR('',#6370,10.);
#1796=VECTOR('',#6371,10.);
#1797=VECTOR('',#6372,10.);
#1798=VECTOR('',#6373,10.);
#1799=VECTOR('',#6374,10.);
#1800=VECTOR('',#6375,10.);
#1801=VECTOR('',#6376,10.);
#1802=VECTOR('',#6377,10.);
#1803=VECTOR('',#6378,10.);
#1804=VECTOR('',#6379,10.);
#1805=VECTOR('',#6380,10.);
#1806=VECTOR('',#6381,10.);
#1807=VECTOR('',#6382,10.);
#1808=VECTOR('',#6383,10.);
#1809=VECTOR('',#6384,10.);
#1810=VECTOR('',#6385,10.);
#1811=VECTOR('',#6386,10.);
#1812=VECTOR('',#6387,10.);
#1813=VECTOR('',#6388,10.);
#1814=VECTOR('',#6389,10.);
#1815=VECTOR('',#6390,10.);
#1816=VECTOR('',#6391,10.);
#1817=VECTOR('',#6392,10.);
#1818=VECTOR('',#6393,10.);
#1819=VECTOR('',#6394,10.);
#1820=VECTOR('',#6395,10.);
#1821=VECTOR('',#6396,10.);
#1822=VECTOR('',#6397,10.);
#1823=VECTOR('',#6398,10.);
#1824=VECTOR('',#6399,10.);
#1825=VECTOR('',#6400,10.);
#1826=VECTOR('',#6401,10.);
#1827=VECTOR('',#6402,10.);
#1828=VECTOR('',#6403,10.);
#1829=VECTOR('',#6404,10.);
#1830=VECTOR('',#6405,10.);
#1831=VECTOR('',#6406,10.);
#1832=VECTOR('',#6407,10.);
#1833=VECTOR('',#6408,10.);
#1834=VECTOR('',#6409,10.);
#1835=VECTOR('',#6410,10.);
#1836=VECTOR('',#6411,10.);
#1837=VECTOR('',#6412,10.);
#1838=VECTOR('',#6413,10.);
#1839=VECTOR('',#6414,10.);
#1840=VECTOR('',#6415,10.);
#1841=VECTOR('',#6416,10.);
#1842=VECTOR('',#6417,10.);
#1843=VECTOR('',#6418,10.);
#1844=VECTOR('',#6419,10.);
#1845=VECTOR('',#6420,10.);
#1846=VECTOR('',#6421,10.);
#1847=VECTOR('',#6422,10.);
#1848=VECTOR('',#6423,10.);
#1849=VECTOR('',#6424,10.);
#1850=VECTOR('',#6425,10.);
#1851=VECTOR('',#6426,10.);
#1852=VECTOR('',#6427,10.);
#1853=VECTOR('',#6428,10.);
#1854=VECTOR('',#6429,10.);
#1855=VECTOR('',#6430,10.);
#1856=VECTOR('',#6431,10.);
#1857=VECTOR('',#6432,10.);
#1858=VECTOR('',#6433,10.);
#1859=VECTOR('',#6436,10.);
#1860=VECTOR('',#6437,10.);
#1861=VECTOR('',#6440,10.);
#1862=VECTOR('',#6441,10.);
#1863=VECTOR('',#6444,10.);
#1864=VECTOR('',#6445,10.);
#1865=VECTOR('',#6446,10.);
#1866=VECTOR('',#6447,10.);
#1867=VECTOR('',#6448,10.);
#1868=VECTOR('',#6449,10.);
#1869=VECTOR('',#6450,10.);
#1870=VECTOR('',#6451,10.);
#1871=VECTOR('',#6452,10.);
#1872=VECTOR('',#6453,10.);
#1873=VECTOR('',#6454,10.);
#1874=VECTOR('',#6455,10.);
#1875=VECTOR('',#6456,10.);
#1876=VECTOR('',#6457,10.);
#1877=VECTOR('',#6458,10.);
#1878=VECTOR('',#6461,10.);
#1879=VECTOR('',#6462,10.);
#1880=VECTOR('',#6463,10.);
#1881=VECTOR('',#6464,10.);
#1882=VECTOR('',#6465,10.);
#1883=VECTOR('',#6466,10.);
#1884=VECTOR('',#6467,10.);
#1885=VECTOR('',#6468,10.);
#1886=VECTOR('',#6469,10.);
#1887=VECTOR('',#6470,10.);
#1888=VECTOR('',#6471,10.);
#1889=VECTOR('',#6472,10.);
#1890=VECTOR('',#6473,10.);
#1891=VECTOR('',#6474,10.);
#1892=VECTOR('',#6475,10.);
#1893=VECTOR('',#6478,10.);
#1894=VECTOR('',#6479,10.);
#1895=VECTOR('',#6482,10.);
#1896=VECTOR('',#6483,10.);
#1897=VECTOR('',#6486,10.);
#1898=VECTOR('',#6487,10.);
#1899=VECTOR('',#6488,10.);
#1900=VECTOR('',#6491,10.);
#1901=VECTOR('',#6492,10.);
#1902=VECTOR('',#6493,10.);
#1903=VECTOR('',#6496,10.);
#1904=VECTOR('',#6497,10.);
#1905=VECTOR('',#6500,10.);
#1906=VECTOR('',#6501,10.);
#1907=VECTOR('',#6502,10.);
#1908=VECTOR('',#6505,10.);
#1909=VECTOR('',#6506,10.);
#1910=VECTOR('',#6507,10.);
#1911=VECTOR('',#6508,10.);
#1912=VECTOR('',#6511,10.);
#1913=VECTOR('',#6512,10.);
#1914=VECTOR('',#6513,10.);
#1915=VECTOR('',#6516,10.);
#1916=VECTOR('',#6517,10.);
#1917=VECTOR('',#6518,10.);
#1918=VECTOR('',#6521,10.);
#1919=VECTOR('',#6522,10.);
#1920=VECTOR('',#6525,10.);
#1921=VECTOR('',#6526,10.);
#1922=VECTOR('',#6529,10.);
#1923=VECTOR('',#6530,10.);
#1924=VECTOR('',#6531,10.);
#1925=VECTOR('',#6532,10.);
#1926=VECTOR('',#6533,10.);
#1927=VECTOR('',#6534,10.);
#1928=VECTOR('',#6535,10.);
#1929=VECTOR('',#6536,10.);
#1930=VECTOR('',#6537,10.);
#1931=VECTOR('',#6538,10.);
#1932=VECTOR('',#6539,10.);
#1933=VECTOR('',#6540,10.);
#1934=VECTOR('',#6541,10.);
#1935=VECTOR('',#6542,10.);
#1936=VECTOR('',#6543,10.);
#1937=VECTOR('',#6546,10.);
#1938=VECTOR('',#6547,10.);
#1939=VECTOR('',#6548,10.);
#1940=VECTOR('',#6549,10.);
#1941=VECTOR('',#6550,10.);
#1942=VECTOR('',#6551,10.);
#1943=VECTOR('',#6552,10.);
#1944=VECTOR('',#6553,10.);
#1945=VECTOR('',#6554,10.);
#1946=VECTOR('',#6555,10.);
#1947=VECTOR('',#6556,10.);
#1948=VECTOR('',#6557,10.);
#1949=VECTOR('',#6558,10.);
#1950=VECTOR('',#6559,10.);
#1951=VECTOR('',#6560,10.);
#1952=VECTOR('',#6563,10.);
#1953=VECTOR('',#6564,10.);
#1954=VECTOR('',#6565,10.);
#1955=VECTOR('',#6566,10.);
#1956=VECTOR('',#6569,10.);
#1957=VECTOR('',#6570,10.);
#1958=VECTOR('',#6571,10.);
#1959=VECTOR('',#6574,10.);
#1960=VECTOR('',#6575,10.);
#1961=VECTOR('',#6578,10.);
#1962=VECTOR('',#6579,10.);
#1963=VECTOR('',#6582,10.);
#1964=VECTOR('',#6583,10.);
#1965=VECTOR('',#6584,10.);
#1966=VECTOR('',#6585,10.);
#1967=VECTOR('',#6586,10.);
#1968=VECTOR('',#6587,10.);
#1969=VECTOR('',#6590,10.);
#1970=VECTOR('',#6591,10.);
#1971=VECTOR('',#6594,10.);
#1972=VECTOR('',#6595,10.);
#1973=VECTOR('',#6598,10.);
#1974=VECTOR('',#6599,10.);
#1975=VECTOR('',#6600,10.);
#1976=VECTOR('',#6603,10.);
#1977=VECTOR('',#6604,10.);
#1978=VECTOR('',#6607,10.);
#1979=VECTOR('',#6608,10.);
#1980=VECTOR('',#6611,10.);
#1981=VECTOR('',#6614,10.);
#1982=VECTOR('',#6615,10.);
#1983=VECTOR('',#6616,10.);
#1984=VECTOR('',#6619,10.);
#1985=VECTOR('',#6620,10.);
#1986=VECTOR('',#6623,10.);
#1987=VECTOR('',#6626,10.);
#1988=VECTOR('',#6627,10.);
#1989=VECTOR('',#6628,10.);
#1990=VECTOR('',#6631,10.);
#1991=VECTOR('',#6632,10.);
#1992=VECTOR('',#6635,10.);
#1993=VECTOR('',#6636,10.);
#1994=VECTOR('',#6639,10.);
#1995=VECTOR('',#6640,10.);
#1996=VECTOR('',#6643,10.);
#1997=VECTOR('',#6644,10.);
#1998=VECTOR('',#6647,10.);
#1999=VECTOR('',#6648,10.);
#2000=VECTOR('',#6649,10.);
#2001=VECTOR('',#6652,10.);
#2002=VECTOR('',#6655,10.);
#2003=VECTOR('',#6656,10.);
#2004=VECTOR('',#6657,10.);
#2005=VECTOR('',#6660,10.);
#2006=VECTOR('',#6663,10.);
#2007=VECTOR('',#6664,10.);
#2008=VECTOR('',#6665,10.);
#2009=VECTOR('',#6668,10.);
#2010=VECTOR('',#6671,10.);
#2011=VECTOR('',#6672,10.);
#2012=VECTOR('',#6673,10.);
#2013=VECTOR('',#6676,10.);
#2014=VECTOR('',#6677,10.);
#2015=VECTOR('',#6680,10.);
#2016=VECTOR('',#6681,10.);
#2017=VECTOR('',#6684,10.);
#2018=VECTOR('',#6685,10.);
#2019=VECTOR('',#6688,10.);
#2020=VECTOR('',#6689,10.);
#2021=VECTOR('',#6690,10.);
#2022=VECTOR('',#6693,10.);
#2023=VECTOR('',#6696,10.);
#2024=VECTOR('',#6697,10.);
#2025=VECTOR('',#6698,10.);
#2026=VECTOR('',#6701,10.);
#2027=VECTOR('',#6702,10.);
#2028=VECTOR('',#6705,10.);
#2029=VECTOR('',#6706,10.);
#2030=VECTOR('',#6707,10.);
#2031=VECTOR('',#6710,10.);
#2032=VECTOR('',#6713,10.);
#2033=VECTOR('',#6714,10.);
#2034=VECTOR('',#6715,10.);
#2035=VECTOR('',#6718,10.);
#2036=VECTOR('',#6721,10.);
#2037=VECTOR('',#6724,10.);
#2038=VECTOR('',#6727,10.);
#2039=VECTOR('',#6728,10.);
#2040=VECTOR('',#6731,10.);
#2041=VECTOR('',#6734,10.);
#2042=VECTOR('',#6735,10.);
#2043=VECTOR('',#6736,10.);
#2044=VECTOR('',#6737,10.);
#2045=VECTOR('',#6738,10.);
#2046=VECTOR('',#6739,10.);
#2047=VECTOR('',#6740,10.);
#2048=VECTOR('',#6741,10.);
#2049=VECTOR('',#6742,10.);
#2050=VECTOR('',#6743,10.);
#2051=VECTOR('',#6744,10.);
#2052=VECTOR('',#6745,10.);
#2053=VECTOR('',#6746,10.);
#2054=VECTOR('',#6747,10.);
#2055=VECTOR('',#6748,10.);
#2056=VECTOR('',#6749,10.);
#2057=VECTOR('',#6750,10.);
#2058=VECTOR('',#6751,10.);
#2059=VECTOR('',#6752,10.);
#2060=VECTOR('',#6753,10.);
#2061=VECTOR('',#6754,10.);
#2062=VECTOR('',#6755,10.);
#2063=VECTOR('',#6756,10.);
#2064=VECTOR('',#6757,10.);
#2065=VECTOR('',#6758,10.);
#2066=VECTOR('',#6759,10.);
#2067=VECTOR('',#6760,10.);
#2068=VECTOR('',#6761,10.);
#2069=VECTOR('',#6762,10.);
#2070=VECTOR('',#6763,10.);
#2071=VECTOR('',#6764,10.);
#2072=VECTOR('',#6765,10.);
#2073=VECTOR('',#6766,10.);
#2074=VECTOR('',#6767,10.);
#2075=VECTOR('',#6768,10.);
#2076=VECTOR('',#6769,10.);
#2077=VECTOR('',#6770,10.);
#2078=VECTOR('',#6771,10.);
#2079=VECTOR('',#6772,10.);
#2080=VECTOR('',#6773,10.);
#2081=VECTOR('',#6774,10.);
#2082=VECTOR('',#6775,10.);
#2083=VECTOR('',#6776,10.);
#2084=VECTOR('',#6777,10.);
#2085=VECTOR('',#6778,10.);
#2086=VECTOR('',#6779,10.);
#2087=VECTOR('',#6780,10.);
#2088=VECTOR('',#6781,10.);
#2089=VECTOR('',#6782,10.);
#2090=VECTOR('',#6783,10.);
#2091=VECTOR('',#6784,10.);
#2092=VECTOR('',#6785,10.);
#2093=VECTOR('',#6786,10.);
#2094=VECTOR('',#6787,10.);
#2095=VECTOR('',#6788,10.);
#2096=VECTOR('',#6789,10.);
#2097=VECTOR('',#6790,10.);
#2098=VECTOR('',#6793,10.);
#2099=VECTOR('',#6794,10.);
#2100=VECTOR('',#6797,10.);
#2101=VECTOR('',#6798,10.);
#2102=VECTOR('',#6799,10.);
#2103=VECTOR('',#6802,10.);
#2104=VECTOR('',#6803,10.);
#2105=VECTOR('',#6804,10.);
#2106=VECTOR('',#6805,10.);
#2107=VECTOR('',#6808,10.);
#2108=VECTOR('',#6809,10.);
#2109=VECTOR('',#6810,10.);
#2110=VECTOR('',#6813,10.);
#2111=VECTOR('',#6814,10.);
#2112=VECTOR('',#6815,10.);
#2113=VECTOR('',#6818,10.);
#2114=VECTOR('',#6819,10.);
#2115=VECTOR('',#6822,10.);
#2116=VECTOR('',#6823,10.);
#2117=VECTOR('',#6826,10.);
#2118=VECTOR('',#6827,10.);
#2119=VECTOR('',#6828,10.);
#2120=VECTOR('',#6829,10.);
#2121=VECTOR('',#6830,10.);
#2122=VECTOR('',#6831,10.);
#2123=VECTOR('',#6832,10.);
#2124=VECTOR('',#6833,10.);
#2125=VECTOR('',#6834,10.);
#2126=VECTOR('',#6835,10.);
#2127=VECTOR('',#6836,10.);
#2128=VECTOR('',#6837,10.);
#2129=VECTOR('',#6838,10.);
#2130=VECTOR('',#6839,10.);
#2131=VECTOR('',#6840,10.);
#2132=VECTOR('',#6843,10.);
#2133=VECTOR('',#6844,10.);
#2134=VECTOR('',#6845,10.);
#2135=VECTOR('',#6846,10.);
#2136=VECTOR('',#6847,10.);
#2137=VECTOR('',#6848,10.);
#2138=VECTOR('',#6849,10.);
#2139=VECTOR('',#6850,10.);
#2140=VECTOR('',#6851,10.);
#2141=VECTOR('',#6852,10.);
#2142=VECTOR('',#6853,10.);
#2143=VECTOR('',#6854,10.);
#2144=VECTOR('',#6855,10.);
#2145=VECTOR('',#6856,10.);
#2146=VECTOR('',#6857,10.);
#2147=VECTOR('',#6860,10.);
#2148=VECTOR('',#6861,10.);
#2149=VECTOR('',#6864,10.);
#2150=VECTOR('',#6865,10.);
#2151=VECTOR('',#6868,10.);
#2152=VECTOR('',#6869,10.);
#2153=VECTOR('',#6870,10.);
#2154=VECTOR('',#6873,10.);
#2155=VECTOR('',#6874,10.);
#2156=VECTOR('',#6875,10.);
#2157=VECTOR('',#6878,10.);
#2158=VECTOR('',#6879,10.);
#2159=VECTOR('',#6882,10.);
#2160=VECTOR('',#6883,10.);
#2161=VECTOR('',#6886,10.);
#2162=VECTOR('',#6887,10.);
#2163=VECTOR('',#6888,10.);
#2164=VECTOR('',#6889,10.);
#2165=VECTOR('',#6890,10.);
#2166=VECTOR('',#6891,10.);
#2167=VECTOR('',#6892,10.);
#2168=VECTOR('',#6893,10.);
#2169=VECTOR('',#6894,10.);
#2170=VECTOR('',#6895,10.);
#2171=VECTOR('',#6896,10.);
#2172=VECTOR('',#6897,10.);
#2173=VECTOR('',#6898,10.);
#2174=VECTOR('',#6899,10.);
#2175=VECTOR('',#6900,10.);
#2176=VECTOR('',#6903,10.);
#2177=VECTOR('',#6904,10.);
#2178=VECTOR('',#6905,10.);
#2179=VECTOR('',#6906,10.);
#2180=VECTOR('',#6907,10.);
#2181=VECTOR('',#6908,10.);
#2182=VECTOR('',#6909,10.);
#2183=VECTOR('',#6910,10.);
#2184=VECTOR('',#6911,10.);
#2185=VECTOR('',#6912,10.);
#2186=VECTOR('',#6913,10.);
#2187=VECTOR('',#6914,10.);
#2188=VECTOR('',#6915,10.);
#2189=VECTOR('',#6916,10.);
#2190=VECTOR('',#6917,10.);
#2191=VECTOR('',#6920,10.);
#2192=VECTOR('',#6921,10.);
#2193=VECTOR('',#6922,10.);
#2194=VECTOR('',#6923,10.);
#2195=VECTOR('',#6926,10.);
#2196=VECTOR('',#6927,10.);
#2197=VECTOR('',#6928,10.);
#2198=VECTOR('',#6931,10.);
#2199=VECTOR('',#6932,10.);
#2200=VECTOR('',#6935,10.);
#2201=VECTOR('',#6936,10.);
#2202=VECTOR('',#6939,10.);
#2203=VECTOR('',#6940,10.);
#2204=VECTOR('',#6941,10.);
#2205=VECTOR('',#6942,10.);
#2206=VECTOR('',#6943,10.);
#2207=VECTOR('',#6944,10.);
#2208=VECTOR('',#6947,10.);
#2209=VECTOR('',#6948,10.);
#2210=VECTOR('',#6951,10.);
#2211=VECTOR('',#6952,10.);
#2212=VECTOR('',#6955,10.);
#2213=VECTOR('',#6956,10.);
#2214=VECTOR('',#6959,10.);
#2215=VECTOR('',#6960,10.);
#2216=VECTOR('',#6963,10.);
#2217=VECTOR('',#6964,10.);
#2218=VECTOR('',#6967,10.);
#2219=VECTOR('',#6968,10.);
#2220=VECTOR('',#6971,10.);
#2221=VECTOR('',#6972,10.);
#2222=VECTOR('',#6975,10.);
#2223=VECTOR('',#6976,10.);
#2224=VECTOR('',#6979,10.);
#2225=VECTOR('',#6980,10.);
#2226=VECTOR('',#6983,10.);
#2227=VECTOR('',#6984,10.);
#2228=VECTOR('',#6987,10.);
#2229=VECTOR('',#6988,10.);
#2230=VECTOR('',#6991,10.);
#2231=VECTOR('',#6994,10.);
#2232=VECTOR('',#6997,10.);
#2233=VECTOR('',#7000,10.);
#2234=VECTOR('',#7003,10.);
#2235=VECTOR('',#7006,10.);
#2236=VECTOR('',#7009,10.);
#2237=VECTOR('',#7012,10.);
#2238=VECTOR('',#7017,10.);
#2239=VECTOR('',#7022,10.);
#2240=VECTOR('',#7029,10.);
#2241=VECTOR('',#7032,10.);
#2242=VECTOR('',#7035,10.);
#2243=VECTOR('',#7042,10.);
#2244=VECTOR('',#7047,10.);
#2245=VECTOR('',#7050,10.);
#2246=VECTOR('',#7057,10.);
#2247=VECTOR('',#7060,10.);
#2248=VECTOR('',#7063,10.);
#2249=VECTOR('',#7066,10.);
#2250=VECTOR('',#7069,10.);
#2251=VECTOR('',#7072,10.);
#2252=VECTOR('',#7075,10.);
#2253=VECTOR('',#7078,10.);
#2254=VECTOR('',#7081,10.);
#2255=VECTOR('',#7084,10.);
#2256=VECTOR('',#7087,10.);
#2257=VECTOR('',#7090,10.);
#2258=VECTOR('',#7095,10.);
#2259=VECTOR('',#7098,10.);
#2260=VECTOR('',#7101,10.);
#2261=VECTOR('',#7104,10.);
#2262=VECTOR('',#7107,10.);
#2263=VECTOR('',#7110,10.);
#2264=VECTOR('',#7113,10.);
#2265=VECTOR('',#7116,10.);
#2266=VECTOR('',#7119,10.);
#2267=VECTOR('',#7122,10.);
#2268=VECTOR('',#7125,10.);
#2269=VECTOR('',#7128,10.);
#2270=VECTOR('',#7131,10.);
#2271=VECTOR('',#7134,10.);
#2272=VECTOR('',#7139,10.);
#2273=VECTOR('',#7140,10.);
#2274=VECTOR('',#7143,10.);
#2275=VECTOR('',#7146,10.);
#2276=VECTOR('',#7151,10.);
#2277=VECTOR('',#7152,10.);
#2278=VECTOR('',#7155,10.);
#2279=VECTOR('',#7160,10.);
#2280=VECTOR('',#7161,10.);
#2281=VECTOR('',#7164,10.);
#2282=VECTOR('',#7167,10.);
#2283=VECTOR('',#7170,10.);
#2284=VECTOR('',#7171,10.);
#2285=VECTOR('',#7174,10.);
#2286=VECTOR('',#7177,10.);
#2287=VECTOR('',#7180,10.);
#2288=VECTOR('',#7185,10.);
#2289=VECTOR('',#7188,10.);
#2290=VECTOR('',#7189,10.);
#2291=VECTOR('',#7194,10.);
#2292=VECTOR('',#7195,10.);
#2293=VECTOR('',#7198,10.);
#2294=VECTOR('',#7201,10.);
#2295=VECTOR('',#7204,10.);
#2296=VECTOR('',#7207,10.);
#2297=VECTOR('',#7208,10.);
#2298=VECTOR('',#7213,10.);
#2299=VECTOR('',#7214,10.);
#2300=VECTOR('',#7217,10.);
#2301=VECTOR('',#7220,10.);
#2302=VECTOR('',#7223,10.);
#2303=VECTOR('',#7224,10.);
#2304=VECTOR('',#7229,10.);
#2305=VECTOR('',#7232,10.);
#2306=VECTOR('',#7235,10.);
#2307=VECTOR('',#7244,10.);
#2308=VECTOR('',#7245,10.);
#2309=VECTOR('',#7248,10.);
#2310=VECTOR('',#7249,10.);
#2311=VECTOR('',#7252,10.);
#2312=VECTOR('',#7253,10.);
#2313=VECTOR('',#7256,10.);
#2314=VECTOR('',#7257,10.);
#2315=VECTOR('',#7260,10.);
#2316=VECTOR('',#7261,10.);
#2317=VECTOR('',#7264,10.);
#2318=VECTOR('',#7265,10.);
#2319=VECTOR('',#7268,10.);
#2320=VECTOR('',#7269,10.);
#2321=VECTOR('',#7272,10.);
#2322=VECTOR('',#7273,10.);
#2323=VECTOR('',#7276,10.);
#2324=VECTOR('',#7277,10.);
#2325=VECTOR('',#7280,10.);
#2326=VECTOR('',#7281,10.);
#2327=VECTOR('',#7284,10.);
#2328=VECTOR('',#7285,10.);
#2329=VECTOR('',#7288,10.);
#2330=VECTOR('',#7291,10.);
#2331=VECTOR('',#7294,10.);
#2332=VECTOR('',#7297,10.);
#2333=VECTOR('',#7300,10.);
#2334=VECTOR('',#7303,10.);
#2335=VECTOR('',#7306,10.);
#2336=VECTOR('',#7309,10.);
#2337=VECTOR('',#7314,10.);
#2338=VECTOR('',#7319,10.);
#2339=VECTOR('',#7326,10.);
#2340=VECTOR('',#7329,10.);
#2341=VECTOR('',#7334,10.);
#2342=VECTOR('',#7339,10.);
#2343=VECTOR('',#7346,10.);
#2344=VECTOR('',#7349,10.);
#2345=VECTOR('',#7354,10.);
#2346=VECTOR('',#7357,10.);
#2347=VECTOR('',#7360,10.);
#2348=VECTOR('',#7363,10.);
#2349=VECTOR('',#7366,10.);
#2350=VECTOR('',#7369,10.);
#2351=VECTOR('',#7372,10.);
#2352=VECTOR('',#7375,10.);
#2353=VECTOR('',#7378,10.);
#2354=VECTOR('',#7381,10.);
#2355=VECTOR('',#7384,10.);
#2356=VECTOR('',#7387,10.);
#2357=VECTOR('',#7392,10.);
#2358=VECTOR('',#7395,10.);
#2359=VECTOR('',#7398,10.);
#2360=VECTOR('',#7401,10.);
#2361=VECTOR('',#7404,10.);
#2362=VECTOR('',#7407,10.);
#2363=VECTOR('',#7410,10.);
#2364=VECTOR('',#7413,10.);
#2365=VECTOR('',#7416,10.);
#2366=VECTOR('',#7419,10.);
#2367=VECTOR('',#7422,10.);
#2368=VECTOR('',#7425,10.);
#2369=VECTOR('',#7428,10.);
#2370=VECTOR('',#7431,10.);
#2371=VECTOR('',#7436,10.);
#2372=VECTOR('',#7437,10.);
#2373=VECTOR('',#7440,10.);
#2374=VECTOR('',#7441,10.);
#2375=VECTOR('',#7442,10.);
#2376=VECTOR('',#7445,10.);
#2377=VECTOR('',#7446,10.);
#2378=VECTOR('',#7449,10.);
#2379=VECTOR('',#7450,10.);
#2380=VECTOR('',#7453,10.);
#2381=VECTOR('',#7454,10.);
#2382=VECTOR('',#7457,10.);
#2383=VECTOR('',#7458,10.);
#2384=VECTOR('',#7461,10.);
#2385=VECTOR('',#7464,10.);
#2386=VECTOR('',#7469,10.);
#2387=VECTOR('',#7472,10.);
#2388=VECTOR('',#7475,10.);
#2389=VECTOR('',#7478,10.);
#2390=VECTOR('',#7479,10.);
#2391=VECTOR('',#7482,10.);
#2392=VECTOR('',#7483,10.);
#2393=VECTOR('',#7486,10.);
#2394=VECTOR('',#7487,10.);
#2395=VECTOR('',#7490,10.);
#2396=VECTOR('',#7491,10.);
#2397=VECTOR('',#7494,10.);
#2398=VECTOR('',#7495,10.);
#2399=VECTOR('',#7498,10.);
#2400=VECTOR('',#7499,10.);
#2401=VECTOR('',#7502,10.);
#2402=VECTOR('',#7505,10.);
#2403=VECTOR('',#7506,10.);
#2404=VECTOR('',#7511,10.);
#2405=VECTOR('',#7512,10.);
#2406=VECTOR('',#7515,10.);
#2407=VECTOR('',#7518,10.);
#2408=VECTOR('',#7521,10.);
#2409=VECTOR('',#7524,10.);
#2410=VECTOR('',#7525,10.);
#2411=VECTOR('',#7528,10.);
#2412=VECTOR('',#7535,10.);
#2413=VECTOR('',#7538,10.);
#2414=VECTOR('',#7541,10.);
#2415=VECTOR('',#7546,10.);
#2416=VECTOR('',#7547,10.);
#2417=VECTOR('',#7550,10.);
#2418=CIRCLE('',#6025,3.25);
#2419=CIRCLE('',#6026,3.25);
#2420=CIRCLE('',#6029,2.5);
#2421=CIRCLE('',#6030,2.5);
#2422=CIRCLE('',#6033,1.5);
#2423=CIRCLE('',#6034,1.5);
#2424=CIRCLE('',#6035,1.5);
#2425=CIRCLE('',#6036,2.);
#2426=CIRCLE('',#6037,1.5);
#2427=CIRCLE('',#6038,1.5);
#2428=CIRCLE('',#6039,2.);
#2429=CIRCLE('',#6040,1.5);
#2430=CIRCLE('',#6041,1.5);
#2431=CIRCLE('',#6042,1.5);
#2432=CIRCLE('',#6043,2.);
#2433=CIRCLE('',#6044,2.);
#2434=CIRCLE('',#6045,1.5);
#2435=CIRCLE('',#6046,1.5);
#2436=CIRCLE('',#6047,1.5);
#2437=CIRCLE('',#6048,1.5);
#2438=CIRCLE('',#6049,2.);
#2439=CIRCLE('',#6050,1.5);
#2440=CIRCLE('',#6051,2.);
#2441=CIRCLE('',#6052,1.5);
#2442=CIRCLE('',#6053,1.5);
#2443=CIRCLE('',#6054,1.5);
#2444=CIRCLE('',#6092,1.5);
#2445=CIRCLE('',#6093,1.5);
#2446=CIRCLE('',#6094,2.);
#2447=CIRCLE('',#6095,2.);
#2448=CIRCLE('',#6096,1.5);
#2449=CIRCLE('',#6097,1.5);
#2450=CIRCLE('',#6098,1.5);
#2451=CIRCLE('',#6099,1.5);
#2452=CIRCLE('',#6100,2.);
#2453=CIRCLE('',#6101,1.5);
#2454=CIRCLE('',#6102,1.5);
#2455=CIRCLE('',#6103,2.);
#2456=CIRCLE('',#6104,1.5);
#2457=CIRCLE('',#6105,1.5);
#2458=CIRCLE('',#6106,1.5);
#2459=CIRCLE('',#6107,1.5);
#2460=CIRCLE('',#6108,2.);
#2461=CIRCLE('',#6109,1.5);
#2462=CIRCLE('',#6110,2.);
#2463=CIRCLE('',#6111,1.5);
#2464=CIRCLE('',#6112,1.5);
#2465=CIRCLE('',#6113,1.5);
#2466=VERTEX_POINT('',#7560);
#2467=VERTEX_POINT('',#7562);
#2468=VERTEX_POINT('',#7567);
#2469=VERTEX_POINT('',#7568);
#2470=VERTEX_POINT('',#7570);
#2471=VERTEX_POINT('',#7572);
#2472=VERTEX_POINT('',#7576);
#2473=VERTEX_POINT('',#7578);
#2474=VERTEX_POINT('',#7582);
#2475=VERTEX_POINT('',#7584);
#2476=VERTEX_POINT('',#7586);
#2477=VERTEX_POINT('',#7594);
#2478=VERTEX_POINT('',#7601);
#2479=VERTEX_POINT('',#7603);
#2480=VERTEX_POINT('',#7605);
#2481=VERTEX_POINT('',#7607);
#2482=VERTEX_POINT('',#7612);
#2483=VERTEX_POINT('',#7614);
#2484=VERTEX_POINT('',#7622);
#2485=VERTEX_POINT('',#7624);
#2486=VERTEX_POINT('',#7632);
#2487=VERTEX_POINT('',#7634);
#2488=VERTEX_POINT('',#7639);
#2489=VERTEX_POINT('',#7641);
#2490=VERTEX_POINT('',#7646);
#2491=VERTEX_POINT('',#7648);
#2492=VERTEX_POINT('',#7653);
#2493=VERTEX_POINT('',#7655);
#2494=VERTEX_POINT('',#7662);
#2495=VERTEX_POINT('',#7664);
#2496=VERTEX_POINT('',#7669);
#2497=VERTEX_POINT('',#7671);
#2498=VERTEX_POINT('',#7673);
#2499=VERTEX_POINT('',#7675);
#2500=VERTEX_POINT('',#7683);
#2501=VERTEX_POINT('',#7685);
#2502=VERTEX_POINT('',#7687);
#2503=VERTEX_POINT('',#7689);
#2504=VERTEX_POINT('',#7691);
#2505=VERTEX_POINT('',#7693);
#2506=VERTEX_POINT('',#7695);
#2507=VERTEX_POINT('',#7703);
#2508=VERTEX_POINT('',#7705);
#2509=VERTEX_POINT('',#7707);
#2510=VERTEX_POINT('',#7709);
#2511=VERTEX_POINT('',#7711);
#2512=VERTEX_POINT('',#7713);
#2513=VERTEX_POINT('',#7715);
#2514=VERTEX_POINT('',#7717);
#2515=VERTEX_POINT('',#7719);
#2516=VERTEX_POINT('',#7721);
#2517=VERTEX_POINT('',#7723);
#2518=VERTEX_POINT('',#7725);
#2519=VERTEX_POINT('',#7727);
#2520=VERTEX_POINT('',#7730);
#2521=VERTEX_POINT('',#7732);
#2522=VERTEX_POINT('',#7734);
#2523=VERTEX_POINT('',#7736);
#2524=VERTEX_POINT('',#7738);
#2525=VERTEX_POINT('',#7740);
#2526=VERTEX_POINT('',#7751);
#2527=VERTEX_POINT('',#7753);
#2528=VERTEX_POINT('',#7755);
#2529=VERTEX_POINT('',#7757);
#2530=VERTEX_POINT('',#7762);
#2531=VERTEX_POINT('',#7764);
#2532=VERTEX_POINT('',#7771);
#2533=VERTEX_POINT('',#7785);
#2534=VERTEX_POINT('',#7793);
#2535=VERTEX_POINT('',#7795);
#2536=VERTEX_POINT('',#7800);
#2537=VERTEX_POINT('',#7802);
#2538=VERTEX_POINT('',#7804);
#2539=VERTEX_POINT('',#7806);
#2540=VERTEX_POINT('',#7817);
#2541=VERTEX_POINT('',#7819);
#2542=VERTEX_POINT('',#7821);
#2543=VERTEX_POINT('',#7823);
#2544=VERTEX_POINT('',#7825);
#2545=VERTEX_POINT('',#7827);
#2546=VERTEX_POINT('',#7829);
#2547=VERTEX_POINT('',#7831);
#2548=VERTEX_POINT('',#7834);
#2549=VERTEX_POINT('',#7836);
#2550=VERTEX_POINT('',#7838);
#2551=VERTEX_POINT('',#7840);
#2552=VERTEX_POINT('',#7842);
#2553=VERTEX_POINT('',#7844);
#2554=VERTEX_POINT('',#7846);
#2555=VERTEX_POINT('',#7848);
#2556=VERTEX_POINT('',#7850);
#2557=VERTEX_POINT('',#7852);
#2558=VERTEX_POINT('',#7854);
#2559=VERTEX_POINT('',#7862);
#2560=VERTEX_POINT('',#7864);
#2561=VERTEX_POINT('',#7866);
#2562=VERTEX_POINT('',#7868);
#2563=VERTEX_POINT('',#7870);
#2564=VERTEX_POINT('',#7872);
#2565=VERTEX_POINT('',#7874);
#2566=VERTEX_POINT('',#7879);
#2567=VERTEX_POINT('',#7881);
#2568=VERTEX_POINT('',#7883);
#2569=VERTEX_POINT('',#7885);
#2570=VERTEX_POINT('',#7890);
#2571=VERTEX_POINT('',#7892);
#2572=VERTEX_POINT('',#7900);
#2573=VERTEX_POINT('',#7902);
#2574=VERTEX_POINT('',#7907);
#2575=VERTEX_POINT('',#7909);
#2576=VERTEX_POINT('',#7914);
#2577=VERTEX_POINT('',#7916);
#2578=VERTEX_POINT('',#7921);
#2579=VERTEX_POINT('',#7923);
#2580=VERTEX_POINT('',#7931);
#2581=VERTEX_POINT('',#7933);
#2582=VERTEX_POINT('',#7941);
#2583=VERTEX_POINT('',#7943);
#2584=VERTEX_POINT('',#7948);
#2585=VERTEX_POINT('',#7950);
#2586=VERTEX_POINT('',#7952);
#2587=VERTEX_POINT('',#7954);
#2588=VERTEX_POINT('',#7961);
#2589=VERTEX_POINT('',#7970);
#2590=VERTEX_POINT('',#7971);
#2591=VERTEX_POINT('',#7973);
#2592=VERTEX_POINT('',#7975);
#2593=VERTEX_POINT('',#7978);
#2594=VERTEX_POINT('',#7979);
#2595=VERTEX_POINT('',#7981);
#2596=VERTEX_POINT('',#7983);
#2597=VERTEX_POINT('',#7985);
#2598=VERTEX_POINT('',#7987);
#2599=VERTEX_POINT('',#7990);
#2600=VERTEX_POINT('',#7991);
#2601=VERTEX_POINT('',#7993);
#2602=VERTEX_POINT('',#7995);
#2603=VERTEX_POINT('',#7997);
#2604=VERTEX_POINT('',#7999);
#2605=VERTEX_POINT('',#8001);
#2606=VERTEX_POINT('',#8003);
#2607=VERTEX_POINT('',#8005);
#2608=VERTEX_POINT('',#8007);
#2609=VERTEX_POINT('',#8009);
#2610=VERTEX_POINT('',#8011);
#2611=VERTEX_POINT('',#8013);
#2612=VERTEX_POINT('',#8015);
#2613=VERTEX_POINT('',#8017);
#2614=VERTEX_POINT('',#8019);
#2615=VERTEX_POINT('',#8021);
#2616=VERTEX_POINT('',#8023);
#2617=VERTEX_POINT('',#8025);
#2618=VERTEX_POINT('',#8027);
#2619=VERTEX_POINT('',#8029);
#2620=VERTEX_POINT('',#8031);
#2621=VERTEX_POINT('',#8033);
#2622=VERTEX_POINT('',#8035);
#2623=VERTEX_POINT('',#8037);
#2624=VERTEX_POINT('',#8039);
#2625=VERTEX_POINT('',#8041);
#2626=VERTEX_POINT('',#8043);
#2627=VERTEX_POINT('',#8045);
#2628=VERTEX_POINT('',#8047);
#2629=VERTEX_POINT('',#8049);
#2630=VERTEX_POINT('',#8051);
#2631=VERTEX_POINT('',#8054);
#2632=VERTEX_POINT('',#8055);
#2633=VERTEX_POINT('',#8057);
#2634=VERTEX_POINT('',#8059);
#2635=VERTEX_POINT('',#8061);
#2636=VERTEX_POINT('',#8063);
#2637=VERTEX_POINT('',#8066);
#2638=VERTEX_POINT('',#8067);
#2639=VERTEX_POINT('',#8069);
#2640=VERTEX_POINT('',#8071);
#2641=VERTEX_POINT('',#8073);
#2642=VERTEX_POINT('',#8075);
#2643=VERTEX_POINT('',#8077);
#2644=VERTEX_POINT('',#8079);
#2645=VERTEX_POINT('',#8082);
#2646=VERTEX_POINT('',#8083);
#2647=VERTEX_POINT('',#8085);
#2648=VERTEX_POINT('',#8087);
#2649=VERTEX_POINT('',#8089);
#2650=VERTEX_POINT('',#8091);
#2651=VERTEX_POINT('',#8093);
#2652=VERTEX_POINT('',#8095);
#2653=VERTEX_POINT('',#8097);
#2654=VERTEX_POINT('',#8099);
#2655=VERTEX_POINT('',#8101);
#2656=VERTEX_POINT('',#8103);
#2657=VERTEX_POINT('',#8106);
#2658=VERTEX_POINT('',#8107);
#2659=VERTEX_POINT('',#8109);
#2660=VERTEX_POINT('',#8111);
#2661=VERTEX_POINT('',#8113);
#2662=VERTEX_POINT('',#8115);
#2663=VERTEX_POINT('',#8117);
#2664=VERTEX_POINT('',#8119);
#2665=VERTEX_POINT('',#8122);
#2666=VERTEX_POINT('',#8123);
#2667=VERTEX_POINT('',#8125);
#2668=VERTEX_POINT('',#8127);
#2669=VERTEX_POINT('',#8129);
#2670=VERTEX_POINT('',#8131);
#2671=VERTEX_POINT('',#8134);
#2672=VERTEX_POINT('',#8135);
#2673=VERTEX_POINT('',#8137);
#2674=VERTEX_POINT('',#8139);
#2675=VERTEX_POINT('',#8141);
#2676=VERTEX_POINT('',#8143);
#2677=VERTEX_POINT('',#8145);
#2678=VERTEX_POINT('',#8147);
#2679=VERTEX_POINT('',#8149);
#2680=VERTEX_POINT('',#8151);
#2681=VERTEX_POINT('',#8153);
#2682=VERTEX_POINT('',#8155);
#2683=VERTEX_POINT('',#8157);
#2684=VERTEX_POINT('',#8159);
#2685=VERTEX_POINT('',#8161);
#2686=VERTEX_POINT('',#8163);
#2687=VERTEX_POINT('',#8165);
#2688=VERTEX_POINT('',#8167);
#2689=VERTEX_POINT('',#8169);
#2690=VERTEX_POINT('',#8171);
#2691=VERTEX_POINT('',#8173);
#2692=VERTEX_POINT('',#8175);
#2693=VERTEX_POINT('',#8177);
#2694=VERTEX_POINT('',#8179);
#2695=VERTEX_POINT('',#8181);
#2696=VERTEX_POINT('',#8183);
#2697=VERTEX_POINT('',#8185);
#2698=VERTEX_POINT('',#8187);
#2699=VERTEX_POINT('',#8189);
#2700=VERTEX_POINT('',#8191);
#2701=VERTEX_POINT('',#8193);
#2702=VERTEX_POINT('',#8195);
#2703=VERTEX_POINT('',#8198);
#2704=VERTEX_POINT('',#8199);
#2705=VERTEX_POINT('',#8201);
#2706=VERTEX_POINT('',#8203);
#2707=VERTEX_POINT('',#8205);
#2708=VERTEX_POINT('',#8207);
#2709=VERTEX_POINT('',#8209);
#2710=VERTEX_POINT('',#8211);
#2711=VERTEX_POINT('',#8213);
#2712=VERTEX_POINT('',#8215);
#2713=VERTEX_POINT('',#8217);
#2714=VERTEX_POINT('',#8219);
#2715=VERTEX_POINT('',#8222);
#2716=VERTEX_POINT('',#8223);
#2717=VERTEX_POINT('',#8225);
#2718=VERTEX_POINT('',#8227);
#2719=VERTEX_POINT('',#8229);
#2720=VERTEX_POINT('',#8231);
#2721=VERTEX_POINT('',#8234);
#2722=VERTEX_POINT('',#8235);
#2723=VERTEX_POINT('',#8237);
#2724=VERTEX_POINT('',#8239);
#2725=VERTEX_POINT('',#8243);
#2726=VERTEX_POINT('',#8247);
#2727=VERTEX_POINT('',#8251);
#2728=VERTEX_POINT('',#8252);
#2729=VERTEX_POINT('',#8257);
#2730=VERTEX_POINT('',#8261);
#2731=VERTEX_POINT('',#8267);
#2732=VERTEX_POINT('',#8268);
#2733=VERTEX_POINT('',#8271);
#2734=VERTEX_POINT('',#8278);
#2735=VERTEX_POINT('',#8280);
#2736=VERTEX_POINT('',#8300);
#2737=VERTEX_POINT('',#8301);
#2738=VERTEX_POINT('',#8313);
#2739=VERTEX_POINT('',#8314);
#2740=VERTEX_POINT('',#8319);
#2741=VERTEX_POINT('',#8323);
#2742=VERTEX_POINT('',#8327);
#2743=VERTEX_POINT('',#8331);
#2744=VERTEX_POINT('',#8335);
#2745=VERTEX_POINT('',#8342);
#2746=VERTEX_POINT('',#8343);
#2747=VERTEX_POINT('',#8350);
#2748=VERTEX_POINT('',#8351);
#2749=VERTEX_POINT('',#8358);
#2750=VERTEX_POINT('',#8359);
#2751=VERTEX_POINT('',#8364);
#2752=VERTEX_POINT('',#8368);
#2753=VERTEX_POINT('',#8372);
#2754=VERTEX_POINT('',#8374);
#2755=VERTEX_POINT('',#8381);
#2756=VERTEX_POINT('',#8383);
#2757=VERTEX_POINT('',#8443);
#2758=VERTEX_POINT('',#8444);
#2759=VERTEX_POINT('',#8446);
#2760=VERTEX_POINT('',#8453);
#2761=VERTEX_POINT('',#8466);
#2762=VERTEX_POINT('',#8478);
#2763=VERTEX_POINT('',#8479);
#2764=VERTEX_POINT('',#8484);
#2765=VERTEX_POINT('',#8488);
#2766=VERTEX_POINT('',#8489);
#2767=VERTEX_POINT('',#8496);
#2768=VERTEX_POINT('',#8507);
#2769=VERTEX_POINT('',#8544);
#2770=VERTEX_POINT('',#8549);
#2771=VERTEX_POINT('',#8594);
#2772=VERTEX_POINT('',#8645);
#2773=VERTEX_POINT('',#8650);
#2774=VERTEX_POINT('',#8696);
#2775=VERTEX_POINT('',#8711);
#2776=VERTEX_POINT('',#8718);
#2777=VERTEX_POINT('',#8744);
#2778=VERTEX_POINT('',#8749);
#2779=VERTEX_POINT('',#8832);
#2780=VERTEX_POINT('',#8845);
#2781=VERTEX_POINT('',#8855);
#2782=VERTEX_POINT('',#8866);
#2783=VERTEX_POINT('',#8873);
#2784=VERTEX_POINT('',#8880);
#2785=VERTEX_POINT('',#8882);
#2786=VERTEX_POINT('',#8884);
#2787=VERTEX_POINT('',#8886);
#2788=VERTEX_POINT('',#8891);
#2789=VERTEX_POINT('',#8893);
#2790=VERTEX_POINT('',#8901);
#2791=VERTEX_POINT('',#8903);
#2792=VERTEX_POINT('',#8911);
#2793=VERTEX_POINT('',#8913);
#2794=VERTEX_POINT('',#8918);
#2795=VERTEX_POINT('',#8920);
#2796=VERTEX_POINT('',#8925);
#2797=VERTEX_POINT('',#8927);
#2798=VERTEX_POINT('',#8932);
#2799=VERTEX_POINT('',#8934);
#2800=VERTEX_POINT('',#8942);
#2801=VERTEX_POINT('',#8944);
#2802=VERTEX_POINT('',#8949);
#2803=VERTEX_POINT('',#8951);
#2804=VERTEX_POINT('',#8953);
#2805=VERTEX_POINT('',#8955);
#2806=VERTEX_POINT('',#8960);
#2807=VERTEX_POINT('',#8962);
#2808=VERTEX_POINT('',#8964);
#2809=VERTEX_POINT('',#8966);
#2810=VERTEX_POINT('',#8968);
#2811=VERTEX_POINT('',#8970);
#2812=VERTEX_POINT('',#8972);
#2813=VERTEX_POINT('',#8978);
#2814=VERTEX_POINT('',#8980);
#2815=VERTEX_POINT('',#8982);
#2816=VERTEX_POINT('',#8984);
#2817=VERTEX_POINT('',#8986);
#2818=VERTEX_POINT('',#8988);
#2819=VERTEX_POINT('',#8990);
#2820=VERTEX_POINT('',#8992);
#2821=VERTEX_POINT('',#8994);
#2822=VERTEX_POINT('',#8996);
#2823=VERTEX_POINT('',#8998);
#2824=VERTEX_POINT('',#9000);
#2825=VERTEX_POINT('',#9002);
#2826=VERTEX_POINT('',#9005);
#2827=VERTEX_POINT('',#9007);
#2828=VERTEX_POINT('',#9009);
#2829=VERTEX_POINT('',#9011);
#2830=VERTEX_POINT('',#9013);
#2831=VERTEX_POINT('',#9015);
#2832=VERTEX_POINT('',#9023);
#2833=VERTEX_POINT('',#9025);
#2834=VERTEX_POINT('',#9027);
#2835=VERTEX_POINT('',#9029);
#2836=VERTEX_POINT('',#9034);
#2837=VERTEX_POINT('',#9042);
#2838=VERTEX_POINT('',#9044);
#2839=VERTEX_POINT('',#9055);
#2840=VERTEX_POINT('',#9057);
#2841=VERTEX_POINT('',#9059);
#2842=VERTEX_POINT('',#9061);
#2843=VERTEX_POINT('',#9066);
#2844=VERTEX_POINT('',#9068);
#2845=VERTEX_POINT('',#9076);
#2846=VERTEX_POINT('',#9078);
#2847=VERTEX_POINT('',#9083);
#2848=VERTEX_POINT('',#9085);
#2849=VERTEX_POINT('',#9090);
#2850=VERTEX_POINT('',#9092);
#2851=VERTEX_POINT('',#9097);
#2852=VERTEX_POINT('',#9099);
#2853=VERTEX_POINT('',#9107);
#2854=VERTEX_POINT('',#9109);
#2855=VERTEX_POINT('',#9117);
#2856=VERTEX_POINT('',#9119);
#2857=VERTEX_POINT('',#9124);
#2858=VERTEX_POINT('',#9126);
#2859=VERTEX_POINT('',#9128);
#2860=VERTEX_POINT('',#9130);
#2861=VERTEX_POINT('',#9137);
#2862=VERTEX_POINT('',#9145);
#2863=VERTEX_POINT('',#9146);
#2864=VERTEX_POINT('',#9148);
#2865=VERTEX_POINT('',#9150);
#2866=VERTEX_POINT('',#9152);
#2867=VERTEX_POINT('',#9154);
#2868=VERTEX_POINT('',#9156);
#2869=VERTEX_POINT('',#9158);
#2870=VERTEX_POINT('',#9160);
#2871=VERTEX_POINT('',#9162);
#2872=VERTEX_POINT('',#9164);
#2873=VERTEX_POINT('',#9166);
#2874=VERTEX_POINT('',#9169);
#2875=VERTEX_POINT('',#9170);
#2876=VERTEX_POINT('',#9172);
#2877=VERTEX_POINT('',#9174);
#2878=VERTEX_POINT('',#9176);
#2879=VERTEX_POINT('',#9178);
#2880=VERTEX_POINT('',#9180);
#2881=VERTEX_POINT('',#9182);
#2882=VERTEX_POINT('',#9185);
#2883=VERTEX_POINT('',#9186);
#2884=VERTEX_POINT('',#9188);
#2885=VERTEX_POINT('',#9190);
#2886=VERTEX_POINT('',#9192);
#2887=VERTEX_POINT('',#9194);
#2888=VERTEX_POINT('',#9197);
#2889=VERTEX_POINT('',#9198);
#2890=VERTEX_POINT('',#9200);
#2891=VERTEX_POINT('',#9202);
#2892=VERTEX_POINT('',#9204);
#2893=VERTEX_POINT('',#9206);
#2894=VERTEX_POINT('',#9208);
#2895=VERTEX_POINT('',#9210);
#2896=VERTEX_POINT('',#9212);
#2897=VERTEX_POINT('',#9214);
#2898=VERTEX_POINT('',#9216);
#2899=VERTEX_POINT('',#9218);
#2900=VERTEX_POINT('',#9220);
#2901=VERTEX_POINT('',#9222);
#2902=VERTEX_POINT('',#9224);
#2903=VERTEX_POINT('',#9226);
#2904=VERTEX_POINT('',#9228);
#2905=VERTEX_POINT('',#9230);
#2906=VERTEX_POINT('',#9232);
#2907=VERTEX_POINT('',#9234);
#2908=VERTEX_POINT('',#9236);
#2909=VERTEX_POINT('',#9238);
#2910=VERTEX_POINT('',#9240);
#2911=VERTEX_POINT('',#9242);
#2912=VERTEX_POINT('',#9244);
#2913=VERTEX_POINT('',#9246);
#2914=VERTEX_POINT('',#9248);
#2915=VERTEX_POINT('',#9250);
#2916=VERTEX_POINT('',#9252);
#2917=VERTEX_POINT('',#9254);
#2918=VERTEX_POINT('',#9256);
#2919=VERTEX_POINT('',#9258);
#2920=VERTEX_POINT('',#9261);
#2921=VERTEX_POINT('',#9262);
#2922=VERTEX_POINT('',#9264);
#2923=VERTEX_POINT('',#9266);
#2924=VERTEX_POINT('',#9268);
#2925=VERTEX_POINT('',#9270);
#2926=VERTEX_POINT('',#9273);
#2927=VERTEX_POINT('',#9274);
#2928=VERTEX_POINT('',#9276);
#2929=VERTEX_POINT('',#9278);
#2930=VERTEX_POINT('',#9280);
#2931=VERTEX_POINT('',#9282);
#2932=VERTEX_POINT('',#9284);
#2933=VERTEX_POINT('',#9286);
#2934=VERTEX_POINT('',#9289);
#2935=VERTEX_POINT('',#9290);
#2936=VERTEX_POINT('',#9292);
#2937=VERTEX_POINT('',#9294);
#2938=VERTEX_POINT('',#9296);
#2939=VERTEX_POINT('',#9298);
#2940=VERTEX_POINT('',#9301);
#2941=VERTEX_POINT('',#9302);
#2942=VERTEX_POINT('',#9304);
#2943=VERTEX_POINT('',#9306);
#2944=VERTEX_POINT('',#9308);
#2945=VERTEX_POINT('',#9310);
#2946=VERTEX_POINT('',#9312);
#2947=VERTEX_POINT('',#9314);
#2948=VERTEX_POINT('',#9316);
#2949=VERTEX_POINT('',#9318);
#2950=VERTEX_POINT('',#9320);
#2951=VERTEX_POINT('',#9322);
#2952=VERTEX_POINT('',#9324);
#2953=VERTEX_POINT('',#9326);
#2954=VERTEX_POINT('',#9328);
#2955=VERTEX_POINT('',#9330);
#2956=VERTEX_POINT('',#9332);
#2957=VERTEX_POINT('',#9334);
#2958=VERTEX_POINT('',#9336);
#2959=VERTEX_POINT('',#9338);
#2960=VERTEX_POINT('',#9340);
#2961=VERTEX_POINT('',#9342);
#2962=VERTEX_POINT('',#9344);
#2963=VERTEX_POINT('',#9346);
#2964=VERTEX_POINT('',#9348);
#2965=VERTEX_POINT('',#9350);
#2966=VERTEX_POINT('',#9352);
#2967=VERTEX_POINT('',#9354);
#2968=VERTEX_POINT('',#9356);
#2969=VERTEX_POINT('',#9358);
#2970=VERTEX_POINT('',#9360);
#2971=VERTEX_POINT('',#9362);
#2972=VERTEX_POINT('',#9365);
#2973=VERTEX_POINT('',#9366);
#2974=VERTEX_POINT('',#9368);
#2975=VERTEX_POINT('',#9370);
#2976=VERTEX_POINT('',#9372);
#2977=VERTEX_POINT('',#9374);
#2978=VERTEX_POINT('',#9376);
#2979=VERTEX_POINT('',#9378);
#2980=VERTEX_POINT('',#9380);
#2981=VERTEX_POINT('',#9382);
#2982=VERTEX_POINT('',#9384);
#2983=VERTEX_POINT('',#9386);
#2984=VERTEX_POINT('',#9389);
#2985=VERTEX_POINT('',#9390);
#2986=VERTEX_POINT('',#9392);
#2987=VERTEX_POINT('',#9394);
#2988=VERTEX_POINT('',#9396);
#2989=VERTEX_POINT('',#9398);
#2990=VERTEX_POINT('',#9401);
#2991=VERTEX_POINT('',#9402);
#2992=VERTEX_POINT('',#9404);
#2993=VERTEX_POINT('',#9406);
#2994=VERTEX_POINT('',#9546);
#2995=VERTEX_POINT('',#9553);
#2996=VERTEX_POINT('',#9566);
#2997=VERTEX_POINT('',#9615);
#2998=VERTEX_POINT('',#9622);
#2999=VERTEX_POINT('',#9624);
#3000=VERTEX_POINT('',#9644);
#3001=VERTEX_POINT('',#9651);
#3002=VERTEX_POINT('',#9666);
#3003=VERTEX_POINT('',#9713);
#3004=VERTEX_POINT('',#9731);
#3005=VERTEX_POINT('',#9771);
#3006=VERTEX_POINT('',#9817);
#3007=VERTEX_POINT('',#9822);
#3008=VERTEX_POINT('',#9834);
#3009=VERTEX_POINT('',#9845);
#3010=VERTEX_POINT('',#9883);
#3011=VERTEX_POINT('',#9966);
#3012=VERTEX_POINT('',#10117);
#3013=VERTEX_POINT('',#10124);
#3014=VERTEX_POINT('',#10137);
#3015=VERTEX_POINT('',#10159);
#3016=VERTEX_POINT('',#10415);
#3017=VERTEX_POINT('',#10416);
#3018=VERTEX_POINT('',#10418);
#3019=VERTEX_POINT('',#10473);
#3020=VERTEX_POINT('',#10480);
#3021=VERTEX_POINT('',#10498);
#3022=VERTEX_POINT('',#10506);
#3023=VERTEX_POINT('',#10513);
#3024=VERTEX_POINT('',#10515);
#3025=VERTEX_POINT('',#10574);
#3026=VERTEX_POINT('',#10579);
#3027=VERTEX_POINT('',#10603);
#3028=VERTEX_POINT('',#10608);
#3029=VERTEX_POINT('',#10621);
#3030=VERTEX_POINT('',#10780);
#3031=VERTEX_POINT('',#10781);
#3032=VERTEX_POINT('',#10809);
#3033=VERTEX_POINT('',#10821);
#3034=VERTEX_POINT('',#10872);
#3035=VERTEX_POINT('',#10879);
#3036=VERTEX_POINT('',#10933);
#3037=VERTEX_POINT('',#10935);
#3038=VERTEX_POINT('',#10971);
#3039=VERTEX_POINT('',#11069);
#3040=VERTEX_POINT('',#11070);
#3041=VERTEX_POINT('',#11081);
#3042=VERTEX_POINT('',#11141);
#3043=VERTEX_POINT('',#11164);
#3044=VERTEX_POINT('',#11165);
#3045=VERTEX_POINT('',#11173);
#3046=VERTEX_POINT('',#11241);
#3047=VERTEX_POINT('',#11281);
#3048=VERTEX_POINT('',#11294);
#3049=VERTEX_POINT('',#11299);
#3050=EDGE_CURVE('',#2466,#2466,#2418,.T.);
#3051=EDGE_CURVE('',#2466,#2467,#1106,.T.);
#3052=EDGE_CURVE('',#2467,#2467,#2419,.T.);
#3053=EDGE_CURVE('',#2468,#2469,#1107,.T.);
#3054=EDGE_CURVE('',#2470,#2468,#2420,.T.);
#3055=EDGE_CURVE('',#2471,#2470,#1108,.T.);
#3056=EDGE_CURVE('',#2469,#2471,#2421,.T.);
#3057=EDGE_CURVE('',#2472,#2469,#1109,.T.);
#3058=EDGE_CURVE('',#2473,#2472,#1110,.T.);
#3059=EDGE_CURVE('',#2468,#2473,#1111,.T.);
#3060=EDGE_CURVE('',#2471,#2474,#1112,.T.);
#3061=EDGE_CURVE('',#2474,#2475,#1113,.T.);
#3062=EDGE_CURVE('',#2475,#2476,#99,.T.);
#3063=EDGE_CURVE('',#2477,#2476,#100,.T.);
#3064=EDGE_CURVE('',#2477,#2478,#1114,.T.);
#3065=EDGE_CURVE('',#2478,#2479,#1115,.T.);
#3066=EDGE_CURVE('',#2479,#2480,#1116,.T.);
#3067=EDGE_CURVE('',#2480,#2481,#101,.T.);
#3068=EDGE_CURVE('',#2481,#2482,#1117,.T.);
#3069=EDGE_CURVE('',#2482,#2483,#102,.T.);
#3070=EDGE_CURVE('',#2483,#2484,#1118,.T.);
#3071=EDGE_CURVE('',#2484,#2485,#103,.T.);
#3072=EDGE_CURVE('',#2485,#2486,#1119,.T.);
#3073=EDGE_CURVE('',#2486,#2487,#104,.T.);
#3074=EDGE_CURVE('',#2487,#2488,#1120,.T.);
#3075=EDGE_CURVE('',#2488,#2489,#105,.T.);
#3076=EDGE_CURVE('',#2489,#2490,#1121,.T.);
#3077=EDGE_CURVE('',#2490,#2491,#106,.T.);
#3078=EDGE_CURVE('',#2491,#2492,#1122,.T.);
#3079=EDGE_CURVE('',#2492,#2493,#107,.T.);
#3080=EDGE_CURVE('',#2493,#2494,#1123,.F.);
#3081=EDGE_CURVE('',#2494,#2495,#108,.F.);
#3082=EDGE_CURVE('',#2495,#2496,#1124,.F.);
#3083=EDGE_CURVE('',#2496,#2497,#1125,.F.);
#3084=EDGE_CURVE('',#2497,#2498,#1126,.F.);
#3085=EDGE_CURVE('',#2498,#2499,#109,.F.);
#3086=EDGE_CURVE('',#2499,#2500,#1127,.T.);
#3087=EDGE_CURVE('',#2500,#2501,#1128,.T.);
#3088=EDGE_CURVE('',#2501,#2502,#1129,.T.);
#3089=EDGE_CURVE('',#2502,#2503,#1130,.T.);
#3090=EDGE_CURVE('',#2503,#2504,#1131,.T.);
#3091=EDGE_CURVE('',#2504,#2505,#1132,.T.);
#3092=EDGE_CURVE('',#2505,#2506,#110,.F.);
#3093=EDGE_CURVE('',#2506,#2507,#1133,.F.);
#3094=EDGE_CURVE('',#2507,#2508,#1134,.T.);
#3095=EDGE_CURVE('',#2508,#2509,#1135,.T.);
#3096=EDGE_CURVE('',#2509,#2510,#1136,.T.);
#3097=EDGE_CURVE('',#2510,#2511,#1137,.T.);
#3098=EDGE_CURVE('',#2511,#2512,#1138,.T.);
#3099=EDGE_CURVE('',#2512,#2513,#1139,.F.);
#3100=EDGE_CURVE('',#2513,#2514,#1140,.T.);
#3101=EDGE_CURVE('',#2514,#2515,#1141,.T.);
#3102=EDGE_CURVE('',#2515,#2516,#1142,.T.);
#3103=EDGE_CURVE('',#2516,#2517,#1143,.T.);
#3104=EDGE_CURVE('',#2517,#2518,#1144,.T.);
#3105=EDGE_CURVE('',#2518,#2519,#1145,.T.);
#3106=EDGE_CURVE('',#2519,#2516,#1146,.T.);
#3107=EDGE_CURVE('',#2516,#2520,#1147,.T.);
#3108=EDGE_CURVE('',#2520,#2521,#1148,.T.);
#3109=EDGE_CURVE('',#2521,#2522,#1149,.T.);
#3110=EDGE_CURVE('',#2522,#2523,#1150,.T.);
#3111=EDGE_CURVE('',#2523,#2524,#1151,.F.);
#3112=EDGE_CURVE('',#2524,#2525,#111,.F.);
#3113=EDGE_CURVE('',#2525,#2526,#1152,.T.);
#3114=EDGE_CURVE('',#2526,#2527,#1153,.T.);
#3115=EDGE_CURVE('',#2527,#2528,#1154,.T.);
#3116=EDGE_CURVE('',#2528,#2529,#112,.F.);
#3117=EDGE_CURVE('',#2529,#2530,#1155,.F.);
#3118=EDGE_CURVE('',#2530,#2531,#113,.F.);
#3119=EDGE_CURVE('',#2531,#2532,#114,.T.);
#3120=EDGE_CURVE('',#2532,#2533,#115,.F.);
#3121=EDGE_CURVE('',#2533,#2534,#1156,.F.);
#3122=EDGE_CURVE('',#2534,#2535,#116,.F.);
#3123=EDGE_CURVE('',#2535,#2536,#1157,.T.);
#3124=EDGE_CURVE('',#2536,#2537,#1158,.T.);
#3125=EDGE_CURVE('',#2537,#2538,#1159,.T.);
#3126=EDGE_CURVE('',#2538,#2539,#117,.F.);
#3127=EDGE_CURVE('',#2539,#2540,#1160,.F.);
#3128=EDGE_CURVE('',#2540,#2541,#1161,.T.);
#3129=EDGE_CURVE('',#2541,#2542,#1162,.T.);
#3130=EDGE_CURVE('',#2542,#2543,#1163,.T.);
#3131=EDGE_CURVE('',#2543,#2544,#1164,.T.);
#3132=EDGE_CURVE('',#2544,#2545,#1165,.T.);
#3133=EDGE_CURVE('',#2545,#2546,#1166,.T.);
#3134=EDGE_CURVE('',#2546,#2547,#1167,.T.);
#3135=EDGE_CURVE('',#2547,#2544,#1168,.T.);
#3136=EDGE_CURVE('',#2544,#2548,#1169,.T.);
#3137=EDGE_CURVE('',#2548,#2549,#1170,.T.);
#3138=EDGE_CURVE('',#2549,#2550,#1171,.T.);
#3139=EDGE_CURVE('',#2550,#2551,#1172,.F.);
#3140=EDGE_CURVE('',#2551,#2552,#1173,.T.);
#3141=EDGE_CURVE('',#2552,#2553,#1174,.T.);
#3142=EDGE_CURVE('',#2553,#2554,#1175,.T.);
#3143=EDGE_CURVE('',#2554,#2555,#1176,.T.);
#3144=EDGE_CURVE('',#2555,#2556,#1177,.T.);
#3145=EDGE_CURVE('',#2556,#2557,#1178,.F.);
#3146=EDGE_CURVE('',#2557,#2558,#118,.F.);
#3147=EDGE_CURVE('',#2558,#2559,#1179,.T.);
#3148=EDGE_CURVE('',#2559,#2560,#1180,.T.);
#3149=EDGE_CURVE('',#2560,#2561,#1181,.T.);
#3150=EDGE_CURVE('',#2561,#2562,#1182,.T.);
#3151=EDGE_CURVE('',#2562,#2563,#1183,.T.);
#3152=EDGE_CURVE('',#2563,#2564,#1184,.T.);
#3153=EDGE_CURVE('',#2564,#2565,#119,.F.);
#3154=EDGE_CURVE('',#2565,#2566,#1185,.F.);
#3155=EDGE_CURVE('',#2566,#2567,#1186,.F.);
#3156=EDGE_CURVE('',#2567,#2568,#1187,.F.);
#3157=EDGE_CURVE('',#2568,#2569,#120,.F.);
#3158=EDGE_CURVE('',#2569,#2570,#1188,.F.);
#3159=EDGE_CURVE('',#2570,#2571,#121,.T.);
#3160=EDGE_CURVE('',#2571,#2572,#1189,.T.);
#3161=EDGE_CURVE('',#2572,#2573,#122,.T.);
#3162=EDGE_CURVE('',#2573,#2574,#1190,.T.);
#3163=EDGE_CURVE('',#2574,#2575,#123,.T.);
#3164=EDGE_CURVE('',#2575,#2576,#1191,.T.);
#3165=EDGE_CURVE('',#2576,#2577,#124,.T.);
#3166=EDGE_CURVE('',#2577,#2578,#1192,.T.);
#3167=EDGE_CURVE('',#2578,#2579,#125,.T.);
#3168=EDGE_CURVE('',#2579,#2580,#1193,.T.);
#3169=EDGE_CURVE('',#2580,#2581,#126,.T.);
#3170=EDGE_CURVE('',#2581,#2582,#1194,.T.);
#3171=EDGE_CURVE('',#2582,#2583,#127,.T.);
#3172=EDGE_CURVE('',#2583,#2584,#1195,.T.);
#3173=EDGE_CURVE('',#2584,#2585,#1196,.T.);
#3174=EDGE_CURVE('',#2585,#2586,#1197,.T.);
#3175=EDGE_CURVE('',#2587,#2586,#128,.T.);
#3176=EDGE_CURVE('',#2587,#2588,#129,.T.);
#3177=EDGE_CURVE('',#2588,#2472,#1198,.T.);
#3178=EDGE_CURVE('',#2589,#2590,#1199,.T.);
#3179=EDGE_CURVE('',#2590,#2591,#1200,.T.);
#3180=EDGE_CURVE('',#2591,#2592,#1201,.T.);
#3181=EDGE_CURVE('',#2592,#2589,#1202,.T.);
#3182=EDGE_CURVE('',#2593,#2594,#2422,.T.);
#3183=EDGE_CURVE('',#2594,#2595,#1203,.T.);
#3184=EDGE_CURVE('',#2595,#2596,#1204,.T.);
#3185=EDGE_CURVE('',#2596,#2597,#2423,.T.);
#3186=EDGE_CURVE('',#2597,#2598,#1205,.T.);
#3187=EDGE_CURVE('',#2598,#2593,#1206,.T.);
#3188=EDGE_CURVE('',#2599,#2600,#2424,.T.);
#3189=EDGE_CURVE('',#2600,#2601,#1207,.T.);
#3190=EDGE_CURVE('',#2601,#2602,#1208,.T.);
#3191=EDGE_CURVE('',#2602,#2603,#1209,.T.);
#3192=EDGE_CURVE('',#2603,#2604,#1210,.T.);
#3193=EDGE_CURVE('',#2604,#2605,#1211,.T.);
#3194=EDGE_CURVE('',#2605,#2606,#1212,.T.);
#3195=EDGE_CURVE('',#2606,#2607,#1213,.T.);
#3196=EDGE_CURVE('',#2607,#2608,#1214,.T.);
#3197=EDGE_CURVE('',#2608,#2609,#1215,.T.);
#3198=EDGE_CURVE('',#2609,#2610,#1216,.T.);
#3199=EDGE_CURVE('',#2610,#2611,#1217,.T.);
#3200=EDGE_CURVE('',#2611,#2612,#1218,.T.);
#3201=EDGE_CURVE('',#2612,#2613,#1219,.T.);
#3202=EDGE_CURVE('',#2613,#2614,#1220,.T.);
#3203=EDGE_CURVE('',#2614,#2615,#1221,.T.);
#3204=EDGE_CURVE('',#2615,#2616,#2425,.T.);
#3205=EDGE_CURVE('',#2616,#2617,#1222,.T.);
#3206=EDGE_CURVE('',#2617,#2618,#1223,.T.);
#3207=EDGE_CURVE('',#2618,#2619,#1224,.T.);
#3208=EDGE_CURVE('',#2619,#2620,#1225,.T.);
#3209=EDGE_CURVE('',#2620,#2621,#1226,.T.);
#3210=EDGE_CURVE('',#2621,#2622,#1227,.T.);
#3211=EDGE_CURVE('',#2622,#2623,#1228,.T.);
#3212=EDGE_CURVE('',#2623,#2624,#1229,.T.);
#3213=EDGE_CURVE('',#2624,#2625,#1230,.T.);
#3214=EDGE_CURVE('',#2625,#2626,#1231,.T.);
#3215=EDGE_CURVE('',#2626,#2627,#1232,.T.);
#3216=EDGE_CURVE('',#2627,#2628,#1233,.T.);
#3217=EDGE_CURVE('',#2628,#2629,#1234,.T.);
#3218=EDGE_CURVE('',#2629,#2630,#1235,.T.);
#3219=EDGE_CURVE('',#2630,#2599,#1236,.T.);
#3220=EDGE_CURVE('',#2631,#2632,#2426,.T.);
#3221=EDGE_CURVE('',#2632,#2633,#1237,.T.);
#3222=EDGE_CURVE('',#2633,#2634,#1238,.T.);
#3223=EDGE_CURVE('',#2634,#2635,#2427,.T.);
#3224=EDGE_CURVE('',#2635,#2636,#1239,.T.);
#3225=EDGE_CURVE('',#2636,#2631,#1240,.T.);
#3226=EDGE_CURVE('',#2637,#2638,#2428,.T.);
#3227=EDGE_CURVE('',#2638,#2639,#1241,.T.);
#3228=EDGE_CURVE('',#2639,#2640,#1242,.T.);
#3229=EDGE_CURVE('',#2640,#2641,#1243,.T.);
#3230=EDGE_CURVE('',#2641,#2642,#2429,.T.);
#3231=EDGE_CURVE('',#2642,#2643,#1244,.T.);
#3232=EDGE_CURVE('',#2643,#2644,#1245,.T.);
#3233=EDGE_CURVE('',#2644,#2637,#1246,.T.);
#3234=EDGE_CURVE('',#2645,#2646,#2430,.T.);
#3235=EDGE_CURVE('',#2646,#2647,#1247,.T.);
#3236=EDGE_CURVE('',#2647,#2648,#1248,.T.);
#3237=EDGE_CURVE('',#2648,#2649,#2431,.T.);
#3238=EDGE_CURVE('',#2649,#2650,#1249,.T.);
#3239=EDGE_CURVE('',#2650,#2651,#1250,.T.);
#3240=EDGE_CURVE('',#2651,#2652,#1251,.T.);
#3241=EDGE_CURVE('',#2652,#2653,#2432,.T.);
#3242=EDGE_CURVE('',#2653,#2654,#1252,.T.);
#3243=EDGE_CURVE('',#2654,#2655,#1253,.T.);
#3244=EDGE_CURVE('',#2655,#2656,#1254,.T.);
#3245=EDGE_CURVE('',#2656,#2645,#1255,.T.);
#3246=EDGE_CURVE('',#2657,#2658,#2433,.T.);
#3247=EDGE_CURVE('',#2658,#2659,#1256,.T.);
#3248=EDGE_CURVE('',#2659,#2660,#1257,.T.);
#3249=EDGE_CURVE('',#2660,#2661,#1258,.T.);
#3250=EDGE_CURVE('',#2661,#2662,#2434,.T.);
#3251=EDGE_CURVE('',#2662,#2663,#1259,.T.);
#3252=EDGE_CURVE('',#2663,#2664,#1260,.T.);
#3253=EDGE_CURVE('',#2664,#2657,#1261,.T.);
#3254=EDGE_CURVE('',#2665,#2666,#2435,.T.);
#3255=EDGE_CURVE('',#2666,#2667,#1262,.T.);
#3256=EDGE_CURVE('',#2667,#2668,#1263,.T.);
#3257=EDGE_CURVE('',#2668,#2669,#2436,.T.);
#3258=EDGE_CURVE('',#2669,#2670,#1264,.T.);
#3259=EDGE_CURVE('',#2670,#2665,#1265,.T.);
#3260=EDGE_CURVE('',#2671,#2672,#2437,.T.);
#3261=EDGE_CURVE('',#2672,#2673,#1266,.T.);
#3262=EDGE_CURVE('',#2673,#2674,#1267,.T.);
#3263=EDGE_CURVE('',#2674,#2675,#1268,.T.);
#3264=EDGE_CURVE('',#2675,#2676,#1269,.T.);
#3265=EDGE_CURVE('',#2676,#2677,#1270,.T.);
#3266=EDGE_CURVE('',#2677,#2678,#1271,.T.);
#3267=EDGE_CURVE('',#2678,#2679,#1272,.T.);
#3268=EDGE_CURVE('',#2679,#2680,#1273,.T.);
#3269=EDGE_CURVE('',#2680,#2681,#1274,.T.);
#3270=EDGE_CURVE('',#2681,#2682,#1275,.T.);
#3271=EDGE_CURVE('',#2682,#2683,#1276,.T.);
#3272=EDGE_CURVE('',#2683,#2684,#1277,.T.);
#3273=EDGE_CURVE('',#2684,#2685,#1278,.T.);
#3274=EDGE_CURVE('',#2685,#2686,#1279,.T.);
#3275=EDGE_CURVE('',#2686,#2687,#1280,.T.);
#3276=EDGE_CURVE('',#2687,#2688,#2438,.T.);
#3277=EDGE_CURVE('',#2688,#2689,#1281,.T.);
#3278=EDGE_CURVE('',#2689,#2690,#1282,.T.);
#3279=EDGE_CURVE('',#2690,#2691,#1283,.T.);
#3280=EDGE_CURVE('',#2691,#2692,#1284,.T.);
#3281=EDGE_CURVE('',#2692,#2693,#1285,.T.);
#3282=EDGE_CURVE('',#2693,#2694,#1286,.T.);
#3283=EDGE_CURVE('',#2694,#2695,#1287,.T.);
#3284=EDGE_CURVE('',#2695,#2696,#1288,.T.);
#3285=EDGE_CURVE('',#2696,#2697,#1289,.T.);
#3286=EDGE_CURVE('',#2697,#2698,#1290,.T.);
#3287=EDGE_CURVE('',#2698,#2699,#1291,.T.);
#3288=EDGE_CURVE('',#2699,#2700,#1292,.T.);
#3289=EDGE_CURVE('',#2700,#2701,#1293,.T.);
#3290=EDGE_CURVE('',#2701,#2702,#1294,.T.);
#3291=EDGE_CURVE('',#2702,#2671,#1295,.T.);
#3292=EDGE_CURVE('',#2703,#2704,#2439,.T.);
#3293=EDGE_CURVE('',#2704,#2705,#1296,.T.);
#3294=EDGE_CURVE('',#2705,#2706,#1297,.T.);
#3295=EDGE_CURVE('',#2706,#2707,#1298,.T.);
#3296=EDGE_CURVE('',#2707,#2708,#1299,.T.);
#3297=EDGE_CURVE('',#2708,#2709,#2440,.T.);
#3298=EDGE_CURVE('',#2709,#2710,#1300,.T.);
#3299=EDGE_CURVE('',#2710,#2711,#1301,.T.);
#3300=EDGE_CURVE('',#2711,#2712,#1302,.T.);
#3301=EDGE_CURVE('',#2712,#2713,#2441,.T.);
#3302=EDGE_CURVE('',#2713,#2714,#1303,.T.);
#3303=EDGE_CURVE('',#2714,#2703,#1304,.T.);
#3304=EDGE_CURVE('',#2715,#2716,#2442,.T.);
#3305=EDGE_CURVE('',#2716,#2717,#1305,.T.);
#3306=EDGE_CURVE('',#2717,#2718,#1306,.T.);
#3307=EDGE_CURVE('',#2718,#2719,#2443,.T.);
#3308=EDGE_CURVE('',#2719,#2720,#1307,.T.);
#3309=EDGE_CURVE('',#2720,#2715,#1308,.T.);
#3310=EDGE_CURVE('',#2721,#2722,#1309,.T.);
#3311=EDGE_CURVE('',#2722,#2723,#1310,.T.);
#3312=EDGE_CURVE('',#2723,#2724,#1311,.T.);
#3313=EDGE_CURVE('',#2724,#2721,#1312,.T.);
#3314=EDGE_CURVE('',#2725,#2470,#1313,.T.);
#3315=EDGE_CURVE('',#2474,#2725,#1314,.T.);
#3316=EDGE_CURVE('',#2588,#2726,#1315,.T.);
#3317=EDGE_CURVE('',#2473,#2726,#1316,.T.);
#3318=EDGE_CURVE('',#2727,#2728,#1317,.T.);
#3319=EDGE_CURVE('',#2724,#2727,#1318,.T.);
#3320=EDGE_CURVE('',#2723,#2728,#1319,.T.);
#3321=EDGE_CURVE('',#2728,#2729,#1320,.T.);
#3322=EDGE_CURVE('',#2722,#2729,#1321,.T.);
#3323=EDGE_CURVE('',#2729,#2730,#1322,.T.);
#3324=EDGE_CURVE('',#2721,#2730,#1323,.T.);
#3325=EDGE_CURVE('',#2730,#2727,#1324,.T.);
#3326=EDGE_CURVE('',#2731,#2732,#1325,.T.);
#3327=EDGE_CURVE('',#2526,#2731,#1326,.T.);
#3328=EDGE_CURVE('',#2733,#2525,#130,.T.);
#3329=EDGE_CURVE('',#2734,#2733,#1327,.T.);
#3330=EDGE_CURVE('',#2735,#2734,#131,.T.);
#3331=EDGE_CURVE('',#2732,#2735,#132,.T.);
#3332=EDGE_CURVE('',#2736,#2737,#1328,.T.);
#3333=EDGE_CURVE('',#2528,#2736,#133,.T.);
#3334=EDGE_CURVE('',#2527,#2737,#1329,.T.);
#3335=EDGE_CURVE('',#2737,#2731,#1330,.T.);
#3336=EDGE_CURVE('',#2738,#2739,#1331,.T.);
#3337=EDGE_CURVE('',#2518,#2738,#1332,.T.);
#3338=EDGE_CURVE('',#2517,#2739,#1333,.T.);
#3339=EDGE_CURVE('',#2739,#2740,#1334,.T.);
#3340=EDGE_CURVE('',#2516,#2740,#1335,.T.);
#3341=EDGE_CURVE('',#2740,#2741,#1336,.T.);
#3342=EDGE_CURVE('',#2515,#2741,#1337,.T.);
#3343=EDGE_CURVE('',#2741,#2742,#1338,.T.);
#3344=EDGE_CURVE('',#2514,#2742,#1339,.T.);
#3345=EDGE_CURVE('',#2742,#2743,#1340,.T.);
#3346=EDGE_CURVE('',#2743,#2513,#1341,.T.);
#3347=EDGE_CURVE('',#2740,#2744,#1342,.T.);
#3348=EDGE_CURVE('',#2516,#2740,#1343,.T.);
#3349=EDGE_CURVE('',#2519,#2744,#1344,.T.);
#3350=EDGE_CURVE('',#2744,#2738,#1345,.T.);
#3351=EDGE_CURVE('',#2745,#2746,#1346,.T.);
#3352=EDGE_CURVE('',#2521,#2745,#1347,.T.);
#3353=EDGE_CURVE('',#2520,#2746,#1348,.T.);
#3354=EDGE_CURVE('',#2746,#2740,#1349,.T.);
#3355=EDGE_CURVE('',#2747,#2748,#1350,.T.);
#3356=EDGE_CURVE('',#2523,#2747,#1351,.T.);
#3357=EDGE_CURVE('',#2522,#2748,#1352,.T.);
#3358=EDGE_CURVE('',#2748,#2745,#1353,.T.);
#3359=EDGE_CURVE('',#2749,#2750,#1354,.T.);
#3360=EDGE_CURVE('',#2503,#2749,#1355,.T.);
#3361=EDGE_CURVE('',#2502,#2750,#1356,.T.);
#3362=EDGE_CURVE('',#2750,#2751,#1357,.T.);
#3363=EDGE_CURVE('',#2501,#2751,#1358,.T.);
#3364=EDGE_CURVE('',#2751,#2752,#1359,.T.);
#3365=EDGE_CURVE('',#2500,#2752,#1360,.T.);
#3366=EDGE_CURVE('',#2752,#2753,#1361,.T.);
#3367=EDGE_CURVE('',#2754,#2499,#134,.T.);
#3368=EDGE_CURVE('',#2755,#2754,#1362,.T.);
#3369=EDGE_CURVE('',#2756,#2755,#135,.T.);
#3370=EDGE_CURVE('',#2753,#2756,#136,.T.);
#3371=EDGE_CURVE('',#2757,#2758,#1363,.T.);
#3372=EDGE_CURVE('',#2759,#2757,#137,.T.);
#3373=EDGE_CURVE('',#2760,#2759,#138,.T.);
#3374=EDGE_CURVE('',#2761,#2760,#1364,.T.);
#3375=EDGE_CURVE('',#2505,#2761,#139,.T.);
#3376=EDGE_CURVE('',#2504,#2758,#1365,.T.);
#3377=EDGE_CURVE('',#2758,#2749,#1366,.T.);
#3378=EDGE_CURVE('',#2762,#2763,#1367,.T.);
#3379=EDGE_CURVE('',#2509,#2762,#1368,.T.);
#3380=EDGE_CURVE('',#2508,#2763,#1369,.T.);
#3381=EDGE_CURVE('',#2763,#2764,#1370,.T.);
#3382=EDGE_CURVE('',#2764,#2507,#1371,.T.);
#3383=EDGE_CURVE('',#2765,#2766,#1372,.T.);
#3384=EDGE_CURVE('',#2511,#2765,#1373,.T.);
#3385=EDGE_CURVE('',#2510,#2766,#1374,.T.);
#3386=EDGE_CURVE('',#2766,#2762,#1375,.T.);
#3387=EDGE_CURVE('',#2767,#2765,#1376,.T.);
#3388=EDGE_CURVE('',#2512,#2767,#1377,.T.);
#3389=EDGE_CURVE('',#2736,#2768,#140,.F.);
#3390=EDGE_CURVE('',#2768,#2529,#1378,.T.);
#3391=EDGE_CURVE('',#2769,#2735,#141,.T.);
#3392=EDGE_CURVE('',#2770,#2769,#142,.F.);
#3393=EDGE_CURVE('',#2770,#2732,#143,.F.);
#3394=EDGE_CURVE('',#2734,#2771,#144,.T.);
#3395=EDGE_CURVE('',#2771,#2769,#145,.T.);
#3396=EDGE_CURVE('',#2498,#2772,#146,.F.);
#3397=EDGE_CURVE('',#2772,#2773,#147,.T.);
#3398=EDGE_CURVE('',#2773,#2754,#148,.T.);
#3399=EDGE_CURVE('',#2761,#2774,#149,.T.);
#3400=EDGE_CURVE('',#2506,#2774,#150,.T.);
#3401=EDGE_CURVE('',#2773,#2775,#1379,.T.);
#3402=EDGE_CURVE('',#2755,#2775,#151,.T.);
#3403=EDGE_CURVE('',#2776,#2760,#152,.T.);
#3404=EDGE_CURVE('',#2774,#2776,#1380,.T.);
#3405=EDGE_CURVE('',#2777,#2756,#153,.T.);
#3406=EDGE_CURVE('',#2777,#2778,#154,.T.);
#3407=EDGE_CURVE('',#2778,#2753,#155,.F.);
#3408=EDGE_CURVE('',#2775,#2777,#156,.T.);
#3409=EDGE_CURVE('',#2779,#2776,#157,.T.);
#3410=EDGE_CURVE('',#2779,#2780,#158,.F.);
#3411=EDGE_CURVE('',#2780,#2764,#1381,.T.);
#3412=EDGE_CURVE('',#2747,#2770,#1382,.T.);
#3413=EDGE_CURVE('',#2771,#2781,#1383,.T.);
#3414=EDGE_CURVE('',#2524,#2781,#159,.T.);
#3415=EDGE_CURVE('',#2767,#2743,#1384,.T.);
#3416=EDGE_CURVE('',#2726,#2782,#160,.T.);
#3417=EDGE_CURVE('',#2783,#2782,#161,.T.);
#3418=EDGE_CURVE('',#2783,#2784,#1385,.T.);
#3419=EDGE_CURVE('',#2784,#2785,#1386,.T.);
#3420=EDGE_CURVE('',#2785,#2786,#1387,.T.);
#3421=EDGE_CURVE('',#2786,#2787,#162,.T.);
#3422=EDGE_CURVE('',#2787,#2788,#1388,.T.);
#3423=EDGE_CURVE('',#2788,#2789,#163,.T.);
#3424=EDGE_CURVE('',#2789,#2790,#1389,.T.);
#3425=EDGE_CURVE('',#2790,#2791,#164,.T.);
#3426=EDGE_CURVE('',#2791,#2792,#1390,.T.);
#3427=EDGE_CURVE('',#2792,#2793,#165,.T.);
#3428=EDGE_CURVE('',#2793,#2794,#1391,.T.);
#3429=EDGE_CURVE('',#2794,#2795,#166,.T.);
#3430=EDGE_CURVE('',#2795,#2796,#1392,.T.);
#3431=EDGE_CURVE('',#2796,#2797,#167,.T.);
#3432=EDGE_CURVE('',#2797,#2798,#1393,.T.);
#3433=EDGE_CURVE('',#2799,#2798,#19,.T.);
#3434=EDGE_CURVE('',#2800,#2799,#1394,.T.);
#3435=EDGE_CURVE('',#2801,#2800,#168,.F.);
#3436=EDGE_CURVE('',#2801,#2802,#1395,.T.);
#3437=EDGE_CURVE('',#2802,#2803,#1396,.T.);
#3438=EDGE_CURVE('',#2803,#2804,#1397,.T.);
#3439=EDGE_CURVE('',#2805,#2804,#169,.F.);
#3440=EDGE_CURVE('',#2805,#2806,#1398,.T.);
#3441=EDGE_CURVE('',#2806,#2807,#1399,.T.);
#3442=EDGE_CURVE('',#2807,#2808,#1400,.T.);
#3443=EDGE_CURVE('',#2808,#2809,#1401,.T.);
#3444=EDGE_CURVE('',#2809,#2810,#1402,.T.);
#3445=EDGE_CURVE('',#2810,#2811,#1403,.T.);
#3446=EDGE_CURVE('',#2812,#2811,#170,.F.);
#3447=EDGE_CURVE('',#2813,#2812,#1404,.T.);
#3448=EDGE_CURVE('',#2813,#2814,#1405,.T.);
#3449=EDGE_CURVE('',#2814,#2815,#1406,.T.);
#3450=EDGE_CURVE('',#2815,#2816,#1407,.T.);
#3451=EDGE_CURVE('',#2816,#2817,#1408,.T.);
#3452=EDGE_CURVE('',#2817,#2818,#1409,.T.);
#3453=EDGE_CURVE('',#2819,#2818,#1410,.T.);
#3454=EDGE_CURVE('',#2819,#2820,#1411,.T.);
#3455=EDGE_CURVE('',#2820,#2821,#1412,.T.);
#3456=EDGE_CURVE('',#2821,#2822,#1413,.T.);
#3457=EDGE_CURVE('',#2822,#2823,#1414,.T.);
#3458=EDGE_CURVE('',#2823,#2824,#1415,.T.);
#3459=EDGE_CURVE('',#2824,#2825,#1416,.T.);
#3460=EDGE_CURVE('',#2825,#2822,#1417,.T.);
#3461=EDGE_CURVE('',#2822,#2826,#1418,.T.);
#3462=EDGE_CURVE('',#2826,#2827,#1419,.T.);
#3463=EDGE_CURVE('',#2827,#2828,#1420,.T.);
#3464=EDGE_CURVE('',#2828,#2829,#1421,.T.);
#3465=EDGE_CURVE('',#2830,#2829,#1422,.T.);
#3466=EDGE_CURVE('',#2831,#2830,#171,.F.);
#3467=EDGE_CURVE('',#2831,#2832,#1423,.T.);
#3468=EDGE_CURVE('',#2832,#2833,#1424,.T.);
#3469=EDGE_CURVE('',#2833,#2834,#1425,.T.);
#3470=EDGE_CURVE('',#2835,#2834,#172,.F.);
#3471=EDGE_CURVE('',#2836,#2835,#173,.F.);
#3472=EDGE_CURVE('',#2837,#2836,#1426,.F.);
#3473=EDGE_CURVE('',#2838,#2837,#1427,.F.);
#3474=EDGE_CURVE('',#2768,#2838,#174,.F.);
#3475=EDGE_CURVE('',#2757,#2780,#175,.F.);
#3476=EDGE_CURVE('',#2778,#2839,#1428,.T.);
#3477=EDGE_CURVE('',#2839,#2840,#1429,.T.);
#3478=EDGE_CURVE('',#2840,#2841,#1430,.T.);
#3479=EDGE_CURVE('',#2842,#2841,#176,.F.);
#3480=EDGE_CURVE('',#2843,#2842,#1431,.T.);
#3481=EDGE_CURVE('',#2844,#2843,#20,.T.);
#3482=EDGE_CURVE('',#2844,#2845,#1432,.T.);
#3483=EDGE_CURVE('',#2845,#2846,#177,.T.);
#3484=EDGE_CURVE('',#2846,#2847,#1433,.T.);
#3485=EDGE_CURVE('',#2847,#2848,#178,.T.);
#3486=EDGE_CURVE('',#2848,#2849,#1434,.T.);
#3487=EDGE_CURVE('',#2849,#2850,#179,.T.);
#3488=EDGE_CURVE('',#2850,#2851,#1435,.T.);
#3489=EDGE_CURVE('',#2851,#2852,#180,.T.);
#3490=EDGE_CURVE('',#2852,#2853,#1436,.T.);
#3491=EDGE_CURVE('',#2853,#2854,#181,.T.);
#3492=EDGE_CURVE('',#2854,#2855,#1437,.T.);
#3493=EDGE_CURVE('',#2855,#2856,#182,.T.);
#3494=EDGE_CURVE('',#2856,#2857,#1438,.T.);
#3495=EDGE_CURVE('',#2857,#2858,#1439,.T.);
#3496=EDGE_CURVE('',#2858,#2859,#1440,.T.);
#3497=EDGE_CURVE('',#2860,#2859,#183,.T.);
#3498=EDGE_CURVE('',#2860,#2861,#184,.T.);
#3499=EDGE_CURVE('',#2861,#2725,#1441,.T.);
#3500=EDGE_CURVE('',#2862,#2863,#2444,.T.);
#3501=EDGE_CURVE('',#2863,#2864,#1442,.T.);
#3502=EDGE_CURVE('',#2864,#2865,#1443,.T.);
#3503=EDGE_CURVE('',#2865,#2866,#2445,.T.);
#3504=EDGE_CURVE('',#2866,#2867,#1444,.T.);
#3505=EDGE_CURVE('',#2867,#2868,#1445,.T.);
#3506=EDGE_CURVE('',#2868,#2869,#1446,.T.);
#3507=EDGE_CURVE('',#2869,#2870,#2446,.T.);
#3508=EDGE_CURVE('',#2870,#2871,#1447,.T.);
#3509=EDGE_CURVE('',#2871,#2872,#1448,.T.);
#3510=EDGE_CURVE('',#2872,#2873,#1449,.T.);
#3511=EDGE_CURVE('',#2873,#2862,#1450,.T.);
#3512=EDGE_CURVE('',#2874,#2875,#2447,.T.);
#3513=EDGE_CURVE('',#2875,#2876,#1451,.T.);
#3514=EDGE_CURVE('',#2876,#2877,#1452,.T.);
#3515=EDGE_CURVE('',#2877,#2878,#1453,.T.);
#3516=EDGE_CURVE('',#2878,#2879,#2448,.T.);
#3517=EDGE_CURVE('',#2879,#2880,#1454,.T.);
#3518=EDGE_CURVE('',#2880,#2881,#1455,.T.);
#3519=EDGE_CURVE('',#2881,#2874,#1456,.T.);
#3520=EDGE_CURVE('',#2882,#2883,#2449,.T.);
#3521=EDGE_CURVE('',#2883,#2884,#1457,.T.);
#3522=EDGE_CURVE('',#2884,#2885,#1458,.T.);
#3523=EDGE_CURVE('',#2885,#2886,#2450,.T.);
#3524=EDGE_CURVE('',#2886,#2887,#1459,.T.);
#3525=EDGE_CURVE('',#2887,#2882,#1460,.T.);
#3526=EDGE_CURVE('',#2888,#2889,#2451,.T.);
#3527=EDGE_CURVE('',#2889,#2890,#1461,.T.);
#3528=EDGE_CURVE('',#2890,#2891,#1462,.T.);
#3529=EDGE_CURVE('',#2891,#2892,#1463,.T.);
#3530=EDGE_CURVE('',#2892,#2893,#1464,.T.);
#3531=EDGE_CURVE('',#2893,#2894,#1465,.T.);
#3532=EDGE_CURVE('',#2894,#2895,#1466,.T.);
#3533=EDGE_CURVE('',#2895,#2896,#1467,.T.);
#3534=EDGE_CURVE('',#2896,#2897,#1468,.T.);
#3535=EDGE_CURVE('',#2897,#2898,#1469,.T.);
#3536=EDGE_CURVE('',#2898,#2899,#1470,.T.);
#3537=EDGE_CURVE('',#2899,#2900,#1471,.T.);
#3538=EDGE_CURVE('',#2900,#2901,#1472,.T.);
#3539=EDGE_CURVE('',#2901,#2902,#1473,.T.);
#3540=EDGE_CURVE('',#2902,#2903,#1474,.T.);
#3541=EDGE_CURVE('',#2903,#2904,#1475,.T.);
#3542=EDGE_CURVE('',#2904,#2905,#2452,.T.);
#3543=EDGE_CURVE('',#2905,#2906,#1476,.T.);
#3544=EDGE_CURVE('',#2906,#2907,#1477,.T.);
#3545=EDGE_CURVE('',#2907,#2908,#1478,.T.);
#3546=EDGE_CURVE('',#2908,#2909,#1479,.T.);
#3547=EDGE_CURVE('',#2909,#2910,#1480,.T.);
#3548=EDGE_CURVE('',#2910,#2911,#1481,.T.);
#3549=EDGE_CURVE('',#2911,#2912,#1482,.T.);
#3550=EDGE_CURVE('',#2912,#2913,#1483,.T.);
#3551=EDGE_CURVE('',#2913,#2914,#1484,.T.);
#3552=EDGE_CURVE('',#2914,#2915,#1485,.T.);
#3553=EDGE_CURVE('',#2915,#2916,#1486,.T.);
#3554=EDGE_CURVE('',#2916,#2917,#1487,.T.);
#3555=EDGE_CURVE('',#2917,#2918,#1488,.T.);
#3556=EDGE_CURVE('',#2918,#2919,#1489,.T.);
#3557=EDGE_CURVE('',#2919,#2888,#1490,.T.);
#3558=EDGE_CURVE('',#2920,#2921,#2453,.T.);
#3559=EDGE_CURVE('',#2921,#2922,#1491,.T.);
#3560=EDGE_CURVE('',#2922,#2923,#1492,.T.);
#3561=EDGE_CURVE('',#2923,#2924,#2454,.T.);
#3562=EDGE_CURVE('',#2924,#2925,#1493,.T.);
#3563=EDGE_CURVE('',#2925,#2920,#1494,.T.);
#3564=EDGE_CURVE('',#2926,#2927,#2455,.T.);
#3565=EDGE_CURVE('',#2927,#2928,#1495,.T.);
#3566=EDGE_CURVE('',#2928,#2929,#1496,.T.);
#3567=EDGE_CURVE('',#2929,#2930,#1497,.T.);
#3568=EDGE_CURVE('',#2930,#2931,#2456,.T.);
#3569=EDGE_CURVE('',#2931,#2932,#1498,.T.);
#3570=EDGE_CURVE('',#2932,#2933,#1499,.T.);
#3571=EDGE_CURVE('',#2933,#2926,#1500,.T.);
#3572=EDGE_CURVE('',#2934,#2935,#2457,.T.);
#3573=EDGE_CURVE('',#2935,#2936,#1501,.T.);
#3574=EDGE_CURVE('',#2936,#2937,#1502,.T.);
#3575=EDGE_CURVE('',#2937,#2938,#2458,.T.);
#3576=EDGE_CURVE('',#2938,#2939,#1503,.T.);
#3577=EDGE_CURVE('',#2939,#2934,#1504,.T.);
#3578=EDGE_CURVE('',#2940,#2941,#2459,.T.);
#3579=EDGE_CURVE('',#2941,#2942,#1505,.T.);
#3580=EDGE_CURVE('',#2942,#2943,#1506,.T.);
#3581=EDGE_CURVE('',#2943,#2944,#1507,.T.);
#3582=EDGE_CURVE('',#2944,#2945,#1508,.T.);
#3583=EDGE_CURVE('',#2945,#2946,#1509,.T.);
#3584=EDGE_CURVE('',#2946,#2947,#1510,.T.);
#3585=EDGE_CURVE('',#2947,#2948,#1511,.T.);
#3586=EDGE_CURVE('',#2948,#2949,#1512,.T.);
#3587=EDGE_CURVE('',#2949,#2950,#1513,.T.);
#3588=EDGE_CURVE('',#2950,#2951,#1514,.T.);
#3589=EDGE_CURVE('',#2951,#2952,#1515,.T.);
#3590=EDGE_CURVE('',#2952,#2953,#1516,.T.);
#3591=EDGE_CURVE('',#2953,#2954,#1517,.T.);
#3592=EDGE_CURVE('',#2954,#2955,#1518,.T.);
#3593=EDGE_CURVE('',#2955,#2956,#1519,.T.);
#3594=EDGE_CURVE('',#2956,#2957,#2460,.T.);
#3595=EDGE_CURVE('',#2957,#2958,#1520,.T.);
#3596=EDGE_CURVE('',#2958,#2959,#1521,.T.);
#3597=EDGE_CURVE('',#2959,#2960,#1522,.T.);
#3598=EDGE_CURVE('',#2960,#2961,#1523,.T.);
#3599=EDGE_CURVE('',#2961,#2962,#1524,.T.);
#3600=EDGE_CURVE('',#2962,#2963,#1525,.T.);
#3601=EDGE_CURVE('',#2963,#2964,#1526,.T.);
#3602=EDGE_CURVE('',#2964,#2965,#1527,.T.);
#3603=EDGE_CURVE('',#2965,#2966,#1528,.T.);
#3604=EDGE_CURVE('',#2966,#2967,#1529,.T.);
#3605=EDGE_CURVE('',#2967,#2968,#1530,.T.);
#3606=EDGE_CURVE('',#2968,#2969,#1531,.T.);
#3607=EDGE_CURVE('',#2969,#2970,#1532,.T.);
#3608=EDGE_CURVE('',#2970,#2971,#1533,.T.);
#3609=EDGE_CURVE('',#2971,#2940,#1534,.T.);
#3610=EDGE_CURVE('',#2972,#2973,#2461,.T.);
#3611=EDGE_CURVE('',#2973,#2974,#1535,.T.);
#3612=EDGE_CURVE('',#2974,#2975,#1536,.T.);
#3613=EDGE_CURVE('',#2975,#2976,#1537,.T.);
#3614=EDGE_CURVE('',#2976,#2977,#1538,.T.);
#3615=EDGE_CURVE('',#2977,#2978,#2462,.T.);
#3616=EDGE_CURVE('',#2978,#2979,#1539,.T.);
#3617=EDGE_CURVE('',#2979,#2980,#1540,.T.);
#3618=EDGE_CURVE('',#2980,#2981,#1541,.T.);
#3619=EDGE_CURVE('',#2981,#2982,#2463,.T.);
#3620=EDGE_CURVE('',#2982,#2983,#1542,.T.);
#3621=EDGE_CURVE('',#2983,#2972,#1543,.T.);
#3622=EDGE_CURVE('',#2984,#2985,#2464,.T.);
#3623=EDGE_CURVE('',#2985,#2986,#1544,.T.);
#3624=EDGE_CURVE('',#2986,#2987,#1545,.T.);
#3625=EDGE_CURVE('',#2987,#2988,#2465,.T.);
#3626=EDGE_CURVE('',#2988,#2989,#1546,.T.);
#3627=EDGE_CURVE('',#2989,#2984,#1547,.T.);
#3628=EDGE_CURVE('',#2990,#2991,#1548,.T.);
#3629=EDGE_CURVE('',#2991,#2992,#1549,.T.);
#3630=EDGE_CURVE('',#2992,#2993,#1550,.T.);
#3631=EDGE_CURVE('',#2993,#2990,#1551,.T.);
#3632=EDGE_CURVE('',#2716,#2920,#1552,.T.);
#3633=EDGE_CURVE('',#2921,#2715,#1553,.T.);
#3634=EDGE_CURVE('',#2863,#2703,#1554,.T.);
#3635=EDGE_CURVE('',#2704,#2862,#1555,.T.);
#3636=EDGE_CURVE('',#2875,#2657,#1556,.T.);
#3637=EDGE_CURVE('',#2658,#2874,#1557,.T.);
#3638=EDGE_CURVE('',#2709,#2869,#1558,.T.);
#3639=EDGE_CURVE('',#2870,#2708,#1559,.T.);
#3640=EDGE_CURVE('',#2672,#2888,#1560,.T.);
#3641=EDGE_CURVE('',#2889,#2671,#1561,.T.);
#3642=EDGE_CURVE('',#2866,#2712,#1562,.T.);
#3643=EDGE_CURVE('',#2713,#2865,#1563,.T.);
#3644=EDGE_CURVE('',#2666,#2882,#1564,.T.);
#3645=EDGE_CURVE('',#2883,#2665,#1565,.T.);
#3646=EDGE_CURVE('',#2662,#2878,#1566,.T.);
#3647=EDGE_CURVE('',#2879,#2661,#1567,.T.);
#3648=EDGE_CURVE('',#2886,#2668,#1568,.T.);
#3649=EDGE_CURVE('',#2669,#2885,#1569,.T.);
#3650=EDGE_CURVE('',#2905,#2687,#1570,.T.);
#3651=EDGE_CURVE('',#2688,#2904,#1571,.T.);
#3652=EDGE_CURVE('',#2924,#2718,#1572,.T.);
#3653=EDGE_CURVE('',#2719,#2923,#1573,.T.);
#3654=EDGE_CURVE('',#2717,#2925,#1574,.T.);
#3655=EDGE_CURVE('',#2714,#2864,#1575,.F.);
#3656=EDGE_CURVE('',#2664,#2876,#1576,.F.);
#3657=EDGE_CURVE('',#2710,#2868,#1577,.T.);
#3658=EDGE_CURVE('',#2673,#2919,#1578,.T.);
#3659=EDGE_CURVE('',#2711,#2867,#1579,.T.);
#3660=EDGE_CURVE('',#2667,#2887,#1580,.T.);
#3661=EDGE_CURVE('',#2663,#2877,#1581,.F.);
#3662=EDGE_CURVE('',#2686,#2906,#1582,.F.);
#3663=EDGE_CURVE('',#2720,#2922,#1583,.T.);
#3664=EDGE_CURVE('',#2707,#2871,#1584,.T.);
#3665=EDGE_CURVE('',#2706,#2872,#1585,.F.);
#3666=EDGE_CURVE('',#2705,#2873,#1586,.F.);
#3667=EDGE_CURVE('',#2670,#2884,#1587,.T.);
#3668=EDGE_CURVE('',#2660,#2880,#1588,.F.);
#3669=EDGE_CURVE('',#2659,#2881,#1589,.F.);
#3670=EDGE_CURVE('',#2685,#2907,#1590,.T.);
#3671=EDGE_CURVE('',#2684,#2908,#1591,.T.);
#3672=EDGE_CURVE('',#2683,#2909,#1592,.F.);
#3673=EDGE_CURVE('',#2682,#2910,#1593,.F.);
#3674=EDGE_CURVE('',#2681,#2911,#1594,.T.);
#3675=EDGE_CURVE('',#2680,#2912,#1595,.T.);
#3676=EDGE_CURVE('',#2679,#2913,#1596,.F.);
#3677=EDGE_CURVE('',#2678,#2914,#1597,.F.);
#3678=EDGE_CURVE('',#2677,#2915,#1598,.T.);
#3679=EDGE_CURVE('',#2676,#2916,#1599,.T.);
#3680=EDGE_CURVE('',#2675,#2917,#1600,.F.);
#3681=EDGE_CURVE('',#2674,#2918,#1601,.F.);
#3682=EDGE_CURVE('',#2702,#2890,#1602,.T.);
#3683=EDGE_CURVE('',#2701,#2891,#1603,.F.);
#3684=EDGE_CURVE('',#2700,#2892,#1604,.F.);
#3685=EDGE_CURVE('',#2699,#2893,#1605,.T.);
#3686=EDGE_CURVE('',#2698,#2894,#1606,.T.);
#3687=EDGE_CURVE('',#2697,#2895,#1607,.F.);
#3688=EDGE_CURVE('',#2696,#2896,#1608,.F.);
#3689=EDGE_CURVE('',#2695,#2897,#1609,.T.);
#3690=EDGE_CURVE('',#2694,#2898,#1610,.T.);
#3691=EDGE_CURVE('',#2693,#2899,#1611,.F.);
#3692=EDGE_CURVE('',#2692,#2900,#1612,.F.);
#3693=EDGE_CURVE('',#2691,#2901,#1613,.T.);
#3694=EDGE_CURVE('',#2690,#2902,#1614,.T.);
#3695=EDGE_CURVE('',#2689,#2903,#1615,.F.);
#3696=EDGE_CURVE('',#2592,#2992,#1616,.T.);
#3697=EDGE_CURVE('',#2591,#2993,#1617,.T.);
#3698=EDGE_CURVE('',#2590,#2990,#1618,.T.);
#3699=EDGE_CURVE('',#2589,#2991,#1619,.T.);
#3700=EDGE_CURVE('',#2994,#2831,#185,.T.);
#3701=EDGE_CURVE('',#2995,#2994,#186,.T.);
#3702=EDGE_CURVE('',#2996,#2995,#1620,.T.);
#3703=EDGE_CURVE('',#2538,#2996,#187,.T.);
#3704=EDGE_CURVE('',#2537,#2832,#1621,.T.);
#3705=EDGE_CURVE('',#2536,#2833,#1622,.T.);
#3706=EDGE_CURVE('',#2834,#2535,#188,.T.);
#3707=EDGE_CURVE('',#2547,#2823,#1623,.T.);
#3708=EDGE_CURVE('',#2546,#2824,#1624,.T.);
#3709=EDGE_CURVE('',#2545,#2825,#1625,.T.);
#3710=EDGE_CURVE('',#2544,#2822,#1626,.T.);
#3711=EDGE_CURVE('',#2548,#2821,#1627,.T.);
#3712=EDGE_CURVE('',#2544,#2822,#1628,.T.);
#3713=EDGE_CURVE('',#2543,#2826,#1629,.T.);
#3714=EDGE_CURVE('',#2542,#2827,#1630,.T.);
#3715=EDGE_CURVE('',#2541,#2828,#1631,.T.);
#3716=EDGE_CURVE('',#2829,#2540,#1632,.T.);
#3717=EDGE_CURVE('',#2550,#2819,#1633,.T.);
#3718=EDGE_CURVE('',#2549,#2820,#1634,.T.);
#3719=EDGE_CURVE('',#2562,#2807,#1635,.T.);
#3720=EDGE_CURVE('',#2561,#2808,#1636,.T.);
#3721=EDGE_CURVE('',#2560,#2809,#1637,.T.);
#3722=EDGE_CURVE('',#2559,#2810,#1638,.T.);
#3723=EDGE_CURVE('',#2997,#2558,#189,.T.);
#3724=EDGE_CURVE('',#2998,#2997,#1639,.T.);
#3725=EDGE_CURVE('',#2999,#2998,#190,.T.);
#3726=EDGE_CURVE('',#2811,#2999,#191,.T.);
#3727=EDGE_CURVE('',#3000,#2805,#192,.T.);
#3728=EDGE_CURVE('',#3001,#3000,#193,.T.);
#3729=EDGE_CURVE('',#3002,#3001,#1640,.T.);
#3730=EDGE_CURVE('',#2564,#3002,#194,.T.);
#3731=EDGE_CURVE('',#2563,#2806,#1641,.T.);
#3732=EDGE_CURVE('',#2554,#2815,#1642,.T.);
#3733=EDGE_CURVE('',#2553,#2816,#1643,.T.);
#3734=EDGE_CURVE('',#2552,#2817,#1644,.T.);
#3735=EDGE_CURVE('',#2818,#2551,#1645,.T.);
#3736=EDGE_CURVE('',#2556,#2813,#1646,.T.);
#3737=EDGE_CURVE('',#2555,#2814,#1647,.T.);
#3738=EDGE_CURVE('',#2996,#3003,#195,.T.);
#3739=EDGE_CURVE('',#2539,#3003,#196,.T.);
#3740=EDGE_CURVE('',#3004,#2995,#197,.T.);
#3741=EDGE_CURVE('',#3003,#3004,#1648,.T.);
#3742=EDGE_CURVE('',#2557,#3005,#198,.T.);
#3743=EDGE_CURVE('',#3005,#2997,#199,.T.);
#3744=EDGE_CURVE('',#3002,#3006,#200,.T.);
#3745=EDGE_CURVE('',#3006,#3007,#201,.T.);
#3746=EDGE_CURVE('',#3007,#2565,#202,.F.);
#3747=EDGE_CURVE('',#3008,#3005,#1649,.T.);
#3748=EDGE_CURVE('',#2998,#3008,#203,.T.);
#3749=EDGE_CURVE('',#3009,#3001,#204,.T.);
#3750=EDGE_CURVE('',#3009,#3006,#1650,.T.);
#3751=EDGE_CURVE('',#3010,#2999,#205,.T.);
#3752=EDGE_CURVE('',#2812,#3010,#206,.F.);
#3753=EDGE_CURVE('',#3008,#3010,#207,.T.);
#3754=EDGE_CURVE('',#3011,#3004,#208,.T.);
#3755=EDGE_CURVE('',#3011,#2830,#209,.F.);
#3756=EDGE_CURVE('',#2985,#2593,#1651,.T.);
#3757=EDGE_CURVE('',#2594,#2984,#1652,.T.);
#3758=EDGE_CURVE('',#2646,#2972,#1653,.T.);
#3759=EDGE_CURVE('',#2973,#2645,#1654,.T.);
#3760=EDGE_CURVE('',#2638,#2926,#1655,.T.);
#3761=EDGE_CURVE('',#2927,#2637,#1656,.T.);
#3762=EDGE_CURVE('',#2978,#2652,#1657,.T.);
#3763=EDGE_CURVE('',#2653,#2977,#1658,.T.);
#3764=EDGE_CURVE('',#2941,#2599,#1659,.T.);
#3765=EDGE_CURVE('',#2600,#2940,#1660,.T.);
#3766=EDGE_CURVE('',#2649,#2981,#1661,.T.);
#3767=EDGE_CURVE('',#2982,#2648,#1662,.T.);
#3768=EDGE_CURVE('',#2935,#2631,#1663,.T.);
#3769=EDGE_CURVE('',#2632,#2934,#1664,.T.);
#3770=EDGE_CURVE('',#2931,#2641,#1665,.T.);
#3771=EDGE_CURVE('',#2642,#2930,#1666,.T.);
#3772=EDGE_CURVE('',#2635,#2937,#1667,.T.);
#3773=EDGE_CURVE('',#2938,#2634,#1668,.T.);
#3774=EDGE_CURVE('',#2616,#2956,#1669,.T.);
#3775=EDGE_CURVE('',#2957,#2615,#1670,.T.);
#3776=EDGE_CURVE('',#2597,#2987,#1671,.T.);
#3777=EDGE_CURVE('',#2988,#2596,#1672,.T.);
#3778=EDGE_CURVE('',#2598,#2986,#1673,.F.);
#3779=EDGE_CURVE('',#2647,#2983,#1674,.F.);
#3780=EDGE_CURVE('',#2639,#2933,#1675,.F.);
#3781=EDGE_CURVE('',#2651,#2979,#1676,.F.);
#3782=EDGE_CURVE('',#2630,#2942,#1677,.T.);
#3783=EDGE_CURVE('',#2980,#2650,#1678,.T.);
#3784=EDGE_CURVE('',#2636,#2936,#1679,.F.);
#3785=EDGE_CURVE('',#2640,#2932,#1680,.T.);
#3786=EDGE_CURVE('',#2617,#2955,#1681,.T.);
#3787=EDGE_CURVE('',#2595,#2989,#1682,.F.);
#3788=EDGE_CURVE('',#2656,#2974,#1683,.F.);
#3789=EDGE_CURVE('',#2655,#2975,#1684,.F.);
#3790=EDGE_CURVE('',#2654,#2976,#1685,.F.);
#3791=EDGE_CURVE('',#2633,#2939,#1686,.F.);
#3792=EDGE_CURVE('',#2644,#2928,#1687,.F.);
#3793=EDGE_CURVE('',#2643,#2929,#1688,.T.);
#3794=EDGE_CURVE('',#2629,#2943,#1689,.F.);
#3795=EDGE_CURVE('',#2628,#2944,#1690,.F.);
#3796=EDGE_CURVE('',#2627,#2945,#1691,.T.);
#3797=EDGE_CURVE('',#2626,#2946,#1692,.T.);
#3798=EDGE_CURVE('',#2625,#2947,#1693,.F.);
#3799=EDGE_CURVE('',#2624,#2948,#1694,.F.);
#3800=EDGE_CURVE('',#2623,#2949,#1695,.T.);
#3801=EDGE_CURVE('',#2622,#2950,#1696,.T.);
#3802=EDGE_CURVE('',#2621,#2951,#1697,.F.);
#3803=EDGE_CURVE('',#2620,#2952,#1698,.F.);
#3804=EDGE_CURVE('',#2619,#2953,#1699,.T.);
#3805=EDGE_CURVE('',#2618,#2954,#1700,.T.);
#3806=EDGE_CURVE('',#2614,#2958,#1701,.T.);
#3807=EDGE_CURVE('',#2613,#2959,#1702,.T.);
#3808=EDGE_CURVE('',#2612,#2960,#1703,.T.);
#3809=EDGE_CURVE('',#2611,#2961,#1704,.F.);
#3810=EDGE_CURVE('',#2610,#2962,#1705,.F.);
#3811=EDGE_CURVE('',#2609,#2963,#1706,.T.);
#3812=EDGE_CURVE('',#2608,#2964,#1707,.T.);
#3813=EDGE_CURVE('',#2607,#2965,#1708,.F.);
#3814=EDGE_CURVE('',#2606,#2966,#1709,.F.);
#3815=EDGE_CURVE('',#2605,#2967,#1710,.T.);
#3816=EDGE_CURVE('',#2604,#2968,#1711,.T.);
#3817=EDGE_CURVE('',#2603,#2969,#1712,.F.);
#3818=EDGE_CURVE('',#2602,#2970,#1713,.F.);
#3819=EDGE_CURVE('',#2601,#2971,#1714,.T.);
#3820=EDGE_CURVE('',#2845,#2491,#1715,.T.);
#3821=EDGE_CURVE('',#3012,#2844,#210,.T.);
#3822=EDGE_CURVE('',#3013,#3012,#211,.T.);
#3823=EDGE_CURVE('',#3014,#3013,#1716,.T.);
#3824=EDGE_CURVE('',#3014,#2492,#212,.T.);
#3825=EDGE_CURVE('',#3014,#3015,#213,.T.);
#3826=EDGE_CURVE('',#2493,#3015,#214,.T.);
#3827=EDGE_CURVE('',#2859,#2477,#215,.T.);
#3828=EDGE_CURVE('',#2476,#2860,#216,.T.);
#3829=EDGE_CURVE('',#2858,#2478,#1717,.T.);
#3830=EDGE_CURVE('',#2847,#2489,#1718,.T.);
#3831=EDGE_CURVE('',#2848,#2488,#1719,.T.);
#3832=EDGE_CURVE('',#2849,#2487,#1720,.T.);
#3833=EDGE_CURVE('',#2850,#2486,#1721,.T.);
#3834=EDGE_CURVE('',#2851,#2485,#1722,.T.);
#3835=EDGE_CURVE('',#2852,#2484,#1723,.T.);
#3836=EDGE_CURVE('',#2853,#2483,#1724,.T.);
#3837=EDGE_CURVE('',#2854,#2482,#1725,.T.);
#3838=EDGE_CURVE('',#2855,#2481,#1726,.T.);
#3839=EDGE_CURVE('',#2856,#2480,#1727,.T.);
#3840=EDGE_CURVE('',#2857,#2479,#1728,.T.);
#3841=EDGE_CURVE('',#2861,#2475,#1729,.T.);
#3842=EDGE_CURVE('',#2846,#2490,#1730,.T.);
#3843=EDGE_CURVE('',#2586,#2783,#217,.T.);
#3844=EDGE_CURVE('',#2782,#2587,#218,.T.);
#3845=EDGE_CURVE('',#2585,#2784,#1731,.T.);
#3846=EDGE_CURVE('',#2584,#2785,#1732,.T.);
#3847=EDGE_CURVE('',#2583,#2786,#1733,.T.);
#3848=EDGE_CURVE('',#2582,#2787,#1734,.T.);
#3849=EDGE_CURVE('',#2581,#2788,#1735,.T.);
#3850=EDGE_CURVE('',#2580,#2789,#1736,.T.);
#3851=EDGE_CURVE('',#2579,#2790,#1737,.T.);
#3852=EDGE_CURVE('',#2578,#2791,#1738,.T.);
#3853=EDGE_CURVE('',#2577,#2792,#1739,.T.);
#3854=EDGE_CURVE('',#2576,#2793,#1740,.T.);
#3855=EDGE_CURVE('',#2575,#2794,#1741,.T.);
#3856=EDGE_CURVE('',#2574,#2795,#1742,.T.);
#3857=EDGE_CURVE('',#2573,#2796,#1743,.T.);
#3858=EDGE_CURVE('',#2572,#2797,#1744,.T.);
#3859=EDGE_CURVE('',#3016,#3017,#1745,.T.);
#3860=EDGE_CURVE('',#3018,#3016,#219,.T.);
#3861=EDGE_CURVE('',#2798,#3018,#220,.T.);
#3862=EDGE_CURVE('',#3017,#2571,#221,.T.);
#3863=EDGE_CURVE('',#3016,#3019,#222,.T.);
#3864=EDGE_CURVE('',#3019,#3020,#223,.T.);
#3865=EDGE_CURVE('',#3020,#3018,#224,.T.);
#3866=EDGE_CURVE('',#3019,#3021,#1746,.T.);
#3867=EDGE_CURVE('',#2570,#3021,#225,.F.);
#3868=EDGE_CURVE('',#2569,#3022,#226,.T.);
#3869=EDGE_CURVE('',#3022,#3023,#1747,.T.);
#3870=EDGE_CURVE('',#3024,#3023,#227,.T.);
#3871=EDGE_CURVE('',#3024,#2800,#228,.F.);
#3872=EDGE_CURVE('',#2799,#3020,#229,.F.);
#3873=EDGE_CURVE('',#3021,#3017,#230,.T.);
#3874=EDGE_CURVE('',#3012,#3025,#231,.T.);
#3875=EDGE_CURVE('',#3025,#3026,#232,.T.);
#3876=EDGE_CURVE('',#3026,#3013,#233,.T.);
#3877=EDGE_CURVE('',#3025,#2843,#234,.F.);
#3878=EDGE_CURVE('',#2842,#3027,#235,.F.);
#3879=EDGE_CURVE('',#3028,#3027,#236,.T.);
#3880=EDGE_CURVE('',#3028,#3029,#1748,.T.);
#3881=EDGE_CURVE('',#2494,#3029,#237,.T.);
#3882=EDGE_CURVE('',#3015,#3026,#1749,.T.);
#3883=EDGE_CURVE('',#2759,#2779,#238,.T.);
#3884=EDGE_CURVE('',#2839,#2497,#1750,.T.);
#3885=EDGE_CURVE('',#3030,#3031,#239,.T.);
#3886=EDGE_CURVE('',#3031,#3028,#240,.T.);
#3887=EDGE_CURVE('',#3027,#3030,#241,.T.);
#3888=EDGE_CURVE('',#3031,#3032,#1751,.T.);
#3889=EDGE_CURVE('',#3029,#3032,#242,.T.);
#3890=EDGE_CURVE('',#2841,#3030,#243,.T.);
#3891=EDGE_CURVE('',#2840,#2496,#1752,.T.);
#3892=EDGE_CURVE('',#3033,#2495,#244,.F.);
#3893=EDGE_CURVE('',#3032,#3033,#245,.T.);
#3894=EDGE_CURVE('',#3023,#3034,#246,.T.);
#3895=EDGE_CURVE('',#3034,#3035,#247,.T.);
#3896=EDGE_CURVE('',#3035,#3024,#248,.T.);
#3897=EDGE_CURVE('',#3035,#2801,#249,.T.);
#3898=EDGE_CURVE('',#3036,#3034,#1753,.T.);
#3899=EDGE_CURVE('',#3037,#3036,#250,.T.);
#3900=EDGE_CURVE('',#2568,#3037,#251,.F.);
#3901=EDGE_CURVE('',#2567,#2802,#1754,.T.);
#3902=EDGE_CURVE('',#3000,#3038,#252,.T.);
#3903=EDGE_CURVE('',#3038,#3009,#253,.T.);
#3904=EDGE_CURVE('',#2804,#3038,#254,.T.);
#3905=EDGE_CURVE('',#2803,#2566,#1755,.T.);
#3906=EDGE_CURVE('',#2994,#3011,#255,.T.);
#3907=EDGE_CURVE('',#2781,#2733,#256,.T.);
#3908=EDGE_CURVE('',#3039,#3040,#257,.T.);
#3909=EDGE_CURVE('',#2530,#3039,#258,.F.);
#3910=EDGE_CURVE('',#3041,#2768,#259,.T.);
#3911=EDGE_CURVE('',#3040,#3041,#1756,.T.);
#3912=EDGE_CURVE('',#3040,#3042,#260,.T.);
#3913=EDGE_CURVE('',#2531,#3042,#261,.T.);
#3914=EDGE_CURVE('',#2835,#2534,#1757,.T.);
#3915=EDGE_CURVE('',#3043,#3044,#1758,.T.);
#3916=EDGE_CURVE('',#2835,#3043,#262,.T.);
#3917=EDGE_CURVE('',#3045,#2533,#263,.F.);
#3918=EDGE_CURVE('',#3044,#3045,#264,.T.);
#3919=EDGE_CURVE('',#3036,#3022,#265,.T.);
#3920=EDGE_CURVE('',#3046,#3043,#266,.T.);
#3921=EDGE_CURVE('',#2836,#3046,#267,.F.);
#3922=EDGE_CURVE('',#3047,#2532,#268,.T.);
#3923=EDGE_CURVE('',#3047,#3044,#269,.T.);
#3924=EDGE_CURVE('',#3041,#3048,#270,.T.);
#3925=EDGE_CURVE('',#3048,#3049,#1759,.T.);
#3926=EDGE_CURVE('',#3049,#3046,#1760,.T.);
#3927=EDGE_CURVE('',#3042,#3047,#271,.T.);
#3928=EDGE_CURVE('',#2838,#3048,#272,.F.);
#3929=EDGE_CURVE('',#2837,#3049,#1761,.F.);
#3930=ORIENTED_EDGE('',*,*,#3050,.F.);
#3931=ORIENTED_EDGE('',*,*,#3051,.T.);
#3932=ORIENTED_EDGE('',*,*,#3052,.T.);
#3933=ORIENTED_EDGE('',*,*,#3051,.F.);
#3934=ORIENTED_EDGE('',*,*,#3052,.F.);
#3935=ORIENTED_EDGE('',*,*,#3053,.F.);
#3936=ORIENTED_EDGE('',*,*,#3054,.F.);
#3937=ORIENTED_EDGE('',*,*,#3055,.F.);
#3938=ORIENTED_EDGE('',*,*,#3056,.F.);
#3939=ORIENTED_EDGE('',*,*,#3053,.T.);
#3940=ORIENTED_EDGE('',*,*,#3057,.F.);
#3941=ORIENTED_EDGE('',*,*,#3058,.F.);
#3942=ORIENTED_EDGE('',*,*,#3059,.F.);
#3943=ORIENTED_EDGE('',*,*,#3056,.T.);
#3944=ORIENTED_EDGE('',*,*,#3060,.T.);
#3945=ORIENTED_EDGE('',*,*,#3061,.T.);
#3946=ORIENTED_EDGE('',*,*,#3062,.T.);
#3947=ORIENTED_EDGE('',*,*,#3063,.F.);
#3948=ORIENTED_EDGE('',*,*,#3064,.T.);
#3949=ORIENTED_EDGE('',*,*,#3065,.T.);
#3950=ORIENTED_EDGE('',*,*,#3066,.T.);
#3951=ORIENTED_EDGE('',*,*,#3067,.T.);
#3952=ORIENTED_EDGE('',*,*,#3068,.T.);
#3953=ORIENTED_EDGE('',*,*,#3069,.T.);
#3954=ORIENTED_EDGE('',*,*,#3070,.T.);
#3955=ORIENTED_EDGE('',*,*,#3071,.T.);
#3956=ORIENTED_EDGE('',*,*,#3072,.T.);
#3957=ORIENTED_EDGE('',*,*,#3073,.T.);
#3958=ORIENTED_EDGE('',*,*,#3074,.T.);
#3959=ORIENTED_EDGE('',*,*,#3075,.T.);
#3960=ORIENTED_EDGE('',*,*,#3076,.T.);
#3961=ORIENTED_EDGE('',*,*,#3077,.T.);
#3962=ORIENTED_EDGE('',*,*,#3078,.T.);
#3963=ORIENTED_EDGE('',*,*,#3079,.T.);
#3964=ORIENTED_EDGE('',*,*,#3080,.T.);
#3965=ORIENTED_EDGE('',*,*,#3081,.T.);
#3966=ORIENTED_EDGE('',*,*,#3082,.T.);
#3967=ORIENTED_EDGE('',*,*,#3083,.T.);
#3968=ORIENTED_EDGE('',*,*,#3084,.T.);
#3969=ORIENTED_EDGE('',*,*,#3085,.T.);
#3970=ORIENTED_EDGE('',*,*,#3086,.T.);
#3971=ORIENTED_EDGE('',*,*,#3087,.T.);
#3972=ORIENTED_EDGE('',*,*,#3088,.T.);
#3973=ORIENTED_EDGE('',*,*,#3089,.T.);
#3974=ORIENTED_EDGE('',*,*,#3090,.T.);
#3975=ORIENTED_EDGE('',*,*,#3091,.T.);
#3976=ORIENTED_EDGE('',*,*,#3092,.T.);
#3977=ORIENTED_EDGE('',*,*,#3093,.T.);
#3978=ORIENTED_EDGE('',*,*,#3094,.T.);
#3979=ORIENTED_EDGE('',*,*,#3095,.T.);
#3980=ORIENTED_EDGE('',*,*,#3096,.T.);
#3981=ORIENTED_EDGE('',*,*,#3097,.T.);
#3982=ORIENTED_EDGE('',*,*,#3098,.T.);
#3983=ORIENTED_EDGE('',*,*,#3099,.T.);
#3984=ORIENTED_EDGE('',*,*,#3100,.T.);
#3985=ORIENTED_EDGE('',*,*,#3101,.T.);
#3986=ORIENTED_EDGE('',*,*,#3102,.T.);
#3987=ORIENTED_EDGE('',*,*,#3103,.T.);
#3988=ORIENTED_EDGE('',*,*,#3104,.T.);
#3989=ORIENTED_EDGE('',*,*,#3105,.T.);
#3990=ORIENTED_EDGE('',*,*,#3106,.T.);
#3991=ORIENTED_EDGE('',*,*,#3107,.T.);
#3992=ORIENTED_EDGE('',*,*,#3108,.T.);
#3993=ORIENTED_EDGE('',*,*,#3109,.T.);
#3994=ORIENTED_EDGE('',*,*,#3110,.T.);
#3995=ORIENTED_EDGE('',*,*,#3111,.T.);
#3996=ORIENTED_EDGE('',*,*,#3112,.T.);
#3997=ORIENTED_EDGE('',*,*,#3113,.T.);
#3998=ORIENTED_EDGE('',*,*,#3114,.T.);
#3999=ORIENTED_EDGE('',*,*,#3115,.T.);
#4000=ORIENTED_EDGE('',*,*,#3116,.T.);
#4001=ORIENTED_EDGE('',*,*,#3117,.T.);
#4002=ORIENTED_EDGE('',*,*,#3118,.T.);
#4003=ORIENTED_EDGE('',*,*,#3119,.T.);
#4004=ORIENTED_EDGE('',*,*,#3120,.T.);
#4005=ORIENTED_EDGE('',*,*,#3121,.T.);
#4006=ORIENTED_EDGE('',*,*,#3122,.T.);
#4007=ORIENTED_EDGE('',*,*,#3123,.T.);
#4008=ORIENTED_EDGE('',*,*,#3124,.T.);
#4009=ORIENTED_EDGE('',*,*,#3125,.T.);
#4010=ORIENTED_EDGE('',*,*,#3126,.T.);
#4011=ORIENTED_EDGE('',*,*,#3127,.T.);
#4012=ORIENTED_EDGE('',*,*,#3128,.T.);
#4013=ORIENTED_EDGE('',*,*,#3129,.T.);
#4014=ORIENTED_EDGE('',*,*,#3130,.T.);
#4015=ORIENTED_EDGE('',*,*,#3131,.T.);
#4016=ORIENTED_EDGE('',*,*,#3132,.T.);
#4017=ORIENTED_EDGE('',*,*,#3133,.T.);
#4018=ORIENTED_EDGE('',*,*,#3134,.T.);
#4019=ORIENTED_EDGE('',*,*,#3135,.T.);
#4020=ORIENTED_EDGE('',*,*,#3136,.T.);
#4021=ORIENTED_EDGE('',*,*,#3137,.T.);
#4022=ORIENTED_EDGE('',*,*,#3138,.T.);
#4023=ORIENTED_EDGE('',*,*,#3139,.T.);
#4024=ORIENTED_EDGE('',*,*,#3140,.T.);
#4025=ORIENTED_EDGE('',*,*,#3141,.T.);
#4026=ORIENTED_EDGE('',*,*,#3142,.T.);
#4027=ORIENTED_EDGE('',*,*,#3143,.T.);
#4028=ORIENTED_EDGE('',*,*,#3144,.T.);
#4029=ORIENTED_EDGE('',*,*,#3145,.T.);
#4030=ORIENTED_EDGE('',*,*,#3146,.T.);
#4031=ORIENTED_EDGE('',*,*,#3147,.T.);
#4032=ORIENTED_EDGE('',*,*,#3148,.T.);
#4033=ORIENTED_EDGE('',*,*,#3149,.T.);
#4034=ORIENTED_EDGE('',*,*,#3150,.T.);
#4035=ORIENTED_EDGE('',*,*,#3151,.T.);
#4036=ORIENTED_EDGE('',*,*,#3152,.T.);
#4037=ORIENTED_EDGE('',*,*,#3153,.T.);
#4038=ORIENTED_EDGE('',*,*,#3154,.T.);
#4039=ORIENTED_EDGE('',*,*,#3155,.T.);
#4040=ORIENTED_EDGE('',*,*,#3156,.T.);
#4041=ORIENTED_EDGE('',*,*,#3157,.T.);
#4042=ORIENTED_EDGE('',*,*,#3158,.T.);
#4043=ORIENTED_EDGE('',*,*,#3159,.T.);
#4044=ORIENTED_EDGE('',*,*,#3160,.T.);
#4045=ORIENTED_EDGE('',*,*,#3161,.T.);
#4046=ORIENTED_EDGE('',*,*,#3162,.T.);
#4047=ORIENTED_EDGE('',*,*,#3163,.T.);
#4048=ORIENTED_EDGE('',*,*,#3164,.T.);
#4049=ORIENTED_EDGE('',*,*,#3165,.T.);
#4050=ORIENTED_EDGE('',*,*,#3166,.T.);
#4051=ORIENTED_EDGE('',*,*,#3167,.T.);
#4052=ORIENTED_EDGE('',*,*,#3168,.T.);
#4053=ORIENTED_EDGE('',*,*,#3169,.T.);
#4054=ORIENTED_EDGE('',*,*,#3170,.T.);
#4055=ORIENTED_EDGE('',*,*,#3171,.T.);
#4056=ORIENTED_EDGE('',*,*,#3172,.T.);
#4057=ORIENTED_EDGE('',*,*,#3173,.T.);
#4058=ORIENTED_EDGE('',*,*,#3174,.T.);
#4059=ORIENTED_EDGE('',*,*,#3175,.F.);
#4060=ORIENTED_EDGE('',*,*,#3176,.T.);
#4061=ORIENTED_EDGE('',*,*,#3177,.T.);
#4062=ORIENTED_EDGE('',*,*,#3057,.T.);
#4063=ORIENTED_EDGE('',*,*,#3178,.T.);
#4064=ORIENTED_EDGE('',*,*,#3179,.T.);
#4065=ORIENTED_EDGE('',*,*,#3180,.T.);
#4066=ORIENTED_EDGE('',*,*,#3181,.T.);
#4067=ORIENTED_EDGE('',*,*,#3182,.T.);
#4068=ORIENTED_EDGE('',*,*,#3183,.T.);
#4069=ORIENTED_EDGE('',*,*,#3184,.T.);
#4070=ORIENTED_EDGE('',*,*,#3185,.T.);
#4071=ORIENTED_EDGE('',*,*,#3186,.T.);
#4072=ORIENTED_EDGE('',*,*,#3187,.T.);
#4073=ORIENTED_EDGE('',*,*,#3188,.T.);
#4074=ORIENTED_EDGE('',*,*,#3189,.T.);
#4075=ORIENTED_EDGE('',*,*,#3190,.T.);
#4076=ORIENTED_EDGE('',*,*,#3191,.T.);
#4077=ORIENTED_EDGE('',*,*,#3192,.T.);
#4078=ORIENTED_EDGE('',*,*,#3193,.T.);
#4079=ORIENTED_EDGE('',*,*,#3194,.T.);
#4080=ORIENTED_EDGE('',*,*,#3195,.T.);
#4081=ORIENTED_EDGE('',*,*,#3196,.T.);
#4082=ORIENTED_EDGE('',*,*,#3197,.T.);
#4083=ORIENTED_EDGE('',*,*,#3198,.T.);
#4084=ORIENTED_EDGE('',*,*,#3199,.T.);
#4085=ORIENTED_EDGE('',*,*,#3200,.T.);
#4086=ORIENTED_EDGE('',*,*,#3201,.T.);
#4087=ORIENTED_EDGE('',*,*,#3202,.T.);
#4088=ORIENTED_EDGE('',*,*,#3203,.T.);
#4089=ORIENTED_EDGE('',*,*,#3204,.T.);
#4090=ORIENTED_EDGE('',*,*,#3205,.T.);
#4091=ORIENTED_EDGE('',*,*,#3206,.T.);
#4092=ORIENTED_EDGE('',*,*,#3207,.T.);
#4093=ORIENTED_EDGE('',*,*,#3208,.T.);
#4094=ORIENTED_EDGE('',*,*,#3209,.T.);
#4095=ORIENTED_EDGE('',*,*,#3210,.T.);
#4096=ORIENTED_EDGE('',*,*,#3211,.T.);
#4097=ORIENTED_EDGE('',*,*,#3212,.T.);
#4098=ORIENTED_EDGE('',*,*,#3213,.T.);
#4099=ORIENTED_EDGE('',*,*,#3214,.T.);
#4100=ORIENTED_EDGE('',*,*,#3215,.T.);
#4101=ORIENTED_EDGE('',*,*,#3216,.T.);
#4102=ORIENTED_EDGE('',*,*,#3217,.T.);
#4103=ORIENTED_EDGE('',*,*,#3218,.T.);
#4104=ORIENTED_EDGE('',*,*,#3219,.T.);
#4105=ORIENTED_EDGE('',*,*,#3220,.T.);
#4106=ORIENTED_EDGE('',*,*,#3221,.T.);
#4107=ORIENTED_EDGE('',*,*,#3222,.T.);
#4108=ORIENTED_EDGE('',*,*,#3223,.T.);
#4109=ORIENTED_EDGE('',*,*,#3224,.T.);
#4110=ORIENTED_EDGE('',*,*,#3225,.T.);
#4111=ORIENTED_EDGE('',*,*,#3226,.T.);
#4112=ORIENTED_EDGE('',*,*,#3227,.T.);
#4113=ORIENTED_EDGE('',*,*,#3228,.T.);
#4114=ORIENTED_EDGE('',*,*,#3229,.T.);
#4115=ORIENTED_EDGE('',*,*,#3230,.T.);
#4116=ORIENTED_EDGE('',*,*,#3231,.T.);
#4117=ORIENTED_EDGE('',*,*,#3232,.T.);
#4118=ORIENTED_EDGE('',*,*,#3233,.T.);
#4119=ORIENTED_EDGE('',*,*,#3234,.T.);
#4120=ORIENTED_EDGE('',*,*,#3235,.T.);
#4121=ORIENTED_EDGE('',*,*,#3236,.T.);
#4122=ORIENTED_EDGE('',*,*,#3237,.T.);
#4123=ORIENTED_EDGE('',*,*,#3238,.T.);
#4124=ORIENTED_EDGE('',*,*,#3239,.T.);
#4125=ORIENTED_EDGE('',*,*,#3240,.T.);
#4126=ORIENTED_EDGE('',*,*,#3241,.T.);
#4127=ORIENTED_EDGE('',*,*,#3242,.T.);
#4128=ORIENTED_EDGE('',*,*,#3243,.T.);
#4129=ORIENTED_EDGE('',*,*,#3244,.T.);
#4130=ORIENTED_EDGE('',*,*,#3245,.T.);
#4131=ORIENTED_EDGE('',*,*,#3246,.T.);
#4132=ORIENTED_EDGE('',*,*,#3247,.T.);
#4133=ORIENTED_EDGE('',*,*,#3248,.T.);
#4134=ORIENTED_EDGE('',*,*,#3249,.T.);
#4135=ORIENTED_EDGE('',*,*,#3250,.T.);
#4136=ORIENTED_EDGE('',*,*,#3251,.T.);
#4137=ORIENTED_EDGE('',*,*,#3252,.T.);
#4138=ORIENTED_EDGE('',*,*,#3253,.T.);
#4139=ORIENTED_EDGE('',*,*,#3254,.T.);
#4140=ORIENTED_EDGE('',*,*,#3255,.T.);
#4141=ORIENTED_EDGE('',*,*,#3256,.T.);
#4142=ORIENTED_EDGE('',*,*,#3257,.T.);
#4143=ORIENTED_EDGE('',*,*,#3258,.T.);
#4144=ORIENTED_EDGE('',*,*,#3259,.T.);
#4145=ORIENTED_EDGE('',*,*,#3260,.T.);
#4146=ORIENTED_EDGE('',*,*,#3261,.T.);
#4147=ORIENTED_EDGE('',*,*,#3262,.T.);
#4148=ORIENTED_EDGE('',*,*,#3263,.T.);
#4149=ORIENTED_EDGE('',*,*,#3264,.T.);
#4150=ORIENTED_EDGE('',*,*,#3265,.T.);
#4151=ORIENTED_EDGE('',*,*,#3266,.T.);
#4152=ORIENTED_EDGE('',*,*,#3267,.T.);
#4153=ORIENTED_EDGE('',*,*,#3268,.T.);
#4154=ORIENTED_EDGE('',*,*,#3269,.T.);
#4155=ORIENTED_EDGE('',*,*,#3270,.T.);
#4156=ORIENTED_EDGE('',*,*,#3271,.T.);
#4157=ORIENTED_EDGE('',*,*,#3272,.T.);
#4158=ORIENTED_EDGE('',*,*,#3273,.T.);
#4159=ORIENTED_EDGE('',*,*,#3274,.T.);
#4160=ORIENTED_EDGE('',*,*,#3275,.T.);
#4161=ORIENTED_EDGE('',*,*,#3276,.T.);
#4162=ORIENTED_EDGE('',*,*,#3277,.T.);
#4163=ORIENTED_EDGE('',*,*,#3278,.T.);
#4164=ORIENTED_EDGE('',*,*,#3279,.T.);
#4165=ORIENTED_EDGE('',*,*,#3280,.T.);
#4166=ORIENTED_EDGE('',*,*,#3281,.T.);
#4167=ORIENTED_EDGE('',*,*,#3282,.T.);
#4168=ORIENTED_EDGE('',*,*,#3283,.T.);
#4169=ORIENTED_EDGE('',*,*,#3284,.T.);
#4170=ORIENTED_EDGE('',*,*,#3285,.T.);
#4171=ORIENTED_EDGE('',*,*,#3286,.T.);
#4172=ORIENTED_EDGE('',*,*,#3287,.T.);
#4173=ORIENTED_EDGE('',*,*,#3288,.T.);
#4174=ORIENTED_EDGE('',*,*,#3289,.T.);
#4175=ORIENTED_EDGE('',*,*,#3290,.T.);
#4176=ORIENTED_EDGE('',*,*,#3291,.T.);
#4177=ORIENTED_EDGE('',*,*,#3292,.T.);
#4178=ORIENTED_EDGE('',*,*,#3293,.T.);
#4179=ORIENTED_EDGE('',*,*,#3294,.T.);
#4180=ORIENTED_EDGE('',*,*,#3295,.T.);
#4181=ORIENTED_EDGE('',*,*,#3296,.T.);
#4182=ORIENTED_EDGE('',*,*,#3297,.T.);
#4183=ORIENTED_EDGE('',*,*,#3298,.T.);
#4184=ORIENTED_EDGE('',*,*,#3299,.T.);
#4185=ORIENTED_EDGE('',*,*,#3300,.T.);
#4186=ORIENTED_EDGE('',*,*,#3301,.T.);
#4187=ORIENTED_EDGE('',*,*,#3302,.T.);
#4188=ORIENTED_EDGE('',*,*,#3303,.T.);
#4189=ORIENTED_EDGE('',*,*,#3304,.T.);
#4190=ORIENTED_EDGE('',*,*,#3305,.T.);
#4191=ORIENTED_EDGE('',*,*,#3306,.T.);
#4192=ORIENTED_EDGE('',*,*,#3307,.T.);
#4193=ORIENTED_EDGE('',*,*,#3308,.T.);
#4194=ORIENTED_EDGE('',*,*,#3309,.T.);
#4195=ORIENTED_EDGE('',*,*,#3310,.T.);
#4196=ORIENTED_EDGE('',*,*,#3311,.T.);
#4197=ORIENTED_EDGE('',*,*,#3312,.T.);
#4198=ORIENTED_EDGE('',*,*,#3313,.T.);
#4199=ORIENTED_EDGE('',*,*,#3055,.T.);
#4200=ORIENTED_EDGE('',*,*,#3314,.F.);
#4201=ORIENTED_EDGE('',*,*,#3315,.F.);
#4202=ORIENTED_EDGE('',*,*,#3060,.F.);
#4203=ORIENTED_EDGE('',*,*,#3058,.T.);
#4204=ORIENTED_EDGE('',*,*,#3177,.F.);
#4205=ORIENTED_EDGE('',*,*,#3316,.T.);
#4206=ORIENTED_EDGE('',*,*,#3317,.F.);
#4207=ORIENTED_EDGE('',*,*,#3318,.F.);
#4208=ORIENTED_EDGE('',*,*,#3319,.F.);
#4209=ORIENTED_EDGE('',*,*,#3312,.F.);
#4210=ORIENTED_EDGE('',*,*,#3320,.T.);
#4211=ORIENTED_EDGE('',*,*,#3321,.F.);
#4212=ORIENTED_EDGE('',*,*,#3320,.F.);
#4213=ORIENTED_EDGE('',*,*,#3311,.F.);
#4214=ORIENTED_EDGE('',*,*,#3322,.T.);
#4215=ORIENTED_EDGE('',*,*,#3323,.F.);
#4216=ORIENTED_EDGE('',*,*,#3322,.F.);
#4217=ORIENTED_EDGE('',*,*,#3310,.F.);
#4218=ORIENTED_EDGE('',*,*,#3324,.T.);
#4219=ORIENTED_EDGE('',*,*,#3325,.F.);
#4220=ORIENTED_EDGE('',*,*,#3324,.F.);
#4221=ORIENTED_EDGE('',*,*,#3313,.F.);
#4222=ORIENTED_EDGE('',*,*,#3319,.T.);
#4223=ORIENTED_EDGE('',*,*,#3326,.F.);
#4224=ORIENTED_EDGE('',*,*,#3327,.F.);
#4225=ORIENTED_EDGE('',*,*,#3113,.F.);
#4226=ORIENTED_EDGE('',*,*,#3328,.F.);
#4227=ORIENTED_EDGE('',*,*,#3329,.F.);
#4228=ORIENTED_EDGE('',*,*,#3330,.F.);
#4229=ORIENTED_EDGE('',*,*,#3331,.F.);
#4230=ORIENTED_EDGE('',*,*,#3332,.F.);
#4231=ORIENTED_EDGE('',*,*,#3333,.F.);
#4232=ORIENTED_EDGE('',*,*,#3115,.F.);
#4233=ORIENTED_EDGE('',*,*,#3334,.T.);
#4234=ORIENTED_EDGE('',*,*,#3335,.F.);
#4235=ORIENTED_EDGE('',*,*,#3334,.F.);
#4236=ORIENTED_EDGE('',*,*,#3114,.F.);
#4237=ORIENTED_EDGE('',*,*,#3327,.T.);
#4238=ORIENTED_EDGE('',*,*,#3336,.F.);
#4239=ORIENTED_EDGE('',*,*,#3337,.F.);
#4240=ORIENTED_EDGE('',*,*,#3104,.F.);
#4241=ORIENTED_EDGE('',*,*,#3338,.T.);
#4242=ORIENTED_EDGE('',*,*,#3339,.F.);
#4243=ORIENTED_EDGE('',*,*,#3338,.F.);
#4244=ORIENTED_EDGE('',*,*,#3103,.F.);
#4245=ORIENTED_EDGE('',*,*,#3340,.T.);
#4246=ORIENTED_EDGE('',*,*,#3341,.F.);
#4247=ORIENTED_EDGE('',*,*,#3340,.F.);
#4248=ORIENTED_EDGE('',*,*,#3102,.F.);
#4249=ORIENTED_EDGE('',*,*,#3342,.T.);
#4250=ORIENTED_EDGE('',*,*,#3343,.F.);
#4251=ORIENTED_EDGE('',*,*,#3342,.F.);
#4252=ORIENTED_EDGE('',*,*,#3101,.F.);
#4253=ORIENTED_EDGE('',*,*,#3344,.T.);
#4254=ORIENTED_EDGE('',*,*,#3345,.F.);
#4255=ORIENTED_EDGE('',*,*,#3344,.F.);
#4256=ORIENTED_EDGE('',*,*,#3100,.F.);
#4257=ORIENTED_EDGE('',*,*,#3346,.F.);
#4258=ORIENTED_EDGE('',*,*,#3347,.F.);
#4259=ORIENTED_EDGE('',*,*,#3348,.F.);
#4260=ORIENTED_EDGE('',*,*,#3106,.F.);
#4261=ORIENTED_EDGE('',*,*,#3349,.T.);
#4262=ORIENTED_EDGE('',*,*,#3350,.F.);
#4263=ORIENTED_EDGE('',*,*,#3349,.F.);
#4264=ORIENTED_EDGE('',*,*,#3105,.F.);
#4265=ORIENTED_EDGE('',*,*,#3337,.T.);
#4266=ORIENTED_EDGE('',*,*,#3351,.F.);
#4267=ORIENTED_EDGE('',*,*,#3352,.F.);
#4268=ORIENTED_EDGE('',*,*,#3108,.F.);
#4269=ORIENTED_EDGE('',*,*,#3353,.T.);
#4270=ORIENTED_EDGE('',*,*,#3354,.F.);
#4271=ORIENTED_EDGE('',*,*,#3353,.F.);
#4272=ORIENTED_EDGE('',*,*,#3107,.F.);
#4273=ORIENTED_EDGE('',*,*,#3348,.T.);
#4274=ORIENTED_EDGE('',*,*,#3355,.F.);
#4275=ORIENTED_EDGE('',*,*,#3356,.F.);
#4276=ORIENTED_EDGE('',*,*,#3110,.F.);
#4277=ORIENTED_EDGE('',*,*,#3357,.T.);
#4278=ORIENTED_EDGE('',*,*,#3358,.F.);
#4279=ORIENTED_EDGE('',*,*,#3357,.F.);
#4280=ORIENTED_EDGE('',*,*,#3109,.F.);
#4281=ORIENTED_EDGE('',*,*,#3352,.T.);
#4282=ORIENTED_EDGE('',*,*,#3359,.F.);
#4283=ORIENTED_EDGE('',*,*,#3360,.F.);
#4284=ORIENTED_EDGE('',*,*,#3089,.F.);
#4285=ORIENTED_EDGE('',*,*,#3361,.T.);
#4286=ORIENTED_EDGE('',*,*,#3362,.F.);
#4287=ORIENTED_EDGE('',*,*,#3361,.F.);
#4288=ORIENTED_EDGE('',*,*,#3088,.F.);
#4289=ORIENTED_EDGE('',*,*,#3363,.T.);
#4290=ORIENTED_EDGE('',*,*,#3364,.F.);
#4291=ORIENTED_EDGE('',*,*,#3363,.F.);
#4292=ORIENTED_EDGE('',*,*,#3087,.F.);
#4293=ORIENTED_EDGE('',*,*,#3365,.T.);
#4294=ORIENTED_EDGE('',*,*,#3366,.F.);
#4295=ORIENTED_EDGE('',*,*,#3365,.F.);
#4296=ORIENTED_EDGE('',*,*,#3086,.F.);
#4297=ORIENTED_EDGE('',*,*,#3367,.F.);
#4298=ORIENTED_EDGE('',*,*,#3368,.F.);
#4299=ORIENTED_EDGE('',*,*,#3369,.F.);
#4300=ORIENTED_EDGE('',*,*,#3370,.F.);
#4301=ORIENTED_EDGE('',*,*,#3371,.F.);
#4302=ORIENTED_EDGE('',*,*,#3372,.F.);
#4303=ORIENTED_EDGE('',*,*,#3373,.F.);
#4304=ORIENTED_EDGE('',*,*,#3374,.F.);
#4305=ORIENTED_EDGE('',*,*,#3375,.F.);
#4306=ORIENTED_EDGE('',*,*,#3091,.F.);
#4307=ORIENTED_EDGE('',*,*,#3376,.T.);
#4308=ORIENTED_EDGE('',*,*,#3377,.F.);
#4309=ORIENTED_EDGE('',*,*,#3376,.F.);
#4310=ORIENTED_EDGE('',*,*,#3090,.F.);
#4311=ORIENTED_EDGE('',*,*,#3360,.T.);
#4312=ORIENTED_EDGE('',*,*,#3378,.F.);
#4313=ORIENTED_EDGE('',*,*,#3379,.F.);
#4314=ORIENTED_EDGE('',*,*,#3095,.F.);
#4315=ORIENTED_EDGE('',*,*,#3380,.T.);
#4316=ORIENTED_EDGE('',*,*,#3381,.F.);
#4317=ORIENTED_EDGE('',*,*,#3380,.F.);
#4318=ORIENTED_EDGE('',*,*,#3094,.F.);
#4319=ORIENTED_EDGE('',*,*,#3382,.F.);
#4320=ORIENTED_EDGE('',*,*,#3383,.F.);
#4321=ORIENTED_EDGE('',*,*,#3384,.F.);
#4322=ORIENTED_EDGE('',*,*,#3097,.F.);
#4323=ORIENTED_EDGE('',*,*,#3385,.T.);
#4324=ORIENTED_EDGE('',*,*,#3386,.F.);
#4325=ORIENTED_EDGE('',*,*,#3385,.F.);
#4326=ORIENTED_EDGE('',*,*,#3096,.F.);
#4327=ORIENTED_EDGE('',*,*,#3379,.T.);
#4328=ORIENTED_EDGE('',*,*,#3387,.F.);
#4329=ORIENTED_EDGE('',*,*,#3388,.F.);
#4330=ORIENTED_EDGE('',*,*,#3098,.F.);
#4331=ORIENTED_EDGE('',*,*,#3384,.T.);
#4332=ORIENTED_EDGE('',*,*,#3333,.T.);
#4333=ORIENTED_EDGE('',*,*,#3389,.T.);
#4334=ORIENTED_EDGE('',*,*,#3390,.T.);
#4335=ORIENTED_EDGE('',*,*,#3116,.F.);
#4336=ORIENTED_EDGE('',*,*,#3331,.T.);
#4337=ORIENTED_EDGE('',*,*,#3391,.F.);
#4338=ORIENTED_EDGE('',*,*,#3392,.F.);
#4339=ORIENTED_EDGE('',*,*,#3393,.T.);
#4340=ORIENTED_EDGE('',*,*,#3330,.T.);
#4341=ORIENTED_EDGE('',*,*,#3394,.T.);
#4342=ORIENTED_EDGE('',*,*,#3395,.T.);
#4343=ORIENTED_EDGE('',*,*,#3391,.T.);
#4344=ORIENTED_EDGE('',*,*,#3367,.T.);
#4345=ORIENTED_EDGE('',*,*,#3085,.F.);
#4346=ORIENTED_EDGE('',*,*,#3396,.T.);
#4347=ORIENTED_EDGE('',*,*,#3397,.T.);
#4348=ORIENTED_EDGE('',*,*,#3398,.T.);
#4349=ORIENTED_EDGE('',*,*,#3375,.T.);
#4350=ORIENTED_EDGE('',*,*,#3399,.T.);
#4351=ORIENTED_EDGE('',*,*,#3400,.F.);
#4352=ORIENTED_EDGE('',*,*,#3092,.F.);
#4353=ORIENTED_EDGE('',*,*,#3368,.T.);
#4354=ORIENTED_EDGE('',*,*,#3398,.F.);
#4355=ORIENTED_EDGE('',*,*,#3401,.T.);
#4356=ORIENTED_EDGE('',*,*,#3402,.F.);
#4357=ORIENTED_EDGE('',*,*,#3374,.T.);
#4358=ORIENTED_EDGE('',*,*,#3403,.F.);
#4359=ORIENTED_EDGE('',*,*,#3404,.F.);
#4360=ORIENTED_EDGE('',*,*,#3399,.F.);
#4361=ORIENTED_EDGE('',*,*,#3370,.T.);
#4362=ORIENTED_EDGE('',*,*,#3405,.F.);
#4363=ORIENTED_EDGE('',*,*,#3406,.T.);
#4364=ORIENTED_EDGE('',*,*,#3407,.T.);
#4365=ORIENTED_EDGE('',*,*,#3369,.T.);
#4366=ORIENTED_EDGE('',*,*,#3402,.T.);
#4367=ORIENTED_EDGE('',*,*,#3408,.T.);
#4368=ORIENTED_EDGE('',*,*,#3405,.T.);
#4369=ORIENTED_EDGE('',*,*,#3382,.T.);
#4370=ORIENTED_EDGE('',*,*,#3093,.F.);
#4371=ORIENTED_EDGE('',*,*,#3400,.T.);
#4372=ORIENTED_EDGE('',*,*,#3404,.T.);
#4373=ORIENTED_EDGE('',*,*,#3409,.F.);
#4374=ORIENTED_EDGE('',*,*,#3410,.T.);
#4375=ORIENTED_EDGE('',*,*,#3411,.T.);
#4376=ORIENTED_EDGE('',*,*,#3356,.T.);
#4377=ORIENTED_EDGE('',*,*,#3412,.T.);
#4378=ORIENTED_EDGE('',*,*,#3392,.T.);
#4379=ORIENTED_EDGE('',*,*,#3395,.F.);
#4380=ORIENTED_EDGE('',*,*,#3413,.T.);
#4381=ORIENTED_EDGE('',*,*,#3414,.F.);
#4382=ORIENTED_EDGE('',*,*,#3111,.F.);
#4383=ORIENTED_EDGE('',*,*,#3346,.T.);
#4384=ORIENTED_EDGE('',*,*,#3099,.F.);
#4385=ORIENTED_EDGE('',*,*,#3388,.T.);
#4386=ORIENTED_EDGE('',*,*,#3415,.T.);
#4387=ORIENTED_EDGE('',*,*,#3054,.T.);
#4388=ORIENTED_EDGE('',*,*,#3059,.T.);
#4389=ORIENTED_EDGE('',*,*,#3317,.T.);
#4390=ORIENTED_EDGE('',*,*,#3416,.T.);
#4391=ORIENTED_EDGE('',*,*,#3417,.F.);
#4392=ORIENTED_EDGE('',*,*,#3418,.T.);
#4393=ORIENTED_EDGE('',*,*,#3419,.T.);
#4394=ORIENTED_EDGE('',*,*,#3420,.T.);
#4395=ORIENTED_EDGE('',*,*,#3421,.T.);
#4396=ORIENTED_EDGE('',*,*,#3422,.T.);
#4397=ORIENTED_EDGE('',*,*,#3423,.T.);
#4398=ORIENTED_EDGE('',*,*,#3424,.T.);
#4399=ORIENTED_EDGE('',*,*,#3425,.T.);
#4400=ORIENTED_EDGE('',*,*,#3426,.T.);
#4401=ORIENTED_EDGE('',*,*,#3427,.T.);
#4402=ORIENTED_EDGE('',*,*,#3428,.T.);
#4403=ORIENTED_EDGE('',*,*,#3429,.T.);
#4404=ORIENTED_EDGE('',*,*,#3430,.T.);
#4405=ORIENTED_EDGE('',*,*,#3431,.T.);
#4406=ORIENTED_EDGE('',*,*,#3432,.T.);
#4407=ORIENTED_EDGE('',*,*,#3433,.F.);
#4408=ORIENTED_EDGE('',*,*,#3434,.F.);
#4409=ORIENTED_EDGE('',*,*,#3435,.F.);
#4410=ORIENTED_EDGE('',*,*,#3436,.T.);
#4411=ORIENTED_EDGE('',*,*,#3437,.T.);
#4412=ORIENTED_EDGE('',*,*,#3438,.T.);
#4413=ORIENTED_EDGE('',*,*,#3439,.F.);
#4414=ORIENTED_EDGE('',*,*,#3440,.T.);
#4415=ORIENTED_EDGE('',*,*,#3441,.T.);
#4416=ORIENTED_EDGE('',*,*,#3442,.T.);
#4417=ORIENTED_EDGE('',*,*,#3443,.T.);
#4418=ORIENTED_EDGE('',*,*,#3444,.T.);
#4419=ORIENTED_EDGE('',*,*,#3445,.T.);
#4420=ORIENTED_EDGE('',*,*,#3446,.F.);
#4421=ORIENTED_EDGE('',*,*,#3447,.F.);
#4422=ORIENTED_EDGE('',*,*,#3448,.T.);
#4423=ORIENTED_EDGE('',*,*,#3449,.T.);
#4424=ORIENTED_EDGE('',*,*,#3450,.T.);
#4425=ORIENTED_EDGE('',*,*,#3451,.T.);
#4426=ORIENTED_EDGE('',*,*,#3452,.T.);
#4427=ORIENTED_EDGE('',*,*,#3453,.F.);
#4428=ORIENTED_EDGE('',*,*,#3454,.T.);
#4429=ORIENTED_EDGE('',*,*,#3455,.T.);
#4430=ORIENTED_EDGE('',*,*,#3456,.T.);
#4431=ORIENTED_EDGE('',*,*,#3457,.T.);
#4432=ORIENTED_EDGE('',*,*,#3458,.T.);
#4433=ORIENTED_EDGE('',*,*,#3459,.T.);
#4434=ORIENTED_EDGE('',*,*,#3460,.T.);
#4435=ORIENTED_EDGE('',*,*,#3461,.T.);
#4436=ORIENTED_EDGE('',*,*,#3462,.T.);
#4437=ORIENTED_EDGE('',*,*,#3463,.T.);
#4438=ORIENTED_EDGE('',*,*,#3464,.T.);
#4439=ORIENTED_EDGE('',*,*,#3465,.F.);
#4440=ORIENTED_EDGE('',*,*,#3466,.F.);
#4441=ORIENTED_EDGE('',*,*,#3467,.T.);
#4442=ORIENTED_EDGE('',*,*,#3468,.T.);
#4443=ORIENTED_EDGE('',*,*,#3469,.T.);
#4444=ORIENTED_EDGE('',*,*,#3470,.F.);
#4445=ORIENTED_EDGE('',*,*,#3471,.F.);
#4446=ORIENTED_EDGE('',*,*,#3472,.F.);
#4447=ORIENTED_EDGE('',*,*,#3473,.F.);
#4448=ORIENTED_EDGE('',*,*,#3474,.F.);
#4449=ORIENTED_EDGE('',*,*,#3389,.F.);
#4450=ORIENTED_EDGE('',*,*,#3332,.T.);
#4451=ORIENTED_EDGE('',*,*,#3335,.T.);
#4452=ORIENTED_EDGE('',*,*,#3326,.T.);
#4453=ORIENTED_EDGE('',*,*,#3393,.F.);
#4454=ORIENTED_EDGE('',*,*,#3412,.F.);
#4455=ORIENTED_EDGE('',*,*,#3355,.T.);
#4456=ORIENTED_EDGE('',*,*,#3358,.T.);
#4457=ORIENTED_EDGE('',*,*,#3351,.T.);
#4458=ORIENTED_EDGE('',*,*,#3354,.T.);
#4459=ORIENTED_EDGE('',*,*,#3347,.T.);
#4460=ORIENTED_EDGE('',*,*,#3350,.T.);
#4461=ORIENTED_EDGE('',*,*,#3336,.T.);
#4462=ORIENTED_EDGE('',*,*,#3339,.T.);
#4463=ORIENTED_EDGE('',*,*,#3341,.T.);
#4464=ORIENTED_EDGE('',*,*,#3343,.T.);
#4465=ORIENTED_EDGE('',*,*,#3345,.T.);
#4466=ORIENTED_EDGE('',*,*,#3415,.F.);
#4467=ORIENTED_EDGE('',*,*,#3387,.T.);
#4468=ORIENTED_EDGE('',*,*,#3383,.T.);
#4469=ORIENTED_EDGE('',*,*,#3386,.T.);
#4470=ORIENTED_EDGE('',*,*,#3378,.T.);
#4471=ORIENTED_EDGE('',*,*,#3381,.T.);
#4472=ORIENTED_EDGE('',*,*,#3411,.F.);
#4473=ORIENTED_EDGE('',*,*,#3475,.F.);
#4474=ORIENTED_EDGE('',*,*,#3371,.T.);
#4475=ORIENTED_EDGE('',*,*,#3377,.T.);
#4476=ORIENTED_EDGE('',*,*,#3359,.T.);
#4477=ORIENTED_EDGE('',*,*,#3362,.T.);
#4478=ORIENTED_EDGE('',*,*,#3364,.T.);
#4479=ORIENTED_EDGE('',*,*,#3366,.T.);
#4480=ORIENTED_EDGE('',*,*,#3407,.F.);
#4481=ORIENTED_EDGE('',*,*,#3476,.T.);
#4482=ORIENTED_EDGE('',*,*,#3477,.T.);
#4483=ORIENTED_EDGE('',*,*,#3478,.T.);
#4484=ORIENTED_EDGE('',*,*,#3479,.F.);
#4485=ORIENTED_EDGE('',*,*,#3480,.F.);
#4486=ORIENTED_EDGE('',*,*,#3481,.F.);
#4487=ORIENTED_EDGE('',*,*,#3482,.T.);
#4488=ORIENTED_EDGE('',*,*,#3483,.T.);
#4489=ORIENTED_EDGE('',*,*,#3484,.T.);
#4490=ORIENTED_EDGE('',*,*,#3485,.T.);
#4491=ORIENTED_EDGE('',*,*,#3486,.T.);
#4492=ORIENTED_EDGE('',*,*,#3487,.T.);
#4493=ORIENTED_EDGE('',*,*,#3488,.T.);
#4494=ORIENTED_EDGE('',*,*,#3489,.T.);
#4495=ORIENTED_EDGE('',*,*,#3490,.T.);
#4496=ORIENTED_EDGE('',*,*,#3491,.T.);
#4497=ORIENTED_EDGE('',*,*,#3492,.T.);
#4498=ORIENTED_EDGE('',*,*,#3493,.T.);
#4499=ORIENTED_EDGE('',*,*,#3494,.T.);
#4500=ORIENTED_EDGE('',*,*,#3495,.T.);
#4501=ORIENTED_EDGE('',*,*,#3496,.T.);
#4502=ORIENTED_EDGE('',*,*,#3497,.F.);
#4503=ORIENTED_EDGE('',*,*,#3498,.T.);
#4504=ORIENTED_EDGE('',*,*,#3499,.T.);
#4505=ORIENTED_EDGE('',*,*,#3314,.T.);
#4506=ORIENTED_EDGE('',*,*,#3500,.T.);
#4507=ORIENTED_EDGE('',*,*,#3501,.T.);
#4508=ORIENTED_EDGE('',*,*,#3502,.T.);
#4509=ORIENTED_EDGE('',*,*,#3503,.T.);
#4510=ORIENTED_EDGE('',*,*,#3504,.T.);
#4511=ORIENTED_EDGE('',*,*,#3505,.T.);
#4512=ORIENTED_EDGE('',*,*,#3506,.T.);
#4513=ORIENTED_EDGE('',*,*,#3507,.T.);
#4514=ORIENTED_EDGE('',*,*,#3508,.T.);
#4515=ORIENTED_EDGE('',*,*,#3509,.T.);
#4516=ORIENTED_EDGE('',*,*,#3510,.T.);
#4517=ORIENTED_EDGE('',*,*,#3511,.T.);
#4518=ORIENTED_EDGE('',*,*,#3512,.T.);
#4519=ORIENTED_EDGE('',*,*,#3513,.T.);
#4520=ORIENTED_EDGE('',*,*,#3514,.T.);
#4521=ORIENTED_EDGE('',*,*,#3515,.T.);
#4522=ORIENTED_EDGE('',*,*,#3516,.T.);
#4523=ORIENTED_EDGE('',*,*,#3517,.T.);
#4524=ORIENTED_EDGE('',*,*,#3518,.T.);
#4525=ORIENTED_EDGE('',*,*,#3519,.T.);
#4526=ORIENTED_EDGE('',*,*,#3520,.T.);
#4527=ORIENTED_EDGE('',*,*,#3521,.T.);
#4528=ORIENTED_EDGE('',*,*,#3522,.T.);
#4529=ORIENTED_EDGE('',*,*,#3523,.T.);
#4530=ORIENTED_EDGE('',*,*,#3524,.T.);
#4531=ORIENTED_EDGE('',*,*,#3525,.T.);
#4532=ORIENTED_EDGE('',*,*,#3526,.T.);
#4533=ORIENTED_EDGE('',*,*,#3527,.T.);
#4534=ORIENTED_EDGE('',*,*,#3528,.T.);
#4535=ORIENTED_EDGE('',*,*,#3529,.T.);
#4536=ORIENTED_EDGE('',*,*,#3530,.T.);
#4537=ORIENTED_EDGE('',*,*,#3531,.T.);
#4538=ORIENTED_EDGE('',*,*,#3532,.T.);
#4539=ORIENTED_EDGE('',*,*,#3533,.T.);
#4540=ORIENTED_EDGE('',*,*,#3534,.T.);
#4541=ORIENTED_EDGE('',*,*,#3535,.T.);
#4542=ORIENTED_EDGE('',*,*,#3536,.T.);
#4543=ORIENTED_EDGE('',*,*,#3537,.T.);
#4544=ORIENTED_EDGE('',*,*,#3538,.T.);
#4545=ORIENTED_EDGE('',*,*,#3539,.T.);
#4546=ORIENTED_EDGE('',*,*,#3540,.T.);
#4547=ORIENTED_EDGE('',*,*,#3541,.T.);
#4548=ORIENTED_EDGE('',*,*,#3542,.T.);
#4549=ORIENTED_EDGE('',*,*,#3543,.T.);
#4550=ORIENTED_EDGE('',*,*,#3544,.T.);
#4551=ORIENTED_EDGE('',*,*,#3545,.T.);
#4552=ORIENTED_EDGE('',*,*,#3546,.T.);
#4553=ORIENTED_EDGE('',*,*,#3547,.T.);
#4554=ORIENTED_EDGE('',*,*,#3548,.T.);
#4555=ORIENTED_EDGE('',*,*,#3549,.T.);
#4556=ORIENTED_EDGE('',*,*,#3550,.T.);
#4557=ORIENTED_EDGE('',*,*,#3551,.T.);
#4558=ORIENTED_EDGE('',*,*,#3552,.T.);
#4559=ORIENTED_EDGE('',*,*,#3553,.T.);
#4560=ORIENTED_EDGE('',*,*,#3554,.T.);
#4561=ORIENTED_EDGE('',*,*,#3555,.T.);
#4562=ORIENTED_EDGE('',*,*,#3556,.T.);
#4563=ORIENTED_EDGE('',*,*,#3557,.T.);
#4564=ORIENTED_EDGE('',*,*,#3558,.T.);
#4565=ORIENTED_EDGE('',*,*,#3559,.T.);
#4566=ORIENTED_EDGE('',*,*,#3560,.T.);
#4567=ORIENTED_EDGE('',*,*,#3561,.T.);
#4568=ORIENTED_EDGE('',*,*,#3562,.T.);
#4569=ORIENTED_EDGE('',*,*,#3563,.T.);
#4570=ORIENTED_EDGE('',*,*,#3564,.T.);
#4571=ORIENTED_EDGE('',*,*,#3565,.T.);
#4572=ORIENTED_EDGE('',*,*,#3566,.T.);
#4573=ORIENTED_EDGE('',*,*,#3567,.T.);
#4574=ORIENTED_EDGE('',*,*,#3568,.T.);
#4575=ORIENTED_EDGE('',*,*,#3569,.T.);
#4576=ORIENTED_EDGE('',*,*,#3570,.T.);
#4577=ORIENTED_EDGE('',*,*,#3571,.T.);
#4578=ORIENTED_EDGE('',*,*,#3572,.T.);
#4579=ORIENTED_EDGE('',*,*,#3573,.T.);
#4580=ORIENTED_EDGE('',*,*,#3574,.T.);
#4581=ORIENTED_EDGE('',*,*,#3575,.T.);
#4582=ORIENTED_EDGE('',*,*,#3576,.T.);
#4583=ORIENTED_EDGE('',*,*,#3577,.T.);
#4584=ORIENTED_EDGE('',*,*,#3578,.T.);
#4585=ORIENTED_EDGE('',*,*,#3579,.T.);
#4586=ORIENTED_EDGE('',*,*,#3580,.T.);
#4587=ORIENTED_EDGE('',*,*,#3581,.T.);
#4588=ORIENTED_EDGE('',*,*,#3582,.T.);
#4589=ORIENTED_EDGE('',*,*,#3583,.T.);
#4590=ORIENTED_EDGE('',*,*,#3584,.T.);
#4591=ORIENTED_EDGE('',*,*,#3585,.T.);
#4592=ORIENTED_EDGE('',*,*,#3586,.T.);
#4593=ORIENTED_EDGE('',*,*,#3587,.T.);
#4594=ORIENTED_EDGE('',*,*,#3588,.T.);
#4595=ORIENTED_EDGE('',*,*,#3589,.T.);
#4596=ORIENTED_EDGE('',*,*,#3590,.T.);
#4597=ORIENTED_EDGE('',*,*,#3591,.T.);
#4598=ORIENTED_EDGE('',*,*,#3592,.T.);
#4599=ORIENTED_EDGE('',*,*,#3593,.T.);
#4600=ORIENTED_EDGE('',*,*,#3594,.T.);
#4601=ORIENTED_EDGE('',*,*,#3595,.T.);
#4602=ORIENTED_EDGE('',*,*,#3596,.T.);
#4603=ORIENTED_EDGE('',*,*,#3597,.T.);
#4604=ORIENTED_EDGE('',*,*,#3598,.T.);
#4605=ORIENTED_EDGE('',*,*,#3599,.T.);
#4606=ORIENTED_EDGE('',*,*,#3600,.T.);
#4607=ORIENTED_EDGE('',*,*,#3601,.T.);
#4608=ORIENTED_EDGE('',*,*,#3602,.T.);
#4609=ORIENTED_EDGE('',*,*,#3603,.T.);
#4610=ORIENTED_EDGE('',*,*,#3604,.T.);
#4611=ORIENTED_EDGE('',*,*,#3605,.T.);
#4612=ORIENTED_EDGE('',*,*,#3606,.T.);
#4613=ORIENTED_EDGE('',*,*,#3607,.T.);
#4614=ORIENTED_EDGE('',*,*,#3608,.T.);
#4615=ORIENTED_EDGE('',*,*,#3609,.T.);
#4616=ORIENTED_EDGE('',*,*,#3610,.T.);
#4617=ORIENTED_EDGE('',*,*,#3611,.T.);
#4618=ORIENTED_EDGE('',*,*,#3612,.T.);
#4619=ORIENTED_EDGE('',*,*,#3613,.T.);
#4620=ORIENTED_EDGE('',*,*,#3614,.T.);
#4621=ORIENTED_EDGE('',*,*,#3615,.T.);
#4622=ORIENTED_EDGE('',*,*,#3616,.T.);
#4623=ORIENTED_EDGE('',*,*,#3617,.T.);
#4624=ORIENTED_EDGE('',*,*,#3618,.T.);
#4625=ORIENTED_EDGE('',*,*,#3619,.T.);
#4626=ORIENTED_EDGE('',*,*,#3620,.T.);
#4627=ORIENTED_EDGE('',*,*,#3621,.T.);
#4628=ORIENTED_EDGE('',*,*,#3622,.T.);
#4629=ORIENTED_EDGE('',*,*,#3623,.T.);
#4630=ORIENTED_EDGE('',*,*,#3624,.T.);
#4631=ORIENTED_EDGE('',*,*,#3625,.T.);
#4632=ORIENTED_EDGE('',*,*,#3626,.T.);
#4633=ORIENTED_EDGE('',*,*,#3627,.T.);
#4634=ORIENTED_EDGE('',*,*,#3628,.T.);
#4635=ORIENTED_EDGE('',*,*,#3629,.T.);
#4636=ORIENTED_EDGE('',*,*,#3630,.T.);
#4637=ORIENTED_EDGE('',*,*,#3631,.T.);
#4638=ORIENTED_EDGE('',*,*,#3323,.T.);
#4639=ORIENTED_EDGE('',*,*,#3325,.T.);
#4640=ORIENTED_EDGE('',*,*,#3318,.T.);
#4641=ORIENTED_EDGE('',*,*,#3321,.T.);
#4642=ORIENTED_EDGE('',*,*,#3632,.F.);
#4643=ORIENTED_EDGE('',*,*,#3304,.F.);
#4644=ORIENTED_EDGE('',*,*,#3633,.F.);
#4645=ORIENTED_EDGE('',*,*,#3558,.F.);
#4646=ORIENTED_EDGE('',*,*,#3634,.F.);
#4647=ORIENTED_EDGE('',*,*,#3500,.F.);
#4648=ORIENTED_EDGE('',*,*,#3635,.F.);
#4649=ORIENTED_EDGE('',*,*,#3292,.F.);
#4650=ORIENTED_EDGE('',*,*,#3636,.F.);
#4651=ORIENTED_EDGE('',*,*,#3512,.F.);
#4652=ORIENTED_EDGE('',*,*,#3637,.F.);
#4653=ORIENTED_EDGE('',*,*,#3246,.F.);
#4654=ORIENTED_EDGE('',*,*,#3638,.F.);
#4655=ORIENTED_EDGE('',*,*,#3297,.F.);
#4656=ORIENTED_EDGE('',*,*,#3639,.F.);
#4657=ORIENTED_EDGE('',*,*,#3507,.F.);
#4658=ORIENTED_EDGE('',*,*,#3640,.F.);
#4659=ORIENTED_EDGE('',*,*,#3260,.F.);
#4660=ORIENTED_EDGE('',*,*,#3641,.F.);
#4661=ORIENTED_EDGE('',*,*,#3526,.F.);
#4662=ORIENTED_EDGE('',*,*,#3642,.F.);
#4663=ORIENTED_EDGE('',*,*,#3503,.F.);
#4664=ORIENTED_EDGE('',*,*,#3643,.F.);
#4665=ORIENTED_EDGE('',*,*,#3301,.F.);
#4666=ORIENTED_EDGE('',*,*,#3644,.F.);
#4667=ORIENTED_EDGE('',*,*,#3254,.F.);
#4668=ORIENTED_EDGE('',*,*,#3645,.F.);
#4669=ORIENTED_EDGE('',*,*,#3520,.F.);
#4670=ORIENTED_EDGE('',*,*,#3646,.F.);
#4671=ORIENTED_EDGE('',*,*,#3250,.F.);
#4672=ORIENTED_EDGE('',*,*,#3647,.F.);
#4673=ORIENTED_EDGE('',*,*,#3516,.F.);
#4674=ORIENTED_EDGE('',*,*,#3648,.F.);
#4675=ORIENTED_EDGE('',*,*,#3523,.F.);
#4676=ORIENTED_EDGE('',*,*,#3649,.F.);
#4677=ORIENTED_EDGE('',*,*,#3257,.F.);
#4678=ORIENTED_EDGE('',*,*,#3650,.F.);
#4679=ORIENTED_EDGE('',*,*,#3542,.F.);
#4680=ORIENTED_EDGE('',*,*,#3651,.F.);
#4681=ORIENTED_EDGE('',*,*,#3276,.F.);
#4682=ORIENTED_EDGE('',*,*,#3652,.F.);
#4683=ORIENTED_EDGE('',*,*,#3561,.F.);
#4684=ORIENTED_EDGE('',*,*,#3653,.F.);
#4685=ORIENTED_EDGE('',*,*,#3307,.F.);
#4686=ORIENTED_EDGE('',*,*,#3632,.T.);
#4687=ORIENTED_EDGE('',*,*,#3563,.F.);
#4688=ORIENTED_EDGE('',*,*,#3654,.F.);
#4689=ORIENTED_EDGE('',*,*,#3305,.F.);
#4690=ORIENTED_EDGE('',*,*,#3634,.T.);
#4691=ORIENTED_EDGE('',*,*,#3303,.F.);
#4692=ORIENTED_EDGE('',*,*,#3655,.T.);
#4693=ORIENTED_EDGE('',*,*,#3501,.F.);
#4694=ORIENTED_EDGE('',*,*,#3636,.T.);
#4695=ORIENTED_EDGE('',*,*,#3253,.F.);
#4696=ORIENTED_EDGE('',*,*,#3656,.T.);
#4697=ORIENTED_EDGE('',*,*,#3513,.F.);
#4698=ORIENTED_EDGE('',*,*,#3638,.T.);
#4699=ORIENTED_EDGE('',*,*,#3506,.F.);
#4700=ORIENTED_EDGE('',*,*,#3657,.F.);
#4701=ORIENTED_EDGE('',*,*,#3298,.F.);
#4702=ORIENTED_EDGE('',*,*,#3640,.T.);
#4703=ORIENTED_EDGE('',*,*,#3557,.F.);
#4704=ORIENTED_EDGE('',*,*,#3658,.F.);
#4705=ORIENTED_EDGE('',*,*,#3261,.F.);
#4706=ORIENTED_EDGE('',*,*,#3642,.T.);
#4707=ORIENTED_EDGE('',*,*,#3300,.F.);
#4708=ORIENTED_EDGE('',*,*,#3659,.T.);
#4709=ORIENTED_EDGE('',*,*,#3504,.F.);
#4710=ORIENTED_EDGE('',*,*,#3644,.T.);
#4711=ORIENTED_EDGE('',*,*,#3525,.F.);
#4712=ORIENTED_EDGE('',*,*,#3660,.F.);
#4713=ORIENTED_EDGE('',*,*,#3255,.F.);
#4714=ORIENTED_EDGE('',*,*,#3646,.T.);
#4715=ORIENTED_EDGE('',*,*,#3515,.F.);
#4716=ORIENTED_EDGE('',*,*,#3661,.F.);
#4717=ORIENTED_EDGE('',*,*,#3251,.F.);
#4718=ORIENTED_EDGE('',*,*,#3648,.T.);
#4719=ORIENTED_EDGE('',*,*,#3256,.F.);
#4720=ORIENTED_EDGE('',*,*,#3660,.T.);
#4721=ORIENTED_EDGE('',*,*,#3524,.F.);
#4722=ORIENTED_EDGE('',*,*,#3650,.T.);
#4723=ORIENTED_EDGE('',*,*,#3275,.F.);
#4724=ORIENTED_EDGE('',*,*,#3662,.T.);
#4725=ORIENTED_EDGE('',*,*,#3543,.F.);
#4726=ORIENTED_EDGE('',*,*,#3652,.T.);
#4727=ORIENTED_EDGE('',*,*,#3306,.F.);
#4728=ORIENTED_EDGE('',*,*,#3654,.T.);
#4729=ORIENTED_EDGE('',*,*,#3562,.F.);
#4730=ORIENTED_EDGE('',*,*,#3633,.T.);
#4731=ORIENTED_EDGE('',*,*,#3309,.F.);
#4732=ORIENTED_EDGE('',*,*,#3663,.T.);
#4733=ORIENTED_EDGE('',*,*,#3559,.F.);
#4734=ORIENTED_EDGE('',*,*,#3653,.T.);
#4735=ORIENTED_EDGE('',*,*,#3560,.F.);
#4736=ORIENTED_EDGE('',*,*,#3663,.F.);
#4737=ORIENTED_EDGE('',*,*,#3308,.F.);
#4738=ORIENTED_EDGE('',*,*,#3643,.T.);
#4739=ORIENTED_EDGE('',*,*,#3502,.F.);
#4740=ORIENTED_EDGE('',*,*,#3655,.F.);
#4741=ORIENTED_EDGE('',*,*,#3302,.F.);
#4742=ORIENTED_EDGE('',*,*,#3639,.T.);
#4743=ORIENTED_EDGE('',*,*,#3296,.F.);
#4744=ORIENTED_EDGE('',*,*,#3664,.T.);
#4745=ORIENTED_EDGE('',*,*,#3508,.F.);
#4746=ORIENTED_EDGE('',*,*,#3509,.F.);
#4747=ORIENTED_EDGE('',*,*,#3664,.F.);
#4748=ORIENTED_EDGE('',*,*,#3295,.F.);
#4749=ORIENTED_EDGE('',*,*,#3665,.T.);
#4750=ORIENTED_EDGE('',*,*,#3510,.F.);
#4751=ORIENTED_EDGE('',*,*,#3665,.F.);
#4752=ORIENTED_EDGE('',*,*,#3294,.F.);
#4753=ORIENTED_EDGE('',*,*,#3666,.T.);
#4754=ORIENTED_EDGE('',*,*,#3659,.F.);
#4755=ORIENTED_EDGE('',*,*,#3299,.F.);
#4756=ORIENTED_EDGE('',*,*,#3657,.T.);
#4757=ORIENTED_EDGE('',*,*,#3505,.F.);
#4758=ORIENTED_EDGE('',*,*,#3635,.T.);
#4759=ORIENTED_EDGE('',*,*,#3511,.F.);
#4760=ORIENTED_EDGE('',*,*,#3666,.F.);
#4761=ORIENTED_EDGE('',*,*,#3293,.F.);
#4762=ORIENTED_EDGE('',*,*,#3645,.T.);
#4763=ORIENTED_EDGE('',*,*,#3259,.F.);
#4764=ORIENTED_EDGE('',*,*,#3667,.T.);
#4765=ORIENTED_EDGE('',*,*,#3521,.F.);
#4766=ORIENTED_EDGE('',*,*,#3649,.T.);
#4767=ORIENTED_EDGE('',*,*,#3522,.F.);
#4768=ORIENTED_EDGE('',*,*,#3667,.F.);
#4769=ORIENTED_EDGE('',*,*,#3258,.F.);
#4770=ORIENTED_EDGE('',*,*,#3647,.T.);
#4771=ORIENTED_EDGE('',*,*,#3249,.F.);
#4772=ORIENTED_EDGE('',*,*,#3668,.T.);
#4773=ORIENTED_EDGE('',*,*,#3517,.F.);
#4774=ORIENTED_EDGE('',*,*,#3518,.F.);
#4775=ORIENTED_EDGE('',*,*,#3668,.F.);
#4776=ORIENTED_EDGE('',*,*,#3248,.F.);
#4777=ORIENTED_EDGE('',*,*,#3669,.T.);
#4778=ORIENTED_EDGE('',*,*,#3514,.F.);
#4779=ORIENTED_EDGE('',*,*,#3656,.F.);
#4780=ORIENTED_EDGE('',*,*,#3252,.F.);
#4781=ORIENTED_EDGE('',*,*,#3661,.T.);
#4782=ORIENTED_EDGE('',*,*,#3637,.T.);
#4783=ORIENTED_EDGE('',*,*,#3519,.F.);
#4784=ORIENTED_EDGE('',*,*,#3669,.F.);
#4785=ORIENTED_EDGE('',*,*,#3247,.F.);
#4786=ORIENTED_EDGE('',*,*,#3544,.F.);
#4787=ORIENTED_EDGE('',*,*,#3662,.F.);
#4788=ORIENTED_EDGE('',*,*,#3274,.F.);
#4789=ORIENTED_EDGE('',*,*,#3670,.T.);
#4790=ORIENTED_EDGE('',*,*,#3545,.F.);
#4791=ORIENTED_EDGE('',*,*,#3670,.F.);
#4792=ORIENTED_EDGE('',*,*,#3273,.F.);
#4793=ORIENTED_EDGE('',*,*,#3671,.T.);
#4794=ORIENTED_EDGE('',*,*,#3546,.F.);
#4795=ORIENTED_EDGE('',*,*,#3671,.F.);
#4796=ORIENTED_EDGE('',*,*,#3272,.F.);
#4797=ORIENTED_EDGE('',*,*,#3672,.T.);
#4798=ORIENTED_EDGE('',*,*,#3547,.F.);
#4799=ORIENTED_EDGE('',*,*,#3672,.F.);
#4800=ORIENTED_EDGE('',*,*,#3271,.F.);
#4801=ORIENTED_EDGE('',*,*,#3673,.T.);
#4802=ORIENTED_EDGE('',*,*,#3548,.F.);
#4803=ORIENTED_EDGE('',*,*,#3673,.F.);
#4804=ORIENTED_EDGE('',*,*,#3270,.F.);
#4805=ORIENTED_EDGE('',*,*,#3674,.T.);
#4806=ORIENTED_EDGE('',*,*,#3549,.F.);
#4807=ORIENTED_EDGE('',*,*,#3674,.F.);
#4808=ORIENTED_EDGE('',*,*,#3269,.F.);
#4809=ORIENTED_EDGE('',*,*,#3675,.T.);
#4810=ORIENTED_EDGE('',*,*,#3550,.F.);
#4811=ORIENTED_EDGE('',*,*,#3675,.F.);
#4812=ORIENTED_EDGE('',*,*,#3268,.F.);
#4813=ORIENTED_EDGE('',*,*,#3676,.T.);
#4814=ORIENTED_EDGE('',*,*,#3551,.F.);
#4815=ORIENTED_EDGE('',*,*,#3676,.F.);
#4816=ORIENTED_EDGE('',*,*,#3267,.F.);
#4817=ORIENTED_EDGE('',*,*,#3677,.T.);
#4818=ORIENTED_EDGE('',*,*,#3552,.F.);
#4819=ORIENTED_EDGE('',*,*,#3677,.F.);
#4820=ORIENTED_EDGE('',*,*,#3266,.F.);
#4821=ORIENTED_EDGE('',*,*,#3678,.T.);
#4822=ORIENTED_EDGE('',*,*,#3553,.F.);
#4823=ORIENTED_EDGE('',*,*,#3678,.F.);
#4824=ORIENTED_EDGE('',*,*,#3265,.F.);
#4825=ORIENTED_EDGE('',*,*,#3679,.T.);
#4826=ORIENTED_EDGE('',*,*,#3554,.F.);
#4827=ORIENTED_EDGE('',*,*,#3679,.F.);
#4828=ORIENTED_EDGE('',*,*,#3264,.F.);
#4829=ORIENTED_EDGE('',*,*,#3680,.T.);
#4830=ORIENTED_EDGE('',*,*,#3555,.F.);
#4831=ORIENTED_EDGE('',*,*,#3680,.F.);
#4832=ORIENTED_EDGE('',*,*,#3263,.F.);
#4833=ORIENTED_EDGE('',*,*,#3681,.T.);
#4834=ORIENTED_EDGE('',*,*,#3556,.F.);
#4835=ORIENTED_EDGE('',*,*,#3681,.F.);
#4836=ORIENTED_EDGE('',*,*,#3262,.F.);
#4837=ORIENTED_EDGE('',*,*,#3658,.T.);
#4838=ORIENTED_EDGE('',*,*,#3641,.T.);
#4839=ORIENTED_EDGE('',*,*,#3291,.F.);
#4840=ORIENTED_EDGE('',*,*,#3682,.T.);
#4841=ORIENTED_EDGE('',*,*,#3527,.F.);
#4842=ORIENTED_EDGE('',*,*,#3528,.F.);
#4843=ORIENTED_EDGE('',*,*,#3682,.F.);
#4844=ORIENTED_EDGE('',*,*,#3290,.F.);
#4845=ORIENTED_EDGE('',*,*,#3683,.T.);
#4846=ORIENTED_EDGE('',*,*,#3529,.F.);
#4847=ORIENTED_EDGE('',*,*,#3683,.F.);
#4848=ORIENTED_EDGE('',*,*,#3289,.F.);
#4849=ORIENTED_EDGE('',*,*,#3684,.T.);
#4850=ORIENTED_EDGE('',*,*,#3530,.F.);
#4851=ORIENTED_EDGE('',*,*,#3684,.F.);
#4852=ORIENTED_EDGE('',*,*,#3288,.F.);
#4853=ORIENTED_EDGE('',*,*,#3685,.T.);
#4854=ORIENTED_EDGE('',*,*,#3531,.F.);
#4855=ORIENTED_EDGE('',*,*,#3685,.F.);
#4856=ORIENTED_EDGE('',*,*,#3287,.F.);
#4857=ORIENTED_EDGE('',*,*,#3686,.T.);
#4858=ORIENTED_EDGE('',*,*,#3532,.F.);
#4859=ORIENTED_EDGE('',*,*,#3686,.F.);
#4860=ORIENTED_EDGE('',*,*,#3286,.F.);
#4861=ORIENTED_EDGE('',*,*,#3687,.T.);
#4862=ORIENTED_EDGE('',*,*,#3533,.F.);
#4863=ORIENTED_EDGE('',*,*,#3687,.F.);
#4864=ORIENTED_EDGE('',*,*,#3285,.F.);
#4865=ORIENTED_EDGE('',*,*,#3688,.T.);
#4866=ORIENTED_EDGE('',*,*,#3534,.F.);
#4867=ORIENTED_EDGE('',*,*,#3688,.F.);
#4868=ORIENTED_EDGE('',*,*,#3284,.F.);
#4869=ORIENTED_EDGE('',*,*,#3689,.T.);
#4870=ORIENTED_EDGE('',*,*,#3535,.F.);
#4871=ORIENTED_EDGE('',*,*,#3689,.F.);
#4872=ORIENTED_EDGE('',*,*,#3283,.F.);
#4873=ORIENTED_EDGE('',*,*,#3690,.T.);
#4874=ORIENTED_EDGE('',*,*,#3536,.F.);
#4875=ORIENTED_EDGE('',*,*,#3690,.F.);
#4876=ORIENTED_EDGE('',*,*,#3282,.F.);
#4877=ORIENTED_EDGE('',*,*,#3691,.T.);
#4878=ORIENTED_EDGE('',*,*,#3537,.F.);
#4879=ORIENTED_EDGE('',*,*,#3691,.F.);
#4880=ORIENTED_EDGE('',*,*,#3281,.F.);
#4881=ORIENTED_EDGE('',*,*,#3692,.T.);
#4882=ORIENTED_EDGE('',*,*,#3538,.F.);
#4883=ORIENTED_EDGE('',*,*,#3692,.F.);
#4884=ORIENTED_EDGE('',*,*,#3280,.F.);
#4885=ORIENTED_EDGE('',*,*,#3693,.T.);
#4886=ORIENTED_EDGE('',*,*,#3539,.F.);
#4887=ORIENTED_EDGE('',*,*,#3693,.F.);
#4888=ORIENTED_EDGE('',*,*,#3279,.F.);
#4889=ORIENTED_EDGE('',*,*,#3694,.T.);
#4890=ORIENTED_EDGE('',*,*,#3540,.F.);
#4891=ORIENTED_EDGE('',*,*,#3694,.F.);
#4892=ORIENTED_EDGE('',*,*,#3278,.F.);
#4893=ORIENTED_EDGE('',*,*,#3695,.T.);
#4894=ORIENTED_EDGE('',*,*,#3651,.T.);
#4895=ORIENTED_EDGE('',*,*,#3541,.F.);
#4896=ORIENTED_EDGE('',*,*,#3695,.F.);
#4897=ORIENTED_EDGE('',*,*,#3277,.F.);
#4898=ORIENTED_EDGE('',*,*,#3630,.F.);
#4899=ORIENTED_EDGE('',*,*,#3696,.F.);
#4900=ORIENTED_EDGE('',*,*,#3180,.F.);
#4901=ORIENTED_EDGE('',*,*,#3697,.T.);
#4902=ORIENTED_EDGE('',*,*,#3631,.F.);
#4903=ORIENTED_EDGE('',*,*,#3697,.F.);
#4904=ORIENTED_EDGE('',*,*,#3179,.F.);
#4905=ORIENTED_EDGE('',*,*,#3698,.T.);
#4906=ORIENTED_EDGE('',*,*,#3628,.F.);
#4907=ORIENTED_EDGE('',*,*,#3698,.F.);
#4908=ORIENTED_EDGE('',*,*,#3178,.F.);
#4909=ORIENTED_EDGE('',*,*,#3699,.T.);
#4910=ORIENTED_EDGE('',*,*,#3629,.F.);
#4911=ORIENTED_EDGE('',*,*,#3699,.F.);
#4912=ORIENTED_EDGE('',*,*,#3181,.F.);
#4913=ORIENTED_EDGE('',*,*,#3696,.T.);
#4914=ORIENTED_EDGE('',*,*,#3467,.F.);
#4915=ORIENTED_EDGE('',*,*,#3700,.F.);
#4916=ORIENTED_EDGE('',*,*,#3701,.F.);
#4917=ORIENTED_EDGE('',*,*,#3702,.F.);
#4918=ORIENTED_EDGE('',*,*,#3703,.F.);
#4919=ORIENTED_EDGE('',*,*,#3125,.F.);
#4920=ORIENTED_EDGE('',*,*,#3704,.T.);
#4921=ORIENTED_EDGE('',*,*,#3468,.F.);
#4922=ORIENTED_EDGE('',*,*,#3704,.F.);
#4923=ORIENTED_EDGE('',*,*,#3124,.F.);
#4924=ORIENTED_EDGE('',*,*,#3705,.T.);
#4925=ORIENTED_EDGE('',*,*,#3469,.F.);
#4926=ORIENTED_EDGE('',*,*,#3705,.F.);
#4927=ORIENTED_EDGE('',*,*,#3123,.F.);
#4928=ORIENTED_EDGE('',*,*,#3706,.F.);
#4929=ORIENTED_EDGE('',*,*,#3458,.F.);
#4930=ORIENTED_EDGE('',*,*,#3707,.F.);
#4931=ORIENTED_EDGE('',*,*,#3134,.F.);
#4932=ORIENTED_EDGE('',*,*,#3708,.T.);
#4933=ORIENTED_EDGE('',*,*,#3459,.F.);
#4934=ORIENTED_EDGE('',*,*,#3708,.F.);
#4935=ORIENTED_EDGE('',*,*,#3133,.F.);
#4936=ORIENTED_EDGE('',*,*,#3709,.T.);
#4937=ORIENTED_EDGE('',*,*,#3460,.F.);
#4938=ORIENTED_EDGE('',*,*,#3709,.F.);
#4939=ORIENTED_EDGE('',*,*,#3132,.F.);
#4940=ORIENTED_EDGE('',*,*,#3710,.T.);
#4941=ORIENTED_EDGE('',*,*,#3456,.F.);
#4942=ORIENTED_EDGE('',*,*,#3711,.F.);
#4943=ORIENTED_EDGE('',*,*,#3136,.F.);
#4944=ORIENTED_EDGE('',*,*,#3712,.T.);
#4945=ORIENTED_EDGE('',*,*,#3461,.F.);
#4946=ORIENTED_EDGE('',*,*,#3710,.F.);
#4947=ORIENTED_EDGE('',*,*,#3131,.F.);
#4948=ORIENTED_EDGE('',*,*,#3713,.T.);
#4949=ORIENTED_EDGE('',*,*,#3462,.F.);
#4950=ORIENTED_EDGE('',*,*,#3713,.F.);
#4951=ORIENTED_EDGE('',*,*,#3130,.F.);
#4952=ORIENTED_EDGE('',*,*,#3714,.T.);
#4953=ORIENTED_EDGE('',*,*,#3463,.F.);
#4954=ORIENTED_EDGE('',*,*,#3714,.F.);
#4955=ORIENTED_EDGE('',*,*,#3129,.F.);
#4956=ORIENTED_EDGE('',*,*,#3715,.T.);
#4957=ORIENTED_EDGE('',*,*,#3457,.F.);
#4958=ORIENTED_EDGE('',*,*,#3712,.F.);
#4959=ORIENTED_EDGE('',*,*,#3135,.F.);
#4960=ORIENTED_EDGE('',*,*,#3707,.T.);
#4961=ORIENTED_EDGE('',*,*,#3464,.F.);
#4962=ORIENTED_EDGE('',*,*,#3715,.F.);
#4963=ORIENTED_EDGE('',*,*,#3128,.F.);
#4964=ORIENTED_EDGE('',*,*,#3716,.F.);
#4965=ORIENTED_EDGE('',*,*,#3454,.F.);
#4966=ORIENTED_EDGE('',*,*,#3717,.F.);
#4967=ORIENTED_EDGE('',*,*,#3138,.F.);
#4968=ORIENTED_EDGE('',*,*,#3718,.T.);
#4969=ORIENTED_EDGE('',*,*,#3455,.F.);
#4970=ORIENTED_EDGE('',*,*,#3718,.F.);
#4971=ORIENTED_EDGE('',*,*,#3137,.F.);
#4972=ORIENTED_EDGE('',*,*,#3711,.T.);
#4973=ORIENTED_EDGE('',*,*,#3442,.F.);
#4974=ORIENTED_EDGE('',*,*,#3719,.F.);
#4975=ORIENTED_EDGE('',*,*,#3150,.F.);
#4976=ORIENTED_EDGE('',*,*,#3720,.T.);
#4977=ORIENTED_EDGE('',*,*,#3443,.F.);
#4978=ORIENTED_EDGE('',*,*,#3720,.F.);
#4979=ORIENTED_EDGE('',*,*,#3149,.F.);
#4980=ORIENTED_EDGE('',*,*,#3721,.T.);
#4981=ORIENTED_EDGE('',*,*,#3444,.F.);
#4982=ORIENTED_EDGE('',*,*,#3721,.F.);
#4983=ORIENTED_EDGE('',*,*,#3148,.F.);
#4984=ORIENTED_EDGE('',*,*,#3722,.T.);
#4985=ORIENTED_EDGE('',*,*,#3445,.F.);
#4986=ORIENTED_EDGE('',*,*,#3722,.F.);
#4987=ORIENTED_EDGE('',*,*,#3147,.F.);
#4988=ORIENTED_EDGE('',*,*,#3723,.F.);
#4989=ORIENTED_EDGE('',*,*,#3724,.F.);
#4990=ORIENTED_EDGE('',*,*,#3725,.F.);
#4991=ORIENTED_EDGE('',*,*,#3726,.F.);
#4992=ORIENTED_EDGE('',*,*,#3440,.F.);
#4993=ORIENTED_EDGE('',*,*,#3727,.F.);
#4994=ORIENTED_EDGE('',*,*,#3728,.F.);
#4995=ORIENTED_EDGE('',*,*,#3729,.F.);
#4996=ORIENTED_EDGE('',*,*,#3730,.F.);
#4997=ORIENTED_EDGE('',*,*,#3152,.F.);
#4998=ORIENTED_EDGE('',*,*,#3731,.T.);
#4999=ORIENTED_EDGE('',*,*,#3441,.F.);
#5000=ORIENTED_EDGE('',*,*,#3731,.F.);
#5001=ORIENTED_EDGE('',*,*,#3151,.F.);
#5002=ORIENTED_EDGE('',*,*,#3719,.T.);
#5003=ORIENTED_EDGE('',*,*,#3450,.F.);
#5004=ORIENTED_EDGE('',*,*,#3732,.F.);
#5005=ORIENTED_EDGE('',*,*,#3142,.F.);
#5006=ORIENTED_EDGE('',*,*,#3733,.T.);
#5007=ORIENTED_EDGE('',*,*,#3451,.F.);
#5008=ORIENTED_EDGE('',*,*,#3733,.F.);
#5009=ORIENTED_EDGE('',*,*,#3141,.F.);
#5010=ORIENTED_EDGE('',*,*,#3734,.T.);
#5011=ORIENTED_EDGE('',*,*,#3452,.F.);
#5012=ORIENTED_EDGE('',*,*,#3734,.F.);
#5013=ORIENTED_EDGE('',*,*,#3140,.F.);
#5014=ORIENTED_EDGE('',*,*,#3735,.F.);
#5015=ORIENTED_EDGE('',*,*,#3448,.F.);
#5016=ORIENTED_EDGE('',*,*,#3736,.F.);
#5017=ORIENTED_EDGE('',*,*,#3144,.F.);
#5018=ORIENTED_EDGE('',*,*,#3737,.T.);
#5019=ORIENTED_EDGE('',*,*,#3449,.F.);
#5020=ORIENTED_EDGE('',*,*,#3737,.F.);
#5021=ORIENTED_EDGE('',*,*,#3143,.F.);
#5022=ORIENTED_EDGE('',*,*,#3732,.T.);
#5023=ORIENTED_EDGE('',*,*,#3703,.T.);
#5024=ORIENTED_EDGE('',*,*,#3738,.T.);
#5025=ORIENTED_EDGE('',*,*,#3739,.F.);
#5026=ORIENTED_EDGE('',*,*,#3126,.F.);
#5027=ORIENTED_EDGE('',*,*,#3702,.T.);
#5028=ORIENTED_EDGE('',*,*,#3740,.F.);
#5029=ORIENTED_EDGE('',*,*,#3741,.F.);
#5030=ORIENTED_EDGE('',*,*,#3738,.F.);
#5031=ORIENTED_EDGE('',*,*,#3723,.T.);
#5032=ORIENTED_EDGE('',*,*,#3146,.F.);
#5033=ORIENTED_EDGE('',*,*,#3742,.T.);
#5034=ORIENTED_EDGE('',*,*,#3743,.T.);
#5035=ORIENTED_EDGE('',*,*,#3730,.T.);
#5036=ORIENTED_EDGE('',*,*,#3744,.T.);
#5037=ORIENTED_EDGE('',*,*,#3745,.T.);
#5038=ORIENTED_EDGE('',*,*,#3746,.T.);
#5039=ORIENTED_EDGE('',*,*,#3153,.F.);
#5040=ORIENTED_EDGE('',*,*,#3724,.T.);
#5041=ORIENTED_EDGE('',*,*,#3743,.F.);
#5042=ORIENTED_EDGE('',*,*,#3747,.F.);
#5043=ORIENTED_EDGE('',*,*,#3748,.F.);
#5044=ORIENTED_EDGE('',*,*,#3729,.T.);
#5045=ORIENTED_EDGE('',*,*,#3749,.F.);
#5046=ORIENTED_EDGE('',*,*,#3750,.T.);
#5047=ORIENTED_EDGE('',*,*,#3744,.F.);
#5048=ORIENTED_EDGE('',*,*,#3726,.T.);
#5049=ORIENTED_EDGE('',*,*,#3751,.F.);
#5050=ORIENTED_EDGE('',*,*,#3752,.F.);
#5051=ORIENTED_EDGE('',*,*,#3446,.T.);
#5052=ORIENTED_EDGE('',*,*,#3725,.T.);
#5053=ORIENTED_EDGE('',*,*,#3748,.T.);
#5054=ORIENTED_EDGE('',*,*,#3753,.T.);
#5055=ORIENTED_EDGE('',*,*,#3751,.T.);
#5056=ORIENTED_EDGE('',*,*,#3736,.T.);
#5057=ORIENTED_EDGE('',*,*,#3447,.T.);
#5058=ORIENTED_EDGE('',*,*,#3752,.T.);
#5059=ORIENTED_EDGE('',*,*,#3753,.F.);
#5060=ORIENTED_EDGE('',*,*,#3747,.T.);
#5061=ORIENTED_EDGE('',*,*,#3742,.F.);
#5062=ORIENTED_EDGE('',*,*,#3145,.F.);
#5063=ORIENTED_EDGE('',*,*,#3716,.T.);
#5064=ORIENTED_EDGE('',*,*,#3127,.F.);
#5065=ORIENTED_EDGE('',*,*,#3739,.T.);
#5066=ORIENTED_EDGE('',*,*,#3741,.T.);
#5067=ORIENTED_EDGE('',*,*,#3754,.F.);
#5068=ORIENTED_EDGE('',*,*,#3755,.T.);
#5069=ORIENTED_EDGE('',*,*,#3465,.T.);
#5070=ORIENTED_EDGE('',*,*,#3717,.T.);
#5071=ORIENTED_EDGE('',*,*,#3453,.T.);
#5072=ORIENTED_EDGE('',*,*,#3735,.T.);
#5073=ORIENTED_EDGE('',*,*,#3139,.F.);
#5074=ORIENTED_EDGE('',*,*,#3756,.F.);
#5075=ORIENTED_EDGE('',*,*,#3622,.F.);
#5076=ORIENTED_EDGE('',*,*,#3757,.F.);
#5077=ORIENTED_EDGE('',*,*,#3182,.F.);
#5078=ORIENTED_EDGE('',*,*,#3758,.F.);
#5079=ORIENTED_EDGE('',*,*,#3234,.F.);
#5080=ORIENTED_EDGE('',*,*,#3759,.F.);
#5081=ORIENTED_EDGE('',*,*,#3610,.F.);
#5082=ORIENTED_EDGE('',*,*,#3760,.F.);
#5083=ORIENTED_EDGE('',*,*,#3226,.F.);
#5084=ORIENTED_EDGE('',*,*,#3761,.F.);
#5085=ORIENTED_EDGE('',*,*,#3564,.F.);
#5086=ORIENTED_EDGE('',*,*,#3762,.F.);
#5087=ORIENTED_EDGE('',*,*,#3615,.F.);
#5088=ORIENTED_EDGE('',*,*,#3763,.F.);
#5089=ORIENTED_EDGE('',*,*,#3241,.F.);
#5090=ORIENTED_EDGE('',*,*,#3764,.F.);
#5091=ORIENTED_EDGE('',*,*,#3578,.F.);
#5092=ORIENTED_EDGE('',*,*,#3765,.F.);
#5093=ORIENTED_EDGE('',*,*,#3188,.F.);
#5094=ORIENTED_EDGE('',*,*,#3766,.F.);
#5095=ORIENTED_EDGE('',*,*,#3237,.F.);
#5096=ORIENTED_EDGE('',*,*,#3767,.F.);
#5097=ORIENTED_EDGE('',*,*,#3619,.F.);
#5098=ORIENTED_EDGE('',*,*,#3768,.F.);
#5099=ORIENTED_EDGE('',*,*,#3572,.F.);
#5100=ORIENTED_EDGE('',*,*,#3769,.F.);
#5101=ORIENTED_EDGE('',*,*,#3220,.F.);
#5102=ORIENTED_EDGE('',*,*,#3770,.F.);
#5103=ORIENTED_EDGE('',*,*,#3568,.F.);
#5104=ORIENTED_EDGE('',*,*,#3771,.F.);
#5105=ORIENTED_EDGE('',*,*,#3230,.F.);
#5106=ORIENTED_EDGE('',*,*,#3772,.F.);
#5107=ORIENTED_EDGE('',*,*,#3223,.F.);
#5108=ORIENTED_EDGE('',*,*,#3773,.F.);
#5109=ORIENTED_EDGE('',*,*,#3575,.F.);
#5110=ORIENTED_EDGE('',*,*,#3774,.F.);
#5111=ORIENTED_EDGE('',*,*,#3204,.F.);
#5112=ORIENTED_EDGE('',*,*,#3775,.F.);
#5113=ORIENTED_EDGE('',*,*,#3594,.F.);
#5114=ORIENTED_EDGE('',*,*,#3776,.F.);
#5115=ORIENTED_EDGE('',*,*,#3185,.F.);
#5116=ORIENTED_EDGE('',*,*,#3777,.F.);
#5117=ORIENTED_EDGE('',*,*,#3625,.F.);
#5118=ORIENTED_EDGE('',*,*,#3756,.T.);
#5119=ORIENTED_EDGE('',*,*,#3187,.F.);
#5120=ORIENTED_EDGE('',*,*,#3778,.T.);
#5121=ORIENTED_EDGE('',*,*,#3623,.F.);
#5122=ORIENTED_EDGE('',*,*,#3758,.T.);
#5123=ORIENTED_EDGE('',*,*,#3621,.F.);
#5124=ORIENTED_EDGE('',*,*,#3779,.F.);
#5125=ORIENTED_EDGE('',*,*,#3235,.F.);
#5126=ORIENTED_EDGE('',*,*,#3760,.T.);
#5127=ORIENTED_EDGE('',*,*,#3571,.F.);
#5128=ORIENTED_EDGE('',*,*,#3780,.F.);
#5129=ORIENTED_EDGE('',*,*,#3227,.F.);
#5130=ORIENTED_EDGE('',*,*,#3762,.T.);
#5131=ORIENTED_EDGE('',*,*,#3240,.F.);
#5132=ORIENTED_EDGE('',*,*,#3781,.T.);
#5133=ORIENTED_EDGE('',*,*,#3616,.F.);
#5134=ORIENTED_EDGE('',*,*,#3764,.T.);
#5135=ORIENTED_EDGE('',*,*,#3219,.F.);
#5136=ORIENTED_EDGE('',*,*,#3782,.T.);
#5137=ORIENTED_EDGE('',*,*,#3579,.F.);
#5138=ORIENTED_EDGE('',*,*,#3766,.T.);
#5139=ORIENTED_EDGE('',*,*,#3618,.F.);
#5140=ORIENTED_EDGE('',*,*,#3783,.T.);
#5141=ORIENTED_EDGE('',*,*,#3238,.F.);
#5142=ORIENTED_EDGE('',*,*,#3768,.T.);
#5143=ORIENTED_EDGE('',*,*,#3225,.F.);
#5144=ORIENTED_EDGE('',*,*,#3784,.T.);
#5145=ORIENTED_EDGE('',*,*,#3573,.F.);
#5146=ORIENTED_EDGE('',*,*,#3770,.T.);
#5147=ORIENTED_EDGE('',*,*,#3229,.F.);
#5148=ORIENTED_EDGE('',*,*,#3785,.T.);
#5149=ORIENTED_EDGE('',*,*,#3569,.F.);
#5150=ORIENTED_EDGE('',*,*,#3772,.T.);
#5151=ORIENTED_EDGE('',*,*,#3574,.F.);
#5152=ORIENTED_EDGE('',*,*,#3784,.F.);
#5153=ORIENTED_EDGE('',*,*,#3224,.F.);
#5154=ORIENTED_EDGE('',*,*,#3774,.T.);
#5155=ORIENTED_EDGE('',*,*,#3593,.F.);
#5156=ORIENTED_EDGE('',*,*,#3786,.F.);
#5157=ORIENTED_EDGE('',*,*,#3205,.F.);
#5158=ORIENTED_EDGE('',*,*,#3776,.T.);
#5159=ORIENTED_EDGE('',*,*,#3624,.F.);
#5160=ORIENTED_EDGE('',*,*,#3778,.F.);
#5161=ORIENTED_EDGE('',*,*,#3186,.F.);
#5162=ORIENTED_EDGE('',*,*,#3777,.T.);
#5163=ORIENTED_EDGE('',*,*,#3184,.F.);
#5164=ORIENTED_EDGE('',*,*,#3787,.T.);
#5165=ORIENTED_EDGE('',*,*,#3626,.F.);
#5166=ORIENTED_EDGE('',*,*,#3757,.T.);
#5167=ORIENTED_EDGE('',*,*,#3627,.F.);
#5168=ORIENTED_EDGE('',*,*,#3787,.F.);
#5169=ORIENTED_EDGE('',*,*,#3183,.F.);
#5170=ORIENTED_EDGE('',*,*,#3767,.T.);
#5171=ORIENTED_EDGE('',*,*,#3236,.F.);
#5172=ORIENTED_EDGE('',*,*,#3779,.T.);
#5173=ORIENTED_EDGE('',*,*,#3620,.F.);
#5174=ORIENTED_EDGE('',*,*,#3759,.T.);
#5175=ORIENTED_EDGE('',*,*,#3245,.F.);
#5176=ORIENTED_EDGE('',*,*,#3788,.T.);
#5177=ORIENTED_EDGE('',*,*,#3611,.F.);
#5178=ORIENTED_EDGE('',*,*,#3612,.F.);
#5179=ORIENTED_EDGE('',*,*,#3788,.F.);
#5180=ORIENTED_EDGE('',*,*,#3244,.F.);
#5181=ORIENTED_EDGE('',*,*,#3789,.T.);
#5182=ORIENTED_EDGE('',*,*,#3783,.F.);
#5183=ORIENTED_EDGE('',*,*,#3617,.F.);
#5184=ORIENTED_EDGE('',*,*,#3781,.F.);
#5185=ORIENTED_EDGE('',*,*,#3239,.F.);
#5186=ORIENTED_EDGE('',*,*,#3613,.F.);
#5187=ORIENTED_EDGE('',*,*,#3789,.F.);
#5188=ORIENTED_EDGE('',*,*,#3243,.F.);
#5189=ORIENTED_EDGE('',*,*,#3790,.T.);
#5190=ORIENTED_EDGE('',*,*,#3763,.T.);
#5191=ORIENTED_EDGE('',*,*,#3614,.F.);
#5192=ORIENTED_EDGE('',*,*,#3790,.F.);
#5193=ORIENTED_EDGE('',*,*,#3242,.F.);
#5194=ORIENTED_EDGE('',*,*,#3773,.T.);
#5195=ORIENTED_EDGE('',*,*,#3222,.F.);
#5196=ORIENTED_EDGE('',*,*,#3791,.T.);
#5197=ORIENTED_EDGE('',*,*,#3576,.F.);
#5198=ORIENTED_EDGE('',*,*,#3769,.T.);
#5199=ORIENTED_EDGE('',*,*,#3577,.F.);
#5200=ORIENTED_EDGE('',*,*,#3791,.F.);
#5201=ORIENTED_EDGE('',*,*,#3221,.F.);
#5202=ORIENTED_EDGE('',*,*,#3570,.F.);
#5203=ORIENTED_EDGE('',*,*,#3785,.F.);
#5204=ORIENTED_EDGE('',*,*,#3228,.F.);
#5205=ORIENTED_EDGE('',*,*,#3780,.T.);
#5206=ORIENTED_EDGE('',*,*,#3761,.T.);
#5207=ORIENTED_EDGE('',*,*,#3233,.F.);
#5208=ORIENTED_EDGE('',*,*,#3792,.T.);
#5209=ORIENTED_EDGE('',*,*,#3565,.F.);
#5210=ORIENTED_EDGE('',*,*,#3566,.F.);
#5211=ORIENTED_EDGE('',*,*,#3792,.F.);
#5212=ORIENTED_EDGE('',*,*,#3232,.F.);
#5213=ORIENTED_EDGE('',*,*,#3793,.T.);
#5214=ORIENTED_EDGE('',*,*,#3771,.T.);
#5215=ORIENTED_EDGE('',*,*,#3567,.F.);
#5216=ORIENTED_EDGE('',*,*,#3793,.F.);
#5217=ORIENTED_EDGE('',*,*,#3231,.F.);
#5218=ORIENTED_EDGE('',*,*,#3580,.F.);
#5219=ORIENTED_EDGE('',*,*,#3782,.F.);
#5220=ORIENTED_EDGE('',*,*,#3218,.F.);
#5221=ORIENTED_EDGE('',*,*,#3794,.T.);
#5222=ORIENTED_EDGE('',*,*,#3581,.F.);
#5223=ORIENTED_EDGE('',*,*,#3794,.F.);
#5224=ORIENTED_EDGE('',*,*,#3217,.F.);
#5225=ORIENTED_EDGE('',*,*,#3795,.T.);
#5226=ORIENTED_EDGE('',*,*,#3582,.F.);
#5227=ORIENTED_EDGE('',*,*,#3795,.F.);
#5228=ORIENTED_EDGE('',*,*,#3216,.F.);
#5229=ORIENTED_EDGE('',*,*,#3796,.T.);
#5230=ORIENTED_EDGE('',*,*,#3583,.F.);
#5231=ORIENTED_EDGE('',*,*,#3796,.F.);
#5232=ORIENTED_EDGE('',*,*,#3215,.F.);
#5233=ORIENTED_EDGE('',*,*,#3797,.T.);
#5234=ORIENTED_EDGE('',*,*,#3584,.F.);
#5235=ORIENTED_EDGE('',*,*,#3797,.F.);
#5236=ORIENTED_EDGE('',*,*,#3214,.F.);
#5237=ORIENTED_EDGE('',*,*,#3798,.T.);
#5238=ORIENTED_EDGE('',*,*,#3585,.F.);
#5239=ORIENTED_EDGE('',*,*,#3798,.F.);
#5240=ORIENTED_EDGE('',*,*,#3213,.F.);
#5241=ORIENTED_EDGE('',*,*,#3799,.T.);
#5242=ORIENTED_EDGE('',*,*,#3586,.F.);
#5243=ORIENTED_EDGE('',*,*,#3799,.F.);
#5244=ORIENTED_EDGE('',*,*,#3212,.F.);
#5245=ORIENTED_EDGE('',*,*,#3800,.T.);
#5246=ORIENTED_EDGE('',*,*,#3587,.F.);
#5247=ORIENTED_EDGE('',*,*,#3800,.F.);
#5248=ORIENTED_EDGE('',*,*,#3211,.F.);
#5249=ORIENTED_EDGE('',*,*,#3801,.T.);
#5250=ORIENTED_EDGE('',*,*,#3588,.F.);
#5251=ORIENTED_EDGE('',*,*,#3801,.F.);
#5252=ORIENTED_EDGE('',*,*,#3210,.F.);
#5253=ORIENTED_EDGE('',*,*,#3802,.T.);
#5254=ORIENTED_EDGE('',*,*,#3589,.F.);
#5255=ORIENTED_EDGE('',*,*,#3802,.F.);
#5256=ORIENTED_EDGE('',*,*,#3209,.F.);
#5257=ORIENTED_EDGE('',*,*,#3803,.T.);
#5258=ORIENTED_EDGE('',*,*,#3590,.F.);
#5259=ORIENTED_EDGE('',*,*,#3803,.F.);
#5260=ORIENTED_EDGE('',*,*,#3208,.F.);
#5261=ORIENTED_EDGE('',*,*,#3804,.T.);
#5262=ORIENTED_EDGE('',*,*,#3591,.F.);
#5263=ORIENTED_EDGE('',*,*,#3804,.F.);
#5264=ORIENTED_EDGE('',*,*,#3207,.F.);
#5265=ORIENTED_EDGE('',*,*,#3805,.T.);
#5266=ORIENTED_EDGE('',*,*,#3592,.F.);
#5267=ORIENTED_EDGE('',*,*,#3805,.F.);
#5268=ORIENTED_EDGE('',*,*,#3206,.F.);
#5269=ORIENTED_EDGE('',*,*,#3786,.T.);
#5270=ORIENTED_EDGE('',*,*,#3775,.T.);
#5271=ORIENTED_EDGE('',*,*,#3203,.F.);
#5272=ORIENTED_EDGE('',*,*,#3806,.T.);
#5273=ORIENTED_EDGE('',*,*,#3595,.F.);
#5274=ORIENTED_EDGE('',*,*,#3596,.F.);
#5275=ORIENTED_EDGE('',*,*,#3806,.F.);
#5276=ORIENTED_EDGE('',*,*,#3202,.F.);
#5277=ORIENTED_EDGE('',*,*,#3807,.T.);
#5278=ORIENTED_EDGE('',*,*,#3597,.F.);
#5279=ORIENTED_EDGE('',*,*,#3807,.F.);
#5280=ORIENTED_EDGE('',*,*,#3201,.F.);
#5281=ORIENTED_EDGE('',*,*,#3808,.T.);
#5282=ORIENTED_EDGE('',*,*,#3598,.F.);
#5283=ORIENTED_EDGE('',*,*,#3808,.F.);
#5284=ORIENTED_EDGE('',*,*,#3200,.F.);
#5285=ORIENTED_EDGE('',*,*,#3809,.T.);
#5286=ORIENTED_EDGE('',*,*,#3599,.F.);
#5287=ORIENTED_EDGE('',*,*,#3809,.F.);
#5288=ORIENTED_EDGE('',*,*,#3199,.F.);
#5289=ORIENTED_EDGE('',*,*,#3810,.T.);
#5290=ORIENTED_EDGE('',*,*,#3600,.F.);
#5291=ORIENTED_EDGE('',*,*,#3810,.F.);
#5292=ORIENTED_EDGE('',*,*,#3198,.F.);
#5293=ORIENTED_EDGE('',*,*,#3811,.T.);
#5294=ORIENTED_EDGE('',*,*,#3601,.F.);
#5295=ORIENTED_EDGE('',*,*,#3811,.F.);
#5296=ORIENTED_EDGE('',*,*,#3197,.F.);
#5297=ORIENTED_EDGE('',*,*,#3812,.T.);
#5298=ORIENTED_EDGE('',*,*,#3602,.F.);
#5299=ORIENTED_EDGE('',*,*,#3812,.F.);
#5300=ORIENTED_EDGE('',*,*,#3196,.F.);
#5301=ORIENTED_EDGE('',*,*,#3813,.T.);
#5302=ORIENTED_EDGE('',*,*,#3603,.F.);
#5303=ORIENTED_EDGE('',*,*,#3813,.F.);
#5304=ORIENTED_EDGE('',*,*,#3195,.F.);
#5305=ORIENTED_EDGE('',*,*,#3814,.T.);
#5306=ORIENTED_EDGE('',*,*,#3604,.F.);
#5307=ORIENTED_EDGE('',*,*,#3814,.F.);
#5308=ORIENTED_EDGE('',*,*,#3194,.F.);
#5309=ORIENTED_EDGE('',*,*,#3815,.T.);
#5310=ORIENTED_EDGE('',*,*,#3605,.F.);
#5311=ORIENTED_EDGE('',*,*,#3815,.F.);
#5312=ORIENTED_EDGE('',*,*,#3193,.F.);
#5313=ORIENTED_EDGE('',*,*,#3816,.T.);
#5314=ORIENTED_EDGE('',*,*,#3606,.F.);
#5315=ORIENTED_EDGE('',*,*,#3816,.F.);
#5316=ORIENTED_EDGE('',*,*,#3192,.F.);
#5317=ORIENTED_EDGE('',*,*,#3817,.T.);
#5318=ORIENTED_EDGE('',*,*,#3607,.F.);
#5319=ORIENTED_EDGE('',*,*,#3817,.F.);
#5320=ORIENTED_EDGE('',*,*,#3191,.F.);
#5321=ORIENTED_EDGE('',*,*,#3818,.T.);
#5322=ORIENTED_EDGE('',*,*,#3608,.F.);
#5323=ORIENTED_EDGE('',*,*,#3818,.F.);
#5324=ORIENTED_EDGE('',*,*,#3190,.F.);
#5325=ORIENTED_EDGE('',*,*,#3819,.T.);
#5326=ORIENTED_EDGE('',*,*,#3765,.T.);
#5327=ORIENTED_EDGE('',*,*,#3609,.F.);
#5328=ORIENTED_EDGE('',*,*,#3819,.F.);
#5329=ORIENTED_EDGE('',*,*,#3189,.F.);
#5330=ORIENTED_EDGE('',*,*,#3078,.F.);
#5331=ORIENTED_EDGE('',*,*,#3820,.F.);
#5332=ORIENTED_EDGE('',*,*,#3482,.F.);
#5333=ORIENTED_EDGE('',*,*,#3821,.F.);
#5334=ORIENTED_EDGE('',*,*,#3822,.F.);
#5335=ORIENTED_EDGE('',*,*,#3823,.F.);
#5336=ORIENTED_EDGE('',*,*,#3824,.T.);
#5337=ORIENTED_EDGE('',*,*,#3824,.F.);
#5338=ORIENTED_EDGE('',*,*,#3825,.T.);
#5339=ORIENTED_EDGE('',*,*,#3826,.F.);
#5340=ORIENTED_EDGE('',*,*,#3079,.F.);
#5341=ORIENTED_EDGE('',*,*,#3497,.T.);
#5342=ORIENTED_EDGE('',*,*,#3827,.T.);
#5343=ORIENTED_EDGE('',*,*,#3063,.T.);
#5344=ORIENTED_EDGE('',*,*,#3828,.T.);
#5345=ORIENTED_EDGE('',*,*,#3827,.F.);
#5346=ORIENTED_EDGE('',*,*,#3496,.F.);
#5347=ORIENTED_EDGE('',*,*,#3829,.T.);
#5348=ORIENTED_EDGE('',*,*,#3064,.F.);
#5349=ORIENTED_EDGE('',*,*,#3485,.F.);
#5350=ORIENTED_EDGE('',*,*,#3830,.T.);
#5351=ORIENTED_EDGE('',*,*,#3075,.F.);
#5352=ORIENTED_EDGE('',*,*,#3831,.F.);
#5353=ORIENTED_EDGE('',*,*,#3486,.F.);
#5354=ORIENTED_EDGE('',*,*,#3831,.T.);
#5355=ORIENTED_EDGE('',*,*,#3074,.F.);
#5356=ORIENTED_EDGE('',*,*,#3832,.F.);
#5357=ORIENTED_EDGE('',*,*,#3487,.F.);
#5358=ORIENTED_EDGE('',*,*,#3832,.T.);
#5359=ORIENTED_EDGE('',*,*,#3073,.F.);
#5360=ORIENTED_EDGE('',*,*,#3833,.F.);
#5361=ORIENTED_EDGE('',*,*,#3488,.F.);
#5362=ORIENTED_EDGE('',*,*,#3833,.T.);
#5363=ORIENTED_EDGE('',*,*,#3072,.F.);
#5364=ORIENTED_EDGE('',*,*,#3834,.F.);
#5365=ORIENTED_EDGE('',*,*,#3489,.F.);
#5366=ORIENTED_EDGE('',*,*,#3834,.T.);
#5367=ORIENTED_EDGE('',*,*,#3071,.F.);
#5368=ORIENTED_EDGE('',*,*,#3835,.F.);
#5369=ORIENTED_EDGE('',*,*,#3490,.F.);
#5370=ORIENTED_EDGE('',*,*,#3835,.T.);
#5371=ORIENTED_EDGE('',*,*,#3070,.F.);
#5372=ORIENTED_EDGE('',*,*,#3836,.F.);
#5373=ORIENTED_EDGE('',*,*,#3491,.F.);
#5374=ORIENTED_EDGE('',*,*,#3836,.T.);
#5375=ORIENTED_EDGE('',*,*,#3069,.F.);
#5376=ORIENTED_EDGE('',*,*,#3837,.F.);
#5377=ORIENTED_EDGE('',*,*,#3492,.F.);
#5378=ORIENTED_EDGE('',*,*,#3837,.T.);
#5379=ORIENTED_EDGE('',*,*,#3068,.F.);
#5380=ORIENTED_EDGE('',*,*,#3838,.F.);
#5381=ORIENTED_EDGE('',*,*,#3493,.F.);
#5382=ORIENTED_EDGE('',*,*,#3838,.T.);
#5383=ORIENTED_EDGE('',*,*,#3067,.F.);
#5384=ORIENTED_EDGE('',*,*,#3839,.F.);
#5385=ORIENTED_EDGE('',*,*,#3494,.F.);
#5386=ORIENTED_EDGE('',*,*,#3839,.T.);
#5387=ORIENTED_EDGE('',*,*,#3066,.F.);
#5388=ORIENTED_EDGE('',*,*,#3840,.F.);
#5389=ORIENTED_EDGE('',*,*,#3495,.F.);
#5390=ORIENTED_EDGE('',*,*,#3840,.T.);
#5391=ORIENTED_EDGE('',*,*,#3065,.F.);
#5392=ORIENTED_EDGE('',*,*,#3829,.F.);
#5393=ORIENTED_EDGE('',*,*,#3828,.F.);
#5394=ORIENTED_EDGE('',*,*,#3062,.F.);
#5395=ORIENTED_EDGE('',*,*,#3841,.F.);
#5396=ORIENTED_EDGE('',*,*,#3498,.F.);
#5397=ORIENTED_EDGE('',*,*,#3315,.T.);
#5398=ORIENTED_EDGE('',*,*,#3499,.F.);
#5399=ORIENTED_EDGE('',*,*,#3841,.T.);
#5400=ORIENTED_EDGE('',*,*,#3061,.F.);
#5401=ORIENTED_EDGE('',*,*,#3484,.F.);
#5402=ORIENTED_EDGE('',*,*,#3842,.T.);
#5403=ORIENTED_EDGE('',*,*,#3076,.F.);
#5404=ORIENTED_EDGE('',*,*,#3830,.F.);
#5405=ORIENTED_EDGE('',*,*,#3483,.F.);
#5406=ORIENTED_EDGE('',*,*,#3820,.T.);
#5407=ORIENTED_EDGE('',*,*,#3077,.F.);
#5408=ORIENTED_EDGE('',*,*,#3842,.F.);
#5409=ORIENTED_EDGE('',*,*,#3175,.T.);
#5410=ORIENTED_EDGE('',*,*,#3843,.T.);
#5411=ORIENTED_EDGE('',*,*,#3417,.T.);
#5412=ORIENTED_EDGE('',*,*,#3844,.T.);
#5413=ORIENTED_EDGE('',*,*,#3843,.F.);
#5414=ORIENTED_EDGE('',*,*,#3174,.F.);
#5415=ORIENTED_EDGE('',*,*,#3845,.T.);
#5416=ORIENTED_EDGE('',*,*,#3418,.F.);
#5417=ORIENTED_EDGE('',*,*,#3419,.F.);
#5418=ORIENTED_EDGE('',*,*,#3845,.F.);
#5419=ORIENTED_EDGE('',*,*,#3173,.F.);
#5420=ORIENTED_EDGE('',*,*,#3846,.T.);
#5421=ORIENTED_EDGE('',*,*,#3420,.F.);
#5422=ORIENTED_EDGE('',*,*,#3846,.F.);
#5423=ORIENTED_EDGE('',*,*,#3172,.F.);
#5424=ORIENTED_EDGE('',*,*,#3847,.T.);
#5425=ORIENTED_EDGE('',*,*,#3421,.F.);
#5426=ORIENTED_EDGE('',*,*,#3847,.F.);
#5427=ORIENTED_EDGE('',*,*,#3171,.F.);
#5428=ORIENTED_EDGE('',*,*,#3848,.T.);
#5429=ORIENTED_EDGE('',*,*,#3422,.F.);
#5430=ORIENTED_EDGE('',*,*,#3848,.F.);
#5431=ORIENTED_EDGE('',*,*,#3170,.F.);
#5432=ORIENTED_EDGE('',*,*,#3849,.T.);
#5433=ORIENTED_EDGE('',*,*,#3423,.F.);
#5434=ORIENTED_EDGE('',*,*,#3849,.F.);
#5435=ORIENTED_EDGE('',*,*,#3169,.F.);
#5436=ORIENTED_EDGE('',*,*,#3850,.T.);
#5437=ORIENTED_EDGE('',*,*,#3424,.F.);
#5438=ORIENTED_EDGE('',*,*,#3850,.F.);
#5439=ORIENTED_EDGE('',*,*,#3168,.F.);
#5440=ORIENTED_EDGE('',*,*,#3851,.T.);
#5441=ORIENTED_EDGE('',*,*,#3425,.F.);
#5442=ORIENTED_EDGE('',*,*,#3851,.F.);
#5443=ORIENTED_EDGE('',*,*,#3167,.F.);
#5444=ORIENTED_EDGE('',*,*,#3852,.T.);
#5445=ORIENTED_EDGE('',*,*,#3426,.F.);
#5446=ORIENTED_EDGE('',*,*,#3852,.F.);
#5447=ORIENTED_EDGE('',*,*,#3166,.F.);
#5448=ORIENTED_EDGE('',*,*,#3853,.T.);
#5449=ORIENTED_EDGE('',*,*,#3427,.F.);
#5450=ORIENTED_EDGE('',*,*,#3853,.F.);
#5451=ORIENTED_EDGE('',*,*,#3165,.F.);
#5452=ORIENTED_EDGE('',*,*,#3854,.T.);
#5453=ORIENTED_EDGE('',*,*,#3428,.F.);
#5454=ORIENTED_EDGE('',*,*,#3854,.F.);
#5455=ORIENTED_EDGE('',*,*,#3164,.F.);
#5456=ORIENTED_EDGE('',*,*,#3855,.T.);
#5457=ORIENTED_EDGE('',*,*,#3429,.F.);
#5458=ORIENTED_EDGE('',*,*,#3855,.F.);
#5459=ORIENTED_EDGE('',*,*,#3163,.F.);
#5460=ORIENTED_EDGE('',*,*,#3856,.T.);
#5461=ORIENTED_EDGE('',*,*,#3430,.F.);
#5462=ORIENTED_EDGE('',*,*,#3856,.F.);
#5463=ORIENTED_EDGE('',*,*,#3162,.F.);
#5464=ORIENTED_EDGE('',*,*,#3857,.T.);
#5465=ORIENTED_EDGE('',*,*,#3431,.F.);
#5466=ORIENTED_EDGE('',*,*,#3857,.F.);
#5467=ORIENTED_EDGE('',*,*,#3161,.F.);
#5468=ORIENTED_EDGE('',*,*,#3858,.T.);
#5469=ORIENTED_EDGE('',*,*,#3844,.F.);
#5470=ORIENTED_EDGE('',*,*,#3416,.F.);
#5471=ORIENTED_EDGE('',*,*,#3316,.F.);
#5472=ORIENTED_EDGE('',*,*,#3176,.F.);
#5473=ORIENTED_EDGE('',*,*,#3859,.F.);
#5474=ORIENTED_EDGE('',*,*,#3860,.F.);
#5475=ORIENTED_EDGE('',*,*,#3861,.F.);
#5476=ORIENTED_EDGE('',*,*,#3432,.F.);
#5477=ORIENTED_EDGE('',*,*,#3858,.F.);
#5478=ORIENTED_EDGE('',*,*,#3160,.F.);
#5479=ORIENTED_EDGE('',*,*,#3862,.F.);
#5480=ORIENTED_EDGE('',*,*,#3860,.T.);
#5481=ORIENTED_EDGE('',*,*,#3863,.T.);
#5482=ORIENTED_EDGE('',*,*,#3864,.T.);
#5483=ORIENTED_EDGE('',*,*,#3865,.T.);
#5484=ORIENTED_EDGE('',*,*,#3864,.F.);
#5485=ORIENTED_EDGE('',*,*,#3866,.T.);
#5486=ORIENTED_EDGE('',*,*,#3867,.F.);
#5487=ORIENTED_EDGE('',*,*,#3158,.F.);
#5488=ORIENTED_EDGE('',*,*,#3868,.T.);
#5489=ORIENTED_EDGE('',*,*,#3869,.T.);
#5490=ORIENTED_EDGE('',*,*,#3870,.F.);
#5491=ORIENTED_EDGE('',*,*,#3871,.T.);
#5492=ORIENTED_EDGE('',*,*,#3434,.T.);
#5493=ORIENTED_EDGE('',*,*,#3872,.T.);
#5494=ORIENTED_EDGE('',*,*,#3859,.T.);
#5495=ORIENTED_EDGE('',*,*,#3873,.F.);
#5496=ORIENTED_EDGE('',*,*,#3866,.F.);
#5497=ORIENTED_EDGE('',*,*,#3863,.F.);
#5498=ORIENTED_EDGE('',*,*,#3822,.T.);
#5499=ORIENTED_EDGE('',*,*,#3874,.T.);
#5500=ORIENTED_EDGE('',*,*,#3875,.T.);
#5501=ORIENTED_EDGE('',*,*,#3876,.T.);
#5502=ORIENTED_EDGE('',*,*,#3875,.F.);
#5503=ORIENTED_EDGE('',*,*,#3877,.T.);
#5504=ORIENTED_EDGE('',*,*,#3480,.T.);
#5505=ORIENTED_EDGE('',*,*,#3878,.T.);
#5506=ORIENTED_EDGE('',*,*,#3879,.F.);
#5507=ORIENTED_EDGE('',*,*,#3880,.T.);
#5508=ORIENTED_EDGE('',*,*,#3881,.F.);
#5509=ORIENTED_EDGE('',*,*,#3080,.F.);
#5510=ORIENTED_EDGE('',*,*,#3826,.T.);
#5511=ORIENTED_EDGE('',*,*,#3882,.T.);
#5512=ORIENTED_EDGE('',*,*,#3821,.T.);
#5513=ORIENTED_EDGE('',*,*,#3481,.T.);
#5514=ORIENTED_EDGE('',*,*,#3877,.F.);
#5515=ORIENTED_EDGE('',*,*,#3874,.F.);
#5516=ORIENTED_EDGE('',*,*,#3373,.T.);
#5517=ORIENTED_EDGE('',*,*,#3883,.T.);
#5518=ORIENTED_EDGE('',*,*,#3409,.T.);
#5519=ORIENTED_EDGE('',*,*,#3403,.T.);
#5520=ORIENTED_EDGE('',*,*,#3372,.T.);
#5521=ORIENTED_EDGE('',*,*,#3475,.T.);
#5522=ORIENTED_EDGE('',*,*,#3410,.F.);
#5523=ORIENTED_EDGE('',*,*,#3883,.F.);
#5524=ORIENTED_EDGE('',*,*,#3408,.F.);
#5525=ORIENTED_EDGE('',*,*,#3401,.F.);
#5526=ORIENTED_EDGE('',*,*,#3397,.F.);
#5527=ORIENTED_EDGE('',*,*,#3396,.F.);
#5528=ORIENTED_EDGE('',*,*,#3084,.F.);
#5529=ORIENTED_EDGE('',*,*,#3884,.F.);
#5530=ORIENTED_EDGE('',*,*,#3476,.F.);
#5531=ORIENTED_EDGE('',*,*,#3406,.F.);
#5532=ORIENTED_EDGE('',*,*,#3885,.T.);
#5533=ORIENTED_EDGE('',*,*,#3886,.T.);
#5534=ORIENTED_EDGE('',*,*,#3879,.T.);
#5535=ORIENTED_EDGE('',*,*,#3887,.T.);
#5536=ORIENTED_EDGE('',*,*,#3886,.F.);
#5537=ORIENTED_EDGE('',*,*,#3888,.T.);
#5538=ORIENTED_EDGE('',*,*,#3889,.F.);
#5539=ORIENTED_EDGE('',*,*,#3880,.F.);
#5540=ORIENTED_EDGE('',*,*,#3885,.F.);
#5541=ORIENTED_EDGE('',*,*,#3890,.F.);
#5542=ORIENTED_EDGE('',*,*,#3478,.F.);
#5543=ORIENTED_EDGE('',*,*,#3891,.T.);
#5544=ORIENTED_EDGE('',*,*,#3082,.F.);
#5545=ORIENTED_EDGE('',*,*,#3892,.F.);
#5546=ORIENTED_EDGE('',*,*,#3893,.F.);
#5547=ORIENTED_EDGE('',*,*,#3888,.F.);
#5548=ORIENTED_EDGE('',*,*,#3870,.T.);
#5549=ORIENTED_EDGE('',*,*,#3894,.T.);
#5550=ORIENTED_EDGE('',*,*,#3895,.T.);
#5551=ORIENTED_EDGE('',*,*,#3896,.T.);
#5552=ORIENTED_EDGE('',*,*,#3896,.F.);
#5553=ORIENTED_EDGE('',*,*,#3897,.T.);
#5554=ORIENTED_EDGE('',*,*,#3435,.T.);
#5555=ORIENTED_EDGE('',*,*,#3871,.F.);
#5556=ORIENTED_EDGE('',*,*,#3895,.F.);
#5557=ORIENTED_EDGE('',*,*,#3898,.F.);
#5558=ORIENTED_EDGE('',*,*,#3899,.F.);
#5559=ORIENTED_EDGE('',*,*,#3900,.F.);
#5560=ORIENTED_EDGE('',*,*,#3156,.F.);
#5561=ORIENTED_EDGE('',*,*,#3901,.T.);
#5562=ORIENTED_EDGE('',*,*,#3436,.F.);
#5563=ORIENTED_EDGE('',*,*,#3897,.F.);
#5564=ORIENTED_EDGE('',*,*,#3728,.T.);
#5565=ORIENTED_EDGE('',*,*,#3902,.T.);
#5566=ORIENTED_EDGE('',*,*,#3903,.T.);
#5567=ORIENTED_EDGE('',*,*,#3749,.T.);
#5568=ORIENTED_EDGE('',*,*,#3903,.F.);
#5569=ORIENTED_EDGE('',*,*,#3904,.F.);
#5570=ORIENTED_EDGE('',*,*,#3438,.F.);
#5571=ORIENTED_EDGE('',*,*,#3905,.T.);
#5572=ORIENTED_EDGE('',*,*,#3154,.F.);
#5573=ORIENTED_EDGE('',*,*,#3746,.F.);
#5574=ORIENTED_EDGE('',*,*,#3745,.F.);
#5575=ORIENTED_EDGE('',*,*,#3750,.F.);
#5576=ORIENTED_EDGE('',*,*,#3701,.T.);
#5577=ORIENTED_EDGE('',*,*,#3906,.T.);
#5578=ORIENTED_EDGE('',*,*,#3754,.T.);
#5579=ORIENTED_EDGE('',*,*,#3740,.T.);
#5580=ORIENTED_EDGE('',*,*,#3700,.T.);
#5581=ORIENTED_EDGE('',*,*,#3466,.T.);
#5582=ORIENTED_EDGE('',*,*,#3755,.F.);
#5583=ORIENTED_EDGE('',*,*,#3906,.F.);
#5584=ORIENTED_EDGE('',*,*,#3329,.T.);
#5585=ORIENTED_EDGE('',*,*,#3907,.F.);
#5586=ORIENTED_EDGE('',*,*,#3413,.F.);
#5587=ORIENTED_EDGE('',*,*,#3394,.F.);
#5588=ORIENTED_EDGE('',*,*,#3477,.F.);
#5589=ORIENTED_EDGE('',*,*,#3884,.T.);
#5590=ORIENTED_EDGE('',*,*,#3083,.F.);
#5591=ORIENTED_EDGE('',*,*,#3891,.F.);
#5592=ORIENTED_EDGE('',*,*,#3908,.F.);
#5593=ORIENTED_EDGE('',*,*,#3909,.F.);
#5594=ORIENTED_EDGE('',*,*,#3117,.F.);
#5595=ORIENTED_EDGE('',*,*,#3390,.F.);
#5596=ORIENTED_EDGE('',*,*,#3910,.F.);
#5597=ORIENTED_EDGE('',*,*,#3911,.F.);
#5598=ORIENTED_EDGE('',*,*,#3328,.T.);
#5599=ORIENTED_EDGE('',*,*,#3112,.F.);
#5600=ORIENTED_EDGE('',*,*,#3414,.T.);
#5601=ORIENTED_EDGE('',*,*,#3907,.T.);
#5602=ORIENTED_EDGE('',*,*,#3909,.T.);
#5603=ORIENTED_EDGE('',*,*,#3908,.T.);
#5604=ORIENTED_EDGE('',*,*,#3912,.T.);
#5605=ORIENTED_EDGE('',*,*,#3913,.F.);
#5606=ORIENTED_EDGE('',*,*,#3118,.F.);
#5607=ORIENTED_EDGE('',*,*,#3437,.F.);
#5608=ORIENTED_EDGE('',*,*,#3901,.F.);
#5609=ORIENTED_EDGE('',*,*,#3155,.F.);
#5610=ORIENTED_EDGE('',*,*,#3905,.F.);
#5611=ORIENTED_EDGE('',*,*,#3706,.T.);
#5612=ORIENTED_EDGE('',*,*,#3122,.F.);
#5613=ORIENTED_EDGE('',*,*,#3914,.F.);
#5614=ORIENTED_EDGE('',*,*,#3470,.T.);
#5615=ORIENTED_EDGE('',*,*,#3915,.F.);
#5616=ORIENTED_EDGE('',*,*,#3916,.F.);
#5617=ORIENTED_EDGE('',*,*,#3914,.T.);
#5618=ORIENTED_EDGE('',*,*,#3121,.F.);
#5619=ORIENTED_EDGE('',*,*,#3917,.F.);
#5620=ORIENTED_EDGE('',*,*,#3918,.F.);
#5621=ORIENTED_EDGE('',*,*,#3900,.T.);
#5622=ORIENTED_EDGE('',*,*,#3899,.T.);
#5623=ORIENTED_EDGE('',*,*,#3919,.T.);
#5624=ORIENTED_EDGE('',*,*,#3868,.F.);
#5625=ORIENTED_EDGE('',*,*,#3157,.F.);
#5626=ORIENTED_EDGE('',*,*,#3894,.F.);
#5627=ORIENTED_EDGE('',*,*,#3869,.F.);
#5628=ORIENTED_EDGE('',*,*,#3919,.F.);
#5629=ORIENTED_EDGE('',*,*,#3898,.T.);
#5630=ORIENTED_EDGE('',*,*,#3916,.T.);
#5631=ORIENTED_EDGE('',*,*,#3920,.F.);
#5632=ORIENTED_EDGE('',*,*,#3921,.F.);
#5633=ORIENTED_EDGE('',*,*,#3471,.T.);
#5634=ORIENTED_EDGE('',*,*,#3917,.T.);
#5635=ORIENTED_EDGE('',*,*,#3120,.F.);
#5636=ORIENTED_EDGE('',*,*,#3922,.F.);
#5637=ORIENTED_EDGE('',*,*,#3923,.T.);
#5638=ORIENTED_EDGE('',*,*,#3918,.T.);
#5639=ORIENTED_EDGE('',*,*,#3911,.T.);
#5640=ORIENTED_EDGE('',*,*,#3924,.T.);
#5641=ORIENTED_EDGE('',*,*,#3925,.T.);
#5642=ORIENTED_EDGE('',*,*,#3926,.T.);
#5643=ORIENTED_EDGE('',*,*,#3920,.T.);
#5644=ORIENTED_EDGE('',*,*,#3915,.T.);
#5645=ORIENTED_EDGE('',*,*,#3923,.F.);
#5646=ORIENTED_EDGE('',*,*,#3927,.F.);
#5647=ORIENTED_EDGE('',*,*,#3912,.F.);
#5648=ORIENTED_EDGE('',*,*,#3050,.T.);
#5649=ORIENTED_EDGE('',*,*,#3119,.F.);
#5650=ORIENTED_EDGE('',*,*,#3913,.T.);
#5651=ORIENTED_EDGE('',*,*,#3927,.T.);
#5652=ORIENTED_EDGE('',*,*,#3922,.T.);
#5653=ORIENTED_EDGE('',*,*,#3861,.T.);
#5654=ORIENTED_EDGE('',*,*,#3865,.F.);
#5655=ORIENTED_EDGE('',*,*,#3872,.F.);
#5656=ORIENTED_EDGE('',*,*,#3433,.T.);
#5657=ORIENTED_EDGE('',*,*,#3910,.T.);
#5658=ORIENTED_EDGE('',*,*,#3474,.T.);
#5659=ORIENTED_EDGE('',*,*,#3928,.T.);
#5660=ORIENTED_EDGE('',*,*,#3924,.F.);
#5661=ORIENTED_EDGE('',*,*,#3925,.F.);
#5662=ORIENTED_EDGE('',*,*,#3928,.F.);
#5663=ORIENTED_EDGE('',*,*,#3473,.T.);
#5664=ORIENTED_EDGE('',*,*,#3929,.T.);
#5665=ORIENTED_EDGE('',*,*,#3926,.F.);
#5666=ORIENTED_EDGE('',*,*,#3929,.F.);
#5667=ORIENTED_EDGE('',*,*,#3472,.T.);
#5668=ORIENTED_EDGE('',*,*,#3921,.T.);
#5669=ORIENTED_EDGE('',*,*,#3727,.T.);
#5670=ORIENTED_EDGE('',*,*,#3439,.T.);
#5671=ORIENTED_EDGE('',*,*,#3904,.T.);
#5672=ORIENTED_EDGE('',*,*,#3902,.F.);
#5673=ORIENTED_EDGE('',*,*,#3887,.F.);
#5674=ORIENTED_EDGE('',*,*,#3878,.F.);
#5675=ORIENTED_EDGE('',*,*,#3479,.T.);
#5676=ORIENTED_EDGE('',*,*,#3890,.T.);
#5677=ORIENTED_EDGE('',*,*,#3823,.T.);
#5678=ORIENTED_EDGE('',*,*,#3876,.F.);
#5679=ORIENTED_EDGE('',*,*,#3882,.F.);
#5680=ORIENTED_EDGE('',*,*,#3825,.F.);
#5681=ORIENTED_EDGE('',*,*,#3862,.T.);
#5682=ORIENTED_EDGE('',*,*,#3159,.F.);
#5683=ORIENTED_EDGE('',*,*,#3867,.T.);
#5684=ORIENTED_EDGE('',*,*,#3873,.T.);
#5685=ORIENTED_EDGE('',*,*,#3892,.T.);
#5686=ORIENTED_EDGE('',*,*,#3081,.F.);
#5687=ORIENTED_EDGE('',*,*,#3881,.T.);
#5688=ORIENTED_EDGE('',*,*,#3889,.T.);
#5689=ORIENTED_EDGE('',*,*,#3893,.T.);
#5690=CYLINDRICAL_SURFACE('',#6024,3.25);
#5691=CYLINDRICAL_SURFACE('',#6028,2.5);
#5692=CYLINDRICAL_SURFACE('',#6114,1.5);
#5693=CYLINDRICAL_SURFACE('',#6115,1.5);
#5694=CYLINDRICAL_SURFACE('',#6116,2.);
#5695=CYLINDRICAL_SURFACE('',#6117,2.);
#5696=CYLINDRICAL_SURFACE('',#6118,1.5);
#5697=CYLINDRICAL_SURFACE('',#6119,1.5);
#5698=CYLINDRICAL_SURFACE('',#6120,1.5);
#5699=CYLINDRICAL_SURFACE('',#6121,1.5);
#5700=CYLINDRICAL_SURFACE('',#6122,1.5);
#5701=CYLINDRICAL_SURFACE('',#6123,2.);
#5702=CYLINDRICAL_SURFACE('',#6124,1.5);
#5703=CYLINDRICAL_SURFACE('',#6213,1.5);
#5704=CYLINDRICAL_SURFACE('',#6214,1.5);
#5705=CYLINDRICAL_SURFACE('',#6215,2.);
#5706=CYLINDRICAL_SURFACE('',#6216,2.);
#5707=CYLINDRICAL_SURFACE('',#6217,1.5);
#5708=CYLINDRICAL_SURFACE('',#6218,1.5);
#5709=CYLINDRICAL_SURFACE('',#6219,1.5);
#5710=CYLINDRICAL_SURFACE('',#6220,1.5);
#5711=CYLINDRICAL_SURFACE('',#6221,1.5);
#5712=CYLINDRICAL_SURFACE('',#6222,2.);
#5713=CYLINDRICAL_SURFACE('',#6223,1.5);
#5714=ADVANCED_FACE('',(#491),#5690,.F.);
#5715=ADVANCED_FACE('',(#492),#273,.T.);
#5716=ADVANCED_FACE('',(#493),#5691,.F.);
#5717=ADVANCED_FACE('',(#494),#274,.T.);
#5718=ADVANCED_FACE('',(#495,#74,#75,#76,#77,#78,#79,#80,#81,#82,#83,#84,
#85),#275,.T.);
#5719=ADVANCED_FACE('',(#496),#276,.F.);
#5720=ADVANCED_FACE('',(#497),#277,.F.);
#5721=ADVANCED_FACE('',(#498),#278,.F.);
#5722=ADVANCED_FACE('',(#499),#279,.F.);
#5723=ADVANCED_FACE('',(#500),#280,.F.);
#5724=ADVANCED_FACE('',(#501),#281,.F.);
#5725=ADVANCED_FACE('',(#502),#282,.F.);
#5726=ADVANCED_FACE('',(#503),#283,.F.);
#5727=ADVANCED_FACE('',(#504),#284,.F.);
#5728=ADVANCED_FACE('',(#505),#285,.F.);
#5729=ADVANCED_FACE('',(#506),#286,.F.);
#5730=ADVANCED_FACE('',(#507),#287,.F.);
#5731=ADVANCED_FACE('',(#508),#288,.F.);
#5732=ADVANCED_FACE('',(#509),#289,.F.);
#5733=ADVANCED_FACE('',(#510),#290,.F.);
#5734=ADVANCED_FACE('',(#511),#291,.F.);
#5735=ADVANCED_FACE('',(#512),#292,.F.);
#5736=ADVANCED_FACE('',(#513),#293,.F.);
#5737=ADVANCED_FACE('',(#514),#294,.F.);
#5738=ADVANCED_FACE('',(#515),#295,.F.);
#5739=ADVANCED_FACE('',(#516),#296,.F.);
#5740=ADVANCED_FACE('',(#517),#297,.F.);
#5741=ADVANCED_FACE('',(#518),#298,.F.);
#5742=ADVANCED_FACE('',(#519),#299,.F.);
#5743=ADVANCED_FACE('',(#520),#300,.F.);
#5744=ADVANCED_FACE('',(#521),#301,.F.);
#5745=ADVANCED_FACE('',(#522),#302,.F.);
#5746=ADVANCED_FACE('',(#523),#303,.F.);
#5747=ADVANCED_FACE('',(#524),#304,.F.);
#5748=ADVANCED_FACE('',(#525),#305,.F.);
#5749=ADVANCED_FACE('',(#526),#306,.F.);
#5750=ADVANCED_FACE('',(#527),#21,.F.);
#5751=ADVANCED_FACE('',(#528),#22,.F.);
#5752=ADVANCED_FACE('',(#529),#23,.F.);
#5753=ADVANCED_FACE('',(#530),#24,.T.);
#5754=ADVANCED_FACE('',(#531),#25,.T.);
#5755=ADVANCED_FACE('',(#532),#307,.T.);
#5756=ADVANCED_FACE('',(#533),#308,.T.);
#5757=ADVANCED_FACE('',(#534),#26,.F.);
#5758=ADVANCED_FACE('',(#535),#27,.F.);
#5759=ADVANCED_FACE('',(#536),#309,.T.);
#5760=ADVANCED_FACE('',(#537),#310,.T.);
#5761=ADVANCED_FACE('',(#538),#311,.T.);
#5762=ADVANCED_FACE('',(#539,#86,#87,#88,#89,#90,#91,#92,#93,#94,#95,#96,
#97),#312,.F.);
#5763=ADVANCED_FACE('',(#540),#5692,.F.);
#5764=ADVANCED_FACE('',(#541),#5693,.F.);
#5765=ADVANCED_FACE('',(#542),#5694,.F.);
#5766=ADVANCED_FACE('',(#543),#5695,.F.);
#5767=ADVANCED_FACE('',(#544),#5696,.F.);
#5768=ADVANCED_FACE('',(#545),#5697,.F.);
#5769=ADVANCED_FACE('',(#546),#5698,.F.);
#5770=ADVANCED_FACE('',(#547),#5699,.F.);
#5771=ADVANCED_FACE('',(#548),#5700,.F.);
#5772=ADVANCED_FACE('',(#549),#5701,.F.);
#5773=ADVANCED_FACE('',(#550),#5702,.F.);
#5774=ADVANCED_FACE('',(#551),#313,.F.);
#5775=ADVANCED_FACE('',(#552),#314,.F.);
#5776=ADVANCED_FACE('',(#553),#315,.F.);
#5777=ADVANCED_FACE('',(#554),#316,.F.);
#5778=ADVANCED_FACE('',(#555),#317,.T.);
#5779=ADVANCED_FACE('',(#556),#318,.F.);
#5780=ADVANCED_FACE('',(#557),#319,.F.);
#5781=ADVANCED_FACE('',(#558),#320,.F.);
#5782=ADVANCED_FACE('',(#559),#321,.F.);
#5783=ADVANCED_FACE('',(#560),#322,.T.);
#5784=ADVANCED_FACE('',(#561),#323,.F.);
#5785=ADVANCED_FACE('',(#562),#324,.T.);
#5786=ADVANCED_FACE('',(#563),#325,.T.);
#5787=ADVANCED_FACE('',(#564),#326,.F.);
#5788=ADVANCED_FACE('',(#565),#327,.T.);
#5789=ADVANCED_FACE('',(#566),#328,.T.);
#5790=ADVANCED_FACE('',(#567),#329,.T.);
#5791=ADVANCED_FACE('',(#568),#330,.F.);
#5792=ADVANCED_FACE('',(#569),#331,.T.);
#5793=ADVANCED_FACE('',(#570),#332,.T.);
#5794=ADVANCED_FACE('',(#571),#333,.T.);
#5795=ADVANCED_FACE('',(#572),#334,.T.);
#5796=ADVANCED_FACE('',(#573),#335,.T.);
#5797=ADVANCED_FACE('',(#574),#336,.F.);
#5798=ADVANCED_FACE('',(#575),#337,.T.);
#5799=ADVANCED_FACE('',(#576),#338,.T.);
#5800=ADVANCED_FACE('',(#577),#339,.T.);
#5801=ADVANCED_FACE('',(#578),#340,.T.);
#5802=ADVANCED_FACE('',(#579),#341,.T.);
#5803=ADVANCED_FACE('',(#580),#342,.T.);
#5804=ADVANCED_FACE('',(#581),#343,.T.);
#5805=ADVANCED_FACE('',(#582),#344,.T.);
#5806=ADVANCED_FACE('',(#583),#345,.T.);
#5807=ADVANCED_FACE('',(#584),#346,.T.);
#5808=ADVANCED_FACE('',(#585),#347,.T.);
#5809=ADVANCED_FACE('',(#586),#348,.T.);
#5810=ADVANCED_FACE('',(#587),#349,.T.);
#5811=ADVANCED_FACE('',(#588),#350,.T.);
#5812=ADVANCED_FACE('',(#589),#351,.F.);
#5813=ADVANCED_FACE('',(#590),#352,.F.);
#5814=ADVANCED_FACE('',(#591),#353,.F.);
#5815=ADVANCED_FACE('',(#592),#354,.F.);
#5816=ADVANCED_FACE('',(#593),#355,.F.);
#5817=ADVANCED_FACE('',(#594),#356,.F.);
#5818=ADVANCED_FACE('',(#595),#357,.F.);
#5819=ADVANCED_FACE('',(#596),#358,.F.);
#5820=ADVANCED_FACE('',(#597),#359,.F.);
#5821=ADVANCED_FACE('',(#598),#360,.F.);
#5822=ADVANCED_FACE('',(#599),#361,.F.);
#5823=ADVANCED_FACE('',(#600),#362,.F.);
#5824=ADVANCED_FACE('',(#601),#363,.F.);
#5825=ADVANCED_FACE('',(#602),#364,.F.);
#5826=ADVANCED_FACE('',(#603),#365,.F.);
#5827=ADVANCED_FACE('',(#604),#366,.F.);
#5828=ADVANCED_FACE('',(#605),#367,.F.);
#5829=ADVANCED_FACE('',(#606),#368,.F.);
#5830=ADVANCED_FACE('',(#607),#369,.F.);
#5831=ADVANCED_FACE('',(#608),#370,.F.);
#5832=ADVANCED_FACE('',(#609),#371,.F.);
#5833=ADVANCED_FACE('',(#610),#372,.F.);
#5834=ADVANCED_FACE('',(#611),#373,.F.);
#5835=ADVANCED_FACE('',(#612),#374,.F.);
#5836=ADVANCED_FACE('',(#613),#375,.F.);
#5837=ADVANCED_FACE('',(#614),#376,.F.);
#5838=ADVANCED_FACE('',(#615),#377,.F.);
#5839=ADVANCED_FACE('',(#616),#378,.F.);
#5840=ADVANCED_FACE('',(#617),#379,.F.);
#5841=ADVANCED_FACE('',(#618),#380,.F.);
#5842=ADVANCED_FACE('',(#619),#381,.F.);
#5843=ADVANCED_FACE('',(#620),#382,.F.);
#5844=ADVANCED_FACE('',(#621),#383,.F.);
#5845=ADVANCED_FACE('',(#622),#384,.F.);
#5846=ADVANCED_FACE('',(#623),#385,.F.);
#5847=ADVANCED_FACE('',(#624),#386,.F.);
#5848=ADVANCED_FACE('',(#625),#387,.F.);
#5849=ADVANCED_FACE('',(#626),#388,.F.);
#5850=ADVANCED_FACE('',(#627),#389,.F.);
#5851=ADVANCED_FACE('',(#628),#390,.F.);
#5852=ADVANCED_FACE('',(#629),#391,.F.);
#5853=ADVANCED_FACE('',(#630),#392,.F.);
#5854=ADVANCED_FACE('',(#631),#393,.F.);
#5855=ADVANCED_FACE('',(#632),#394,.F.);
#5856=ADVANCED_FACE('',(#633),#28,.T.);
#5857=ADVANCED_FACE('',(#634),#395,.T.);
#5858=ADVANCED_FACE('',(#635),#29,.T.);
#5859=ADVANCED_FACE('',(#636),#30,.T.);
#5860=ADVANCED_FACE('',(#637),#396,.T.);
#5861=ADVANCED_FACE('',(#638),#397,.T.);
#5862=ADVANCED_FACE('',(#639),#31,.F.);
#5863=ADVANCED_FACE('',(#640),#32,.F.);
#5864=ADVANCED_FACE('',(#641),#398,.T.);
#5865=ADVANCED_FACE('',(#642),#399,.T.);
#5866=ADVANCED_FACE('',(#643),#400,.T.);
#5867=ADVANCED_FACE('',(#644),#5703,.F.);
#5868=ADVANCED_FACE('',(#645),#5704,.F.);
#5869=ADVANCED_FACE('',(#646),#5705,.F.);
#5870=ADVANCED_FACE('',(#647),#5706,.F.);
#5871=ADVANCED_FACE('',(#648),#5707,.F.);
#5872=ADVANCED_FACE('',(#649),#5708,.F.);
#5873=ADVANCED_FACE('',(#650),#5709,.F.);
#5874=ADVANCED_FACE('',(#651),#5710,.F.);
#5875=ADVANCED_FACE('',(#652),#5711,.F.);
#5876=ADVANCED_FACE('',(#653),#5712,.F.);
#5877=ADVANCED_FACE('',(#654),#5713,.F.);
#5878=ADVANCED_FACE('',(#655),#401,.F.);
#5879=ADVANCED_FACE('',(#656),#402,.F.);
#5880=ADVANCED_FACE('',(#657),#403,.F.);
#5881=ADVANCED_FACE('',(#658),#404,.F.);
#5882=ADVANCED_FACE('',(#659),#405,.T.);
#5883=ADVANCED_FACE('',(#660),#406,.T.);
#5884=ADVANCED_FACE('',(#661),#407,.F.);
#5885=ADVANCED_FACE('',(#662),#408,.F.);
#5886=ADVANCED_FACE('',(#663),#409,.F.);
#5887=ADVANCED_FACE('',(#664),#410,.T.);
#5888=ADVANCED_FACE('',(#665),#411,.F.);
#5889=ADVANCED_FACE('',(#666),#412,.T.);
#5890=ADVANCED_FACE('',(#667),#413,.T.);
#5891=ADVANCED_FACE('',(#668),#414,.F.);
#5892=ADVANCED_FACE('',(#669),#415,.T.);
#5893=ADVANCED_FACE('',(#670),#416,.T.);
#5894=ADVANCED_FACE('',(#671),#417,.F.);
#5895=ADVANCED_FACE('',(#672),#418,.T.);
#5896=ADVANCED_FACE('',(#673),#419,.T.);
#5897=ADVANCED_FACE('',(#674),#420,.T.);
#5898=ADVANCED_FACE('',(#675),#421,.T.);
#5899=ADVANCED_FACE('',(#676),#422,.F.);
#5900=ADVANCED_FACE('',(#677),#423,.T.);
#5901=ADVANCED_FACE('',(#678),#424,.T.);
#5902=ADVANCED_FACE('',(#679),#425,.T.);
#5903=ADVANCED_FACE('',(#680),#426,.T.);
#5904=ADVANCED_FACE('',(#681),#427,.T.);
#5905=ADVANCED_FACE('',(#682),#428,.T.);
#5906=ADVANCED_FACE('',(#683),#429,.T.);
#5907=ADVANCED_FACE('',(#684),#430,.T.);
#5908=ADVANCED_FACE('',(#685),#431,.T.);
#5909=ADVANCED_FACE('',(#686),#432,.T.);
#5910=ADVANCED_FACE('',(#687),#433,.T.);
#5911=ADVANCED_FACE('',(#688),#434,.T.);
#5912=ADVANCED_FACE('',(#689),#435,.T.);
#5913=ADVANCED_FACE('',(#690),#436,.T.);
#5914=ADVANCED_FACE('',(#691),#437,.T.);
#5915=ADVANCED_FACE('',(#692),#438,.T.);
#5916=ADVANCED_FACE('',(#693),#439,.F.);
#5917=ADVANCED_FACE('',(#694),#440,.F.);
#5918=ADVANCED_FACE('',(#695),#441,.F.);
#5919=ADVANCED_FACE('',(#696),#442,.F.);
#5920=ADVANCED_FACE('',(#697),#443,.F.);
#5921=ADVANCED_FACE('',(#698),#444,.F.);
#5922=ADVANCED_FACE('',(#699),#445,.F.);
#5923=ADVANCED_FACE('',(#700),#446,.F.);
#5924=ADVANCED_FACE('',(#701),#447,.F.);
#5925=ADVANCED_FACE('',(#702),#448,.F.);
#5926=ADVANCED_FACE('',(#703),#449,.F.);
#5927=ADVANCED_FACE('',(#704),#450,.F.);
#5928=ADVANCED_FACE('',(#705),#451,.F.);
#5929=ADVANCED_FACE('',(#706),#452,.F.);
#5930=ADVANCED_FACE('',(#707),#453,.F.);
#5931=ADVANCED_FACE('',(#708),#454,.F.);
#5932=ADVANCED_FACE('',(#709),#33,.T.);
#5933=ADVANCED_FACE('',(#710),#34,.T.);
#5934=ADVANCED_FACE('',(#711),#455,.F.);
#5935=ADVANCED_FACE('',(#712),#35,.F.);
#5936=ADVANCED_FACE('',(#713),#456,.F.);
#5937=ADVANCED_FACE('',(#714),#36,.F.);
#5938=ADVANCED_FACE('',(#715),#457,.F.);
#5939=ADVANCED_FACE('',(#716),#37,.F.);
#5940=ADVANCED_FACE('',(#717),#458,.F.);
#5941=ADVANCED_FACE('',(#718),#38,.F.);
#5942=ADVANCED_FACE('',(#719),#459,.F.);
#5943=ADVANCED_FACE('',(#720),#39,.F.);
#5944=ADVANCED_FACE('',(#721),#460,.F.);
#5945=ADVANCED_FACE('',(#722),#461,.F.);
#5946=ADVANCED_FACE('',(#723),#40,.F.);
#5947=ADVANCED_FACE('',(#724),#462,.F.);
#5948=ADVANCED_FACE('',(#725),#463,.F.);
#5949=ADVANCED_FACE('',(#726),#41,.F.);
#5950=ADVANCED_FACE('',(#727),#42,.T.);
#5951=ADVANCED_FACE('',(#728),#464,.F.);
#5952=ADVANCED_FACE('',(#729),#465,.F.);
#5953=ADVANCED_FACE('',(#730),#466,.F.);
#5954=ADVANCED_FACE('',(#731),#43,.F.);
#5955=ADVANCED_FACE('',(#732),#467,.F.);
#5956=ADVANCED_FACE('',(#733),#44,.F.);
#5957=ADVANCED_FACE('',(#734),#468,.F.);
#5958=ADVANCED_FACE('',(#735),#45,.F.);
#5959=ADVANCED_FACE('',(#736),#469,.F.);
#5960=ADVANCED_FACE('',(#737),#46,.F.);
#5961=ADVANCED_FACE('',(#738),#470,.F.);
#5962=ADVANCED_FACE('',(#739),#47,.F.);
#5963=ADVANCED_FACE('',(#740),#471,.F.);
#5964=ADVANCED_FACE('',(#741),#48,.F.);
#5965=ADVANCED_FACE('',(#742),#49,.F.);
#5966=ADVANCED_FACE('',(#743),#472,.F.);
#5967=ADVANCED_FACE('',(#744),#50,.F.);
#5968=ADVANCED_FACE('',(#745),#473,.T.);
#5969=ADVANCED_FACE('',(#746),#474,.T.);
#5970=ADVANCED_FACE('',(#747),#51,.F.);
#5971=ADVANCED_FACE('',(#748),#475,.T.);
#5972=ADVANCED_FACE('',(#749),#52,.F.);
#5973=ADVANCED_FACE('',(#750),#53,.F.);
#5974=ADVANCED_FACE('',(#751),#54,.F.);
#5975=ADVANCED_FACE('',(#752),#476,.F.);
#5976=ADVANCED_FACE('',(#753),#55,.F.);
#5977=ADVANCED_FACE('',(#754),#477,.T.);
#5978=ADVANCED_FACE('',(#755),#478,.F.);
#5979=ADVANCED_FACE('',(#756),#56,.F.);
#5980=ADVANCED_FACE('',(#757),#57,.F.);
#5981=ADVANCED_FACE('',(#758),#479,.F.);
#5982=ADVANCED_FACE('',(#759),#58,.F.);
#5983=ADVANCED_FACE('',(#760),#480,.F.);
#5984=ADVANCED_FACE('',(#761),#59,.F.);
#5985=ADVANCED_FACE('',(#762),#60,.F.);
#5986=ADVANCED_FACE('',(#763),#481,.T.);
#5987=ADVANCED_FACE('',(#764),#482,.F.);
#5988=ADVANCED_FACE('',(#765),#483,.F.);
#5989=ADVANCED_FACE('',(#766),#61,.T.);
#5990=ADVANCED_FACE('',(#767),#62,.T.);
#5991=ADVANCED_FACE('',(#768),#484,.F.);
#5992=ADVANCED_FACE('',(#769),#63,.F.);
#5993=ADVANCED_FACE('',(#770),#485,.F.);
#5994=ADVANCED_FACE('',(#771),#64,.T.);
#5995=ADVANCED_FACE('',(#772),#486,.T.);
#5996=ADVANCED_FACE('',(#773),#65,.F.);
#5997=ADVANCED_FACE('',(#774),#66,.T.);
#5998=ADVANCED_FACE('',(#775,#98),#487,.T.);
#5999=ADVANCED_FACE('',(#776),#67,.T.);
#6000=ADVANCED_FACE('',(#777),#68,.F.);
#6001=ADVANCED_FACE('',(#778),#69,.F.);
#6002=ADVANCED_FACE('',(#779),#488,.F.);
#6003=ADVANCED_FACE('',(#780),#489,.F.);
#6004=ADVANCED_FACE('',(#781),#70,.F.);
#6005=ADVANCED_FACE('',(#782),#71,.F.);
#6006=ADVANCED_FACE('',(#783),#490,.T.);
#6007=ADVANCED_FACE('',(#784),#72,.T.);
#6008=ADVANCED_FACE('',(#785),#73,.T.);
#6009=CLOSED_SHELL('',(#5714,#5715,#5716,#5717,#5718,#5719,#5720,#5721,
#5722,#5723,#5724,#5725,#5726,#5727,#5728,#5729,#5730,#5731,#5732,#5733,
#5734,#5735,#5736,#5737,#5738,#5739,#5740,#5741,#5742,#5743,#5744,#5745,
#5746,#5747,#5748,#5749,#5750,#5751,#5752,#5753,#5754,#5755,#5756,#5757,
#5758,#5759,#5760,#5761,#5762,#5763,#5764,#5765,#5766,#5767,#5768,#5769,
#5770,#5771,#5772,#5773,#5774,#5775,#5776,#5777,#5778,#5779,#5780,#5781,
#5782,#5783,#5784,#5785,#5786,#5787,#5788,#5789,#5790,#5791,#5792,#5793,
#5794,#5795,#5796,#5797,#5798,#5799,#5800,#5801,#5802,#5803,#5804,#5805,
#5806,#5807,#5808,#5809,#5810,#5811,#5812,#5813,#5814,#5815,#5816,#5817,
#5818,#5819,#5820,#5821,#5822,#5823,#5824,#5825,#5826,#5827,#5828,#5829,
#5830,#5831,#5832,#5833,#5834,#5835,#5836,#5837,#5838,#5839,#5840,#5841,
#5842,#5843,#5844,#5845,#5846,#5847,#5848,#5849,#5850,#5851,#5852,#5853,
#5854,#5855,#5856,#5857,#5858,#5859,#5860,#5861,#5862,#5863,#5864,#5865,
#5866,#5867,#5868,#5869,#5870,#5871,#5872,#5873,#5874,#5875,#5876,#5877,
#5878,#5879,#5880,#5881,#5882,#5883,#5884,#5885,#5886,#5887,#5888,#5889,
#5890,#5891,#5892,#5893,#5894,#5895,#5896,#5897,#5898,#5899,#5900,#5901,
#5902,#5903,#5904,#5905,#5906,#5907,#5908,#5909,#5910,#5911,#5912,#5913,
#5914,#5915,#5916,#5917,#5918,#5919,#5920,#5921,#5922,#5923,#5924,#5925,
#5926,#5927,#5928,#5929,#5930,#5931,#5932,#5933,#5934,#5935,#5936,#5937,
#5938,#5939,#5940,#5941,#5942,#5943,#5944,#5945,#5946,#5947,#5948,#5949,
#5950,#5951,#5952,#5953,#5954,#5955,#5956,#5957,#5958,#5959,#5960,#5961,
#5962,#5963,#5964,#5965,#5966,#5967,#5968,#5969,#5970,#5971,#5972,#5973,
#5974,#5975,#5976,#5977,#5978,#5979,#5980,#5981,#5982,#5983,#5984,#5985,
#5986,#5987,#5988,#5989,#5990,#5991,#5992,#5993,#5994,#5995,#5996,#5997,
#5998,#5999,#6000,#6001,#6002,#6003,#6004,#6005,#6006,#6007,#6008));
#6010=DERIVED_UNIT_ELEMENT(#6012,1.);
#6011=DERIVED_UNIT_ELEMENT(#11487,-3.);
#6012=(
MASS_UNIT()
NAMED_UNIT(*)
SI_UNIT(.KILO.,.GRAM.)
);
#6013=DERIVED_UNIT((#6010,#6011));
#6014=MEASURE_REPRESENTATION_ITEM('density measure',
POSITIVE_RATIO_MEASURE(7850.),#6013);
#6015=PROPERTY_DEFINITION_REPRESENTATION(#6020,#6017);
#6016=PROPERTY_DEFINITION_REPRESENTATION(#6021,#6018);
#6017=REPRESENTATION('material name',(#6019),#11484);
#6018=REPRESENTATION('density',(#6014),#11484);
#6019=DESCRIPTIVE_REPRESENTATION_ITEM('Steel','Steel');
#6020=PROPERTY_DEFINITION('material property','material name',#11499);
#6021=PROPERTY_DEFINITION('material property','density of part',#11499);
#6022=AXIS2_PLACEMENT_3D('',#7557,#6315,#6316);
#6023=AXIS2_PLACEMENT_3D('',#7558,#6317,#6318);
#6024=AXIS2_PLACEMENT_3D('',#7559,#6319,#6320);
#6025=AXIS2_PLACEMENT_3D('',#7561,#6321,#6322);
#6026=AXIS2_PLACEMENT_3D('',#7564,#6324,#6325);
#6027=AXIS2_PLACEMENT_3D('',#7565,#6326,#6327);
#6028=AXIS2_PLACEMENT_3D('',#7566,#6328,#6329);
#6029=AXIS2_PLACEMENT_3D('',#7571,#6331,#6332);
#6030=AXIS2_PLACEMENT_3D('',#7574,#6334,#6335);
#6031=AXIS2_PLACEMENT_3D('',#7575,#6336,#6337);
#6032=AXIS2_PLACEMENT_3D('',#7581,#6341,#6342);
#6033=AXIS2_PLACEMENT_3D('',#7980,#6434,#6435);
#6034=AXIS2_PLACEMENT_3D('',#7986,#6438,#6439);
#6035=AXIS2_PLACEMENT_3D('',#7992,#6442,#6443);
#6036=AXIS2_PLACEMENT_3D('',#8024,#6459,#6460);
#6037=AXIS2_PLACEMENT_3D('',#8056,#6476,#6477);
#6038=AXIS2_PLACEMENT_3D('',#8062,#6480,#6481);
#6039=AXIS2_PLACEMENT_3D('',#8068,#6484,#6485);
#6040=AXIS2_PLACEMENT_3D('',#8076,#6489,#6490);
#6041=AXIS2_PLACEMENT_3D('',#8084,#6494,#6495);
#6042=AXIS2_PLACEMENT_3D('',#8090,#6498,#6499);
#6043=AXIS2_PLACEMENT_3D('',#8098,#6503,#6504);
#6044=AXIS2_PLACEMENT_3D('',#8108,#6509,#6510);
#6045=AXIS2_PLACEMENT_3D('',#8116,#6514,#6515);
#6046=AXIS2_PLACEMENT_3D('',#8124,#6519,#6520);
#6047=AXIS2_PLACEMENT_3D('',#8130,#6523,#6524);
#6048=AXIS2_PLACEMENT_3D('',#8136,#6527,#6528);
#6049=AXIS2_PLACEMENT_3D('',#8168,#6544,#6545);
#6050=AXIS2_PLACEMENT_3D('',#8200,#6561,#6562);
#6051=AXIS2_PLACEMENT_3D('',#8210,#6567,#6568);
#6052=AXIS2_PLACEMENT_3D('',#8218,#6572,#6573);
#6053=AXIS2_PLACEMENT_3D('',#8224,#6576,#6577);
#6054=AXIS2_PLACEMENT_3D('',#8230,#6580,#6581);
#6055=AXIS2_PLACEMENT_3D('',#8242,#6588,#6589);
#6056=AXIS2_PLACEMENT_3D('',#8246,#6592,#6593);
#6057=AXIS2_PLACEMENT_3D('',#8250,#6596,#6597);
#6058=AXIS2_PLACEMENT_3D('',#8256,#6601,#6602);
#6059=AXIS2_PLACEMENT_3D('',#8260,#6605,#6606);
#6060=AXIS2_PLACEMENT_3D('',#8264,#6609,#6610);
#6061=AXIS2_PLACEMENT_3D('',#8266,#6612,#6613);
#6062=AXIS2_PLACEMENT_3D('',#8299,#6617,#6618);
#6063=AXIS2_PLACEMENT_3D('',#8310,#6621,#6622);
#6064=AXIS2_PLACEMENT_3D('',#8312,#6624,#6625);
#6065=AXIS2_PLACEMENT_3D('',#8318,#6629,#6630);
#6066=AXIS2_PLACEMENT_3D('',#8322,#6633,#6634);
#6067=AXIS2_PLACEMENT_3D('',#8326,#6637,#6638);
#6068=AXIS2_PLACEMENT_3D('',#8330,#6641,#6642);
#6069=AXIS2_PLACEMENT_3D('',#8334,#6645,#6646);
#6070=AXIS2_PLACEMENT_3D('',#8339,#6650,#6651);
#6071=AXIS2_PLACEMENT_3D('',#8341,#6653,#6654);
#6072=AXIS2_PLACEMENT_3D('',#8347,#6658,#6659);
#6073=AXIS2_PLACEMENT_3D('',#8349,#6661,#6662);
#6074=AXIS2_PLACEMENT_3D('',#8355,#6666,#6667);
#6075=AXIS2_PLACEMENT_3D('',#8357,#6669,#6670);
#6076=AXIS2_PLACEMENT_3D('',#8363,#6674,#6675);
#6077=AXIS2_PLACEMENT_3D('',#8367,#6678,#6679);
#6078=AXIS2_PLACEMENT_3D('',#8371,#6682,#6683);
#6079=AXIS2_PLACEMENT_3D('',#8442,#6686,#6687);
#6080=AXIS2_PLACEMENT_3D('',#8475,#6691,#6692);
#6081=AXIS2_PLACEMENT_3D('',#8477,#6694,#6695);
#6082=AXIS2_PLACEMENT_3D('',#8483,#6699,#6700);
#6083=AXIS2_PLACEMENT_3D('',#8487,#6703,#6704);
#6084=AXIS2_PLACEMENT_3D('',#8493,#6708,#6709);
#6085=AXIS2_PLACEMENT_3D('',#8495,#6711,#6712);
#6086=AXIS2_PLACEMENT_3D('',#8710,#6716,#6717);
#6087=AXIS2_PLACEMENT_3D('',#8717,#6719,#6720);
#6088=AXIS2_PLACEMENT_3D('',#8831,#6722,#6723);
#6089=AXIS2_PLACEMENT_3D('',#8853,#6725,#6726);
#6090=AXIS2_PLACEMENT_3D('',#8863,#6729,#6730);
#6091=AXIS2_PLACEMENT_3D('',#8865,#6732,#6733);
#6092=AXIS2_PLACEMENT_3D('',#9147,#6791,#6792);
#6093=AXIS2_PLACEMENT_3D('',#9153,#6795,#6796);
#6094=AXIS2_PLACEMENT_3D('',#9161,#6800,#6801);
#6095=AXIS2_PLACEMENT_3D('',#9171,#6806,#6807);
#6096=AXIS2_PLACEMENT_3D('',#9179,#6811,#6812);
#6097=AXIS2_PLACEMENT_3D('',#9187,#6816,#6817);
#6098=AXIS2_PLACEMENT_3D('',#9193,#6820,#6821);
#6099=AXIS2_PLACEMENT_3D('',#9199,#6824,#6825);
#6100=AXIS2_PLACEMENT_3D('',#9231,#6841,#6842);
#6101=AXIS2_PLACEMENT_3D('',#9263,#6858,#6859);
#6102=AXIS2_PLACEMENT_3D('',#9269,#6862,#6863);
#6103=AXIS2_PLACEMENT_3D('',#9275,#6866,#6867);
#6104=AXIS2_PLACEMENT_3D('',#9283,#6871,#6872);
#6105=AXIS2_PLACEMENT_3D('',#9291,#6876,#6877);
#6106=AXIS2_PLACEMENT_3D('',#9297,#6880,#6881);
#6107=AXIS2_PLACEMENT_3D('',#9303,#6884,#6885);
#6108=AXIS2_PLACEMENT_3D('',#9335,#6901,#6902);
#6109=AXIS2_PLACEMENT_3D('',#9367,#6918,#6919);
#6110=AXIS2_PLACEMENT_3D('',#9377,#6924,#6925);
#6111=AXIS2_PLACEMENT_3D('',#9385,#6929,#6930);
#6112=AXIS2_PLACEMENT_3D('',#9391,#6933,#6934);
#6113=AXIS2_PLACEMENT_3D('',#9397,#6937,#6938);
#6114=AXIS2_PLACEMENT_3D('',#9409,#6945,#6946);
#6115=AXIS2_PLACEMENT_3D('',#9412,#6949,#6950);
#6116=AXIS2_PLACEMENT_3D('',#9415,#6953,#6954);
#6117=AXIS2_PLACEMENT_3D('',#9418,#6957,#6958);
#6118=AXIS2_PLACEMENT_3D('',#9421,#6961,#6962);
#6119=AXIS2_PLACEMENT_3D('',#9424,#6965,#6966);
#6120=AXIS2_PLACEMENT_3D('',#9427,#6969,#6970);
#6121=AXIS2_PLACEMENT_3D('',#9430,#6973,#6974);
#6122=AXIS2_PLACEMENT_3D('',#9433,#6977,#6978);
#6123=AXIS2_PLACEMENT_3D('',#9436,#6981,#6982);
#6124=AXIS2_PLACEMENT_3D('',#9439,#6985,#6986);
#6125=AXIS2_PLACEMENT_3D('',#9442,#6989,#6990);
#6126=AXIS2_PLACEMENT_3D('',#9444,#6992,#6993);
#6127=AXIS2_PLACEMENT_3D('',#9446,#6995,#6996);
#6128=AXIS2_PLACEMENT_3D('',#9448,#6998,#6999);
#6129=AXIS2_PLACEMENT_3D('',#9450,#7001,#7002);
#6130=AXIS2_PLACEMENT_3D('',#9452,#7004,#7005);
#6131=AXIS2_PLACEMENT_3D('',#9454,#7007,#7008);
#6132=AXIS2_PLACEMENT_3D('',#9456,#7010,#7011);
#6133=AXIS2_PLACEMENT_3D('',#9458,#7013,#7014);
#6134=AXIS2_PLACEMENT_3D('',#9459,#7015,#7016);
#6135=AXIS2_PLACEMENT_3D('',#9461,#7018,#7019);
#6136=AXIS2_PLACEMENT_3D('',#9462,#7020,#7021);
#6137=AXIS2_PLACEMENT_3D('',#9464,#7023,#7024);
#6138=AXIS2_PLACEMENT_3D('',#9465,#7025,#7026);
#6139=AXIS2_PLACEMENT_3D('',#9466,#7027,#7028);
#6140=AXIS2_PLACEMENT_3D('',#9468,#7030,#7031);
#6141=AXIS2_PLACEMENT_3D('',#9470,#7033,#7034);
#6142=AXIS2_PLACEMENT_3D('',#9472,#7036,#7037);
#6143=AXIS2_PLACEMENT_3D('',#9473,#7038,#7039);
#6144=AXIS2_PLACEMENT_3D('',#9474,#7040,#7041);
#6145=AXIS2_PLACEMENT_3D('',#9476,#7043,#7044);
#6146=AXIS2_PLACEMENT_3D('',#9477,#7045,#7046);
#6147=AXIS2_PLACEMENT_3D('',#9479,#7048,#7049);
#6148=AXIS2_PLACEMENT_3D('',#9481,#7051,#7052);
#6149=AXIS2_PLACEMENT_3D('',#9482,#7053,#7054);
#6150=AXIS2_PLACEMENT_3D('',#9483,#7055,#7056);
#6151=AXIS2_PLACEMENT_3D('',#9485,#7058,#7059);
#6152=AXIS2_PLACEMENT_3D('',#9487,#7061,#7062);
#6153=AXIS2_PLACEMENT_3D('',#9489,#7064,#7065);
#6154=AXIS2_PLACEMENT_3D('',#9491,#7067,#7068);
#6155=AXIS2_PLACEMENT_3D('',#9493,#7070,#7071);
#6156=AXIS2_PLACEMENT_3D('',#9495,#7073,#7074);
#6157=AXIS2_PLACEMENT_3D('',#9497,#7076,#7077);
#6158=AXIS2_PLACEMENT_3D('',#9499,#7079,#7080);
#6159=AXIS2_PLACEMENT_3D('',#9501,#7082,#7083);
#6160=AXIS2_PLACEMENT_3D('',#9503,#7085,#7086);
#6161=AXIS2_PLACEMENT_3D('',#9505,#7088,#7089);
#6162=AXIS2_PLACEMENT_3D('',#9507,#7091,#7092);
#6163=AXIS2_PLACEMENT_3D('',#9508,#7093,#7094);
#6164=AXIS2_PLACEMENT_3D('',#9510,#7096,#7097);
#6165=AXIS2_PLACEMENT_3D('',#9512,#7099,#7100);
#6166=AXIS2_PLACEMENT_3D('',#9514,#7102,#7103);
#6167=AXIS2_PLACEMENT_3D('',#9516,#7105,#7106);
#6168=AXIS2_PLACEMENT_3D('',#9518,#7108,#7109);
#6169=AXIS2_PLACEMENT_3D('',#9520,#7111,#7112);
#6170=AXIS2_PLACEMENT_3D('',#9522,#7114,#7115);
#6171=AXIS2_PLACEMENT_3D('',#9524,#7117,#7118);
#6172=AXIS2_PLACEMENT_3D('',#9526,#7120,#7121);
#6173=AXIS2_PLACEMENT_3D('',#9528,#7123,#7124);
#6174=AXIS2_PLACEMENT_3D('',#9530,#7126,#7127);
#6175=AXIS2_PLACEMENT_3D('',#9532,#7129,#7130);
#6176=AXIS2_PLACEMENT_3D('',#9534,#7132,#7133);
#6177=AXIS2_PLACEMENT_3D('',#9536,#7135,#7136);
#6178=AXIS2_PLACEMENT_3D('',#9537,#7137,#7138);
#6179=AXIS2_PLACEMENT_3D('',#9540,#7141,#7142);
#6180=AXIS2_PLACEMENT_3D('',#9542,#7144,#7145);
#6181=AXIS2_PLACEMENT_3D('',#9544,#7147,#7148);
#6182=AXIS2_PLACEMENT_3D('',#9545,#7149,#7150);
#6183=AXIS2_PLACEMENT_3D('',#9575,#7153,#7154);
#6184=AXIS2_PLACEMENT_3D('',#9577,#7156,#7157);
#6185=AXIS2_PLACEMENT_3D('',#9584,#7158,#7159);
#6186=AXIS2_PLACEMENT_3D('',#9587,#7162,#7163);
#6187=AXIS2_PLACEMENT_3D('',#9589,#7165,#7166);
#6188=AXIS2_PLACEMENT_3D('',#9591,#7168,#7169);
#6189=AXIS2_PLACEMENT_3D('',#9594,#7172,#7173);
#6190=AXIS2_PLACEMENT_3D('',#9596,#7175,#7176);
#6191=AXIS2_PLACEMENT_3D('',#9598,#7178,#7179);
#6192=AXIS2_PLACEMENT_3D('',#9600,#7181,#7182);
#6193=AXIS2_PLACEMENT_3D('',#9601,#7183,#7184);
#6194=AXIS2_PLACEMENT_3D('',#9603,#7186,#7187);
#6195=AXIS2_PLACEMENT_3D('',#9606,#7190,#7191);
#6196=AXIS2_PLACEMENT_3D('',#9607,#7192,#7193);
#6197=AXIS2_PLACEMENT_3D('',#9610,#7196,#7197);
#6198=AXIS2_PLACEMENT_3D('',#9612,#7199,#7200);
#6199=AXIS2_PLACEMENT_3D('',#9614,#7202,#7203);
#6200=AXIS2_PLACEMENT_3D('',#9643,#7205,#7206);
#6201=AXIS2_PLACEMENT_3D('',#9675,#7209,#7210);
#6202=AXIS2_PLACEMENT_3D('',#9676,#7211,#7212);
#6203=AXIS2_PLACEMENT_3D('',#9679,#7215,#7216);
#6204=AXIS2_PLACEMENT_3D('',#9681,#7218,#7219);
#6205=AXIS2_PLACEMENT_3D('',#9683,#7221,#7222);
#6206=AXIS2_PLACEMENT_3D('',#9686,#7225,#7226);
#6207=AXIS2_PLACEMENT_3D('',#9730,#7227,#7228);
#6208=AXIS2_PLACEMENT_3D('',#9833,#7230,#7231);
#6209=AXIS2_PLACEMENT_3D('',#9844,#7233,#7234);
#6210=AXIS2_PLACEMENT_3D('',#9964,#7236,#7237);
#6211=AXIS2_PLACEMENT_3D('',#9965,#7238,#7239);
#6212=AXIS2_PLACEMENT_3D('',#9986,#7240,#7241);
#6213=AXIS2_PLACEMENT_3D('',#9987,#7242,#7243);
#6214=AXIS2_PLACEMENT_3D('',#9990,#7246,#7247);
#6215=AXIS2_PLACEMENT_3D('',#9993,#7250,#7251);
#6216=AXIS2_PLACEMENT_3D('',#9996,#7254,#7255);
#6217=AXIS2_PLACEMENT_3D('',#9999,#7258,#7259);
#6218=AXIS2_PLACEMENT_3D('',#10002,#7262,#7263);
#6219=AXIS2_PLACEMENT_3D('',#10005,#7266,#7267);
#6220=AXIS2_PLACEMENT_3D('',#10008,#7270,#7271);
#6221=AXIS2_PLACEMENT_3D('',#10011,#7274,#7275);
#6222=AXIS2_PLACEMENT_3D('',#10014,#7278,#7279);
#6223=AXIS2_PLACEMENT_3D('',#10017,#7282,#7283);
#6224=AXIS2_PLACEMENT_3D('',#10020,#7286,#7287);
#6225=AXIS2_PLACEMENT_3D('',#10022,#7289,#7290);
#6226=AXIS2_PLACEMENT_3D('',#10024,#7292,#7293);
#6227=AXIS2_PLACEMENT_3D('',#10026,#7295,#7296);
#6228=AXIS2_PLACEMENT_3D('',#10028,#7298,#7299);
#6229=AXIS2_PLACEMENT_3D('',#10030,#7301,#7302);
#6230=AXIS2_PLACEMENT_3D('',#10032,#7304,#7305);
#6231=AXIS2_PLACEMENT_3D('',#10034,#7307,#7308);
#6232=AXIS2_PLACEMENT_3D('',#10036,#7310,#7311);
#6233=AXIS2_PLACEMENT_3D('',#10037,#7312,#7313);
#6234=AXIS2_PLACEMENT_3D('',#10039,#7315,#7316);
#6235=AXIS2_PLACEMENT_3D('',#10040,#7317,#7318);
#6236=AXIS2_PLACEMENT_3D('',#10042,#7320,#7321);
#6237=AXIS2_PLACEMENT_3D('',#10043,#7322,#7323);
#6238=AXIS2_PLACEMENT_3D('',#10044,#7324,#7325);
#6239=AXIS2_PLACEMENT_3D('',#10046,#7327,#7328);
#6240=AXIS2_PLACEMENT_3D('',#10048,#7330,#7331);
#6241=AXIS2_PLACEMENT_3D('',#10049,#7332,#7333);
#6242=AXIS2_PLACEMENT_3D('',#10051,#7335,#7336);
#6243=AXIS2_PLACEMENT_3D('',#10052,#7337,#7338);
#6244=AXIS2_PLACEMENT_3D('',#10054,#7340,#7341);
#6245=AXIS2_PLACEMENT_3D('',#10055,#7342,#7343);
#6246=AXIS2_PLACEMENT_3D('',#10056,#7344,#7345);
#6247=AXIS2_PLACEMENT_3D('',#10058,#7347,#7348);
#6248=AXIS2_PLACEMENT_3D('',#10060,#7350,#7351);
#6249=AXIS2_PLACEMENT_3D('',#10061,#7352,#7353);
#6250=AXIS2_PLACEMENT_3D('',#10063,#7355,#7356);
#6251=AXIS2_PLACEMENT_3D('',#10065,#7358,#7359);
#6252=AXIS2_PLACEMENT_3D('',#10067,#7361,#7362);
#6253=AXIS2_PLACEMENT_3D('',#10069,#7364,#7365);
#6254=AXIS2_PLACEMENT_3D('',#10071,#7367,#7368);
#6255=AXIS2_PLACEMENT_3D('',#10073,#7370,#7371);
#6256=AXIS2_PLACEMENT_3D('',#10075,#7373,#7374);
#6257=AXIS2_PLACEMENT_3D('',#10077,#7376,#7377);
#6258=AXIS2_PLACEMENT_3D('',#10079,#7379,#7380);
#6259=AXIS2_PLACEMENT_3D('',#10081,#7382,#7383);
#6260=AXIS2_PLACEMENT_3D('',#10083,#7385,#7386);
#6261=AXIS2_PLACEMENT_3D('',#10085,#7388,#7389);
#6262=AXIS2_PLACEMENT_3D('',#10086,#7390,#7391);
#6263=AXIS2_PLACEMENT_3D('',#10088,#7393,#7394);
#6264=AXIS2_PLACEMENT_3D('',#10090,#7396,#7397);
#6265=AXIS2_PLACEMENT_3D('',#10092,#7399,#7400);
#6266=AXIS2_PLACEMENT_3D('',#10094,#7402,#7403);
#6267=AXIS2_PLACEMENT_3D('',#10096,#7405,#7406);
#6268=AXIS2_PLACEMENT_3D('',#10098,#7408,#7409);
#6269=AXIS2_PLACEMENT_3D('',#10100,#7411,#7412);
#6270=AXIS2_PLACEMENT_3D('',#10102,#7414,#7415);
#6271=AXIS2_PLACEMENT_3D('',#10104,#7417,#7418);
#6272=AXIS2_PLACEMENT_3D('',#10106,#7420,#7421);
#6273=AXIS2_PLACEMENT_3D('',#10108,#7423,#7424);
#6274=AXIS2_PLACEMENT_3D('',#10110,#7426,#7427);
#6275=AXIS2_PLACEMENT_3D('',#10112,#7429,#7430);
#6276=AXIS2_PLACEMENT_3D('',#10114,#7432,#7433);
#6277=AXIS2_PLACEMENT_3D('',#10115,#7434,#7435);
#6278=AXIS2_PLACEMENT_3D('',#10197,#7438,#7439);
#6279=AXIS2_PLACEMENT_3D('',#10209,#7443,#7444);
#6280=AXIS2_PLACEMENT_3D('',#10220,#7447,#7448);
#6281=AXIS2_PLACEMENT_3D('',#10237,#7451,#7452);
#6282=AXIS2_PLACEMENT_3D('',#10254,#7455,#7456);
#6283=AXIS2_PLACEMENT_3D('',#10265,#7459,#7460);
#6284=AXIS2_PLACEMENT_3D('',#10267,#7462,#7463);
#6285=AXIS2_PLACEMENT_3D('',#10283,#7465,#7466);
#6286=AXIS2_PLACEMENT_3D('',#10284,#7467,#7468);
#6287=AXIS2_PLACEMENT_3D('',#10318,#7470,#7471);
#6288=AXIS2_PLACEMENT_3D('',#10320,#7473,#7474);
#6289=AXIS2_PLACEMENT_3D('',#10322,#7476,#7477);
#6290=AXIS2_PLACEMENT_3D('',#10333,#7480,#7481);
#6291=AXIS2_PLACEMENT_3D('',#10350,#7484,#7485);
#6292=AXIS2_PLACEMENT_3D('',#10367,#7488,#7489);
#6293=AXIS2_PLACEMENT_3D('',#10378,#7492,#7493);
#6294=AXIS2_PLACEMENT_3D('',#10389,#7496,#7497);
#6295=AXIS2_PLACEMENT_3D('',#10414,#7500,#7501);
#6296=AXIS2_PLACEMENT_3D('',#10497,#7503,#7504);
#6297=AXIS2_PLACEMENT_3D('',#10536,#7507,#7508);
#6298=AXIS2_PLACEMENT_3D('',#10598,#7509,#7510);
#6299=AXIS2_PLACEMENT_3D('',#10738,#7513,#7514);
#6300=AXIS2_PLACEMENT_3D('',#10808,#7516,#7517);
#6301=AXIS2_PLACEMENT_3D('',#10815,#7519,#7520);
#6302=AXIS2_PLACEMENT_3D('',#10932,#7522,#7523);
#6303=AXIS2_PLACEMENT_3D('',#10988,#7526,#7527);
#6304=AXIS2_PLACEMENT_3D('',#11056,#7529,#7530);
#6305=AXIS2_PLACEMENT_3D('',#11067,#7531,#7532);
#6306=AXIS2_PLACEMENT_3D('',#11068,#7533,#7534);
#6307=AXIS2_PLACEMENT_3D('',#11153,#7536,#7537);
#6308=AXIS2_PLACEMENT_3D('',#11163,#7539,#7540);
#6309=AXIS2_PLACEMENT_3D('',#11220,#7542,#7543);
#6310=AXIS2_PLACEMENT_3D('',#11293,#7544,#7545);
#6311=AXIS2_PLACEMENT_3D('',#11385,#7548,#7549);
#6312=AXIS2_PLACEMENT_3D('',#11387,#7551,#7552);
#6313=AXIS2_PLACEMENT_3D('',#11432,#7553,#7554);
#6314=AXIS2_PLACEMENT_3D('',#11479,#7555,#7556);
#6315=DIRECTION('axis',(0.,0.,1.));
#6316=DIRECTION('refdir',(1.,0.,0.));
#6317=DIRECTION('axis',(0.,0.,1.));
#6318=DIRECTION('refdir',(1.,0.,0.));
#6319=DIRECTION('center_axis',(0.,0.,1.));
#6320=DIRECTION('ref_axis',(1.,0.,0.));
#6321=DIRECTION('center_axis',(0.,0.,1.));
#6322=DIRECTION('ref_axis',(1.,0.,0.));
#6323=DIRECTION('',(0.,0.,1.));
#6324=DIRECTION('center_axis',(0.,0.,1.));
#6325=DIRECTION('ref_axis',(1.,0.,0.));
#6326=DIRECTION('center_axis',(0.,0.,-1.));
#6327=DIRECTION('ref_axis',(1.,0.,0.));
#6328=DIRECTION('center_axis',(0.,0.,-1.));
#6329=DIRECTION('ref_axis',(-5.0532154980743E-16,1.,0.));
#6330=DIRECTION('',(0.,0.,1.));
#6331=DIRECTION('center_axis',(0.,0.,1.));
#6332=DIRECTION('ref_axis',(-1.,0.,0.));
#6333=DIRECTION('',(0.,0.,-1.));
#6334=DIRECTION('center_axis',(0.,0.,-1.));
#6335=DIRECTION('ref_axis',(-1.,0.,0.));
#6336=DIRECTION('center_axis',(1.,3.47159946694237E-17,0.));
#6337=DIRECTION('ref_axis',(3.47159946694237E-17,-1.,0.));
#6338=DIRECTION('',(-3.47159946694237E-17,1.,0.));
#6339=DIRECTION('',(0.,0.,1.));
#6340=DIRECTION('',(3.47159946694237E-17,-1.,0.));
#6341=DIRECTION('center_axis',(0.,0.,1.));
#6342=DIRECTION('ref_axis',(-1.,0.,0.));
#6343=DIRECTION('',(3.47159946694237E-17,-1.,0.));
#6344=DIRECTION('',(0.667329891226724,0.744762254867504,0.));
#6345=DIRECTION('',(0.697972176187766,-0.716124878263361,0.));
#6346=DIRECTION('',(-0.848909642223296,-0.528538001793926,0.));
#6347=DIRECTION('',(0.0188116597867968,-0.99982304507151,0.));
#6348=DIRECTION('',(0.981627183441223,-0.190808995409681,0.));
#6349=DIRECTION('',(-0.98162718344768,0.190808995376461,0.));
#6350=DIRECTION('',(0.981627183441284,-0.190808995409369,0.));
#6351=DIRECTION('',(-0.981627183447664,0.190808995376546,0.));
#6352=DIRECTION('',(0.98162718344766,-0.190808995376565,0.));
#6353=DIRECTION('',(-0.795693890482054,-0.605698962067407,0.));
#6354=DIRECTION('',(-0.795703864714445,-0.605685858905833,0.));
#6355=DIRECTION('',(0.414628694206359,-0.909990684535139,0.));
#6356=DIRECTION('',(-0.299338786216976,-0.954146891765701,0.));
#6357=DIRECTION('',(-0.909990684535139,-0.414628694206357,0.));
#6358=DIRECTION('',(-0.716124878262528,-0.697972176188621,0.));
#6359=DIRECTION('',(-0.697972176188625,0.716124878262524,0.));
#6360=DIRECTION('',(0.716124878262524,0.697972176188626,0.));
#6361=DIRECTION('',(-0.697972176188626,0.716124878262524,0.));
#6362=DIRECTION('',(0.716124878262524,0.697972176188625,0.));
#6363=DIRECTION('',(0.697972176188626,-0.716124878262523,0.));
#6364=DIRECTION('',(0.697972206956632,-0.71612484827444,0.));
#6365=DIRECTION('',(-0.716124878262524,-0.697972176188625,0.));
#6366=DIRECTION('',(-0.697972176188624,0.716124878262525,0.));
#6367=DIRECTION('',(-0.716124878262523,-0.697972176188626,0.));
#6368=DIRECTION('',(-0.697972176188626,0.716124878262523,0.));
#6369=DIRECTION('',(0.716124878262524,0.697972176188626,0.));
#6370=DIRECTION('',(0.697972206956632,-0.71612484827444,0.));
#6371=DIRECTION('',(-0.716124878262523,-0.697972176188626,0.));
#6372=DIRECTION('',(-0.697972176188624,0.716124878262525,0.));
#6373=DIRECTION('',(-0.716124878262523,-0.697972176188626,0.));
#6374=DIRECTION('',(0.697972176188626,-0.716124878262523,0.));
#6375=DIRECTION('',(-0.716124878262523,-0.697972176188626,0.));
#6376=DIRECTION('',(-0.697972176188626,0.716124878262524,0.));
#6377=DIRECTION('',(0.716124878262523,0.697972176188626,0.));
#6378=DIRECTION('',(-0.697972176188626,0.716124878262523,0.));
#6379=DIRECTION('',(0.716124878262524,0.697972176188625,0.));
#6380=DIRECTION('',(-0.697972176188624,0.716124878262525,0.));
#6381=DIRECTION('',(0.716124878262524,0.697972176188625,0.));
#6382=DIRECTION('',(0.697972206956632,-0.71612484827444,0.));
#6383=DIRECTION('',(0.697972176188626,-0.716124878262524,0.));
#6384=DIRECTION('',(-0.716124878262524,-0.697972176188625,0.));
#6385=DIRECTION('',(-0.697972176188625,0.716124878262524,0.));
#6386=DIRECTION('',(0.788010753606661,-0.615661475325737,0.));
#6387=DIRECTION('',(0.788010753606661,0.615661475325737,0.));
#6388=DIRECTION('',(-0.697972176188626,-0.716124878262523,0.));
#6389=DIRECTION('',(-0.716124878262524,0.697972176188626,0.));
#6390=DIRECTION('',(0.697972176188626,0.716124878262523,0.));
#6391=DIRECTION('',(0.697972176188624,0.716124878262525,0.));
#6392=DIRECTION('',(0.716124878262524,-0.697972176188625,0.));
#6393=DIRECTION('',(-0.697972176188624,-0.716124878262525,0.));
#6394=DIRECTION('',(0.716124878262524,-0.697972176188626,0.));
#6395=DIRECTION('',(-0.697972176188626,-0.716124878262523,0.));
#6396=DIRECTION('',(0.716124878262523,-0.697972176188626,0.));
#6397=DIRECTION('',(-0.697972176188626,-0.716124878262523,0.));
#6398=DIRECTION('',(-0.716124878262523,0.697972176188626,0.));
#6399=DIRECTION('',(0.697972176188626,0.716124878262523,0.));
#6400=DIRECTION('',(-0.716124878262523,0.697972176188626,0.));
#6401=DIRECTION('',(-0.697972176188624,-0.716124878262525,0.));
#6402=DIRECTION('',(-0.716124878262523,0.697972176188626,0.));
#6403=DIRECTION('',(0.697972176188624,0.716124878262525,0.));
#6404=DIRECTION('',(0.716124878262523,-0.697972176188626,0.));
#6405=DIRECTION('',(-0.697972176188626,-0.716124878262523,0.));
#6406=DIRECTION('',(-0.716124878262523,0.697972176188626,0.));
#6407=DIRECTION('',(-0.697972176188624,-0.716124878262525,0.));
#6408=DIRECTION('',(-0.716124878262524,0.697972176188625,0.));
#6409=DIRECTION('',(0.697972176188624,0.716124878262525,0.));
#6410=DIRECTION('',(0.697972176188626,0.716124878262523,0.));
#6411=DIRECTION('',(0.716124878262524,-0.697972176188625,0.));
#6412=DIRECTION('',(-0.697972176188626,-0.716124878262523,0.));
#6413=DIRECTION('',(0.716124878262523,-0.697972176188626,0.));
#6414=DIRECTION('',(-0.697972176188626,-0.716124878262523,0.));
#6415=DIRECTION('',(-0.716124878262528,0.697972176188621,0.));
#6416=DIRECTION('',(-0.909990684535139,0.414628694206357,0.));
#6417=DIRECTION('',(-0.299338786216976,0.954146891765701,0.));
#6418=DIRECTION('',(0.414628694206359,0.909990684535138,0.));
#6419=DIRECTION('',(-0.795693877872516,0.605698978632289,0.));
#6420=DIRECTION('',(-0.795693890482053,0.605698962067407,0.));
#6421=DIRECTION('',(0.98162718344766,0.190808995376565,0.));
#6422=DIRECTION('',(-0.981627183447664,-0.190808995376545,0.));
#6423=DIRECTION('',(0.981627183441284,0.190808995409369,0.));
#6424=DIRECTION('',(-0.98162718344768,-0.190808995376461,0.));
#6425=DIRECTION('',(0.981627183441223,0.190808995409681,0.));
#6426=DIRECTION('',(0.0188116597867973,0.99982304507151,0.));
#6427=DIRECTION('',(-0.848909642223296,0.528538001793926,0.));
#6428=DIRECTION('',(0.697972176187767,0.716124878263361,0.));
#6429=DIRECTION('',(0.667329891226724,-0.744762254867504,0.));
#6430=DIRECTION('',(0.697972176188626,0.716124878262523,0.));
#6431=DIRECTION('',(0.716124878262523,-0.697972176188626,0.));
#6432=DIRECTION('',(-0.697972176188626,-0.716124878262523,0.));
#6433=DIRECTION('',(-0.716124878262523,0.697972176188626,0.));
#6434=DIRECTION('center_axis',(0.,0.,-1.));
#6435=DIRECTION('ref_axis',(-1.,0.,0.));
#6436=DIRECTION('',(-0.998608728595588,0.0527314628348462,0.));
#6437=DIRECTION('',(-0.697972176161168,-0.716124878289285,0.));
#6438=DIRECTION('center_axis',(0.,0.,-1.));
#6439=DIRECTION('ref_axis',(-1.,0.,0.));
#6440=DIRECTION('',(0.697972176161168,0.716124878289285,0.));
#6441=DIRECTION('',(0.998608728595588,-0.0527314628348462,0.));
#6442=DIRECTION('center_axis',(0.,0.,-1.));
#6443=DIRECTION('ref_axis',(-1.,0.,0.));
#6444=DIRECTION('',(0.573576436351056,-0.819152044288985,0.));
#6445=DIRECTION('',(0.819152044288987,0.573576436351053,0.));
#6446=DIRECTION('',(0.573576436351049,-0.81915204428899,0.));
#6447=DIRECTION('',(-0.819152044288993,-0.573576436351045,0.));
#6448=DIRECTION('',(0.573576436351067,-0.819152044288977,0.));
#6449=DIRECTION('',(0.819152044289002,0.573576436351032,0.));
#6450=DIRECTION('',(0.573576436351049,-0.81915204428899,0.));
#6451=DIRECTION('',(-0.819152044288988,-0.573576436351051,0.));
#6452=DIRECTION('',(0.573576436351035,-0.819152044289,0.));
#6453=DIRECTION('',(0.819152044288991,0.573576436351047,0.));
#6454=DIRECTION('',(0.57357643635106,-0.819152044288982,0.));
#6455=DIRECTION('',(-0.819152044288996,-0.57357643635104,0.));
#6456=DIRECTION('',(0.57357643635105,-0.819152044288989,0.));
#6457=DIRECTION('',(0.819152044288998,0.573576436351037,0.));
#6458=DIRECTION('',(0.573576436351022,-0.819152044289009,0.));
#6459=DIRECTION('center_axis',(0.,0.,-1.));
#6460=DIRECTION('ref_axis',(-1.,0.,0.));
#6461=DIRECTION('',(-0.573576436351022,0.819152044289009,0.));
#6462=DIRECTION('',(-0.819152044288998,-0.573576436351037,0.));
#6463=DIRECTION('',(-0.57357643635105,0.819152044288989,0.));
#6464=DIRECTION('',(0.819152044288996,0.57357643635104,0.));
#6465=DIRECTION('',(-0.57357643635106,0.819152044288982,0.));
#6466=DIRECTION('',(-0.819152044288991,-0.573576436351047,0.));
#6467=DIRECTION('',(-0.573576436351035,0.819152044289,0.));
#6468=DIRECTION('',(0.819152044288988,0.573576436351051,0.));
#6469=DIRECTION('',(-0.573576436351049,0.81915204428899,0.));
#6470=DIRECTION('',(-0.819152044289002,-0.573576436351032,0.));
#6471=DIRECTION('',(-0.573576436351067,0.819152044288977,0.));
#6472=DIRECTION('',(0.819152044288993,0.573576436351045,0.));
#6473=DIRECTION('',(-0.573576436351049,0.81915204428899,0.));
#6474=DIRECTION('',(-0.819152044288987,-0.573576436351053,0.));
#6475=DIRECTION('',(-0.573576436351056,0.819152044288985,0.));
#6476=DIRECTION('center_axis',(0.,0.,-1.));
#6477=DIRECTION('ref_axis',(-1.,0.,0.));
#6478=DIRECTION('',(0.342020143325681,-0.939692620785904,0.));
#6479=DIRECTION('',(0.981627183447663,0.190808995376548,0.));
#6480=DIRECTION('center_axis',(0.,0.,-1.));
#6481=DIRECTION('ref_axis',(-1.,0.,0.));
#6482=DIRECTION('',(-0.981627183447663,-0.190808995376548,0.));
#6483=DIRECTION('',(-0.342020143325681,0.939692620785904,0.));
#6484=DIRECTION('center_axis',(0.,0.,-1.));
#6485=DIRECTION('ref_axis',(-1.,0.,0.));
#6486=DIRECTION('',(-0.78587602665288,0.618384080270735,0.));
#6487=DIRECTION('',(-0.230895919831248,0.972978455159867,0.));
#6488=DIRECTION('',(0.981627008764733,0.190809894040122,0.));
#6489=DIRECTION('center_axis',(0.,0.,-1.));
#6490=DIRECTION('ref_axis',(-1.,0.,0.));
#6491=DIRECTION('',(-0.981627008764733,-0.190809894040122,0.));
#6492=DIRECTION('',(0.230895919831248,-0.972978455159867,0.));
#6493=DIRECTION('',(0.78587602665288,-0.618384080270735,0.));
#6494=DIRECTION('center_axis',(0.,0.,-1.));
#6495=DIRECTION('ref_axis',(-1.,0.,0.));
#6496=DIRECTION('',(-0.342020143325693,0.939692620785899,0.));
#6497=DIRECTION('',(0.697972176161169,0.716124878289285,0.));
#6498=DIRECTION('center_axis',(0.,0.,-1.));
#6499=DIRECTION('ref_axis',(-1.,0.,0.));
#6500=DIRECTION('',(-0.697972176161165,-0.716124878289288,0.));
#6501=DIRECTION('',(0.342020143325658,-0.939692620785912,0.));
#6502=DIRECTION('',(0.880062588809653,-0.474857704768124,0.));
#6503=DIRECTION('center_axis',(0.,0.,-1.));
#6504=DIRECTION('ref_axis',(-1.,0.,0.));
#6505=DIRECTION('',(-0.880062588809653,0.474857704768124,0.));
#6506=DIRECTION('',(-0.342020143325658,0.939692620785912,0.));
#6507=DIRECTION('',(-0.697972176161169,-0.716124878289285,0.));
#6508=DIRECTION('',(0.342020143325693,-0.939692620785899,0.));
#6509=DIRECTION('center_axis',(0.,0.,-1.));
#6510=DIRECTION('ref_axis',(1.,-4.44089209850063E-16,0.));
#6511=DIRECTION('',(0.78587602665288,0.618384080270735,0.));
#6512=DIRECTION('',(0.230895919831249,0.972978455159867,0.));
#6513=DIRECTION('',(-0.981627008764733,0.190809894040122,0.));
#6514=DIRECTION('center_axis',(0.,0.,-1.));
#6515=DIRECTION('ref_axis',(1.,-4.44089209850063E-16,0.));
#6516=DIRECTION('',(0.981627008764733,-0.190809894040122,0.));
#6517=DIRECTION('',(-0.230895919831249,-0.972978455159867,0.));
#6518=DIRECTION('',(-0.78587602665288,-0.618384080270735,0.));
#6519=DIRECTION('center_axis',(0.,0.,-1.));
#6520=DIRECTION('ref_axis',(1.,-4.44089209850063E-16,0.));
#6521=DIRECTION('',(-0.342020143325682,-0.939692620785904,0.));
#6522=DIRECTION('',(-0.981627183447663,0.190808995376548,0.));
#6523=DIRECTION('center_axis',(0.,0.,-1.));
#6524=DIRECTION('ref_axis',(1.,-4.44089209850063E-16,0.));
#6525=DIRECTION('',(0.981627183447663,-0.190808995376548,0.));
#6526=DIRECTION('',(0.342020143325682,0.939692620785904,0.));
#6527=DIRECTION('center_axis',(0.,0.,-1.));
#6528=DIRECTION('ref_axis',(1.,-4.44089209850063E-16,0.));
#6529=DIRECTION('',(-0.573576436351056,-0.819152044288985,0.));
#6530=DIRECTION('',(-0.819152044288987,0.573576436351053,0.));
#6531=DIRECTION('',(-0.573576436351049,-0.81915204428899,0.));
#6532=DIRECTION('',(0.819152044288992,-0.573576436351045,0.));
#6533=DIRECTION('',(-0.573576436351067,-0.819152044288977,0.));
#6534=DIRECTION('',(-0.819152044289002,0.573576436351032,0.));
#6535=DIRECTION('',(-0.57357643635105,-0.819152044288989,0.));
#6536=DIRECTION('',(0.819152044288988,-0.573576436351052,0.));
#6537=DIRECTION('',(-0.573576436351035,-0.819152044288999,0.));
#6538=DIRECTION('',(-0.819152044288991,0.573576436351047,0.));
#6539=DIRECTION('',(-0.57357643635106,-0.819152044288982,0.));
#6540=DIRECTION('',(0.819152044288996,-0.57357643635104,0.));
#6541=DIRECTION('',(-0.57357643635105,-0.819152044288989,0.));
#6542=DIRECTION('',(-0.819152044288998,0.573576436351037,0.));
#6543=DIRECTION('',(-0.573576436351022,-0.819152044289008,0.));
#6544=DIRECTION('center_axis',(0.,0.,-1.));
#6545=DIRECTION('ref_axis',(1.,-4.44089209850063E-16,0.));
#6546=DIRECTION('',(0.573576436351022,0.819152044289008,0.));
#6547=DIRECTION('',(0.819152044288998,-0.573576436351037,0.));
#6548=DIRECTION('',(0.57357643635105,0.819152044288989,0.));
#6549=DIRECTION('',(-0.819152044288996,0.57357643635104,0.));
#6550=DIRECTION('',(0.57357643635106,0.819152044288982,0.));
#6551=DIRECTION('',(0.819152044288991,-0.573576436351047,0.));
#6552=DIRECTION('',(0.573576436351035,0.819152044288999,0.));
#6553=DIRECTION('',(-0.819152044288988,0.573576436351052,0.));
#6554=DIRECTION('',(0.57357643635105,0.819152044288989,0.));
#6555=DIRECTION('',(0.819152044289002,-0.573576436351032,0.));
#6556=DIRECTION('',(0.573576436351067,0.819152044288977,0.));
#6557=DIRECTION('',(-0.819152044288992,0.573576436351045,0.));
#6558=DIRECTION('',(0.573576436351049,0.81915204428899,0.));
#6559=DIRECTION('',(0.819152044288987,-0.573576436351053,0.));
#6560=DIRECTION('',(0.573576436351056,0.819152044288985,0.));
#6561=DIRECTION('center_axis',(0.,0.,-1.));
#6562=DIRECTION('ref_axis',(1.,-4.44089209850063E-16,0.));
#6563=DIRECTION('',(0.342020143325693,0.939692620785899,0.));
#6564=DIRECTION('',(-0.697972176161168,0.716124878289285,0.));
#6565=DIRECTION('',(-0.342020143325658,-0.939692620785912,0.));
#6566=DIRECTION('',(-0.880062588809654,-0.474857704768124,0.));
#6567=DIRECTION('center_axis',(0.,0.,-1.));
#6568=DIRECTION('ref_axis',(1.,-4.44089209850063E-16,0.));
#6569=DIRECTION('',(0.880062588809654,0.474857704768124,0.));
#6570=DIRECTION('',(0.342020143325658,0.939692620785912,0.));
#6571=DIRECTION('',(-0.697972176161164,0.716124878289289,0.));
#6572=DIRECTION('center_axis',(0.,0.,-1.));
#6573=DIRECTION('ref_axis',(1.,-4.44089209850063E-16,0.));
#6574=DIRECTION('',(0.697972176161168,-0.716124878289285,0.));
#6575=DIRECTION('',(-0.342020143325693,-0.939692620785899,0.));
#6576=DIRECTION('center_axis',(0.,0.,-1.));
#6577=DIRECTION('ref_axis',(1.,-4.44089209850063E-16,0.));
#6578=DIRECTION('',(0.998608728595588,0.0527314628348462,0.));
#6579=DIRECTION('',(0.697972176161167,-0.716124878289286,0.));
#6580=DIRECTION('center_axis',(0.,0.,-1.));
#6581=DIRECTION('ref_axis',(1.,-4.44089209850063E-16,0.));
#6582=DIRECTION('',(-0.697972176161167,0.716124878289286,0.));
#6583=DIRECTION('',(-0.998608728595588,-0.0527314628348462,0.));
#6584=DIRECTION('',(-0.697972176188625,0.716124878262524,0.));
#6585=DIRECTION('',(0.716124878262524,0.697972176188626,0.));
#6586=DIRECTION('',(0.697972176188626,-0.716124878262524,0.));
#6587=DIRECTION('',(-0.716124878262523,-0.697972176188626,0.));
#6588=DIRECTION('center_axis',(1.,3.47159946694237E-17,0.));
#6589=DIRECTION('ref_axis',(3.47159946694237E-17,-1.,0.));
#6590=DIRECTION('',(-3.47159946694237E-17,1.,0.));
#6591=DIRECTION('',(0.,0.,-1.));
#6592=DIRECTION('center_axis',(0.744762254867504,0.667329891226724,0.));
#6593=DIRECTION('ref_axis',(-0.667329891226724,0.744762254867504,0.));
#6594=DIRECTION('',(0.,0.,-1.));
#6595=DIRECTION('',(-0.667329891226724,0.744762254867504,0.));
#6596=DIRECTION('center_axis',(0.716124878262524,0.697972176188626,0.));
#6597=DIRECTION('ref_axis',(0.697972176188626,-0.716124878262524,0.));
#6598=DIRECTION('',(-0.697972176188626,0.716124878262524,0.));
#6599=DIRECTION('',(0.,0.,-1.));
#6600=DIRECTION('',(0.,0.,-1.));
#6601=DIRECTION('center_axis',(-0.697972176188626,0.716124878262524,0.));
#6602=DIRECTION('ref_axis',(0.716124878262524,0.697972176188626,0.));
#6603=DIRECTION('',(-0.716124878262524,-0.697972176188626,0.));
#6604=DIRECTION('',(0.,0.,-1.));
#6605=DIRECTION('center_axis',(-0.716124878262524,-0.697972176188625,0.));
#6606=DIRECTION('ref_axis',(-0.697972176188625,0.716124878262524,0.));
#6607=DIRECTION('',(0.697972176188625,-0.716124878262524,0.));
#6608=DIRECTION('',(0.,0.,-1.));
#6609=DIRECTION('center_axis',(0.697972176188626,-0.716124878262523,0.));
#6610=DIRECTION('ref_axis',(-0.716124878262523,-0.697972176188626,0.));
#6611=DIRECTION('',(0.716124878262523,0.697972176188626,0.));
#6612=DIRECTION('center_axis',(0.716124878262524,0.697972176188626,0.));
#6613=DIRECTION('ref_axis',(0.697972176188626,-0.716124878262524,0.));
#6614=DIRECTION('',(-0.697972176188626,0.716124878262524,0.));
#6615=DIRECTION('',(0.,0.,-1.));
#6616=DIRECTION('',(-0.697972176188626,0.716124878262524,0.));
#6617=DIRECTION('center_axis',(-0.716124878262524,-0.697972176188625,0.));
#6618=DIRECTION('ref_axis',(-0.697972176188625,0.716124878262524,0.));
#6619=DIRECTION('',(0.697972176188625,-0.716124878262524,0.));
#6620=DIRECTION('',(0.,0.,-1.));
#6621=DIRECTION('center_axis',(0.697972176188625,-0.716124878262524,0.));
#6622=DIRECTION('ref_axis',(-0.716124878262524,-0.697972176188625,0.));
#6623=DIRECTION('',(0.716124878262524,0.697972176188625,0.));
#6624=DIRECTION('center_axis',(0.697972176188626,-0.716124878262523,0.));
#6625=DIRECTION('ref_axis',(-0.716124878262523,-0.697972176188626,0.));
#6626=DIRECTION('',(0.716124878262523,0.697972176188626,0.));
#6627=DIRECTION('',(0.,0.,-1.));
#6628=DIRECTION('',(0.,0.,-1.));
#6629=DIRECTION('center_axis',(0.716124878262523,0.697972176188626,0.));
#6630=DIRECTION('ref_axis',(0.697972176188626,-0.716124878262523,0.));
#6631=DIRECTION('',(-0.697972176188626,0.716124878262523,0.));
#6632=DIRECTION('',(0.,0.,-1.));
#6633=DIRECTION('center_axis',(0.697972176188626,-0.716124878262523,0.));
#6634=DIRECTION('ref_axis',(-0.716124878262523,-0.697972176188626,0.));
#6635=DIRECTION('',(0.716124878262523,0.697972176188626,0.));
#6636=DIRECTION('',(0.,0.,-1.));
#6637=DIRECTION('center_axis',(-0.716124878262525,-0.697972176188624,0.));
#6638=DIRECTION('ref_axis',(-0.697972176188624,0.716124878262525,0.));
#6639=DIRECTION('',(0.697972176188624,-0.716124878262525,0.));
#6640=DIRECTION('',(0.,0.,-1.));
#6641=DIRECTION('center_axis',(0.697972176188626,-0.716124878262523,0.));
#6642=DIRECTION('ref_axis',(-0.716124878262523,-0.697972176188626,0.));
#6643=DIRECTION('',(0.716124878262523,0.697972176188626,0.));
#6644=DIRECTION('',(0.,0.,1.));
#6645=DIRECTION('center_axis',(-0.697972176188626,0.716124878262523,0.));
#6646=DIRECTION('ref_axis',(0.716124878262523,0.697972176188626,0.));
#6647=DIRECTION('',(-0.716124878262523,-0.697972176188626,0.));
#6648=DIRECTION('',(0.,0.,-1.));
#6649=DIRECTION('',(0.,0.,-1.));
#6650=DIRECTION('center_axis',(-0.716124878262524,-0.697972176188626,0.));
#6651=DIRECTION('ref_axis',(-0.697972176188626,0.716124878262524,0.));
#6652=DIRECTION('',(0.697972176188626,-0.716124878262524,0.));
#6653=DIRECTION('center_axis',(-0.697972176188625,0.716124878262524,0.));
#6654=DIRECTION('ref_axis',(0.716124878262524,0.697972176188625,0.));
#6655=DIRECTION('',(-0.716124878262524,-0.697972176188625,0.));
#6656=DIRECTION('',(0.,0.,-1.));
#6657=DIRECTION('',(0.,0.,-1.));
#6658=DIRECTION('center_axis',(-0.716124878262523,-0.697972176188626,0.));
#6659=DIRECTION('ref_axis',(-0.697972176188626,0.716124878262523,0.));
#6660=DIRECTION('',(0.697972176188626,-0.716124878262523,0.));
#6661=DIRECTION('center_axis',(-0.697972176188625,0.716124878262524,0.));
#6662=DIRECTION('ref_axis',(0.716124878262524,0.697972176188625,0.));
#6663=DIRECTION('',(-0.716124878262524,-0.697972176188625,0.));
#6664=DIRECTION('',(0.,0.,-1.));
#6665=DIRECTION('',(0.,0.,-1.));
#6666=DIRECTION('center_axis',(-0.716124878262525,-0.697972176188624,0.));
#6667=DIRECTION('ref_axis',(-0.697972176188624,0.716124878262525,0.));
#6668=DIRECTION('',(0.697972176188624,-0.716124878262525,0.));
#6669=DIRECTION('center_axis',(-0.716124878262524,-0.697972176188626,0.));
#6670=DIRECTION('ref_axis',(-0.697972176188626,0.716124878262524,0.));
#6671=DIRECTION('',(0.697972176188626,-0.716124878262524,0.));
#6672=DIRECTION('',(0.,0.,-1.));
#6673=DIRECTION('',(0.,0.,-1.));
#6674=DIRECTION('center_axis',(-0.697972176188626,0.716124878262524,0.));
#6675=DIRECTION('ref_axis',(0.716124878262523,0.697972176188626,0.));
#6676=DIRECTION('',(-0.716124878262524,-0.697972176188626,0.));
#6677=DIRECTION('',(0.,0.,-1.));
#6678=DIRECTION('center_axis',(-0.716124878262524,-0.697972176188625,0.));
#6679=DIRECTION('ref_axis',(-0.697972176188625,0.716124878262524,0.));
#6680=DIRECTION('',(0.697972176188625,-0.716124878262524,0.));
#6681=DIRECTION('',(0.,0.,-1.));
#6682=DIRECTION('center_axis',(0.697972176188621,-0.716124878262528,0.));
#6683=DIRECTION('ref_axis',(-0.716124878262528,-0.697972176188621,0.));
#6684=DIRECTION('',(0.716124878262528,0.697972176188621,0.));
#6685=DIRECTION('',(0.716124878262528,0.697972176188621,0.));
#6686=DIRECTION('center_axis',(0.716124878262523,0.697972176188626,0.));
#6687=DIRECTION('ref_axis',(0.697972176188626,-0.716124878262523,0.));
#6688=DIRECTION('',(-0.697972176188626,0.716124878262523,0.));
#6689=DIRECTION('',(-0.697972176188626,0.716124878262523,0.));
#6690=DIRECTION('',(0.,0.,-1.));
#6691=DIRECTION('center_axis',(-0.697972176188625,0.716124878262524,0.));
#6692=DIRECTION('ref_axis',(0.716124878262524,0.697972176188625,0.));
#6693=DIRECTION('',(-0.716124878262524,-0.697972176188625,0.));
#6694=DIRECTION('center_axis',(-0.716124878262525,-0.697972176188624,0.));
#6695=DIRECTION('ref_axis',(-0.697972176188624,0.716124878262525,0.));
#6696=DIRECTION('',(0.697972176188624,-0.716124878262525,0.));
#6697=DIRECTION('',(0.,0.,-1.));
#6698=DIRECTION('',(0.,0.,-1.));
#6699=DIRECTION('center_axis',(0.697972176188625,-0.716124878262524,0.));
#6700=DIRECTION('ref_axis',(-0.716124878262524,-0.697972176188625,0.));
#6701=DIRECTION('',(0.716124878262524,0.697972176188625,0.));
#6702=DIRECTION('',(0.,0.,1.));
#6703=DIRECTION('center_axis',(-0.716124878262523,-0.697972176188626,0.));
#6704=DIRECTION('ref_axis',(-0.697972176188626,0.716124878262523,0.));
#6705=DIRECTION('',(0.697972176188626,-0.716124878262523,0.));
#6706=DIRECTION('',(0.,0.,-1.));
#6707=DIRECTION('',(0.,0.,-1.));
#6708=DIRECTION('center_axis',(0.697972176188626,-0.716124878262523,0.));
#6709=DIRECTION('ref_axis',(-0.716124878262523,-0.697972176188626,0.));
#6710=DIRECTION('',(0.716124878262523,0.697972176188626,0.));
#6711=DIRECTION('center_axis',(-0.697972176188626,0.716124878262524,0.));
#6712=DIRECTION('ref_axis',(0.716124878262524,0.697972176188626,0.));
#6713=DIRECTION('',(-0.716124878262524,-0.697972176188626,0.));
#6714=DIRECTION('',(0.,0.,-1.));
#6715=DIRECTION('',(0.,0.,1.));
#6716=DIRECTION('center_axis',(0.,0.,-1.));
#6717=DIRECTION('ref_axis',(-1.,0.,0.));
#6718=DIRECTION('',(-0.909990684535139,-0.414628694206357,0.));
#6719=DIRECTION('center_axis',(0.,0.,-1.));
#6720=DIRECTION('ref_axis',(-1.,0.,0.));
#6721=DIRECTION('',(-0.697972206956632,0.71612484827444,0.));
#6722=DIRECTION('center_axis',(0.71612484827444,0.697972206956632,0.));
#6723=DIRECTION('ref_axis',(0.697972206956632,-0.71612484827444,0.));
#6724=DIRECTION('',(-0.697972206956632,0.71612484827444,0.));
#6725=DIRECTION('center_axis',(0.71612484827444,0.697972206956632,0.));
#6726=DIRECTION('ref_axis',(0.697972206956632,-0.71612484827444,0.));
#6727=DIRECTION('',(-0.697972206956632,0.71612484827444,0.));
#6728=DIRECTION('',(-0.697972206956632,0.71612484827444,0.));
#6729=DIRECTION('center_axis',(0.71612484827444,0.697972206956632,0.));
#6730=DIRECTION('ref_axis',(0.697972206956632,-0.71612484827444,0.));
#6731=DIRECTION('',(-0.697972206956632,0.71612484827444,0.));
#6732=DIRECTION('center_axis',(0.,0.,1.));
#6733=DIRECTION('ref_axis',(-1.,0.,0.));
#6734=DIRECTION('',(-0.697972176187767,-0.716124878263361,0.));
#6735=DIRECTION('',(0.848909642223296,-0.528538001793926,0.));
#6736=DIRECTION('',(-0.0188116597867973,-0.99982304507151,0.));
#6737=DIRECTION('',(-0.981627183441223,-0.190808995409681,0.));
#6738=DIRECTION('',(0.98162718344768,0.190808995376461,0.));
#6739=DIRECTION('',(-0.981627183441284,-0.190808995409369,0.));
#6740=DIRECTION('',(0.981627183447664,0.190808995376545,0.));
#6741=DIRECTION('',(-0.98162718344766,-0.190808995376565,0.));
#6742=DIRECTION('',(0.795693890482053,-0.605698962067407,0.));
#6743=DIRECTION('',(0.795693877872516,-0.605698978632289,0.));
#6744=DIRECTION('',(0.414628694206359,0.909990684535138,0.));
#6745=DIRECTION('',(-0.299338786216976,0.954146891765701,0.));
#6746=DIRECTION('',(-0.909990684535139,0.414628694206357,0.));
#6747=DIRECTION('',(0.716124878262528,-0.697972176188621,0.));
#6748=DIRECTION('',(0.697972176188626,0.716124878262523,0.));
#6749=DIRECTION('',(-0.716124878262523,0.697972176188626,0.));
#6750=DIRECTION('',(0.697972176188626,0.716124878262523,0.));
#6751=DIRECTION('',(-0.716124878262524,0.697972176188625,0.));
#6752=DIRECTION('',(-0.697972176188626,-0.716124878262523,0.));
#6753=DIRECTION('',(-0.697972176188624,-0.716124878262525,0.));
#6754=DIRECTION('',(0.716124878262524,-0.697972176188625,0.));
#6755=DIRECTION('',(0.697972176188624,0.716124878262525,0.));
#6756=DIRECTION('',(0.716124878262523,-0.697972176188626,0.));
#6757=DIRECTION('',(0.697972176188626,0.716124878262523,0.));
#6758=DIRECTION('',(-0.716124878262523,0.697972176188626,0.));
#6759=DIRECTION('',(-0.697972176188624,-0.716124878262525,0.));
#6760=DIRECTION('',(0.716124878262523,-0.697972176188626,0.));
#6761=DIRECTION('',(0.697972176188624,0.716124878262525,0.));
#6762=DIRECTION('',(0.716124878262523,-0.697972176188626,0.));
#6763=DIRECTION('',(-0.697972176188626,-0.716124878262523,0.));
#6764=DIRECTION('',(0.716124878262523,-0.697972176188626,0.));
#6765=DIRECTION('',(0.697972176188626,0.716124878262523,0.));
#6766=DIRECTION('',(-0.716124878262523,0.697972176188626,0.));
#6767=DIRECTION('',(0.697972176188626,0.716124878262523,0.));
#6768=DIRECTION('',(-0.716124878262524,0.697972176188626,0.));
#6769=DIRECTION('',(0.697972176188624,0.716124878262525,0.));
#6770=DIRECTION('',(-0.716124878262524,0.697972176188625,0.));
#6771=DIRECTION('',(-0.697972176188624,-0.716124878262525,0.));
#6772=DIRECTION('',(-0.697972176188626,-0.716124878262523,0.));
#6773=DIRECTION('',(0.716124878262524,-0.697972176188626,0.));
#6774=DIRECTION('',(0.697972176188626,0.716124878262523,0.));
#6775=DIRECTION('',(0.765989321619309,-0.642853295212205,0.));
#6776=DIRECTION('',(0.76598932161931,0.642853295212205,0.));
#6777=DIRECTION('',(-0.909990684535139,-0.414628694206357,0.));
#6778=DIRECTION('',(-0.299338786216976,-0.954146891765701,0.));
#6779=DIRECTION('',(0.414628694206359,-0.909990684535139,0.));
#6780=DIRECTION('',(0.795703864714445,0.605685858905833,0.));
#6781=DIRECTION('',(0.795693890482054,0.605698962067407,0.));
#6782=DIRECTION('',(-0.98162718344766,0.190808995376565,0.));
#6783=DIRECTION('',(0.981627183447664,-0.190808995376546,0.));
#6784=DIRECTION('',(-0.981627183441284,0.190808995409369,0.));
#6785=DIRECTION('',(0.98162718344768,-0.190808995376461,0.));
#6786=DIRECTION('',(-0.981627183441223,0.190808995409681,0.));
#6787=DIRECTION('',(-0.0188116597867968,0.99982304507151,0.));
#6788=DIRECTION('',(0.848909642223296,0.528538001793926,0.));
#6789=DIRECTION('',(-0.697972176187766,0.716124878263361,0.));
#6790=DIRECTION('',(-0.667329891226724,-0.744762254867504,0.));
#6791=DIRECTION('center_axis',(0.,0.,1.));
#6792=DIRECTION('ref_axis',(1.,-4.44089209850063E-16,0.));
#6793=DIRECTION('',(0.342020143325693,0.939692620785899,0.));
#6794=DIRECTION('',(-0.697972176161168,0.716124878289285,0.));
#6795=DIRECTION('center_axis',(0.,0.,1.));
#6796=DIRECTION('ref_axis',(1.,-4.44089209850063E-16,0.));
#6797=DIRECTION('',(0.697972176161164,-0.716124878289289,0.));
#6798=DIRECTION('',(-0.342020143325658,-0.939692620785912,0.));
#6799=DIRECTION('',(-0.880062588809654,-0.474857704768124,0.));
#6800=DIRECTION('center_axis',(0.,0.,1.));
#6801=DIRECTION('ref_axis',(1.,-4.44089209850063E-16,0.));
#6802=DIRECTION('',(0.880062588809654,0.474857704768124,0.));
#6803=DIRECTION('',(0.342020143325658,0.939692620785912,0.));
#6804=DIRECTION('',(0.697972176161168,-0.716124878289285,0.));
#6805=DIRECTION('',(-0.342020143325693,-0.939692620785899,0.));
#6806=DIRECTION('center_axis',(0.,0.,1.));
#6807=DIRECTION('ref_axis',(1.,-4.44089209850063E-16,0.));
#6808=DIRECTION('',(0.78587602665288,0.618384080270735,0.));
#6809=DIRECTION('',(0.230895919831249,0.972978455159867,0.));
#6810=DIRECTION('',(-0.981627008764733,0.190809894040122,0.));
#6811=DIRECTION('center_axis',(0.,0.,1.));
#6812=DIRECTION('ref_axis',(1.,-4.44089209850063E-16,0.));
#6813=DIRECTION('',(0.981627008764733,-0.190809894040122,0.));
#6814=DIRECTION('',(-0.230895919831249,-0.972978455159867,0.));
#6815=DIRECTION('',(-0.78587602665288,-0.618384080270735,0.));
#6816=DIRECTION('center_axis',(0.,0.,1.));
#6817=DIRECTION('ref_axis',(1.,-4.44089209850063E-16,0.));
#6818=DIRECTION('',(-0.342020143325682,-0.939692620785904,0.));
#6819=DIRECTION('',(-0.981627183447663,0.190808995376548,0.));
#6820=DIRECTION('center_axis',(0.,0.,1.));
#6821=DIRECTION('ref_axis',(1.,-4.44089209850063E-16,0.));
#6822=DIRECTION('',(0.981627183447663,-0.190808995376548,0.));
#6823=DIRECTION('',(0.342020143325682,0.939692620785904,0.));
#6824=DIRECTION('center_axis',(0.,0.,1.));
#6825=DIRECTION('ref_axis',(1.,-4.44089209850063E-16,0.));
#6826=DIRECTION('',(-0.573576436351056,-0.819152044288985,0.));
#6827=DIRECTION('',(-0.819152044288987,0.573576436351053,0.));
#6828=DIRECTION('',(-0.573576436351049,-0.81915204428899,0.));
#6829=DIRECTION('',(0.819152044288992,-0.573576436351045,0.));
#6830=DIRECTION('',(-0.573576436351067,-0.819152044288977,0.));
#6831=DIRECTION('',(-0.819152044289002,0.573576436351032,0.));
#6832=DIRECTION('',(-0.57357643635105,-0.819152044288989,0.));
#6833=DIRECTION('',(0.819152044288988,-0.573576436351052,0.));
#6834=DIRECTION('',(-0.573576436351035,-0.819152044288999,0.));
#6835=DIRECTION('',(-0.819152044288991,0.573576436351047,0.));
#6836=DIRECTION('',(-0.57357643635106,-0.819152044288982,0.));
#6837=DIRECTION('',(0.819152044288996,-0.57357643635104,0.));
#6838=DIRECTION('',(-0.57357643635105,-0.819152044288989,0.));
#6839=DIRECTION('',(-0.819152044288998,0.573576436351037,0.));
#6840=DIRECTION('',(-0.573576436351022,-0.819152044289008,0.));
#6841=DIRECTION('center_axis',(0.,0.,1.));
#6842=DIRECTION('ref_axis',(1.,-4.44089209850063E-16,0.));
#6843=DIRECTION('',(0.573576436351022,0.819152044289008,0.));
#6844=DIRECTION('',(0.819152044288998,-0.573576436351037,0.));
#6845=DIRECTION('',(0.57357643635105,0.819152044288989,0.));
#6846=DIRECTION('',(-0.819152044288996,0.57357643635104,0.));
#6847=DIRECTION('',(0.57357643635106,0.819152044288982,0.));
#6848=DIRECTION('',(0.819152044288991,-0.573576436351047,0.));
#6849=DIRECTION('',(0.573576436351035,0.819152044288999,0.));
#6850=DIRECTION('',(-0.819152044288988,0.573576436351052,0.));
#6851=DIRECTION('',(0.57357643635105,0.819152044288989,0.));
#6852=DIRECTION('',(0.819152044289002,-0.573576436351032,0.));
#6853=DIRECTION('',(0.573576436351067,0.819152044288977,0.));
#6854=DIRECTION('',(-0.819152044288992,0.573576436351045,0.));
#6855=DIRECTION('',(0.573576436351049,0.81915204428899,0.));
#6856=DIRECTION('',(0.819152044288987,-0.573576436351053,0.));
#6857=DIRECTION('',(0.573576436351056,0.819152044288985,0.));
#6858=DIRECTION('center_axis',(0.,0.,1.));
#6859=DIRECTION('ref_axis',(1.,-4.44089209850063E-16,0.));
#6860=DIRECTION('',(0.998608728595588,0.0527314628348462,0.));
#6861=DIRECTION('',(0.697972176161167,-0.716124878289286,0.));
#6862=DIRECTION('center_axis',(0.,0.,1.));
#6863=DIRECTION('ref_axis',(1.,-4.44089209850063E-16,0.));
#6864=DIRECTION('',(-0.697972176161167,0.716124878289286,0.));
#6865=DIRECTION('',(-0.998608728595588,-0.0527314628348462,0.));
#6866=DIRECTION('center_axis',(0.,0.,1.));
#6867=DIRECTION('ref_axis',(-1.,0.,0.));
#6868=DIRECTION('',(-0.78587602665288,0.618384080270735,0.));
#6869=DIRECTION('',(-0.230895919831248,0.972978455159867,0.));
#6870=DIRECTION('',(0.981627008764733,0.190809894040122,0.));
#6871=DIRECTION('center_axis',(0.,0.,1.));
#6872=DIRECTION('ref_axis',(-1.,0.,0.));
#6873=DIRECTION('',(-0.981627008764733,-0.190809894040122,0.));
#6874=DIRECTION('',(0.230895919831248,-0.972978455159867,0.));
#6875=DIRECTION('',(0.78587602665288,-0.618384080270735,0.));
#6876=DIRECTION('center_axis',(0.,0.,1.));
#6877=DIRECTION('ref_axis',(-1.,0.,0.));
#6878=DIRECTION('',(0.342020143325681,-0.939692620785904,0.));
#6879=DIRECTION('',(0.981627183447663,0.190808995376548,0.));
#6880=DIRECTION('center_axis',(0.,0.,1.));
#6881=DIRECTION('ref_axis',(-1.,0.,0.));
#6882=DIRECTION('',(-0.981627183447663,-0.190808995376548,0.));
#6883=DIRECTION('',(-0.342020143325681,0.939692620785904,0.));
#6884=DIRECTION('center_axis',(0.,0.,1.));
#6885=DIRECTION('ref_axis',(-1.,0.,0.));
#6886=DIRECTION('',(0.573576436351056,-0.819152044288985,0.));
#6887=DIRECTION('',(0.819152044288987,0.573576436351053,0.));
#6888=DIRECTION('',(0.573576436351049,-0.81915204428899,0.));
#6889=DIRECTION('',(-0.819152044288993,-0.573576436351045,0.));
#6890=DIRECTION('',(0.573576436351067,-0.819152044288977,0.));
#6891=DIRECTION('',(0.819152044289002,0.573576436351032,0.));
#6892=DIRECTION('',(0.573576436351049,-0.81915204428899,0.));
#6893=DIRECTION('',(-0.819152044288988,-0.573576436351051,0.));
#6894=DIRECTION('',(0.573576436351035,-0.819152044289,0.));
#6895=DIRECTION('',(0.819152044288991,0.573576436351047,0.));
#6896=DIRECTION('',(0.57357643635106,-0.819152044288982,0.));
#6897=DIRECTION('',(-0.819152044288996,-0.57357643635104,0.));
#6898=DIRECTION('',(0.57357643635105,-0.819152044288989,0.));
#6899=DIRECTION('',(0.819152044288998,0.573576436351037,0.));
#6900=DIRECTION('',(0.573576436351022,-0.819152044289009,0.));
#6901=DIRECTION('center_axis',(0.,0.,1.));
#6902=DIRECTION('ref_axis',(-1.,0.,0.));
#6903=DIRECTION('',(-0.573576436351022,0.819152044289009,0.));
#6904=DIRECTION('',(-0.819152044288998,-0.573576436351037,0.));
#6905=DIRECTION('',(-0.57357643635105,0.819152044288989,0.));
#6906=DIRECTION('',(0.819152044288996,0.57357643635104,0.));
#6907=DIRECTION('',(-0.57357643635106,0.819152044288982,0.));
#6908=DIRECTION('',(-0.819152044288991,-0.573576436351047,0.));
#6909=DIRECTION('',(-0.573576436351035,0.819152044289,0.));
#6910=DIRECTION('',(0.819152044288988,0.573576436351051,0.));
#6911=DIRECTION('',(-0.573576436351049,0.819152044288989,0.));
#6912=DIRECTION('',(-0.819152044289002,-0.573576436351032,0.));
#6913=DIRECTION('',(-0.573576436351067,0.819152044288977,0.));
#6914=DIRECTION('',(0.819152044288993,0.573576436351045,0.));
#6915=DIRECTION('',(-0.573576436351049,0.81915204428899,0.));
#6916=DIRECTION('',(-0.819152044288987,-0.573576436351053,0.));
#6917=DIRECTION('',(-0.573576436351056,0.819152044288985,0.));
#6918=DIRECTION('center_axis',(0.,0.,1.));
#6919=DIRECTION('ref_axis',(-1.,0.,0.));
#6920=DIRECTION('',(-0.342020143325693,0.939692620785899,0.));
#6921=DIRECTION('',(0.697972176161169,0.716124878289285,0.));
#6922=DIRECTION('',(0.342020143325658,-0.939692620785912,0.));
#6923=DIRECTION('',(0.880062588809653,-0.474857704768124,0.));
#6924=DIRECTION('center_axis',(0.,0.,1.));
#6925=DIRECTION('ref_axis',(-1.,0.,0.));
#6926=DIRECTION('',(-0.880062588809653,0.474857704768124,0.));
#6927=DIRECTION('',(-0.342020143325658,0.939692620785912,0.));
#6928=DIRECTION('',(0.697972176161165,0.716124878289288,0.));
#6929=DIRECTION('center_axis',(0.,0.,1.));
#6930=DIRECTION('ref_axis',(-1.,0.,0.));
#6931=DIRECTION('',(-0.697972176161169,-0.716124878289285,0.));
#6932=DIRECTION('',(0.342020143325693,-0.939692620785899,0.));
#6933=DIRECTION('center_axis',(0.,0.,1.));
#6934=DIRECTION('ref_axis',(-1.,0.,0.));
#6935=DIRECTION('',(-0.998608728595588,0.0527314628348462,0.));
#6936=DIRECTION('',(-0.697972176161168,-0.716124878289285,0.));
#6937=DIRECTION('center_axis',(0.,0.,1.));
#6938=DIRECTION('ref_axis',(-1.,0.,0.));
#6939=DIRECTION('',(0.697972176161168,0.716124878289285,0.));
#6940=DIRECTION('',(0.998608728595588,-0.0527314628348462,0.));
#6941=DIRECTION('',(-0.697972176188626,-0.716124878262523,0.));
#6942=DIRECTION('',(0.716124878262523,-0.697972176188626,0.));
#6943=DIRECTION('',(0.697972176188626,0.716124878262523,0.));
#6944=DIRECTION('',(-0.716124878262523,0.697972176188626,0.));
#6945=DIRECTION('center_axis',(0.,0.,-1.));
#6946=DIRECTION('ref_axis',(-0.998608728595588,-0.0527314628348421,0.));
#6947=DIRECTION('',(0.,0.,-1.));
#6948=DIRECTION('',(0.,0.,1.));
#6949=DIRECTION('center_axis',(0.,0.,-1.));
#6950=DIRECTION('ref_axis',(-0.34202014332569,-0.939692620785901,0.));
#6951=DIRECTION('',(0.,0.,1.));
#6952=DIRECTION('',(0.,0.,-1.));
#6953=DIRECTION('center_axis',(0.,0.,-1.));
#6954=DIRECTION('ref_axis',(-0.785876026652879,-0.618384080270736,0.));
#6955=DIRECTION('',(0.,0.,1.));
#6956=DIRECTION('',(0.,0.,-1.));
#6957=DIRECTION('center_axis',(0.,0.,-1.));
#6958=DIRECTION('ref_axis',(-0.880062588809653,-0.474857704768124,0.));
#6959=DIRECTION('',(0.,0.,-1.));
#6960=DIRECTION('',(0.,0.,1.));
#6961=DIRECTION('center_axis',(0.,0.,-1.));
#6962=DIRECTION('ref_axis',(0.573576436351057,0.819152044288984,0.));
#6963=DIRECTION('',(0.,0.,-1.));
#6964=DIRECTION('',(0.,0.,1.));
#6965=DIRECTION('center_axis',(0.,0.,-1.));
#6966=DIRECTION('ref_axis',(-0.697972176161155,0.716124878289297,0.));
#6967=DIRECTION('',(0.,0.,1.));
#6968=DIRECTION('',(0.,0.,-1.));
#6969=DIRECTION('center_axis',(0.,0.,-1.));
#6970=DIRECTION('ref_axis',(0.342020143325684,0.939692620785903,0.));
#6971=DIRECTION('',(0.,0.,-1.));
#6972=DIRECTION('',(0.,0.,1.));
#6973=DIRECTION('center_axis',(0.,0.,-1.));
#6974=DIRECTION('ref_axis',(-0.981627008764733,0.190809894040122,0.));
#6975=DIRECTION('',(0.,0.,-1.));
#6976=DIRECTION('',(0.,0.,1.));
#6977=DIRECTION('center_axis',(0.,0.,-1.));
#6978=DIRECTION('ref_axis',(-0.981627183447663,0.190808995376548,0.));
#6979=DIRECTION('',(0.,0.,1.));
#6980=DIRECTION('',(0.,0.,-1.));
#6981=DIRECTION('center_axis',(0.,0.,-1.));
#6982=DIRECTION('ref_axis',(-0.573576436351023,-0.819152044289008,0.));
#6983=DIRECTION('',(0.,0.,1.));
#6984=DIRECTION('',(0.,0.,-1.));
#6985=DIRECTION('center_axis',(0.,0.,-1.));
#6986=DIRECTION('ref_axis',(0.697972176161167,-0.716124878289286,0.));
#6987=DIRECTION('',(0.,0.,1.));
#6988=DIRECTION('',(0.,0.,-1.));
#6989=DIRECTION('center_axis',(-0.0527314628348462,0.998608728595588,0.));
#6990=DIRECTION('ref_axis',(0.998608728595588,0.0527314628348462,0.));
#6991=DIRECTION('',(0.,0.,-1.));
#6992=DIRECTION('center_axis',(0.9396926207859,-0.342020143325693,0.));
#6993=DIRECTION('ref_axis',(-0.342020143325693,-0.939692620785899,0.));
#6994=DIRECTION('',(0.,0.,1.));
#6995=DIRECTION('center_axis',(0.618384080270735,-0.78587602665288,0.));
#6996=DIRECTION('ref_axis',(-0.78587602665288,-0.618384080270735,0.));
#6997=DIRECTION('',(0.,0.,1.));
#6998=DIRECTION('center_axis',(-0.474857704768124,0.880062588809654,0.));
#6999=DIRECTION('ref_axis',(0.880062588809654,0.474857704768124,0.));
#7000=DIRECTION('',(0.,0.,-1.));
#7001=DIRECTION('center_axis',(-0.819152044288985,0.573576436351056,0.));
#7002=DIRECTION('ref_axis',(0.573576436351056,0.819152044288985,0.));
#7003=DIRECTION('',(0.,0.,-1.));
#7004=DIRECTION('center_axis',(-0.716124878289289,-0.697972176161164,0.));
#7005=DIRECTION('ref_axis',(-0.697972176161164,0.716124878289289,0.));
#7006=DIRECTION('',(0.,0.,-1.));
#7007=DIRECTION('center_axis',(0.939692620785904,-0.342020143325682,0.));
#7008=DIRECTION('ref_axis',(-0.342020143325682,-0.939692620785904,0.));
#7009=DIRECTION('',(0.,0.,-1.));
#7010=DIRECTION('center_axis',(0.190809894040122,0.981627008764733,0.));
#7011=DIRECTION('ref_axis',(0.981627008764733,-0.190809894040122,0.));
#7012=DIRECTION('',(0.,0.,1.));
#7013=DIRECTION('center_axis',(-0.190808995376548,-0.981627183447663,0.));
#7014=DIRECTION('ref_axis',(-0.981627183447663,0.190808995376548,0.));
#7015=DIRECTION('center_axis',(-0.819152044289008,0.573576436351022,0.));
#7016=DIRECTION('ref_axis',(0.573576436351022,0.819152044289008,0.));
#7017=DIRECTION('',(0.,0.,1.));
#7018=DIRECTION('center_axis',(0.716124878289286,0.697972176161167,0.));
#7019=DIRECTION('ref_axis',(0.697972176161167,-0.716124878289286,0.));
#7020=DIRECTION('center_axis',(-0.0527314628348462,0.998608728595588,0.));
#7021=DIRECTION('ref_axis',(0.998608728595588,0.0527314628348462,0.));
#7022=DIRECTION('',(0.,0.,-1.));
#7023=DIRECTION('center_axis',(0.716124878289286,0.697972176161167,0.));
#7024=DIRECTION('ref_axis',(0.697972176161167,-0.716124878289286,0.));
#7025=DIRECTION('center_axis',(0.716124878289285,0.697972176161168,0.));
#7026=DIRECTION('ref_axis',(0.697972176161168,-0.716124878289285,0.));
#7027=DIRECTION('center_axis',(-0.474857704768124,0.880062588809654,0.));
#7028=DIRECTION('ref_axis',(0.880062588809654,0.474857704768124,0.));
#7029=DIRECTION('',(0.,0.,-1.));
#7030=DIRECTION('center_axis',(-0.939692620785912,0.342020143325658,0.));
#7031=DIRECTION('ref_axis',(0.342020143325658,0.939692620785912,0.));
#7032=DIRECTION('',(0.,0.,1.));
#7033=DIRECTION('center_axis',(0.716124878289285,0.697972176161168,0.));
#7034=DIRECTION('ref_axis',(0.697972176161168,-0.716124878289285,0.));
#7035=DIRECTION('',(0.,0.,1.));
#7036=DIRECTION('center_axis',(-0.939692620785912,0.342020143325658,0.));
#7037=DIRECTION('ref_axis',(0.342020143325658,0.939692620785912,0.));
#7038=DIRECTION('center_axis',(0.9396926207859,-0.342020143325693,0.));
#7039=DIRECTION('ref_axis',(-0.342020143325693,-0.939692620785899,0.));
#7040=DIRECTION('center_axis',(0.939692620785904,-0.342020143325682,0.));
#7041=DIRECTION('ref_axis',(-0.342020143325682,-0.939692620785904,0.));
#7042=DIRECTION('',(0.,0.,-1.));
#7043=DIRECTION('center_axis',(-0.190808995376548,-0.981627183447663,0.));
#7044=DIRECTION('ref_axis',(-0.981627183447663,0.190808995376548,0.));
#7045=DIRECTION('center_axis',(0.190809894040122,0.981627008764733,0.));
#7046=DIRECTION('ref_axis',(0.981627008764733,-0.190809894040122,0.));
#7047=DIRECTION('',(0.,0.,1.));
#7048=DIRECTION('center_axis',(0.972978455159867,-0.230895919831249,0.));
#7049=DIRECTION('ref_axis',(-0.230895919831249,-0.972978455159867,0.));
#7050=DIRECTION('',(0.,0.,1.));
#7051=DIRECTION('center_axis',(0.972978455159867,-0.230895919831249,0.));
#7052=DIRECTION('ref_axis',(-0.230895919831249,-0.972978455159867,0.));
#7053=DIRECTION('center_axis',(0.618384080270735,-0.78587602665288,0.));
#7054=DIRECTION('ref_axis',(-0.78587602665288,-0.618384080270735,0.));
#7055=DIRECTION('center_axis',(0.573576436351037,0.819152044288998,0.));
#7056=DIRECTION('ref_axis',(0.819152044288998,-0.573576436351037,0.));
#7057=DIRECTION('',(0.,0.,-1.));
#7058=DIRECTION('center_axis',(-0.819152044288989,0.57357643635105,0.));
#7059=DIRECTION('ref_axis',(0.57357643635105,0.819152044288989,0.));
#7060=DIRECTION('',(0.,0.,-1.));
#7061=DIRECTION('center_axis',(-0.57357643635104,-0.819152044288996,0.));
#7062=DIRECTION('ref_axis',(-0.819152044288996,0.57357643635104,0.));
#7063=DIRECTION('',(0.,0.,1.));
#7064=DIRECTION('center_axis',(-0.819152044288982,0.57357643635106,0.));
#7065=DIRECTION('ref_axis',(0.57357643635106,0.819152044288982,0.));
#7066=DIRECTION('',(0.,0.,1.));
#7067=DIRECTION('center_axis',(0.573576436351047,0.819152044288991,0.));
#7068=DIRECTION('ref_axis',(0.819152044288991,-0.573576436351047,0.));
#7069=DIRECTION('',(0.,0.,-1.));
#7070=DIRECTION('center_axis',(-0.819152044288999,0.573576436351035,0.));
#7071=DIRECTION('ref_axis',(0.573576436351035,0.819152044288999,0.));
#7072=DIRECTION('',(0.,0.,-1.));
#7073=DIRECTION('center_axis',(-0.573576436351052,-0.819152044288988,0.));
#7074=DIRECTION('ref_axis',(-0.819152044288988,0.573576436351052,0.));
#7075=DIRECTION('',(0.,0.,1.));
#7076=DIRECTION('center_axis',(-0.819152044288989,0.57357643635105,0.));
#7077=DIRECTION('ref_axis',(0.57357643635105,0.819152044288989,0.));
#7078=DIRECTION('',(0.,0.,1.));
#7079=DIRECTION('center_axis',(0.573576436351032,0.819152044289002,0.));
#7080=DIRECTION('ref_axis',(0.819152044289002,-0.573576436351032,0.));
#7081=DIRECTION('',(0.,0.,-1.));
#7082=DIRECTION('center_axis',(-0.819152044288977,0.573576436351067,0.));
#7083=DIRECTION('ref_axis',(0.573576436351067,0.819152044288977,0.));
#7084=DIRECTION('',(0.,0.,-1.));
#7085=DIRECTION('center_axis',(-0.573576436351045,-0.819152044288992,0.));
#7086=DIRECTION('ref_axis',(-0.819152044288992,0.573576436351045,0.));
#7087=DIRECTION('',(0.,0.,1.));
#7088=DIRECTION('center_axis',(-0.81915204428899,0.573576436351049,0.));
#7089=DIRECTION('ref_axis',(0.573576436351049,0.81915204428899,0.));
#7090=DIRECTION('',(0.,0.,1.));
#7091=DIRECTION('center_axis',(0.573576436351054,0.819152044288987,0.));
#7092=DIRECTION('ref_axis',(0.819152044288987,-0.573576436351053,0.));
#7093=DIRECTION('center_axis',(-0.819152044288985,0.573576436351056,0.));
#7094=DIRECTION('ref_axis',(0.573576436351056,0.819152044288985,0.));
#7095=DIRECTION('',(0.,0.,-1.));
#7096=DIRECTION('center_axis',(0.573576436351054,0.819152044288987,0.));
#7097=DIRECTION('ref_axis',(0.819152044288987,-0.573576436351053,0.));
#7098=DIRECTION('',(0.,0.,1.));
#7099=DIRECTION('center_axis',(-0.81915204428899,0.573576436351049,0.));
#7100=DIRECTION('ref_axis',(0.573576436351049,0.81915204428899,0.));
#7101=DIRECTION('',(0.,0.,1.));
#7102=DIRECTION('center_axis',(-0.573576436351045,-0.819152044288992,0.));
#7103=DIRECTION('ref_axis',(-0.819152044288992,0.573576436351045,0.));
#7104=DIRECTION('',(0.,0.,-1.));
#7105=DIRECTION('center_axis',(-0.819152044288977,0.573576436351067,0.));
#7106=DIRECTION('ref_axis',(0.573576436351067,0.819152044288977,0.));
#7107=DIRECTION('',(0.,0.,-1.));
#7108=DIRECTION('center_axis',(0.573576436351032,0.819152044289002,0.));
#7109=DIRECTION('ref_axis',(0.819152044289002,-0.573576436351032,0.));
#7110=DIRECTION('',(0.,0.,1.));
#7111=DIRECTION('center_axis',(-0.819152044288989,0.57357643635105,0.));
#7112=DIRECTION('ref_axis',(0.57357643635105,0.819152044288989,0.));
#7113=DIRECTION('',(0.,0.,1.));
#7114=DIRECTION('center_axis',(-0.573576436351052,-0.819152044288988,0.));
#7115=DIRECTION('ref_axis',(-0.819152044288988,0.573576436351052,0.));
#7116=DIRECTION('',(0.,0.,-1.));
#7117=DIRECTION('center_axis',(-0.819152044288999,0.573576436351035,0.));
#7118=DIRECTION('ref_axis',(0.573576436351035,0.819152044288999,0.));
#7119=DIRECTION('',(0.,0.,-1.));
#7120=DIRECTION('center_axis',(0.573576436351047,0.819152044288991,0.));
#7121=DIRECTION('ref_axis',(0.819152044288991,-0.573576436351047,0.));
#7122=DIRECTION('',(0.,0.,1.));
#7123=DIRECTION('center_axis',(-0.819152044288982,0.57357643635106,0.));
#7124=DIRECTION('ref_axis',(0.57357643635106,0.819152044288982,0.));
#7125=DIRECTION('',(0.,0.,1.));
#7126=DIRECTION('center_axis',(-0.57357643635104,-0.819152044288996,0.));
#7127=DIRECTION('ref_axis',(-0.819152044288996,0.57357643635104,0.));
#7128=DIRECTION('',(0.,0.,-1.));
#7129=DIRECTION('center_axis',(-0.819152044288989,0.57357643635105,0.));
#7130=DIRECTION('ref_axis',(0.57357643635105,0.819152044288989,0.));
#7131=DIRECTION('',(0.,0.,-1.));
#7132=DIRECTION('center_axis',(0.573576436351037,0.819152044288998,0.));
#7133=DIRECTION('ref_axis',(0.819152044288998,-0.573576436351037,0.));
#7134=DIRECTION('',(0.,0.,1.));
#7135=DIRECTION('center_axis',(-0.819152044289008,0.573576436351022,0.));
#7136=DIRECTION('ref_axis',(0.573576436351022,0.819152044289008,0.));
#7137=DIRECTION('center_axis',(0.716124878262523,-0.697972176188626,0.));
#7138=DIRECTION('ref_axis',(-0.697972176188626,-0.716124878262523,0.));
#7139=DIRECTION('',(0.,0.,-1.));
#7140=DIRECTION('',(0.,0.,-1.));
#7141=DIRECTION('center_axis',(0.697972176188626,0.716124878262523,0.));
#7142=DIRECTION('ref_axis',(0.716124878262523,-0.697972176188626,0.));
#7143=DIRECTION('',(0.,0.,-1.));
#7144=DIRECTION('center_axis',(-0.716124878262523,0.697972176188626,0.));
#7145=DIRECTION('ref_axis',(0.697972176188626,0.716124878262523,0.));
#7146=DIRECTION('',(0.,0.,-1.));
#7147=DIRECTION('center_axis',(-0.697972176188626,-0.716124878262523,0.));
#7148=DIRECTION('ref_axis',(-0.716124878262523,0.697972176188626,0.));
#7149=DIRECTION('center_axis',(-0.716124878262523,0.697972176188626,0.));
#7150=DIRECTION('ref_axis',(0.697972176188626,0.716124878262523,0.));
#7151=DIRECTION('',(-0.697972176188626,-0.716124878262523,0.));
#7152=DIRECTION('',(0.,0.,-1.));
#7153=DIRECTION('center_axis',(-0.697972176188626,-0.716124878262524,0.));
#7154=DIRECTION('ref_axis',(-0.716124878262523,0.697972176188626,0.));
#7155=DIRECTION('',(0.,0.,-1.));
#7156=DIRECTION('center_axis',(0.716124878262523,-0.697972176188626,0.));
#7157=DIRECTION('ref_axis',(-0.697972176188626,-0.716124878262523,0.));
#7158=DIRECTION('center_axis',(-0.697972176188626,-0.716124878262523,0.));
#7159=DIRECTION('ref_axis',(-0.716124878262523,0.697972176188626,0.));
#7160=DIRECTION('',(0.,0.,-1.));
#7161=DIRECTION('',(0.,0.,-1.));
#7162=DIRECTION('center_axis',(0.716124878262523,-0.697972176188626,0.));
#7163=DIRECTION('ref_axis',(-0.697972176188626,-0.716124878262523,0.));
#7164=DIRECTION('',(0.,0.,-1.));
#7165=DIRECTION('center_axis',(0.697972176188626,0.716124878262523,0.));
#7166=DIRECTION('ref_axis',(0.716124878262523,-0.697972176188626,0.));
#7167=DIRECTION('',(0.,0.,-1.));
#7168=DIRECTION('center_axis',(-0.697972176188626,-0.716124878262523,0.));
#7169=DIRECTION('ref_axis',(-0.716124878262523,0.697972176188626,0.));
#7170=DIRECTION('',(0.,0.,-1.));
#7171=DIRECTION('',(0.,0.,-1.));
#7172=DIRECTION('center_axis',(0.716124878262523,-0.697972176188626,0.));
#7173=DIRECTION('ref_axis',(-0.697972176188626,-0.716124878262523,0.));
#7174=DIRECTION('',(0.,0.,-1.));
#7175=DIRECTION('center_axis',(0.697972176188626,0.716124878262524,0.));
#7176=DIRECTION('ref_axis',(0.716124878262523,-0.697972176188626,0.));
#7177=DIRECTION('',(0.,0.,-1.));
#7178=DIRECTION('center_axis',(0.716124878262525,-0.697972176188624,0.));
#7179=DIRECTION('ref_axis',(-0.697972176188624,-0.716124878262525,0.));
#7180=DIRECTION('',(0.,0.,-1.));
#7181=DIRECTION('center_axis',(-0.716124878262523,0.697972176188626,0.));
#7182=DIRECTION('ref_axis',(0.697972176188626,0.716124878262523,0.));
#7183=DIRECTION('center_axis',(0.697972176188625,0.716124878262524,0.));
#7184=DIRECTION('ref_axis',(0.716124878262524,-0.697972176188625,0.));
#7185=DIRECTION('',(0.,0.,1.));
#7186=DIRECTION('center_axis',(-0.697972176188626,-0.716124878262523,0.));
#7187=DIRECTION('ref_axis',(-0.716124878262523,0.697972176188626,0.));
#7188=DIRECTION('',(0.,0.,-1.));
#7189=DIRECTION('',(0.,0.,-1.));
#7190=DIRECTION('center_axis',(0.716124878262525,-0.697972176188624,0.));
#7191=DIRECTION('ref_axis',(-0.697972176188624,-0.716124878262525,0.));
#7192=DIRECTION('center_axis',(0.697972176188626,0.716124878262523,0.));
#7193=DIRECTION('ref_axis',(0.716124878262523,-0.697972176188626,0.));
#7194=DIRECTION('',(0.,0.,-1.));
#7195=DIRECTION('',(0.,0.,-1.));
#7196=DIRECTION('center_axis',(0.716124878262523,-0.697972176188626,0.));
#7197=DIRECTION('ref_axis',(-0.697972176188626,-0.716124878262523,0.));
#7198=DIRECTION('',(0.,0.,-1.));
#7199=DIRECTION('center_axis',(0.697972176188625,0.716124878262524,0.));
#7200=DIRECTION('ref_axis',(0.716124878262524,-0.697972176188625,0.));
#7201=DIRECTION('',(0.,0.,-1.));
#7202=DIRECTION('center_axis',(-0.716124878262523,0.697972176188626,0.));
#7203=DIRECTION('ref_axis',(0.697972176188626,0.716124878262523,0.));
#7204=DIRECTION('',(-0.697972176188626,-0.716124878262523,0.));
#7205=DIRECTION('center_axis',(-0.697972176188621,-0.716124878262528,0.));
#7206=DIRECTION('ref_axis',(-0.716124878262528,0.697972176188621,0.));
#7207=DIRECTION('',(0.716124878262528,-0.697972176188621,0.));
#7208=DIRECTION('',(0.,0.,-1.));
#7209=DIRECTION('center_axis',(0.716124878262523,-0.697972176188626,0.));
#7210=DIRECTION('ref_axis',(-0.697972176188626,-0.716124878262523,0.));
#7211=DIRECTION('center_axis',(-0.697972176188626,-0.716124878262523,0.));
#7212=DIRECTION('ref_axis',(-0.716124878262523,0.697972176188626,0.));
#7213=DIRECTION('',(0.,0.,-1.));
#7214=DIRECTION('',(0.,0.,-1.));
#7215=DIRECTION('center_axis',(0.716124878262523,-0.697972176188626,0.));
#7216=DIRECTION('ref_axis',(-0.697972176188626,-0.716124878262523,0.));
#7217=DIRECTION('',(0.,0.,-1.));
#7218=DIRECTION('center_axis',(0.697972176188626,0.716124878262523,0.));
#7219=DIRECTION('ref_axis',(0.716124878262523,-0.697972176188626,0.));
#7220=DIRECTION('',(0.,0.,1.));
#7221=DIRECTION('center_axis',(-0.697972176188625,-0.716124878262524,0.));
#7222=DIRECTION('ref_axis',(-0.716124878262524,0.697972176188625,0.));
#7223=DIRECTION('',(0.,0.,-1.));
#7224=DIRECTION('',(0.,0.,-1.));
#7225=DIRECTION('center_axis',(0.716124878262525,-0.697972176188624,0.));
#7226=DIRECTION('ref_axis',(-0.697972176188624,-0.716124878262525,0.));
#7227=DIRECTION('center_axis',(0.,0.,-1.));
#7228=DIRECTION('ref_axis',(-1.,0.,0.));
#7229=DIRECTION('',(-0.697972176188624,-0.716124878262525,0.));
#7230=DIRECTION('center_axis',(0.,0.,-1.));
#7231=DIRECTION('ref_axis',(-1.,0.,0.));
#7232=DIRECTION('',(-0.697972176188624,-0.716124878262525,0.));
#7233=DIRECTION('center_axis',(0.,0.,-1.));
#7234=DIRECTION('ref_axis',(-1.,0.,0.));
#7235=DIRECTION('',(-0.909990684535139,0.414628694206357,0.));
#7236=DIRECTION('center_axis',(-0.716124878262525,0.697972176188624,0.));
#7237=DIRECTION('ref_axis',(0.697972176188624,0.716124878262525,0.));
#7238=DIRECTION('center_axis',(-0.716124878262525,0.697972176188624,0.));
#7239=DIRECTION('ref_axis',(0.697972176188624,0.716124878262525,0.));
#7240=DIRECTION('center_axis',(-0.716124878262525,0.697972176188624,0.));
#7241=DIRECTION('ref_axis',(0.697972176188624,0.716124878262525,0.));
#7242=DIRECTION('center_axis',(0.,0.,-1.));
#7243=DIRECTION('ref_axis',(0.998608728595588,-0.0527314628348452,0.));
#7244=DIRECTION('',(0.,0.,1.));
#7245=DIRECTION('',(0.,0.,-1.));
#7246=DIRECTION('center_axis',(0.,0.,-1.));
#7247=DIRECTION('ref_axis',(0.34202014332569,-0.939692620785901,0.));
#7248=DIRECTION('',(0.,0.,-1.));
#7249=DIRECTION('',(0.,0.,1.));
#7250=DIRECTION('center_axis',(0.,0.,-1.));
#7251=DIRECTION('ref_axis',(0.785876026652879,-0.618384080270736,0.));
#7252=DIRECTION('',(0.,0.,-1.));
#7253=DIRECTION('',(0.,0.,1.));
#7254=DIRECTION('center_axis',(0.,0.,-1.));
#7255=DIRECTION('ref_axis',(0.880062588809653,-0.474857704768125,0.));
#7256=DIRECTION('',(0.,0.,1.));
#7257=DIRECTION('',(0.,0.,-1.));
#7258=DIRECTION('center_axis',(0.,0.,-1.));
#7259=DIRECTION('ref_axis',(-0.573576436351057,0.819152044288984,0.));
#7260=DIRECTION('',(0.,0.,1.));
#7261=DIRECTION('',(0.,0.,-1.));
#7262=DIRECTION('center_axis',(0.,0.,-1.));
#7263=DIRECTION('ref_axis',(0.697972176161157,0.716124878289296,0.));
#7264=DIRECTION('',(0.,0.,-1.));
#7265=DIRECTION('',(0.,0.,1.));
#7266=DIRECTION('center_axis',(0.,0.,-1.));
#7267=DIRECTION('ref_axis',(-0.342020143325681,0.939692620785904,0.));
#7268=DIRECTION('',(0.,0.,1.));
#7269=DIRECTION('',(0.,0.,-1.));
#7270=DIRECTION('center_axis',(0.,0.,-1.));
#7271=DIRECTION('ref_axis',(0.981627008764733,0.190809894040122,0.));
#7272=DIRECTION('',(0.,0.,1.));
#7273=DIRECTION('',(0.,0.,-1.));
#7274=DIRECTION('center_axis',(0.,0.,-1.));
#7275=DIRECTION('ref_axis',(0.981627183447664,0.190808995376547,0.));
#7276=DIRECTION('',(0.,0.,-1.));
#7277=DIRECTION('',(0.,0.,1.));
#7278=DIRECTION('center_axis',(0.,0.,-1.));
#7279=DIRECTION('ref_axis',(0.573576436351022,-0.819152044289009,0.));
#7280=DIRECTION('',(0.,0.,-1.));
#7281=DIRECTION('',(0.,0.,1.));
#7282=DIRECTION('center_axis',(0.,0.,-1.));
#7283=DIRECTION('ref_axis',(-0.697972176161169,-0.716124878289284,0.));
#7284=DIRECTION('',(0.,0.,-1.));
#7285=DIRECTION('',(0.,0.,1.));
#7286=DIRECTION('center_axis',(0.0527314628348462,0.998608728595588,0.));
#7287=DIRECTION('ref_axis',(0.998608728595588,-0.0527314628348462,0.));
#7288=DIRECTION('',(0.,0.,1.));
#7289=DIRECTION('center_axis',(-0.9396926207859,-0.342020143325693,0.));
#7290=DIRECTION('ref_axis',(-0.342020143325693,0.939692620785899,0.));
#7291=DIRECTION('',(0.,0.,1.));
#7292=DIRECTION('center_axis',(-0.618384080270735,-0.78587602665288,0.));
#7293=DIRECTION('ref_axis',(-0.78587602665288,0.618384080270735,0.));
#7294=DIRECTION('',(0.,0.,1.));
#7295=DIRECTION('center_axis',(0.474857704768124,0.880062588809653,0.));
#7296=DIRECTION('ref_axis',(0.880062588809653,-0.474857704768124,0.));
#7297=DIRECTION('',(0.,0.,1.));
#7298=DIRECTION('center_axis',(0.819152044288985,0.573576436351056,0.));
#7299=DIRECTION('ref_axis',(0.573576436351056,-0.819152044288985,0.));
#7300=DIRECTION('',(0.,0.,-1.));
#7301=DIRECTION('center_axis',(-0.716124878289289,0.697972176161165,0.));
#7302=DIRECTION('ref_axis',(0.697972176161165,0.716124878289288,0.));
#7303=DIRECTION('',(0.,0.,1.));
#7304=DIRECTION('center_axis',(-0.939692620785904,-0.342020143325681,0.));
#7305=DIRECTION('ref_axis',(-0.342020143325681,0.939692620785904,0.));
#7306=DIRECTION('',(0.,0.,1.));
#7307=DIRECTION('center_axis',(-0.190809894040122,0.981627008764733,0.));
#7308=DIRECTION('ref_axis',(0.981627008764733,0.190809894040122,0.));
#7309=DIRECTION('',(0.,0.,-1.));
#7310=DIRECTION('center_axis',(0.190808995376548,-0.981627183447664,0.));
#7311=DIRECTION('ref_axis',(-0.981627183447663,-0.190808995376548,0.));
#7312=DIRECTION('center_axis',(0.819152044289009,0.573576436351022,0.));
#7313=DIRECTION('ref_axis',(0.573576436351022,-0.819152044289009,0.));
#7314=DIRECTION('',(0.,0.,-1.));
#7315=DIRECTION('center_axis',(-0.716124878289285,0.697972176161168,0.));
#7316=DIRECTION('ref_axis',(0.697972176161168,0.716124878289285,0.));
#7317=DIRECTION('center_axis',(-0.716124878289285,0.697972176161168,0.));
#7318=DIRECTION('ref_axis',(0.697972176161168,0.716124878289285,0.));
#7319=DIRECTION('',(0.,0.,1.));
#7320=DIRECTION('center_axis',(0.0527314628348462,0.998608728595588,0.));
#7321=DIRECTION('ref_axis',(0.998608728595588,-0.0527314628348462,0.));
#7322=DIRECTION('center_axis',(-0.716124878289285,0.697972176161169,0.));
#7323=DIRECTION('ref_axis',(0.697972176161169,0.716124878289285,0.));
#7324=DIRECTION('center_axis',(-0.9396926207859,-0.342020143325693,0.));
#7325=DIRECTION('ref_axis',(-0.342020143325693,0.939692620785899,0.));
#7326=DIRECTION('',(0.,0.,1.));
#7327=DIRECTION('center_axis',(-0.716124878289285,0.697972176161169,0.));
#7328=DIRECTION('ref_axis',(0.697972176161169,0.716124878289285,0.));
#7329=DIRECTION('',(0.,0.,1.));
#7330=DIRECTION('center_axis',(0.939692620785912,0.342020143325658,0.));
#7331=DIRECTION('ref_axis',(0.342020143325658,-0.939692620785912,0.));
#7332=DIRECTION('center_axis',(0.939692620785912,0.342020143325658,0.));
#7333=DIRECTION('ref_axis',(0.342020143325658,-0.939692620785912,0.));
#7334=DIRECTION('',(0.,0.,1.));
#7335=DIRECTION('center_axis',(0.474857704768124,0.880062588809653,0.));
#7336=DIRECTION('ref_axis',(0.880062588809653,-0.474857704768124,0.));
#7337=DIRECTION('center_axis',(0.190808995376548,-0.981627183447664,0.));
#7338=DIRECTION('ref_axis',(-0.981627183447663,-0.190808995376548,0.));
#7339=DIRECTION('',(0.,0.,1.));
#7340=DIRECTION('center_axis',(-0.939692620785904,-0.342020143325681,0.));
#7341=DIRECTION('ref_axis',(-0.342020143325681,0.939692620785904,0.));
#7342=DIRECTION('center_axis',(-0.972978455159867,-0.230895919831248,0.));
#7343=DIRECTION('ref_axis',(-0.230895919831248,0.972978455159867,0.));
#7344=DIRECTION('center_axis',(-0.618384080270735,-0.78587602665288,0.));
#7345=DIRECTION('ref_axis',(-0.78587602665288,0.618384080270735,0.));
#7346=DIRECTION('',(0.,0.,1.));
#7347=DIRECTION('center_axis',(-0.972978455159867,-0.230895919831248,0.));
#7348=DIRECTION('ref_axis',(-0.230895919831248,0.972978455159867,0.));
#7349=DIRECTION('',(0.,0.,-1.));
#7350=DIRECTION('center_axis',(-0.190809894040122,0.981627008764733,0.));
#7351=DIRECTION('ref_axis',(0.981627008764733,0.190809894040122,0.));
#7352=DIRECTION('center_axis',(-0.573576436351054,0.819152044288987,0.));
#7353=DIRECTION('ref_axis',(0.819152044288987,0.573576436351053,0.));
#7354=DIRECTION('',(0.,0.,1.));
#7355=DIRECTION('center_axis',(0.81915204428899,0.573576436351049,0.));
#7356=DIRECTION('ref_axis',(0.573576436351049,-0.81915204428899,0.));
#7357=DIRECTION('',(0.,0.,1.));
#7358=DIRECTION('center_axis',(0.573576436351045,-0.819152044288993,0.));
#7359=DIRECTION('ref_axis',(-0.819152044288993,-0.573576436351045,0.));
#7360=DIRECTION('',(0.,0.,-1.));
#7361=DIRECTION('center_axis',(0.819152044288977,0.573576436351067,0.));
#7362=DIRECTION('ref_axis',(0.573576436351067,-0.819152044288977,0.));
#7363=DIRECTION('',(0.,0.,-1.));
#7364=DIRECTION('center_axis',(-0.573576436351032,0.819152044289002,0.));
#7365=DIRECTION('ref_axis',(0.819152044289002,0.573576436351032,0.));
#7366=DIRECTION('',(0.,0.,1.));
#7367=DIRECTION('center_axis',(0.81915204428899,0.573576436351049,0.));
#7368=DIRECTION('ref_axis',(0.573576436351049,-0.819152044288989,0.));
#7369=DIRECTION('',(0.,0.,1.));
#7370=DIRECTION('center_axis',(0.573576436351051,-0.819152044288988,0.));
#7371=DIRECTION('ref_axis',(-0.819152044288988,-0.573576436351051,0.));
#7372=DIRECTION('',(0.,0.,-1.));
#7373=DIRECTION('center_axis',(0.819152044289,0.573576436351035,0.));
#7374=DIRECTION('ref_axis',(0.573576436351035,-0.819152044289,0.));
#7375=DIRECTION('',(0.,0.,-1.));
#7376=DIRECTION('center_axis',(-0.573576436351047,0.819152044288991,0.));
#7377=DIRECTION('ref_axis',(0.819152044288991,0.573576436351047,0.));
#7378=DIRECTION('',(0.,0.,1.));
#7379=DIRECTION('center_axis',(0.819152044288982,0.57357643635106,0.));
#7380=DIRECTION('ref_axis',(0.57357643635106,-0.819152044288982,0.));
#7381=DIRECTION('',(0.,0.,1.));
#7382=DIRECTION('center_axis',(0.57357643635104,-0.819152044288996,0.));
#7383=DIRECTION('ref_axis',(-0.819152044288996,-0.57357643635104,0.));
#7384=DIRECTION('',(0.,0.,-1.));
#7385=DIRECTION('center_axis',(0.819152044288989,0.57357643635105,0.));
#7386=DIRECTION('ref_axis',(0.57357643635105,-0.819152044288989,0.));
#7387=DIRECTION('',(0.,0.,-1.));
#7388=DIRECTION('center_axis',(-0.573576436351037,0.819152044288998,0.));
#7389=DIRECTION('ref_axis',(0.819152044288998,0.573576436351037,0.));
#7390=DIRECTION('center_axis',(0.819152044289009,0.573576436351022,0.));
#7391=DIRECTION('ref_axis',(0.573576436351022,-0.819152044289009,0.));
#7392=DIRECTION('',(0.,0.,-1.));
#7393=DIRECTION('center_axis',(-0.573576436351037,0.819152044288998,0.));
#7394=DIRECTION('ref_axis',(0.819152044288998,0.573576436351037,0.));
#7395=DIRECTION('',(0.,0.,-1.));
#7396=DIRECTION('center_axis',(0.819152044288989,0.57357643635105,0.));
#7397=DIRECTION('ref_axis',(0.57357643635105,-0.819152044288989,0.));
#7398=DIRECTION('',(0.,0.,-1.));
#7399=DIRECTION('center_axis',(0.57357643635104,-0.819152044288996,0.));
#7400=DIRECTION('ref_axis',(-0.819152044288996,-0.57357643635104,0.));
#7401=DIRECTION('',(0.,0.,1.));
#7402=DIRECTION('center_axis',(0.819152044288982,0.57357643635106,0.));
#7403=DIRECTION('ref_axis',(0.57357643635106,-0.819152044288982,0.));
#7404=DIRECTION('',(0.,0.,1.));
#7405=DIRECTION('center_axis',(-0.573576436351047,0.819152044288991,0.));
#7406=DIRECTION('ref_axis',(0.819152044288991,0.573576436351047,0.));
#7407=DIRECTION('',(0.,0.,-1.));
#7408=DIRECTION('center_axis',(0.819152044289,0.573576436351035,0.));
#7409=DIRECTION('ref_axis',(0.573576436351035,-0.819152044289,0.));
#7410=DIRECTION('',(0.,0.,-1.));
#7411=DIRECTION('center_axis',(0.573576436351051,-0.819152044288988,0.));
#7412=DIRECTION('ref_axis',(-0.819152044288988,-0.573576436351051,0.));
#7413=DIRECTION('',(0.,0.,1.));
#7414=DIRECTION('center_axis',(0.81915204428899,0.573576436351049,0.));
#7415=DIRECTION('ref_axis',(0.573576436351049,-0.819152044288989,0.));
#7416=DIRECTION('',(0.,0.,1.));
#7417=DIRECTION('center_axis',(-0.573576436351032,0.819152044289002,0.));
#7418=DIRECTION('ref_axis',(0.819152044289002,0.573576436351032,0.));
#7419=DIRECTION('',(0.,0.,-1.));
#7420=DIRECTION('center_axis',(0.819152044288977,0.573576436351067,0.));
#7421=DIRECTION('ref_axis',(0.573576436351067,-0.819152044288977,0.));
#7422=DIRECTION('',(0.,0.,-1.));
#7423=DIRECTION('center_axis',(0.573576436351045,-0.819152044288993,0.));
#7424=DIRECTION('ref_axis',(-0.819152044288993,-0.573576436351045,0.));
#7425=DIRECTION('',(0.,0.,1.));
#7426=DIRECTION('center_axis',(0.81915204428899,0.573576436351049,0.));
#7427=DIRECTION('ref_axis',(0.573576436351049,-0.81915204428899,0.));
#7428=DIRECTION('',(0.,0.,1.));
#7429=DIRECTION('center_axis',(-0.573576436351054,0.819152044288987,0.));
#7430=DIRECTION('ref_axis',(0.819152044288987,0.573576436351053,0.));
#7431=DIRECTION('',(0.,0.,-1.));
#7432=DIRECTION('center_axis',(0.819152044288985,0.573576436351056,0.));
#7433=DIRECTION('ref_axis',(0.573576436351056,-0.819152044288985,0.));
#7434=DIRECTION('center_axis',(0.605698962067407,-0.795693890482054,0.));
#7435=DIRECTION('ref_axis',(0.795693890482054,0.605698962067407,0.));
#7436=DIRECTION('',(0.,0.,1.));
#7437=DIRECTION('',(0.795693890482054,0.605698962067407,0.));
#7438=DIRECTION('center_axis',(0.716124878263361,0.697972176187766,0.));
#7439=DIRECTION('ref_axis',(-0.697972176187766,0.716124878263361,0.));
#7440=DIRECTION('',(0.,0.,1.));
#7441=DIRECTION('',(0.,0.,1.));
#7442=DIRECTION('',(0.,0.,1.));
#7443=DIRECTION('center_axis',(-0.190808995376546,-0.981627183447664,0.));
#7444=DIRECTION('ref_axis',(0.981627183447664,-0.190808995376546,0.));
#7445=DIRECTION('',(0.,0.,1.));
#7446=DIRECTION('',(0.,0.,1.));
#7447=DIRECTION('center_axis',(0.190808995409369,0.981627183441284,0.));
#7448=DIRECTION('ref_axis',(-0.981627183441284,0.190808995409369,0.));
#7449=DIRECTION('',(0.,0.,1.));
#7450=DIRECTION('',(0.,0.,1.));
#7451=DIRECTION('center_axis',(-0.190808995376461,-0.98162718344768,0.));
#7452=DIRECTION('ref_axis',(0.98162718344768,-0.190808995376461,0.));
#7453=DIRECTION('',(0.,0.,1.));
#7454=DIRECTION('',(0.,0.,1.));
#7455=DIRECTION('center_axis',(0.190808995409681,0.981627183441223,0.));
#7456=DIRECTION('ref_axis',(-0.981627183441223,0.190808995409681,0.));
#7457=DIRECTION('',(0.,0.,1.));
#7458=DIRECTION('',(0.,0.,1.));
#7459=DIRECTION('center_axis',(0.99982304507151,0.0188116597867968,0.));
#7460=DIRECTION('ref_axis',(-0.0188116597867968,0.99982304507151,0.));
#7461=DIRECTION('',(0.,0.,1.));
#7462=DIRECTION('center_axis',(0.528538001793926,-0.848909642223296,0.));
#7463=DIRECTION('ref_axis',(0.848909642223296,0.528538001793926,0.));
#7464=DIRECTION('',(0.,0.,1.));
#7465=DIRECTION('center_axis',(-0.744762254867504,0.667329891226724,0.));
#7466=DIRECTION('ref_axis',(-0.667329891226724,-0.744762254867504,0.));
#7467=DIRECTION('center_axis',(0.190808995376565,0.98162718344766,0.));
#7468=DIRECTION('ref_axis',(-0.98162718344766,0.190808995376565,0.));
#7469=DIRECTION('',(0.,0.,1.));
#7470=DIRECTION('center_axis',(-0.716124878263361,0.697972176187767,0.));
#7471=DIRECTION('ref_axis',(-0.697972176187767,-0.716124878263361,0.));
#7472=DIRECTION('',(0.,0.,-1.));
#7473=DIRECTION('center_axis',(-0.528538001793926,-0.848909642223296,0.));
#7474=DIRECTION('ref_axis',(0.848909642223296,-0.528538001793926,0.));
#7475=DIRECTION('',(0.,0.,-1.));
#7476=DIRECTION('center_axis',(-0.99982304507151,0.0188116597867973,0.));
#7477=DIRECTION('ref_axis',(-0.0188116597867973,-0.99982304507151,0.));
#7478=DIRECTION('',(0.,0.,-1.));
#7479=DIRECTION('',(0.,0.,-1.));
#7480=DIRECTION('center_axis',(-0.190808995409681,0.981627183441223,0.));
#7481=DIRECTION('ref_axis',(-0.981627183441223,-0.190808995409681,0.));
#7482=DIRECTION('',(0.,0.,-1.));
#7483=DIRECTION('',(0.,0.,-1.));
#7484=DIRECTION('center_axis',(0.190808995376461,-0.98162718344768,0.));
#7485=DIRECTION('ref_axis',(0.98162718344768,0.190808995376461,0.));
#7486=DIRECTION('',(0.,0.,-1.));
#7487=DIRECTION('',(0.,0.,-1.));
#7488=DIRECTION('center_axis',(-0.190808995409369,0.981627183441284,0.));
#7489=DIRECTION('ref_axis',(-0.981627183441284,-0.190808995409369,0.));
#7490=DIRECTION('',(0.,0.,-1.));
#7491=DIRECTION('',(0.,0.,-1.));
#7492=DIRECTION('center_axis',(0.190808995376545,-0.981627183447664,0.));
#7493=DIRECTION('ref_axis',(0.981627183447664,0.190808995376545,0.));
#7494=DIRECTION('',(0.,0.,-1.));
#7495=DIRECTION('',(0.,0.,-1.));
#7496=DIRECTION('center_axis',(-0.190808995376565,0.98162718344766,0.));
#7497=DIRECTION('ref_axis',(-0.98162718344766,-0.190808995376565,0.));
#7498=DIRECTION('',(0.,0.,-1.));
#7499=DIRECTION('',(0.,0.,-1.));
#7500=DIRECTION('center_axis',(-0.605698962067407,-0.795693890482053,0.));
#7501=DIRECTION('ref_axis',(0.795693890482053,-0.605698962067407,0.));
#7502=DIRECTION('',(0.795693890482053,-0.605698962067407,0.));
#7503=DIRECTION('center_axis',(-0.605698978632289,-0.795693877872516,0.));
#7504=DIRECTION('ref_axis',(-0.795693877872516,0.605698978632289,0.));
#7505=DIRECTION('',(0.795693877872516,-0.605698978632289,0.));
#7506=DIRECTION('',(0.795693877872516,-0.605698978632289,0.));
#7507=DIRECTION('center_axis',(0.,0.,-1.));
#7508=DIRECTION('ref_axis',(-1.,0.,0.));
#7509=DIRECTION('center_axis',(0.605685858905833,-0.795703864714445,0.));
#7510=DIRECTION('ref_axis',(-0.795703864714445,-0.605685858905833,0.));
#7511=DIRECTION('',(0.795703864714445,0.605685858905833,0.));
#7512=DIRECTION('',(0.795703864714445,0.605685858905833,0.));
#7513=DIRECTION('center_axis',(-0.414628694206357,0.909990684535139,0.));
#7514=DIRECTION('ref_axis',(0.909990684535139,0.414628694206357,1.27969235893658E-16));
#7515=DIRECTION('',(0.,0.,1.));
#7516=DIRECTION('center_axis',(0.,0.,-1.));
#7517=DIRECTION('ref_axis',(-1.,0.,0.));
#7518=DIRECTION('',(0.414628694206359,-0.909990684535139,0.));
#7519=DIRECTION('center_axis',(-0.909990684535139,-0.414628694206359,0.));
#7520=DIRECTION('ref_axis',(-0.414628694206359,0.909990684535139,0.));
#7521=DIRECTION('',(0.,0.,1.));
#7522=DIRECTION('center_axis',(0.909990684535138,-0.414628694206359,0.));
#7523=DIRECTION('ref_axis',(-0.414628694206359,-0.909990684535138,0.));
#7524=DIRECTION('',(0.414628694206359,0.909990684535138,0.));
#7525=DIRECTION('',(0.,0.,-1.));
#7526=DIRECTION('center_axis',(0.414628694206357,0.909990684535139,0.));
#7527=DIRECTION('ref_axis',(0.909990684535139,-0.414628694206357,-1.27969235893658E-16));
#7528=DIRECTION('',(0.,0.,1.));
#7529=DIRECTION('center_axis',(0.,0.,-1.));
#7530=DIRECTION('ref_axis',(-1.,0.,0.));
#7531=DIRECTION('center_axis',(-0.954146891765701,0.299338786216976,0.));
#7532=DIRECTION('ref_axis',(0.299338786216976,0.954146891765701,2.38809575418279E-17));
#7533=DIRECTION('center_axis',(-0.615661475325737,-0.788010753606661,0.));
#7534=DIRECTION('ref_axis',(-0.788010753606661,0.615661475325737,0.));
#7535=DIRECTION('',(0.788010753606661,-0.615661475325737,0.));
#7536=DIRECTION('center_axis',(0.954146891765701,0.299338786216976,0.));
#7537=DIRECTION('ref_axis',(0.299338786216976,-0.954146891765701,-2.38809575418279E-17));
#7538=DIRECTION('',(0.,0.,1.));
#7539=DIRECTION('center_axis',(0.615661475325737,-0.788010753606661,0.));
#7540=DIRECTION('ref_axis',(-0.788010753606661,-0.615661475325737,0.));
#7541=DIRECTION('',(0.788010753606661,0.615661475325736,0.));
#7542=DIRECTION('center_axis',(0.,0.,-1.));
#7543=DIRECTION('ref_axis',(-1.,0.,0.));
#7544=DIRECTION('center_axis',(0.,0.,-1.));
#7545=DIRECTION('ref_axis',(-1.,0.,0.));
#7546=DIRECTION('',(-0.76598932161931,-0.642853295212205,0.));
#7547=DIRECTION('',(-0.765989321619309,0.642853295212205,0.));
#7548=DIRECTION('center_axis',(-0.642853295212205,0.76598932161931,0.));
#7549=DIRECTION('ref_axis',(0.76598932161931,0.642853295212205,0.));
#7550=DIRECTION('',(0.,0.,1.));
#7551=DIRECTION('center_axis',(0.642853295212205,0.765989321619309,0.));
#7552=DIRECTION('ref_axis',(0.765989321619309,-0.642853295212205,0.));
#7553=DIRECTION('center_axis',(0.,0.,-1.));
#7554=DIRECTION('ref_axis',(-1.,0.,0.));
#7555=DIRECTION('',(0.,0.,1.));
#7556=DIRECTION('',(1.,0.,0.));
#7557=CARTESIAN_POINT('',(0.,0.,0.));
#7558=CARTESIAN_POINT('',(0.,0.,0.));
#7559=CARTESIAN_POINT('Origin',(0.185747,10.879382,1.56));
#7560=CARTESIAN_POINT('',(-3.064253,10.879382,1.56));
#7561=CARTESIAN_POINT('Origin',(0.185747,10.879382,1.56));
#7562=CARTESIAN_POINT('',(-3.064253,10.879382,4.56));
#7563=CARTESIAN_POINT('',(-3.064253,10.879382,1.56));
#7564=CARTESIAN_POINT('Origin',(0.185747,10.879382,4.56));
#7565=CARTESIAN_POINT('Origin',(0.185746999999999,10.879382,4.56));
#7566=CARTESIAN_POINT('Origin',(0.185747000000003,-3.0733052486562,6.16));
#7567=CARTESIAN_POINT('',(-0.814252999999997,-5.36459309613412,4.56));
#7568=CARTESIAN_POINT('',(-0.814252999999997,-5.36459309613412,6.16));
#7569=CARTESIAN_POINT('',(-0.814252999999997,-5.36459309613412,6.16));
#7570=CARTESIAN_POINT('',(1.185747,-5.36459309613412,4.56));
#7571=CARTESIAN_POINT('Origin',(0.185747000000003,-3.0733052486562,4.56));
#7572=CARTESIAN_POINT('',(1.185747,-5.36459309613412,6.16));
#7573=CARTESIAN_POINT('',(1.185747,-5.36459309613412,6.16));
#7574=CARTESIAN_POINT('Origin',(0.185747000000003,-3.0733052486562,6.16));
#7575=CARTESIAN_POINT('Origin',(-0.814252999999998,-3.0733052486562,6.16));
#7576=CARTESIAN_POINT('',(-0.814252999999997,-8.95293188855277,6.16));
#7577=CARTESIAN_POINT('',(-0.814252999999998,-2.8301488743281,6.16));
#7578=CARTESIAN_POINT('',(-0.814252999999997,-8.95293188855277,4.56));
#7579=CARTESIAN_POINT('',(-0.814252999999997,-8.95293188855277,5.36));
#7580=CARTESIAN_POINT('',(-0.814252999999998,-2.8301488743281,4.56));
#7581=CARTESIAN_POINT('Origin',(0.185746500000006,-2.58699249999999,6.16));
#7582=CARTESIAN_POINT('',(1.185747,-8.95293188855276,6.16));
#7583=CARTESIAN_POINT('',(1.185747,-2.8301488743281,6.16));
#7584=CARTESIAN_POINT('',(9.27077564294488,0.0702277839730094,6.16));
#7585=CARTESIAN_POINT('',(6.58753928681968,-2.92435283530174,6.16));
#7586=CARTESIAN_POINT('',(25.3676621790242,24.8211172108937,6.16000000000001));
#7587=CARTESIAN_POINT('Ctrl Pts',(9.27077564294487,0.0702277839730053,6.16000000000001));
#7588=CARTESIAN_POINT('Ctrl Pts',(14.2254734616632,8.39974212860298,6.16000000000001));
#7589=CARTESIAN_POINT('Ctrl Pts',(19.3529591980206,16.3870768325256,6.16000000000001));
#7590=CARTESIAN_POINT('Ctrl Pts',(24.6929537048575,23.8787665120031,6.16000000000001));
#7591=CARTESIAN_POINT('Ctrl Pts',(24.9171268971615,24.1932679574725,6.16000000000001));
#7592=CARTESIAN_POINT('Ctrl Pts',(25.1417370950529,24.5069772252891,6.16000000000001));
#7593=CARTESIAN_POINT('Ctrl Pts',(25.3667899140671,24.8198981389725,6.16000000000001));
#7594=CARTESIAN_POINT('',(29.2267372429204,25.0984827404951,6.16));
#7595=CARTESIAN_POINT('Ctrl Pts',(29.2267372429204,25.0984827404951,6.16));
#7596=CARTESIAN_POINT('Ctrl Pts',(28.5835580656044,25.0522551522282,6.16));
#7597=CARTESIAN_POINT('Ctrl Pts',(27.9403788882884,25.0060275639613,6.16));
#7598=CARTESIAN_POINT('Ctrl Pts',(26.6540205336563,24.9135723874275,6.16));
#7599=CARTESIAN_POINT('Ctrl Pts',(26.0108413563403,24.8673447991606,6.16));
#7600=CARTESIAN_POINT('Ctrl Pts',(25.3676621790242,24.8211172108937,6.16));
#7601=CARTESIAN_POINT('',(39.8712030736739,14.177178056315,6.16));
#7602=CARTESIAN_POINT('',(34.3941788023599,19.7966475328247,6.16));
#7603=CARTESIAN_POINT('',(33.5998066303429,10.272555962573,6.16));
#7604=CARTESIAN_POINT('',(18.6750082633944,0.980255918265913,6.16));
#7605=CARTESIAN_POINT('',(33.6334871352145,8.48246697936037,6.16));
#7606=CARTESIAN_POINT('',(33.7316679451159,3.26424394982925,6.16));
#7607=CARTESIAN_POINT('',(33.6297379857542,2.70263424397232,6.16));
#7608=CARTESIAN_POINT('Ctrl Pts',(33.6334871352145,8.48246697936037,6.16));
#7609=CARTESIAN_POINT('Ctrl Pts',(33.6694961281301,6.56862092032671,6.16));
#7610=CARTESIAN_POINT('Ctrl Pts',(33.6661601781776,4.63956595953831,6.16));
#7611=CARTESIAN_POINT('Ctrl Pts',(33.6297379857542,2.70263424397232,6.16));
#7612=CARTESIAN_POINT('',(43.2578622992854,0.83111646315437,6.16));
#7613=CARTESIAN_POINT('',(22.8260023006607,4.80266772666145,6.16));
#7614=CARTESIAN_POINT('',(40.0850494232738,-8.73931813855443,6.16));
#7615=CARTESIAN_POINT('Ctrl Pts',(43.2578622992854,0.831116463154346,6.16));
#7616=CARTESIAN_POINT('Ctrl Pts',(42.2168301153828,-2.22026727827031,6.16000000000001));
#7617=CARTESIAN_POINT('Ctrl Pts',(41.1819723726952,-5.32753457868427,6.16));
#7618=CARTESIAN_POINT('Ctrl Pts',(40.1927458785234,-8.40395304684106,6.16));
#7619=CARTESIAN_POINT('Ctrl Pts',(40.1567853128661,-8.51578764585886,6.16));
#7620=CARTESIAN_POINT('Ctrl Pts',(40.1208861639706,-8.62757659374108,6.16));
#7621=CARTESIAN_POINT('Ctrl Pts',(40.0850494232745,-8.73931813855241,6.16));
#7622=CARTESIAN_POINT('',(33.16549999425,-7.39429398144774,6.16));
#7623=CARTESIAN_POINT('',(16.8257761709498,-4.21817341345112,6.16));
#7624=CARTESIAN_POINT('',(32.3555847615581,-16.4053126625813,6.16));
#7625=CARTESIAN_POINT('Ctrl Pts',(33.16549999425,-7.39429398144774,6.16));
#7626=CARTESIAN_POINT('Ctrl Pts',(32.961829200459,-10.2665592560143,6.16));
#7627=CARTESIAN_POINT('Ctrl Pts',(32.7045479399798,-13.1132128567093,6.16));
#7628=CARTESIAN_POINT('Ctrl Pts',(32.3995341124563,-15.9932093089989,6.16));
#7629=CARTESIAN_POINT('Ctrl Pts',(32.3849944915451,-16.1304950739818,6.16));
#7630=CARTESIAN_POINT('Ctrl Pts',(32.3703442150943,-16.2678645556346,6.16));
#7631=CARTESIAN_POINT('Ctrl Pts',(32.3555847615581,-16.4053126625812,6.16));
#7632=CARTESIAN_POINT('',(37.4152024571716,-17.3888027145488,6.16));
#7633=CARTESIAN_POINT('',(18.0919869232184,-13.6327501048537,6.16));
#7634=CARTESIAN_POINT('',(35.240818913007,-25.1158789286026,6.16));
#7635=CARTESIAN_POINT('Ctrl Pts',(37.4152024571715,-17.3888027145488,6.16));
#7636=CARTESIAN_POINT('Ctrl Pts',(36.6350436997273,-20.029467052884,6.16));
#7637=CARTESIAN_POINT('Ctrl Pts',(35.9067445869766,-22.6141053792217,6.16));
#7638=CARTESIAN_POINT('Ctrl Pts',(35.2408189134977,-25.115878926759,6.16));
#7639=CARTESIAN_POINT('',(31.3969030197813,-24.3686973689779,6.16));
#7640=CARTESIAN_POINT('',(14.3196012230218,-21.0492061664857,6.16));
#7641=CARTESIAN_POINT('',(30.2697287286854,-32.2993304414614,6.16));
#7642=CARTESIAN_POINT('Ctrl Pts',(31.3969030197813,-24.368697368978,6.16));
#7643=CARTESIAN_POINT('Ctrl Pts',(31.0447387887412,-27.0310112555448,6.16));
#7644=CARTESIAN_POINT('Ctrl Pts',(30.6645916466629,-29.686480462217,6.16));
#7645=CARTESIAN_POINT('Ctrl Pts',(30.2697287286854,-32.2993304414614,6.16));
#7646=CARTESIAN_POINT('',(33.3114495713453,-32.8905810791683,6.16));
#7647=CARTESIAN_POINT('',(14.5136385172977,-29.2366567553698,6.16));
#7648=CARTESIAN_POINT('',(31.8176574511023,-40.1049598331192,6.16));
#7649=CARTESIAN_POINT('Ctrl Pts',(33.3114495713453,-32.8905810791683,6.16));
#7650=CARTESIAN_POINT('Ctrl Pts',(32.7393965308292,-35.3933720863524,6.16));
#7651=CARTESIAN_POINT('Ctrl Pts',(32.2413351396642,-37.7977216347509,6.16));
#7652=CARTESIAN_POINT('Ctrl Pts',(31.8176574511023,-40.1049598331192,6.16));
#7653=CARTESIAN_POINT('',(23.9528242695174,-46.0918366357466,6.16));
#7654=CARTESIAN_POINT('',(26.912798980184,-43.8386414919327,6.16));
#7655=CARTESIAN_POINT('',(21.2400710591558,-60.7911307323955,6.16));
#7656=CARTESIAN_POINT('Ctrl Pts',(23.9528242695174,-46.0918366357466,6.16));
#7657=CARTESIAN_POINT('Ctrl Pts',(23.6731229727044,-47.686422641305,6.16));
#7658=CARTESIAN_POINT('Ctrl Pts',(23.3885307032417,-49.2789552667127,6.16));
#7659=CARTESIAN_POINT('Ctrl Pts',(22.4300765552333,-54.5555329188403,6.16));
#7660=CARTESIAN_POINT('Ctrl Pts',(21.8563026120827,-57.5792880408715,6.16));
#7661=CARTESIAN_POINT('Ctrl Pts',(21.2400710591558,-60.7911307323955,6.16));
#7662=CARTESIAN_POINT('',(38.7430154787318,-47.4679757318144,6.16));
#7663=CARTESIAN_POINT('',(36.7380872991079,-48.9941171776095,6.16));
#7664=CARTESIAN_POINT('',(42.4156604658706,-29.3006419863266,6.16));
#7665=CARTESIAN_POINT('Ctrl Pts',(42.4163219651915,-29.2990709270282,6.16));
#7666=CARTESIAN_POINT('Ctrl Pts',(40.6656610525142,-36.1289058820524,6.16));
#7667=CARTESIAN_POINT('Ctrl Pts',(39.4420930191649,-42.2020825361522,6.16));
#7668=CARTESIAN_POINT('Ctrl Pts',(38.7430844707441,-47.4677833335554,6.16));
#7669=CARTESIAN_POINT('',(40.6918178545848,-25.5173034480291,6.16));
#7670=CARTESIAN_POINT('',(33.7460014106736,-10.2732348421442,6.16));
#7671=CARTESIAN_POINT('',(47.6499310717652,-3.33821271732029,6.16));
#7672=CARTESIAN_POINT('',(42.1516701683396,-20.8640021996019,6.16));
#7673=CARTESIAN_POINT('',(50.7738240759817,-1.91484025956781,6.16));
#7674=CARTESIAN_POINT('',(28.1395085976312,-12.2279531633964,6.16));
#7675=CARTESIAN_POINT('',(56.4972890244291,14.3045340901488,6.16));
#7676=CARTESIAN_POINT('Ctrl Pts',(56.4965211475737,14.3028517099114,6.16));
#7677=CARTESIAN_POINT('Ctrl Pts',(56.237135831757,13.5866029377126,6.16));
#7678=CARTESIAN_POINT('Ctrl Pts',(55.9719424456679,12.8526033673403,6.16));
#7679=CARTESIAN_POINT('Ctrl Pts',(55.7016234545077,12.1022965162353,6.16));
#7680=CARTESIAN_POINT('Ctrl Pts',(54.155201569278,7.80999381783328,6.16));
#7681=CARTESIAN_POINT('Ctrl Pts',(52.4531318344027,3.00982502040403,6.16));
#7682=CARTESIAN_POINT('Ctrl Pts',(50.7749790895413,-1.91259240740893,6.16));
#7683=CARTESIAN_POINT('',(52.9200699891548,10.8179922445261,6.16));
#7684=CARTESIAN_POINT('',(37.8365384173605,-3.8831942040133,6.16));
#7685=CARTESIAN_POINT('',(49.4302091082117,14.3986166358387,6.16));
#7686=CARTESIAN_POINT('',(43.4250493340086,20.5599572436138,6.16));
#7687=CARTESIAN_POINT('',(53.0108334995243,17.8884775167819,6.16));
#7688=CARTESIAN_POINT('',(32.5580680187804,-2.04584073551207,6.16));
#7689=CARTESIAN_POINT('',(49.5209726185811,21.4691019080945,6.16));
#7690=CARTESIAN_POINT('',(45.2607432848497,25.8401303202133,6.16));
#7691=CARTESIAN_POINT('',(53.1015970098938,24.9589627890376,6.16));
#7692=CARTESIAN_POINT('',(30.8585193334936,3.27971409627215,6.16));
#7693=CARTESIAN_POINT('',(58.3981165713288,19.5246925479805,6.16));
#7694=CARTESIAN_POINT('',(47.0964372356907,31.1203033968127,6.16));
#7695=CARTESIAN_POINT('',(62.196248885309,29.9549969987618,6.16));
#7696=CARTESIAN_POINT('Ctrl Pts',(62.1952956446263,29.952309773065,6.16));
#7697=CARTESIAN_POINT('Ctrl Pts',(61.8615945765545,28.9997311912516,6.16));
#7698=CARTESIAN_POINT('Ctrl Pts',(61.254193737043,27.3258816040246,6.16));
#7699=CARTESIAN_POINT('Ctrl Pts',(60.3692718527292,24.9076852504301,6.16));
#7700=CARTESIAN_POINT('Ctrl Pts',(59.8132933660396,23.3883814869884,6.16));
#7701=CARTESIAN_POINT('Ctrl Pts',(59.1465278209118,21.5734147881477,6.16));
#7702=CARTESIAN_POINT('Ctrl Pts',(58.3946271155401,19.5170428103758,6.16));
#7703=CARTESIAN_POINT('',(60.262845792519,31.9386845509239,6.16));
#7704=CARTESIAN_POINT('',(43.1608725708443,49.4854393848294,6.16));
#7705=CARTESIAN_POINT('',(56.6822214012063,28.4488236699807,6.16));
#7706=CARTESIAN_POINT('',(36.2294559204625,8.51450541768684,6.16));
#7707=CARTESIAN_POINT('',(53.1923605202633,32.0294480612933,6.16));
#7708=CARTESIAN_POINT('',(50.6770616270034,34.6101642777558,6.16));
#7709=CARTESIAN_POINT('',(49.6117361289507,28.5395871803502,6.16));
#7710=CARTESIAN_POINT('',(30.9492828438631,10.3501993685278,6.16));
#7711=CARTESIAN_POINT('',(46.1218752480075,32.1202115716628,6.16));
#7712=CARTESIAN_POINT('',(45.3515067952192,32.9106155924691,6.16));
#7713=CARTESIAN_POINT('',(53.2831240306328,39.0999333335491,6.16));
#7714=CARTESIAN_POINT('',(25.6691097672637,12.1858933193689,6.16));
#7715=CARTESIAN_POINT('',(49.7932631496896,42.6805577248617,6.16));
#7716=CARTESIAN_POINT('',(43.1608725708443,49.4854393848294,6.16));
#7717=CARTESIAN_POINT('',(46.212638758377,39.1906968439186,6.16));
#7718=CARTESIAN_POINT('',(25.7598732776332,19.2563785916247,6.16));
#7719=CARTESIAN_POINT('',(42.7227778774339,42.7713212352312,6.16));
#7720=CARTESIAN_POINT('',(45.4422703055887,39.9811008647247,6.16));
#7721=CARTESIAN_POINT('',(39.1421534861213,39.2814603542881,6.16));
#7722=CARTESIAN_POINT('',(20.4797002010337,21.0920725424657,6.16));
#7723=CARTESIAN_POINT('',(42.6320143670644,35.7008359629755,6.16));
#7724=CARTESIAN_POINT('',(40.1167154738045,38.281552179438,6.16));
#7725=CARTESIAN_POINT('',(39.0513899757518,32.2109750820323,6.16));
#7726=CARTESIAN_POINT('',(22.1792488863205,15.7665177106815,6.16));
#7727=CARTESIAN_POINT('',(35.5615290948086,35.791599473345,6.16));
#7728=CARTESIAN_POINT('',(38.2810215229634,33.0013791028385,6.16));
#7729=CARTESIAN_POINT('',(16.8990758097211,17.6022116615226,6.16));
#7730=CARTESIAN_POINT('',(35.6522926051781,42.8620847456007,6.16));
#7731=CARTESIAN_POINT('',(40.1167154738045,38.281552179438,6.16));
#7732=CARTESIAN_POINT('',(39.2329169964908,46.3519456265438,6.16));
#7733=CARTESIAN_POINT('',(15.1995271244343,22.9277664933068,6.16));
#7734=CARTESIAN_POINT('',(35.7430561155476,49.9325700178565,6.16));
#7735=CARTESIAN_POINT('',(41.9524094246456,43.5617252560374,6.16));
#7736=CARTESIAN_POINT('',(39.3236805068602,53.4224308987996,6.16));
#7737=CARTESIAN_POINT('',(13.4999784391474,28.253321325091,6.16));
#7738=CARTESIAN_POINT('',(37.299716023338,55.4990310457313,6.16));
#7739=CARTESIAN_POINT('',(43.1608725708443,49.4854393848294,6.16));
#7740=CARTESIAN_POINT('',(27.509514264092,44.0530292797627,6.16));
#7741=CARTESIAN_POINT('Ctrl Pts',(27.5095776052578,44.0527296510115,6.16));
#7742=CARTESIAN_POINT('Ctrl Pts',(28.4251083110835,45.1775577856037,6.16));
#7743=CARTESIAN_POINT('Ctrl Pts',(29.3462966068204,46.2925062312298,6.16));
#7744=CARTESIAN_POINT('Ctrl Pts',(30.2728451164212,47.3980173955095,6.16));
#7745=CARTESIAN_POINT('Ctrl Pts',(32.5682894678556,50.1368263528379,6.16));
#7746=CARTESIAN_POINT('Ctrl Pts',(34.9043121825713,52.8279497545254,6.16));
#7747=CARTESIAN_POINT('Ctrl Pts',(37.2547863186574,55.4489305609825,6.16));
#7748=CARTESIAN_POINT('Ctrl Pts',(37.2697628868842,55.4656307225654,6.16));
#7749=CARTESIAN_POINT('Ctrl Pts',(37.2847394551111,55.4823308841483,6.16));
#7750=CARTESIAN_POINT('Ctrl Pts',(37.2997160233379,55.4990310457313,6.16));
#7751=CARTESIAN_POINT('',(32.0716682138655,39.3722238646576,6.16));
#7752=CARTESIAN_POINT('',(32.5100836671336,38.9224062017037,6.16));
#7753=CARTESIAN_POINT('',(28.4910438225529,35.8823629837144,6.16));
#7754=CARTESIAN_POINT('',(13.409214928778,21.1828360528352,6.16));
#7755=CARTESIAN_POINT('',(25.0664007910923,39.3960733545051,6.16));
#7756=CARTESIAN_POINT('',(31.2105362507077,33.092142613208,6.16));
#7757=CARTESIAN_POINT('',(22.097427817492,35.5455098649968,6.16));
#7758=CARTESIAN_POINT('Ctrl Pts',(22.097427817492,35.5455098649968,6.16));
#7759=CARTESIAN_POINT('Ctrl Pts',(23.0790864034773,36.8419525621083,6.16));
#7760=CARTESIAN_POINT('Ctrl Pts',(24.0688265950053,38.1251414578305,6.16));
#7761=CARTESIAN_POINT('Ctrl Pts',(25.0661278006824,39.3956623018931,6.16));
#7762=CARTESIAN_POINT('',(21.309327559199,36.1612412690475,6.16));
#7763=CARTESIAN_POINT('',(24.5442296373361,33.6338587722418,6.16));
#7764=CARTESIAN_POINT('',(9.80028688533894,19.8043555128215,6.16));
#7765=CARTESIAN_POINT('Ctrl Pts',(9.80028688534973,19.8043555128379,6.16));
#7766=CARTESIAN_POINT('Ctrl Pts',(12.5236378371684,23.9542069300488,6.16));
#7767=CARTESIAN_POINT('Ctrl Pts',(15.3583841169112,28.0739622668702,6.16));
#7768=CARTESIAN_POINT('Ctrl Pts',(19.2964765961096,33.4786843279298,6.16));
#7769=CARTESIAN_POINT('Ctrl Pts',(20.3129551064608,34.8455157386121,6.16));
#7770=CARTESIAN_POINT('Ctrl Pts',(21.309327559199,36.1612412690475,6.16));
#7771=CARTESIAN_POINT('',(-9.4287919228156,19.8043557454782,6.16));
#7772=CARTESIAN_POINT('Ctrl Pts',(9.80028688533894,19.8043555128215,6.16));
#7773=CARTESIAN_POINT('Ctrl Pts',(8.61043701874079,17.9912582504676,6.16));
#7774=CARTESIAN_POINT('Ctrl Pts',(6.89540945041432,16.5254339310276,6.16));
#7775=CARTESIAN_POINT('Ctrl Pts',(4.92018180667052,15.6330439911704,6.16));
#7776=CARTESIAN_POINT('Ctrl Pts',(2.94495416292672,14.7406540513131,6.16));
#7777=CARTESIAN_POINT('Ctrl Pts',(0.709526443765586,14.4216984910386,6.16));
#7778=CARTESIAN_POINT('Ctrl Pts',(-1.43620316092608,14.7270687218119,6.16));
#7779=CARTESIAN_POINT('Ctrl Pts',(-3.58193276561774,15.0324389525852,6.16));
#7780=CARTESIAN_POINT('Ctrl Pts',(-5.63796425583993,15.9621349744063,6.16));
#7781=CARTESIAN_POINT('Ctrl Pts',(-7.28681342391513,17.3701776992748,6.16));
#7782=CARTESIAN_POINT('Ctrl Pts',(-8.11123800795273,18.074199061709,6.16));
#7783=CARTESIAN_POINT('Ctrl Pts',(-8.83386701145358,18.8978070999051,6.16));
#7784=CARTESIAN_POINT('Ctrl Pts',(-9.42879192281561,19.8043557454782,6.16));
#7785=CARTESIAN_POINT('',(-20.9378331182843,36.1612416135278,6.16));
#7786=CARTESIAN_POINT('Ctrl Pts',(-20.9414351169377,36.154538443424,6.16));
#7787=CARTESIAN_POINT('Ctrl Pts',(-17.6414728596761,31.7929855749209,6.16));
#7788=CARTESIAN_POINT('Ctrl Pts',(-14.4267223615298,27.2855396451698,6.16));
#7789=CARTESIAN_POINT('Ctrl Pts',(-11.3026618473475,22.6287500950753,6.16));
#7790=CARTESIAN_POINT('Ctrl Pts',(-10.6747306739179,21.6927428335864,6.16));
#7791=CARTESIAN_POINT('Ctrl Pts',(-10.0500978791609,20.7513182172424,6.16));
#7792=CARTESIAN_POINT('Ctrl Pts',(-9.42865479506408,19.8046324050804,6.16));
#7793=CARTESIAN_POINT('',(-21.725933817492,35.5455098649968,6.16));
#7794=CARTESIAN_POINT('',(-23.1388137608725,34.4416470732537,6.16));
#7795=CARTESIAN_POINT('',(-24.6949067910923,39.3960733545051,6.16));
#7796=CARTESIAN_POINT('Ctrl Pts',(-24.6946584525366,39.3956936492545,6.16));
#7797=CARTESIAN_POINT('Ctrl Pts',(-23.6973561899052,38.1251718264066,6.16));
#7798=CARTESIAN_POINT('Ctrl Pts',(-22.7076070348375,36.8419718852421,6.16));
#7799=CARTESIAN_POINT('Ctrl Pts',(-21.725933817492,35.5455098649968,6.16));
#7800=CARTESIAN_POINT('',(-28.1195498225529,35.8823629837145,6.16));
#7801=CARTESIAN_POINT('',(-29.12672097856,34.8489975486857,6.16));
#7802=CARTESIAN_POINT('',(-31.7001742138655,39.3722238646576,6.16));
#7803=CARTESIAN_POINT('',(-11.2474089895391,19.4379058622813,6.16));
#7804=CARTESIAN_POINT('',(-27.138020264092,44.0530292797627,6.16));
#7805=CARTESIAN_POINT('',(-34.4196668856029,36.5820032442335,6.16));
#7806=CARTESIAN_POINT('',(-36.9282250634365,55.499031072455,6.16));
#7807=CARTESIAN_POINT('Ctrl Pts',(-36.9282250634366,55.4990310724551,6.16));
#7808=CARTESIAN_POINT('Ctrl Pts',(-36.9132485191673,55.4823309430382,6.16));
#7809=CARTESIAN_POINT('Ctrl Pts',(-36.898271974898,55.4656308136214,6.16));
#7810=CARTESIAN_POINT('Ctrl Pts',(-36.8832954306286,55.4489306842045,6.16));
#7811=CARTESIAN_POINT('Ctrl Pts',(-33.9540312938791,52.182550316338,6.16));
#7812=CARTESIAN_POINT('Ctrl Pts',(-31.0518980597685,48.8131552933253,6.16));
#7813=CARTESIAN_POINT('Ctrl Pts',(-28.2116670649569,45.3642621587961,6.16));
#7814=CARTESIAN_POINT('Ctrl Pts',(-27.8529399342629,44.9286597234732,6.16));
#7815=CARTESIAN_POINT('Ctrl Pts',(-27.495106840103,44.4914795468401,6.16));
#7816=CARTESIAN_POINT('Ctrl Pts',(-27.1381741043909,44.052717646925,6.16));
#7817=CARTESIAN_POINT('',(-38.9521865068602,53.4224308987996,6.16));
#7818=CARTESIAN_POINT('',(-54.4230383656391,37.5492166333194,6.16));
#7819=CARTESIAN_POINT('',(-35.3715621155476,49.9325700178565,6.16));
#7820=CARTESIAN_POINT('',(-14.9187968912212,29.9982520154802,6.16));
#7821=CARTESIAN_POINT('',(-38.8614229964907,46.3519456265439,6.16));
#7822=CARTESIAN_POINT('',(-39.8359852277566,45.3520372017761,6.16));
#7823=CARTESIAN_POINT('',(-35.2807986051781,42.8620847456007,6.16));
#7824=CARTESIAN_POINT('',(-16.618345576508,24.672697183696,6.16));
#7825=CARTESIAN_POINT('',(-38.7706594861212,39.2814603542881,6.16));
#7826=CARTESIAN_POINT('',(-38.0002912769155,40.0718641251767,6.16));
#7827=CARTESIAN_POINT('',(-35.1900350948086,35.791599473345,6.16));
#7828=CARTESIAN_POINT('',(-18.3178942617948,19.3471423519118,6.16));
#7829=CARTESIAN_POINT('',(-38.6798959757518,32.2109750820324,6.16));
#7830=CARTESIAN_POINT('',(-36.1645973260744,34.7916910485772,6.16));
#7831=CARTESIAN_POINT('',(-42.2605203670644,35.7008359629755,6.16));
#7832=CARTESIAN_POINT('',(-20.0174429470816,14.0215875201276,6.16));
#7833=CARTESIAN_POINT('',(-41.4901521578586,36.4912397338641,6.16));
#7834=CARTESIAN_POINT('',(-42.3512838774339,42.7713212352312,6.16));
#7835=CARTESIAN_POINT('',(-18.3178942617948,19.3471423519118,6.16));
#7836=CARTESIAN_POINT('',(-45.841144758377,39.1906968439186,6.16));
#7837=CARTESIAN_POINT('',(-43.3258461086997,41.7714128104635,6.16));
#7838=CARTESIAN_POINT('',(-49.4217691496896,42.6805577248617,6.16));
#7839=CARTESIAN_POINT('',(-23.5980673383943,17.5114484010707,6.16));
#7840=CARTESIAN_POINT('',(-52.9116300306327,39.0999333335491,6.16));
#7841=CARTESIAN_POINT('',(-54.4230383656391,37.5492166333194,6.16));
#7842=CARTESIAN_POINT('',(-45.7503812480075,32.1202115716629,6.16));
#7843=CARTESIAN_POINT('',(-28.8782404149937,15.6757544502297,6.16));
#7844=CARTESIAN_POINT('',(-49.2402421289506,28.5395871803503,6.16));
#7845=CARTESIAN_POINT('',(-43.2350825983302,34.7009275382078,6.16));
#7846=CARTESIAN_POINT('',(-52.8208665202632,32.0294480612934,6.16));
#7847=CARTESIAN_POINT('',(-28.7874769046242,8.60526917797393,6.16));
#7848=CARTESIAN_POINT('',(-56.3107274012063,28.4488236699807,6.16));
#7849=CARTESIAN_POINT('',(-48.5606374301144,36.4004762234945,6.16));
#7850=CARTESIAN_POINT('',(-59.891351792519,31.9386845509239,6.16));
#7851=CARTESIAN_POINT('',(-34.0676499812236,6.76957522713289,6.16));
#7852=CARTESIAN_POINT('',(-61.8247557118211,29.9549971009411,6.16));
#7853=CARTESIAN_POINT('',(-54.4230383656391,37.5492166333194,6.16));
#7854=CARTESIAN_POINT('',(-58.0266225713288,19.5246925479805,6.16));
#7855=CARTESIAN_POINT('Ctrl Pts',(-58.025005910661,19.5211396450318,6.16));
#7856=CARTESIAN_POINT('Ctrl Pts',(-59.1329725974148,22.5526887086515,6.16));
#7857=CARTESIAN_POINT('Ctrl Pts',(-60.0509702703263,25.0483063544376,6.16));
#7858=CARTESIAN_POINT('Ctrl Pts',(-60.7200017575163,26.8850967335816,6.16));
#7859=CARTESIAN_POINT('Ctrl Pts',(-61.2249456042422,28.2713932195211,6.16));
#7860=CARTESIAN_POINT('Ctrl Pts',(-61.5912718890725,29.2881679207588,6.16));
#7861=CARTESIAN_POINT('Ctrl Pts',(-61.8241863655918,29.9532872079643,6.16));
#7862=CARTESIAN_POINT('',(-52.7301030098938,24.9589627890376,6.16));
#7863=CARTESIAN_POINT('',(-49.3732032599908,28.4031680263666,6.16));
#7864=CARTESIAN_POINT('',(-49.1494786185811,21.4691019080945,6.16));
#7865=CARTESIAN_POINT('',(-32.2773377855673,5.02464478666134,6.16));
#7866=CARTESIAN_POINT('',(-52.6393394995243,17.8884775167819,6.16));
#7867=CARTESIAN_POINT('',(-43.1443190879607,27.630442265952,6.16));
#7868=CARTESIAN_POINT('',(-49.0587151082117,14.3986166358387,6.16));
#7869=CARTESIAN_POINT('',(-33.9768864708542,-0.300910045122874,6.16));
#7870=CARTESIAN_POINT('',(-52.5485759891548,10.8179922445261,6.16));
#7871=CARTESIAN_POINT('',(-41.3086251371196,22.3502691893526,6.16));
#7872=CARTESIAN_POINT('',(-56.125795024429,14.3045340901488,6.16));
#7873=CARTESIAN_POINT('',(-35.6764351561408,-5.626464876907,6.16));
#7874=CARTESIAN_POINT('',(-50.4023297325026,-1.91484041607079,6.16));
#7875=CARTESIAN_POINT('Ctrl Pts',(-50.4050090502129,-1.90983156155156,6.16));
#7876=CARTESIAN_POINT('Ctrl Pts',(-52.3765490495128,3.8728638778423,6.16));
#7877=CARTESIAN_POINT('Ctrl Pts',(-54.3792212429334,9.48311329594024,6.16));
#7878=CARTESIAN_POINT('Ctrl Pts',(-56.1256685751824,14.3041640564115,6.16));
#7879=CARTESIAN_POINT('',(-47.2784370717652,-3.33821271732027,6.16));
#7880=CARTESIAN_POINT('',(-29.3299613420414,-11.5162668241175,6.16));
#7881=CARTESIAN_POINT('',(-40.3203238545848,-25.517303448029,6.16));
#7882=CARTESIAN_POINT('',(-45.2592328217317,-9.77445669144089,6.16));
#7883=CARTESIAN_POINT('',(-42.044166853939,-29.300642838025,6.16));
#7884=CARTESIAN_POINT('',(-32.5125859969549,-8.38156533580036,6.16));
#7885=CARTESIAN_POINT('',(-38.3715280829177,-47.4679402532577,6.16));
#7886=CARTESIAN_POINT('Ctrl Pts',(-38.3715280829177,-47.4679402532578,6.16));
#7887=CARTESIAN_POINT('Ctrl Pts',(-39.1286490866095,-41.7607070378553,6.16));
#7888=CARTESIAN_POINT('Ctrl Pts',(-40.4328750448404,-35.5828411336286,6.16));
#7889=CARTESIAN_POINT('Ctrl Pts',(-42.044166853939,-29.300642838025,6.16));
#7890=CARTESIAN_POINT('',(-20.8691079306968,-60.7911519865669,6.16));
#7891=CARTESIAN_POINT('',(-28.8258501963867,-54.7343117901153,6.16));
#7892=CARTESIAN_POINT('',(-23.5816987906035,-46.0915561097277,6.16));
#7893=CARTESIAN_POINT('Ctrl Pts',(-20.8691079306968,-60.7911519865669,6.16));
#7894=CARTESIAN_POINT('Ctrl Pts',(-20.9392001927096,-60.425796683722,6.16));
#7895=CARTESIAN_POINT('Ctrl Pts',(-21.0092924547224,-60.0604413808771,6.16));
#7896=CARTESIAN_POINT('Ctrl Pts',(-21.0793847167351,-59.6950860780323,6.16));
#7897=CARTESIAN_POINT('Ctrl Pts',(-21.9742048131835,-55.0308441497302,6.16));
#7898=CARTESIAN_POINT('Ctrl Pts',(-22.8104046849011,-50.4917404596859,6.16));
#7899=CARTESIAN_POINT('Ctrl Pts',(-23.5821308712096,-46.090624332269,6.16));
#7900=CARTESIAN_POINT('',(-31.4461634511023,-40.1049598331192,6.16));
#7901=CARTESIAN_POINT('',(-30.4735376269978,-40.845343112653,6.16));
#7902=CARTESIAN_POINT('',(-32.9399555713453,-32.8905810791683,6.16));
#7903=CARTESIAN_POINT('Ctrl Pts',(-31.4461634511023,-40.1049598331191,6.16));
#7904=CARTESIAN_POINT('Ctrl Pts',(-31.8698409723111,-37.7977225461127,6.16));
#7905=CARTESIAN_POINT('Ctrl Pts',(-32.367901923506,-35.3933747434542,6.16));
#7906=CARTESIAN_POINT('Ctrl Pts',(-32.9399555713453,-32.8905810791683,6.16));
#7907=CARTESIAN_POINT('',(-29.8982347286854,-32.2993304414614,6.16));
#7908=CARTESIAN_POINT('',(-12.6212845777637,-28.9410315301679,6.16));
#7909=CARTESIAN_POINT('',(-31.0254090197813,-24.3686973689779,6.16));
#7910=CARTESIAN_POINT('Ctrl Pts',(-29.8982347286854,-32.2993304414614,6.16));
#7911=CARTESIAN_POINT('Ctrl Pts',(-30.293097720625,-29.686479972802,6.16));
#7912=CARTESIAN_POINT('Ctrl Pts',(-30.6732447024756,-27.0310119077018,6.16));
#7913=CARTESIAN_POINT('Ctrl Pts',(-31.0254090197813,-24.3686973689779,6.16));
#7914=CARTESIAN_POINT('',(-34.869324913007,-25.1158789286026,6.16));
#7915=CARTESIAN_POINT('',(-15.8700656514306,-21.4227970399496,6.16));
#7916=CARTESIAN_POINT('',(-37.0437084571716,-17.3888027145488,6.16));
#7917=CARTESIAN_POINT('Ctrl Pts',(-34.8693249134977,-25.115878926759,6.16000000000001));
#7918=CARTESIAN_POINT('Ctrl Pts',(-35.5352526740343,-22.6140975384881,6.16));
#7919=CARTESIAN_POINT('Ctrl Pts',(-36.263550574141,-20.0294640931874,6.16000000000001));
#7920=CARTESIAN_POINT('Ctrl Pts',(-37.0437084571715,-17.3888027145488,6.16000000000001));
#7921=CARTESIAN_POINT('',(-31.9840907615581,-16.4053126625813,6.16));
#7922=CARTESIAN_POINT('',(-15.1906845572077,-13.1410051725216,6.16));
#7923=CARTESIAN_POINT('',(-32.79400599425,-7.39429398144773,6.16));
#7924=CARTESIAN_POINT('Ctrl Pts',(-31.9840907615581,-16.4053126625812,6.16));
#7925=CARTESIAN_POINT('Ctrl Pts',(-31.9988502150943,-16.2678645556346,6.16));
#7926=CARTESIAN_POINT('Ctrl Pts',(-32.0135004915451,-16.1304950739818,6.16));
#7927=CARTESIAN_POINT('Ctrl Pts',(-32.0280401124563,-15.9932093089989,6.16));
#7928=CARTESIAN_POINT('Ctrl Pts',(-32.3330539399799,-13.1132128567092,6.16));
#7929=CARTESIAN_POINT('Ctrl Pts',(-32.590335200459,-10.2665592560143,6.16));
#7930=CARTESIAN_POINT('Ctrl Pts',(-32.79400599425,-7.39429398144772,6.16));
#7931=CARTESIAN_POINT('',(-39.7135554232739,-8.73931813855442,6.16));
#7932=CARTESIAN_POINT('',(-19.9140573672576,-4.89068558565613,6.16));
#7933=CARTESIAN_POINT('',(-42.8863682992854,0.831116463154389,6.16));
#7934=CARTESIAN_POINT('Ctrl Pts',(-39.7135554232745,-8.73931813855231,6.16));
#7935=CARTESIAN_POINT('Ctrl Pts',(-39.7493921639706,-8.62757659374101,6.16));
#7936=CARTESIAN_POINT('Ctrl Pts',(-39.7852913128662,-8.51578764585881,6.16));
#7937=CARTESIAN_POINT('Ctrl Pts',(-39.8212518785235,-8.40395304684104,6.16));
#7938=CARTESIAN_POINT('Ctrl Pts',(-40.8104783726952,-5.32753457868426,6.16));
#7939=CARTESIAN_POINT('Ctrl Pts',(-41.8453361153828,-2.22026727827029,6.16));
#7940=CARTESIAN_POINT('Ctrl Pts',(-42.8863682992854,0.831116463154367,6.16));
#7941=CARTESIAN_POINT('',(-33.2582439857542,2.70263424397234,6.16));
#7942=CARTESIAN_POINT('',(-17.640446625691,5.73842652341875,6.16));
#7943=CARTESIAN_POINT('',(-33.2619931352145,8.48246697936039,6.16));
#7944=CARTESIAN_POINT('Ctrl Pts',(-33.2582439857542,2.70263424397233,6.16));
#7945=CARTESIAN_POINT('Ctrl Pts',(-33.2946661781776,4.63956595953832,6.16));
#7946=CARTESIAN_POINT('Ctrl Pts',(-33.2980021281301,6.56862092032673,6.16));
#7947=CARTESIAN_POINT('Ctrl Pts',(-33.2619931352145,8.48246697936039,6.16));
#7948=CARTESIAN_POINT('',(-33.2283126303429,10.272555962573,6.16));
#7949=CARTESIAN_POINT('',(-33.343333692857,4.1592884320314,6.16));
#7950=CARTESIAN_POINT('',(-39.4997090736739,14.177178056315,6.16));
#7951=CARTESIAN_POINT('',(-21.4392128453837,2.93256718947742,6.16));
#7952=CARTESIAN_POINT('',(-28.8552432429204,25.0984827404951,6.16));
#7953=CARTESIAN_POINT('',(-27.6534938662841,26.3314869423922,6.16));
#7954=CARTESIAN_POINT('',(-24.9961681790242,24.8211172108938,6.16));
#7955=CARTESIAN_POINT('Ctrl Pts',(-24.9961681790242,24.8211172108938,6.16));
#7956=CARTESIAN_POINT('Ctrl Pts',(-25.6393473563403,24.8673447991607,6.16));
#7957=CARTESIAN_POINT('Ctrl Pts',(-26.2825265336563,24.9135723874275,6.16));
#7958=CARTESIAN_POINT('Ctrl Pts',(-27.5688848882884,25.0060275639613,6.16));
#7959=CARTESIAN_POINT('Ctrl Pts',(-28.2120640656044,25.0522551522282,6.16));
#7960=CARTESIAN_POINT('Ctrl Pts',(-28.8552432429204,25.0984827404951,6.16));
#7961=CARTESIAN_POINT('',(-8.89928164294488,0.0702277839730134,6.16));
#7962=CARTESIAN_POINT('Ctrl Pts',(-24.9952959140671,24.8198981389725,6.16));
#7963=CARTESIAN_POINT('Ctrl Pts',(-24.7702430950529,24.5069772252891,6.16));
#7964=CARTESIAN_POINT('Ctrl Pts',(-24.5456328971615,24.1932679574726,6.16));
#7965=CARTESIAN_POINT('Ctrl Pts',(-24.3214597048575,23.8787665120031,6.16));
#7966=CARTESIAN_POINT('Ctrl Pts',(-18.9814651980206,16.3870768325256,6.16));
#7967=CARTESIAN_POINT('Ctrl Pts',(-13.8539794616632,8.39974212860299,6.16));
#7968=CARTESIAN_POINT('Ctrl Pts',(-8.89928164294488,0.0702277839730131,
6.16));
#7969=CARTESIAN_POINT('',(-1.67353118801182,-7.99394897878719,6.16));
#7970=CARTESIAN_POINT('',(-45.659617737638,25.0497262994071,6.16));
#7971=CARTESIAN_POINT('',(-42.1697568566949,28.6303506907197,6.16));
#7972=CARTESIAN_POINT('',(-41.3993886474891,29.4207544616083,6.16));
#7973=CARTESIAN_POINT('',(-38.5891324653823,25.1404898097766,6.16));
#7974=CARTESIAN_POINT('',(-23.5073038280248,10.440963128815,6.16));
#7975=CARTESIAN_POINT('',(-42.0789933463254,21.559865418464,6.16));
#7976=CARTESIAN_POINT('',(-36.0738338157049,27.7212057763215,6.16));
#7977=CARTESIAN_POINT('',(-25.2068525133116,5.11540829703079,6.16));
#7978=CARTESIAN_POINT('',(-24.7197056021861,31.9191008439596,6.16));
#7979=CARTESIAN_POINT('',(-24.7724370650209,30.920492115364,6.16));
#7980=CARTESIAN_POINT('Origin',(-23.3338253261195,31.345222929757,6.16));
#7981=CARTESIAN_POINT('',(-26.9412787848478,31.0350176480064,6.16));
#7982=CARTESIAN_POINT('',(-12.6433827199678,30.2800182639913,6.16));
#7983=CARTESIAN_POINT('',(-33.984519788224,23.8085976293088,6.16));
#7984=CARTESIAN_POINT('',(-32.7515021072769,25.0736833545784,6.16));
#7985=CARTESIAN_POINT('',(-34.7006446665133,24.50656980547,6.16));
#7986=CARTESIAN_POINT('Origin',(-35.3296639450549,23.1448302021599,6.16));
#7987=CARTESIAN_POINT('',(-27.3410967118651,32.0575232149217,6.16));
#7988=CARTESIAN_POINT('',(-33.4676269855662,25.7716555307395,6.16));
#7989=CARTESIAN_POINT('',(-12.590651257133,31.2786269925869,6.16));
#7990=CARTESIAN_POINT('',(-19.4845446911008,24.9761570656536,6.16));
#7991=CARTESIAN_POINT('',(-18.6653926468118,25.5497335020047,6.16));
#7992=CARTESIAN_POINT('Origin',(-19.8861282443016,26.4214012145083,6.16));
#7993=CARTESIAN_POINT('',(-16.8954582585773,23.0220052333834,6.16));
#7994=CARTESIAN_POINT('',(-9.36008652670281,12.2603791144462,6.16));
#7995=CARTESIAN_POINT('',(-15.6667301921438,23.88236988791,6.16));
#7996=CARTESIAN_POINT('',(-17.3855626040253,22.6788304761914,6.16));
#7997=CARTESIAN_POINT('',(-13.3724244467396,20.605761710754,6.16));
#7998=CARTESIAN_POINT('',(-6.69741736939178,11.0728636582502,6.16));
#7999=CARTESIAN_POINT('',(-15.8298805796066,18.8850324017008,6.16));
#8000=CARTESIAN_POINT('',(-14.4768928254042,19.8324046262988,6.16));
#8001=CARTESIAN_POINT('',(-14.6827277069045,17.2467283131229,6.16));
#8002=CARTESIAN_POINT('',(-8.29450884773194,8.12340628276373,6.16));
#8003=CARTESIAN_POINT('',(-12.2252715740374,18.967457622176,6.16));
#8004=CARTESIAN_POINT('',(-14.5584680191354,17.3337358831943,6.16));
#8005=CARTESIAN_POINT('',(-9.93096582863324,15.69084944502,6.16));
#8006=CARTESIAN_POINT('',(-4.97668806033855,8.61540752538324,6.16));
#8007=CARTESIAN_POINT('',(-12.3884219615002,13.9701201359668,6.16));
#8008=CARTESIAN_POINT('',(-11.0354342072979,14.9174923605647,6.16));
#8009=CARTESIAN_POINT('',(-11.2412690887981,12.3318160473888,6.16));
#8010=CARTESIAN_POINT('',(-6.5737795386791,5.66595014989648,6.16));
#8011=CARTESIAN_POINT('',(-8.78381295593117,14.052545356442,6.16));
#8012=CARTESIAN_POINT('',(-11.1170094010293,12.4188236174602,6.16));
#8013=CARTESIAN_POINT('',(-6.48950721052692,10.775937179286,6.16));
#8014=CARTESIAN_POINT('',(-3.25595875128535,6.1579513925163,6.16));
#8015=CARTESIAN_POINT('',(-8.94696334339392,9.05520787023289,6.16));
#8016=CARTESIAN_POINT('',(-7.59397558919152,10.0025800948308,6.16));
#8017=CARTESIAN_POINT('',(-7.79981047069181,7.41690378165489,6.16));
#8018=CARTESIAN_POINT('',(-4.85305022962581,3.20849401702961,6.16));
#8019=CARTESIAN_POINT('',(-6.5710824042583,8.27726843618146,6.16));
#8020=CARTESIAN_POINT('',(-7.67555078292288,7.50391135172628,6.16));
#8021=CARTESIAN_POINT('',(-4.52713799720992,5.35821330536345,6.16));
#8022=CARTESIAN_POINT('',(-2.76395750866589,2.84013060512255,6.16));
#8023=CARTESIAN_POINT('',(-5.34629004149893,4.78463686901243,6.16));
#8024=CARTESIAN_POINT('Origin',(-3.82598802647217,3.48514397441639,6.16));
#8025=CARTESIAN_POINT('',(-6.81665801219627,6.88453995554141,6.16));
#8026=CARTESIAN_POINT('',(-3.5831095529549,2.26655416877152,6.16));
#8027=CARTESIAN_POINT('',(-8.04538607862976,6.02417530101487,6.16));
#8028=CARTESIAN_POINT('',(-7.10197434657185,6.68475930743728,6.16));
#8029=CARTESIAN_POINT('',(-10.339691824034,9.30078347817084,6.16));
#8030=CARTESIAN_POINT('',(-5.6722022739148,2.63491758067856,6.16));
#8031=CARTESIAN_POINT('',(-7.88223569116697,11.021512787224,6.16));
#8032=CARTESIAN_POINT('',(-8.16755202554256,10.8217321391198,6.16));
#8033=CARTESIAN_POINT('',(-9.0293885638691,12.6598168758019,6.16));
#8034=CARTESIAN_POINT('',(-4.07511079557433,5.58437495616524,6.16));
#8035=CARTESIAN_POINT('',(-11.4868446967361,10.9390875667488,6.16));
#8036=CARTESIAN_POINT('',(-10.5434329646782,11.5996715731712,6.16));
#8037=CARTESIAN_POINT('',(-13.7811504421402,14.2156957439048,6.16));
#8038=CARTESIAN_POINT('',(-7.3929315829681,5.09237371354545,6.16));
#8039=CARTESIAN_POINT('',(-11.3236943092733,15.9364250529579,6.16));
#8040=CARTESIAN_POINT('',(-11.609010643649,15.7366444048537,6.16));
#8041=CARTESIAN_POINT('',(-12.4708471819754,17.5747291415359,6.16));
#8042=CARTESIAN_POINT('',(-5.79584010462754,8.04183108903219,6.16));
#8043=CARTESIAN_POINT('',(-14.9283033148424,15.8539998324829,6.16));
#8044=CARTESIAN_POINT('',(-13.9848915827844,16.5145838389053,6.16));
#8045=CARTESIAN_POINT('',(-17.2226090602467,19.1306080096388,6.16));
#8046=CARTESIAN_POINT('',(-9.11366089202092,7.54982984641266,6.16));
#8047=CARTESIAN_POINT('',(-14.7651529273797,20.8513373186919,6.16));
#8048=CARTESIAN_POINT('',(-15.0504692617553,20.6515566705878,6.16));
#8049=CARTESIAN_POINT('',(-15.9123058000818,22.4896414072699,6.16));
#8050=CARTESIAN_POINT('',(-7.51656941368077,10.4992872218991,6.16));
#8051=CARTESIAN_POINT('',(-17.1410338665153,21.6292767527433,6.16));
#8052=CARTESIAN_POINT('',(-16.8119861676742,21.8596784319024,6.16));
#8053=CARTESIAN_POINT('',(-10.1792385709918,11.6868026780951,6.16));
#8054=CARTESIAN_POINT('',(-46.5213781337867,0.641900854401307,6.16));
#8055=CARTESIAN_POINT('',(-45.5816855130008,0.983920997726993,6.16));
#8056=CARTESIAN_POINT('Origin',(-46.5352213486897,2.14183697484149,6.16));
#8057=CARTESIAN_POINT('',(-40.5521885949236,-12.8345082159061,6.16));
#8058=CARTESIAN_POINT('',(-39.7431878555442,-15.057219479673,6.16));
#8059=CARTESIAN_POINT('',(-37.4514775625654,-12.2317910468895,6.16));
#8060=CARTESIAN_POINT('',(-17.7206484065721,-8.39650637600398,6.16));
#8061=CARTESIAN_POINT('',(-37.2606685671888,-13.2134182303372,6.16));
#8062=CARTESIAN_POINT('Origin',(-35.9678425888513,-12.4527599695291,6.16));
#8063=CARTESIAN_POINT('',(-41.1997684172557,-13.9791016769175,6.16));
#8064=CARTESIAN_POINT('',(-17.5298394111955,-9.37813355945164,6.16));
#8065=CARTESIAN_POINT('',(-40.6828804763301,-15.3992396229987,6.16));
#8066=CARTESIAN_POINT('',(-28.6305684343261,-48.130531591741,6.16));
#8067=CARTESIAN_POINT('',(-29.2489525145968,-48.9164076183939,6.16));
#8068=CARTESIAN_POINT('Origin',(-27.4179180927563,-49.7209652272917,6.16));
#8069=CARTESIAN_POINT('',(-35.0170262356261,-44.377670156069,6.16));
#8070=CARTESIAN_POINT('',(-30.6560072625776,-47.8092352060651,6.16));
#8071=CARTESIAN_POINT('',(-38.6054798582574,-29.2561900332829,6.16));
#8072=CARTESIAN_POINT('',(-38.7930548171419,-28.4657629271847,6.16));
#8073=CARTESIAN_POINT('',(-35.7617165216044,-28.7034157350036,6.16));
#8074=CARTESIAN_POINT('',(-17.1627212392075,-25.0881196119347,6.16));
#8075=CARTESIAN_POINT('',(-35.5709066275643,-29.6850427437683,6.16));
#8076=CARTESIAN_POINT('Origin',(-34.2780813455975,-28.9243832993995,6.16));
#8077=CARTESIAN_POINT('',(-37.3919365296761,-30.0390168292034,6.16));
#8078=CARTESIAN_POINT('',(-16.9719113451673,-26.0697466206994,6.16));
#8079=CARTESIAN_POINT('',(-34.1245716330766,-43.8074526329214,6.16));
#8080=CARTESIAN_POINT('',(-37.820076361982,-28.2348670073535,6.16));
#8081=CARTESIAN_POINT('',(-30.0376231823069,-47.0233591794122,6.16));
#8082=CARTESIAN_POINT('',(-48.2806059778986,8.39914403193738,6.16));
#8083=CARTESIAN_POINT('',(-49.2202985986845,8.05712388861169,6.16));
#8084=CARTESIAN_POINT('Origin',(-48.2667627629956,6.89920791149719,6.16));
#8085=CARTESIAN_POINT('',(-49.6316340187327,9.18725866701594,6.16));
#8086=CARTESIAN_POINT('',(-44.3782726047829,-5.24623319404441,6.16));
#8087=CARTESIAN_POINT('',(-41.422907982823,17.6094753887589,6.16));
#8088=CARTESIAN_POINT('',(-40.3299845304735,18.7308233464926,6.16));
#8089=CARTESIAN_POINT('',(-40.7067831045338,16.9115032125977,6.16));
#8090=CARTESIAN_POINT('Origin',(-40.0777638259922,18.2732428159078,6.16));
#8091=CARTESIAN_POINT('',(-44.1581840770478,13.3703389860191,6.16));
#8092=CARTESIAN_POINT('',(-37.454389665205,20.2484841631828,6.16));
#8093=CARTESIAN_POINT('',(-42.7871793346824,9.60353441440487,6.16));
#8094=CARTESIAN_POINT('',(-39.0539674299529,-0.653380995878909,6.16));
#8095=CARTESIAN_POINT('',(-40.6859025484765,8.46974292676773,6.16));
#8096=CARTESIAN_POINT('',(-23.6821432513026,-0.705020567277369,6.16));
#8097=CARTESIAN_POINT('',(-41.1607602532446,7.58968033795808,6.16));
#8098=CARTESIAN_POINT('Origin',(-39.2190975258206,7.1101536411703,6.16));
#8099=CARTESIAN_POINT('',(-43.5967801863772,8.90409007304448,6.16));
#8100=CARTESIAN_POINT('',(-24.1570009560708,-1.58508315608702,6.16));
#8101=CARTESIAN_POINT('',(-44.9330127171008,12.5753587783484,6.16));
#8102=CARTESIAN_POINT('',(-39.9936600507389,-0.995401139204568,6.16));
#8103=CARTESIAN_POINT('',(-48.4771240510066,8.93907300031627,6.16));
#8104=CARTESIAN_POINT('',(-39.6138596521842,18.0328511703314,6.16));
#8105=CARTESIAN_POINT('',(-43.438579983997,-4.90421305071872,6.16));
#8106=CARTESIAN_POINT('',(29.6204465145968,-48.9164076183939,6.16));
#8107=CARTESIAN_POINT('',(29.0020624343261,-48.1305315917411,6.16));
#8108=CARTESIAN_POINT('Origin',(27.7894120927563,-49.7209652272917,6.16));
#8109=CARTESIAN_POINT('',(34.4960656330766,-43.8074526329214,6.16));
#8110=CARTESIAN_POINT('',(33.9855572943038,-44.2091575060006,6.16));
#8111=CARTESIAN_POINT('',(37.7634305296761,-30.0390168292034,6.16));
#8112=CARTESIAN_POINT('',(39.9055249651333,-21.0123881380559,6.16));
#8113=CARTESIAN_POINT('',(35.9424006275643,-29.6850427437684,6.16));
#8114=CARTESIAN_POINT('',(15.4830914391869,-25.7081364611255,6.16));
#8115=CARTESIAN_POINT('',(36.1332105216044,-28.7034157350036,6.16));
#8116=CARTESIAN_POINT('Origin',(34.6495753455975,-28.9243832993995,6.16));
#8117=CARTESIAN_POINT('',(38.9769738582574,-29.2561900332829,6.16));
#8118=CARTESIAN_POINT('',(15.6739013332271,-24.7265094523608,6.16));
#8119=CARTESIAN_POINT('',(35.3885202356261,-44.377670156069,6.16));
#8120=CARTESIAN_POINT('',(40.8785034202931,-21.2432840578871,6.16));
#8121=CARTESIAN_POINT('',(34.6039413745746,-44.9950335326535,6.16));
#8122=CARTESIAN_POINT('',(45.9531795130008,0.98392099772697,6.16));
#8123=CARTESIAN_POINT('',(46.8928721337867,0.641900854401285,6.16));
#8124=CARTESIAN_POINT('Origin',(46.9067153486897,2.14183697484147,6.16));
#8125=CARTESIAN_POINT('',(41.5712624172556,-13.9791016769176,6.16));
#8126=CARTESIAN_POINT('',(43.8839958391413,-7.62491882306898,6.16));
#8127=CARTESIAN_POINT('',(37.6321625671888,-13.2134182303372,6.16));
#8128=CARTESIAN_POINT('',(20.3554008880187,-9.85515595424138,6.16));
#8129=CARTESIAN_POINT('',(37.8229715625654,-12.2317910468895,6.16));
#8130=CARTESIAN_POINT('Origin',(36.3393365888513,-12.4527599695291,6.16));
#8131=CARTESIAN_POINT('',(40.9236825949236,-12.8345082159061,6.16));
#8132=CARTESIAN_POINT('',(20.5462098833953,-8.87352877079371,6.16));
#8133=CARTESIAN_POINT('',(42.9443032183554,-7.2828986797433,6.16));
#8134=CARTESIAN_POINT('',(19.0368866468118,25.5497335020047,6.16));
#8135=CARTESIAN_POINT('',(19.8560386911008,24.9761570656536,6.16));
#8136=CARTESIAN_POINT('Origin',(20.2576222443016,26.4214012145083,6.16));
#8137=CARTESIAN_POINT('',(17.5125278665153,21.6292767527433,6.16));
#8138=CARTESIAN_POINT('',(9.11679131561921,9.63892233244948,6.16));
#8139=CARTESIAN_POINT('',(16.2837998000818,22.4896414072699,6.16));
#8140=CARTESIAN_POINT('',(16.5691157989525,22.2898609940888,6.16));
#8141=CARTESIAN_POINT('',(15.1366469273797,20.8513373186919,6.16));
#8142=CARTESIAN_POINT('',(7.02769859465924,9.2705589205425,6.16));
#8143=CARTESIAN_POINT('',(17.5941030602467,19.1306080096388,6.16));
#8144=CARTESIAN_POINT('',(16.6506909926837,19.7911922509844,6.16));
#8145=CARTESIAN_POINT('',(15.2997973148424,15.8539998324829,6.16));
#8146=CARTESIAN_POINT('',(8.62479007299935,6.32110154505603,6.16));
#8147=CARTESIAN_POINT('',(12.8423411819754,17.5747291415359,6.16));
#8148=CARTESIAN_POINT('',(13.1276571808458,17.374948728355,6.16));
#8149=CARTESIAN_POINT('',(11.6951883092733,15.9364250529579,6.16));
#8150=CARTESIAN_POINT('',(5.306969285606,6.81310278767555,6.16));
#8151=CARTESIAN_POINT('',(14.1526444421402,14.2156957439048,6.16));
#8152=CARTESIAN_POINT('',(13.2092323745774,14.8762799852503,6.16));
#8153=CARTESIAN_POINT('',(11.8583386967361,10.9390875667488,6.16));
#8154=CARTESIAN_POINT('',(6.90406076394658,3.86364541218879,6.16));
#8155=CARTESIAN_POINT('',(9.40088256386911,12.6598168758019,6.16));
#8156=CARTESIAN_POINT('',(9.6861985627397,12.4600364626209,6.16));
#8157=CARTESIAN_POINT('',(8.25372969116698,11.021512787224,6.16));
#8158=CARTESIAN_POINT('',(3.58623997655278,4.3556466548086,6.16));
#8159=CARTESIAN_POINT('',(10.711185824034,9.30078347817084,6.16));
#8160=CARTESIAN_POINT('',(9.76777375647103,9.96136771951641,6.16));
#8161=CARTESIAN_POINT('',(8.41688007862976,6.02417530101486,6.16));
#8162=CARTESIAN_POINT('',(5.18333145489325,1.40618927932191,6.16));
#8163=CARTESIAN_POINT('',(7.18815201219627,6.88453995554141,6.16));
#8164=CARTESIAN_POINT('',(6.85910397785007,7.11494186962371,6.16));
#8165=CARTESIAN_POINT('',(5.71778404149893,4.78463686901242,6.16));
#8166=CARTESIAN_POINT('',(2.52066229758239,0.218673823125849,6.16));
#8167=CARTESIAN_POINT('',(4.89863199720993,5.35821330536345,6.16));
#8168=CARTESIAN_POINT('Origin',(4.19748202647218,3.48514397441639,6.16));
#8169=CARTESIAN_POINT('',(6.9425764042583,8.27726843618145,6.16));
#8170=CARTESIAN_POINT('',(1.70151025329338,0.792250259476872,6.16));
#8171=CARTESIAN_POINT('',(8.17130447069181,7.41690378165489,6.16));
#8172=CARTESIAN_POINT('',(7.4326804142011,7.93409391391271,6.16));
#8173=CARTESIAN_POINT('',(9.31845734339393,9.05520787023289,6.16));
#8174=CARTESIAN_POINT('',(4.36417941060426,1.97976571567297,6.16));
#8175=CARTESIAN_POINT('',(6.86100121052692,10.775937179286,6.16));
#8176=CARTESIAN_POINT('',(9.19419732011999,9.14221567522741,6.16));
#8177=CARTESIAN_POINT('',(9.15530695593117,14.052545356442,6.16));
#8178=CARTESIAN_POINT('',(2.76708793226379,4.92922309115967,6.16));
#8179=CARTESIAN_POINT('',(11.6127630887981,12.3318160473888,6.16));
#8180=CARTESIAN_POINT('',(10.2597749990908,13.2791885069099,6.16));
#8181=CARTESIAN_POINT('',(12.7599159615002,13.9701201359668,6.16));
#8182=CARTESIAN_POINT('',(6.08490871965758,4.43722184853983,6.16));
#8183=CARTESIAN_POINT('',(10.3024598286332,15.69084944502,6.16));
#8184=CARTESIAN_POINT('',(12.6356559382264,14.0571279409613,6.16));
#8185=CARTESIAN_POINT('',(12.5967655740374,18.967457622176,6.16));
#8186=CARTESIAN_POINT('',(4.48781724131701,7.38667922402659,6.16));
#8187=CARTESIAN_POINT('',(15.0542217069045,17.2467283131229,6.16));
#8188=CARTESIAN_POINT('',(13.7012336171969,18.194100772644,6.16));
#8189=CARTESIAN_POINT('',(16.2013745796066,18.8850324017008,6.16));
#8190=CARTESIAN_POINT('',(7.80563802871037,6.8946779814071,6.16));
#8191=CARTESIAN_POINT('',(13.7439184467396,20.605761710754,6.16));
#8192=CARTESIAN_POINT('',(16.0771145563327,18.9720402066954,6.16));
#8193=CARTESIAN_POINT('',(16.0382241921439,23.8823698879099,6.16));
#8194=CARTESIAN_POINT('',(6.20854655037025,9.84413535689355,6.16));
#8195=CARTESIAN_POINT('',(17.2669522585773,23.0220052333834,6.16));
#8196=CARTESIAN_POINT('',(17.1426922353035,23.1090130383778,6.16));
#8197=CARTESIAN_POINT('',(8.29763927133022,10.2124987688005,6.16));
#8198=CARTESIAN_POINT('',(49.5917925986845,8.05712388861166,6.16));
#8199=CARTESIAN_POINT('',(48.6520999778986,8.39914403193736,6.16));
#8200=CARTESIAN_POINT('Origin',(48.6382567629956,6.89920791149717,6.16));
#8201=CARTESIAN_POINT('',(48.8486180510066,8.93907300031625,6.16));
#8202=CARTESIAN_POINT('',(44.2038820614451,-3.82223425033117,6.16));
#8203=CARTESIAN_POINT('',(45.3045067171008,12.5753587783483,6.16));
#8204=CARTESIAN_POINT('',(37.8258834216223,20.2484844131005,6.16));
#8205=CARTESIAN_POINT('',(43.9682741863772,8.90409007304446,6.16));
#8206=CARTESIAN_POINT('',(39.5934243420594,-3.11571108772362,6.16));
#8207=CARTESIAN_POINT('',(41.5322542532446,7.58968033795806,6.16));
#8208=CARTESIAN_POINT('',(22.5420534514611,-2.65691266631647,6.16));
#8209=CARTESIAN_POINT('',(41.0573965484765,8.46974292676772,6.16));
#8210=CARTESIAN_POINT('Origin',(39.5905915258206,7.11015364117028,6.16));
#8211=CARTESIAN_POINT('',(43.1586733346824,9.60353441440484,6.16));
#8212=CARTESIAN_POINT('',(22.0671957466929,-1.77685007750682,6.16));
#8213=CARTESIAN_POINT('',(44.5296780770478,13.3703389860191,6.16));
#8214=CARTESIAN_POINT('',(38.6537317212735,-2.77369094439796,6.16));
#8215=CARTESIAN_POINT('',(41.0782771045338,16.9115032125977,6.16));
#8216=CARTESIAN_POINT('',(37.8258834216224,20.2484844131004,6.16));
#8217=CARTESIAN_POINT('',(41.794401982823,17.6094753887589,6.16));
#8218=CARTESIAN_POINT('Origin',(40.4492578259922,18.2732428159078,6.16));
#8219=CARTESIAN_POINT('',(50.0031280187327,9.18725866701592,6.16));
#8220=CARTESIAN_POINT('',(38.5420082999115,20.9464565892616,6.16));
#8221=CARTESIAN_POINT('',(45.143574682231,-4.16425439365686,6.16));
#8222=CARTESIAN_POINT('',(25.143931065021,30.920492115364,6.16));
#8223=CARTESIAN_POINT('',(25.0911996021861,31.9191008439596,6.16));
#8224=CARTESIAN_POINT('Origin',(23.7053193261195,31.345222929757,6.16));
#8225=CARTESIAN_POINT('',(27.7125907118652,32.0575232149217,6.16));
#8226=CARTESIAN_POINT('',(11.0584635474048,31.1781032154043,6.16));
#8227=CARTESIAN_POINT('',(35.0721386665133,24.50656980547,6.16));
#8228=CARTESIAN_POINT('',(29.7448826436344,29.9723758953092,6.16));
#8229=CARTESIAN_POINT('',(34.356013788224,23.8085976293088,6.16));
#8230=CARTESIAN_POINT('Origin',(35.7011579450549,23.1448302021599,6.16));
#8231=CARTESIAN_POINT('',(27.3127727848478,31.0350176480063,6.16));
#8232=CARTESIAN_POINT('',(29.0287577653451,29.274403719148,6.16));
#8233=CARTESIAN_POINT('',(11.1111950102397,30.1794944868087,6.16));
#8234=CARTESIAN_POINT('',(42.4504873463254,21.559865418464,6.16));
#8235=CARTESIAN_POINT('',(38.9606264653823,25.1404898097766,6.16));
#8236=CARTESIAN_POINT('',(38.1902580125939,25.9308938305828,6.16));
#8237=CARTESIAN_POINT('',(42.5412508566949,28.6303506907197,6.16));
#8238=CARTESIAN_POINT('',(22.088485375951,8.6960324384258,6.16));
#8239=CARTESIAN_POINT('',(46.031111737638,25.0497262994071,6.16));
#8240=CARTESIAN_POINT('',(40.025951963435,31.2110669071822,6.16));
#8241=CARTESIAN_POINT('',(27.3686584525505,6.86033848758473,6.16));
#8242=CARTESIAN_POINT('Origin',(1.185747,-3.0733052486562,6.16));
#8243=CARTESIAN_POINT('',(1.185747,-8.95293188855276,4.56));
#8244=CARTESIAN_POINT('',(1.185747,-2.8301488743281,4.56));
#8245=CARTESIAN_POINT('',(1.185747,-8.95293188855276,5.36));
#8246=CARTESIAN_POINT('Origin',(0.185747000000003,-10.068965,4.56));
#8247=CARTESIAN_POINT('',(-8.89928164294488,0.0702277839730134,4.56));
#8248=CARTESIAN_POINT('',(-8.89928164294488,0.0702277839730134,4.56));
#8249=CARTESIAN_POINT('',(-1.67353118801182,-7.99394897878719,4.56));
#8250=CARTESIAN_POINT('Origin',(42.5412508566949,28.6303506907197,6.16));
#8251=CARTESIAN_POINT('',(46.031111737638,25.0497262994071,4.56));
#8252=CARTESIAN_POINT('',(42.5412508566949,28.6303506907197,4.56));
#8253=CARTESIAN_POINT('',(40.025951963435,31.2110669071822,4.56));
#8254=CARTESIAN_POINT('',(46.031111737638,25.0497262994071,6.16));
#8255=CARTESIAN_POINT('',(42.5412508566949,28.6303506907197,6.16));
#8256=CARTESIAN_POINT('Origin',(38.9606264653823,25.1404898097766,6.16));
#8257=CARTESIAN_POINT('',(38.9606264653823,25.1404898097766,4.56));
#8258=CARTESIAN_POINT('',(22.088485375951,8.6960324384258,4.56));
#8259=CARTESIAN_POINT('',(38.9606264653823,25.1404898097766,6.16));
#8260=CARTESIAN_POINT('Origin',(42.4504873463254,21.559865418464,6.16));
#8261=CARTESIAN_POINT('',(42.4504873463254,21.559865418464,4.56));
#8262=CARTESIAN_POINT('',(38.1902580125939,25.9308938305828,4.56));
#8263=CARTESIAN_POINT('',(42.4504873463254,21.559865418464,6.16));
#8264=CARTESIAN_POINT('Origin',(46.031111737638,25.0497262994071,6.16));
#8265=CARTESIAN_POINT('',(27.3686584525505,6.86033848758473,4.56));
#8266=CARTESIAN_POINT('Origin',(27.509514264092,44.0530292797627,6.16));
#8267=CARTESIAN_POINT('',(32.0716682138655,39.3722238646576,4.56));
#8268=CARTESIAN_POINT('',(28.212139674447,43.3321301500106,4.56));
#8269=CARTESIAN_POINT('',(32.5100836671336,38.9224062017037,4.56));
#8270=CARTESIAN_POINT('',(32.0716682138655,39.3722238646576,6.16));
#8271=CARTESIAN_POINT('',(27.509514264092,44.0530292797627,1.56));
#8272=CARTESIAN_POINT('Ctrl Pts',(27.5095140681521,44.0530294807985,1.56));
#8273=CARTESIAN_POINT('Ctrl Pts',(27.5095140681521,44.0530294807985,2.32666666666666));
#8274=CARTESIAN_POINT('Ctrl Pts',(27.5095140681521,44.0530294807985,3.09333333333333));
#8275=CARTESIAN_POINT('Ctrl Pts',(27.5095140681521,44.0530294807985,4.62666666666667));
#8276=CARTESIAN_POINT('Ctrl Pts',(27.5095140681521,44.0530294807985,5.39333333333334));
#8277=CARTESIAN_POINT('Ctrl Pts',(27.5095140681521,44.0530294807985,6.16));
#8278=CARTESIAN_POINT('',(27.6767777604123,43.8814156323617,1.56));
#8279=CARTESIAN_POINT('',(32.5100836671336,38.9224062017037,1.56));
#8280=CARTESIAN_POINT('',(28.3741734666079,43.1658822215522,2.68186934340515));
#8281=CARTESIAN_POINT('Ctrl Pts',(28.3741734647668,43.165882218682,2.68186934340515));
#8282=CARTESIAN_POINT('Ctrl Pts',(28.3816087983937,43.1582535085843,2.59568698042484));
#8283=CARTESIAN_POINT('Ctrl Pts',(28.3811253999322,43.1587494791634,2.50849351709518));
#8284=CARTESIAN_POINT('Ctrl Pts',(28.3643431311395,43.175968217397,2.33645082192399));
#8285=CARTESIAN_POINT('Ctrl Pts',(28.3481124521851,43.1926210201689,2.25237118910862));
#8286=CARTESIAN_POINT('Ctrl Pts',(28.288963515954,43.2533082885199,2.05218594183352));
#8287=CARTESIAN_POINT('Ctrl Pts',(28.2373254216498,43.3062893746704,1.9431857797548));
#8288=CARTESIAN_POINT('Ctrl Pts',(28.1073423044442,43.439653063311,1.75897405393578));
#8289=CARTESIAN_POINT('Ctrl Pts',(28.030077585081,43.5189272659736,1.68578919401767));
#8290=CARTESIAN_POINT('Ctrl Pts',(27.8600555356218,43.6933712103379,1.58575280757701));
#8291=CARTESIAN_POINT('Ctrl Pts',(27.7688408431405,43.7869581938558,1.56));
#8292=CARTESIAN_POINT('Ctrl Pts',(27.6767777604124,43.8814156323616,1.56));
#8293=CARTESIAN_POINT('Ctrl Pts',(28.2121396733105,43.3321301482409,4.56000000000587));
#8294=CARTESIAN_POINT('Ctrl Pts',(28.2391452485451,43.3044222181299,4.24697724598383));
#8295=CARTESIAN_POINT('Ctrl Pts',(28.2661508931802,43.2767142168134,3.93395450425211));
#8296=CARTESIAN_POINT('Ctrl Pts',(28.3201621569393,43.221298240355,3.30791095204123));
#8297=CARTESIAN_POINT('Ctrl Pts',(28.3471677760624,43.193590265214,2.99489014156189));
#8298=CARTESIAN_POINT('Ctrl Pts',(28.3741734647668,43.165882218682,2.68186934340504));
#8299=CARTESIAN_POINT('Origin',(28.4910438225529,35.8823629837145,6.16));
#8300=CARTESIAN_POINT('',(25.0664007910923,39.3960733545051,4.56));
#8301=CARTESIAN_POINT('',(28.4910438225529,35.8823629837144,4.56));
#8302=CARTESIAN_POINT('',(31.2105362507077,33.092142613208,4.56));
#8303=CARTESIAN_POINT('Ctrl Pts',(25.0664007910923,39.3960733545051,6.16));
#8304=CARTESIAN_POINT('Ctrl Pts',(25.0664007910923,39.3960733545051,5.89333333333333));
#8305=CARTESIAN_POINT('Ctrl Pts',(25.0664007910923,39.3960733545051,5.62666666666667));
#8306=CARTESIAN_POINT('Ctrl Pts',(25.0664007910923,39.3960733545051,5.09333333333333));
#8307=CARTESIAN_POINT('Ctrl Pts',(25.0664007910923,39.3960733545051,4.82666666666667));
#8308=CARTESIAN_POINT('Ctrl Pts',(25.0664007910923,39.3960733545051,4.56));
#8309=CARTESIAN_POINT('',(28.4910438225529,35.8823629837144,6.16));
#8310=CARTESIAN_POINT('Origin',(32.0716682138655,39.3722238646576,6.16));
#8311=CARTESIAN_POINT('',(13.409214928778,21.1828360528352,4.56));
#8312=CARTESIAN_POINT('Origin',(42.6320143670644,35.7008359629755,6.16));
#8313=CARTESIAN_POINT('',(39.0513899757518,32.2109750820323,4.56));
#8314=CARTESIAN_POINT('',(42.6320143670644,35.7008359629755,4.56));
#8315=CARTESIAN_POINT('',(22.1792488863205,15.7665177106815,4.56));
#8316=CARTESIAN_POINT('',(39.0513899757518,32.2109750820323,6.16));
#8317=CARTESIAN_POINT('',(42.6320143670644,35.7008359629755,6.16));
#8318=CARTESIAN_POINT('Origin',(39.1421534861213,39.2814603542881,6.16));
#8319=CARTESIAN_POINT('',(39.1421534861213,39.2814603542881,4.56));
#8320=CARTESIAN_POINT('',(40.1167154738045,38.281552179438,4.56));
#8321=CARTESIAN_POINT('',(39.1421534861213,39.2814603542881,6.16));
#8322=CARTESIAN_POINT('Origin',(42.7227778774339,42.7713212352312,6.16));
#8323=CARTESIAN_POINT('',(42.7227778774339,42.7713212352312,4.56));
#8324=CARTESIAN_POINT('',(20.4797002010337,21.0920725424657,4.56));
#8325=CARTESIAN_POINT('',(42.7227778774339,42.7713212352312,6.16));
#8326=CARTESIAN_POINT('Origin',(46.212638758377,39.1906968439186,6.16));
#8327=CARTESIAN_POINT('',(46.212638758377,39.1906968439186,4.56));
#8328=CARTESIAN_POINT('',(45.4422703055887,39.9811008647247,4.56));
#8329=CARTESIAN_POINT('',(46.212638758377,39.1906968439186,6.16));
#8330=CARTESIAN_POINT('Origin',(49.7932631496896,42.6805577248617,6.16));
#8331=CARTESIAN_POINT('',(49.7932631496896,42.6805577248617,4.56));
#8332=CARTESIAN_POINT('',(25.7598732776332,19.2563785916247,4.56));
#8333=CARTESIAN_POINT('',(49.7932621280042,42.6805567290745,5.36));
#8334=CARTESIAN_POINT('Origin',(35.5615290948086,35.791599473345,6.16));
#8335=CARTESIAN_POINT('',(35.5615290948086,35.791599473345,4.56));
#8336=CARTESIAN_POINT('',(16.8990758097211,17.6022116615226,4.56));
#8337=CARTESIAN_POINT('',(39.1421534861213,39.2814603542881,6.16));
#8338=CARTESIAN_POINT('',(35.5615290948086,35.791599473345,6.16));
#8339=CARTESIAN_POINT('Origin',(39.0513899757518,32.2109750820323,6.16));
#8340=CARTESIAN_POINT('',(38.2810215229634,33.0013791028385,4.56));
#8341=CARTESIAN_POINT('Origin',(35.6522926051781,42.8620847456007,6.16));
#8342=CARTESIAN_POINT('',(39.2329169964908,46.3519456265438,4.56));
#8343=CARTESIAN_POINT('',(35.6522926051781,42.8620847456007,4.56));
#8344=CARTESIAN_POINT('',(15.1995271244343,22.9277664933068,4.56));
#8345=CARTESIAN_POINT('',(39.2329169964908,46.3519456265438,6.16));
#8346=CARTESIAN_POINT('',(35.6522926051781,42.8620847456007,6.16));
#8347=CARTESIAN_POINT('Origin',(39.1421534861213,39.2814603542881,6.16));
#8348=CARTESIAN_POINT('',(40.1167154738045,38.281552179438,4.56));
#8349=CARTESIAN_POINT('Origin',(35.7430561155476,49.9325700178565,6.16));
#8350=CARTESIAN_POINT('',(39.3236805068602,53.4224308987996,4.56));
#8351=CARTESIAN_POINT('',(35.7430561155476,49.9325700178565,4.56));
#8352=CARTESIAN_POINT('',(13.4999784391474,28.253321325091,4.56));
#8353=CARTESIAN_POINT('',(39.3236790236547,53.4224294531911,5.36));
#8354=CARTESIAN_POINT('',(35.7430561155476,49.9325700178565,6.16));
#8355=CARTESIAN_POINT('Origin',(39.2329169964908,46.3519456265438,6.16));
#8356=CARTESIAN_POINT('',(41.9524094246456,43.5617252560374,4.56));
#8357=CARTESIAN_POINT('Origin',(53.0108334995243,17.8884775167819,6.16));
#8358=CARTESIAN_POINT('',(49.5209726185811,21.4691019080945,4.56));
#8359=CARTESIAN_POINT('',(53.0108334995243,17.8884775167819,4.56));
#8360=CARTESIAN_POINT('',(45.2607432848497,25.8401303202133,4.56));
#8361=CARTESIAN_POINT('',(49.5209726185811,21.4691019080945,6.16));
#8362=CARTESIAN_POINT('',(53.0108334995243,17.8884775167819,6.16));
#8363=CARTESIAN_POINT('Origin',(49.4302091082117,14.3986166358387,6.16));
#8364=CARTESIAN_POINT('',(49.4302091082117,14.3986166358387,4.56));
#8365=CARTESIAN_POINT('',(32.5580680187804,-2.04584073551207,4.56));
#8366=CARTESIAN_POINT('',(49.4302091082117,14.3986166358387,6.16));
#8367=CARTESIAN_POINT('Origin',(52.9200699891548,10.8179922445261,6.16));
#8368=CARTESIAN_POINT('',(52.9200699891548,10.8179922445261,4.56));
#8369=CARTESIAN_POINT('',(43.4250493340086,20.5599572436138,4.56));
#8370=CARTESIAN_POINT('',(52.9200699891548,10.8179922445261,6.16));
#8371=CARTESIAN_POINT('Origin',(56.4972890244291,14.3045340901488,6.16));
#8372=CARTESIAN_POINT('',(54.8557269240513,12.7045831506589,4.56));
#8373=CARTESIAN_POINT('',(37.8365384173605,-3.8831942040133,4.56));
#8374=CARTESIAN_POINT('',(56.4972890244291,14.3045340901488,1.56));
#8375=CARTESIAN_POINT('Ctrl Pts',(56.4972895219723,14.3045345750801,1.56));
#8376=CARTESIAN_POINT('Ctrl Pts',(56.4972895219723,14.3045345750801,2.32666666666666));
#8377=CARTESIAN_POINT('Ctrl Pts',(56.4972895219723,14.3045345750801,3.09333333333333));
#8378=CARTESIAN_POINT('Ctrl Pts',(56.4972895219723,14.3045345750801,4.62666666666667));
#8379=CARTESIAN_POINT('Ctrl Pts',(56.4972895219723,14.3045345750801,5.39333333333334));
#8380=CARTESIAN_POINT('Ctrl Pts',(56.4972895219723,14.3045345750801,6.16));
#8381=CARTESIAN_POINT('',(56.1060331980627,13.9231960178869,1.56));
#8382=CARTESIAN_POINT('',(37.8365384173605,-3.8831942040133,1.56));
#8383=CARTESIAN_POINT('',(54.4779343618685,12.3363670691263,2.68186934340515));
#8384=CARTESIAN_POINT('Ctrl Pts',(54.4779198561504,12.3363819576132,2.68186934340515));
#8385=CARTESIAN_POINT('Ctrl Pts',(54.4714883183885,12.3301136702854,2.64988400024251));
#8386=CARTESIAN_POINT('Ctrl Pts',(54.4675290969135,12.3262112988635,2.61726021538979));
#8387=CARTESIAN_POINT('Ctrl Pts',(54.4662572143715,12.3249230352365,2.58410958097061));
#8388=CARTESIAN_POINT('Ctrl Pts',(54.4649971812564,12.3236467736497,2.55126779269382));
#8389=CARTESIAN_POINT('Ctrl Pts',(54.466400066072,12.3249625771573,2.51858011158506));
#8390=CARTESIAN_POINT('Ctrl Pts',(54.4703651080706,12.3287933690949,2.48615869195056));
#8391=CARTESIAN_POINT('Ctrl Pts',(54.474586242576,12.3328715826515,2.45164325095802));
#8392=CARTESIAN_POINT('Ctrl Pts',(54.4816090460808,12.3396974492717,2.41824173070017));
#8393=CARTESIAN_POINT('Ctrl Pts',(54.4909255252641,12.3487822382662,2.38607831366842));
#8394=CARTESIAN_POINT('Ctrl Pts',(54.5002420044475,12.3578670272608,2.35391489663667));
#8395=CARTESIAN_POINT('Ctrl Pts',(54.5118522553151,12.3692106978603,2.32298901644462));
#8396=CARTESIAN_POINT('Ctrl Pts',(54.5252728493761,12.3823156181615,2.29337387449598));
#8397=CARTESIAN_POINT('Ctrl Pts',(54.5385760487443,12.3953059050802,2.26401778669018));
#8398=CARTESIAN_POINT('Ctrl Pts',(54.554060230927,12.4104202005383,2.23506125157635));
#8399=CARTESIAN_POINT('Ctrl Pts',(54.5717063074459,12.4276176927506,2.20658114393659));
#8400=CARTESIAN_POINT('Ctrl Pts',(54.5948915708674,12.4502135591294,2.16916099576973));
#8401=CARTESIAN_POINT('Ctrl Pts',(54.621807753081,12.4764062032743,2.13256194257387));
#8402=CARTESIAN_POINT('Ctrl Pts',(54.652335246108,12.5061302867291,2.09695093341151));
#8403=CARTESIAN_POINT('Ctrl Pts',(54.6663276871057,12.5197544806183,2.08062843538882));
#8404=CARTESIAN_POINT('Ctrl Pts',(54.6810794069294,12.5341203808838,2.06451388015435));
#8405=CARTESIAN_POINT('Ctrl Pts',(54.6965816182791,12.5492206941362,2.04862558847769));
#8406=CARTESIAN_POINT('Ctrl Pts',(54.7338015250614,12.5854756669887,2.01047872531141));
#8407=CARTESIAN_POINT('Ctrl Pts',(54.7750180569123,12.6256529562891,1.97397331211526));
#8408=CARTESIAN_POINT('Ctrl Pts',(54.8199010570367,12.6694301552804,1.93934360722214));
#8409=CARTESIAN_POINT('Ctrl Pts',(54.8649322159093,12.7133518627713,1.90459958970039));
#8410=CARTESIAN_POINT('Ctrl Pts',(54.913654696061,12.7608970618432,1.8717426831151));
#8411=CARTESIAN_POINT('Ctrl Pts',(54.9657772408586,12.8117248891955,1.8410348767799));
#8412=CARTESIAN_POINT('Ctrl Pts',(54.9825324110491,12.8280638630696,1.83116362963876));
#8413=CARTESIAN_POINT('Ctrl Pts',(54.9996392132747,12.8447419430003,1.82151471761123));
#8414=CARTESIAN_POINT('Ctrl Pts',(55.0170887374286,12.8617475307976,1.81209766271516));
#8415=CARTESIAN_POINT('Ctrl Pts',(55.071697510464,12.91496699261,1.78262672649109));
#8416=CARTESIAN_POINT('Ctrl Pts',(55.1296612550979,12.971394621222,1.75542310805108));
#8417=CARTESIAN_POINT('Ctrl Pts',(55.1905898808545,13.0307172251441,1.73061001177319));
#8418=CARTESIAN_POINT('Ctrl Pts',(55.2053535329552,13.0450917211242,1.72459753542997));
#8419=CARTESIAN_POINT('Ctrl Pts',(55.2202913595851,13.0596361611825,1.71872563592288));
#8420=CARTESIAN_POINT('Ctrl Pts',(55.2353979623747,13.0743460366963,1.71299649904745));
#8421=CARTESIAN_POINT('Ctrl Pts',(55.294547937957,13.1319426247295,1.69056403616963));
#8422=CARTESIAN_POINT('Ctrl Pts',(55.3557495133565,13.1915424174276,1.67051640173999));
#8423=CARTESIAN_POINT('Ctrl Pts',(55.4185964674655,13.2527804106176,1.65288100739564));
#8424=CARTESIAN_POINT('Ctrl Pts',(55.483008852906,13.3155437581318,1.63480633959341));
#8425=CARTESIAN_POINT('Ctrl Pts',(55.5491504791963,13.3800276158779,1.61926502683656));
#8426=CARTESIAN_POINT('Ctrl Pts',(55.616615213917,13.4458281344908,1.60632915300263));
#8427=CARTESIAN_POINT('Ctrl Pts',(55.6836147489583,13.5111749289426,1.59348247783503));
#8428=CARTESIAN_POINT('Ctrl Pts',(55.751920204556,13.577819929291,1.58320507546575));
#8429=CARTESIAN_POINT('Ctrl Pts',(55.8211498765182,13.6453621602927,1.57561554044289));
#8430=CARTESIAN_POINT('Ctrl Pts',(55.8880637809109,13.7106450694792,1.56827987920818));
#8431=CARTESIAN_POINT('Ctrl Pts',(55.9558419702208,13.7767658766042,1.56345514800466));
#8432=CARTESIAN_POINT('Ctrl Pts',(56.0241412725526,13.8433623215985,1.56129657832047));
#8433=CARTESIAN_POINT('Ctrl Pts',(56.0513632226745,13.8699055664346,1.56043624045065));
#8434=CARTESIAN_POINT('Ctrl Pts',(56.0786679029061,13.8965243923195,1.56));
#8435=CARTESIAN_POINT('Ctrl Pts',(56.1060331980623,13.9231960178865,1.56));
#8436=CARTESIAN_POINT('Ctrl Pts',(54.8557269245436,12.7045831514443,4.56000000000006));
#8437=CARTESIAN_POINT('Ctrl Pts',(54.7927312765825,12.6431843495977,4.24695069925327));
#8438=CARTESIAN_POINT('Ctrl Pts',(54.7297475117722,12.5817971296817,3.93389962826666));
#8439=CARTESIAN_POINT('Ctrl Pts',(54.603816219872,12.4590580089978,3.30785438883195));
#8440=CARTESIAN_POINT('Ctrl Pts',(54.5408697270209,12.3977071162522,2.99486538993505));
#8441=CARTESIAN_POINT('Ctrl Pts',(54.477934361882,12.3363670691478,2.68186934340514));
#8442=CARTESIAN_POINT('Origin',(53.1015970098938,24.9589627890376,6.16));
#8443=CARTESIAN_POINT('',(57.6238682141521,20.3190773799597,4.56));
#8444=CARTESIAN_POINT('',(53.1015970098938,24.9589627890376,4.56));
#8445=CARTESIAN_POINT('',(47.0964372356907,31.1203033968127,4.56));
#8446=CARTESIAN_POINT('',(57.4453304954012,20.5022584681004,2.68186934340515));
#8447=CARTESIAN_POINT('Ctrl Pts',(57.4453304954012,20.5022584681004,2.68186934340514));
#8448=CARTESIAN_POINT('Ctrl Pts',(57.475086853862,20.4717282130168,2.99489443583537));
#8449=CARTESIAN_POINT('Ctrl Pts',(57.5048431423038,20.4411980297732,3.30791752521085));
#8450=CARTESIAN_POINT('Ctrl Pts',(57.5643558405227,20.3801375387952,3.9339624083548));
#8451=CARTESIAN_POINT('Ctrl Pts',(57.5941118755162,20.3496076155916,4.2469802596239));
#8452=CARTESIAN_POINT('Ctrl Pts',(57.6238682141807,20.3190773808192,4.56000000000006));
#8453=CARTESIAN_POINT('',(58.2137942086344,19.7138087248837,1.56));
#8454=CARTESIAN_POINT('Ctrl Pts',(58.2137942086336,19.7138087248845,1.56));
#8455=CARTESIAN_POINT('Ctrl Pts',(58.1352926055768,19.7943519798313,1.56));
#8456=CARTESIAN_POINT('Ctrl Pts',(58.0569168943265,19.8747660688058,1.57541949393242));
#8457=CARTESIAN_POINT('Ctrl Pts',(57.9070620481699,20.0285183058175,1.63631865704177));
#8458=CARTESIAN_POINT('Ctrl Pts',(57.8358110298063,20.1016224045085,1.68121062495381));
#8459=CARTESIAN_POINT('Ctrl Pts',(57.692165873659,20.2490034513014,1.81079673913208));
#8460=CARTESIAN_POINT('Ctrl Pts',(57.6231837741186,20.3197796216432,1.90086061950748));
#8461=CARTESIAN_POINT('Ctrl Pts',(57.5183522959376,20.4273375331352,2.10512837099368));
#8462=CARTESIAN_POINT('Ctrl Pts',(57.4812173482476,20.4654382781235,2.2147411477152));
#8463=CARTESIAN_POINT('Ctrl Pts',(57.4392192969191,20.5085286052467,2.44631537228382));
#8464=CARTESIAN_POINT('Ctrl Pts',(57.434199601433,20.5136788518346,2.5647767523271));
#8465=CARTESIAN_POINT('Ctrl Pts',(57.4453304954012,20.5022584681004,2.68186934340515));
#8466=CARTESIAN_POINT('',(58.3981165713288,19.5246925479805,1.56));
#8467=CARTESIAN_POINT('',(47.0964372356907,31.1203033968127,1.56));
#8468=CARTESIAN_POINT('Ctrl Pts',(58.3981167179547,19.5246923975412,6.16));
#8469=CARTESIAN_POINT('Ctrl Pts',(58.3981167179547,19.5246923975412,5.39333333333334));
#8470=CARTESIAN_POINT('Ctrl Pts',(58.3981167179547,19.5246923975412,4.62666666666667));
#8471=CARTESIAN_POINT('Ctrl Pts',(58.3981167179547,19.5246923975412,3.09333333333333));
#8472=CARTESIAN_POINT('Ctrl Pts',(58.3981167179547,19.5246923975412,2.32666666666666));
#8473=CARTESIAN_POINT('Ctrl Pts',(58.3981167179547,19.5246923975412,1.56));
#8474=CARTESIAN_POINT('',(53.1015970098938,24.9589627890376,6.16));
#8475=CARTESIAN_POINT('Origin',(49.5209726185811,21.4691019080945,6.16));
#8476=CARTESIAN_POINT('',(30.8585193334936,3.27971409627215,4.56));
#8477=CARTESIAN_POINT('Origin',(56.6822214012063,28.4488236699807,6.16));
#8478=CARTESIAN_POINT('',(53.1923605202633,32.0294480612933,4.56));
#8479=CARTESIAN_POINT('',(56.6822214012063,28.4488236699807,4.56));
#8480=CARTESIAN_POINT('',(50.6770616270034,34.6101642777558,4.56));
#8481=CARTESIAN_POINT('',(53.1923605202633,32.0294480612933,6.16));
#8482=CARTESIAN_POINT('',(56.6822214012063,28.4488236699807,6.16));
#8483=CARTESIAN_POINT('Origin',(60.262845792519,31.9386845509239,6.16));
#8484=CARTESIAN_POINT('',(60.262845792519,31.9386845509239,4.56));
#8485=CARTESIAN_POINT('',(36.2294559204625,8.51450541768684,4.56));
#8486=CARTESIAN_POINT('',(60.2628452323537,31.9386840049579,5.36));
#8487=CARTESIAN_POINT('Origin',(49.6117361289507,28.5395871803502,6.16));
#8488=CARTESIAN_POINT('',(46.1218752480075,32.1202115716628,4.56));
#8489=CARTESIAN_POINT('',(49.6117361289507,28.5395871803502,4.56));
#8490=CARTESIAN_POINT('',(45.3515067952192,32.9106155924691,4.56));
#8491=CARTESIAN_POINT('',(46.1218752480075,32.1202115716628,6.16));
#8492=CARTESIAN_POINT('',(49.6117361289507,28.5395871803502,6.16));
#8493=CARTESIAN_POINT('Origin',(53.1923605202632,32.0294480612933,6.16));
#8494=CARTESIAN_POINT('',(30.9492828438631,10.3501993685278,4.56));
#8495=CARTESIAN_POINT('Origin',(46.1218752480075,32.1202115716629,6.16));
#8496=CARTESIAN_POINT('',(53.2831240306328,39.0999333335491,4.56));
#8497=CARTESIAN_POINT('',(25.6691097672637,12.1858933193689,4.56));
#8498=CARTESIAN_POINT('',(53.2831231627874,39.0999324877023,5.36));
#8499=CARTESIAN_POINT('Ctrl Pts',(22.097427817492,35.5455098649968,4.56));
#8500=CARTESIAN_POINT('Ctrl Pts',(22.097427817492,35.5455098649968,7.06));
#8501=CARTESIAN_POINT('Ctrl Pts',(24.0958851230437,38.1848036238053,4.56));
#8502=CARTESIAN_POINT('Ctrl Pts',(24.0958851230437,38.1848036238053,7.06));
#8503=CARTESIAN_POINT('Ctrl Pts',(26.1278363856576,40.7691674244146,4.56));
#8504=CARTESIAN_POINT('Ctrl Pts',(26.1278363856576,40.7691674244146,7.06));
#8505=CARTESIAN_POINT('Ctrl Pts',(28.1888892223592,43.3035434098794,4.56));
#8506=CARTESIAN_POINT('Ctrl Pts',(28.1888892223592,43.3035434098794,7.06));
#8507=CARTESIAN_POINT('',(22.097427817492,35.5455098649968,4.56));
#8508=CARTESIAN_POINT('Ctrl Pts',(22.0974282642288,35.5455095266395,4.56));
#8509=CARTESIAN_POINT('Ctrl Pts',(22.6015716133465,36.2113143773552,4.56));
#8510=CARTESIAN_POINT('Ctrl Pts',(23.1075634158764,36.8732791091452,4.56));
#8511=CARTESIAN_POINT('Ctrl Pts',(23.6156914312271,37.5319230614056,4.56));
#8512=CARTESIAN_POINT('Ctrl Pts',(24.0974575303973,38.1563962611435,4.56));
#8513=CARTESIAN_POINT('Ctrl Pts',(24.5810454105126,38.7777552273945,4.56));
#8514=CARTESIAN_POINT('Ctrl Pts',(25.0664009522729,39.3960732279846,4.56));
#8515=CARTESIAN_POINT('',(22.097427817492,35.5455098649968,4.56));
#8516=CARTESIAN_POINT('Ctrl Pts',(28.1952669992943,43.3113859961393,4.56000000000587));
#8517=CARTESIAN_POINT('Ctrl Pts',(28.2549024877852,43.2628847369869,3.93395644780559));
#8518=CARTESIAN_POINT('Ctrl Pts',(28.314537976276,43.2143834778345,3.30791289560532));
#8519=CARTESIAN_POINT('Ctrl Pts',(28.3741734647668,43.165882218682,2.68186934340504));
#8520=CARTESIAN_POINT('Ctrl Pts',(31.395591173675,47.2463950825719,4.56000000000587));
#8521=CARTESIAN_POINT('Ctrl Pts',(31.4543947085787,47.1968716543168,3.93395644780559));
#8522=CARTESIAN_POINT('Ctrl Pts',(31.5132054535824,47.1473547736807,3.30791289560532));
#8523=CARTESIAN_POINT('Ctrl Pts',(31.5720089884861,47.0978313454255,2.68186934340504));
#8524=CARTESIAN_POINT('Ctrl Pts',(34.6648797583806,51.0631580204047,4.56000000000587));
#8525=CARTESIAN_POINT('Ctrl Pts',(34.7229062446566,51.0127292828803,3.93395644780559));
#8526=CARTESIAN_POINT('Ctrl Pts',(34.7809387389027,50.9623052650392,3.30791289560532));
#8527=CARTESIAN_POINT('Ctrl Pts',(34.8389652251786,50.9118765275148,2.68186934340504));
#8528=CARTESIAN_POINT('Ctrl Pts',(37.9947739407439,54.7762764102284,4.56000000000587));
#8529=CARTESIAN_POINT('Ctrl Pts',(38.0520010342657,54.7249556211273,3.93395644780559));
#8530=CARTESIAN_POINT('Ctrl Pts',(38.1092281277875,54.6736348320262,3.30791289560532));
#8531=CARTESIAN_POINT('Ctrl Pts',(38.1664552213092,54.622314042925,2.68186934340504));
#8532=CARTESIAN_POINT('Ctrl Pts',(37.9962715975666,54.7779464263867,4.56000000000587));
#8533=CARTESIAN_POINT('Ctrl Pts',(38.0534986910884,54.7266256372856,3.93395644780559));
#8534=CARTESIAN_POINT('Ctrl Pts',(38.1107257846102,54.6753048481845,3.30791289560532));
#8535=CARTESIAN_POINT('Ctrl Pts',(38.1679528781319,54.6239840590833,2.68186934340504));
#8536=CARTESIAN_POINT('Ctrl Pts',(37.9977692543893,54.7796164425451,4.56000000000587));
#8537=CARTESIAN_POINT('Ctrl Pts',(38.0549963479111,54.7282956534439,3.93395644780559));
#8538=CARTESIAN_POINT('Ctrl Pts',(38.1122234414328,54.6769748643427,3.30791289560532));
#8539=CARTESIAN_POINT('Ctrl Pts',(38.1694505349546,54.6256540752416,2.68186934340504));
#8540=CARTESIAN_POINT('Ctrl Pts',(37.999266911212,54.7812864587034,4.56000000000587));
#8541=CARTESIAN_POINT('Ctrl Pts',(38.0564940047338,54.7299656696022,3.93395644780559));
#8542=CARTESIAN_POINT('Ctrl Pts',(38.1137210982556,54.6786448805011,3.30791289560532));
#8543=CARTESIAN_POINT('Ctrl Pts',(38.1709481917773,54.6273240913999,2.68186934340504));
#8544=CARTESIAN_POINT('',(38.1605872417594,54.6157705598103,2.68186934340515));
#8545=CARTESIAN_POINT('Ctrl Pts',(38.1605872412647,54.6157705602538,2.68186934340515));
#8546=CARTESIAN_POINT('Ctrl Pts',(34.8080819465648,50.8772342416158,2.68186934340515));
#8547=CARTESIAN_POINT('Ctrl Pts',(31.5417949367562,47.0606816112368,2.68186934340515));
#8548=CARTESIAN_POINT('Ctrl Pts',(28.3741734668814,43.1658822213346,2.68186934340515));
#8549=CARTESIAN_POINT('',(37.9992669112125,54.7812864587029,4.56));
#8550=CARTESIAN_POINT('Ctrl Pts',(38.1605872404016,54.6157705621729,2.68186934340514));
#8551=CARTESIAN_POINT('Ctrl Pts',(38.1301319903008,54.6470175763374,3.03643467732736));
#8552=CARTESIAN_POINT('Ctrl Pts',(38.0996766579342,54.6782644419518,3.39100001666177));
#8553=CARTESIAN_POINT('Ctrl Pts',(38.0692218433503,54.7095118255,3.74556535816941));
#8554=CARTESIAN_POINT('Ctrl Pts',(38.0459036628151,54.7334368482192,4.01704357131176));
#8555=CARTESIAN_POINT('Ctrl Pts',(38.0225852741414,54.7573616391356,4.28852178573807));
#8556=CARTESIAN_POINT('Ctrl Pts',(37.999266911212,54.7812864587034,4.56000000000587));
#8557=CARTESIAN_POINT('Ctrl Pts',(28.2121396644728,43.332130166877,4.56000000000587));
#8558=CARTESIAN_POINT('Ctrl Pts',(31.4070817640941,47.259809346178,4.56000000000587));
#8559=CARTESIAN_POINT('Ctrl Pts',(34.670731463724,51.0696831751191,4.56000000000587));
#8560=CARTESIAN_POINT('Ctrl Pts',(37.9947739407439,54.7762764102284,4.56000000000587));
#8561=CARTESIAN_POINT('Ctrl Pts',(37.9962715975666,54.7779464263867,4.56000000000587));
#8562=CARTESIAN_POINT('Ctrl Pts',(37.9977692543893,54.7796164425451,4.56000000000587));
#8563=CARTESIAN_POINT('Ctrl Pts',(37.999266911212,54.7812864587034,4.56000000000587));
#8564=CARTESIAN_POINT('Ctrl Pts',(38.2051819625765,54.6654976900028,2.68186934340515));
#8565=CARTESIAN_POINT('Ctrl Pts',(38.1922730488929,54.6511031410573,2.68186934340515));
#8566=CARTESIAN_POINT('Ctrl Pts',(38.1793641362366,54.6367085932574,2.68186934340515));
#8567=CARTESIAN_POINT('Ctrl Pts',(34.8116460577363,50.8814133063223,2.68186934340515));
#8568=CARTESIAN_POINT('Ctrl Pts',(31.5431233668914,47.0623475385232,2.68186934340515));
#8569=CARTESIAN_POINT('Ctrl Pts',(28.3733992640043,43.1649302838921,2.68186934340515));
#8570=CARTESIAN_POINT('Ctrl Pts',(38.2344394920094,54.6392597770626,2.36180263151151));
#8571=CARTESIAN_POINT('Ctrl Pts',(38.2215305783257,54.6248652281171,2.36180263151151));
#8572=CARTESIAN_POINT('Ctrl Pts',(38.2086216656694,54.6104706803172,2.36180263151152));
#8573=CARTESIAN_POINT('Ctrl Pts',(34.8413155444904,50.8556350796331,2.36180263151152));
#8574=CARTESIAN_POINT('Ctrl Pts',(31.5731906106885,47.0370331226283,2.36180263151151));
#8575=CARTESIAN_POINT('Ctrl Pts',(28.403888195529,43.1401339906519,2.36180263151152));
#8576=CARTESIAN_POINT('Ctrl Pts',(38.0671291587594,54.7893023145873,1.77405848282699));
#8577=CARTESIAN_POINT('Ctrl Pts',(38.0542202450757,54.7749077656417,1.77405848282699));
#8578=CARTESIAN_POINT('Ctrl Pts',(38.0413113324194,54.7605132178419,1.77405848282699));
#8579=CARTESIAN_POINT('Ctrl Pts',(34.6716329620758,51.0030352025429,1.77405848282698));
#8580=CARTESIAN_POINT('Ctrl Pts',(31.4012308201054,47.1817766440041,1.77405848282699));
#8581=CARTESIAN_POINT('Ctrl Pts',(28.229536040965,43.281932569199,1.77405848282699));
#8582=CARTESIAN_POINT('Ctrl Pts',(37.6463053073295,55.1666937003606,1.56));
#8583=CARTESIAN_POINT('Ctrl Pts',(37.6333963936458,55.152299151415,1.56));
#8584=CARTESIAN_POINT('Ctrl Pts',(37.6204874809896,55.1379046036152,1.55999999999999));
#8585=CARTESIAN_POINT('Ctrl Pts',(34.24487185576,51.3738048324044,1.55999999999999));
#8586=CARTESIAN_POINT('Ctrl Pts',(30.9687467074294,47.545871986042,1.56));
#8587=CARTESIAN_POINT('Ctrl Pts',(27.7910003942812,43.638588507851,1.56));
#8588=CARTESIAN_POINT('Ctrl Pts',(37.4662506154643,55.3281652743865,1.56));
#8589=CARTESIAN_POINT('Ctrl Pts',(37.4533417017806,55.3137707254409,1.56));
#8590=CARTESIAN_POINT('Ctrl Pts',(37.4404327891244,55.2993761776411,1.55999999999999));
#8591=CARTESIAN_POINT('Ctrl Pts',(34.0622819242498,51.5324474366615,1.55999999999999));
#8592=CARTESIAN_POINT('Ctrl Pts',(30.7837089266574,47.7016602375472,1.56));
#8593=CARTESIAN_POINT('Ctrl Pts',(27.603367491661,43.7911881642576,1.56));
#8594=CARTESIAN_POINT('',(37.4662506154643,55.3281652743865,1.56));
#8595=CARTESIAN_POINT('Ctrl Pts',(27.6767775300737,43.8814158198435,1.56));
#8596=CARTESIAN_POINT('Ctrl Pts',(30.8341537161614,47.7605908843228,1.56));
#8597=CARTESIAN_POINT('Ctrl Pts',(34.0881684400848,51.5613131281014,1.55999999999999));
#8598=CARTESIAN_POINT('Ctrl Pts',(37.4404327891244,55.2993761776411,1.55999999999999));
#8599=CARTESIAN_POINT('Ctrl Pts',(37.4533417017806,55.3137707254409,1.56));
#8600=CARTESIAN_POINT('Ctrl Pts',(37.4662506154643,55.3281652743865,1.56));
#8601=CARTESIAN_POINT('Ctrl Pts',(37.4662506154643,55.3281652743865,1.56));
#8602=CARTESIAN_POINT('Ctrl Pts',(37.55753583999,55.2345059324934,1.56));
#8603=CARTESIAN_POINT('Ctrl Pts',(37.6479589556967,55.1417311208741,1.58554192415551));
#8604=CARTESIAN_POINT('Ctrl Pts',(37.8167518638933,54.9685482998858,1.68480882108348));
#8605=CARTESIAN_POINT('Ctrl Pts',(37.8935357042434,54.8897674896006,1.75753606340146));
#8606=CARTESIAN_POINT('Ctrl Pts',(38.0231157667594,54.7568173496327,1.94090663438618));
#8607=CARTESIAN_POINT('Ctrl Pts',(38.0747275610776,54.703863252024,2.04970687425526));
#8608=CARTESIAN_POINT('Ctrl Pts',(38.1341433631771,54.6429021824577,2.25002404290027));
#8609=CARTESIAN_POINT('Ctrl Pts',(38.1505224757087,54.6260970871263,2.33453791849814));
#8610=CARTESIAN_POINT('Ctrl Pts',(38.1675026855977,54.6086752612868,2.50750218960469));
#8611=CARTESIAN_POINT('Ctrl Pts',(38.1680319427584,54.6081322393726,2.59519643274997));
#8612=CARTESIAN_POINT('Ctrl Pts',(38.1605872417594,54.6157705598103,2.68186934340515));
#8613=CARTESIAN_POINT('Ctrl Pts',(62.3624903835801,30.4368592352652,7.06000000000001));
#8614=CARTESIAN_POINT('Ctrl Pts',(62.3624903835801,30.4368592352652,1.56));
#8615=CARTESIAN_POINT('Ctrl Pts',(62.0931057175084,29.6385346015177,7.06000000000001));
#8616=CARTESIAN_POINT('Ctrl Pts',(62.0931057175084,29.6385346015177,1.56));
#8617=CARTESIAN_POINT('Ctrl Pts',(61.4308988579986,27.8087577614921,7.06000000000001));
#8618=CARTESIAN_POINT('Ctrl Pts',(61.4308988579986,27.8087577614921,1.56));
#8619=CARTESIAN_POINT('Ctrl Pts',(60.3692718527292,24.9076852504301,7.06000000000001));
#8620=CARTESIAN_POINT('Ctrl Pts',(60.3692718527292,24.9076852504301,1.56));
#8621=CARTESIAN_POINT('Ctrl Pts',(59.2146261622711,21.7524236981355,7.06000000000001));
#8622=CARTESIAN_POINT('Ctrl Pts',(59.2146261622711,21.7524236981355,1.56));
#8623=CARTESIAN_POINT('Ctrl Pts',(57.5821536381567,17.3219618991426,7.06000000000001));
#8624=CARTESIAN_POINT('Ctrl Pts',(57.5821536381567,17.3219618991426,1.56));
#8625=CARTESIAN_POINT('Ctrl Pts',(55.7016234545077,12.1022965162353,7.06000000000001));
#8626=CARTESIAN_POINT('Ctrl Pts',(55.7016234545077,12.1022965162353,1.56));
#8627=CARTESIAN_POINT('Ctrl Pts',(53.4667541736309,5.89911513571643,7.06000000000001));
#8628=CARTESIAN_POINT('Ctrl Pts',(53.4667541736309,5.89911513571643,1.56));
#8629=CARTESIAN_POINT('Ctrl Pts',(50.9068040308611,-1.36477829173293,7.06000000000001));
#8630=CARTESIAN_POINT('Ctrl Pts',(50.9068040308611,-1.36477829173293,1.55999999999999));
#8631=CARTESIAN_POINT('Ctrl Pts',(48.5637660770406,-8.52544772671654,7.06000000000001));
#8632=CARTESIAN_POINT('Ctrl Pts',(48.5637660770406,-8.52544772671654,1.56));
#8633=CARTESIAN_POINT('Ctrl Pts',(46.5158105828018,-14.7843016594456,7.06000000000002));
#8634=CARTESIAN_POINT('Ctrl Pts',(46.5158105828018,-14.7843016594456,1.56));
#8635=CARTESIAN_POINT('Ctrl Pts',(44.6467023198746,-20.9373443786485,7.06000000000001));
#8636=CARTESIAN_POINT('Ctrl Pts',(44.6467023198746,-20.9373443786485,1.56));
#8637=CARTESIAN_POINT('Ctrl Pts',(43.1273467649272,-26.5914610843794,7.06000000000001));
#8638=CARTESIAN_POINT('Ctrl Pts',(43.1273467649272,-26.5914610843794,1.56));
#8639=CARTESIAN_POINT('Ctrl Pts',(40.8760640168431,-34.9693653568962,7.06000000000001));
#8640=CARTESIAN_POINT('Ctrl Pts',(40.8760640168431,-34.9693653568962,1.56));
#8641=CARTESIAN_POINT('Ctrl Pts',(39.3746742974003,-42.2808608265557,7.06000000000001));
#8642=CARTESIAN_POINT('Ctrl Pts',(39.3746742974003,-42.2808608265557,1.56));
#8643=CARTESIAN_POINT('Ctrl Pts',(38.6188826053303,-48.4397937280606,7.06000000000001));
#8644=CARTESIAN_POINT('Ctrl Pts',(38.6188826053303,-48.4397937280606,1.56));
#8645=CARTESIAN_POINT('',(50.7738237325026,-1.91484041607083,4.56));
#8646=CARTESIAN_POINT('Ctrl Pts',(50.7738240759817,-1.91484025956779,4.56));
#8647=CARTESIAN_POINT('Ctrl Pts',(50.7738240759817,-1.91484025956779,5.09333333333333));
#8648=CARTESIAN_POINT('Ctrl Pts',(50.7738240759817,-1.91484025956779,5.62666666666667));
#8649=CARTESIAN_POINT('Ctrl Pts',(50.7738240759817,-1.91484025956779,6.16));
#8650=CARTESIAN_POINT('',(50.7738237325026,-1.91484041607083,1.56));
#8651=CARTESIAN_POINT('Ctrl Pts',(50.7738237325026,-1.91484041607083,4.56));
#8652=CARTESIAN_POINT('Ctrl Pts',(50.7738237325026,-1.91484041607083,4.22666666666667));
#8653=CARTESIAN_POINT('Ctrl Pts',(50.7738240759817,-1.91484025956777,3.89333333333334));
#8654=CARTESIAN_POINT('Ctrl Pts',(50.7738240759817,-1.91484025956777,2.89333333333334));
#8655=CARTESIAN_POINT('Ctrl Pts',(50.7738240759817,-1.91484025956777,2.22666666666667));
#8656=CARTESIAN_POINT('Ctrl Pts',(50.7738240759817,-1.91484025956777,1.56));
#8657=CARTESIAN_POINT('Ctrl Pts',(50.7749790033736,-1.91259266015906,1.56));
#8658=CARTESIAN_POINT('Ctrl Pts',(52.4531317761389,3.00982485608865,1.55999999999999));
#8659=CARTESIAN_POINT('Ctrl Pts',(54.1552015428101,7.80999374436802,1.56));
#8660=CARTESIAN_POINT('Ctrl Pts',(55.7016234545077,12.1022965162353,1.56));
#8661=CARTESIAN_POINT('Ctrl Pts',(55.9719424456679,12.8526033673404,1.56));
#8662=CARTESIAN_POINT('Ctrl Pts',(56.237135831757,13.5866029377127,1.56));
#8663=CARTESIAN_POINT('Ctrl Pts',(56.4965211475737,14.3028517099114,1.56));
#8664=CARTESIAN_POINT('Ctrl Pts',(62.3624903835801,30.4368592352652,7.06000000000001));
#8665=CARTESIAN_POINT('Ctrl Pts',(62.3624903835801,30.4368592352652,1.56));
#8666=CARTESIAN_POINT('Ctrl Pts',(62.0931057175084,29.6385346015177,7.06000000000001));
#8667=CARTESIAN_POINT('Ctrl Pts',(62.0931057175084,29.6385346015177,1.56));
#8668=CARTESIAN_POINT('Ctrl Pts',(61.4308988579986,27.8087577614921,7.06000000000001));
#8669=CARTESIAN_POINT('Ctrl Pts',(61.4308988579986,27.8087577614921,1.56));
#8670=CARTESIAN_POINT('Ctrl Pts',(60.3692718527292,24.9076852504301,7.06000000000001));
#8671=CARTESIAN_POINT('Ctrl Pts',(60.3692718527292,24.9076852504301,1.56));
#8672=CARTESIAN_POINT('Ctrl Pts',(59.2146261622711,21.7524236981355,7.06000000000001));
#8673=CARTESIAN_POINT('Ctrl Pts',(59.2146261622711,21.7524236981355,1.56));
#8674=CARTESIAN_POINT('Ctrl Pts',(57.5821536381567,17.3219618991426,7.06000000000001));
#8675=CARTESIAN_POINT('Ctrl Pts',(57.5821536381567,17.3219618991426,1.56));
#8676=CARTESIAN_POINT('Ctrl Pts',(55.7016234545077,12.1022965162353,7.06000000000001));
#8677=CARTESIAN_POINT('Ctrl Pts',(55.7016234545077,12.1022965162353,1.56));
#8678=CARTESIAN_POINT('Ctrl Pts',(53.4667541736309,5.89911513571643,7.06000000000001));
#8679=CARTESIAN_POINT('Ctrl Pts',(53.4667541736309,5.89911513571643,1.56));
#8680=CARTESIAN_POINT('Ctrl Pts',(50.9068040308611,-1.36477829173293,7.06000000000001));
#8681=CARTESIAN_POINT('Ctrl Pts',(50.9068040308611,-1.36477829173293,1.55999999999999));
#8682=CARTESIAN_POINT('Ctrl Pts',(48.5637660770406,-8.52544772671654,7.06000000000001));
#8683=CARTESIAN_POINT('Ctrl Pts',(48.5637660770406,-8.52544772671654,1.56));
#8684=CARTESIAN_POINT('Ctrl Pts',(46.5158105828018,-14.7843016594456,7.06000000000002));
#8685=CARTESIAN_POINT('Ctrl Pts',(46.5158105828018,-14.7843016594456,1.56));
#8686=CARTESIAN_POINT('Ctrl Pts',(44.6467023198746,-20.9373443786485,7.06000000000001));
#8687=CARTESIAN_POINT('Ctrl Pts',(44.6467023198746,-20.9373443786485,1.56));
#8688=CARTESIAN_POINT('Ctrl Pts',(43.1273467649272,-26.5914610843794,7.06000000000001));
#8689=CARTESIAN_POINT('Ctrl Pts',(43.1273467649272,-26.5914610843794,1.56));
#8690=CARTESIAN_POINT('Ctrl Pts',(40.8760640168431,-34.9693653568962,7.06000000000001));
#8691=CARTESIAN_POINT('Ctrl Pts',(40.8760640168431,-34.9693653568962,1.56));
#8692=CARTESIAN_POINT('Ctrl Pts',(39.3746742974003,-42.2808608265557,7.06000000000001));
#8693=CARTESIAN_POINT('Ctrl Pts',(39.3746742974003,-42.2808608265557,1.56));
#8694=CARTESIAN_POINT('Ctrl Pts',(38.6188826053303,-48.4397937280606,7.06000000000001));
#8695=CARTESIAN_POINT('Ctrl Pts',(38.6188826053303,-48.4397937280606,1.56));
#8696=CARTESIAN_POINT('',(62.1962488853083,29.9549969987595,1.56));
#8697=CARTESIAN_POINT('Ctrl Pts',(58.3946271155401,19.5170428103758,1.56));
#8698=CARTESIAN_POINT('Ctrl Pts',(59.1465278209118,21.5734147881477,1.56));
#8699=CARTESIAN_POINT('Ctrl Pts',(59.8132933660395,23.3883814869884,1.56));
#8700=CARTESIAN_POINT('Ctrl Pts',(60.3692718527292,24.9076852504301,1.56));
#8701=CARTESIAN_POINT('Ctrl Pts',(61.2541937370422,27.3258816040225,1.56));
#8702=CARTESIAN_POINT('Ctrl Pts',(61.8615945765534,28.9997311912486,1.56));
#8703=CARTESIAN_POINT('Ctrl Pts',(62.1952956446254,29.9523097730624,1.56));
#8704=CARTESIAN_POINT('Ctrl Pts',(62.1962488853091,29.9549969987619,6.16));
#8705=CARTESIAN_POINT('Ctrl Pts',(62.1962488853091,29.9549969987619,5.54333333333334));
#8706=CARTESIAN_POINT('Ctrl Pts',(62.196248885309,29.9549969987619,4.92666666666667));
#8707=CARTESIAN_POINT('Ctrl Pts',(62.196248885309,29.9549969987619,3.39333333333334));
#8708=CARTESIAN_POINT('Ctrl Pts',(62.196248885309,29.9549969987619,2.47666666666667));
#8709=CARTESIAN_POINT('Ctrl Pts',(62.196248885309,29.9549969987619,1.56));
#8710=CARTESIAN_POINT('Origin',(0.185746500000006,-2.58699249999999,1.56));
#8711=CARTESIAN_POINT('',(50.4761171769988,-2.05048760725969,1.56));
#8712=CARTESIAN_POINT('',(28.1395085976312,-12.2279531633964,1.56));
#8713=CARTESIAN_POINT('Ctrl Pts',(56.1060331980624,13.9231960178869,1.56));
#8714=CARTESIAN_POINT('Ctrl Pts',(54.1848756019302,8.61432225339999,1.56));
#8715=CARTESIAN_POINT('Ctrl Pts',(52.2956272075508,3.29379707775506,1.56));
#8716=CARTESIAN_POINT('Ctrl Pts',(50.4761076641974,-2.05048436852156,1.56));
#8717=CARTESIAN_POINT('Origin',(0.185746500000006,-2.58699249999999,1.56));
#8718=CARTESIAN_POINT('',(62.0106123664399,30.1454614934247,1.56));
#8719=CARTESIAN_POINT('Ctrl Pts',(62.0113951329361,30.1451892004428,1.56));
#8720=CARTESIAN_POINT('Ctrl Pts',(61.8798142424333,29.7649486292036,1.56));
#8721=CARTESIAN_POINT('Ctrl Pts',(61.5579371683856,28.8689304955616,1.56));
#8722=CARTESIAN_POINT('Ctrl Pts',(61.0478357535843,27.4563766969865,1.56));
#8723=CARTESIAN_POINT('Ctrl Pts',(60.4820096415051,25.9075338426193,1.56));
#8724=CARTESIAN_POINT('Ctrl Pts',(59.5377479901632,23.3264981502041,1.56));
#8725=CARTESIAN_POINT('Ctrl Pts',(58.7801307211008,21.2625004929915,1.56));
#8726=CARTESIAN_POINT('Ctrl Pts',(58.2137942086334,19.7138087248841,1.56));
#8727=CARTESIAN_POINT('',(43.1608725708443,49.4854393848294,1.56));
#8728=CARTESIAN_POINT('Ctrl Pts',(54.8557269245436,12.7045831514443,4.56000000000006));
#8729=CARTESIAN_POINT('Ctrl Pts',(54.7834145943636,12.7306540265889,3.93395644780176));
#8730=CARTESIAN_POINT('Ctrl Pts',(54.7111022641835,12.7567249017335,3.30791289560345));
#8731=CARTESIAN_POINT('Ctrl Pts',(54.6387899340035,12.7827957768781,2.68186934340514));
#8732=CARTESIAN_POINT('Ctrl Pts',(53.1688190985115,8.02563643321378,4.56000000000006));
#8733=CARTESIAN_POINT('Ctrl Pts',(53.0964035169237,8.05142020406843,3.93395644780176));
#8734=CARTESIAN_POINT('Ctrl Pts',(53.0239883437413,8.07720726071078,3.30791289560345));
#8735=CARTESIAN_POINT('Ctrl Pts',(52.9515727621534,8.10299103156543,2.68186934340514));
#8736=CARTESIAN_POINT('Ctrl Pts',(51.2882004242614,2.72267103169254,4.56000000000006));
#8737=CARTESIAN_POINT('Ctrl Pts',(51.2156245891287,2.74800815648479,3.93395644780176));
#8738=CARTESIAN_POINT('Ctrl Pts',(51.143048864388,2.77334810447041,3.30791289560345));
#8739=CARTESIAN_POINT('Ctrl Pts',(51.0704730292554,2.79868522926267,2.68186934340514));
#8740=CARTESIAN_POINT('Ctrl Pts',(49.4543522593657,-2.68956509697633,4.56000000000006));
#8741=CARTESIAN_POINT('Ctrl Pts',(49.3815494376557,-2.66489704521027,3.93395644780176));
#8742=CARTESIAN_POINT('Ctrl Pts',(49.3087466159456,-2.6402289934442,3.30791289560345));
#8743=CARTESIAN_POINT('Ctrl Pts',(49.2359437942356,-2.61556094167814,2.68186934340514));
#8744=CARTESIAN_POINT('',(49.2359437942864,-2.61556094152811,2.68186934340515));
#8745=CARTESIAN_POINT('Ctrl Pts',(49.2359437933095,-2.61556094100321,2.68186934340515));
#8746=CARTESIAN_POINT('Ctrl Pts',(50.9314950096332,2.38852333566191,2.68186934340515));
#8747=CARTESIAN_POINT('Ctrl Pts',(52.68909214811,7.36906332730003,2.68186934340515));
#8748=CARTESIAN_POINT('Ctrl Pts',(54.4779167752547,12.3363734024068,2.68186934340515));
#8749=CARTESIAN_POINT('',(49.523928029536,-2.48434363424868,4.56));
#8750=CARTESIAN_POINT('Ctrl Pts',(49.2359437942864,-2.61556094152811,2.68186934340515));
#8751=CARTESIAN_POINT('Ctrl Pts',(49.3319232762857,-2.57182879353112,3.30791571373939));
#8752=CARTESIAN_POINT('Ctrl Pts',(49.4279180582331,-2.52808967425676,3.93395930149371));
#8753=CARTESIAN_POINT('Ctrl Pts',(49.5239280297059,-2.48434363401798,4.55999999992915));
#8754=CARTESIAN_POINT('Ctrl Pts',(54.8557269245436,12.7045831514443,4.56000000000006));
#8755=CARTESIAN_POINT('Ctrl Pts',(53.1901461909047,8.0847910161866,4.56000000000006));
#8756=CARTESIAN_POINT('Ctrl Pts',(51.3357217081761,2.85665903451004,4.56000000000006));
#8757=CARTESIAN_POINT('Ctrl Pts',(49.5239286515561,-2.48434248131693,4.56000000000006));
#8758=CARTESIAN_POINT('Ctrl Pts',(49.2330089542176,-2.62422274490586,2.68186934340515));
#8759=CARTESIAN_POINT('Ctrl Pts',(51.1485089337336,3.0292662952634,2.68186934340515));
#8760=CARTESIAN_POINT('Ctrl Pts',(53.143225632399,8.65269634226322,2.68186934340515));
#8761=CARTESIAN_POINT('Ctrl Pts',(55.1727185127459,14.260940834739,2.68186934340515));
#8762=CARTESIAN_POINT('Ctrl Pts',(49.2143985269211,-2.61791720988992,2.52183598745833));
#8763=CARTESIAN_POINT('Ctrl Pts',(51.1299597915228,3.03575270971748,2.52183598745833));
#8764=CARTESIAN_POINT('Ctrl Pts',(53.1247196506772,8.65930267756052,2.52183598745833));
#8765=CARTESIAN_POINT('Ctrl Pts',(55.1542415040343,14.2676272332512,2.52183598745833));
#8766=CARTESIAN_POINT('Ctrl Pts',(49.2521785445569,-2.63071773404291,2.19282914294533));
#8767=CARTESIAN_POINT('Ctrl Pts',(51.1676167127564,3.02258887354803,2.19282914294533));
#8768=CARTESIAN_POINT('Ctrl Pts',(53.1622870172906,8.64588979701121,2.19282914294532));
#8769=CARTESIAN_POINT('Ctrl Pts',(55.1917506758476,14.254053538801,2.19282914294532));
#8770=CARTESIAN_POINT('Ctrl Pts',(49.5641338028768,-2.73641357720738,1.71333117198641));
#8771=CARTESIAN_POINT('Ctrl Pts',(51.4785555509054,2.91389312416672,1.71333117198641));
#8772=CARTESIAN_POINT('Ctrl Pts',(53.4724863818249,8.53513762861631,1.71333117198641));
#8773=CARTESIAN_POINT('Ctrl Pts',(55.5014695196875,14.1419735128097,1.71333117198641));
#8774=CARTESIAN_POINT('Ctrl Pts',(49.944000863771,-2.86511911500743,1.56));
#8775=CARTESIAN_POINT('Ctrl Pts',(51.8571863783645,2.78153891382626,1.56));
#8776=CARTESIAN_POINT('Ctrl Pts',(53.8502146061095,8.40027311193378,1.56));
#8777=CARTESIAN_POINT('Ctrl Pts',(55.8786133048143,14.0054939731233,1.56));
#8778=CARTESIAN_POINT('Ctrl Pts',(50.1730629081263,-2.94272930194738,1.56));
#8779=CARTESIAN_POINT('Ctrl Pts',(52.0855010787452,2.70172298373055,1.56));
#8780=CARTESIAN_POINT('Ctrl Pts',(54.0779878121469,8.31895149148703,1.56));
#8781=CARTESIAN_POINT('Ctrl Pts',(56.1060331980624,13.9231960178869,1.56));
#8782=CARTESIAN_POINT('Ctrl Pts',(50.4761076816751,-2.05048431718616,1.56));
#8783=CARTESIAN_POINT('Ctrl Pts',(50.4216400884209,-2.07530243730075,1.56));
#8784=CARTESIAN_POINT('Ctrl Pts',(50.3674477848053,-2.10002160342029,1.56298000036661));
#8785=CARTESIAN_POINT('Ctrl Pts',(50.3138377289716,-2.12448503181281,1.56875307256974));
#8786=CARTESIAN_POINT('Ctrl Pts',(50.2593255095982,-2.14936013694789,1.57462329548785));
#8787=CARTESIAN_POINT('Ctrl Pts',(50.2054143224213,-2.17397049220541,1.58338169402591));
#8788=CARTESIAN_POINT('Ctrl Pts',(50.1524250414101,-2.19815021996808,1.59488754490334));
#8789=CARTESIAN_POINT('Ctrl Pts',(50.0995287834689,-2.222287500042,1.60637319717549));
#8790=CARTESIAN_POINT('Ctrl Pts',(50.0475502050113,-2.24599532436624,1.62059710574566));
#8791=CARTESIAN_POINT('Ctrl Pts',(49.9968215121626,-2.26911271528545,1.63746852625469));
#8792=CARTESIAN_POINT('Ctrl Pts',(49.9484374675573,-2.29116163495165,1.65356016033045));
#8793=CARTESIAN_POINT('Ctrl Pts',(49.9011897663575,-2.31267320593474,1.67206086117013));
#8794=CARTESIAN_POINT('Ctrl Pts',(49.8553902811088,-2.33351546830029,1.69292843888884));
#8795=CARTESIAN_POINT('Ctrl Pts',(49.8093201422056,-2.35448089874181,1.71391933428547));
#8796=CARTESIAN_POINT('Ctrl Pts',(49.7651243087816,-2.37458204048938,1.73711841212534));
#8797=CARTESIAN_POINT('Ctrl Pts',(49.7230391518385,-2.39373099044876,1.76241119280669));
#8798=CARTESIAN_POINT('Ctrl Pts',(49.6968242198836,-2.40565891128015,1.77816611859701));
#8799=CARTESIAN_POINT('Ctrl Pts',(49.6714284765954,-2.41721745111931,1.79473443724687));
#8800=CARTESIAN_POINT('Ctrl Pts',(49.6469133160539,-2.42838679396132,1.81209766271516));
#8801=CARTESIAN_POINT('Ctrl Pts',(49.6076802155879,-2.44626177173746,1.8398850870747));
#8802=CARTESIAN_POINT('Ctrl Pts',(49.5707003362532,-2.46313924370166,1.8697067349165));
#8803=CARTESIAN_POINT('Ctrl Pts',(49.5361388360683,-2.47890862626157,1.90135271883067));
#8804=CARTESIAN_POINT('Ctrl Pts',(49.5118843303406,-2.48997523441157,1.92356117893803));
#8805=CARTESIAN_POINT('Ctrl Pts',(49.4888215223507,-2.50049634215516,1.94666901052497));
#8806=CARTESIAN_POINT('Ctrl Pts',(49.4670194743156,-2.51043780469622,1.97061231046006));
#8807=CARTESIAN_POINT('Ctrl Pts',(49.4405048025708,-2.52252816499234,1.99973107660718));
#8808=CARTESIAN_POINT('Ctrl Pts',(49.4155496609372,-2.53390900376901,2.03041552516916));
#8809=CARTESIAN_POINT('Ctrl Pts',(49.3924618667912,-2.54442202824355,2.0626196589944));
#8810=CARTESIAN_POINT('Ctrl Pts',(49.3705132750692,-2.5544163170221,2.09323477019215));
#8811=CARTESIAN_POINT('Ctrl Pts',(49.3502522466309,-2.5636262970803,2.12522360222482));
#8812=CARTESIAN_POINT('Ctrl Pts',(49.331984217966,-2.57192980941475,2.15852839987647));
#8813=CARTESIAN_POINT('Ctrl Pts',(49.3233577556244,-2.57585086393956,2.17425547081586));
#8814=CARTESIAN_POINT('Ctrl Pts',(49.3151763218632,-2.57956999410535,2.19027568882331));
#8815=CARTESIAN_POINT('Ctrl Pts',(49.307475568571,-2.58307551925351,2.20658114393659));
#8816=CARTESIAN_POINT('Ctrl Pts',(49.2976784783452,-2.58753533569767,2.22732535023095));
#8817=CARTESIAN_POINT('Ctrl Pts',(49.2886593690879,-2.59164941045066,2.24853142251418));
#8818=CARTESIAN_POINT('Ctrl Pts',(49.280476362413,-2.59538851441392,2.27017502437897));
#8819=CARTESIAN_POINT('Ctrl Pts',(49.2658579995528,-2.60206815927774,2.3088397888389));
#8820=CARTESIAN_POINT('Ctrl Pts',(49.2540537842686,-2.60747011390996,2.34852286304686));
#8821=CARTESIAN_POINT('Ctrl Pts',(49.2452635742596,-2.6114779271478,2.38903536170806));
#8822=CARTESIAN_POINT('Ctrl Pts',(49.2391890723668,-2.61424753891752,2.41703164957233));
#8823=CARTESIAN_POINT('Ctrl Pts',(49.2345547397193,-2.61635165391918,2.44542370592645));
#8824=CARTESIAN_POINT('Ctrl Pts',(49.2314383897351,-2.61775593930816,2.47414152413304));
#8825=CARTESIAN_POINT('Ctrl Pts',(49.2266359766341,-2.61991999616437,2.51839676731444));
#8826=CARTESIAN_POINT('Ctrl Pts',(49.2255063023569,-2.62038817772738,2.56278572090928));
#8827=CARTESIAN_POINT('Ctrl Pts',(49.2280623256428,-2.61918801587897,2.60702601381763));
#8828=CARTESIAN_POINT('Ctrl Pts',(49.2295074149988,-2.61850948484909,2.63203798328558));
#8829=CARTESIAN_POINT('Ctrl Pts',(49.2321314691622,-2.61729799084472,2.65700265181134));
#8830=CARTESIAN_POINT('Ctrl Pts',(49.2359437933095,-2.61556094100321,2.68186934340515));
#8831=CARTESIAN_POINT('Origin',(38.069222,54.709512,4.56));
#8832=CARTESIAN_POINT('',(61.2340220099177,30.9422491676551,2.68186934340515));
#8833=CARTESIAN_POINT('Ctrl Pts',(61.2340220099177,30.9422491676551,2.68186934340515));
#8834=CARTESIAN_POINT('Ctrl Pts',(61.2228842294858,30.9536766159724,2.56630368185194));
#8835=CARTESIAN_POINT('Ctrl Pts',(61.227697353338,30.948738313911,2.44941769412229));
#8836=CARTESIAN_POINT('Ctrl Pts',(61.2689269723614,30.9064364079422,2.22041167915486));
#8837=CARTESIAN_POINT('Ctrl Pts',(61.3055230316749,30.868888569796,2.11198399849793));
#8838=CARTESIAN_POINT('Ctrl Pts',(61.4095814303296,30.7621238530844,1.90794206439313));
#8839=CARTESIAN_POINT('Ctrl Pts',(61.4785851023776,30.6913255553167,1.81732163623694));
#8840=CARTESIAN_POINT('Ctrl Pts',(61.623558728911,30.5425815003668,1.68514767622497));
#8841=CARTESIAN_POINT('Ctrl Pts',(61.6964611062251,30.46778310082,1.63881783815157));
#8842=CARTESIAN_POINT('Ctrl Pts',(61.8498671597493,30.3103873109741,1.57594359130651));
#8843=CARTESIAN_POINT('Ctrl Pts',(61.930182835501,30.2279828105902,1.56));
#8844=CARTESIAN_POINT('Ctrl Pts',(62.0106123664442,30.1454614937393,1.56));
#8845=CARTESIAN_POINT('',(61.4149801624229,30.7565847125149,4.56));
#8846=CARTESIAN_POINT('Ctrl Pts',(61.4149801624232,30.7565847125158,4.56000000000006));
#8847=CARTESIAN_POINT('Ctrl Pts',(61.3972866444071,30.7747383979755,4.37619036831726));
#8848=CARTESIAN_POINT('Ctrl Pts',(61.3795517226749,30.7929345639196,4.19201833159224));
#8849=CARTESIAN_POINT('Ctrl Pts',(61.3192537583969,30.8548007386604,3.56610544603457));
#8850=CARTESIAN_POINT('Ctrl Pts',(61.2766317881929,30.8985312076874,3.12398860092748));
#8851=CARTESIAN_POINT('Ctrl Pts',(61.2340220099177,30.9422491676551,2.68186934340515));
#8852=CARTESIAN_POINT('',(43.1608725708443,49.4854393848294,4.56));
#8853=CARTESIAN_POINT('Origin',(38.069222,54.709512,4.56));
#8854=CARTESIAN_POINT('',(43.1608725708443,49.4854393848294,4.56));
#8855=CARTESIAN_POINT('',(37.2997160233379,55.4990310457313,1.56));
#8856=CARTESIAN_POINT('',(43.1608725708443,49.4854393848294,1.56));
#8857=CARTESIAN_POINT('Ctrl Pts',(37.299716023338,55.4990310457313,6.16));
#8858=CARTESIAN_POINT('Ctrl Pts',(37.2997160233379,55.4990310457313,5.54333333333333));
#8859=CARTESIAN_POINT('Ctrl Pts',(37.2997160233379,55.4990310457312,4.92666666666667));
#8860=CARTESIAN_POINT('Ctrl Pts',(37.2997160233379,55.4990310457312,3.39333333333333));
#8861=CARTESIAN_POINT('Ctrl Pts',(37.299716023338,55.4990310457313,2.47666666666666));
#8862=CARTESIAN_POINT('Ctrl Pts',(37.299716023338,55.4990310457313,1.56));
#8863=CARTESIAN_POINT('Origin',(38.069222,54.709512,4.56));
#8864=CARTESIAN_POINT('',(43.1608725708443,49.4854393848294,4.56));
#8865=CARTESIAN_POINT('Origin',(0.185746500000006,-2.58699249999999,4.56));
#8866=CARTESIAN_POINT('',(-24.9961681790242,24.8211172108938,4.56));
#8867=CARTESIAN_POINT('Ctrl Pts',(-8.89928164294488,0.0702277839730131,
4.56));
#8868=CARTESIAN_POINT('Ctrl Pts',(-11.6902613459055,4.76224056092886,4.56));
#8869=CARTESIAN_POINT('Ctrl Pts',(-14.6362757244503,9.50482444583345,4.56));
#8870=CARTESIAN_POINT('Ctrl Pts',(-20.0119414240499,17.710993863288,4.56));
#8871=CARTESIAN_POINT('Ctrl Pts',(-22.452463103215,21.2842768326457,4.56));
#8872=CARTESIAN_POINT('Ctrl Pts',(-24.9961681790243,24.8211172108938,4.56));
#8873=CARTESIAN_POINT('',(-28.8552432429204,25.0984827404951,4.56));
#8874=CARTESIAN_POINT('Ctrl Pts',(-28.8552432429204,25.0984827404951,4.56));
#8875=CARTESIAN_POINT('Ctrl Pts',(-28.2120640656044,25.0522551522282,4.56));
#8876=CARTESIAN_POINT('Ctrl Pts',(-27.5688848882884,25.0060275639613,4.56));
#8877=CARTESIAN_POINT('Ctrl Pts',(-26.2825265336563,24.9135723874275,4.56));
#8878=CARTESIAN_POINT('Ctrl Pts',(-25.6393473563403,24.8673447991607,4.56));
#8879=CARTESIAN_POINT('Ctrl Pts',(-24.9961681790242,24.8211172108938,4.56));
#8880=CARTESIAN_POINT('',(-39.4997090736739,14.177178056315,4.56));
#8881=CARTESIAN_POINT('',(-27.6534938662841,26.3314869423922,4.56));
#8882=CARTESIAN_POINT('',(-33.2283126303429,10.272555962573,4.56));
#8883=CARTESIAN_POINT('',(-21.4392128453837,2.93256718947742,4.56));
#8884=CARTESIAN_POINT('',(-33.2619931352145,8.48246697936039,4.56));
#8885=CARTESIAN_POINT('',(-33.343333692857,4.1592884320314,4.56));
#8886=CARTESIAN_POINT('',(-33.2582439857542,2.70263424397234,4.56));
#8887=CARTESIAN_POINT('Ctrl Pts',(-33.2619931352145,8.48246697936039,4.56));
#8888=CARTESIAN_POINT('Ctrl Pts',(-33.2980021281301,6.56862092032673,4.56));
#8889=CARTESIAN_POINT('Ctrl Pts',(-33.2946661781776,4.63956595953832,4.56));
#8890=CARTESIAN_POINT('Ctrl Pts',(-33.2582439857542,2.70263424397233,4.56));
#8891=CARTESIAN_POINT('',(-42.8863682992854,0.831116463154389,4.56));
#8892=CARTESIAN_POINT('',(-17.640446625691,5.73842652341875,4.56));
#8893=CARTESIAN_POINT('',(-39.7135554232739,-8.73931813855442,4.56));
#8894=CARTESIAN_POINT('Ctrl Pts',(-42.8863682992854,0.831116463154367,4.56));
#8895=CARTESIAN_POINT('Ctrl Pts',(-41.8453361153828,-2.22026727827029,4.56));
#8896=CARTESIAN_POINT('Ctrl Pts',(-40.8104783726952,-5.32753457868425,4.56));
#8897=CARTESIAN_POINT('Ctrl Pts',(-39.8212518785235,-8.40395304684105,4.56));
#8898=CARTESIAN_POINT('Ctrl Pts',(-39.7852913128661,-8.51578764585884,4.56));
#8899=CARTESIAN_POINT('Ctrl Pts',(-39.7493921639706,-8.62757659374106,4.56));
#8900=CARTESIAN_POINT('Ctrl Pts',(-39.7135554232745,-8.7393181385524,4.56));
#8901=CARTESIAN_POINT('',(-32.79400599425,-7.39429398144773,4.56));
#8902=CARTESIAN_POINT('',(-19.9140573672576,-4.89068558565613,4.56));
#8903=CARTESIAN_POINT('',(-31.9840907615581,-16.4053126625813,4.56));
#8904=CARTESIAN_POINT('Ctrl Pts',(-32.79400599425,-7.39429398144772,4.56));
#8905=CARTESIAN_POINT('Ctrl Pts',(-32.590335200459,-10.2665592560143,4.56));
#8906=CARTESIAN_POINT('Ctrl Pts',(-32.3330539399799,-13.1132128567092,4.56));
#8907=CARTESIAN_POINT('Ctrl Pts',(-32.0280401124563,-15.9932093089989,4.56));
#8908=CARTESIAN_POINT('Ctrl Pts',(-32.0135004915451,-16.1304950739818,4.56));
#8909=CARTESIAN_POINT('Ctrl Pts',(-31.9988502150943,-16.2678645556346,4.56));
#8910=CARTESIAN_POINT('Ctrl Pts',(-31.9840907615581,-16.4053126625812,4.56));
#8911=CARTESIAN_POINT('',(-37.0437084571716,-17.3888027145488,4.56));
#8912=CARTESIAN_POINT('',(-15.1906845572077,-13.1410051725216,4.56));
#8913=CARTESIAN_POINT('',(-34.869324913007,-25.1158789286026,4.56));
#8914=CARTESIAN_POINT('Ctrl Pts',(-37.0437084571715,-17.3888027145488,4.56));
#8915=CARTESIAN_POINT('Ctrl Pts',(-36.263550574141,-20.0294640931874,4.56));
#8916=CARTESIAN_POINT('Ctrl Pts',(-35.5352526740343,-22.6140975384881,4.56));
#8917=CARTESIAN_POINT('Ctrl Pts',(-34.8693249134977,-25.115878926759,4.56));
#8918=CARTESIAN_POINT('',(-31.0254090197813,-24.3686973689779,4.56));
#8919=CARTESIAN_POINT('',(-15.8700656514306,-21.4227970399496,4.56));
#8920=CARTESIAN_POINT('',(-29.8982347286854,-32.2993304414614,4.56));
#8921=CARTESIAN_POINT('Ctrl Pts',(-31.0254090197813,-24.3686973689779,4.56));
#8922=CARTESIAN_POINT('Ctrl Pts',(-30.6732447024756,-27.0310119077018,4.56));
#8923=CARTESIAN_POINT('Ctrl Pts',(-30.293097720625,-29.686479972802,4.56));
#8924=CARTESIAN_POINT('Ctrl Pts',(-29.8982347286854,-32.2993304414614,4.56));
#8925=CARTESIAN_POINT('',(-32.9399555713453,-32.8905810791683,4.56));
#8926=CARTESIAN_POINT('',(-12.6212845777637,-28.9410315301679,4.56));
#8927=CARTESIAN_POINT('',(-31.4461634511023,-40.1049598331192,4.56));
#8928=CARTESIAN_POINT('Ctrl Pts',(-32.9399555713453,-32.8905810791683,4.56));
#8929=CARTESIAN_POINT('Ctrl Pts',(-32.367901923506,-35.3933747434543,4.56));
#8930=CARTESIAN_POINT('Ctrl Pts',(-31.8698409723111,-37.7977225461128,4.56));
#8931=CARTESIAN_POINT('Ctrl Pts',(-31.4461634511023,-40.1049598331192,4.56));
#8932=CARTESIAN_POINT('',(-24.7524949794505,-45.2003213712688,4.56));
#8933=CARTESIAN_POINT('',(-30.4735376269978,-40.845343112653,4.56));
#8934=CARTESIAN_POINT('',(-22.061475,-59.883497,4.56));
#8935=CARTESIAN_POINT('Ctrl Pts',(-22.061475,-59.883497,4.56));
#8936=CARTESIAN_POINT('Ctrl Pts',(-22.3914069572104,-58.1637295580128,4.56));
#8937=CARTESIAN_POINT('Ctrl Pts',(-22.9602615588862,-55.161774191283,4.56));
#8938=CARTESIAN_POINT('Ctrl Pts',(-23.5080904892245,-52.2046271369313,4.56));
#8939=CARTESIAN_POINT('Ctrl Pts',(-24.0345849335935,-49.2929465172247,4.56));
#8940=CARTESIAN_POINT('Ctrl Pts',(-24.5388920223078,-46.4285499031995,4.56));
#8941=CARTESIAN_POINT('Ctrl Pts',(-24.7524949794505,-45.2003213712688,4.56));
#8942=CARTESIAN_POINT('',(-37.2548364515003,-48.3179894988306,4.56));
#8943=CARTESIAN_POINT('',(-28.8258501963867,-54.7343117901153,4.56));
#8944=CARTESIAN_POINT('',(-41.3857514375505,-27.8556104419562,4.56));
#8945=CARTESIAN_POINT('Ctrl Pts',(-37.254836902503,-48.3179877555936,4.56));
#8946=CARTESIAN_POINT('Ctrl Pts',(-37.9720086041628,-42.4739997394205,4.56));
#8947=CARTESIAN_POINT('Ctrl Pts',(-39.3469226344027,-35.6378250347297,4.56));
#8948=CARTESIAN_POINT('Ctrl Pts',(-41.3857584702748,-27.8555927101782,4.56));
#8949=CARTESIAN_POINT('',(-40.3203238545848,-25.517303448029,4.56));
#8950=CARTESIAN_POINT('',(-32.5125859969549,-8.38156533580036,4.56));
#8951=CARTESIAN_POINT('',(-47.2784370717652,-3.33821271732027,4.56));
#8952=CARTESIAN_POINT('',(-45.2592328217317,-9.77445669144089,4.56));
#8953=CARTESIAN_POINT('',(-49.1524337027159,-2.48434378300791,4.56));
#8954=CARTESIAN_POINT('',(-29.3299613420414,-11.5162668241175,4.56));
#8955=CARTESIAN_POINT('',(-54.4842323923549,12.7045826324859,4.56));
#8956=CARTESIAN_POINT('Ctrl Pts',(-49.1524343246456,-2.48434263004531,4.56000000000007));
#8957=CARTESIAN_POINT('Ctrl Pts',(-50.9642272456325,2.85665874087561,4.56000000000007));
#8958=CARTESIAN_POINT('Ctrl Pts',(-52.8186516493096,8.08479058533689,4.56000000000007));
#8959=CARTESIAN_POINT('Ctrl Pts',(-54.4842323927735,12.7045826331538,4.56000000000007));
#8960=CARTESIAN_POINT('',(-52.5485759891548,10.8179922445261,4.56));
#8961=CARTESIAN_POINT('',(-35.6764351561408,-5.626464876907,4.56));
#8962=CARTESIAN_POINT('',(-49.0587151082117,14.3986166358387,4.56));
#8963=CARTESIAN_POINT('',(-41.3086251371196,22.3502691893526,4.56));
#8964=CARTESIAN_POINT('',(-52.6393394995243,17.8884775167819,4.56));
#8965=CARTESIAN_POINT('',(-33.9768864708542,-0.300910045122874,4.56));
#8966=CARTESIAN_POINT('',(-49.1494786185811,21.4691019080945,4.56));
#8967=CARTESIAN_POINT('',(-43.1443190879607,27.630442265952,4.56));
#8968=CARTESIAN_POINT('',(-52.7301030098938,24.9589627890376,4.56));
#8969=CARTESIAN_POINT('',(-32.2773377855673,5.02464478666134,4.56));
#8970=CARTESIAN_POINT('',(-57.2523740788618,20.3190775192605,4.56));
#8971=CARTESIAN_POINT('',(-49.3732032599908,28.4031680263666,4.56));
#8972=CARTESIAN_POINT('',(-61.0434871420282,30.7565847265218,4.56));
#8973=CARTESIAN_POINT('Ctrl Pts',(-57.2523740787493,20.3190775193017,4.56000000000007));
#8974=CARTESIAN_POINT('Ctrl Pts',(-58.1638357000029,22.8106112479862,4.56000000000007));
#8975=CARTESIAN_POINT('Ctrl Pts',(-59.938974986829,27.6450739725799,4.56000000000007));
#8976=CARTESIAN_POINT('Ctrl Pts',(-60.8263087669018,30.1130481534039,4.56000000000007));
#8977=CARTESIAN_POINT('Ctrl Pts',(-61.0434823304777,30.7565732222808,4.56000000000007));
#8978=CARTESIAN_POINT('',(-59.891351792519,31.9386845509239,4.56));
#8979=CARTESIAN_POINT('',(-54.4230383656391,37.5492166333194,4.56));
#8980=CARTESIAN_POINT('',(-56.3107274012063,28.4488236699807,4.56));
#8981=CARTESIAN_POINT('',(-34.0676499812236,6.76957522713289,4.56));
#8982=CARTESIAN_POINT('',(-52.8208665202632,32.0294480612934,4.56));
#8983=CARTESIAN_POINT('',(-48.5606374301144,36.4004762234945,4.56));
#8984=CARTESIAN_POINT('',(-49.2402421289506,28.5395871803503,4.56));
#8985=CARTESIAN_POINT('',(-28.7874769046242,8.60526917797393,4.56));
#8986=CARTESIAN_POINT('',(-45.7503812480075,32.1202115716629,4.56));
#8987=CARTESIAN_POINT('',(-43.2350825983302,34.7009275382078,4.56));
#8988=CARTESIAN_POINT('',(-52.9116300306327,39.0999333335491,4.56));
#8989=CARTESIAN_POINT('',(-28.8782404149937,15.6757544502297,4.56));
#8990=CARTESIAN_POINT('',(-49.4217691496896,42.6805577248617,4.56));
#8991=CARTESIAN_POINT('',(-54.4230383656391,37.5492166333194,4.56));
#8992=CARTESIAN_POINT('',(-45.841144758377,39.1906968439186,4.56));
#8993=CARTESIAN_POINT('',(-23.5980673383943,17.5114484010707,4.56));
#8994=CARTESIAN_POINT('',(-42.3512838774339,42.7713212352312,4.56));
#8995=CARTESIAN_POINT('',(-43.3258461086997,41.7714128104635,4.56));
#8996=CARTESIAN_POINT('',(-38.7706594861212,39.2814603542881,4.56));
#8997=CARTESIAN_POINT('',(-18.3178942617948,19.3471423519118,4.56));
#8998=CARTESIAN_POINT('',(-42.2605203670644,35.7008359629755,4.56));
#8999=CARTESIAN_POINT('',(-41.4901521578586,36.4912397338641,4.56));
#9000=CARTESIAN_POINT('',(-38.6798959757518,32.2109750820324,4.56));
#9001=CARTESIAN_POINT('',(-20.0174429470816,14.0215875201276,4.56));
#9002=CARTESIAN_POINT('',(-35.1900350948086,35.791599473345,4.56));
#9003=CARTESIAN_POINT('',(-36.1645973260744,34.7916910485772,4.56));
#9004=CARTESIAN_POINT('',(-18.3178942617948,19.3471423519118,4.56));
#9005=CARTESIAN_POINT('',(-35.2807986051781,42.8620847456007,4.56));
#9006=CARTESIAN_POINT('',(-38.0002912769155,40.0718641251767,4.56));
#9007=CARTESIAN_POINT('',(-38.8614229964907,46.3519456265439,4.56));
#9008=CARTESIAN_POINT('',(-16.618345576508,24.672697183696,4.56));
#9009=CARTESIAN_POINT('',(-35.3715621155476,49.9325700178565,4.56));
#9010=CARTESIAN_POINT('',(-39.8359852277566,45.3520372017761,4.56));
#9011=CARTESIAN_POINT('',(-38.9521865068602,53.4224308987996,4.56));
#9012=CARTESIAN_POINT('',(-14.9187968912212,29.9982520154802,4.56));
#9013=CARTESIAN_POINT('',(-37.6277759148579,54.7812864611323,4.56));
#9014=CARTESIAN_POINT('',(-54.4230383656391,37.5492166333194,4.56));
#9015=CARTESIAN_POINT('',(-27.8406458620016,43.3321299576538,4.56));
#9016=CARTESIAN_POINT('Ctrl Pts',(-37.6277759148578,54.7812864611323,4.56000000000027));
#9017=CARTESIAN_POINT('Ctrl Pts',(-37.6262782604309,54.7796164481906,4.56000000000027));
#9018=CARTESIAN_POINT('Ctrl Pts',(-37.624780606004,54.7779464352489,4.56000000000027));
#9019=CARTESIAN_POINT('Ctrl Pts',(-37.623282951577,54.7762764223072,4.56000000000027));
#9020=CARTESIAN_POINT('Ctrl Pts',(-34.2992393773276,51.0696831736324,4.56000000000027));
#9021=CARTESIAN_POINT('Ctrl Pts',(-31.0355887293988,47.2598092795701,4.56000000000027));
#9022=CARTESIAN_POINT('Ctrl Pts',(-27.8406458520326,43.3321299745159,4.56000000000027));
#9023=CARTESIAN_POINT('',(-31.7001742138655,39.3722238646576,4.56));
#9024=CARTESIAN_POINT('',(-34.4196668856029,36.5820032442335,4.56));
#9025=CARTESIAN_POINT('',(-28.1195498225529,35.8823629837145,4.56));
#9026=CARTESIAN_POINT('',(-11.2474089895391,19.4379058622813,4.56));
#9027=CARTESIAN_POINT('',(-24.6949067910923,39.3960733545051,4.56));
#9028=CARTESIAN_POINT('',(-29.12672097856,34.8489975486857,4.56));
#9029=CARTESIAN_POINT('',(-21.725933817492,35.5455098649968,4.56));
#9030=CARTESIAN_POINT('Ctrl Pts',(-24.6946584525058,39.3956936492154,4.56));
#9031=CARTESIAN_POINT('Ctrl Pts',(-23.6973561898849,38.1251718263802,4.56));
#9032=CARTESIAN_POINT('Ctrl Pts',(-22.7076070348274,36.8419718852288,4.56));
#9033=CARTESIAN_POINT('Ctrl Pts',(-21.725933817492,35.5455098649968,4.56));
#9034=CARTESIAN_POINT('',(-1.16428019916833,4.67128773411219,4.56));
#9035=CARTESIAN_POINT('Ctrl Pts',(-21.730531621149,35.5373329328908,4.56));
#9036=CARTESIAN_POINT('Ctrl Pts',(-19.0648032757516,32.0182651285163,4.56));
#9037=CARTESIAN_POINT('Ctrl Pts',(-16.4547034601399,28.4040622871373,4.56));
#9038=CARTESIAN_POINT('Ctrl Pts',(-13.9056280154543,24.6856038249828,4.56));
#9039=CARTESIAN_POINT('Ctrl Pts',(-9.50809903367377,18.2707176398903,4.56));
#9040=CARTESIAN_POINT('Ctrl Pts',(-5.27310610451266,11.5788027896957,4.56));
#9041=CARTESIAN_POINT('Ctrl Pts',(-1.16428018743213,4.67128774109329,4.56));
#9042=CARTESIAN_POINT('',(0.185747,3.53828312279884,4.56));
#9043=CARTESIAN_POINT('',(1.01233832996382,2.84456984865326,4.56));
#9044=CARTESIAN_POINT('',(1.53577420244446,4.67128773686167,4.56));
#9045=CARTESIAN_POINT('',(-1.35449612333364,2.24564060244388,4.56));
#9046=CARTESIAN_POINT('Ctrl Pts',(1.53577419622496,4.67128774056124,4.56));
#9047=CARTESIAN_POINT('Ctrl Pts',(8.0263325484518,15.5828095948645,4.56));
#9048=CARTESIAN_POINT('Ctrl Pts',(14.8382810484542,25.9462814109178,4.56));
#9049=CARTESIAN_POINT('Ctrl Pts',(22.0978585561962,35.5447950490278,4.56));
#9050=CARTESIAN_POINT('Ctrl Pts',(61.4149821352636,30.7565877806393,4.56000000000006));
#9051=CARTESIAN_POINT('Ctrl Pts',(61.2536431082734,30.2784063420864,4.56000000000006));
#9052=CARTESIAN_POINT('Ctrl Pts',(60.4997587202677,28.1608761405665,4.56000000000007));
#9053=CARTESIAN_POINT('Ctrl Pts',(58.8391502556465,23.6411223475018,4.56000000000006));
#9054=CARTESIAN_POINT('Ctrl Pts',(57.6238682139,20.3190773800519,4.56000000000006));
#9055=CARTESIAN_POINT('',(47.6499310717652,-3.33821271732029,4.56));
#9056=CARTESIAN_POINT('',(28.1395085976312,-12.2279531633964,4.56));
#9057=CARTESIAN_POINT('',(40.6918178545848,-25.5173034480291,4.56));
#9058=CARTESIAN_POINT('',(42.1516701683396,-20.8640021996019,4.56));
#9059=CARTESIAN_POINT('',(41.7572450913879,-27.8556096822289,4.56));
#9060=CARTESIAN_POINT('',(33.7460014106736,-10.2732348421442,4.56));
#9061=CARTESIAN_POINT('',(37.6263280702392,-48.3179926817518,4.56));
#9062=CARTESIAN_POINT('Ctrl Pts',(41.7572521241068,-27.8555919504754,4.56000000000001));
#9063=CARTESIAN_POINT('Ctrl Pts',(39.718415411099,-35.6378260284528,4.56000000000001));
#9064=CARTESIAN_POINT('Ctrl Pts',(38.343500697485,-42.4740020595104,4.56000000000001));
#9065=CARTESIAN_POINT('Ctrl Pts',(37.6263285212126,-48.3179909386287,4.56000000000001));
#9066=CARTESIAN_POINT('',(22.432451,-59.883497,4.56));
#9067=CARTESIAN_POINT('',(36.7380872991079,-48.9941171776095,4.56));
#9068=CARTESIAN_POINT('',(25.1236375675791,-45.2005888733928,4.56));
#9069=CARTESIAN_POINT('Ctrl Pts',(25.1236375675791,-45.2005888733928,4.56));
#9070=CARTESIAN_POINT('Ctrl Pts',(24.9100264476409,-46.4287664925874,4.56));
#9071=CARTESIAN_POINT('Ctrl Pts',(24.4056882726478,-49.293112052557,4.56));
#9072=CARTESIAN_POINT('Ctrl Pts',(23.8791614439184,-52.2047396707492,4.56));
#9073=CARTESIAN_POINT('Ctrl Pts',(23.3312988569584,-55.1618319022931,4.56));
#9074=CARTESIAN_POINT('Ctrl Pts',(22.7624093392522,-58.1637306631404,4.56));
#9075=CARTESIAN_POINT('Ctrl Pts',(22.432451,-59.883497,4.56));
#9076=CARTESIAN_POINT('',(31.8176574511023,-40.1049598331192,4.56));
#9077=CARTESIAN_POINT('',(26.912798980184,-43.8386414919327,4.56));
#9078=CARTESIAN_POINT('',(33.3114495713453,-32.8905810791683,4.56));
#9079=CARTESIAN_POINT('Ctrl Pts',(31.8176574511023,-40.1049598331192,4.56));
#9080=CARTESIAN_POINT('Ctrl Pts',(32.2413351396642,-37.7977216347509,4.56));
#9081=CARTESIAN_POINT('Ctrl Pts',(32.7393965308292,-35.3933720863524,4.56));
#9082=CARTESIAN_POINT('Ctrl Pts',(33.3114495713453,-32.8905810791683,4.56));
#9083=CARTESIAN_POINT('',(30.2697287286854,-32.2993304414614,4.56));
#9084=CARTESIAN_POINT('',(14.5136385172977,-29.2366567553698,4.56));
#9085=CARTESIAN_POINT('',(31.3969030197813,-24.3686973689779,4.56));
#9086=CARTESIAN_POINT('Ctrl Pts',(30.2697287286854,-32.2993304414614,4.56));
#9087=CARTESIAN_POINT('Ctrl Pts',(30.6645916466629,-29.686480462217,4.56));
#9088=CARTESIAN_POINT('Ctrl Pts',(31.0447387887412,-27.0310112555448,4.56));
#9089=CARTESIAN_POINT('Ctrl Pts',(31.3969030197813,-24.368697368978,4.56));
#9090=CARTESIAN_POINT('',(35.240818913007,-25.1158789286026,4.56));
#9091=CARTESIAN_POINT('',(14.3196012230218,-21.0492061664857,4.56));
#9092=CARTESIAN_POINT('',(37.4152024571716,-17.3888027145488,4.56));
#9093=CARTESIAN_POINT('Ctrl Pts',(35.2408189134977,-25.115878926759,4.56));
#9094=CARTESIAN_POINT('Ctrl Pts',(35.9067445869766,-22.6141053792217,4.56));
#9095=CARTESIAN_POINT('Ctrl Pts',(36.6350436997273,-20.029467052884,4.56));
#9096=CARTESIAN_POINT('Ctrl Pts',(37.4152024571715,-17.3888027145488,4.56));
#9097=CARTESIAN_POINT('',(32.3555847615581,-16.4053126625813,4.56));
#9098=CARTESIAN_POINT('',(18.0919869232184,-13.6327501048537,4.56));
#9099=CARTESIAN_POINT('',(33.16549999425,-7.39429398144774,4.56));
#9100=CARTESIAN_POINT('Ctrl Pts',(32.3555847615581,-16.4053126625812,4.56));
#9101=CARTESIAN_POINT('Ctrl Pts',(32.3703442150943,-16.2678645556346,4.56));
#9102=CARTESIAN_POINT('Ctrl Pts',(32.3849944915451,-16.1304950739818,4.56));
#9103=CARTESIAN_POINT('Ctrl Pts',(32.3995341124563,-15.9932093089989,4.56));
#9104=CARTESIAN_POINT('Ctrl Pts',(32.7045479399798,-13.1132128567093,4.56));
#9105=CARTESIAN_POINT('Ctrl Pts',(32.961829200459,-10.2665592560143,4.56));
#9106=CARTESIAN_POINT('Ctrl Pts',(33.16549999425,-7.39429398144774,4.56));
#9107=CARTESIAN_POINT('',(40.0850494232738,-8.73931813855443,4.56));
#9108=CARTESIAN_POINT('',(16.8257761709498,-4.21817341345112,4.56));
#9109=CARTESIAN_POINT('',(43.2578622992854,0.83111646315437,4.56));
#9110=CARTESIAN_POINT('Ctrl Pts',(40.0850494232745,-8.73931813855241,4.56));
#9111=CARTESIAN_POINT('Ctrl Pts',(40.1208861639706,-8.62757659374108,4.56));
#9112=CARTESIAN_POINT('Ctrl Pts',(40.1567853128661,-8.51578764585886,4.56));
#9113=CARTESIAN_POINT('Ctrl Pts',(40.1927458785234,-8.40395304684106,4.56));
#9114=CARTESIAN_POINT('Ctrl Pts',(41.1819723726952,-5.32753457868427,4.56));
#9115=CARTESIAN_POINT('Ctrl Pts',(42.2168301153828,-2.22026727827032,4.56));
#9116=CARTESIAN_POINT('Ctrl Pts',(43.2578622992854,0.831116463154346,4.56));
#9117=CARTESIAN_POINT('',(33.6297379857542,2.70263424397232,4.56));
#9118=CARTESIAN_POINT('',(22.8260023006607,4.80266772666145,4.56));
#9119=CARTESIAN_POINT('',(33.6334871352145,8.48246697936037,4.56));
#9120=CARTESIAN_POINT('Ctrl Pts',(33.6297379857542,2.70263424397232,4.56));
#9121=CARTESIAN_POINT('Ctrl Pts',(33.6661601781776,4.63956595953831,4.56));
#9122=CARTESIAN_POINT('Ctrl Pts',(33.6694961281301,6.56862092032671,4.56));
#9123=CARTESIAN_POINT('Ctrl Pts',(33.6334871352145,8.48246697936037,4.56));
#9124=CARTESIAN_POINT('',(33.5998066303429,10.272555962573,4.56));
#9125=CARTESIAN_POINT('',(33.7316679451159,3.26424394982925,4.56));
#9126=CARTESIAN_POINT('',(39.8712030736739,14.177178056315,4.56));
#9127=CARTESIAN_POINT('',(18.6750082633944,0.980255918265913,4.56));
#9128=CARTESIAN_POINT('',(29.2267372429204,25.0984827404951,4.56));
#9129=CARTESIAN_POINT('',(34.3941788023599,19.7966475328247,4.56));
#9130=CARTESIAN_POINT('',(25.3676621790242,24.8211172108937,4.56));
#9131=CARTESIAN_POINT('Ctrl Pts',(25.3676621790242,24.8211172108937,4.56));
#9132=CARTESIAN_POINT('Ctrl Pts',(26.0108413563403,24.8673447991606,4.56));
#9133=CARTESIAN_POINT('Ctrl Pts',(26.6540205336563,24.9135723874275,4.56));
#9134=CARTESIAN_POINT('Ctrl Pts',(27.9403788882884,25.0060275639613,4.56));
#9135=CARTESIAN_POINT('Ctrl Pts',(28.5835580656044,25.0522551522282,4.56));
#9136=CARTESIAN_POINT('Ctrl Pts',(29.2267372429204,25.0984827404951,4.56));
#9137=CARTESIAN_POINT('',(9.27077564294488,0.0702277839730094,4.56));
#9138=CARTESIAN_POINT('Ctrl Pts',(25.3676621790243,24.8211172108938,4.56));
#9139=CARTESIAN_POINT('Ctrl Pts',(22.8239571032137,21.2842768326438,4.56));
#9140=CARTESIAN_POINT('Ctrl Pts',(20.3834354240486,17.710993863286,4.55999999999992));
#9141=CARTESIAN_POINT('Ctrl Pts',(15.0077697244498,9.50482444583279,4.55999999999992));
#9142=CARTESIAN_POINT('Ctrl Pts',(12.0617553459053,4.76224056092849,4.56));
#9143=CARTESIAN_POINT('Ctrl Pts',(9.27077564294487,0.0702277839730053,4.56));
#9144=CARTESIAN_POINT('',(6.58753928681968,-2.92435283530174,4.56));
#9145=CARTESIAN_POINT('',(48.6520999778986,8.39914403193736,4.56));
#9146=CARTESIAN_POINT('',(49.5917925986845,8.05712388861166,4.56));
#9147=CARTESIAN_POINT('Origin',(48.6382567629956,6.89920791149717,4.56));
#9148=CARTESIAN_POINT('',(50.0031280187327,9.18725866701592,4.56));
#9149=CARTESIAN_POINT('',(45.143574682231,-4.16425439365686,4.56));
#9150=CARTESIAN_POINT('',(41.794401982823,17.6094753887589,4.56));
#9151=CARTESIAN_POINT('',(38.5420082999115,20.9464565892616,4.56));
#9152=CARTESIAN_POINT('',(41.0782771045338,16.9115032125977,4.56));
#9153=CARTESIAN_POINT('Origin',(40.4492578259922,18.2732428159078,4.56));
#9154=CARTESIAN_POINT('',(44.5296780770478,13.3703389860191,4.56));
#9155=CARTESIAN_POINT('',(37.8258834216224,20.2484844131004,4.56));
#9156=CARTESIAN_POINT('',(43.1586733346824,9.60353441440484,4.56));
#9157=CARTESIAN_POINT('',(38.6537317212735,-2.77369094439796,4.56));
#9158=CARTESIAN_POINT('',(41.0573965484765,8.46974292676772,4.56));
#9159=CARTESIAN_POINT('',(22.0671957466929,-1.77685007750682,4.56));
#9160=CARTESIAN_POINT('',(41.5322542532446,7.58968033795806,4.56));
#9161=CARTESIAN_POINT('Origin',(39.5905915258206,7.11015364117028,4.56));
#9162=CARTESIAN_POINT('',(43.9682741863772,8.90409007304446,4.56));
#9163=CARTESIAN_POINT('',(22.5420534514611,-2.65691266631647,4.56));
#9164=CARTESIAN_POINT('',(45.3045067171008,12.5753587783483,4.56));
#9165=CARTESIAN_POINT('',(39.5934243420594,-3.11571108772362,4.56));
#9166=CARTESIAN_POINT('',(48.8486180510066,8.93907300031625,4.56));
#9167=CARTESIAN_POINT('',(37.8258834216223,20.2484844131005,4.56));
#9168=CARTESIAN_POINT('',(44.2038820614451,-3.82223425033117,4.56));
#9169=CARTESIAN_POINT('',(29.0020624343261,-48.1305315917411,4.56));
#9170=CARTESIAN_POINT('',(29.6204465145968,-48.9164076183939,4.56));
#9171=CARTESIAN_POINT('Origin',(27.7894120927563,-49.7209652272917,4.56));
#9172=CARTESIAN_POINT('',(35.3885202356261,-44.377670156069,4.56));
#9173=CARTESIAN_POINT('',(34.6039413745746,-44.9950335326535,4.56));
#9174=CARTESIAN_POINT('',(38.9769738582574,-29.2561900332829,4.56));
#9175=CARTESIAN_POINT('',(40.8785034202931,-21.2432840578871,4.56));
#9176=CARTESIAN_POINT('',(36.1332105216044,-28.7034157350036,4.56));
#9177=CARTESIAN_POINT('',(15.6739013332271,-24.7265094523608,4.56));
#9178=CARTESIAN_POINT('',(35.9424006275643,-29.6850427437684,4.56));
#9179=CARTESIAN_POINT('Origin',(34.6495753455975,-28.9243832993995,4.56));
#9180=CARTESIAN_POINT('',(37.7634305296761,-30.0390168292034,4.56));
#9181=CARTESIAN_POINT('',(15.4830914391869,-25.7081364611255,4.56));
#9182=CARTESIAN_POINT('',(34.4960656330766,-43.8074526329215,4.56));
#9183=CARTESIAN_POINT('',(39.9055249651333,-21.0123881380559,4.56));
#9184=CARTESIAN_POINT('',(33.9855572943038,-44.2091575060006,4.56));
#9185=CARTESIAN_POINT('',(46.8928721337867,0.641900854401285,4.56));
#9186=CARTESIAN_POINT('',(45.9531795130008,0.98392099772697,4.56));
#9187=CARTESIAN_POINT('Origin',(46.9067153486897,2.14183697484147,4.56));
#9188=CARTESIAN_POINT('',(40.9236825949236,-12.8345082159061,4.56));
#9189=CARTESIAN_POINT('',(42.9443032183554,-7.2828986797433,4.56));
#9190=CARTESIAN_POINT('',(37.8229715625654,-12.2317910468895,4.56));
#9191=CARTESIAN_POINT('',(20.5462098833953,-8.87352877079371,4.56));
#9192=CARTESIAN_POINT('',(37.6321625671888,-13.2134182303372,4.56));
#9193=CARTESIAN_POINT('Origin',(36.3393365888513,-12.4527599695291,4.56));
#9194=CARTESIAN_POINT('',(41.5712624172556,-13.9791016769176,4.56));
#9195=CARTESIAN_POINT('',(20.3554008880187,-9.85515595424138,4.56));
#9196=CARTESIAN_POINT('',(43.8839958391413,-7.62491882306898,4.56));
#9197=CARTESIAN_POINT('',(19.8560386911008,24.9761570656536,4.56));
#9198=CARTESIAN_POINT('',(19.0368866468118,25.5497335020047,4.56));
#9199=CARTESIAN_POINT('Origin',(20.2576222443016,26.4214012145083,4.56));
#9200=CARTESIAN_POINT('',(17.2669522585774,23.0220052333834,4.56));
#9201=CARTESIAN_POINT('',(8.29763927133022,10.2124987688005,4.56));
#9202=CARTESIAN_POINT('',(16.0382241921439,23.8823698879099,4.56));
#9203=CARTESIAN_POINT('',(17.1426922353035,23.1090130383778,4.56));
#9204=CARTESIAN_POINT('',(13.7439184467396,20.605761710754,4.56));
#9205=CARTESIAN_POINT('',(6.20854655037025,9.84413535689355,4.56));
#9206=CARTESIAN_POINT('',(16.2013745796066,18.8850324017008,4.56));
#9207=CARTESIAN_POINT('',(16.0771145563327,18.9720402066954,4.56));
#9208=CARTESIAN_POINT('',(15.0542217069045,17.2467283131229,4.56));
#9209=CARTESIAN_POINT('',(7.80563802871037,6.8946779814071,4.56));
#9210=CARTESIAN_POINT('',(12.5967655740374,18.967457622176,4.56));
#9211=CARTESIAN_POINT('',(13.7012336171969,18.194100772644,4.56));
#9212=CARTESIAN_POINT('',(10.3024598286332,15.69084944502,4.56));
#9213=CARTESIAN_POINT('',(4.48781724131701,7.38667922402659,4.56));
#9214=CARTESIAN_POINT('',(12.7599159615002,13.9701201359668,4.56));
#9215=CARTESIAN_POINT('',(12.6356559382264,14.0571279409613,4.56));
#9216=CARTESIAN_POINT('',(11.6127630887981,12.3318160473888,4.56));
#9217=CARTESIAN_POINT('',(6.08490871965758,4.43722184853983,4.56));
#9218=CARTESIAN_POINT('',(9.15530695593118,14.052545356442,4.56));
#9219=CARTESIAN_POINT('',(10.2597749990908,13.2791885069099,4.56));
#9220=CARTESIAN_POINT('',(6.86100121052692,10.775937179286,4.56));
#9221=CARTESIAN_POINT('',(2.76708793226379,4.92922309115967,4.56));
#9222=CARTESIAN_POINT('',(9.31845734339393,9.05520787023289,4.56));
#9223=CARTESIAN_POINT('',(9.19419732011999,9.14221567522741,4.56));
#9224=CARTESIAN_POINT('',(8.17130447069181,7.41690378165489,4.56));
#9225=CARTESIAN_POINT('',(4.36417941060426,1.97976571567297,4.56));
#9226=CARTESIAN_POINT('',(6.9425764042583,8.27726843618146,4.56));
#9227=CARTESIAN_POINT('',(7.4326804142011,7.93409391391271,4.56));
#9228=CARTESIAN_POINT('',(4.89863199720993,5.35821330536345,4.56));
#9229=CARTESIAN_POINT('',(1.70151025329338,0.792250259476872,4.56));
#9230=CARTESIAN_POINT('',(5.71778404149893,4.78463686901242,4.56));
#9231=CARTESIAN_POINT('Origin',(4.19748202647218,3.48514397441639,4.56));
#9232=CARTESIAN_POINT('',(7.18815201219628,6.88453995554141,4.56));
#9233=CARTESIAN_POINT('',(2.52066229758239,0.218673823125849,4.56));
#9234=CARTESIAN_POINT('',(8.41688007862976,6.02417530101486,4.56));
#9235=CARTESIAN_POINT('',(6.85910397785007,7.11494186962371,4.56));
#9236=CARTESIAN_POINT('',(10.711185824034,9.30078347817083,4.56));
#9237=CARTESIAN_POINT('',(5.18333145489325,1.40618927932191,4.56));
#9238=CARTESIAN_POINT('',(8.25372969116698,11.021512787224,4.56));
#9239=CARTESIAN_POINT('',(9.76777375647103,9.96136771951641,4.56));
#9240=CARTESIAN_POINT('',(9.40088256386911,12.6598168758019,4.56));
#9241=CARTESIAN_POINT('',(3.58623997655278,4.3556466548086,4.56));
#9242=CARTESIAN_POINT('',(11.8583386967361,10.9390875667488,4.56));
#9243=CARTESIAN_POINT('',(9.6861985627397,12.4600364626209,4.56));
#9244=CARTESIAN_POINT('',(14.1526444421402,14.2156957439048,4.56));
#9245=CARTESIAN_POINT('',(6.90406076394658,3.86364541218879,4.56));
#9246=CARTESIAN_POINT('',(11.6951883092733,15.9364250529579,4.56));
#9247=CARTESIAN_POINT('',(13.2092323745774,14.8762799852503,4.56));
#9248=CARTESIAN_POINT('',(12.8423411819754,17.5747291415359,4.56));
#9249=CARTESIAN_POINT('',(5.306969285606,6.81310278767555,4.56));
#9250=CARTESIAN_POINT('',(15.2997973148424,15.8539998324829,4.56));
#9251=CARTESIAN_POINT('',(13.1276571808458,17.374948728355,4.56));
#9252=CARTESIAN_POINT('',(17.5941030602467,19.1306080096388,4.56));
#9253=CARTESIAN_POINT('',(8.62479007299935,6.32110154505603,4.56));
#9254=CARTESIAN_POINT('',(15.1366469273797,20.8513373186919,4.56));
#9255=CARTESIAN_POINT('',(16.6506909926837,19.7911922509844,4.56));
#9256=CARTESIAN_POINT('',(16.2837998000818,22.4896414072699,4.56));
#9257=CARTESIAN_POINT('',(7.02769859465924,9.2705589205425,4.56));
#9258=CARTESIAN_POINT('',(17.5125278665153,21.6292767527433,4.56));
#9259=CARTESIAN_POINT('',(16.5691157989525,22.2898609940888,4.56));
#9260=CARTESIAN_POINT('',(9.11679131561921,9.63892233244948,4.56));
#9261=CARTESIAN_POINT('',(25.0911996021861,31.9191008439596,4.56));
#9262=CARTESIAN_POINT('',(25.143931065021,30.920492115364,4.56));
#9263=CARTESIAN_POINT('Origin',(23.7053193261195,31.345222929757,4.56));
#9264=CARTESIAN_POINT('',(27.3127727848478,31.0350176480063,4.56));
#9265=CARTESIAN_POINT('',(11.1111950102397,30.1794944868087,4.56));
#9266=CARTESIAN_POINT('',(34.356013788224,23.8085976293088,4.56));
#9267=CARTESIAN_POINT('',(29.0287577653451,29.274403719148,4.56));
#9268=CARTESIAN_POINT('',(35.0721386665133,24.50656980547,4.56));
#9269=CARTESIAN_POINT('Origin',(35.7011579450549,23.1448302021599,4.56));
#9270=CARTESIAN_POINT('',(27.7125907118652,32.0575232149217,4.56));
#9271=CARTESIAN_POINT('',(29.7448826436344,29.9723758953092,4.56));
#9272=CARTESIAN_POINT('',(11.0584635474048,31.1781032154043,4.56));
#9273=CARTESIAN_POINT('',(-29.2489525145968,-48.9164076183939,4.56));
#9274=CARTESIAN_POINT('',(-28.6305684343261,-48.130531591741,4.56));
#9275=CARTESIAN_POINT('Origin',(-27.4179180927563,-49.7209652272917,4.56));
#9276=CARTESIAN_POINT('',(-34.1245716330766,-43.8074526329214,4.56));
#9277=CARTESIAN_POINT('',(-30.0376231823069,-47.0233591794122,4.56));
#9278=CARTESIAN_POINT('',(-37.3919365296761,-30.0390168292034,4.56));
#9279=CARTESIAN_POINT('',(-37.820076361982,-28.2348670073535,4.56));
#9280=CARTESIAN_POINT('',(-35.5709066275643,-29.6850427437683,4.56));
#9281=CARTESIAN_POINT('',(-16.9719113451673,-26.0697466206994,4.56));
#9282=CARTESIAN_POINT('',(-35.7617165216044,-28.7034157350036,4.56));
#9283=CARTESIAN_POINT('Origin',(-34.2780813455975,-28.9243832993995,4.56));
#9284=CARTESIAN_POINT('',(-38.6054798582574,-29.2561900332829,4.56));
#9285=CARTESIAN_POINT('',(-17.1627212392075,-25.0881196119347,4.56));
#9286=CARTESIAN_POINT('',(-35.0170262356261,-44.377670156069,4.56));
#9287=CARTESIAN_POINT('',(-38.7930548171419,-28.4657629271847,4.56));
#9288=CARTESIAN_POINT('',(-30.6560072625776,-47.8092352060651,4.56));
#9289=CARTESIAN_POINT('',(-45.5816855130008,0.983920997726993,4.56));
#9290=CARTESIAN_POINT('',(-46.5213781337867,0.641900854401307,4.56));
#9291=CARTESIAN_POINT('Origin',(-46.5352213486897,2.14183697484149,4.56));
#9292=CARTESIAN_POINT('',(-41.1997684172557,-13.9791016769175,4.56));
#9293=CARTESIAN_POINT('',(-40.6828804763301,-15.3992396229987,4.56));
#9294=CARTESIAN_POINT('',(-37.2606685671888,-13.2134182303372,4.56));
#9295=CARTESIAN_POINT('',(-17.5298394111955,-9.37813355945164,4.56));
#9296=CARTESIAN_POINT('',(-37.4514775625654,-12.2317910468895,4.56));
#9297=CARTESIAN_POINT('Origin',(-35.9678425888513,-12.4527599695291,4.56));
#9298=CARTESIAN_POINT('',(-40.5521885949236,-12.8345082159061,4.56));
#9299=CARTESIAN_POINT('',(-17.7206484065721,-8.39650637600398,4.56));
#9300=CARTESIAN_POINT('',(-39.7431878555442,-15.057219479673,4.56));
#9301=CARTESIAN_POINT('',(-18.6653926468118,25.5497335020047,4.56));
#9302=CARTESIAN_POINT('',(-19.4845446911008,24.9761570656536,4.56));
#9303=CARTESIAN_POINT('Origin',(-19.8861282443016,26.4214012145083,4.56));
#9304=CARTESIAN_POINT('',(-17.1410338665153,21.6292767527433,4.56));
#9305=CARTESIAN_POINT('',(-10.1792385709918,11.6868026780951,4.56));
#9306=CARTESIAN_POINT('',(-15.9123058000818,22.4896414072699,4.56));
#9307=CARTESIAN_POINT('',(-16.8119861676742,21.8596784319024,4.56));
#9308=CARTESIAN_POINT('',(-14.7651529273797,20.8513373186919,4.56));
#9309=CARTESIAN_POINT('',(-7.51656941368077,10.4992872218991,4.56));
#9310=CARTESIAN_POINT('',(-17.2226090602467,19.1306080096388,4.56));
#9311=CARTESIAN_POINT('',(-15.0504692617553,20.6515566705878,4.56));
#9312=CARTESIAN_POINT('',(-14.9283033148424,15.8539998324829,4.56));
#9313=CARTESIAN_POINT('',(-9.11366089202092,7.54982984641266,4.56));
#9314=CARTESIAN_POINT('',(-12.4708471819754,17.574729141536,4.56));
#9315=CARTESIAN_POINT('',(-13.9848915827844,16.5145838389053,4.56));
#9316=CARTESIAN_POINT('',(-11.3236943092733,15.9364250529579,4.56));
#9317=CARTESIAN_POINT('',(-5.79584010462754,8.04183108903219,4.56));
#9318=CARTESIAN_POINT('',(-13.7811504421402,14.2156957439048,4.56));
#9319=CARTESIAN_POINT('',(-11.609010643649,15.7366444048537,4.56));
#9320=CARTESIAN_POINT('',(-11.4868446967361,10.9390875667488,4.56));
#9321=CARTESIAN_POINT('',(-7.3929315829681,5.09237371354545,4.56));
#9322=CARTESIAN_POINT('',(-9.0293885638691,12.6598168758019,4.56));
#9323=CARTESIAN_POINT('',(-10.5434329646782,11.5996715731712,4.56));
#9324=CARTESIAN_POINT('',(-7.88223569116697,11.021512787224,4.56));
#9325=CARTESIAN_POINT('',(-4.07511079557433,5.58437495616524,4.56));
#9326=CARTESIAN_POINT('',(-10.339691824034,9.30078347817084,4.56));
#9327=CARTESIAN_POINT('',(-8.16755202554256,10.8217321391198,4.56));
#9328=CARTESIAN_POINT('',(-8.04538607862976,6.02417530101487,4.56));
#9329=CARTESIAN_POINT('',(-5.6722022739148,2.63491758067856,4.56));
#9330=CARTESIAN_POINT('',(-6.81665801219627,6.88453995554141,4.56));
#9331=CARTESIAN_POINT('',(-7.10197434657185,6.68475930743728,4.56));
#9332=CARTESIAN_POINT('',(-5.34629004149893,4.78463686901243,4.56));
#9333=CARTESIAN_POINT('',(-3.5831095529549,2.26655416877152,4.56));
#9334=CARTESIAN_POINT('',(-4.52713799720992,5.35821330536345,4.56));
#9335=CARTESIAN_POINT('Origin',(-3.82598802647217,3.48514397441639,4.56));
#9336=CARTESIAN_POINT('',(-6.5710824042583,8.27726843618146,4.56));
#9337=CARTESIAN_POINT('',(-2.76395750866589,2.84013060512255,4.56));
#9338=CARTESIAN_POINT('',(-7.79981047069181,7.41690378165489,4.56));
#9339=CARTESIAN_POINT('',(-7.67555078292288,7.50391135172628,4.56));
#9340=CARTESIAN_POINT('',(-8.94696334339392,9.05520787023289,4.56));
#9341=CARTESIAN_POINT('',(-4.85305022962581,3.20849401702961,4.56));
#9342=CARTESIAN_POINT('',(-6.48950721052692,10.775937179286,4.56));
#9343=CARTESIAN_POINT('',(-7.59397558919152,10.0025800948308,4.56));
#9344=CARTESIAN_POINT('',(-8.78381295593117,14.052545356442,4.56));
#9345=CARTESIAN_POINT('',(-3.25595875128535,6.1579513925163,4.56));
#9346=CARTESIAN_POINT('',(-11.2412690887981,12.3318160473888,4.56));
#9347=CARTESIAN_POINT('',(-11.1170094010293,12.4188236174602,4.56));
#9348=CARTESIAN_POINT('',(-12.3884219615002,13.9701201359668,4.56));
#9349=CARTESIAN_POINT('',(-6.5737795386791,5.66595014989648,4.56));
#9350=CARTESIAN_POINT('',(-9.93096582863324,15.69084944502,4.56));
#9351=CARTESIAN_POINT('',(-11.0354342072979,14.9174923605647,4.56));
#9352=CARTESIAN_POINT('',(-12.2252715740374,18.967457622176,4.56));
#9353=CARTESIAN_POINT('',(-4.97668806033855,8.61540752538324,4.56));
#9354=CARTESIAN_POINT('',(-14.6827277069045,17.2467283131229,4.56));
#9355=CARTESIAN_POINT('',(-14.5584680191354,17.3337358831943,4.56));
#9356=CARTESIAN_POINT('',(-15.8298805796066,18.8850324017008,4.56));
#9357=CARTESIAN_POINT('',(-8.29450884773194,8.12340628276373,4.56));
#9358=CARTESIAN_POINT('',(-13.3724244467396,20.605761710754,4.56));
#9359=CARTESIAN_POINT('',(-14.4768928254042,19.8324046262988,4.56));
#9360=CARTESIAN_POINT('',(-15.6667301921439,23.88236988791,4.56));
#9361=CARTESIAN_POINT('',(-6.69741736939178,11.0728636582502,4.56));
#9362=CARTESIAN_POINT('',(-16.8954582585773,23.0220052333834,4.56));
#9363=CARTESIAN_POINT('',(-17.3855626040253,22.6788304761914,4.56));
#9364=CARTESIAN_POINT('',(-9.36008652670281,12.2603791144462,4.56));
#9365=CARTESIAN_POINT('',(-49.2202985986845,8.05712388861169,4.56));
#9366=CARTESIAN_POINT('',(-48.2806059778986,8.39914403193738,4.56));
#9367=CARTESIAN_POINT('Origin',(-48.2667627629956,6.89920791149719,4.56));
#9368=CARTESIAN_POINT('',(-48.4771240510066,8.93907300031628,4.56));
#9369=CARTESIAN_POINT('',(-43.438579983997,-4.90421305071872,4.56));
#9370=CARTESIAN_POINT('',(-44.9330127171008,12.5753587783484,4.56));
#9371=CARTESIAN_POINT('',(-39.6138596521842,18.0328511703314,4.56));
#9372=CARTESIAN_POINT('',(-43.5967801863772,8.90409007304448,4.56));
#9373=CARTESIAN_POINT('',(-39.9936600507389,-0.995401139204568,4.56));
#9374=CARTESIAN_POINT('',(-41.1607602532446,7.58968033795808,4.56));
#9375=CARTESIAN_POINT('',(-24.1570009560708,-1.58508315608702,4.56));
#9376=CARTESIAN_POINT('',(-40.6859025484765,8.46974292676773,4.56));
#9377=CARTESIAN_POINT('Origin',(-39.2190975258206,7.1101536411703,4.56));
#9378=CARTESIAN_POINT('',(-42.7871793346824,9.60353441440487,4.56));
#9379=CARTESIAN_POINT('',(-23.6821432513026,-0.705020567277369,4.56));
#9380=CARTESIAN_POINT('',(-44.1581840770478,13.3703389860191,4.56));
#9381=CARTESIAN_POINT('',(-39.0539674299529,-0.653380995878909,4.56));
#9382=CARTESIAN_POINT('',(-40.7067831045338,16.9115032125977,4.56));
#9383=CARTESIAN_POINT('',(-37.454389665205,20.2484841631828,4.56));
#9384=CARTESIAN_POINT('',(-41.422907982823,17.6094753887589,4.56));
#9385=CARTESIAN_POINT('Origin',(-40.0777638259922,18.2732428159078,4.56));
#9386=CARTESIAN_POINT('',(-49.6316340187327,9.18725866701594,4.56));
#9387=CARTESIAN_POINT('',(-40.3299845304735,18.7308233464926,4.56));
#9388=CARTESIAN_POINT('',(-44.3782726047829,-5.24623319404441,4.56));
#9389=CARTESIAN_POINT('',(-24.7724370650209,30.920492115364,4.56));
#9390=CARTESIAN_POINT('',(-24.7197056021861,31.9191008439596,4.56));
#9391=CARTESIAN_POINT('Origin',(-23.3338253261195,31.345222929757,4.56));
#9392=CARTESIAN_POINT('',(-27.3410967118651,32.0575232149217,4.56));
#9393=CARTESIAN_POINT('',(-12.590651257133,31.2786269925869,4.56));
#9394=CARTESIAN_POINT('',(-34.7006446665133,24.50656980547,4.56));
#9395=CARTESIAN_POINT('',(-33.4676269855662,25.7716555307395,4.56));
#9396=CARTESIAN_POINT('',(-33.984519788224,23.8085976293088,4.56));
#9397=CARTESIAN_POINT('Origin',(-35.3296639450549,23.1448302021599,4.56));
#9398=CARTESIAN_POINT('',(-26.9412787848478,31.0350176480064,4.56));
#9399=CARTESIAN_POINT('',(-32.7515021072769,25.0736833545784,4.56));
#9400=CARTESIAN_POINT('',(-12.6433827199678,30.2800182639913,4.56));
#9401=CARTESIAN_POINT('',(-42.1697568566949,28.6303506907197,4.56));
#9402=CARTESIAN_POINT('',(-45.659617737638,25.0497262994071,4.56));
#9403=CARTESIAN_POINT('',(-41.3993886474891,29.4207544616083,4.56));
#9404=CARTESIAN_POINT('',(-42.0789933463254,21.559865418464,4.56));
#9405=CARTESIAN_POINT('',(-25.2068525133116,5.11540829703079,4.56));
#9406=CARTESIAN_POINT('',(-38.5891324653823,25.1404898097766,4.56));
#9407=CARTESIAN_POINT('',(-36.0738338157049,27.7212057763215,4.56));
#9408=CARTESIAN_POINT('',(-23.5073038280248,10.440963128815,4.56));
#9409=CARTESIAN_POINT('Origin',(23.7053193261195,31.345222929757,6.16));
#9410=CARTESIAN_POINT('',(25.0911996021861,31.9191008439596,6.16));
#9411=CARTESIAN_POINT('',(25.143931065021,30.920492115364,6.16));
#9412=CARTESIAN_POINT('Origin',(48.6382567629956,6.89920791149717,6.16));
#9413=CARTESIAN_POINT('',(49.5917925986845,8.05712388861166,6.16));
#9414=CARTESIAN_POINT('',(48.6520999778986,8.39914403193736,6.16));
#9415=CARTESIAN_POINT('Origin',(27.7894120927563,-49.7209652272917,6.16));
#9416=CARTESIAN_POINT('',(29.6204465145968,-48.9164076183939,6.16));
#9417=CARTESIAN_POINT('',(29.0020624343261,-48.1305315917411,6.16));
#9418=CARTESIAN_POINT('Origin',(39.5905915258206,7.11015364117028,6.16));
#9419=CARTESIAN_POINT('',(41.0573965484765,8.46974292676772,6.16));
#9420=CARTESIAN_POINT('',(41.5322542532446,7.58968033795806,6.16));
#9421=CARTESIAN_POINT('Origin',(20.2576222443016,26.4214012145083,6.16));
#9422=CARTESIAN_POINT('',(19.8560386911008,24.9761570656536,6.16));
#9423=CARTESIAN_POINT('',(19.0368866468118,25.5497335020047,6.16));
#9424=CARTESIAN_POINT('Origin',(40.4492578259922,18.2732428159078,6.16));
#9425=CARTESIAN_POINT('',(41.0782771045338,16.9115032125977,6.16));
#9426=CARTESIAN_POINT('',(41.794401982823,17.6094753887589,6.16));
#9427=CARTESIAN_POINT('Origin',(46.9067153486897,2.14183697484147,6.16));
#9428=CARTESIAN_POINT('',(46.8928721337867,0.641900854401285,6.16));
#9429=CARTESIAN_POINT('',(45.9531795130008,0.98392099772697,6.16));
#9430=CARTESIAN_POINT('Origin',(34.6495753455975,-28.9243832993995,6.16));
#9431=CARTESIAN_POINT('',(36.1332105216044,-28.7034157350036,6.16));
#9432=CARTESIAN_POINT('',(35.9424006275643,-29.6850427437684,6.16));
#9433=CARTESIAN_POINT('Origin',(36.3393365888513,-12.4527599695291,6.16));
#9434=CARTESIAN_POINT('',(37.6321625671888,-13.2134182303372,6.16));
#9435=CARTESIAN_POINT('',(37.8229715625654,-12.2317910468895,6.16));
#9436=CARTESIAN_POINT('Origin',(4.19748202647218,3.48514397441639,6.16));
#9437=CARTESIAN_POINT('',(5.71778404149893,4.78463686901242,6.16));
#9438=CARTESIAN_POINT('',(4.89863199720993,5.35821330536345,6.16));
#9439=CARTESIAN_POINT('Origin',(35.7011579450549,23.1448302021599,6.16));
#9440=CARTESIAN_POINT('',(35.0721386665133,24.50656980547,6.16));
#9441=CARTESIAN_POINT('',(34.356013788224,23.8085976293088,6.16));
#9442=CARTESIAN_POINT('Origin',(23.6789535947021,31.8445272940548,6.16));
#9443=CARTESIAN_POINT('',(27.7125907118652,32.0575232149217,6.16));
#9444=CARTESIAN_POINT('Origin',(49.8957193452626,8.89215576200324,6.16));
#9445=CARTESIAN_POINT('',(50.0031280187327,9.18725866701592,6.16));
#9446=CARTESIAN_POINT('Origin',(35.2514849744867,-44.4854994078216,6.16));
#9447=CARTESIAN_POINT('',(35.3885202356261,-44.377670156069,6.16));
#9448=CARTESIAN_POINT('Origin',(39.3531626734365,7.5501849355751,6.16));
#9449=CARTESIAN_POINT('',(43.1586733346824,9.60353441440484,6.16));
#9450=CARTESIAN_POINT('Origin',(17.7993160846908,22.0388527748878,6.16));
#9451=CARTESIAN_POINT('',(17.5125278665153,21.6292767527433,6.16));
#9452=CARTESIAN_POINT('Origin',(44.7488706217662,13.1454457312883,6.16));
#9453=CARTESIAN_POINT('',(44.5296780770478,13.3703389860191,6.16));
#9454=CARTESIAN_POINT('Origin',(47.3765616590827,1.97082690317863,6.16));
#9455=CARTESIAN_POINT('',(41.5712624172556,-13.9791016769176,6.16));
#9456=CARTESIAN_POINT('Origin',(34.7449802926176,-28.4335697950171,6.16));
#9457=CARTESIAN_POINT('',(38.9769738582574,-29.2561900332829,6.16));
#9458=CARTESIAN_POINT('Origin',(41.1520680084014,-13.8976185381357,6.16));
#9459=CARTESIAN_POINT('Origin',(4.60705804861668,3.19835575624088,6.16));
#9460=CARTESIAN_POINT('',(7.18815201219628,6.88453995554141,6.16));
#9461=CARTESIAN_POINT('Origin',(27.8707441875011,31.8952565195446,6.16));
#9462=CARTESIAN_POINT('Origin',(23.7316850575369,30.8459185654592,6.16));
#9463=CARTESIAN_POINT('',(27.3127727848478,31.0350176480063,6.16));
#9464=CARTESIAN_POINT('Origin',(27.1546193092118,31.1972843433834,6.16));
#9465=CARTESIAN_POINT('Origin',(45.4649955000555,13.8434179074495,6.16));
#9466=CARTESIAN_POINT('Origin',(39.8280203782046,6.67012234676545,6.16));
#9467=CARTESIAN_POINT('',(43.9682741863772,8.90409007304446,6.16));
#9468=CARTESIAN_POINT('Origin',(44.0333200709228,9.08280217206183,6.16));
#9469=CARTESIAN_POINT('',(45.3045067171008,12.5753587783483,6.16));
#9470=CARTESIAN_POINT('Origin',(44.7488706217662,13.1454457312883,6.16));
#9471=CARTESIAN_POINT('',(48.8486180510066,8.93907300031625,6.16));
#9472=CARTESIAN_POINT('Origin',(43.0936274501369,9.42482231538748,6.16));
#9473=CARTESIAN_POINT('Origin',(48.9560267244767,9.23417590532893,6.16));
#9474=CARTESIAN_POINT('Origin',(46.4368690382968,2.31284704650431,6.16));
#9475=CARTESIAN_POINT('',(40.9236825949236,-12.8345082159061,6.16));
#9476=CARTESIAN_POINT('Origin',(41.3428770037779,-12.915991354688,6.16));
#9477=CARTESIAN_POINT('Origin',(34.5541703985775,-29.4151968037818,6.16));
#9478=CARTESIAN_POINT('',(37.7634305296761,-30.0390168292034,6.16));
#9479=CARTESIAN_POINT('Origin',(37.8837129663868,-29.5321554713276,6.16));
#9480=CARTESIAN_POINT('',(34.4960656330766,-43.8074526329215,6.16));
#9481=CARTESIAN_POINT('Origin',(38.8566914215467,-29.7630513911588,6.16));
#9482=CARTESIAN_POINT('Origin',(34.633100894216,-43.6996233811688,6.16));
#9483=CARTESIAN_POINT('Origin',(6.77857599005177,7.17132817371693,6.16));
#9484=CARTESIAN_POINT('',(8.41688007862976,6.02417530101486,6.16));
#9485=CARTESIAN_POINT('Origin',(8.70366829680528,6.43375132315935,6.16));
#9486=CARTESIAN_POINT('',(10.711185824034,9.30078347817083,6.16));
#9487=CARTESIAN_POINT('Origin',(10.3016098018895,9.58757169634636,6.16));
#9488=CARTESIAN_POINT('',(8.25372969116698,11.021512787224,6.16));
#9489=CARTESIAN_POINT('Origin',(7.96694147299144,10.6119367650795,6.16));
#9490=CARTESIAN_POINT('',(9.40088256386911,12.6598168758019,6.16));
#9491=CARTESIAN_POINT('Origin',(8.99130654172462,12.9466050939775,6.16));
#9492=CARTESIAN_POINT('',(11.8583386967361,10.9390875667488,6.16));
#9493=CARTESIAN_POINT('Origin',(12.1451269149116,11.3486635888933,6.16));
#9494=CARTESIAN_POINT('',(14.1526444421402,14.2156957439048,6.16));
#9495=CARTESIAN_POINT('Origin',(13.7430684199958,14.5024839620803,6.16));
#9496=CARTESIAN_POINT('',(11.6951883092733,15.9364250529579,6.16));
#9497=CARTESIAN_POINT('Origin',(11.4084000910978,15.5268490308134,6.16));
#9498=CARTESIAN_POINT('',(12.8423411819754,17.5747291415359,6.16));
#9499=CARTESIAN_POINT('Origin',(12.4327651598309,17.8615173597115,6.16));
#9500=CARTESIAN_POINT('',(15.2997973148424,15.8539998324829,6.16));
#9501=CARTESIAN_POINT('Origin',(15.5865855330179,16.2635758546273,6.16));
#9502=CARTESIAN_POINT('',(17.5941030602467,19.1306080096388,6.16));
#9503=CARTESIAN_POINT('Origin',(17.1845270381022,19.4173962278143,6.16));
#9504=CARTESIAN_POINT('',(15.1366469273797,20.8513373186919,6.16));
#9505=CARTESIAN_POINT('Origin',(14.8498587092042,20.4417612965474,6.16));
#9506=CARTESIAN_POINT('',(16.2837998000818,22.4896414072699,6.16));
#9507=CARTESIAN_POINT('Origin',(15.8742237779373,22.7764296254454,6.16));
#9508=CARTESIAN_POINT('Origin',(16.9801640404018,22.6124292112389,6.16));
#9509=CARTESIAN_POINT('',(17.2669522585774,23.0220052333834,6.16));
#9510=CARTESIAN_POINT('Origin',(16.4478002142884,23.5955816697344,6.16));
#9511=CARTESIAN_POINT('',(16.0382241921439,23.8823698879099,6.16));
#9512=CARTESIAN_POINT('Origin',(14.0307066649152,21.0153377328985,6.16));
#9513=CARTESIAN_POINT('',(13.7439184467396,20.605761710754,6.16));
#9514=CARTESIAN_POINT('Origin',(16.6109506017511,18.5982441835253,6.16));
#9515=CARTESIAN_POINT('',(16.2013745796066,18.8850324017008,6.16));
#9516=CARTESIAN_POINT('Origin',(14.7674334887289,16.8371522909784,6.16));
#9517=CARTESIAN_POINT('',(15.0542217069045,17.2467283131229,6.16));
#9518=CARTESIAN_POINT('Origin',(13.0063415961819,18.6806694040005,6.16));
#9519=CARTESIAN_POINT('',(12.5967655740374,18.967457622176,6.16));
#9520=CARTESIAN_POINT('Origin',(10.5892480468088,16.1004254671645,6.16));
#9521=CARTESIAN_POINT('',(10.3024598286332,15.69084944502,6.16));
#9522=CARTESIAN_POINT('Origin',(13.1694919836447,13.6833319177913,6.16));
#9523=CARTESIAN_POINT('',(12.7599159615002,13.9701201359668,6.16));
#9524=CARTESIAN_POINT('Origin',(11.3259748706226,11.9222400252443,6.16));
#9525=CARTESIAN_POINT('',(11.6127630887981,12.3318160473888,6.16));
#9526=CARTESIAN_POINT('Origin',(9.56488297807567,13.7657571382664,6.16));
#9527=CARTESIAN_POINT('',(9.15530695593118,14.052545356442,6.16));
#9528=CARTESIAN_POINT('Origin',(7.14778942870246,11.1855132014305,6.16));
#9529=CARTESIAN_POINT('',(6.86100121052692,10.775937179286,6.16));
#9530=CARTESIAN_POINT('Origin',(9.72803336553843,8.76841965205736,6.16));
#9531=CARTESIAN_POINT('',(9.31845734339393,9.05520787023289,6.16));
#9532=CARTESIAN_POINT('Origin',(7.88451625251629,7.0073277595104,6.16));
#9533=CARTESIAN_POINT('',(8.17130447069181,7.41690378165489,6.16));
#9534=CARTESIAN_POINT('Origin',(7.35215242640281,7.99048021800593,6.16));
#9535=CARTESIAN_POINT('',(6.9425764042583,8.27726843618146,6.16));
#9536=CARTESIAN_POINT('Origin',(3.78790600432767,3.7719321925919,6.16));
#9537=CARTESIAN_POINT('Origin',(-38.5891324653823,25.1404898097766,6.16));
#9538=CARTESIAN_POINT('',(-42.0789933463254,21.559865418464,6.16));
#9539=CARTESIAN_POINT('',(-38.5891324653823,25.1404898097766,6.16));
#9540=CARTESIAN_POINT('Origin',(-42.1697568566949,28.6303506907197,6.16));
#9541=CARTESIAN_POINT('',(-42.1697568566949,28.6303506907197,6.16));
#9542=CARTESIAN_POINT('Origin',(-45.659617737638,25.0497262994071,6.16));
#9543=CARTESIAN_POINT('',(-45.659617737638,25.0497262994071,6.16));
#9544=CARTESIAN_POINT('Origin',(-42.0789933463254,21.559865418464,6.16));
#9545=CARTESIAN_POINT('Origin',(-31.7001742138655,39.3722238646576,6.16));
#9546=CARTESIAN_POINT('',(-28.0026796521897,43.1658820311437,2.68186934340515));
#9547=CARTESIAN_POINT('Ctrl Pts',(-28.0026796503486,43.1658820282737,2.68186934340505));
#9548=CARTESIAN_POINT('Ctrl Pts',(-27.9756737955421,43.1935902452277,2.99489207059437));
#9549=CARTESIAN_POINT('Ctrl Pts',(-27.9486680103176,43.22129839079,3.30791481010633));
#9550=CARTESIAN_POINT('Ctrl Pts',(-27.8946567472082,43.2767143665818,3.93395836231565));
#9551=CARTESIAN_POINT('Ctrl Pts',(-27.8676512693225,43.3044221968121,4.24697917501288));
#9552=CARTESIAN_POINT('Ctrl Pts',(-27.8406458608363,43.332129955838,4.56000000000027));
#9553=CARTESIAN_POINT('',(-27.305283954351,43.8814154333791,1.56));
#9554=CARTESIAN_POINT('Ctrl Pts',(-27.3052839543511,43.881415433379,1.56));
#9555=CARTESIAN_POINT('Ctrl Pts',(-27.3674423557983,43.8176404303231,1.56));
#9556=CARTESIAN_POINT('Ctrl Pts',(-27.4293406709861,43.7541322777911,1.57173959841647));
#9557=CARTESIAN_POINT('Ctrl Pts',(-27.5493205780428,43.6310319605204,1.61809363180955));
#9558=CARTESIAN_POINT('Ctrl Pts',(-27.6068995613792,43.571955476043,1.65249441695491));
#9559=CARTESIAN_POINT('Ctrl Pts',(-27.7392748810432,43.4361373690849,1.7629168980587));
#9560=CARTESIAN_POINT('Ctrl Pts',(-27.8083419712542,43.3652739976546,1.84983768505892));
#9561=CARTESIAN_POINT('Ctrl Pts',(-27.9189594067212,43.2517796490114,2.0561079603672));
#9562=CARTESIAN_POINT('Ctrl Pts',(-27.9596143571804,43.2100673538204,2.17327658149975));
#9563=CARTESIAN_POINT('Ctrl Pts',(-28.0072189744514,43.161224646459,2.42319101022957));
#9564=CARTESIAN_POINT('Ctrl Pts',(-28.0137596331335,43.1545138798092,2.55344213925307));
#9565=CARTESIAN_POINT('Ctrl Pts',(-28.0026796503486,43.1658820282737,2.68186934340515));
#9566=CARTESIAN_POINT('',(-27.138020264092,44.0530292797627,1.56));
#9567=CARTESIAN_POINT('',(-34.4196668856029,36.5820032442335,1.56));
#9568=CARTESIAN_POINT('Ctrl Pts',(-27.138020264092,44.0530292797627,6.16000000000001));
#9569=CARTESIAN_POINT('Ctrl Pts',(-27.138020264092,44.0530292797627,5.39333333333334));
#9570=CARTESIAN_POINT('Ctrl Pts',(-27.138020264092,44.0530292797627,4.62666666666667));
#9571=CARTESIAN_POINT('Ctrl Pts',(-27.138020264092,44.0530292797627,3.09333333333333));
#9572=CARTESIAN_POINT('Ctrl Pts',(-27.138020264092,44.0530292797627,2.32666666666666));
#9573=CARTESIAN_POINT('Ctrl Pts',(-27.138020264092,44.0530292797627,1.56));
#9574=CARTESIAN_POINT('',(-31.7001742138655,39.3722238646576,6.16));
#9575=CARTESIAN_POINT('Origin',(-28.1195498225529,35.8823629837145,6.16));
#9576=CARTESIAN_POINT('',(-28.1195498225529,35.8823629837145,6.16));
#9577=CARTESIAN_POINT('Origin',(-24.6949067910923,39.3960733545051,6.16));
#9578=CARTESIAN_POINT('Ctrl Pts',(-24.6949067910923,39.3960733545052,4.56));
#9579=CARTESIAN_POINT('Ctrl Pts',(-24.6949067910923,39.3960733545052,4.82666666666667));
#9580=CARTESIAN_POINT('Ctrl Pts',(-24.6949067910923,39.3960733545052,5.09333333333333));
#9581=CARTESIAN_POINT('Ctrl Pts',(-24.6949067910923,39.3960733545052,5.62666666666667));
#9582=CARTESIAN_POINT('Ctrl Pts',(-24.6949067910923,39.3960733545052,5.89333333333334));
#9583=CARTESIAN_POINT('Ctrl Pts',(-24.6949067910923,39.3960733545052,6.16));
#9584=CARTESIAN_POINT('Origin',(-38.6798959757518,32.2109750820324,6.16));
#9585=CARTESIAN_POINT('',(-42.2605203670644,35.7008359629755,6.16));
#9586=CARTESIAN_POINT('',(-38.6798959757518,32.2109750820324,6.16));
#9587=CARTESIAN_POINT('Origin',(-35.1900350948086,35.791599473345,6.16));
#9588=CARTESIAN_POINT('',(-35.1900350948086,35.791599473345,6.16));
#9589=CARTESIAN_POINT('Origin',(-38.7706594861212,39.2814603542881,6.16));
#9590=CARTESIAN_POINT('',(-38.7706594861212,39.2814603542881,6.16));
#9591=CARTESIAN_POINT('Origin',(-38.7706594861212,39.2814603542881,6.16));
#9592=CARTESIAN_POINT('',(-42.3512838774339,42.7713212352312,6.16));
#9593=CARTESIAN_POINT('',(-38.7706594861212,39.2814603542881,6.16));
#9594=CARTESIAN_POINT('Origin',(-35.2807986051781,42.8620847456007,6.16));
#9595=CARTESIAN_POINT('',(-35.2807986051781,42.8620847456007,6.16));
#9596=CARTESIAN_POINT('Origin',(-38.8614229964907,46.3519456265439,6.16));
#9597=CARTESIAN_POINT('',(-38.8614229964907,46.3519456265439,6.16));
#9598=CARTESIAN_POINT('Origin',(-35.3715621155476,49.9325700178565,6.16));
#9599=CARTESIAN_POINT('',(-35.3715621155476,49.9325700178565,6.16));
#9600=CARTESIAN_POINT('Origin',(-42.2605203670644,35.7008359629755,6.16));
#9601=CARTESIAN_POINT('Origin',(-38.9521865068602,53.4224308987996,6.16));
#9602=CARTESIAN_POINT('',(-38.9521865068603,53.4224308987997,5.36));
#9603=CARTESIAN_POINT('Origin',(-45.841144758377,39.1906968439186,6.16));
#9604=CARTESIAN_POINT('',(-49.4217691496896,42.6805577248618,5.36));
#9605=CARTESIAN_POINT('',(-45.841144758377,39.1906968439186,6.16));
#9606=CARTESIAN_POINT('Origin',(-42.3512838774339,42.7713212352312,6.16));
#9607=CARTESIAN_POINT('Origin',(-52.6393394995243,17.8884775167819,6.16));
#9608=CARTESIAN_POINT('',(-49.0587151082117,14.3986166358387,6.16));
#9609=CARTESIAN_POINT('',(-52.6393394995243,17.8884775167819,6.16));
#9610=CARTESIAN_POINT('Origin',(-49.1494786185811,21.4691019080945,6.16));
#9611=CARTESIAN_POINT('',(-49.1494786185811,21.4691019080945,6.16));
#9612=CARTESIAN_POINT('Origin',(-52.7301030098938,24.9589627890376,6.16));
#9613=CARTESIAN_POINT('',(-52.7301030098938,24.9589627890376,6.16));
#9614=CARTESIAN_POINT('Origin',(-58.0266225713288,19.5246925479805,6.16));
#9615=CARTESIAN_POINT('',(-58.0266225713288,19.5246925479805,1.56));
#9616=CARTESIAN_POINT('Ctrl Pts',(-58.0266225713288,19.5246925479805,1.56));
#9617=CARTESIAN_POINT('Ctrl Pts',(-58.0266225713288,19.5246925479805,2.32666666666666));
#9618=CARTESIAN_POINT('Ctrl Pts',(-58.0266225713288,19.5246925479805,3.09333333333333));
#9619=CARTESIAN_POINT('Ctrl Pts',(-58.0266225713288,19.5246925479805,4.62666666666667));
#9620=CARTESIAN_POINT('Ctrl Pts',(-58.0266225713288,19.5246925479805,5.39333333333333));
#9621=CARTESIAN_POINT('Ctrl Pts',(-58.0266225713288,19.5246925479805,6.16));
#9622=CARTESIAN_POINT('',(-57.8423000646382,19.7138088726249,1.56));
#9623=CARTESIAN_POINT('',(-49.3732032599908,28.4031680263666,1.56));
#9624=CARTESIAN_POINT('',(-57.0738363628092,20.5022586041408,2.68186934340515));
#9625=CARTESIAN_POINT('Ctrl Pts',(-57.0738363628092,20.5022586041408,2.68186934340515));
#9626=CARTESIAN_POINT('Ctrl Pts',(-57.0663916357221,20.5098969520017,2.60355376512923));
#9627=CARTESIAN_POINT('Ctrl Pts',(-57.0661484130767,20.5101465003265,2.52436633972314));
#9628=CARTESIAN_POINT('Ctrl Pts',(-57.0801242613875,20.4958071713223,2.36710373802559));
#9629=CARTESIAN_POINT('Ctrl Pts',(-57.0943325931314,20.4812293125085,2.2900767814018));
#9630=CARTESIAN_POINT('Ctrl Pts',(-57.1494645440976,20.4246635022643,2.09544364601111));
#9631=CARTESIAN_POINT('Ctrl Pts',(-57.2008572279301,20.3719342091652,1.98630968818946));
#9632=CARTESIAN_POINT('Ctrl Pts',(-57.3370565017418,20.2321926955271,1.78954314545633));
#9633=CARTESIAN_POINT('Ctrl Pts',(-57.4236175359793,20.1433804015439,1.70814885225697));
#9634=CARTESIAN_POINT('Ctrl Pts',(-57.6205948029053,19.9412801945298,1.59085587755853));
#9635=CARTESIAN_POINT('Ctrl Pts',(-57.7312516378722,19.827745421691,1.56));
#9636=CARTESIAN_POINT('Ctrl Pts',(-57.8423000646375,19.7138088726256,1.56));
#9637=CARTESIAN_POINT('Ctrl Pts',(-57.2523740788746,20.3190775196443,4.56000000000007));
#9638=CARTESIAN_POINT('Ctrl Pts',(-57.2226172371367,20.349608270574,4.246974962854));
#9639=CARTESIAN_POINT('Ctrl Pts',(-57.1928606990043,20.3801387100019,3.93395181406519));
#9640=CARTESIAN_POINT('Ctrl Pts',(-57.1333480068346,20.4411991947735,3.30790698495162));
#9641=CARTESIAN_POINT('Ctrl Pts',(-57.103592222249,20.4717288610566,2.99488919112648));
#9642=CARTESIAN_POINT('Ctrl Pts',(-57.0738363628092,20.5022586041408,2.68186934340514));
#9643=CARTESIAN_POINT('Origin',(-52.5485759891548,10.8179922445261,6.16));
#9644=CARTESIAN_POINT('',(-54.1064398243227,12.3363665452147,2.68186934340515));
#9645=CARTESIAN_POINT('Ctrl Pts',(-54.1064398243231,12.3363665452153,2.68186934340514));
#9646=CARTESIAN_POINT('Ctrl Pts',(-54.1693877803147,12.3977188640129,2.99492800344879));
#9647=CARTESIAN_POINT('Ctrl Pts',(-54.2323468683987,12.4590820327209,3.30797961252866));
#9648=CARTESIAN_POINT('Ctrl Pts',(-54.3582781712324,12.5818211640613,3.93402484743415));
#9649=CARTESIAN_POINT('Ctrl Pts',(-54.42124934266,12.643196109818,4.24701330784578));
#9650=CARTESIAN_POINT('Ctrl Pts',(-54.4842323927735,12.7045826331538,4.56000000000007));
#9651=CARTESIAN_POINT('',(-55.7345386909534,13.9231955236321,1.56));
#9652=CARTESIAN_POINT('Ctrl Pts',(-55.7345386909531,13.9231955236318,1.56));
#9653=CARTESIAN_POINT('Ctrl Pts',(-55.5113821624087,13.7056956816535,1.56));
#9654=CARTESIAN_POINT('Ctrl Pts',(-55.2822933762287,13.4824139558939,1.58767397474693));
#9655=CARTESIAN_POINT('Ctrl Pts',(-54.8528021678737,13.0638097117894,1.70478135404306));
#9656=CARTESIAN_POINT('Ctrl Pts',(-54.6644495230169,12.8802315268035,1.78875144900883));
#9657=CARTESIAN_POINT('Ctrl Pts',(-54.4159071531296,12.6379893368572,1.95860004087716));
#9658=CARTESIAN_POINT('Ctrl Pts',(-54.321036652728,12.5455236627398,2.04034143255683));
#9659=CARTESIAN_POINT('Ctrl Pts',(-54.2020277615665,12.429531470217,2.1977563176675));
#9660=CARTESIAN_POINT('Ctrl Pts',(-54.1633785764099,12.3918619845023,2.26289628865439));
#9661=CARTESIAN_POINT('Ctrl Pts',(-54.1157415101789,12.3454324471495,2.38938736540222));
#9662=CARTESIAN_POINT('Ctrl Pts',(-54.1018662673106,12.3319089210804,2.44640071016059));
#9663=CARTESIAN_POINT('Ctrl Pts',(-54.0913764872672,12.3216850413817,2.5656286492134));
#9664=CARTESIAN_POINT('Ctrl Pts',(-54.0948757623699,12.3250956150576,2.62435786931976));
#9665=CARTESIAN_POINT('Ctrl Pts',(-54.1064398243231,12.3363665452153,2.68186934340515));
#9666=CARTESIAN_POINT('',(-56.125795024429,14.3045340901488,1.56));
#9667=CARTESIAN_POINT('',(-35.6764351561408,-5.626464876907,1.56));
#9668=CARTESIAN_POINT('Ctrl Pts',(-56.125795024429,14.3045340901488,6.16));
#9669=CARTESIAN_POINT('Ctrl Pts',(-56.125795024429,14.3045340901488,5.39333333333333));
#9670=CARTESIAN_POINT('Ctrl Pts',(-56.125795024429,14.3045340901488,4.62666666666667));
#9671=CARTESIAN_POINT('Ctrl Pts',(-56.125795024429,14.3045340901488,3.09333333333333));
#9672=CARTESIAN_POINT('Ctrl Pts',(-56.125795024429,14.3045340901488,2.32666666666666));
#9673=CARTESIAN_POINT('Ctrl Pts',(-56.125795024429,14.3045340901488,1.56));
#9674=CARTESIAN_POINT('',(-52.5485759891548,10.8179922445261,6.16));
#9675=CARTESIAN_POINT('Origin',(-49.0587151082117,14.3986166358387,6.16));
#9676=CARTESIAN_POINT('Origin',(-49.2402421289506,28.5395871803503,6.16));
#9677=CARTESIAN_POINT('',(-52.8208665202632,32.0294480612934,6.16));
#9678=CARTESIAN_POINT('',(-49.2402421289506,28.5395871803503,6.16));
#9679=CARTESIAN_POINT('Origin',(-45.7503812480075,32.1202115716629,6.16));
#9680=CARTESIAN_POINT('',(-45.7503812480075,32.1202115716629,6.16));
#9681=CARTESIAN_POINT('Origin',(-52.9116300306327,39.0999333335491,6.16));
#9682=CARTESIAN_POINT('',(-52.9116300306328,39.0999333335491,5.36));
#9683=CARTESIAN_POINT('Origin',(-56.3107274012063,28.4488236699807,6.16));
#9684=CARTESIAN_POINT('',(-59.891351792519,31.9386845509239,5.36));
#9685=CARTESIAN_POINT('',(-56.3107274012063,28.4488236699807,6.16));
#9686=CARTESIAN_POINT('Origin',(-52.8208665202632,32.0294480612934,6.16));
#9687=CARTESIAN_POINT('Ctrl Pts',(-37.2812470291405,55.8926807961977,7.06));
#9688=CARTESIAN_POINT('Ctrl Pts',(-37.2812470291405,55.8926807961977,1.56));
#9689=CARTESIAN_POINT('Ctrl Pts',(-37.1485964963031,55.7447640921999,7.06));
#9690=CARTESIAN_POINT('Ctrl Pts',(-37.1485964963031,55.7447640921999,1.56));
#9691=CARTESIAN_POINT('Ctrl Pts',(-37.0159459634658,55.5968473882022,7.06));
#9692=CARTESIAN_POINT('Ctrl Pts',(-37.0159459634658,55.5968473882022,1.56));
#9693=CARTESIAN_POINT('Ctrl Pts',(-36.8832954306286,55.4489306842045,7.06));
#9694=CARTESIAN_POINT('Ctrl Pts',(-36.8832954306286,55.4489306842045,1.56));
#9695=CARTESIAN_POINT('Ctrl Pts',(-33.9540312938791,52.182550316338,7.06));
#9696=CARTESIAN_POINT('Ctrl Pts',(-33.9540312938791,52.182550316338,1.55999999999999));
#9697=CARTESIAN_POINT('Ctrl Pts',(-31.0518980597685,48.8131552933253,7.06));
#9698=CARTESIAN_POINT('Ctrl Pts',(-31.0518980597685,48.8131552933253,1.56));
#9699=CARTESIAN_POINT('Ctrl Pts',(-28.2116670649569,45.3642621587961,7.06));
#9700=CARTESIAN_POINT('Ctrl Pts',(-28.2116670649569,45.3642621587961,1.56));
#9701=CARTESIAN_POINT('Ctrl Pts',(-22.3252958894922,38.2164403191514,7.06));
#9702=CARTESIAN_POINT('Ctrl Pts',(-22.3252958894922,38.2164403191514,1.56));
#9703=CARTESIAN_POINT('Ctrl Pts',(-16.6796502189197,30.6438007466377,7.06000000000001));
#9704=CARTESIAN_POINT('Ctrl Pts',(-16.6796502189197,30.6438007466377,1.56));
#9705=CARTESIAN_POINT('Ctrl Pts',(-11.3026618473475,22.6287500950753,7.06));
#9706=CARTESIAN_POINT('Ctrl Pts',(-11.3026618473475,22.6287500950753,1.56));
#9707=CARTESIAN_POINT('Ctrl Pts',(-7.52524310558842,16.9980511879644,7.06));
#9708=CARTESIAN_POINT('Ctrl Pts',(-7.52524310558842,16.9980511879644,1.55999999999999));
#9709=CARTESIAN_POINT('Ctrl Pts',(-3.86718652874212,11.1713083247789,7.06));
#9710=CARTESIAN_POINT('Ctrl Pts',(-3.86718652874212,11.1713083247789,1.56));
#9711=CARTESIAN_POINT('Ctrl Pts',(-0.304835589971579,5.18251661017715,7.06));
#9712=CARTESIAN_POINT('Ctrl Pts',(-0.304835589971579,5.18251661017715,1.56));
#9713=CARTESIAN_POINT('',(-36.9282250634365,55.499031072455,1.56));
#9714=CARTESIAN_POINT('Ctrl Pts',(-27.1381741043824,44.0527176469145,1.56));
#9715=CARTESIAN_POINT('Ctrl Pts',(-27.4951068400973,44.4914795468331,1.56));
#9716=CARTESIAN_POINT('Ctrl Pts',(-27.8529399342601,44.9286597234697,1.56));
#9717=CARTESIAN_POINT('Ctrl Pts',(-28.2116670649569,45.3642621587961,1.56));
#9718=CARTESIAN_POINT('Ctrl Pts',(-31.0518980597685,48.8131552933253,1.56));
#9719=CARTESIAN_POINT('Ctrl Pts',(-33.9540312938791,52.182550316338,1.55999999999999));
#9720=CARTESIAN_POINT('Ctrl Pts',(-36.8832954306286,55.4489306842045,1.56));
#9721=CARTESIAN_POINT('Ctrl Pts',(-36.898271974898,55.4656308136214,1.56));
#9722=CARTESIAN_POINT('Ctrl Pts',(-36.9132485191673,55.4823309430383,1.56));
#9723=CARTESIAN_POINT('Ctrl Pts',(-36.9282250634367,55.4990310724552,1.56));
#9724=CARTESIAN_POINT('Ctrl Pts',(-36.9282250634365,55.499031072455,6.16));
#9725=CARTESIAN_POINT('Ctrl Pts',(-36.9282250634365,55.499031072455,5.54333333333333));
#9726=CARTESIAN_POINT('Ctrl Pts',(-36.9282250634365,55.499031072455,4.92666666666667));
#9727=CARTESIAN_POINT('Ctrl Pts',(-36.9282250634365,55.499031072455,3.39333333333333));
#9728=CARTESIAN_POINT('Ctrl Pts',(-36.9282250634365,55.499031072455,2.47666666666666));
#9729=CARTESIAN_POINT('Ctrl Pts',(-36.9282250634365,55.499031072455,1.56));
#9730=CARTESIAN_POINT('Origin',(0.185746500000006,-2.58699249999999,1.56));
#9731=CARTESIAN_POINT('',(-37.0947596468848,55.3281652953267,1.56));
#9732=CARTESIAN_POINT('Ctrl Pts',(-37.0947596468848,55.3281652953267,1.56));
#9733=CARTESIAN_POINT('Ctrl Pts',(-37.0818507538511,55.3137707741064,1.56));
#9734=CARTESIAN_POINT('Ctrl Pts',(-37.0689418618448,55.2993762540318,1.56000000000001));
#9735=CARTESIAN_POINT('Ctrl Pts',(-33.7166764580161,51.5613132485238,1.56));
#9736=CARTESIAN_POINT('Ctrl Pts',(-30.4626606531811,47.7605909886219,1.56));
#9737=CARTESIAN_POINT('Ctrl Pts',(-27.3052837216238,43.8814156228051,1.56));
#9738=CARTESIAN_POINT('',(-54.4230383656391,37.5492166333194,1.56));
#9739=CARTESIAN_POINT('Ctrl Pts',(-38.2473909941812,-48.4397904832907,7.06));
#9740=CARTESIAN_POINT('Ctrl Pts',(-38.2473909941812,-48.4397904832907,1.55999999999999));
#9741=CARTESIAN_POINT('Ctrl Pts',(-38.9453794683657,-42.7518920326956,7.05999999999999));
#9742=CARTESIAN_POINT('Ctrl Pts',(-38.9453794683657,-42.7518920326956,1.55999999999998));
#9743=CARTESIAN_POINT('Ctrl Pts',(-40.2763684138181,-36.0879051910911,7.06));
#9744=CARTESIAN_POINT('Ctrl Pts',(-40.2763684138181,-36.0879051910911,1.55999999999999));
#9745=CARTESIAN_POINT('Ctrl Pts',(-42.2521201142603,-28.4957756247964,7.06));
#9746=CARTESIAN_POINT('Ctrl Pts',(-42.2521201142603,-28.4957756247964,1.55999999999999));
#9747=CARTESIAN_POINT('Ctrl Pts',(-43.6827981987646,-22.9981752012293,7.06));
#9748=CARTESIAN_POINT('Ctrl Pts',(-43.6827981987646,-22.9981752012293,1.55999999999999));
#9749=CARTESIAN_POINT('Ctrl Pts',(-45.4608205087089,-16.9977063974917,7.06));
#9750=CARTESIAN_POINT('Ctrl Pts',(-45.4608205087089,-16.9977063974917,1.55999999999999));
#9751=CARTESIAN_POINT('Ctrl Pts',(-47.4476803809242,-10.8203095753412,7.06));
#9752=CARTESIAN_POINT('Ctrl Pts',(-47.4476803809242,-10.8203095753412,1.55999999999999));
#9753=CARTESIAN_POINT('Ctrl Pts',(-50.5699999767214,-1.11262589893291,7.06));
#9754=CARTESIAN_POINT('Ctrl Pts',(-50.5699999767214,-1.11262589893291,1.55999999999999));
#9755=CARTESIAN_POINT('Ctrl Pts',(-54.1908996268909,8.99441915565656,7.06));
#9756=CARTESIAN_POINT('Ctrl Pts',(-54.1908996268909,8.99441915565656,1.55999999999999));
#9757=CARTESIAN_POINT('Ctrl Pts',(-56.9616253984129,16.6060035242705,7.06));
#9758=CARTESIAN_POINT('Ctrl Pts',(-56.9616253984129,16.6060035242705,1.55999999999999));
#9759=CARTESIAN_POINT('Ctrl Pts',(-58.5507860891866,20.971657750118,7.06));
#9760=CARTESIAN_POINT('Ctrl Pts',(-58.5507860891866,20.971657750118,1.55999999999999));
#9761=CARTESIAN_POINT('Ctrl Pts',(-59.8472361400853,24.4889651313485,7.06000000000001));
#9762=CARTESIAN_POINT('Ctrl Pts',(-59.8472361400853,24.4889651313485,1.56));
#9763=CARTESIAN_POINT('Ctrl Pts',(-60.7200017575163,26.8850967335816,7.06));
#9764=CARTESIAN_POINT('Ctrl Pts',(-60.7200017575163,26.8850967335816,1.56));
#9765=CARTESIAN_POINT('Ctrl Pts',(-61.3689162337055,28.6666569285404,7.06));
#9766=CARTESIAN_POINT('Ctrl Pts',(-61.3689162337055,28.6666569285404,1.55999999999999));
#9767=CARTESIAN_POINT('Ctrl Pts',(-61.7888984408744,29.8379375927726,7.06000000000001));
#9768=CARTESIAN_POINT('Ctrl Pts',(-61.7888984408744,29.8379375927726,1.56));
#9769=CARTESIAN_POINT('Ctrl Pts',(-61.9909972204878,30.4368588263863,7.06));
#9770=CARTESIAN_POINT('Ctrl Pts',(-61.9909972204878,30.4368588263863,1.55999999999999));
#9771=CARTESIAN_POINT('',(-61.8247557118204,29.9549971009388,1.56));
#9772=CARTESIAN_POINT('Ctrl Pts',(-61.8247557118212,29.9549971009411,6.16));
#9773=CARTESIAN_POINT('Ctrl Pts',(-61.8247557118212,29.9549971009411,5.54333333333333));
#9774=CARTESIAN_POINT('Ctrl Pts',(-61.8247557118212,29.9549971009411,4.92666666666667));
#9775=CARTESIAN_POINT('Ctrl Pts',(-61.8247557118212,29.9549971009411,3.39333333333333));
#9776=CARTESIAN_POINT('Ctrl Pts',(-61.8247557118212,29.9549971009411,2.47666666666666));
#9777=CARTESIAN_POINT('Ctrl Pts',(-61.8247557118212,29.9549971009411,1.56));
#9778=CARTESIAN_POINT('Ctrl Pts',(-61.824186365591,29.953287207962,1.56));
#9779=CARTESIAN_POINT('Ctrl Pts',(-61.5912718890716,29.2881679207565,1.56));
#9780=CARTESIAN_POINT('Ctrl Pts',(-61.2249456042417,28.2713932195195,1.55999999999999));
#9781=CARTESIAN_POINT('Ctrl Pts',(-60.7200017575163,26.8850967335816,1.56));
#9782=CARTESIAN_POINT('Ctrl Pts',(-60.0509702703263,25.0483063544376,1.56));
#9783=CARTESIAN_POINT('Ctrl Pts',(-59.1329725974148,22.5526887086515,1.56));
#9784=CARTESIAN_POINT('Ctrl Pts',(-58.0250059106609,19.5211396450318,1.55999999999999));
#9785=CARTESIAN_POINT('Ctrl Pts',(-38.2473909941812,-48.4397904832907,7.06));
#9786=CARTESIAN_POINT('Ctrl Pts',(-38.2473909941812,-48.4397904832907,1.55999999999999));
#9787=CARTESIAN_POINT('Ctrl Pts',(-38.9453794683657,-42.7518920326956,7.05999999999999));
#9788=CARTESIAN_POINT('Ctrl Pts',(-38.9453794683657,-42.7518920326956,1.55999999999998));
#9789=CARTESIAN_POINT('Ctrl Pts',(-40.2763684138181,-36.0879051910911,7.06));
#9790=CARTESIAN_POINT('Ctrl Pts',(-40.2763684138181,-36.0879051910911,1.55999999999999));
#9791=CARTESIAN_POINT('Ctrl Pts',(-42.2521201142603,-28.4957756247964,7.06));
#9792=CARTESIAN_POINT('Ctrl Pts',(-42.2521201142603,-28.4957756247964,1.55999999999999));
#9793=CARTESIAN_POINT('Ctrl Pts',(-43.6827981987646,-22.9981752012293,7.06));
#9794=CARTESIAN_POINT('Ctrl Pts',(-43.6827981987646,-22.9981752012293,1.55999999999999));
#9795=CARTESIAN_POINT('Ctrl Pts',(-45.4608205087089,-16.9977063974917,7.06));
#9796=CARTESIAN_POINT('Ctrl Pts',(-45.4608205087089,-16.9977063974917,1.55999999999999));
#9797=CARTESIAN_POINT('Ctrl Pts',(-47.4476803809242,-10.8203095753412,7.06));
#9798=CARTESIAN_POINT('Ctrl Pts',(-47.4476803809242,-10.8203095753412,1.55999999999999));
#9799=CARTESIAN_POINT('Ctrl Pts',(-50.5699999767214,-1.11262589893291,7.06));
#9800=CARTESIAN_POINT('Ctrl Pts',(-50.5699999767214,-1.11262589893291,1.55999999999999));
#9801=CARTESIAN_POINT('Ctrl Pts',(-54.1908996268909,8.99441915565656,7.06));
#9802=CARTESIAN_POINT('Ctrl Pts',(-54.1908996268909,8.99441915565656,1.55999999999999));
#9803=CARTESIAN_POINT('Ctrl Pts',(-56.9616253984129,16.6060035242705,7.06));
#9804=CARTESIAN_POINT('Ctrl Pts',(-56.9616253984129,16.6060035242705,1.55999999999999));
#9805=CARTESIAN_POINT('Ctrl Pts',(-58.5507860891866,20.971657750118,7.06));
#9806=CARTESIAN_POINT('Ctrl Pts',(-58.5507860891866,20.971657750118,1.55999999999999));
#9807=CARTESIAN_POINT('Ctrl Pts',(-59.8472361400853,24.4889651313485,7.06000000000001));
#9808=CARTESIAN_POINT('Ctrl Pts',(-59.8472361400853,24.4889651313485,1.56));
#9809=CARTESIAN_POINT('Ctrl Pts',(-60.7200017575163,26.8850967335816,7.06));
#9810=CARTESIAN_POINT('Ctrl Pts',(-60.7200017575163,26.8850967335816,1.56));
#9811=CARTESIAN_POINT('Ctrl Pts',(-61.3689162337055,28.6666569285404,7.06));
#9812=CARTESIAN_POINT('Ctrl Pts',(-61.3689162337055,28.6666569285404,1.55999999999999));
#9813=CARTESIAN_POINT('Ctrl Pts',(-61.7888984408744,29.8379375927726,7.06000000000001));
#9814=CARTESIAN_POINT('Ctrl Pts',(-61.7888984408744,29.8379375927726,1.56));
#9815=CARTESIAN_POINT('Ctrl Pts',(-61.9909972204878,30.4368588263863,7.06));
#9816=CARTESIAN_POINT('Ctrl Pts',(-61.9909972204878,30.4368588263863,1.55999999999999));
#9817=CARTESIAN_POINT('',(-50.4023297325026,-1.91484041607081,1.56));
#9818=CARTESIAN_POINT('Ctrl Pts',(-56.1256685746334,14.3041640548961,1.55999999999999));
#9819=CARTESIAN_POINT('Ctrl Pts',(-54.3792212425138,9.48311329476456,1.55999999999999));
#9820=CARTESIAN_POINT('Ctrl Pts',(-52.3765490493062,3.87286387723638,1.55999999999999));
#9821=CARTESIAN_POINT('Ctrl Pts',(-50.4050090502129,-1.90983156155159,1.55999999999999));
#9822=CARTESIAN_POINT('',(-50.4023297325026,-1.91484041607081,4.56));
#9823=CARTESIAN_POINT('Ctrl Pts',(-50.4023297325026,-1.9148404160708,1.56));
#9824=CARTESIAN_POINT('Ctrl Pts',(-50.4023297325026,-1.9148404160708,2.22666666666667));
#9825=CARTESIAN_POINT('Ctrl Pts',(-50.4023297325026,-1.9148404160708,2.89333333333334));
#9826=CARTESIAN_POINT('Ctrl Pts',(-50.4023297325026,-1.9148404160708,3.89333333333334));
#9827=CARTESIAN_POINT('Ctrl Pts',(-50.4023297325026,-1.91484041607081,4.22666666666667));
#9828=CARTESIAN_POINT('Ctrl Pts',(-50.4023297325026,-1.91484041607081,4.56));
#9829=CARTESIAN_POINT('Ctrl Pts',(-50.4023297325026,-1.91484041607078,6.16));
#9830=CARTESIAN_POINT('Ctrl Pts',(-50.4023297325026,-1.91484041607078,5.62666666666666));
#9831=CARTESIAN_POINT('Ctrl Pts',(-50.4023297325026,-1.91484041607078,5.09333333333333));
#9832=CARTESIAN_POINT('Ctrl Pts',(-50.4023297325026,-1.91484041607078,4.55999999999999));
#9833=CARTESIAN_POINT('Origin',(0.185746500000006,-2.58699249999999,1.56));
#9834=CARTESIAN_POINT('',(-61.6391192239348,30.1454615804561,1.56));
#9835=CARTESIAN_POINT('',(-54.4230383656391,37.5492166333194,1.56));
#9836=CARTESIAN_POINT('Ctrl Pts',(-57.8423000646374,19.7138088726252,1.56));
#9837=CARTESIAN_POINT('Ctrl Pts',(-58.4086499493252,21.262537064365,1.56));
#9838=CARTESIAN_POINT('Ctrl Pts',(-59.1661412491197,23.3266568047842,1.56));
#9839=CARTESIAN_POINT('Ctrl Pts',(-60.1104386690812,25.907624921715,1.56));
#9840=CARTESIAN_POINT('Ctrl Pts',(-60.6762846186706,27.4565030828549,1.56));
#9841=CARTESIAN_POINT('Ctrl Pts',(-61.1864027725218,28.8688678715402,1.56));
#9842=CARTESIAN_POINT('Ctrl Pts',(-61.5083104279372,29.7649288419585,1.56));
#9843=CARTESIAN_POINT('Ctrl Pts',(-61.639900855275,30.1451896778855,1.56000000000004));
#9844=CARTESIAN_POINT('Origin',(0.185746500000006,-2.58699249999999,1.56));
#9845=CARTESIAN_POINT('',(-50.1046228373374,-2.05048776202318,1.56));
#9846=CARTESIAN_POINT('Ctrl Pts',(-50.1046133034425,-2.05048452083509,1.56));
#9847=CARTESIAN_POINT('Ctrl Pts',(-51.9241420706581,3.29382423053378,1.56));
#9848=CARTESIAN_POINT('Ctrl Pts',(-53.8134320991445,8.61446289012189,1.56));
#9849=CARTESIAN_POINT('Ctrl Pts',(-55.7345386909532,13.9231955236322,1.56));
#9850=CARTESIAN_POINT('',(-29.3299613420414,-11.5162668241175,1.56));
#9851=CARTESIAN_POINT('Ctrl Pts',(-57.2523740787493,20.3190775193017,4.56000000000007));
#9852=CARTESIAN_POINT('Ctrl Pts',(-57.1801844279144,20.3454861909685,3.93395644780176));
#9853=CARTESIAN_POINT('Ctrl Pts',(-57.1079947770794,20.3718948626354,3.30791289560345));
#9854=CARTESIAN_POINT('Ctrl Pts',(-57.0358051262445,20.3983035343023,2.68186934340514));
#9855=CARTESIAN_POINT('Ctrl Pts',(-58.1638357000029,22.8106112479862,4.56000000000007));
#9856=CARTESIAN_POINT('Ctrl Pts',(-58.0916917274716,22.8371529660496,3.93395644780176));
#9857=CARTESIAN_POINT('Ctrl Pts',(-58.0194767053055,22.8634759195403,3.30791289560345));
#9858=CARTESIAN_POINT('Ctrl Pts',(-57.9473327327741,22.8900176376036,2.68186934340515));
#9859=CARTESIAN_POINT('Ctrl Pts',(-59.9650980379079,27.7162182020109,4.56000000000007));
#9860=CARTESIAN_POINT('Ctrl Pts',(-59.8928613205726,27.7424775195147,3.93395644780176));
#9861=CARTESIAN_POINT('Ctrl Pts',(-59.8204584794727,27.7682053958052,3.30791289560345));
#9862=CARTESIAN_POINT('Ctrl Pts',(-59.7482217621374,27.7944647133091,2.68186934340514));
#9863=CARTESIAN_POINT('Ctrl Pts',(-60.8522326107894,30.1851733589756,4.56000000000007));
#9864=CARTESIAN_POINT('Ctrl Pts',(-60.7799506124842,30.2113583311884,3.93395644780176));
#9865=CARTESIAN_POINT('Ctrl Pts',(-60.7082514985401,30.2394047339918,3.30791289560345));
#9866=CARTESIAN_POINT('Ctrl Pts',(-60.6359695002349,30.2655897062047,2.68186934340514));
#9867=CARTESIAN_POINT('Ctrl Pts',(-61.0598699347399,30.8053183212503,4.56000000000007));
#9868=CARTESIAN_POINT('Ctrl Pts',(-60.9869786775346,30.8297238175555,3.93395644780176));
#9869=CARTESIAN_POINT('Ctrl Pts',(-60.9140874203293,30.8541293138607,3.30791289560345));
#9870=CARTESIAN_POINT('Ctrl Pts',(-60.8411961631239,30.878534810166,2.68186934340514));
#9871=CARTESIAN_POINT('Ctrl Pts',(-61.0669808929102,30.8265564339477,4.56000000000007));
#9872=CARTESIAN_POINT('Ctrl Pts',(-60.9940896357048,30.8509619302529,3.93395644780176));
#9873=CARTESIAN_POINT('Ctrl Pts',(-60.9211983784996,30.8753674265582,3.30791289560345));
#9874=CARTESIAN_POINT('Ctrl Pts',(-60.8483071212942,30.8997729228634,2.68186934340514));
#9875=CARTESIAN_POINT('Ctrl Pts',(-61.0740918510805,30.8477945466452,4.56000000000007));
#9876=CARTESIAN_POINT('Ctrl Pts',(-61.0012005938752,30.8722000429504,3.93395644780176));
#9877=CARTESIAN_POINT('Ctrl Pts',(-60.9283093366698,30.8966055392556,3.30791289560345));
#9878=CARTESIAN_POINT('Ctrl Pts',(-60.8554180794645,30.9210110355608,2.68186934340514));
#9879=CARTESIAN_POINT('Ctrl Pts',(-61.0812028092508,30.8690326593426,4.56000000000007));
#9880=CARTESIAN_POINT('Ctrl Pts',(-61.0083115520455,30.8934381556478,3.93395644780176));
#9881=CARTESIAN_POINT('Ctrl Pts',(-60.9354202948401,30.917843651953,3.30791289560345));
#9882=CARTESIAN_POINT('Ctrl Pts',(-60.8625290376348,30.9422491482583,2.68186934340514));
#9883=CARTESIAN_POINT('',(-60.8625290376348,30.9422491482583,2.68186934340515));
#9884=CARTESIAN_POINT('Ctrl Pts',(-60.8625290376348,30.9422491482583,2.68186934340515));
#9885=CARTESIAN_POINT('Ctrl Pts',(-60.8554197835753,30.9210161251838,2.68186934340515));
#9886=CARTESIAN_POINT('Ctrl Pts',(-60.8483320278071,30.8998473104934,2.68186934340515));
#9887=CARTESIAN_POINT('Ctrl Pts',(-60.6750750869488,30.3823853387818,2.68186934340515));
#9888=CARTESIAN_POINT('Ctrl Pts',(-60.3019843581255,29.3418294737954,2.68186934340515));
#9889=CARTESIAN_POINT('Ctrl Pts',(-59.7447588766245,27.7996069090652,2.68186934340515));
#9890=CARTESIAN_POINT('Ctrl Pts',(-59.178435995148,26.2490666991261,2.68186934340515));
#9891=CARTESIAN_POINT('Ctrl Pts',(-58.2893531225976,23.819115460645,2.68186934340515));
#9892=CARTESIAN_POINT('Ctrl Pts',(-57.5861637183921,21.9023733235877,2.68186934340515));
#9893=CARTESIAN_POINT('Ctrl Pts',(-57.0738463391787,20.5022549537002,2.68186934340515));
#9894=CARTESIAN_POINT('Ctrl Pts',(-60.8625290376348,30.9422491482583,2.68186934340515));
#9895=CARTESIAN_POINT('Ctrl Pts',(-60.8868760000382,30.9172689755781,2.93449360682002));
#9896=CARTESIAN_POINT('Ctrl Pts',(-60.9112229624415,30.8922888028979,3.18711787023489));
#9897=CARTESIAN_POINT('Ctrl Pts',(-60.968148026393,30.8338832447924,3.7777727581987));
#9898=CARTESIAN_POINT('Ctrl Pts',(-60.9774606940867,30.8243283753493,3.87440106761821));
#9899=CARTESIAN_POINT('Ctrl Pts',(-61.0079340065663,30.7930625198694,4.19072330918647));
#9900=CARTESIAN_POINT('Ctrl Pts',(-61.0257314864094,30.7748021672066,4.37554480381776));
#9901=CARTESIAN_POINT('Ctrl Pts',(-61.0434871420285,30.7565847265228,4.56000000000007));
#9902=CARTESIAN_POINT('Ctrl Pts',(-60.8641501797758,30.9470909710709,2.68186934340515));
#9903=CARTESIAN_POINT('Ctrl Pts',(-60.8564988713895,30.9242390085226,2.68186934340515));
#9904=CARTESIAN_POINT('Ctrl Pts',(-60.8488475393474,30.9013869753217,2.68186934340515));
#9905=CARTESIAN_POINT('Ctrl Pts',(-60.6750750869488,30.3823853387818,2.68186934340515));
#9906=CARTESIAN_POINT('Ctrl Pts',(-60.3019843581255,29.3418294737954,2.68186934340515));
#9907=CARTESIAN_POINT('Ctrl Pts',(-59.7447588766245,27.7996069090652,2.68186934340515));
#9908=CARTESIAN_POINT('Ctrl Pts',(-59.178435995148,26.2490666991261,2.68186934340515));
#9909=CARTESIAN_POINT('Ctrl Pts',(-58.2348350356861,23.6701121484674,2.68186934340515));
#9910=CARTESIAN_POINT('Ctrl Pts',(-57.4766703367969,21.6039491051569,2.68186934340515));
#9911=CARTESIAN_POINT('Ctrl Pts',(-56.9101271973867,20.0546924432171,2.68186934340515));
#9912=CARTESIAN_POINT('Ctrl Pts',(-60.8268842979732,30.9595683569127,2.36180263151151));
#9913=CARTESIAN_POINT('Ctrl Pts',(-60.8192329895869,30.9367163943644,2.36180263151152));
#9914=CARTESIAN_POINT('Ctrl Pts',(-60.8115816575448,30.9138643611635,2.36180263151148));
#9915=CARTESIAN_POINT('Ctrl Pts',(-60.6380400523788,30.3955393939527,2.36180263151151));
#9916=CARTESIAN_POINT('Ctrl Pts',(-60.2649970163503,29.3551069187174,2.36180263151151));
#9917=CARTESIAN_POINT('Ctrl Pts',(-59.7078322710922,27.8130567310739,2.36180263151151));
#9918=CARTESIAN_POINT('Ctrl Pts',(-59.1415224845768,26.2625500048997,2.36180263151151));
#9919=CARTESIAN_POINT('Ctrl Pts',(-58.1979420548542,23.6836534131589,2.36180263151152));
#9920=CARTESIAN_POINT('Ctrl Pts',(-57.4397670689281,21.6174607175999,2.36180263151151));
#9921=CARTESIAN_POINT('Ctrl Pts',(-56.8732183895432,20.0681895172535,2.36180263151151));
#9922=CARTESIAN_POINT('Ctrl Pts',(-61.039989388613,30.8882163772427,1.77405698132681));
#9923=CARTESIAN_POINT('Ctrl Pts',(-61.0323380802267,30.8653644146944,1.77405698132681));
#9924=CARTESIAN_POINT('Ctrl Pts',(-61.0246867481845,30.8425123814935,1.77405698132686));
#9925=CARTESIAN_POINT('Ctrl Pts',(-60.8483359847179,30.3156831771074,1.7740569813268));
#9926=CARTESIAN_POINT('Ctrl Pts',(-60.476677333723,29.2796940474567,1.7740569813268));
#9927=CARTESIAN_POINT('Ctrl Pts',(-59.9183614096269,27.7341647074438,1.7740569813268));
#9928=CARTESIAN_POINT('Ctrl Pts',(-59.3524450028569,26.1849204243036,1.77405698132681));
#9929=CARTESIAN_POINT('Ctrl Pts',(-58.4086439969203,23.6053736615541,1.7740569813268));
#9930=CARTESIAN_POINT('Ctrl Pts',(-57.6507676270285,21.5401009986304,1.7740569813268));
#9931=CARTESIAN_POINT('Ctrl Pts',(-57.0842815513531,19.9910064466602,1.7740569813268));
#9932=CARTESIAN_POINT('Ctrl Pts',(-61.5760021980561,30.7087482332983,1.56));
#9933=CARTESIAN_POINT('Ctrl Pts',(-61.5683508896698,30.68589627075,1.56));
#9934=CARTESIAN_POINT('Ctrl Pts',(-61.5606995576275,30.6630442375491,1.5600000000001));
#9935=CARTESIAN_POINT('Ctrl Pts',(-61.3799491433247,30.1231229561403,1.56));
#9936=CARTESIAN_POINT('Ctrl Pts',(-61.0088055789671,29.0890910021485,1.56));
#9937=CARTESIAN_POINT('Ctrl Pts',(-60.4490334218115,27.5392750599956,1.56));
#9938=CARTESIAN_POINT('Ctrl Pts',(-59.8832680603384,25.9906029623579,1.56));
#9939=CARTESIAN_POINT('Ctrl Pts',(-58.939096983098,23.4099915322456,1.56));
#9940=CARTESIAN_POINT('Ctrl Pts',(-58.1815423755232,21.3456893079818,1.56));
#9941=CARTESIAN_POINT('Ctrl Pts',(-57.615158397101,19.7968716449717,1.56));
#9942=CARTESIAN_POINT('Ctrl Pts',(-61.8053413457942,30.631960756482,1.56));
#9943=CARTESIAN_POINT('Ctrl Pts',(-61.797690037408,30.6091087939337,1.56));
#9944=CARTESIAN_POINT('Ctrl Pts',(-61.7900387053657,30.5862567607328,1.5600000000001));
#9945=CARTESIAN_POINT('Ctrl Pts',(-61.6078676267713,30.0421711670971,1.56));
#9946=CARTESIAN_POINT('Ctrl Pts',(-61.2364305546685,29.007379856316,1.56));
#9947=CARTESIAN_POINT('Ctrl Pts',(-60.6762846186706,27.4565030828549,1.56));
#9948=CARTESIAN_POINT('Ctrl Pts',(-60.1104386690812,25.907624921715,1.56));
#9949=CARTESIAN_POINT('Ctrl Pts',(-59.1661412491197,23.3266568047842,1.56));
#9950=CARTESIAN_POINT('Ctrl Pts',(-58.4086499493252,21.262537064365,1.56));
#9951=CARTESIAN_POINT('Ctrl Pts',(-57.8423000646374,19.7138088726252,1.56));
#9952=CARTESIAN_POINT('Ctrl Pts',(-61.6391192239355,30.1454615805056,1.56));
#9953=CARTESIAN_POINT('Ctrl Pts',(-61.5263469294124,30.2611668312904,1.56));
#9954=CARTESIAN_POINT('Ctrl Pts',(-61.4139202026524,30.3765175268641,1.59134440757154));
#9955=CARTESIAN_POINT('Ctrl Pts',(-61.2141129108455,30.5815213614044,1.71019117514609));
#9956=CARTESIAN_POINT('Ctrl Pts',(-61.1263116630258,30.6716061241392,1.79252880334659));
#9957=CARTESIAN_POINT('Ctrl Pts',(-60.9892712168203,30.8122106871919,1.99032298606697));
#9958=CARTESIAN_POINT('Ctrl Pts',(-60.9377245269938,30.865097991665,2.09918551009225));
#9959=CARTESIAN_POINT('Ctrl Pts',(-60.8826891173409,30.9215647497713,2.29312178860169));
#9960=CARTESIAN_POINT('Ctrl Pts',(-60.8685642012637,30.9360570234624,2.3695691346352));
#9961=CARTESIAN_POINT('Ctrl Pts',(-60.8547386503334,30.950242146186,2.52565150608269));
#9962=CARTESIAN_POINT('Ctrl Pts',(-60.8550427983308,30.9499300879764,2.60419206857349));
#9963=CARTESIAN_POINT('Ctrl Pts',(-60.8625290376348,30.9422491482583,2.68186934340515));
#9964=CARTESIAN_POINT('Origin',(-60.965044,30.837068,4.56));
#9965=CARTESIAN_POINT('Origin',(-60.965044,30.837068,4.56));
#9966=CARTESIAN_POINT('',(-37.7890962369982,54.6157705566375,2.68186934340515));
#9967=CARTESIAN_POINT('Ctrl Pts',(-37.7890962369982,54.6157705566375,2.68186934340515));
#9968=CARTESIAN_POINT('Ctrl Pts',(-37.8001737572355,54.604404934766,2.55290231410698));
#9969=CARTESIAN_POINT('Ctrl Pts',(-37.7935612144453,54.6111894550696,2.42208501504479));
#9970=CARTESIAN_POINT('Ctrl Pts',(-37.745694094736,54.6603014919731,2.17133019100612));
#9971=CARTESIAN_POINT('Ctrl Pts',(-37.7048813210965,54.702175714974,2.05382601225377));
#9972=CARTESIAN_POINT('Ctrl Pts',(-37.594030946896,54.8159090605683,1.84755454326006));
#9973=CARTESIAN_POINT('Ctrl Pts',(-37.5249981354165,54.8867372617537,1.76083071408941));
#9974=CARTESIAN_POINT('Ctrl Pts',(-37.3931595066877,55.0220047196404,1.65127878131025));
#9975=CARTESIAN_POINT('Ctrl Pts',(-37.3361639867596,55.0804825661254,1.61732444380113));
#9976=CARTESIAN_POINT('Ctrl Pts',(-37.2174480508829,55.2022860391404,1.57158397848879));
#9977=CARTESIAN_POINT('Ctrl Pts',(-37.1562352122092,55.2650908874406,1.56));
#9978=CARTESIAN_POINT('Ctrl Pts',(-37.0947596468848,55.3281652953267,1.56));
#9979=CARTESIAN_POINT('Ctrl Pts',(-37.6277759148578,54.7812864611323,4.56000000000027));
#9980=CARTESIAN_POINT('Ctrl Pts',(-37.6510934446429,54.7573624943204,4.28853147125985));
#9981=CARTESIAN_POINT('Ctrl Pts',(-37.6744109981411,54.7334385539237,4.01706294237303));
#9982=CARTESIAN_POINT('Ctrl Pts',(-37.6977283438272,54.7095143820348,3.74559441476902));
#9983=CARTESIAN_POINT('Ctrl Pts',(-37.728183986362,54.6782661412294,3.39101938789415));
#9984=CARTESIAN_POINT('Ctrl Pts',(-37.7586401505178,54.6470184225773,3.03644436288152));
#9985=CARTESIAN_POINT('Ctrl Pts',(-37.7890962356404,54.6157705590002,2.68186934340515));
#9986=CARTESIAN_POINT('Origin',(-60.965044,30.837068,4.56));
#9987=CARTESIAN_POINT('Origin',(-23.3338253261195,31.345222929757,6.16));
#9988=CARTESIAN_POINT('',(-24.7197056021861,31.9191008439596,6.16));
#9989=CARTESIAN_POINT('',(-24.7724370650209,30.920492115364,6.16));
#9990=CARTESIAN_POINT('Origin',(-48.2667627629956,6.89920791149719,6.16));
#9991=CARTESIAN_POINT('',(-49.2202985986845,8.05712388861169,6.16));
#9992=CARTESIAN_POINT('',(-48.2806059778986,8.39914403193738,6.16));
#9993=CARTESIAN_POINT('Origin',(-27.4179180927563,-49.7209652272917,6.16));
#9994=CARTESIAN_POINT('',(-29.2489525145968,-48.9164076183939,6.16));
#9995=CARTESIAN_POINT('',(-28.6305684343261,-48.130531591741,6.16));
#9996=CARTESIAN_POINT('Origin',(-39.2190975258206,7.1101536411703,6.16));
#9997=CARTESIAN_POINT('',(-40.6859025484765,8.46974292676773,6.16));
#9998=CARTESIAN_POINT('',(-41.1607602532446,7.58968033795808,6.16));
#9999=CARTESIAN_POINT('Origin',(-19.8861282443016,26.4214012145083,6.16));
#10000=CARTESIAN_POINT('',(-19.4845446911008,24.9761570656536,6.16));
#10001=CARTESIAN_POINT('',(-18.6653926468118,25.5497335020047,6.16));
#10002=CARTESIAN_POINT('Origin',(-40.0777638259922,18.2732428159078,6.16));
#10003=CARTESIAN_POINT('',(-40.7067831045338,16.9115032125977,6.16));
#10004=CARTESIAN_POINT('',(-41.422907982823,17.6094753887589,6.16));
#10005=CARTESIAN_POINT('Origin',(-46.5352213486897,2.14183697484149,6.16));
#10006=CARTESIAN_POINT('',(-46.5213781337867,0.641900854401307,6.16));
#10007=CARTESIAN_POINT('',(-45.5816855130008,0.983920997726993,6.16));
#10008=CARTESIAN_POINT('Origin',(-34.2780813455975,-28.9243832993995,6.16));
#10009=CARTESIAN_POINT('',(-35.7617165216044,-28.7034157350036,6.16));
#10010=CARTESIAN_POINT('',(-35.5709066275643,-29.6850427437683,6.16));
#10011=CARTESIAN_POINT('Origin',(-35.9678425888513,-12.4527599695291,6.16));
#10012=CARTESIAN_POINT('',(-37.2606685671888,-13.2134182303372,6.16));
#10013=CARTESIAN_POINT('',(-37.4514775625654,-12.2317910468895,6.16));
#10014=CARTESIAN_POINT('Origin',(-3.82598802647217,3.48514397441639,6.16));
#10015=CARTESIAN_POINT('',(-5.34629004149893,4.78463686901243,6.16));
#10016=CARTESIAN_POINT('',(-4.52713799720992,5.35821330536345,6.16));
#10017=CARTESIAN_POINT('Origin',(-35.3296639450549,23.1448302021599,6.16));
#10018=CARTESIAN_POINT('',(-34.7006446665133,24.50656980547,6.16));
#10019=CARTESIAN_POINT('',(-33.984519788224,23.8085976293088,6.16));
#10020=CARTESIAN_POINT('Origin',(-27.114822016939,32.0455747957618,6.16));
#10021=CARTESIAN_POINT('',(-27.3410967118651,32.0575232149217,6.16));
#10022=CARTESIAN_POINT('Origin',(-48.7366090733885,6.72819783983435,6.16));
#10023=CARTESIAN_POINT('',(-49.6316340187327,9.18725866701594,6.16));
#10024=CARTESIAN_POINT('Origin',(-27.7271101328917,-50.1139032406181,6.16));
#10025=CARTESIAN_POINT('',(-35.0170262356261,-44.377670156069,6.16));
#10026=CARTESIAN_POINT('Origin',(-42.9545509081458,9.6938435381295,6.16));
#10027=CARTESIAN_POINT('',(-42.7871793346824,9.60353441440487,6.16));
#10028=CARTESIAN_POINT('Origin',(-20.2957042664461,26.1346129963327,6.16));
#10029=CARTESIAN_POINT('',(-17.1410338665153,21.6292767527433,6.16));
#10030=CARTESIAN_POINT('Origin',(-44.3773766217662,13.1454457312884,6.16));
#10031=CARTESIAN_POINT('',(-44.1581840770478,13.3703389860191,6.16));
#10032=CARTESIAN_POINT('Origin',(-41.3458248164826,-13.5778150180746,6.16));
#10033=CARTESIAN_POINT('',(-41.1997684172557,-13.9791016769175,6.16));
#10034=CARTESIAN_POINT('Origin',(-38.0941131409868,-29.1567899268608,6.16));
#10035=CARTESIAN_POINT('',(-38.6054798582574,-29.2561900332829,6.16));
#10036=CARTESIAN_POINT('Origin',(-35.8724380911631,-12.9435735612529,6.16));
#10037=CARTESIAN_POINT('Origin',(-7.10344623037179,7.29411597768593,6.16));
#10038=CARTESIAN_POINT('',(-6.81665801219627,6.88453995554141,6.16));
#10039=CARTESIAN_POINT('Origin',(-35.6877263841995,23.4938162902405,6.16));
#10040=CARTESIAN_POINT('Origin',(-34.9716015059102,22.7958441140793,6.16));
#10041=CARTESIAN_POINT('',(-26.9412787848478,31.0350176480064,6.16));
#10042=CARTESIAN_POINT('Origin',(-27.1675534797739,31.0469660671662,6.16));
#10043=CARTESIAN_POINT('Origin',(-49.4124414740143,9.41215192174669,6.16));
#10044=CARTESIAN_POINT('Origin',(-47.7969164526026,7.07021798316004,6.16));
#10045=CARTESIAN_POINT('',(-48.4771240510066,8.93907300031628,6.16));
#10046=CARTESIAN_POINT('Origin',(-48.696316595725,8.71417974558552,6.16));
#10047=CARTESIAN_POINT('',(-44.9330127171008,12.5753587783484,6.16));
#10048=CARTESIAN_POINT('Origin',(-44.2655927505179,13.6654418910318,6.16));
#10049=CARTESIAN_POINT('Origin',(-45.2052853713038,13.3234217477061,6.16));
#10050=CARTESIAN_POINT('',(-43.5967801863772,8.90409007304448,6.16));
#10051=CARTESIAN_POINT('Origin',(-43.4294086129139,8.81378094931985,6.16));
#10052=CARTESIAN_POINT('Origin',(-36.0632470865396,-11.9619463778052,6.16));
#10053=CARTESIAN_POINT('',(-40.5521885949236,-12.8345082159061,6.16));
#10054=CARTESIAN_POINT('Origin',(-40.4061321956967,-13.235794874749,6.16));
#10055=CARTESIAN_POINT('Origin',(-35.0572881619313,-44.2080093544108,6.16));
#10056=CARTESIAN_POINT('Origin',(-27.1087260526209,-49.3280272139652,6.16));
#10057=CARTESIAN_POINT('',(-34.1245716330766,-43.8074526329214,6.16));
#10058=CARTESIAN_POINT('Origin',(-34.0843097067714,-43.9771134345796,6.16));
#10059=CARTESIAN_POINT('',(-37.3919365296761,-30.0390168292034,6.16));
#10060=CARTESIAN_POINT('Origin',(-37.9033032469467,-30.1384169356255,6.16));
#10061=CARTESIAN_POINT('Origin',(-16.7314578443708,21.9160649709188,6.16));
#10062=CARTESIAN_POINT('',(-15.9123058000818,22.4896414072699,6.16));
#10063=CARTESIAN_POINT('Origin',(-16.1990940182573,22.8992174294144,6.16));
#10064=CARTESIAN_POINT('',(-14.7651529273797,20.8513373186919,6.16));
#10065=CARTESIAN_POINT('Origin',(-14.3555769052352,21.1381255368674,6.16));
#10066=CARTESIAN_POINT('',(-17.2226090602467,19.1306080096388,6.16));
#10067=CARTESIAN_POINT('Origin',(-16.9358208420711,18.7210319874943,6.16));
#10068=CARTESIAN_POINT('',(-14.9283033148424,15.8539998324829,6.16));
#10069=CARTESIAN_POINT('Origin',(-14.5187272926979,16.1407880506584,6.16));
#10070=CARTESIAN_POINT('',(-12.4708471819754,17.574729141536,6.16));
#10071=CARTESIAN_POINT('Origin',(-12.7576354001509,17.9843051636804,6.16));
#10072=CARTESIAN_POINT('',(-11.3236943092733,15.9364250529579,6.16));
#10073=CARTESIAN_POINT('Origin',(-10.9141182871288,16.2232132711335,6.16));
#10074=CARTESIAN_POINT('',(-13.7811504421402,14.2156957439048,6.16));
#10075=CARTESIAN_POINT('Origin',(-13.4943622239647,13.8061197217603,6.16));
#10076=CARTESIAN_POINT('',(-11.4868446967361,10.9390875667488,6.16));
#10077=CARTESIAN_POINT('Origin',(-11.0772686745916,11.2258757849243,6.16));
#10078=CARTESIAN_POINT('',(-9.0293885638691,12.6598168758019,6.16));
#10079=CARTESIAN_POINT('Origin',(-9.31617678204463,13.0693928979464,6.16));
#10080=CARTESIAN_POINT('',(-7.88223569116697,11.021512787224,6.16));
#10081=CARTESIAN_POINT('Origin',(-7.47265966902247,11.3083010053995,6.16));
#10082=CARTESIAN_POINT('',(-10.339691824034,9.30078347817084,6.16));
#10083=CARTESIAN_POINT('Origin',(-10.0529036058584,8.89120745602634,6.16));
#10084=CARTESIAN_POINT('',(-8.04538607862976,6.02417530101487,6.16));
#10085=CARTESIAN_POINT('Origin',(-7.63581005648526,6.31096351919038,6.16));
#10086=CARTESIAN_POINT('Origin',(-6.28429418608278,7.86769241403695,6.16));
#10087=CARTESIAN_POINT('',(-6.5710824042583,8.27726843618146,6.16));
#10088=CARTESIAN_POINT('Origin',(-8.2093864928363,7.13011556347938,6.16));
#10089=CARTESIAN_POINT('',(-7.79981047069181,7.41690378165489,6.16));
#10090=CARTESIAN_POINT('Origin',(-9.23375156156945,9.46478389237739,6.16));
#10091=CARTESIAN_POINT('',(-8.94696334339392,9.05520787023289,6.16));
#10092=CARTESIAN_POINT('Origin',(-6.89908323267143,10.4891489611105,6.16));
#10093=CARTESIAN_POINT('',(-6.48950721052692,10.775937179286,6.16));
#10094=CARTESIAN_POINT('Origin',(-8.49702473775564,13.6429693342975,6.16));
#10095=CARTESIAN_POINT('',(-8.78381295593117,14.052545356442,6.16));
#10096=CARTESIAN_POINT('Origin',(-11.6508451109426,12.0450278292133,6.16));
#10097=CARTESIAN_POINT('',(-11.2412690887981,12.3318160473888,6.16));
#10098=CARTESIAN_POINT('Origin',(-12.6752101796757,14.3796961581113,6.16));
#10099=CARTESIAN_POINT('',(-12.3884219615002,13.9701201359668,6.16));
#10100=CARTESIAN_POINT('Origin',(-10.3405418507777,15.4040612268445,6.16));
#10101=CARTESIAN_POINT('',(-9.93096582863324,15.69084944502,6.16));
#10102=CARTESIAN_POINT('Origin',(-11.9384833558619,18.5578816000315,6.16));
#10103=CARTESIAN_POINT('',(-12.2252715740374,18.967457622176,6.16));
#10104=CARTESIAN_POINT('Origin',(-15.0923037290489,16.9599400949474,6.16));
#10105=CARTESIAN_POINT('',(-14.6827277069045,17.2467283131229,6.16));
#10106=CARTESIAN_POINT('Origin',(-16.1166687977822,19.2946084238453,6.16));
#10107=CARTESIAN_POINT('',(-15.8298805796066,18.8850324017008,6.16));
#10108=CARTESIAN_POINT('Origin',(-13.7820004688841,20.3189734925784,6.16));
#10109=CARTESIAN_POINT('',(-13.3724244467396,20.605761710754,6.16));
#10110=CARTESIAN_POINT('Origin',(-15.3799419739683,23.4727938657655,6.16));
#10111=CARTESIAN_POINT('',(-15.6667301921439,23.88236988791,6.16));
#10112=CARTESIAN_POINT('Origin',(-17.3050342807218,22.7352170152078,6.16));
#10113=CARTESIAN_POINT('',(-16.8954582585773,23.0220052333834,6.16));
#10114=CARTESIAN_POINT('Origin',(-19.4765522221571,26.7081894326838,6.16));
#10115=CARTESIAN_POINT('Origin',(23.9531927906035,-46.0915561097277,4.56));
#10116=CARTESIAN_POINT('',(31.8176574511023,-40.1049598331192,4.56));
#10117=CARTESIAN_POINT('',(25.3933745896239,-44.9952593614181,2.68186934340515));
#10118=CARTESIAN_POINT('Ctrl Pts',(25.3933745852675,-44.9952593696737,2.68186934340514));
#10119=CARTESIAN_POINT('Ctrl Pts',(25.3484193454098,-45.0294802458763,2.99494136506468));
#10120=CARTESIAN_POINT('Ctrl Pts',(25.3034601191706,-45.0637041565964,3.30801274004161));
#10121=CARTESIAN_POINT('Ctrl Pts',(25.2135477959898,-45.1321473122862,3.93405612389942));
#10122=CARTESIAN_POINT('Ctrl Pts',(25.1685946297689,-45.1663666099927,4.24702863273559));
#10123=CARTESIAN_POINT('Ctrl Pts',(25.1236375675791,-45.2005888733928,4.56));
#10124=CARTESIAN_POINT('',(24.2317117928232,-45.8795415742657,1.56));
#10125=CARTESIAN_POINT('Ctrl Pts',(24.2317117928232,-45.8795415742657,1.56));
#10126=CARTESIAN_POINT('Ctrl Pts',(24.3977031994014,-45.7531854166036,1.56));
#10127=CARTESIAN_POINT('Ctrl Pts',(24.56594102486,-45.6251192375339,1.59012548213399));
#10128=CARTESIAN_POINT('Ctrl Pts',(24.8672945688208,-45.3957225675635,1.70938418028552));
#10129=CARTESIAN_POINT('Ctrl Pts',(24.99509499093,-45.2984381923195,1.79000127000366));
#10130=CARTESIAN_POINT('Ctrl Pts',(25.178258909556,-45.1590099565029,1.96339056994111));
#10131=CARTESIAN_POINT('Ctrl Pts',(25.2478775130738,-45.1060148079971,2.05128881232189));
#10132=CARTESIAN_POINT('Ctrl Pts',(25.3425062903403,-45.033981388038,2.23301040120251));
#10133=CARTESIAN_POINT('Ctrl Pts',(25.3732798135573,-45.0105559334823,2.32020945193897));
#10134=CARTESIAN_POINT('Ctrl Pts',(25.4048390431933,-44.9865323826384,2.50201560164676));
#10135=CARTESIAN_POINT('Ctrl Pts',(25.4062226102564,-44.9854791822254,2.59239463099506));
#10136=CARTESIAN_POINT('Ctrl Pts',(25.3933745852675,-44.9952593696737,2.68186934340515));
#10137=CARTESIAN_POINT('',(23.9528242695173,-46.0918366357468,1.56));
#10138=CARTESIAN_POINT('',(26.912798980184,-43.8386414919327,1.56));
#10139=CARTESIAN_POINT('Ctrl Pts',(23.9528242695174,-46.0918366357466,1.56));
#10140=CARTESIAN_POINT('Ctrl Pts',(23.9528242695174,-46.0918366357466,2.32666666666666));
#10141=CARTESIAN_POINT('Ctrl Pts',(23.9528242695174,-46.0918366357466,3.09333333333333));
#10142=CARTESIAN_POINT('Ctrl Pts',(23.9528242695174,-46.0918366357466,4.62666666666667));
#10143=CARTESIAN_POINT('Ctrl Pts',(23.9528242695174,-46.0918366357466,5.39333333333333));
#10144=CARTESIAN_POINT('Ctrl Pts',(23.9528242695174,-46.0918366357466,6.16));
#10145=CARTESIAN_POINT('Ctrl Pts',(20.9240914437506,-62.4380389661422,7.06));
#10146=CARTESIAN_POINT('Ctrl Pts',(20.9240914437506,-62.4380389661422,1.55999999999999));
#10147=CARTESIAN_POINT('Ctrl Pts',(21.0995154714841,-61.523716454227,7.06));
#10148=CARTESIAN_POINT('Ctrl Pts',(21.0995154714841,-61.523716454227,1.55999999999999));
#10149=CARTESIAN_POINT('Ctrl Pts',(21.2749394992176,-60.6093939423118,7.06));
#10150=CARTESIAN_POINT('Ctrl Pts',(21.2749394992176,-60.6093939423118,1.55999999999999));
#10151=CARTESIAN_POINT('Ctrl Pts',(21.4503635269511,-59.6950714303966,7.06));
#10152=CARTESIAN_POINT('Ctrl Pts',(21.4503635269511,-59.6950714303966,1.55999999999999));
#10153=CARTESIAN_POINT('Ctrl Pts',(22.7757575345422,-52.7870235765469,7.06));
#10154=CARTESIAN_POINT('Ctrl Pts',(22.7757575345422,-52.7870235765469,1.55999999999999));
#10155=CARTESIAN_POINT('Ctrl Pts',(23.9725522690308,-46.1534728899047,7.06));
#10156=CARTESIAN_POINT('Ctrl Pts',(23.9725522690308,-46.1534728899047,1.55999999999999));
#10157=CARTESIAN_POINT('Ctrl Pts',(25.0217291115049,-39.8361644033469,7.06));
#10158=CARTESIAN_POINT('Ctrl Pts',(25.0217291115049,-39.8361644033469,1.55999999999999));
#10159=CARTESIAN_POINT('',(21.2400710591558,-60.7911307323955,1.56));
#10160=CARTESIAN_POINT('Ctrl Pts',(23.9528242691023,-46.0918366381132,1.56));
#10161=CARTESIAN_POINT('Ctrl Pts',(23.1808604323519,-50.4928270692705,1.56));
#10162=CARTESIAN_POINT('Ctrl Pts',(22.3452357089216,-55.0309339582746,1.56));
#10163=CARTESIAN_POINT('Ctrl Pts',(21.4503635269511,-59.6950714303966,1.56));
#10164=CARTESIAN_POINT('Ctrl Pts',(21.380266037686,-60.0604245310629,1.56));
#10165=CARTESIAN_POINT('Ctrl Pts',(21.3101685484209,-60.4257776317291,1.56));
#10166=CARTESIAN_POINT('Ctrl Pts',(21.2400710591558,-60.7911307323954,1.56));
#10167=CARTESIAN_POINT('Ctrl Pts',(21.2400710591558,-60.7911307323955,6.16));
#10168=CARTESIAN_POINT('Ctrl Pts',(21.2400710591558,-60.7911307323955,5.54333333333333));
#10169=CARTESIAN_POINT('Ctrl Pts',(21.2400710591558,-60.7911307323955,4.92666666666667));
#10170=CARTESIAN_POINT('Ctrl Pts',(21.2400710591558,-60.7911307323955,3.39333333333333));
#10171=CARTESIAN_POINT('Ctrl Pts',(21.2400710591558,-60.7911307323955,2.47666666666666));
#10172=CARTESIAN_POINT('Ctrl Pts',(21.2400710591558,-60.7911307323955,1.56));
#10173=CARTESIAN_POINT('Ctrl Pts',(25.3676621790242,24.8211172108937,4.56));
#10174=CARTESIAN_POINT('Ctrl Pts',(25.3676621790242,24.8211172108937,5.09333333333333));
#10175=CARTESIAN_POINT('Ctrl Pts',(25.3676621790242,24.8211172108937,5.62666666666667));
#10176=CARTESIAN_POINT('Ctrl Pts',(25.3676621790242,24.8211172108937,6.16));
#10177=CARTESIAN_POINT('Ctrl Pts',(26.6540205336563,24.9135723874275,4.56));
#10178=CARTESIAN_POINT('Ctrl Pts',(26.6540205336563,24.9135723874275,5.09333333333333));
#10179=CARTESIAN_POINT('Ctrl Pts',(26.6540205336563,24.9135723874275,5.62666666666667));
#10180=CARTESIAN_POINT('Ctrl Pts',(26.6540205336563,24.9135723874275,6.16));
#10181=CARTESIAN_POINT('Ctrl Pts',(27.9403788882884,25.0060275639613,4.56));
#10182=CARTESIAN_POINT('Ctrl Pts',(27.9403788882884,25.0060275639613,5.09333333333333));
#10183=CARTESIAN_POINT('Ctrl Pts',(27.9403788882884,25.0060275639613,5.62666666666667));
#10184=CARTESIAN_POINT('Ctrl Pts',(27.9403788882884,25.0060275639613,6.16));
#10185=CARTESIAN_POINT('Ctrl Pts',(29.2267372429204,25.0984827404951,4.56));
#10186=CARTESIAN_POINT('Ctrl Pts',(29.2267372429204,25.0984827404951,5.09333333333333));
#10187=CARTESIAN_POINT('Ctrl Pts',(29.2267372429204,25.0984827404951,5.62666666666667));
#10188=CARTESIAN_POINT('Ctrl Pts',(29.2267372429204,25.0984827404951,6.16));
#10189=CARTESIAN_POINT('Ctrl Pts',(29.2267372429204,25.0984827404951,4.56));
#10190=CARTESIAN_POINT('Ctrl Pts',(29.2267372429204,25.0984827404951,5.09333333333333));
#10191=CARTESIAN_POINT('Ctrl Pts',(29.2267372429204,25.0984827404951,5.62666666666667));
#10192=CARTESIAN_POINT('Ctrl Pts',(29.2267372429204,25.0984827404951,6.16));
#10193=CARTESIAN_POINT('Ctrl Pts',(25.3676621790242,24.8211172108937,6.16));
#10194=CARTESIAN_POINT('Ctrl Pts',(25.3676621790242,24.8211172108937,5.62666666666667));
#10195=CARTESIAN_POINT('Ctrl Pts',(25.3676621790242,24.8211172108937,5.09333333333333));
#10196=CARTESIAN_POINT('Ctrl Pts',(25.3676621790242,24.8211172108937,4.56));
#10197=CARTESIAN_POINT('Origin',(39.8712030736739,14.177178056315,4.56));
#10198=CARTESIAN_POINT('',(39.8712030736739,14.177178056315,4.56));
#10199=CARTESIAN_POINT('Ctrl Pts',(30.2697287286854,-32.2993304414614,-0.459198648688711));
#10200=CARTESIAN_POINT('Ctrl Pts',(30.2697287286854,-32.2993304414614,6.16));
#10201=CARTESIAN_POINT('Ctrl Pts',(30.6645916466629,-29.686480462217,-0.459198648688711));
#10202=CARTESIAN_POINT('Ctrl Pts',(30.6645916466629,-29.686480462217,6.16));
#10203=CARTESIAN_POINT('Ctrl Pts',(31.0447387887412,-27.0310112555448,-0.459198648688711));
#10204=CARTESIAN_POINT('Ctrl Pts',(31.0447387887412,-27.0310112555448,6.16));
#10205=CARTESIAN_POINT('Ctrl Pts',(31.3969030197813,-24.368697368978,-0.459198648688711));
#10206=CARTESIAN_POINT('Ctrl Pts',(31.3969030197813,-24.368697368978,6.16));
#10207=CARTESIAN_POINT('',(30.2697287286854,-32.2993304414614,4.56));
#10208=CARTESIAN_POINT('',(31.3969030197813,-24.3686973689779,4.56));
#10209=CARTESIAN_POINT('Origin',(31.3969030197813,-24.3686973689779,4.56));
#10210=CARTESIAN_POINT('',(35.240818913007,-25.1158789286026,4.56));
#10211=CARTESIAN_POINT('Ctrl Pts',(35.2408189134977,-25.115878926759,-0.456361805670306));
#10212=CARTESIAN_POINT('Ctrl Pts',(35.2408189134977,-25.115878926759,6.16));
#10213=CARTESIAN_POINT('Ctrl Pts',(35.9067445869766,-22.6141053792217,-0.456361805670307));
#10214=CARTESIAN_POINT('Ctrl Pts',(35.9067445869766,-22.6141053792217,6.16));
#10215=CARTESIAN_POINT('Ctrl Pts',(36.6350436997273,-20.029467052884,-0.456361805670306));
#10216=CARTESIAN_POINT('Ctrl Pts',(36.6350436997273,-20.029467052884,6.16));
#10217=CARTESIAN_POINT('Ctrl Pts',(37.4152024571715,-17.3888027145488,-0.456361805670306));
#10218=CARTESIAN_POINT('Ctrl Pts',(37.4152024571715,-17.3888027145488,6.16));
#10219=CARTESIAN_POINT('',(37.4152024571716,-17.3888027145488,4.56));
#10220=CARTESIAN_POINT('Origin',(37.4152024571715,-17.3888027145489,4.56));
#10221=CARTESIAN_POINT('',(32.3555847615581,-16.4053126625813,4.56));
#10222=CARTESIAN_POINT('Ctrl Pts',(32.3555847615581,-16.4053126625812,-0.459198648688711));
#10223=CARTESIAN_POINT('Ctrl Pts',(32.3555847615581,-16.4053126625812,6.16));
#10224=CARTESIAN_POINT('Ctrl Pts',(32.3703442150943,-16.2678645556346,-0.459198648688711));
#10225=CARTESIAN_POINT('Ctrl Pts',(32.3703442150943,-16.2678645556346,6.16));
#10226=CARTESIAN_POINT('Ctrl Pts',(32.3849944915451,-16.1304950739818,-0.459198648688711));
#10227=CARTESIAN_POINT('Ctrl Pts',(32.3849944915451,-16.1304950739818,6.16));
#10228=CARTESIAN_POINT('Ctrl Pts',(32.3995341124563,-15.9932093089989,-0.459198648688711));
#10229=CARTESIAN_POINT('Ctrl Pts',(32.3995341124563,-15.9932093089989,6.16));
#10230=CARTESIAN_POINT('Ctrl Pts',(32.7045479399798,-13.1132128567093,-0.459198648688711));
#10231=CARTESIAN_POINT('Ctrl Pts',(32.7045479399798,-13.1132128567093,6.16));
#10232=CARTESIAN_POINT('Ctrl Pts',(32.961829200459,-10.2665592560143,-0.459198648688712));
#10233=CARTESIAN_POINT('Ctrl Pts',(32.961829200459,-10.2665592560143,6.16));
#10234=CARTESIAN_POINT('Ctrl Pts',(33.16549999425,-7.39429398144774,-0.459198648688712));
#10235=CARTESIAN_POINT('Ctrl Pts',(33.16549999425,-7.39429398144774,6.16));
#10236=CARTESIAN_POINT('',(33.16549999425,-7.39429398144774,4.56));
#10237=CARTESIAN_POINT('Origin',(33.16549999425,-7.39429398144772,4.56));
#10238=CARTESIAN_POINT('',(40.0850494232738,-8.73931813855443,4.56));
#10239=CARTESIAN_POINT('Ctrl Pts',(40.0850494232745,-8.73931813855241,-0.456361805670306));
#10240=CARTESIAN_POINT('Ctrl Pts',(40.0850494232745,-8.73931813855241,6.16));
#10241=CARTESIAN_POINT('Ctrl Pts',(40.1208861639706,-8.62757659374108,-0.456361805670306));
#10242=CARTESIAN_POINT('Ctrl Pts',(40.1208861639706,-8.62757659374108,6.16));
#10243=CARTESIAN_POINT('Ctrl Pts',(40.1567853128661,-8.51578764585886,-0.456361805670306));
#10244=CARTESIAN_POINT('Ctrl Pts',(40.1567853128661,-8.51578764585886,6.16));
#10245=CARTESIAN_POINT('Ctrl Pts',(40.1927458785234,-8.40395304684106,-0.456361805670306));
#10246=CARTESIAN_POINT('Ctrl Pts',(40.1927458785234,-8.40395304684106,6.16));
#10247=CARTESIAN_POINT('Ctrl Pts',(41.1819723726952,-5.32753457868427,-0.456361805670306));
#10248=CARTESIAN_POINT('Ctrl Pts',(41.1819723726952,-5.32753457868427,6.16));
#10249=CARTESIAN_POINT('Ctrl Pts',(42.2168301153828,-2.22026727827031,-0.456361805670304));
#10250=CARTESIAN_POINT('Ctrl Pts',(42.2168301153828,-2.22026727827031,6.16000000000001));
#10251=CARTESIAN_POINT('Ctrl Pts',(43.2578622992854,0.831116463154346,-0.456361805670306));
#10252=CARTESIAN_POINT('Ctrl Pts',(43.2578622992854,0.831116463154346,6.16));
#10253=CARTESIAN_POINT('',(43.2578622992854,0.83111646315437,4.56));
#10254=CARTESIAN_POINT('Origin',(43.2578622992854,0.831116463154425,4.56));
#10255=CARTESIAN_POINT('',(33.6297379857542,2.70263424397232,4.56));
#10256=CARTESIAN_POINT('Ctrl Pts',(33.6297379857542,2.70263424397232,-0.459198648688711));
#10257=CARTESIAN_POINT('Ctrl Pts',(33.6297379857542,2.70263424397232,6.16));
#10258=CARTESIAN_POINT('Ctrl Pts',(33.6661601781776,4.63956595953831,-0.459198648688711));
#10259=CARTESIAN_POINT('Ctrl Pts',(33.6661601781776,4.63956595953831,6.16));
#10260=CARTESIAN_POINT('Ctrl Pts',(33.6694961281301,6.56862092032671,-0.459198648688711));
#10261=CARTESIAN_POINT('Ctrl Pts',(33.6694961281301,6.56862092032671,6.16));
#10262=CARTESIAN_POINT('Ctrl Pts',(33.6334871352145,8.48246697936037,-0.459198648688711));
#10263=CARTESIAN_POINT('Ctrl Pts',(33.6334871352145,8.48246697936037,6.16));
#10264=CARTESIAN_POINT('',(33.6334871352145,8.48246697936037,4.56));
#10265=CARTESIAN_POINT('Origin',(33.6334871352145,8.48246697936037,4.56));
#10266=CARTESIAN_POINT('',(33.5998066303429,10.272555962573,4.56));
#10267=CARTESIAN_POINT('Origin',(33.5998066303429,10.272555962573,4.56));
#10268=CARTESIAN_POINT('Ctrl Pts',(27.1328207126653,27.2468573729873,-0.459616858409698));
#10269=CARTESIAN_POINT('Ctrl Pts',(27.1328207126653,27.2468573729873,6.16000000000001));
#10270=CARTESIAN_POINT('Ctrl Pts',(26.3136859999001,26.1343208018597,-0.459616858409697));
#10271=CARTESIAN_POINT('Ctrl Pts',(26.3136859999001,26.1343208018597,6.16000000000001));
#10272=CARTESIAN_POINT('Ctrl Pts',(25.5004844948995,25.0116834237849,-0.459616858409698));
#10273=CARTESIAN_POINT('Ctrl Pts',(25.5004844948995,25.0116834237849,6.16000000000001));
#10274=CARTESIAN_POINT('Ctrl Pts',(24.6929537048575,23.8787665120031,-0.459616858409698));
#10275=CARTESIAN_POINT('Ctrl Pts',(24.6929537048575,23.8787665120031,6.16000000000001));
#10276=CARTESIAN_POINT('Ctrl Pts',(19.3529591980206,16.3870768325256,-0.459616858409698));
#10277=CARTESIAN_POINT('Ctrl Pts',(19.3529591980206,16.3870768325256,6.16000000000001));
#10278=CARTESIAN_POINT('Ctrl Pts',(14.2254734616632,8.39974212860298,-0.459616858409698));
#10279=CARTESIAN_POINT('Ctrl Pts',(14.2254734616632,8.39974212860298,6.16000000000001));
#10280=CARTESIAN_POINT('Ctrl Pts',(9.27077564294487,0.0702277839730053,
-0.459616858409698));
#10281=CARTESIAN_POINT('Ctrl Pts',(9.27077564294487,0.0702277839730053,
6.16000000000001));
#10282=CARTESIAN_POINT('',(9.27077564294488,0.0702277839730094,4.56));
#10283=CARTESIAN_POINT('Origin',(9.27077564294488,0.0702277839730094,4.56));
#10284=CARTESIAN_POINT('Origin',(33.3114495713453,-32.8905810791684,4.56));
#10285=CARTESIAN_POINT('',(33.3114495713453,-32.8905810791683,4.56));
#10286=CARTESIAN_POINT('Ctrl Pts',(31.8176574511023,-40.1049598331192,-0.456361805670304));
#10287=CARTESIAN_POINT('Ctrl Pts',(31.8176574511023,-40.1049598331192,6.16));
#10288=CARTESIAN_POINT('Ctrl Pts',(32.2413351396642,-37.7977216347509,-0.456361805670304));
#10289=CARTESIAN_POINT('Ctrl Pts',(32.2413351396642,-37.7977216347509,6.16));
#10290=CARTESIAN_POINT('Ctrl Pts',(32.7393965308292,-35.3933720863524,-0.456361805670304));
#10291=CARTESIAN_POINT('Ctrl Pts',(32.7393965308292,-35.3933720863524,6.16));
#10292=CARTESIAN_POINT('Ctrl Pts',(33.3114495713453,-32.8905810791683,-0.456361805670304));
#10293=CARTESIAN_POINT('Ctrl Pts',(33.3114495713453,-32.8905810791683,6.16));
#10294=CARTESIAN_POINT('Ctrl Pts',(-24.9961681790242,24.8211172108938,6.16));
#10295=CARTESIAN_POINT('Ctrl Pts',(-24.9961681790242,24.8211172108938,5.62666666666667));
#10296=CARTESIAN_POINT('Ctrl Pts',(-24.9961681790242,24.8211172108938,5.09333333333333));
#10297=CARTESIAN_POINT('Ctrl Pts',(-24.9961681790242,24.8211172108938,4.56));
#10298=CARTESIAN_POINT('Ctrl Pts',(-26.2825265336563,24.9135723874275,6.16));
#10299=CARTESIAN_POINT('Ctrl Pts',(-26.2825265336563,24.9135723874275,5.62666666666667));
#10300=CARTESIAN_POINT('Ctrl Pts',(-26.2825265336563,24.9135723874275,5.09333333333333));
#10301=CARTESIAN_POINT('Ctrl Pts',(-26.2825265336563,24.9135723874275,4.56));
#10302=CARTESIAN_POINT('Ctrl Pts',(-27.5688848882884,25.0060275639613,6.16));
#10303=CARTESIAN_POINT('Ctrl Pts',(-27.5688848882884,25.0060275639613,5.62666666666667));
#10304=CARTESIAN_POINT('Ctrl Pts',(-27.5688848882884,25.0060275639613,5.09333333333333));
#10305=CARTESIAN_POINT('Ctrl Pts',(-27.5688848882884,25.0060275639613,4.56));
#10306=CARTESIAN_POINT('Ctrl Pts',(-28.8552432429204,25.0984827404951,6.16));
#10307=CARTESIAN_POINT('Ctrl Pts',(-28.8552432429204,25.0984827404951,5.62666666666667));
#10308=CARTESIAN_POINT('Ctrl Pts',(-28.8552432429204,25.0984827404951,5.09333333333333));
#10309=CARTESIAN_POINT('Ctrl Pts',(-28.8552432429204,25.0984827404951,4.56));
#10310=CARTESIAN_POINT('Ctrl Pts',(-28.8552432429204,25.0984827404951,6.16));
#10311=CARTESIAN_POINT('Ctrl Pts',(-28.8552432429204,25.0984827404951,5.62666666666667));
#10312=CARTESIAN_POINT('Ctrl Pts',(-28.8552432429204,25.0984827404951,5.09333333333333));
#10313=CARTESIAN_POINT('Ctrl Pts',(-28.8552432429204,25.0984827404951,4.56));
#10314=CARTESIAN_POINT('Ctrl Pts',(-24.9961681790242,24.8211172108938,4.56));
#10315=CARTESIAN_POINT('Ctrl Pts',(-24.9961681790242,24.8211172108938,5.09333333333333));
#10316=CARTESIAN_POINT('Ctrl Pts',(-24.9961681790242,24.8211172108938,5.62666666666667));
#10317=CARTESIAN_POINT('Ctrl Pts',(-24.9961681790242,24.8211172108938,6.16));
#10318=CARTESIAN_POINT('Origin',(-26.7613267143571,27.2468573752852,4.56));
#10319=CARTESIAN_POINT('',(-39.4997090736739,14.177178056315,4.56));
#10320=CARTESIAN_POINT('Origin',(-39.4997090736739,14.177178056315,4.56));
#10321=CARTESIAN_POINT('',(-33.2283126303429,10.272555962573,4.56));
#10322=CARTESIAN_POINT('Origin',(-33.2283126303429,10.272555962573,4.56));
#10323=CARTESIAN_POINT('',(-33.2619931352145,8.48246697936039,4.56));
#10324=CARTESIAN_POINT('Ctrl Pts',(-33.2619931352145,8.48246697936039,-0.459198648688711));
#10325=CARTESIAN_POINT('Ctrl Pts',(-33.2619931352145,8.48246697936039,6.16));
#10326=CARTESIAN_POINT('Ctrl Pts',(-33.2980021281301,6.56862092032673,-0.459198648688711));
#10327=CARTESIAN_POINT('Ctrl Pts',(-33.2980021281301,6.56862092032673,6.16));
#10328=CARTESIAN_POINT('Ctrl Pts',(-33.2946661781776,4.63956595953832,-0.45919864868871));
#10329=CARTESIAN_POINT('Ctrl Pts',(-33.2946661781776,4.63956595953832,6.16));
#10330=CARTESIAN_POINT('Ctrl Pts',(-33.2582439857542,2.70263424397233,-0.45919864868871));
#10331=CARTESIAN_POINT('Ctrl Pts',(-33.2582439857542,2.70263424397233,6.16));
#10332=CARTESIAN_POINT('',(-33.2582439857542,2.70263424397234,4.56));
#10333=CARTESIAN_POINT('Origin',(-33.2582439857542,2.70263424397231,4.56));
#10334=CARTESIAN_POINT('',(-42.8863682992854,0.831116463154389,4.56));
#10335=CARTESIAN_POINT('Ctrl Pts',(-42.8863682992854,0.831116463154367,
-0.456361805670306));
#10336=CARTESIAN_POINT('Ctrl Pts',(-42.8863682992854,0.831116463154367,
6.16));
#10337=CARTESIAN_POINT('Ctrl Pts',(-41.8453361153828,-2.22026727827029,
-0.456361805670304));
#10338=CARTESIAN_POINT('Ctrl Pts',(-41.8453361153828,-2.22026727827029,
6.16));
#10339=CARTESIAN_POINT('Ctrl Pts',(-40.8104783726952,-5.32753457868425,
-0.456361805670306));
#10340=CARTESIAN_POINT('Ctrl Pts',(-40.8104783726952,-5.32753457868425,
6.16));
#10341=CARTESIAN_POINT('Ctrl Pts',(-39.8212518785235,-8.40395304684104,
-0.456361805670306));
#10342=CARTESIAN_POINT('Ctrl Pts',(-39.8212518785235,-8.40395304684104,
6.16));
#10343=CARTESIAN_POINT('Ctrl Pts',(-39.7852913128661,-8.51578764585884,
-0.456361805670306));
#10344=CARTESIAN_POINT('Ctrl Pts',(-39.7852913128661,-8.51578764585884,
6.16));
#10345=CARTESIAN_POINT('Ctrl Pts',(-39.7493921639706,-8.62757659374106,
-0.456361805670306));
#10346=CARTESIAN_POINT('Ctrl Pts',(-39.7493921639706,-8.62757659374106,
6.16));
#10347=CARTESIAN_POINT('Ctrl Pts',(-39.7135554232745,-8.7393181385524,-0.456361805670306));
#10348=CARTESIAN_POINT('Ctrl Pts',(-39.7135554232745,-8.7393181385524,6.16));
#10349=CARTESIAN_POINT('',(-39.7135554232739,-8.73931813855442,4.56));
#10350=CARTESIAN_POINT('Origin',(-39.7135554232738,-8.73931813855446,4.56));
#10351=CARTESIAN_POINT('',(-32.79400599425,-7.39429398144773,4.56));
#10352=CARTESIAN_POINT('Ctrl Pts',(-32.79400599425,-7.39429398144772,-0.459198648688712));
#10353=CARTESIAN_POINT('Ctrl Pts',(-32.79400599425,-7.39429398144772,6.16));
#10354=CARTESIAN_POINT('Ctrl Pts',(-32.590335200459,-10.2665592560143,-0.459198648688712));
#10355=CARTESIAN_POINT('Ctrl Pts',(-32.590335200459,-10.2665592560143,6.16));
#10356=CARTESIAN_POINT('Ctrl Pts',(-32.3330539399799,-13.1132128567092,
-0.459198648688711));
#10357=CARTESIAN_POINT('Ctrl Pts',(-32.3330539399799,-13.1132128567092,
6.16));
#10358=CARTESIAN_POINT('Ctrl Pts',(-32.0280401124563,-15.9932093089989,
-0.459198648688711));
#10359=CARTESIAN_POINT('Ctrl Pts',(-32.0280401124563,-15.9932093089989,
6.16));
#10360=CARTESIAN_POINT('Ctrl Pts',(-32.0135004915451,-16.1304950739818,
-0.459198648688712));
#10361=CARTESIAN_POINT('Ctrl Pts',(-32.0135004915451,-16.1304950739818,
6.16));
#10362=CARTESIAN_POINT('Ctrl Pts',(-31.9988502150943,-16.2678645556346,
-0.459198648688711));
#10363=CARTESIAN_POINT('Ctrl Pts',(-31.9988502150943,-16.2678645556346,
6.16));
#10364=CARTESIAN_POINT('Ctrl Pts',(-31.9840907615581,-16.4053126625812,
-0.459198648688711));
#10365=CARTESIAN_POINT('Ctrl Pts',(-31.9840907615581,-16.4053126625812,
6.16));
#10366=CARTESIAN_POINT('',(-31.9840907615581,-16.4053126625813,4.56));
#10367=CARTESIAN_POINT('Origin',(-31.9840907615581,-16.4053126625813,4.56));
#10368=CARTESIAN_POINT('',(-37.0437084571716,-17.3888027145488,4.56));
#10369=CARTESIAN_POINT('Ctrl Pts',(-37.0437084571715,-17.3888027145488,
-0.456361805670306));
#10370=CARTESIAN_POINT('Ctrl Pts',(-37.0437084571715,-17.3888027145488,
6.16000000000001));
#10371=CARTESIAN_POINT('Ctrl Pts',(-36.263550574141,-20.0294640931874,-0.456361805670306));
#10372=CARTESIAN_POINT('Ctrl Pts',(-36.263550574141,-20.0294640931874,6.16000000000001));
#10373=CARTESIAN_POINT('Ctrl Pts',(-35.5352526740343,-22.6140975384881,
-0.456361805670307));
#10374=CARTESIAN_POINT('Ctrl Pts',(-35.5352526740343,-22.6140975384881,
6.16));
#10375=CARTESIAN_POINT('Ctrl Pts',(-34.8693249134977,-25.115878926759,-0.456361805670306));
#10376=CARTESIAN_POINT('Ctrl Pts',(-34.8693249134977,-25.115878926759,6.16000000000001));
#10377=CARTESIAN_POINT('',(-34.869324913007,-25.1158789286026,4.56));
#10378=CARTESIAN_POINT('Origin',(-34.869324913007,-25.1158789286025,4.56));
#10379=CARTESIAN_POINT('',(-31.0254090197813,-24.3686973689779,4.56));
#10380=CARTESIAN_POINT('Ctrl Pts',(-31.0254090197813,-24.3686973689779,
-0.459198648688711));
#10381=CARTESIAN_POINT('Ctrl Pts',(-31.0254090197813,-24.3686973689779,
6.16));
#10382=CARTESIAN_POINT('Ctrl Pts',(-30.6732447024756,-27.0310119077018,
-0.459198648688711));
#10383=CARTESIAN_POINT('Ctrl Pts',(-30.6732447024756,-27.0310119077018,
6.16));
#10384=CARTESIAN_POINT('Ctrl Pts',(-30.293097720625,-29.686479972802,-0.459198648688711));
#10385=CARTESIAN_POINT('Ctrl Pts',(-30.293097720625,-29.686479972802,6.16));
#10386=CARTESIAN_POINT('Ctrl Pts',(-29.8982347286854,-32.2993304414614,
-0.459198648688711));
#10387=CARTESIAN_POINT('Ctrl Pts',(-29.8982347286854,-32.2993304414614,
6.16));
#10388=CARTESIAN_POINT('',(-29.8982347286854,-32.2993304414614,4.56));
#10389=CARTESIAN_POINT('Origin',(-29.8982347286854,-32.2993304414614,4.56));
#10390=CARTESIAN_POINT('',(-32.9399555713453,-32.8905810791683,4.56));
#10391=CARTESIAN_POINT('Ctrl Pts',(-32.9399555713453,-32.8905810791683,
-0.456361805670304));
#10392=CARTESIAN_POINT('Ctrl Pts',(-32.9399555713453,-32.8905810791683,
6.16));
#10393=CARTESIAN_POINT('Ctrl Pts',(-32.367901923506,-35.3933747434543,-0.456361805670304));
#10394=CARTESIAN_POINT('Ctrl Pts',(-32.367901923506,-35.3933747434543,6.16));
#10395=CARTESIAN_POINT('Ctrl Pts',(-31.8698409723111,-37.7977225461128,
-0.456361805670304));
#10396=CARTESIAN_POINT('Ctrl Pts',(-31.8698409723111,-37.7977225461128,
6.16));
#10397=CARTESIAN_POINT('Ctrl Pts',(-31.4461634511023,-40.1049598331192,
-0.456361805670304));
#10398=CARTESIAN_POINT('Ctrl Pts',(-31.4461634511023,-40.1049598331192,
6.16));
#10399=CARTESIAN_POINT('',(-31.4461634511023,-40.1049598331192,4.56));
#10400=CARTESIAN_POINT('Ctrl Pts',(-8.89928164294488,0.0702277839730131,
-0.459616858409697));
#10401=CARTESIAN_POINT('Ctrl Pts',(-8.89928164294488,0.0702277839730131,
6.16));
#10402=CARTESIAN_POINT('Ctrl Pts',(-13.8539794616632,8.39974212860299,-0.459616858409697));
#10403=CARTESIAN_POINT('Ctrl Pts',(-13.8539794616632,8.39974212860299,6.16));
#10404=CARTESIAN_POINT('Ctrl Pts',(-18.9814651980206,16.3870768325256,-0.459616858409697));
#10405=CARTESIAN_POINT('Ctrl Pts',(-18.9814651980206,16.3870768325256,6.16));
#10406=CARTESIAN_POINT('Ctrl Pts',(-24.3214597048575,23.8787665120031,-0.459616858409697));
#10407=CARTESIAN_POINT('Ctrl Pts',(-24.3214597048575,23.8787665120031,6.16));
#10408=CARTESIAN_POINT('Ctrl Pts',(-25.1289904948995,25.0116834237849,-0.459616858409697));
#10409=CARTESIAN_POINT('Ctrl Pts',(-25.1289904948995,25.0116834237849,6.16));
#10410=CARTESIAN_POINT('Ctrl Pts',(-25.9421919999001,26.1343208018598,-0.459616858409695));
#10411=CARTESIAN_POINT('Ctrl Pts',(-25.9421919999001,26.1343208018598,6.16000000000001));
#10412=CARTESIAN_POINT('Ctrl Pts',(-26.7613267126653,27.2468573729874,-0.459616858409697));
#10413=CARTESIAN_POINT('Ctrl Pts',(-26.7613267126653,27.2468573729874,6.16));
#10414=CARTESIAN_POINT('Origin',(-31.4461634511024,-40.1049598331193,4.56));
#10415=CARTESIAN_POINT('',(-23.8605822136162,-45.8792641694764,1.56));
#10416=CARTESIAN_POINT('',(-23.5816987906035,-46.0915561097277,1.56));
#10417=CARTESIAN_POINT('',(-30.4735376269978,-40.845343112653,1.56));
#10418=CARTESIAN_POINT('',(-25.0222280988736,-44.9949948300856,2.68186934340515));
#10419=CARTESIAN_POINT('Ctrl Pts',(-25.0222280945471,-44.9949948382849,
2.68186934340515));
#10420=CARTESIAN_POINT('Ctrl Pts',(-25.0317730313785,-44.9877290311686,
2.615396651162));
#10421=CARTESIAN_POINT('Ctrl Pts',(-25.0335079043824,-44.9864084092683,
2.54810795281111));
#10422=CARTESIAN_POINT('Ctrl Pts',(-25.0209728475934,-44.9959503587257,
2.41281978201462));
#10423=CARTESIAN_POINT('Ctrl Pts',(-25.0066110384178,-45.0068828706048,
2.34665393365296));
#10424=CARTESIAN_POINT('Ctrl Pts',(-24.9485826839807,-45.0510552771966,
2.17427439470372));
#10425=CARTESIAN_POINT('Ctrl Pts',(-24.8924537967827,-45.0937817692799,
2.07719559716338));
#10426=CARTESIAN_POINT('Ctrl Pts',(-24.7325280930389,-45.215520586084,1.87827298787184));
#10427=CARTESIAN_POINT('Ctrl Pts',(-24.6124908762888,-45.3068954457774,
1.78084270154782));
#10428=CARTESIAN_POINT('Ctrl Pts',(-24.2885760217132,-45.5534662609633,
1.61103064465303));
#10429=CARTESIAN_POINT('Ctrl Pts',(-24.0767608612959,-45.7147044259783,
1.56));
#10430=CARTESIAN_POINT('Ctrl Pts',(-23.8605822136162,-45.8792641694764,
1.56));
#10431=CARTESIAN_POINT('Ctrl Pts',(-24.7524949794505,-45.2003213712688,
4.56));
#10432=CARTESIAN_POINT('Ctrl Pts',(-24.7974655938049,-45.1660887916753,
4.24692975041058));
#10433=CARTESIAN_POINT('Ctrl Pts',(-24.8424323101655,-45.1318591793169,
3.93385836014758));
#10434=CARTESIAN_POINT('Ctrl Pts',(-24.9323433274859,-45.0634170176755,
3.30781497527494));
#10435=CARTESIAN_POINT('Ctrl Pts',(-24.9772877026176,-45.0292044119315,
2.99484248243792));
#10436=CARTESIAN_POINT('Ctrl Pts',(-25.0222280945471,-44.9949948382849,
2.68186934340514));
#10437=CARTESIAN_POINT('Ctrl Pts',(-23.5816987906035,-46.0915561097277,
1.56));
#10438=CARTESIAN_POINT('Ctrl Pts',(-23.5816987906035,-46.0915561097277,
2.32666666666666));
#10439=CARTESIAN_POINT('Ctrl Pts',(-23.5816987906035,-46.0915561097277,
3.09333333333333));
#10440=CARTESIAN_POINT('Ctrl Pts',(-23.5816987906035,-46.0915561097277,
4.62666666666667));
#10441=CARTESIAN_POINT('Ctrl Pts',(-23.5816987906035,-46.0915561097277,
5.39333333333334));
#10442=CARTESIAN_POINT('Ctrl Pts',(-23.5816987906035,-46.0915561097277,
6.16));
#10443=CARTESIAN_POINT('Ctrl Pts',(-22.1277319274213,-60.7620828146653,
2.68186934340515));
#10444=CARTESIAN_POINT('Ctrl Pts',(-22.1811380748599,-60.4837037381323,
2.68186934340515));
#10445=CARTESIAN_POINT('Ctrl Pts',(-22.2345442222986,-60.2053246615993,
2.68186934340515));
#10446=CARTESIAN_POINT('Ctrl Pts',(-23.2418581882212,-54.9547094223253,
2.68186934340515));
#10447=CARTESIAN_POINT('Ctrl Pts',(-24.1579905754362,-49.9747350128798,
2.68186934340515));
#10448=CARTESIAN_POINT('Ctrl Pts',(-25.0240045956463,-44.9847590605469,
2.68186934340515));
#10449=CARTESIAN_POINT('Ctrl Pts',(-22.1663273396532,-60.7694872227184,
2.36180263151151));
#10450=CARTESIAN_POINT('Ctrl Pts',(-22.2197334870919,-60.4911081461854,
2.36180263151152));
#10451=CARTESIAN_POINT('Ctrl Pts',(-22.2731396345305,-60.2127290696524,
2.36180263151151));
#10452=CARTESIAN_POINT('Ctrl Pts',(-23.2804921494408,-54.9619126431537,
2.36180263151152));
#10453=CARTESIAN_POINT('Ctrl Pts',(-24.1966648810547,-49.9817205634299,
2.36180263151151));
#10454=CARTESIAN_POINT('Ctrl Pts',(-25.0627250450983,-44.9914790232109,
2.36180263151151));
#10455=CARTESIAN_POINT('Ctrl Pts',(-21.945632032045,-60.7271475243333,1.77404303176027));
#10456=CARTESIAN_POINT('Ctrl Pts',(-21.9990381794836,-60.4487684478003,
1.77404303176027));
#10457=CARTESIAN_POINT('Ctrl Pts',(-22.0524443269223,-60.1703893712673,
1.77404303176027));
#10458=CARTESIAN_POINT('Ctrl Pts',(-23.0595768641608,-54.9207173777787,
1.77404303176027));
#10459=CARTESIAN_POINT('Ctrl Pts',(-23.9755188388227,-49.941769466222,1.77404303176027));
#10460=CARTESIAN_POINT('Ctrl Pts',(-24.8413147528288,-44.9530531030951,
1.77404303176027));
#10461=CARTESIAN_POINT('Ctrl Pts',(-21.3904832494163,-60.6206439820962,
1.55999999999999));
#10462=CARTESIAN_POINT('Ctrl Pts',(-21.4438893968549,-60.3422649055632,
1.55999999999999));
#10463=CARTESIAN_POINT('Ctrl Pts',(-21.4972955442936,-60.0638858290302,
1.55999999999999));
#10464=CARTESIAN_POINT('Ctrl Pts',(-22.5038739370677,-54.8171032138979,
1.56));
#10465=CARTESIAN_POINT('Ctrl Pts',(-23.4192355607386,-49.841285850128,1.56));
#10466=CARTESIAN_POINT('Ctrl Pts',(-24.2843674595356,-44.8563944880802,
1.56));
#10467=CARTESIAN_POINT('Ctrl Pts',(-21.1529619962024,-60.575076279139,1.55999999999999));
#10468=CARTESIAN_POINT('Ctrl Pts',(-21.2063681436411,-60.296697202606,1.55999999999999));
#10469=CARTESIAN_POINT('Ctrl Pts',(-21.2597742910797,-60.018318126073,1.55999999999999));
#10470=CARTESIAN_POINT('Ctrl Pts',(-22.2661154483034,-54.7727736436357,
1.56));
#10471=CARTESIAN_POINT('Ctrl Pts',(-23.1812287872266,-49.7982958514441,
1.56));
#10472=CARTESIAN_POINT('Ctrl Pts',(-24.0460767107913,-44.815038952248,1.56));
#10473=CARTESIAN_POINT('',(-21.1529619962024,-60.575076279139,1.56));
#10474=CARTESIAN_POINT('Ctrl Pts',(-23.8605962614857,-45.8792666281065,
1.56));
#10475=CARTESIAN_POINT('Ctrl Pts',(-23.0507326519198,-50.5065824794548,
1.56));
#10476=CARTESIAN_POINT('Ctrl Pts',(-22.1982704931316,-55.1264148792229,
1.56));
#10477=CARTESIAN_POINT('Ctrl Pts',(-21.2597742910797,-60.018318126073,1.55999999999999));
#10478=CARTESIAN_POINT('Ctrl Pts',(-21.2063681436411,-60.296697202606,1.55999999999999));
#10479=CARTESIAN_POINT('Ctrl Pts',(-21.1529619962024,-60.575076279139,1.55999999999999));
#10480=CARTESIAN_POINT('',(-22.3364007367627,-59.6742177249072,2.68186934340515));
#10481=CARTESIAN_POINT('Ctrl Pts',(-21.1529619962024,-60.575076279139,1.56));
#10482=CARTESIAN_POINT('Ctrl Pts',(-21.3774575320964,-60.4041855376366,
1.56));
#10483=CARTESIAN_POINT('Ctrl Pts',(-21.5972745505073,-60.2368561824155,
1.61309330621272));
#10484=CARTESIAN_POINT('Ctrl Pts',(-21.928158228387,-59.9849805411529,1.78750077000181));
#10485=CARTESIAN_POINT('Ctrl Pts',(-22.0489246852438,-59.8930505645519,
1.88557313582742));
#10486=CARTESIAN_POINT('Ctrl Pts',(-22.2083787965248,-59.7716707286282,
2.08410673375993));
#10487=CARTESIAN_POINT('Ctrl Pts',(-22.2640493410584,-59.729293134809,2.18019314707088));
#10488=CARTESIAN_POINT('Ctrl Pts',(-22.3214623406008,-59.6855891474464,
2.35073330822908));
#10489=CARTESIAN_POINT('Ctrl Pts',(-22.3356318723862,-59.674803000703,2.4161153074145));
#10490=CARTESIAN_POINT('Ctrl Pts',(-22.347854988845,-59.6654985063985,2.54980655299383));
#10491=CARTESIAN_POINT('Ctrl Pts',(-22.3460052409539,-59.6669065735454,
2.61624733234427));
#10492=CARTESIAN_POINT('Ctrl Pts',(-22.3364007367627,-59.6742177249072,
2.68186934340515));
#10493=CARTESIAN_POINT('Ctrl Pts',(-22.3364015805402,-59.6742178865565,
2.68186934340515));
#10494=CARTESIAN_POINT('Ctrl Pts',(-23.2722035926029,-54.7895341719748,
2.68186934340515));
#10495=CARTESIAN_POINT('Ctrl Pts',(-24.1713961867722,-49.897090050188,2.68186934340515));
#10496=CARTESIAN_POINT('Ctrl Pts',(-25.0222280975801,-44.9949948298619,
2.68186934340515));
#10497=CARTESIAN_POINT('Origin',(-22.061475,-59.883497,4.56));
#10498=CARTESIAN_POINT('',(-20.8691079306968,-60.7911519865669,1.56));
#10499=CARTESIAN_POINT('',(-28.8258501963867,-54.7343117901153,1.56));
#10500=CARTESIAN_POINT('Ctrl Pts',(-20.8691079306968,-60.7911519865669,
1.56));
#10501=CARTESIAN_POINT('Ctrl Pts',(-20.8691079306968,-60.7911519865669,
2.47666666666666));
#10502=CARTESIAN_POINT('Ctrl Pts',(-20.8691079306968,-60.7911519865669,
3.39333333333333));
#10503=CARTESIAN_POINT('Ctrl Pts',(-20.8691079306968,-60.7911519865669,
4.92666666666667));
#10504=CARTESIAN_POINT('Ctrl Pts',(-20.8691079306968,-60.7911519865669,
5.54333333333333));
#10505=CARTESIAN_POINT('Ctrl Pts',(-20.8691079306968,-60.7911519865669,
6.16));
#10506=CARTESIAN_POINT('',(-38.3715280829177,-47.4679402532577,1.56));
#10507=CARTESIAN_POINT('Ctrl Pts',(-38.3715280829177,-47.4679402532577,
6.16));
#10508=CARTESIAN_POINT('Ctrl Pts',(-38.3715280829177,-47.4679402532577,
5.54333333333333));
#10509=CARTESIAN_POINT('Ctrl Pts',(-38.3715280829177,-47.4679402532577,
4.92666666666667));
#10510=CARTESIAN_POINT('Ctrl Pts',(-38.3715280829177,-47.4679402532577,
3.39333333333333));
#10511=CARTESIAN_POINT('Ctrl Pts',(-38.3715280829177,-47.4679402532577,
2.47666666666666));
#10512=CARTESIAN_POINT('Ctrl Pts',(-38.3715280829177,-47.4679402532577,
1.56));
#10513=CARTESIAN_POINT('',(-38.104713397459,-47.6710452285952,1.56));
#10514=CARTESIAN_POINT('',(-28.8258501963867,-54.7343117901153,1.56));
#10515=CARTESIAN_POINT('',(-36.9987560328325,-48.51292331993,2.68186934340515));
#10516=CARTESIAN_POINT('Ctrl Pts',(-36.9987560328325,-48.5129233199299,
2.68186934340515));
#10517=CARTESIAN_POINT('Ctrl Pts',(-36.9859384240958,-48.5226803543074,
2.58784341010165));
#10518=CARTESIAN_POINT('Ctrl Pts',(-36.9880499702264,-48.5210730008135,
2.4928928247367));
#10519=CARTESIAN_POINT('Ctrl Pts',(-37.0223578925973,-48.4949570859914,
2.30244095595817));
#10520=CARTESIAN_POINT('Ctrl Pts',(-37.0551937083198,-48.4699617698293,
2.21117481835785));
#10521=CARTESIAN_POINT('Ctrl Pts',(-37.154817813043,-48.3941257980365,2.02383234741665));
#10522=CARTESIAN_POINT('Ctrl Pts',(-37.2268783966919,-48.3392717604148,
1.93446497480208));
#10523=CARTESIAN_POINT('Ctrl Pts',(-37.4191878796175,-48.1928817219483,
1.75786400171227));
#10524=CARTESIAN_POINT('Ctrl Pts',(-37.5480433295467,-48.0947942330803,
1.68348508862856));
#10525=CARTESIAN_POINT('Ctrl Pts',(-37.8180116460051,-47.8892886509849,
1.58437380898488));
#10526=CARTESIAN_POINT('Ctrl Pts',(-37.9620068015741,-47.7796764984846,
1.56));
#10527=CARTESIAN_POINT('Ctrl Pts',(-38.1047134003427,-47.6710452226611,
1.56));
#10528=CARTESIAN_POINT('Ctrl Pts',(-37.2548364515061,-48.3179894988315,
4.55999999999931));
#10529=CARTESIAN_POINT('Ctrl Pts',(-37.2040803330227,-48.356626127791,4.18802948359316));
#10530=CARTESIAN_POINT('Ctrl Pts',(-37.1633389865396,-48.3876393008708,
3.88919796030845));
#10531=CARTESIAN_POINT('Ctrl Pts',(-36.9987560328325,-48.5129233199299,
2.68186934340514));
#10532=CARTESIAN_POINT('Ctrl Pts',(-22.3364007367627,-59.6742177249072,
2.68186934340515));
#10533=CARTESIAN_POINT('Ctrl Pts',(-22.2447719584671,-59.7439674854249,
3.30791568407454));
#10534=CARTESIAN_POINT('Ctrl Pts',(-22.1531298653924,-59.8137273814335,
3.93396042310934));
#10535=CARTESIAN_POINT('Ctrl Pts',(-22.061475,-59.883497,4.56));
#10536=CARTESIAN_POINT('Origin',(0.185746500000006,-2.58699249999999,1.56));
#10537=CARTESIAN_POINT('Ctrl Pts',(-20.8691079306968,-60.7911519865669,
1.56));
#10538=CARTESIAN_POINT('Ctrl Pts',(-20.9392001927096,-60.425796683722,1.56));
#10539=CARTESIAN_POINT('Ctrl Pts',(-21.0092924547224,-60.0604413808771,
1.56));
#10540=CARTESIAN_POINT('Ctrl Pts',(-21.0793847167351,-59.6950860780323,
1.56));
#10541=CARTESIAN_POINT('Ctrl Pts',(-21.9742048130231,-55.0308441505659,
1.56));
#10542=CARTESIAN_POINT('Ctrl Pts',(-22.8104046846014,-50.4917404613124,
1.56));
#10543=CARTESIAN_POINT('Ctrl Pts',(-23.5821308707948,-46.0906243346347,
1.56));
#10544=CARTESIAN_POINT('Ctrl Pts',(25.3953982594627,-44.9836002991355,2.68186934340515));
#10545=CARTESIAN_POINT('Ctrl Pts',(24.5292576120523,-49.9739668479096,2.68186934340515));
#10546=CARTESIAN_POINT('Ctrl Pts',(23.6129841977785,-54.9543283153933,2.68186934340515));
#10547=CARTESIAN_POINT('Ctrl Pts',(22.6055155913912,-60.2053263614944,2.68186934340515));
#10548=CARTESIAN_POINT('Ctrl Pts',(22.5521054610962,-60.4837037600979,2.68186934340515));
#10549=CARTESIAN_POINT('Ctrl Pts',(22.4986953308013,-60.7620811587014,2.68186934340515));
#10550=CARTESIAN_POINT('Ctrl Pts',(25.4341186319973,-44.9903207049829,2.36180263151151));
#10551=CARTESIAN_POINT('Ctrl Pts',(24.5679318278767,-49.9809528976206,2.36180263151151));
#10552=CARTESIAN_POINT('Ctrl Pts',(23.6516180585953,-54.9615320756222,2.36180263151151));
#10553=CARTESIAN_POINT('Ctrl Pts',(22.6441108931837,-60.2127313451886,2.36180263151151));
#10554=CARTESIAN_POINT('Ctrl Pts',(22.5907007628888,-60.4911087437922,2.36180263151152));
#10555=CARTESIAN_POINT('Ctrl Pts',(22.5372906325938,-60.7694861423957,2.36180263151151));
#10556=CARTESIAN_POINT('Ctrl Pts',(25.2127082027188,-44.9518921505502,1.77404366291037));
#10557=CARTESIAN_POINT('Ctrl Pts',(24.3467857233151,-49.9409988357642,1.77404366291037));
#10558=CARTESIAN_POINT('Ctrl Pts',(23.430702772322,-54.9203336128114,1.77404366291037));
#10559=CARTESIAN_POINT('Ctrl Pts',(22.4234156421142,-60.1703882448715,1.77404366291037));
#10560=CARTESIAN_POINT('Ctrl Pts',(22.3700055118193,-60.448765643475,1.77404366291038));
#10561=CARTESIAN_POINT('Ctrl Pts',(22.3165953815243,-60.7271430420785,1.77404366291037));
#10562=CARTESIAN_POINT('Ctrl Pts',(24.6557625926266,-44.8552272609909,1.56));
#10563=CARTESIAN_POINT('Ctrl Pts',(23.7905043128789,-49.8405081450405,1.56));
#10564=CARTESIAN_POINT('Ctrl Pts',(22.8750018648695,-54.8167117987027,1.56));
#10565=CARTESIAN_POINT('Ctrl Pts',(21.8682690229967,-60.0638765330421,1.56));
#10566=CARTESIAN_POINT('Ctrl Pts',(21.8148588927017,-60.3422539316456,1.56));
#10567=CARTESIAN_POINT('Ctrl Pts',(21.7614487624068,-60.6206313302491,1.56));
#10568=CARTESIAN_POINT('Ctrl Pts',(24.4174723172422,-44.81386899775,1.56));
#10569=CARTESIAN_POINT('Ctrl Pts',(23.5524980919717,-49.7975150744546,1.56));
#10570=CARTESIAN_POINT('Ctrl Pts',(22.6372439939975,-54.7723789088984,1.56));
#10571=CARTESIAN_POINT('Ctrl Pts',(21.6307484494413,-60.0183052875137,1.56));
#10572=CARTESIAN_POINT('Ctrl Pts',(21.5773383191464,-60.2966826861172,1.56));
#10573=CARTESIAN_POINT('Ctrl Pts',(21.5239281888514,-60.5750600847207,1.56));
#10574=CARTESIAN_POINT('',(22.707379700678,-59.6742226284751,2.68186934340515));
#10575=CARTESIAN_POINT('Ctrl Pts',(25.3933745887649,-44.99525936127,2.68186934340515));
#10576=CARTESIAN_POINT('Ctrl Pts',(24.5424899847139,-49.8972693144272,2.68186934340515));
#10577=CARTESIAN_POINT('Ctrl Pts',(23.6432411579803,-54.7896267773926,2.68186934340515));
#10578=CARTESIAN_POINT('Ctrl Pts',(22.7073805446882,-59.674222790182,2.68186934340515));
#10579=CARTESIAN_POINT('',(21.5239281888514,-60.5750600847207,1.56));
#10580=CARTESIAN_POINT('Ctrl Pts',(22.707379700678,-59.6742226284751,2.68186934340515));
#10581=CARTESIAN_POINT('Ctrl Pts',(22.7202393903962,-59.6644338960614,2.59400748208325));
#10582=CARTESIAN_POINT('Ctrl Pts',(22.7191153456419,-59.6652895133867,2.50524491239582));
#10583=CARTESIAN_POINT('Ctrl Pts',(22.688532917961,-59.6885687065624,2.32652962344211));
#10584=CARTESIAN_POINT('Ctrl Pts',(22.658498408119,-59.7114308273804,2.24079560396216));
#10585=CARTESIAN_POINT('Ctrl Pts',(22.5656882739365,-59.7820774439552,2.06118765713407));
#10586=CARTESIAN_POINT('Ctrl Pts',(22.4970169703277,-59.8343497017045,1.97392051009058));
#10587=CARTESIAN_POINT('Ctrl Pts',(22.3153088401769,-59.9726650345326,1.80014327771239));
#10588=CARTESIAN_POINT('Ctrl Pts',(22.1873709589527,-60.0700507189714,1.71829076739214));
#10589=CARTESIAN_POINT('Ctrl Pts',(21.8769446728853,-60.3063456774874,1.59236533852723));
#10590=CARTESIAN_POINT('Ctrl Pts',(21.6990777723057,-60.4417370853035,1.56));
#10591=CARTESIAN_POINT('Ctrl Pts',(21.5239281888514,-60.5750600847207,1.56));
#10592=CARTESIAN_POINT('Ctrl Pts',(21.5239281888514,-60.5750600847207,1.56));
#10593=CARTESIAN_POINT('Ctrl Pts',(21.5773383191464,-60.2966826861172,1.56));
#10594=CARTESIAN_POINT('Ctrl Pts',(21.6307484494413,-60.0183052875137,1.56));
#10595=CARTESIAN_POINT('Ctrl Pts',(22.5693013388001,-55.1265008611126,1.56));
#10596=CARTESIAN_POINT('Ctrl Pts',(23.4218142951813,-50.5067647148335,1.56));
#10597=CARTESIAN_POINT('Ctrl Pts',(24.231725880199,-45.8795440400069,1.56));
#10598=CARTESIAN_POINT('Origin',(37.515251,-48.402544,4.56));
#10599=CARTESIAN_POINT('Ctrl Pts',(22.432451,-59.883497,4.56));
#10600=CARTESIAN_POINT('Ctrl Pts',(22.5241068552144,-59.8137290148851,3.93396042029225));
#10601=CARTESIAN_POINT('Ctrl Pts',(22.6157499362878,-59.7439707533833,3.30791568108518));
#10602=CARTESIAN_POINT('Ctrl Pts',(22.707379700678,-59.6742226284751,2.68186934340515));
#10603=CARTESIAN_POINT('',(37.3702485259099,-48.5129191683979,2.68186934340515));
#10604=CARTESIAN_POINT('Ctrl Pts',(37.3702485259099,-48.5129191683979,2.68186934340515));
#10605=CARTESIAN_POINT('Ctrl Pts',(37.5348329085914,-48.3876383477213,3.88921254834152));
#10606=CARTESIAN_POINT('Ctrl Pts',(37.5756100609385,-48.356598980391,4.18830748227716));
#10607=CARTESIAN_POINT('Ctrl Pts',(37.626328070245,-48.3179926817527,4.5599999999993));
#10608=CARTESIAN_POINT('',(38.476201866249,-47.6710729419516,1.56));
#10609=CARTESIAN_POINT('Ctrl Pts',(38.4762018691322,-47.6710729360188,1.56));
#10610=CARTESIAN_POINT('Ctrl Pts',(38.2783543629383,-47.8216734823218,1.56));
#10611=CARTESIAN_POINT('Ctrl Pts',(38.0843664565244,-47.9693361203012,1.60680295228454));
#10612=CARTESIAN_POINT('Ctrl Pts',(37.7784001296965,-48.2022361798322,1.76690417971507));
#10613=CARTESIAN_POINT('Ctrl Pts',(37.6620648507742,-48.290790020653,1.8620933190982));
#10614=CARTESIAN_POINT('Ctrl Pts',(37.5026127169957,-48.4121641987672,2.06150541656053));
#10615=CARTESIAN_POINT('Ctrl Pts',(37.4458677214167,-48.4553582095931,2.16120294699419));
#10616=CARTESIAN_POINT('Ctrl Pts',(37.3870868551376,-48.5001019152081,2.33791463661242));
#10617=CARTESIAN_POINT('Ctrl Pts',(37.3724986050538,-48.5112064192467,2.40577538327968));
#10618=CARTESIAN_POINT('Ctrl Pts',(37.3594620421486,-48.5211297866584,2.54444717948747));
#10619=CARTESIAN_POINT('Ctrl Pts',(37.3609368407366,-48.5200071772441,2.61356152684746));
#10620=CARTESIAN_POINT('Ctrl Pts',(37.3702485259099,-48.5129191683979,2.68186934340515));
#10621=CARTESIAN_POINT('',(38.7430154787318,-47.4679757318144,1.56));
#10622=CARTESIAN_POINT('',(36.7380872991079,-48.9941171776095,1.56));
#10623=CARTESIAN_POINT('Ctrl Pts',(38.7430154787318,-47.4679757318145,6.16));
#10624=CARTESIAN_POINT('Ctrl Pts',(38.7430154787318,-47.4679757318144,5.54333333333334));
#10625=CARTESIAN_POINT('Ctrl Pts',(38.7430154787318,-47.4679757318144,4.92666666666667));
#10626=CARTESIAN_POINT('Ctrl Pts',(38.7430154787318,-47.4679757318144,3.39333333333334));
#10627=CARTESIAN_POINT('Ctrl Pts',(38.7430154787318,-47.4679757318145,2.47666666666667));
#10628=CARTESIAN_POINT('Ctrl Pts',(38.7430154787318,-47.4679757318145,1.56));
#10629=CARTESIAN_POINT('',(36.7380872991079,-48.9941171776095,1.56));
#10630=CARTESIAN_POINT('Ctrl Pts',(22.432451,-59.883497,4.56));
#10631=CARTESIAN_POINT('Ctrl Pts',(22.5079425738954,-59.8979809876303,3.93395644780171));
#10632=CARTESIAN_POINT('Ctrl Pts',(22.5834341477908,-59.9124649752606,3.30791289560343));
#10633=CARTESIAN_POINT('Ctrl Pts',(22.6589257216861,-59.9269489628908,2.68186934340514));
#10634=CARTESIAN_POINT('Ctrl Pts',(23.417185242581,-54.7509920753416,4.56));
#10635=CARTESIAN_POINT('Ctrl Pts',(23.4927546170116,-54.7650701974152,3.93395644780171));
#10636=CARTESIAN_POINT('Ctrl Pts',(23.5683239927438,-54.7791494036021,3.30791289560343));
#10637=CARTESIAN_POINT('Ctrl Pts',(23.6438933671744,-54.7932275256756,2.68186934340514));
#10638=CARTESIAN_POINT('Ctrl Pts',(24.3303548829897,-49.770984987055,4.56));
#10639=CARTESIAN_POINT('Ctrl Pts',(24.4060036933461,-49.7846330447068,3.93395644780171));
#10640=CARTESIAN_POINT('Ctrl Pts',(24.4816525491093,-49.7982821095533,3.30791289560343));
#10641=CARTESIAN_POINT('Ctrl Pts',(24.5573013594658,-49.8119301672051,2.68186934340514));
#10642=CARTESIAN_POINT('Ctrl Pts',(25.1661665912033,-44.955820808909,4.56));
#10643=CARTESIAN_POINT('Ctrl Pts',(25.2419025897309,-44.9689669929145,3.93395644780171));
#10644=CARTESIAN_POINT('Ctrl Pts',(25.3176385882585,-44.98211317692,3.30791289560343));
#10645=CARTESIAN_POINT('Ctrl Pts',(25.393374586786,-44.9952593609255,2.68186934340514));
#10646=CARTESIAN_POINT('Ctrl Pts',(57.2816213311765,20.0546922675665,2.68186934340515));
#10647=CARTESIAN_POINT('Ctrl Pts',(57.8481510915416,21.60391248726,2.68186934340515));
#10648=CARTESIAN_POINT('Ctrl Pts',(58.6066398887934,23.6705670952718,2.68186934340515));
#10649=CARTESIAN_POINT('Ctrl Pts',(59.5501340182516,26.2493685646747,2.68186934340515));
#10650=CARTESIAN_POINT('Ctrl Pts',(60.1164356967875,27.7998697883264,2.68186934340515));
#10651=CARTESIAN_POINT('Ctrl Pts',(60.6735283789006,29.3419440508833,2.68186934340515));
#10652=CARTESIAN_POINT('Ctrl Pts',(61.0465729864593,30.3823991763685,2.68186934340515));
#10653=CARTESIAN_POINT('Ctrl Pts',(61.2205726654532,30.902080298048,2.68186934340515));
#10654=CARTESIAN_POINT('Ctrl Pts',(61.2284561878691,30.9256258459225,2.68186934340515));
#10655=CARTESIAN_POINT('Ctrl Pts',(61.2363397278947,30.9491714463915,2.68186934340515));
#10656=CARTESIAN_POINT('Ctrl Pts',(57.2447125229289,20.0681893404978,2.36180263151151));
#10657=CARTESIAN_POINT('Ctrl Pts',(57.8112480409363,21.6174247636347,2.36180263151151));
#10658=CARTESIAN_POINT('Ctrl Pts',(58.5697465580409,23.6841072911664,2.36180263151152));
#10659=CARTESIAN_POINT('Ctrl Pts',(59.5132208544878,26.2628529302098,2.36180263151151));
#10660=CARTESIAN_POINT('Ctrl Pts',(60.0795086505152,27.8133182706126,2.36180263151151));
#10661=CARTESIAN_POINT('Ctrl Pts',(60.6365422987197,29.3552253263029,2.36180263151151));
#10662=CARTESIAN_POINT('Ctrl Pts',(61.0095374156993,30.3955516062875,2.36180263151151));
#10663=CARTESIAN_POINT('Ctrl Pts',(61.1833067776262,30.9145576658969,2.36180263151152));
#10664=CARTESIAN_POINT('Ctrl Pts',(61.1911903000421,30.9381032137714,2.36180263151151));
#10665=CARTESIAN_POINT('Ctrl Pts',(61.1990738400678,30.9616488142404,2.36180263151151));
#10666=CARTESIAN_POINT('Ctrl Pts',(57.4557761521476,19.9910061061436,1.77405751519497));
#10667=CARTESIAN_POINT('Ctrl Pts',(58.0222510010171,21.54007079072,1.77405751519497));
#10668=CARTESIAN_POINT('Ctrl Pts',(58.7803308138721,23.6054615575791,1.77405751519497));
#10669=CARTESIAN_POINT('Ctrl Pts',(59.7240731706961,26.1850045010205,1.77405751519497));
#10670=CARTESIAN_POINT('Ctrl Pts',(60.289961145308,27.7341874815098,1.77405751519497));
#10671=CARTESIAN_POINT('Ctrl Pts',(60.8482290743919,29.2798306247433,1.77405751519497));
#10672=CARTESIAN_POINT('Ctrl Pts',(61.219828549474,30.3156791817435,1.77405751519497));
#10673=CARTESIAN_POINT('Ctrl Pts',(61.396412372314,30.8432056318888,1.77405751519497));
#10674=CARTESIAN_POINT('Ctrl Pts',(61.4042958947299,30.8667511797633,1.77405751519497));
#10675=CARTESIAN_POINT('Ctrl Pts',(61.4121794347555,30.8902967802323,1.77405751519497));
#10676=CARTESIAN_POINT('Ctrl Pts',(57.9866525386101,19.7968714904299,1.56));
#10677=CARTESIAN_POINT('Ctrl Pts',(58.5530244843672,21.3456568225316,1.56));
#10678=CARTESIAN_POINT('Ctrl Pts',(59.3107015706843,23.4098263001493,1.56));
#10679=CARTESIAN_POINT('Ctrl Pts',(60.2548411670611,25.9905184051743,1.56));
#10680=CARTESIAN_POINT('Ctrl Pts',(60.8205818443533,27.5391404292991,1.56));
#10681=CARTESIAN_POINT('Ctrl Pts',(61.380348145821,29.0892014088125,1.56));
#10682=CARTESIAN_POINT('Ctrl Pts',(61.751444020291,30.1231275795098,1.56));
#10683=CARTESIAN_POINT('Ctrl Pts',(61.9324247988112,30.6637379039755,1.55999999999999));
#10684=CARTESIAN_POINT('Ctrl Pts',(61.9403083212272,30.68728345185,1.56));
#10685=CARTESIAN_POINT('Ctrl Pts',(61.9481918612528,30.710829052319,1.56));
#10686=CARTESIAN_POINT('Ctrl Pts',(58.2137942086334,19.7138087248841,1.56));
#10687=CARTESIAN_POINT('Ctrl Pts',(58.7801307211008,21.2625004929915,1.56));
#10688=CARTESIAN_POINT('Ctrl Pts',(59.5377479901632,23.3264981502041,1.56));
#10689=CARTESIAN_POINT('Ctrl Pts',(60.4820096415051,25.9075338426193,1.56));
#10690=CARTESIAN_POINT('Ctrl Pts',(61.0478357535843,27.4563766969865,1.56));
#10691=CARTESIAN_POINT('Ctrl Pts',(61.6079653575052,29.0074666895932,1.56));
#10692=CARTESIAN_POINT('Ctrl Pts',(61.979365803521,30.0421857924806,1.56));
#10693=CARTESIAN_POINT('Ctrl Pts',(62.1617639836243,30.5869505378899,1.55999999999999));
#10694=CARTESIAN_POINT('Ctrl Pts',(62.1696475060402,30.6104960857644,1.56));
#10695=CARTESIAN_POINT('Ctrl Pts',(62.1775310460659,30.6340416862334,1.56));
#10696=CARTESIAN_POINT('Ctrl Pts',(57.4453429620082,20.5022539063103,2.68186934340515));
#10697=CARTESIAN_POINT('Ctrl Pts',(57.9576889193382,21.9024038762085,2.68186934340515));
#10698=CARTESIAN_POINT('Ctrl Pts',(58.6611516885154,23.819561248848,2.68186934340515));
#10699=CARTESIAN_POINT('Ctrl Pts',(59.5501340182516,26.2493685646747,2.68186934340515));
#10700=CARTESIAN_POINT('Ctrl Pts',(60.1164356967875,27.7998697883264,2.68186934340515));
#10701=CARTESIAN_POINT('Ctrl Pts',(60.6735283789006,29.3419440508833,2.68186934340515));
#10702=CARTESIAN_POINT('Ctrl Pts',(61.0465729864593,30.3823991763685,2.68186934340515));
#10703=CARTESIAN_POINT('Ctrl Pts',(61.2198355586196,30.8998787968253,2.68186934340515));
#10704=CARTESIAN_POINT('Ctrl Pts',(61.2269143049348,30.9210207371232,2.68186934340515));
#10705=CARTESIAN_POINT('Ctrl Pts',(61.2340220099178,30.9422491676552,2.68186934340515));
#10706=CARTESIAN_POINT('Ctrl Pts',(61.4526958168844,30.8690327843207,4.56000000000006));
#10707=CARTESIAN_POINT('Ctrl Pts',(61.3798045478955,30.8934382454322,3.93395644780176));
#10708=CARTESIAN_POINT('Ctrl Pts',(61.3069132789066,30.9178437065437,3.30791289560345));
#10709=CARTESIAN_POINT('Ctrl Pts',(61.2340220099178,30.9422491676551,2.68186934340514));
#10710=CARTESIAN_POINT('Ctrl Pts',(61.4455848612794,30.8477946452253,4.56000000000006));
#10711=CARTESIAN_POINT('Ctrl Pts',(61.3726935922905,30.8722001063368,3.93395644780176));
#10712=CARTESIAN_POINT('Ctrl Pts',(61.2998023233016,30.8966055674483,3.30791289560345));
#10713=CARTESIAN_POINT('Ctrl Pts',(61.2269110543127,30.9210110285598,2.68186934340514));
#10714=CARTESIAN_POINT('Ctrl Pts',(61.4384739056744,30.82655650613,4.56000000000006));
#10715=CARTESIAN_POINT('Ctrl Pts',(61.3655826366855,30.8509619672415,3.93395644780176));
#10716=CARTESIAN_POINT('Ctrl Pts',(61.2926913676966,30.8753674283529,3.30791289560345));
#10717=CARTESIAN_POINT('Ctrl Pts',(61.2198000987077,30.8997728894644,2.68186934340514));
#10718=CARTESIAN_POINT('Ctrl Pts',(61.4313629500694,30.8053183670346,4.56000000000006));
#10719=CARTESIAN_POINT('Ctrl Pts',(61.3584716810805,30.8297238281461,3.93395644780176));
#10720=CARTESIAN_POINT('Ctrl Pts',(61.2855804120916,30.8541292892576,3.30791289560345));
#10721=CARTESIAN_POINT('Ctrl Pts',(61.2126891431027,30.8785347503691,2.68186934340514));
#10722=CARTESIAN_POINT('Ctrl Pts',(61.2756351804262,30.3402095664161,4.56000000000006));
#10723=CARTESIAN_POINT('Ctrl Pts',(61.2032261797475,30.3660267141095,3.93395644780176));
#10724=CARTESIAN_POINT('Ctrl Pts',(61.1311783936478,30.3930087752767,3.30791289560345));
#10725=CARTESIAN_POINT('Ctrl Pts',(61.0587693929691,30.4188259229701,2.68186934340514));
#10726=CARTESIAN_POINT('Ctrl Pts',(60.5241963550822,28.2273891657615,4.56000000000007));
#10727=CARTESIAN_POINT('Ctrl Pts',(60.4519935668457,28.2537534584953,3.93395644780176));
#10728=CARTESIAN_POINT('Ctrl Pts',(60.3797192464356,28.2798874849716,3.30791289560345));
#10729=CARTESIAN_POINT('Ctrl Pts',(60.3075164581991,28.3062517777055,2.68186934340514));
#10730=CARTESIAN_POINT('Ctrl Pts',(58.8391502556465,23.6411223475018,4.56000000000006));
#10731=CARTESIAN_POINT('Ctrl Pts',(58.7669972214466,23.6676349045157,3.93395644780176));
#10732=CARTESIAN_POINT('Ctrl Pts',(58.6948223140281,23.6940762949375,3.30791289560345));
#10733=CARTESIAN_POINT('Ctrl Pts',(58.6226692798282,23.7205888519514,2.68186934340514));
#10734=CARTESIAN_POINT('Ctrl Pts',(57.6238682139,20.3190773800519,4.56000000000006));
#10735=CARTESIAN_POINT('Ctrl Pts',(57.5516785622349,20.3454860494493,3.93395644780176));
#10736=CARTESIAN_POINT('Ctrl Pts',(57.4794889105697,20.3718947188467,3.30791289560345));
#10737=CARTESIAN_POINT('Ctrl Pts',(57.4072992589046,20.3983033882441,2.68186934340514));
#10738=CARTESIAN_POINT('Origin',(47.6499310717652,-3.33821271732029,4.56));
#10739=CARTESIAN_POINT('',(47.6499310717652,-3.33821271732029,4.56));
#10740=CARTESIAN_POINT('Ctrl Pts',(37.3691063912904,-48.5223035578486,2.68186934340515));
#10741=CARTESIAN_POINT('Ctrl Pts',(37.3746049517076,-48.4771244419267,2.68186934340515));
#10742=CARTESIAN_POINT('Ctrl Pts',(37.3801035590047,-48.4319449408135,2.68186934340515));
#10743=CARTESIAN_POINT('Ctrl Pts',(37.7548270722189,-45.3530159561619,2.68186934340515));
#10744=CARTESIAN_POINT('Ctrl Pts',(38.4294613505363,-41.3406427132673,2.68186934340515));
#10745=CARTESIAN_POINT('Ctrl Pts',(39.8740945349206,-34.3878911113902,2.68186934340515));
#10746=CARTESIAN_POINT('Ctrl Pts',(40.8358798127033,-30.448669307482,2.68186934340515));
#10747=CARTESIAN_POINT('Ctrl Pts',(41.6091905246548,-27.5115262901402,2.68186934340515));
#10748=CARTESIAN_POINT('Ctrl Pts',(37.3300950027802,-48.5175556456262,2.36180263151151));
#10749=CARTESIAN_POINT('Ctrl Pts',(37.3355935631973,-48.4723765297044,2.36180263151152));
#10750=CARTESIAN_POINT('Ctrl Pts',(37.3410921704945,-48.4271970285912,2.36180263151151));
#10751=CARTESIAN_POINT('Ctrl Pts',(37.7159653509131,-45.3470583410972,2.36180263151151));
#10752=CARTESIAN_POINT('Ctrl Pts',(38.3908109731069,-41.3334782182057,2.36180263151152));
#10753=CARTESIAN_POINT('Ctrl Pts',(39.8357877664222,-34.3790731791746,2.36180263151151));
#10754=CARTESIAN_POINT('Ctrl Pts',(40.7977531212852,-30.4391322372349,2.36180263151151));
#10755=CARTESIAN_POINT('Ctrl Pts',(41.5711864250865,-27.5015203159262,2.36180263151151));
#10756=CARTESIAN_POINT('Ctrl Pts',(37.553173513755,-48.5447055941219,1.77404800384106));
#10757=CARTESIAN_POINT('Ctrl Pts',(37.5586720741722,-48.4995264782,1.77404800384106));
#10758=CARTESIAN_POINT('Ctrl Pts',(37.5641706814693,-48.4543469770868,1.77404800384107));
#10759=CARTESIAN_POINT('Ctrl Pts',(37.9382086087996,-45.3812479400905,1.77404800384106));
#10760=CARTESIAN_POINT('Ctrl Pts',(38.6118233480287,-41.3744369970977,1.77404800384106));
#10761=CARTESIAN_POINT('Ctrl Pts',(40.0548411344607,-34.4295207413491,1.77404800384106));
#10762=CARTESIAN_POINT('Ctrl Pts',(41.0157772724895,-30.4936982559937,1.77404800384106));
#10763=CARTESIAN_POINT('Ctrl Pts',(41.7885049637592,-27.558737398264,1.77404800384106));
#10764=CARTESIAN_POINT('Ctrl Pts',(38.1143010386103,-48.6129980680709,1.56));
#10765=CARTESIAN_POINT('Ctrl Pts',(38.1197995990274,-48.567818952149,1.56));
#10766=CARTESIAN_POINT('Ctrl Pts',(38.1252982063246,-48.5226394510357,1.56000000000002));
#10767=CARTESIAN_POINT('Ctrl Pts',(38.4971985471456,-45.4670305095437,1.56));
#10768=CARTESIAN_POINT('Ctrl Pts',(39.1677568987083,-41.477481541127,1.56));
#10769=CARTESIAN_POINT('Ctrl Pts',(40.6058366352396,-34.5563728338008,1.56));
#10770=CARTESIAN_POINT('Ctrl Pts',(41.5641829820781,-30.6308987859789,1.56));
#10771=CARTESIAN_POINT('Ctrl Pts',(42.3351439617409,-27.7026601797608,1.56));
#10772=CARTESIAN_POINT('Ctrl Pts',(38.354382264661,-48.6422173455959,1.56));
#10773=CARTESIAN_POINT('Ctrl Pts',(38.3598808250781,-48.597038229674,1.56));
#10774=CARTESIAN_POINT('Ctrl Pts',(38.3653794323752,-48.5518587285608,1.56000000000002));
#10775=CARTESIAN_POINT('Ctrl Pts',(38.7363587014957,-45.5036944577829,1.56));
#10776=CARTESIAN_POINT('Ctrl Pts',(39.4056164149914,-41.5215727879168,1.56));
#10777=CARTESIAN_POINT('Ctrl Pts',(40.8415815368784,-34.6106395507362,1.56));
#10778=CARTESIAN_POINT('Ctrl Pts',(41.7988196656328,-30.6895911731324,1.56));
#10779=CARTESIAN_POINT('Ctrl Pts',(42.5690261988962,-27.7642382637218,1.56));
#10780=CARTESIAN_POINT('',(41.6059958916534,-27.5236612070633,2.68186934340515));
#10781=CARTESIAN_POINT('',(42.2585352084443,-28.9557972552173,1.56));
#10782=CARTESIAN_POINT('Ctrl Pts',(41.6059958916534,-27.5236612070632,2.68186934340515));
#10783=CARTESIAN_POINT('Ctrl Pts',(41.5992777992911,-27.5089169272944,2.59838904996198));
#10784=CARTESIAN_POINT('Ctrl Pts',(41.5994938750027,-27.5093911513109,2.51400010365804));
#10785=CARTESIAN_POINT('Ctrl Pts',(41.6140397776776,-27.5413152224551,2.34378572152499));
#10786=CARTESIAN_POINT('Ctrl Pts',(41.628624021537,-27.5733234414677,2.26212691877096));
#10787=CARTESIAN_POINT('Ctrl Pts',(41.6742878550918,-27.6735424174712,2.08882522477516));
#10788=CARTESIAN_POINT('Ctrl Pts',(41.7085939767358,-27.7488344837345,2.00363436688399));
#10789=CARTESIAN_POINT('Ctrl Pts',(41.8006809669974,-27.9509389315835,1.829907930862));
#10790=CARTESIAN_POINT('Ctrl Pts',(41.8672572747996,-28.0970547715376,1.74522901866642));
#10791=CARTESIAN_POINT('Ctrl Pts',(42.043018023145,-28.4827990433066,1.59915518282995));
#10792=CARTESIAN_POINT('Ctrl Pts',(42.151980607636,-28.7219405649203,1.56));
#10793=CARTESIAN_POINT('Ctrl Pts',(42.2585352084444,-28.955797255219,1.56));
#10794=CARTESIAN_POINT('Ctrl Pts',(42.258481252717,-28.9557833393408,1.56));
#10795=CARTESIAN_POINT('Ctrl Pts',(41.6054250144755,-31.4878641420232,1.56));
#10796=CARTESIAN_POINT('Ctrl Pts',(40.7580852823701,-35.0124856900789,1.56));
#10797=CARTESIAN_POINT('Ctrl Pts',(39.4627275997646,-41.2467112477249,1.56));
#10798=CARTESIAN_POINT('Ctrl Pts',(38.8302535928618,-44.9495352956773,1.56));
#10799=CARTESIAN_POINT('Ctrl Pts',(38.4761139570524,-47.6710615027343,1.56000000000002));
#10800=CARTESIAN_POINT('Ctrl Pts',(37.3702485259099,-48.5129191683979,2.68186934340515));
#10801=CARTESIAN_POINT('Ctrl Pts',(37.3753666348516,-48.4708660454645,2.68186934340515));
#10802=CARTESIAN_POINT('Ctrl Pts',(37.3804881136772,-48.4287852337618,2.68186934340515));
#10803=CARTESIAN_POINT('Ctrl Pts',(37.7548270722189,-45.3530159561619,2.68186934340515));
#10804=CARTESIAN_POINT('Ctrl Pts',(38.4294613505363,-41.3406427132673,2.68186934340515));
#10805=CARTESIAN_POINT('Ctrl Pts',(39.8732418905003,-34.3919947308577,2.68186934340515));
#10806=CARTESIAN_POINT('Ctrl Pts',(40.8338931471783,-30.4568068031497,2.68186934340515));
#10807=CARTESIAN_POINT('Ctrl Pts',(41.6059958824349,-27.5236612129798,2.68186934340515));
#10808=CARTESIAN_POINT('Origin',(0.185746500000006,-2.58699249999999,1.56));
#10809=CARTESIAN_POINT('',(42.415660853939,-29.300642838025,1.56));
#10810=CARTESIAN_POINT('',(33.7460014106736,-10.2732348421442,1.56));
#10811=CARTESIAN_POINT('Ctrl Pts',(38.743084470774,-47.4677833333304,1.56));
#10812=CARTESIAN_POINT('Ctrl Pts',(39.442092995147,-42.2020827171714,1.56));
#10813=CARTESIAN_POINT('Ctrl Pts',(40.6656609683334,-36.1289062999097,1.56));
#10814=CARTESIAN_POINT('Ctrl Pts',(42.4163217844713,-29.2990716320698,1.56));
#10815=CARTESIAN_POINT('Origin',(42.415660853939,-29.300642838025,4.56));
#10816=CARTESIAN_POINT('Ctrl Pts',(41.7572450913879,-27.8556096822289,4.55999999999989));
#10817=CARTESIAN_POINT('Ctrl Pts',(41.7067950991914,-27.7448864651067,3.93398172514075));
#10818=CARTESIAN_POINT('Ctrl Pts',(41.6563779478284,-27.6342353241649,3.30792635585671));
#10819=CARTESIAN_POINT('Ctrl Pts',(41.6059958916535,-27.5236612070633,2.68186934340514));
#10820=CARTESIAN_POINT('',(40.6918178545848,-25.5173034480291,4.56));
#10821=CARTESIAN_POINT('',(42.415660853939,-29.300642838025,4.56));
#10822=CARTESIAN_POINT('Ctrl Pts',(42.4156604658706,-29.3006419863266,6.16));
#10823=CARTESIAN_POINT('Ctrl Pts',(42.4156604658706,-29.3006419863266,5.62666666666667));
#10824=CARTESIAN_POINT('Ctrl Pts',(42.4156604658706,-29.3006419863266,5.09333333333334));
#10825=CARTESIAN_POINT('Ctrl Pts',(42.4156604658706,-29.3006419863266,4.56000000000001));
#10826=CARTESIAN_POINT('Ctrl Pts',(42.4156604658706,-29.3006419863265,1.56));
#10827=CARTESIAN_POINT('Ctrl Pts',(42.4156604658706,-29.3006419863265,2.22666666666667));
#10828=CARTESIAN_POINT('Ctrl Pts',(42.4156604658706,-29.3006419863265,2.89333333333334));
#10829=CARTESIAN_POINT('Ctrl Pts',(42.4156604658706,-29.3006419863265,3.89333333333334));
#10830=CARTESIAN_POINT('Ctrl Pts',(42.415660853939,-29.300642838025,4.22666666666667));
#10831=CARTESIAN_POINT('Ctrl Pts',(42.415660853939,-29.300642838025,4.56));
#10832=CARTESIAN_POINT('Ctrl Pts',(-41.2375092130764,-27.5122397469414,
2.68186934340515));
#10833=CARTESIAN_POINT('Ctrl Pts',(-40.4642341624253,-30.4492834649922,
2.68186934340515));
#10834=CARTESIAN_POINT('Ctrl Pts',(-39.5024943034489,-34.3883716189963,
2.68186934340515));
#10835=CARTESIAN_POINT('Ctrl Pts',(-38.057927469862,-41.3408856295185,2.68186934340515));
#10836=CARTESIAN_POINT('Ctrl Pts',(-37.3833219653959,-45.3531212407364,
2.68186934340515));
#10837=CARTESIAN_POINT('Ctrl Pts',(-37.0085396905423,-48.4325354869063,
2.68186934340515));
#10838=CARTESIAN_POINT('Ctrl Pts',(-37.0029692177205,-48.4783055099736,
2.68186934340515));
#10839=CARTESIAN_POINT('Ctrl Pts',(-36.9973987929098,-48.5240751385561,
2.68186934340515));
#10840=CARTESIAN_POINT('Ctrl Pts',(-41.199505083187,-27.5022338878918,2.36180263151151));
#10841=CARTESIAN_POINT('Ctrl Pts',(-40.4261074430605,-30.4397465063626,
2.36180263151152));
#10842=CARTESIAN_POINT('Ctrl Pts',(-39.4641875113573,-34.37955379091,2.36180263151152));
#10843=CARTESIAN_POINT('Ctrl Pts',(-38.0192770791221,-41.3337212080372,
2.36180263151152));
#10844=CARTESIAN_POINT('Ctrl Pts',(-37.3444602382748,-45.3471636703039,
2.36180263151151));
#10845=CARTESIAN_POINT('Ctrl Pts',(-36.9695283015801,-48.4277875783978,
2.3618026315115));
#10846=CARTESIAN_POINT('Ctrl Pts',(-36.9639578287583,-48.4735576014651,
2.36180263151152));
#10847=CARTESIAN_POINT('Ctrl Pts',(-36.9583874039475,-48.5193272300476,
2.36180263151151));
#10848=CARTESIAN_POINT('Ctrl Pts',(-41.4168232601163,-27.5594501707955,
1.77404740729124));
#10849=CARTESIAN_POINT('Ctrl Pts',(-40.6441312145806,-30.4943117356096,
1.77404740729124));
#10850=CARTESIAN_POINT('Ctrl Pts',(-39.6832404653363,-34.4300005747019,
1.77404740729124));
#10851=CARTESIAN_POINT('Ctrl Pts',(-38.2402889758238,-41.3746794044003,
1.77404740729124));
#10852=CARTESIAN_POINT('Ctrl Pts',(-37.5667029700698,-45.3813528578233,
1.77404740729124));
#10853=CARTESIAN_POINT('Ctrl Pts',(-37.1926062658284,-48.4549374388021,
1.77404740729128));
#10854=CARTESIAN_POINT('Ctrl Pts',(-37.1870357930067,-48.5007074618695,
1.77404740729125));
#10855=CARTESIAN_POINT('Ctrl Pts',(-37.181465368196,-48.546477090452,1.77404740729124));
#10856=CARTESIAN_POINT('Ctrl Pts',(-41.963463229355,-27.7033714366939,1.56));
#10857=CARTESIAN_POINT('Ctrl Pts',(-41.1925378649031,-30.6315108072415,
1.56));
#10858=CARTESIAN_POINT('Ctrl Pts',(-40.2342368412053,-34.556851270309,1.56));
#10859=CARTESIAN_POINT('Ctrl Pts',(-38.7962232532438,-41.4777229377171,
1.56));
#10860=CARTESIAN_POINT('Ctrl Pts',(-38.1256935475475,-45.4671349181343,
1.56));
#10861=CARTESIAN_POINT('Ctrl Pts',(-37.7537343464962,-48.5232299261862,
1.56000000000007));
#10862=CARTESIAN_POINT('Ctrl Pts',(-37.7481638736745,-48.5689999492536,
1.56));
#10863=CARTESIAN_POINT('Ctrl Pts',(-37.7425934488638,-48.6147695778361,
1.56));
#10864=CARTESIAN_POINT('Ctrl Pts',(-42.1973456531102,-27.7649488119179,
1.56));
#10865=CARTESIAN_POINT('Ctrl Pts',(-41.4271747204455,-30.6902025074866,
1.56));
#10866=CARTESIAN_POINT('Ctrl Pts',(-40.4699818880392,-34.6111173464189,
1.56));
#10867=CARTESIAN_POINT('Ctrl Pts',(-39.0340828514411,-41.521813731684,1.56));
#10868=CARTESIAN_POINT('Ctrl Pts',(-38.3648537376864,-45.5037985917011,
1.56));
#10869=CARTESIAN_POINT('Ctrl Pts',(-37.9938155753286,-48.5524491808556,
1.56000000000007));
#10870=CARTESIAN_POINT('Ctrl Pts',(-37.9882451025068,-48.598219203923,1.56));
#10871=CARTESIAN_POINT('Ctrl Pts',(-37.9826746776961,-48.6439888325055,
1.56));
#10872=CARTESIAN_POINT('',(-41.8870415862674,-28.9557980844301,1.56));
#10873=CARTESIAN_POINT('Ctrl Pts',(-38.1046255041667,-47.6710337914272,
1.56000000000005));
#10874=CARTESIAN_POINT('Ctrl Pts',(-38.4587510166322,-44.9496209207896,
1.56));
#10875=CARTESIAN_POINT('Ctrl Pts',(-39.0911952783928,-41.2469429835123,
1.56));
#10876=CARTESIAN_POINT('Ctrl Pts',(-40.3865363399476,-35.0127241675572,
1.56));
#10877=CARTESIAN_POINT('Ctrl Pts',(-41.2338969618834,-31.4880000673474,
1.56));
#10878=CARTESIAN_POINT('Ctrl Pts',(-41.8869877113784,-28.9557841894098,
1.56));
#10879=CARTESIAN_POINT('',(-41.2345022285595,-27.5236619464751,2.68186934340514));
#10880=CARTESIAN_POINT('Ctrl Pts',(-41.8870415862674,-28.9557980844318,
1.56));
#10881=CARTESIAN_POINT('Ctrl Pts',(-41.7630080072848,-28.6835800661883,
1.56));
#10882=CARTESIAN_POINT('Ctrl Pts',(-41.6417248446876,-28.4173984205458,
1.61295567292124));
#10883=CARTESIAN_POINT('Ctrl Pts',(-41.458648494627,-28.0155985078969,1.78792691840749));
#10884=CARTESIAN_POINT('Ctrl Pts',(-41.3918247453898,-27.8689396055169,
1.88681835280519));
#10885=CARTESIAN_POINT('Ctrl Pts',(-41.3053067022698,-27.6790573943155,
2.08364071479204));
#10886=CARTESIAN_POINT('Ctrl Pts',(-41.275200119635,-27.6129821076002,2.17732652393092));
#10887=CARTESIAN_POINT('Ctrl Pts',(-41.2433123986667,-27.5429977349851,
2.34636187211504));
#10888=CARTESIAN_POINT('Ctrl Pts',(-41.235220088882,-27.5252374433362,2.41251223743428));
#10889=CARTESIAN_POINT('Ctrl Pts',(-41.2281785435454,-27.5097832773545,
2.54817748620742));
#10890=CARTESIAN_POINT('Ctrl Pts',(-41.2291575672967,-27.5119319527986,
2.61545557006028));
#10891=CARTESIAN_POINT('Ctrl Pts',(-41.2345022285595,-27.523661946475,2.68186934340515));
#10892=CARTESIAN_POINT('Ctrl Pts',(-41.2345022203937,-27.5236619517175,
2.68186934340515));
#10893=CARTESIAN_POINT('Ctrl Pts',(-40.4623641955042,-30.456943023442,2.68186934340515));
#10894=CARTESIAN_POINT('Ctrl Pts',(-39.5016917465741,-34.39223422181,2.68186934340515));
#10895=CARTESIAN_POINT('Ctrl Pts',(-38.057927469862,-41.3408856295185,2.68186934340515));
#10896=CARTESIAN_POINT('Ctrl Pts',(-37.3833219653959,-45.3531212407364,
2.68186934340515));
#10897=CARTESIAN_POINT('Ctrl Pts',(-37.008996667181,-48.42878071923,2.68186934340515));
#10898=CARTESIAN_POINT('Ctrl Pts',(-37.0038744025594,-48.470868020863,2.68186934340515));
#10899=CARTESIAN_POINT('Ctrl Pts',(-36.9987560328325,-48.51292331993,2.68186934340515));
#10900=CARTESIAN_POINT('Ctrl Pts',(-37.2276723269791,-48.5407837383774,
4.56));
#10901=CARTESIAN_POINT('Ctrl Pts',(-37.1513668955969,-48.5314969322283,
3.93395644780172));
#10902=CARTESIAN_POINT('Ctrl Pts',(-37.0750614642147,-48.5222101260791,
3.30791289560343));
#10903=CARTESIAN_POINT('Ctrl Pts',(-36.9987560328325,-48.5129233199299,
2.68186934340514));
#10904=CARTESIAN_POINT('Ctrl Pts',(-37.2327903891431,-48.4987309664136,
4.56));
#10905=CARTESIAN_POINT('Ctrl Pts',(-37.1564849577609,-48.4894441602645,
3.93395644780172));
#10906=CARTESIAN_POINT('Ctrl Pts',(-37.0801795263787,-48.4801573541153,
3.30791289560343));
#10907=CARTESIAN_POINT('Ctrl Pts',(-37.0038740949965,-48.4708705479662,
2.68186934340514));
#10908=CARTESIAN_POINT('Ctrl Pts',(-37.237908451307,-48.4566781944499,4.56));
#10909=CARTESIAN_POINT('Ctrl Pts',(-37.1616030199248,-48.4473913883007,
3.93395644780171));
#10910=CARTESIAN_POINT('Ctrl Pts',(-37.0852975885426,-48.4381045821516,
3.30791289560343));
#10911=CARTESIAN_POINT('Ctrl Pts',(-37.0089921571604,-48.4288177760024,
2.68186934340514));
#10912=CARTESIAN_POINT('Ctrl Pts',(-37.243026513471,-48.4146254224861,4.56));
#10913=CARTESIAN_POINT('Ctrl Pts',(-37.1667210820888,-48.405338616337,3.93395644780172));
#10914=CARTESIAN_POINT('Ctrl Pts',(-37.0904156507066,-48.3960518101878,
3.30791289560343));
#10915=CARTESIAN_POINT('Ctrl Pts',(-37.0141102193244,-48.3867650040387,
2.68186934340514));
#10916=CARTESIAN_POINT('Ctrl Pts',(-37.9651536958263,-42.4812372072621,
4.56));
#10917=CARTESIAN_POINT('Ctrl Pts',(-37.8894247571135,-42.4673205815928,
3.93395644780171));
#10918=CARTESIAN_POINT('Ctrl Pts',(-37.8136717565425,-42.4532807913154,
3.30791289560343));
#10919=CARTESIAN_POINT('Ctrl Pts',(-37.7379428178296,-42.4393641656461,
2.68186934340514));
#10920=CARTESIAN_POINT('Ctrl Pts',(-39.3678138153573,-35.5209667285573,
4.56));
#10921=CARTESIAN_POINT('Ctrl Pts',(-39.2928319945915,-35.5038974721615,
3.93395644780172));
#10922=CARTESIAN_POINT('Ctrl Pts',(-39.2178354545245,-35.4867469413451,
3.30791289560343));
#10923=CARTESIAN_POINT('Ctrl Pts',(-39.1428536337587,-35.4696776849493,
2.68186934340514));
#10924=CARTESIAN_POINT('Ctrl Pts',(-41.4575107971281,-27.5823650212402,
4.56));
#10925=CARTESIAN_POINT('Ctrl Pts',(-41.3831746076372,-27.5627973295304,
3.93395644780172));
#10926=CARTESIAN_POINT('Ctrl Pts',(-41.3088384181463,-27.5432296378206,
3.30791289560343));
#10927=CARTESIAN_POINT('Ctrl Pts',(-41.2345022286554,-27.5236619461109,
2.68186934340514));
#10928=CARTESIAN_POINT('Ctrl Pts',(-41.2345022285595,-27.5236619464751,
2.68186934340514));
#10929=CARTESIAN_POINT('Ctrl Pts',(-41.2848842903609,-27.6342360759253,
3.30792638773303));
#10930=CARTESIAN_POINT('Ctrl Pts',(-41.3353014447988,-27.7448872236155,
3.93398175684181));
#10931=CARTESIAN_POINT('Ctrl Pts',(-41.3857514375505,-27.8556104419562,
4.5599999999999));
#10932=CARTESIAN_POINT('Origin',(-40.3203238545848,-25.517303448029,4.56));
#10933=CARTESIAN_POINT('',(-42.044166853939,-29.300642838025,1.56));
#10934=CARTESIAN_POINT('',(-32.5125859969549,-8.38156533580036,1.56));
#10935=CARTESIAN_POINT('',(-42.044166853939,-29.300642838025,4.56));
#10936=CARTESIAN_POINT('Ctrl Pts',(-42.044166853939,-29.300642838025,4.56));
#10937=CARTESIAN_POINT('Ctrl Pts',(-42.044166853939,-29.300642838025,4.22666666666667));
#10938=CARTESIAN_POINT('Ctrl Pts',(-42.044166853939,-29.300642838025,3.89333333333334));
#10939=CARTESIAN_POINT('Ctrl Pts',(-42.044166853939,-29.300642838025,2.89333333333334));
#10940=CARTESIAN_POINT('Ctrl Pts',(-42.044166853939,-29.300642838025,2.22666666666667));
#10941=CARTESIAN_POINT('Ctrl Pts',(-42.044166853939,-29.300642838025,1.56));
#10942=CARTESIAN_POINT('Ctrl Pts',(-42.044166853939,-29.300642838025,4.56));
#10943=CARTESIAN_POINT('Ctrl Pts',(-42.044166853939,-29.300642838025,5.09333333333333));
#10944=CARTESIAN_POINT('Ctrl Pts',(-42.044166853939,-29.300642838025,5.62666666666667));
#10945=CARTESIAN_POINT('Ctrl Pts',(-42.044166853939,-29.300642838025,6.16000000000001));
#10946=CARTESIAN_POINT('',(-40.3203238545848,-25.517303448029,4.56));
#10947=CARTESIAN_POINT('Ctrl Pts',(-54.8012240094442,14.260940351006,2.68186934340515));
#10948=CARTESIAN_POINT('Ctrl Pts',(-52.7715728678888,8.6522587214917,2.68186934340515));
#10949=CARTESIAN_POINT('Ctrl Pts',(-50.776601869311,3.02810443172559,2.68186934340515));
#10950=CARTESIAN_POINT('Ctrl Pts',(-48.8609126890924,-2.6259994992009,2.68186934340515));
#10951=CARTESIAN_POINT('Ctrl Pts',(-54.782747000808,14.2676267497265,2.52183598745833));
#10952=CARTESIAN_POINT('Ctrl Pts',(-52.753066883893,8.65886505050782,2.52183598745833));
#10953=CARTESIAN_POINT('Ctrl Pts',(-50.7580527183272,3.03459082209324,2.52183598745833));
#10954=CARTESIAN_POINT('Ctrl Pts',(-48.842302242654,-2.61969402068181,2.52183598745833));
#10955=CARTESIAN_POINT('Ctrl Pts',(-54.8202560352121,14.2540531045232,2.19282892612074));
#10956=CARTESIAN_POINT('Ctrl Pts',(-52.7906341178162,8.64545223224015,2.19282892612074));
#10957=CARTESIAN_POINT('Ctrl Pts',(-50.7957095193456,3.02142708235599,2.19282892612074));
#10958=CARTESIAN_POINT('Ctrl Pts',(-48.8800821609015,-2.63249438330344,
2.19282892612074));
#10959=CARTESIAN_POINT('Ctrl Pts',(-55.1299748204577,14.141973095787,1.7133307141368));
#10960=CARTESIAN_POINT('Ctrl Pts',(-53.1008334627216,8.53470018872942,1.7133307141368));
#10961=CARTESIAN_POINT('Ctrl Pts',(-51.1066484486454,2.91273176203138,1.7133307141368));
#10962=CARTESIAN_POINT('Ctrl Pts',(-49.1920376823426,-2.73818925988069,
1.7133307141368));
#10963=CARTESIAN_POINT('Ctrl Pts',(-55.5071187986329,14.0054934814323,1.56));
#10964=CARTESIAN_POINT('Ctrl Pts',(-53.4785619274467,8.39983572828381,1.56));
#10965=CARTESIAN_POINT('Ctrl Pts',(-51.4852796536533,2.78037798469458,1.56));
#10966=CARTESIAN_POINT('Ctrl Pts',(-49.5719053299467,-2.86689371089899,
1.56));
#10967=CARTESIAN_POINT('Ctrl Pts',(-55.7345386909532,13.9231955236322,1.56));
#10968=CARTESIAN_POINT('Ctrl Pts',(-53.7063351612064,8.31851418440978,1.56));
#10969=CARTESIAN_POINT('Ctrl Pts',(-51.7135944631942,2.70056235474667,1.56));
#10970=CARTESIAN_POINT('Ctrl Pts',(-49.800967609907,-2.94450320246069,1.56));
#10971=CARTESIAN_POINT('',(-48.864449471248,-2.61556108871752,2.68186934340515));
#10972=CARTESIAN_POINT('Ctrl Pts',(-54.1064222798771,12.336372863309,2.68186934340515));
#10973=CARTESIAN_POINT('Ctrl Pts',(-52.3176316259335,7.36915662100133,2.68186934340515));
#10974=CARTESIAN_POINT('Ctrl Pts',(-50.5600006207839,2.38852403641241,2.68186934340515));
#10975=CARTESIAN_POINT('Ctrl Pts',(-48.8644494698291,-2.61556108796494,
2.68186934340515));
#10976=CARTESIAN_POINT('Ctrl Pts',(-48.864449471248,-2.6155610887175,2.68186934340515));
#10977=CARTESIAN_POINT('Ctrl Pts',(-48.8498023169778,-2.62223492676013,
2.58633019584237));
#10978=CARTESIAN_POINT('Ctrl Pts',(-48.8524924117801,-2.6210092103719,2.48985249011994));
#10979=CARTESIAN_POINT('Ctrl Pts',(-48.892768990222,-2.60265756632735,2.29655541825122));
#10980=CARTESIAN_POINT('Ctrl Pts',(-48.9310942859063,-2.58519500591361,
2.20396359962272));
#10981=CARTESIAN_POINT('Ctrl Pts',(-49.0468200258982,-2.53246566123528,
2.01498592595145));
#10982=CARTESIAN_POINT('Ctrl Pts',(-49.1300738696655,-2.49453183057595,
1.92521870229572));
#10983=CARTESIAN_POINT('Ctrl Pts',(-49.3505937924149,-2.39405400242897,
1.74965258924597));
#10984=CARTESIAN_POINT('Ctrl Pts',(-49.4972570636266,-2.3272282627149,1.67631717929966));
#10985=CARTESIAN_POINT('Ctrl Pts',(-49.7964548585893,-2.1909016022962,1.58260941958382));
#10986=CARTESIAN_POINT('Ctrl Pts',(-49.9511146646391,-2.12043231670659,
1.56));
#10987=CARTESIAN_POINT('Ctrl Pts',(-50.1046228373374,-2.05048776202316,
1.56));
#10988=CARTESIAN_POINT('Origin',(-50.4023297325026,-1.91484041607079,4.56));
#10989=CARTESIAN_POINT('Ctrl Pts',(-49.1524337027159,-2.48434378300792,
4.56));
#10990=CARTESIAN_POINT('Ctrl Pts',(-49.0564237324897,-2.52808982267866,
3.93395930114653));
#10991=CARTESIAN_POINT('Ctrl Pts',(-48.9604289518832,-2.57182894134207,
3.30791571352251));
#10992=CARTESIAN_POINT('Ctrl Pts',(-48.864449471248,-2.61556108871752,2.68186934340515));
#10993=CARTESIAN_POINT('',(-47.2784370717652,-3.33821271732027,4.56));
#10994=CARTESIAN_POINT('Ctrl Pts',(-28.0015259544701,43.1644634746611,2.68186934340515));
#10995=CARTESIAN_POINT('Ctrl Pts',(-31.1713693893759,47.0620427948238,2.68186934340515));
#10996=CARTESIAN_POINT('Ctrl Pts',(-34.440020115687,50.8812640555195,2.68186934340515));
#10997=CARTESIAN_POINT('Ctrl Pts',(-37.8078731014386,54.6367085497559,2.68186934340515));
#10998=CARTESIAN_POINT('Ctrl Pts',(-37.8207819934449,54.6511030698305,2.68186934340515));
#10999=CARTESIAN_POINT('Ctrl Pts',(-37.8336908864786,54.6654975910508,2.68186934340515));
#11000=CARTESIAN_POINT('Ctrl Pts',(-28.0320149337602,43.1396672401522,2.36180263151151));
#11001=CARTESIAN_POINT('Ctrl Pts',(-31.2014366620379,47.0367284124338,2.36180263151151));
#11002=CARTESIAN_POINT('Ctrl Pts',(-34.469689615024,50.8554858427532,2.36180263151151));
#11003=CARTESIAN_POINT('Ctrl Pts',(-37.8371306266143,54.6104706320687,2.36180263151151));
#11004=CARTESIAN_POINT('Ctrl Pts',(-37.8500395186206,54.6248651521433,2.36180263151151));
#11005=CARTESIAN_POINT('Ctrl Pts',(-37.8629484116544,54.6392596733635,2.36180263151152));
#11006=CARTESIAN_POINT('Ctrl Pts',(-27.8576628824923,43.2814651766855,1.77405795973563));
#11007=CARTESIAN_POINT('Ctrl Pts',(-31.0294770822441,47.1814714337264,1.77405795973563));
#11008=CARTESIAN_POINT('Ctrl Pts',(-34.3000073309397,51.0028855708424,1.77405795973563));
#11009=CARTESIAN_POINT('Ctrl Pts',(-37.6698206789485,54.7605128727826,1.77405795973564));
#11010=CARTESIAN_POINT('Ctrl Pts',(-37.6827295709548,54.7749073928573,1.77405795973563));
#11011=CARTESIAN_POINT('Ctrl Pts',(-37.6956384639885,54.7893019140775,1.77405795973563));
#11012=CARTESIAN_POINT('Ctrl Pts',(-27.4191261723337,43.638120576736,1.56));
#11013=CARTESIAN_POINT('Ctrl Pts',(-30.5969921727211,47.5455665963777,1.56));
#11014=CARTESIAN_POINT('Ctrl Pts',(-33.8732456682944,51.3736553110736,1.56));
#11015=CARTESIAN_POINT('Ctrl Pts',(-37.2489965275111,55.1379046507918,1.56000000000001));
#11016=CARTESIAN_POINT('Ctrl Pts',(-37.2619054195174,55.1522991708665,1.56));
#11017=CARTESIAN_POINT('Ctrl Pts',(-37.2748143125511,55.1666936920868,1.56));
#11018=CARTESIAN_POINT('Ctrl Pts',(-27.231492975759,43.7907198717025,1.56));
#11019=CARTESIAN_POINT('Ctrl Pts',(-30.4119542143108,47.7013546416898,1.56));
#11020=CARTESIAN_POINT('Ctrl Pts',(-33.6906556593471,51.532297829647,1.56));
#11021=CARTESIAN_POINT('Ctrl Pts',(-37.0689418618448,55.2993762540318,1.56000000000001));
#11022=CARTESIAN_POINT('Ctrl Pts',(-37.0818507538511,55.3137707741064,1.56));
#11023=CARTESIAN_POINT('Ctrl Pts',(-37.0947596468848,55.3281652953267,1.56));
#11024=CARTESIAN_POINT('Ctrl Pts',(-28.0026796524347,43.1658820309554,2.68186934340515));
#11025=CARTESIAN_POINT('Ctrl Pts',(-31.1703018451126,47.0606816970078,2.68186934340515));
#11026=CARTESIAN_POINT('Ctrl Pts',(-34.4365898971818,50.8772342942967,2.68186934340515));
#11027=CARTESIAN_POINT('Ctrl Pts',(-37.7890962365034,54.6157705570812,2.68186934340515));
#11028=CARTESIAN_POINT('Ctrl Pts',(-37.6277759148578,54.7812864611323,4.56000000000027));
#11029=CARTESIAN_POINT('Ctrl Pts',(-37.6850030000526,54.7299656627462,3.93395644780186));
#11030=CARTESIAN_POINT('Ctrl Pts',(-37.7422300852473,54.67864486436,3.30791289560345));
#11031=CARTESIAN_POINT('Ctrl Pts',(-37.7994571704421,54.6273240659739,2.68186934340504));
#11032=CARTESIAN_POINT('Ctrl Pts',(-37.6262782604309,54.7796164481906,4.56000000000027));
#11033=CARTESIAN_POINT('Ctrl Pts',(-37.6835053456257,54.7282956498045,3.93395644780186));
#11034=CARTESIAN_POINT('Ctrl Pts',(-37.7407324308204,54.6769748514184,3.30791289560345));
#11035=CARTESIAN_POINT('Ctrl Pts',(-37.7979595160152,54.6256540530322,2.68186934340504));
#11036=CARTESIAN_POINT('Ctrl Pts',(-37.624780606004,54.7779464352489,4.56000000000027));
#11037=CARTESIAN_POINT('Ctrl Pts',(-37.6820076911987,54.7266256368628,3.93395644780186));
#11038=CARTESIAN_POINT('Ctrl Pts',(-37.7392347763935,54.6753048384767,3.30791289560345));
#11039=CARTESIAN_POINT('Ctrl Pts',(-37.7964618615882,54.6239840400905,2.68186934340505));
#11040=CARTESIAN_POINT('Ctrl Pts',(-37.623282951577,54.7762764223072,4.56000000000027));
#11041=CARTESIAN_POINT('Ctrl Pts',(-37.6805100367718,54.7249556239211,3.93395644780186));
#11042=CARTESIAN_POINT('Ctrl Pts',(-37.7377371219666,54.673634825535,3.30791289560345));
#11043=CARTESIAN_POINT('Ctrl Pts',(-37.7949642071613,54.6223140271489,2.68186934340505));
#11044=CARTESIAN_POINT('Ctrl Pts',(-34.2933876760125,51.0631580255399,4.56000000000027));
#11045=CARTESIAN_POINT('Ctrl Pts',(-34.3514141550485,51.0127292796533,3.93395644780186));
#11046=CARTESIAN_POINT('Ctrl Pts',(-34.4094466420634,50.9623052534528,3.30791289560345));
#11047=CARTESIAN_POINT('Ctrl Pts',(-34.4674731210994,50.9118765075662,2.68186934340505));
#11048=CARTESIAN_POINT('Ctrl Pts',(-31.0240981473441,47.2463950293971,4.56000000000027));
#11049=CARTESIAN_POINT('Ctrl Pts',(-31.0829016760756,47.1968715937714,3.93395644780186));
#11050=CARTESIAN_POINT('Ctrl Pts',(-31.1417124149181,47.1473547057705,3.30791289560345));
#11051=CARTESIAN_POINT('Ctrl Pts',(-31.2005159436496,47.0978312701448,2.68186934340505));
#11052=CARTESIAN_POINT('Ctrl Pts',(-27.823773199932,43.3113858242422,4.56000000000027));
#11053=CARTESIAN_POINT('Ctrl Pts',(-27.8834086834042,43.2628845589193,3.93395644780186));
#11054=CARTESIAN_POINT('Ctrl Pts',(-27.9430441668764,43.2143832935965,3.30791289560345));
#11055=CARTESIAN_POINT('Ctrl Pts',(-28.0026796503486,43.1658820282737,2.68186934340505));
#11056=CARTESIAN_POINT('Origin',(0.185746500000006,-2.58699249999999,1.56));
#11057=CARTESIAN_POINT('Ctrl Pts',(37.299716023338,55.4990310457314,1.55999999999999));
#11058=CARTESIAN_POINT('Ctrl Pts',(37.2847394551112,55.4823308841484,1.55999999999999));
#11059=CARTESIAN_POINT('Ctrl Pts',(37.2697628868843,55.4656307225654,1.55999999999999));
#11060=CARTESIAN_POINT('Ctrl Pts',(37.2547863186574,55.4489305609825,1.55999999999999));
#11061=CARTESIAN_POINT('Ctrl Pts',(34.9043121825713,52.8279497545254,1.55999999999999));
#11062=CARTESIAN_POINT('Ctrl Pts',(32.5682894678556,50.1368263528379,1.55999999999999));
#11063=CARTESIAN_POINT('Ctrl Pts',(30.2728451164212,47.3980173955095,1.55999999999999));
#11064=CARTESIAN_POINT('Ctrl Pts',(29.3462966068153,46.2925062312237,1.55999999999999));
#11065=CARTESIAN_POINT('Ctrl Pts',(28.4251083110733,45.1775577855914,1.55999999999999));
#11066=CARTESIAN_POINT('Ctrl Pts',(27.5095776052426,44.052729650993,1.55999999999999));
#11067=CARTESIAN_POINT('Origin',(40.6918178545848,-25.5173034480291,4.56));
#11068=CARTESIAN_POINT('Origin',(22.097427817492,35.5455098649968,4.56));
#11069=CARTESIAN_POINT('',(21.309327559199,36.1612412690475,4.56));
#11070=CARTESIAN_POINT('',(21.309327559199,36.1612412690474,1.56));
#11071=CARTESIAN_POINT('Ctrl Pts',(21.309327559199,36.1612412690475,4.56));
#11072=CARTESIAN_POINT('Ctrl Pts',(21.309327559199,36.1612412690475,4.22666666666667));
#11073=CARTESIAN_POINT('Ctrl Pts',(21.309327559199,36.1612412690475,3.89333333333333));
#11074=CARTESIAN_POINT('Ctrl Pts',(21.309327559199,36.1612412690475,2.89333333333333));
#11075=CARTESIAN_POINT('Ctrl Pts',(21.309327559199,36.1612412690475,2.22666666666666));
#11076=CARTESIAN_POINT('Ctrl Pts',(21.309327559199,36.1612412690475,1.56));
#11077=CARTESIAN_POINT('Ctrl Pts',(21.309327559199,36.1612412690475,4.56));
#11078=CARTESIAN_POINT('Ctrl Pts',(21.309327559199,36.1612412690475,5.09333333333333));
#11079=CARTESIAN_POINT('Ctrl Pts',(21.309327559199,36.1612412690475,5.62666666666667));
#11080=CARTESIAN_POINT('Ctrl Pts',(21.309327559199,36.1612412690475,6.16));
#11081=CARTESIAN_POINT('',(22.097427817492,35.5455098649968,1.56));
#11082=CARTESIAN_POINT('Ctrl Pts',(22.0974282591517,35.5455095199344,1.56));
#11083=CARTESIAN_POINT('Ctrl Pts',(22.0974282591517,35.5455095199344,2.06));
#11084=CARTESIAN_POINT('Ctrl Pts',(22.0974282591517,35.5455095199344,2.56));
#11085=CARTESIAN_POINT('Ctrl Pts',(22.0974282591517,35.5455095199344,3.56));
#11086=CARTESIAN_POINT('Ctrl Pts',(22.0974282591517,35.5455095199344,4.06));
#11087=CARTESIAN_POINT('Ctrl Pts',(22.0974282591517,35.5455095199344,4.56));
#11088=CARTESIAN_POINT('',(24.5442296373361,33.6338587722418,1.56));
#11089=CARTESIAN_POINT('Ctrl Pts',(0.676329637352273,5.18251668707234,7.06));
#11090=CARTESIAN_POINT('Ctrl Pts',(0.676329637352273,5.18251668707234,1.55999999999999));
#11091=CARTESIAN_POINT('Ctrl Pts',(6.21629713933251,14.4959464329083,7.06));
#11092=CARTESIAN_POINT('Ctrl Pts',(6.21629713933251,14.4959464329083,1.55999999999999));
#11093=CARTESIAN_POINT('Ctrl Pts',(11.9856980618708,23.4252611476745,7.06));
#11094=CARTESIAN_POINT('Ctrl Pts',(11.9856980618708,23.4252611476745,1.55999999999999));
#11095=CARTESIAN_POINT('Ctrl Pts',(18.0823511232365,31.812097732579,7.06));
#11096=CARTESIAN_POINT('Ctrl Pts',(18.0823511232365,31.812097732579,1.55999999999999));
#11097=CARTESIAN_POINT('Ctrl Pts',(22.0184355140598,37.2267566016264,7.06));
#11098=CARTESIAN_POINT('Ctrl Pts',(22.0184355140598,37.2267566016264,1.55999999999999));
#11099=CARTESIAN_POINT('Ctrl Pts',(26.0910466830407,42.4085054520259,7.06));
#11100=CARTESIAN_POINT('Ctrl Pts',(26.0910466830407,42.4085054520259,1.55999999999999));
#11101=CARTESIAN_POINT('Ctrl Pts',(30.2728451164212,47.3980173955095,7.06));
#11102=CARTESIAN_POINT('Ctrl Pts',(30.2728451164212,47.3980173955095,1.55999999999999));
#11103=CARTESIAN_POINT('Ctrl Pts',(32.5682894678556,50.1368263528379,7.06));
#11104=CARTESIAN_POINT('Ctrl Pts',(32.5682894678556,50.1368263528379,1.55999999999999));
#11105=CARTESIAN_POINT('Ctrl Pts',(34.9043121825713,52.8279497545254,7.06));
#11106=CARTESIAN_POINT('Ctrl Pts',(34.9043121825713,52.8279497545254,1.55999999999999));
#11107=CARTESIAN_POINT('Ctrl Pts',(37.2547863186574,55.4489305609825,7.06));
#11108=CARTESIAN_POINT('Ctrl Pts',(37.2547863186574,55.4489305609825,1.55999999999999));
#11109=CARTESIAN_POINT('Ctrl Pts',(37.3874368151012,55.5968472726826,7.06));
#11110=CARTESIAN_POINT('Ctrl Pts',(37.3874368151012,55.5968472726826,1.55999999999999));
#11111=CARTESIAN_POINT('Ctrl Pts',(37.5200873115451,55.744763984383,7.06));
#11112=CARTESIAN_POINT('Ctrl Pts',(37.5200873115451,55.744763984383,1.55999999999999));
#11113=CARTESIAN_POINT('Ctrl Pts',(37.6527378079889,55.8926806960831,7.06));
#11114=CARTESIAN_POINT('Ctrl Pts',(37.6527378079889,55.8926806960831,1.55999999999999));
#11115=CARTESIAN_POINT('Ctrl Pts',(0.676329637352273,5.18251668707234,7.06));
#11116=CARTESIAN_POINT('Ctrl Pts',(0.676329637352273,5.18251668707234,1.55999999999999));
#11117=CARTESIAN_POINT('Ctrl Pts',(6.21629713933251,14.4959464329083,7.06));
#11118=CARTESIAN_POINT('Ctrl Pts',(6.21629713933251,14.4959464329083,1.55999999999999));
#11119=CARTESIAN_POINT('Ctrl Pts',(11.9856980618708,23.4252611476745,7.06));
#11120=CARTESIAN_POINT('Ctrl Pts',(11.9856980618708,23.4252611476745,1.55999999999999));
#11121=CARTESIAN_POINT('Ctrl Pts',(18.0823511232365,31.812097732579,7.06));
#11122=CARTESIAN_POINT('Ctrl Pts',(18.0823511232365,31.812097732579,1.55999999999999));
#11123=CARTESIAN_POINT('Ctrl Pts',(22.0184355140598,37.2267566016264,7.06));
#11124=CARTESIAN_POINT('Ctrl Pts',(22.0184355140598,37.2267566016264,1.55999999999999));
#11125=CARTESIAN_POINT('Ctrl Pts',(26.0910466830407,42.4085054520259,7.06));
#11126=CARTESIAN_POINT('Ctrl Pts',(26.0910466830407,42.4085054520259,1.55999999999999));
#11127=CARTESIAN_POINT('Ctrl Pts',(30.2728451164212,47.3980173955095,7.06));
#11128=CARTESIAN_POINT('Ctrl Pts',(30.2728451164212,47.3980173955095,1.55999999999999));
#11129=CARTESIAN_POINT('Ctrl Pts',(32.5682894678556,50.1368263528379,7.06));
#11130=CARTESIAN_POINT('Ctrl Pts',(32.5682894678556,50.1368263528379,1.55999999999999));
#11131=CARTESIAN_POINT('Ctrl Pts',(34.9043121825713,52.8279497545254,7.06));
#11132=CARTESIAN_POINT('Ctrl Pts',(34.9043121825713,52.8279497545254,1.55999999999999));
#11133=CARTESIAN_POINT('Ctrl Pts',(37.2547863186574,55.4489305609825,7.06));
#11134=CARTESIAN_POINT('Ctrl Pts',(37.2547863186574,55.4489305609825,1.55999999999999));
#11135=CARTESIAN_POINT('Ctrl Pts',(37.3874368151012,55.5968472726826,7.06));
#11136=CARTESIAN_POINT('Ctrl Pts',(37.3874368151012,55.5968472726826,1.55999999999999));
#11137=CARTESIAN_POINT('Ctrl Pts',(37.5200873115451,55.744763984383,7.06));
#11138=CARTESIAN_POINT('Ctrl Pts',(37.5200873115451,55.744763984383,1.55999999999999));
#11139=CARTESIAN_POINT('Ctrl Pts',(37.6527378079889,55.8926806960831,7.06));
#11140=CARTESIAN_POINT('Ctrl Pts',(37.6527378079889,55.8926806960831,1.55999999999999));
#11141=CARTESIAN_POINT('',(9.80028688533894,19.8043555128215,1.56));
#11142=CARTESIAN_POINT('Ctrl Pts',(21.3095561654269,36.1605839568063,1.55999999999999));
#11143=CARTESIAN_POINT('Ctrl Pts',(20.2241710122228,34.7276303583056,1.55999999999999));
#11144=CARTESIAN_POINT('Ctrl Pts',(19.1482550182046,33.2784041948837,1.55999999999999));
#11145=CARTESIAN_POINT('Ctrl Pts',(18.0823511232365,31.812097732579,1.55999999999999));
#11146=CARTESIAN_POINT('Ctrl Pts',(15.2543283613836,27.9217394452833,1.55999999999999));
#11147=CARTESIAN_POINT('Ctrl Pts',(12.4967206235494,23.9146558382365,1.55999999999999));
#11148=CARTESIAN_POINT('Ctrl Pts',(9.79976461893223,19.806653139665,1.55999999999999));
#11149=CARTESIAN_POINT('Ctrl Pts',(9.79976461995051,19.8066531412161,6.16));
#11150=CARTESIAN_POINT('Ctrl Pts',(9.79976461995051,19.8066531412161,4.62666666666667));
#11151=CARTESIAN_POINT('Ctrl Pts',(9.79976461995051,19.8066531412161,3.09333333333333));
#11152=CARTESIAN_POINT('Ctrl Pts',(9.79976461995051,19.8066531412161,1.56));
#11153=CARTESIAN_POINT('Origin',(-47.2784370717652,-3.33821271732027,4.56));
#11154=CARTESIAN_POINT('Ctrl Pts',(-27.8173952223592,43.3035434098795,4.56));
#11155=CARTESIAN_POINT('Ctrl Pts',(-27.8173952223592,43.3035434098795,7.06));
#11156=CARTESIAN_POINT('Ctrl Pts',(-25.7563784685051,40.7692117937296,4.56));
#11157=CARTESIAN_POINT('Ctrl Pts',(-25.7563784685051,40.7692117937296,7.06));
#11158=CARTESIAN_POINT('Ctrl Pts',(-23.7244209095186,38.1848429617772,4.56));
#11159=CARTESIAN_POINT('Ctrl Pts',(-23.7244209095186,38.1848429617772,7.06));
#11160=CARTESIAN_POINT('Ctrl Pts',(-21.725933817492,35.5455098649968,4.56));
#11161=CARTESIAN_POINT('Ctrl Pts',(-21.725933817492,35.5455098649968,7.06));
#11162=CARTESIAN_POINT('',(-21.725933817492,35.5455098649968,4.56));
#11163=CARTESIAN_POINT('Origin',(-19.658089443604,37.1610869521686,4.56));
#11164=CARTESIAN_POINT('',(-21.725933817492,35.5455098649968,1.56));
#11165=CARTESIAN_POINT('',(-20.9378331182819,36.1612416135246,1.56));
#11166=CARTESIAN_POINT('',(-23.1388137608726,34.4416470732537,1.56));
#11167=CARTESIAN_POINT('Ctrl Pts',(-21.7259338174919,35.5455098649968,4.56));
#11168=CARTESIAN_POINT('Ctrl Pts',(-21.7259338174919,35.5455098649968,4.06));
#11169=CARTESIAN_POINT('Ctrl Pts',(-21.7259338174919,35.5455098649968,3.56));
#11170=CARTESIAN_POINT('Ctrl Pts',(-21.7259338174919,35.5455098649968,2.56));
#11171=CARTESIAN_POINT('Ctrl Pts',(-21.7259338174919,35.5455098649968,2.06));
#11172=CARTESIAN_POINT('Ctrl Pts',(-21.7259338174919,35.5455098649968,1.56));
#11173=CARTESIAN_POINT('',(-20.9378331182843,36.1612416135278,4.56));
#11174=CARTESIAN_POINT('Ctrl Pts',(-20.9378331182843,36.1612416135278,6.16));
#11175=CARTESIAN_POINT('Ctrl Pts',(-20.9378331182843,36.1612416135278,5.62666666666667));
#11176=CARTESIAN_POINT('Ctrl Pts',(-20.9378331182843,36.1612416135278,5.09333333333333));
#11177=CARTESIAN_POINT('Ctrl Pts',(-20.9378331182843,36.1612416135278,4.56));
#11178=CARTESIAN_POINT('Ctrl Pts',(-20.9378331182843,36.1612416135278,1.56));
#11179=CARTESIAN_POINT('Ctrl Pts',(-20.9378331182843,36.1612416135278,2.22666666666666));
#11180=CARTESIAN_POINT('Ctrl Pts',(-20.9378331182843,36.1612416135278,2.89333333333333));
#11181=CARTESIAN_POINT('Ctrl Pts',(-20.9378331182843,36.1612416135278,3.89333333333334));
#11182=CARTESIAN_POINT('Ctrl Pts',(-20.9378331182843,36.1612416135278,4.22666666666667));
#11183=CARTESIAN_POINT('Ctrl Pts',(-20.9378331182843,36.1612416135278,4.56));
#11184=CARTESIAN_POINT('Ctrl Pts',(-38.2473909941812,-48.4397904832907,
7.06));
#11185=CARTESIAN_POINT('Ctrl Pts',(-38.2473909941812,-48.4397904832907,
1.55999999999999));
#11186=CARTESIAN_POINT('Ctrl Pts',(-38.9453794683657,-42.7518920326956,
7.05999999999999));
#11187=CARTESIAN_POINT('Ctrl Pts',(-38.9453794683657,-42.7518920326956,
1.55999999999998));
#11188=CARTESIAN_POINT('Ctrl Pts',(-40.2763684138181,-36.0879051910911,
7.06));
#11189=CARTESIAN_POINT('Ctrl Pts',(-40.2763684138181,-36.0879051910911,
1.55999999999999));
#11190=CARTESIAN_POINT('Ctrl Pts',(-42.2521201142603,-28.4957756247964,
7.06));
#11191=CARTESIAN_POINT('Ctrl Pts',(-42.2521201142603,-28.4957756247964,
1.55999999999999));
#11192=CARTESIAN_POINT('Ctrl Pts',(-43.6827981987646,-22.9981752012293,
7.06));
#11193=CARTESIAN_POINT('Ctrl Pts',(-43.6827981987646,-22.9981752012293,
1.55999999999999));
#11194=CARTESIAN_POINT('Ctrl Pts',(-45.4608205087089,-16.9977063974917,
7.06));
#11195=CARTESIAN_POINT('Ctrl Pts',(-45.4608205087089,-16.9977063974917,
1.55999999999999));
#11196=CARTESIAN_POINT('Ctrl Pts',(-47.4476803809242,-10.8203095753412,
7.06));
#11197=CARTESIAN_POINT('Ctrl Pts',(-47.4476803809242,-10.8203095753412,
1.55999999999999));
#11198=CARTESIAN_POINT('Ctrl Pts',(-50.5699999767214,-1.11262589893291,
7.06));
#11199=CARTESIAN_POINT('Ctrl Pts',(-50.5699999767214,-1.11262589893291,
1.55999999999999));
#11200=CARTESIAN_POINT('Ctrl Pts',(-54.1908996268909,8.99441915565656,7.06));
#11201=CARTESIAN_POINT('Ctrl Pts',(-54.1908996268909,8.99441915565656,1.55999999999999));
#11202=CARTESIAN_POINT('Ctrl Pts',(-56.9616253984129,16.6060035242705,7.06));
#11203=CARTESIAN_POINT('Ctrl Pts',(-56.9616253984129,16.6060035242705,1.55999999999999));
#11204=CARTESIAN_POINT('Ctrl Pts',(-58.5507860891866,20.971657750118,7.06));
#11205=CARTESIAN_POINT('Ctrl Pts',(-58.5507860891866,20.971657750118,1.55999999999999));
#11206=CARTESIAN_POINT('Ctrl Pts',(-59.8472361400853,24.4889651313485,7.06000000000001));
#11207=CARTESIAN_POINT('Ctrl Pts',(-59.8472361400853,24.4889651313485,1.56));
#11208=CARTESIAN_POINT('Ctrl Pts',(-60.7200017575163,26.8850967335816,7.06));
#11209=CARTESIAN_POINT('Ctrl Pts',(-60.7200017575163,26.8850967335816,1.56));
#11210=CARTESIAN_POINT('Ctrl Pts',(-61.3689162337055,28.6666569285404,7.06));
#11211=CARTESIAN_POINT('Ctrl Pts',(-61.3689162337055,28.6666569285404,1.55999999999999));
#11212=CARTESIAN_POINT('Ctrl Pts',(-61.7888984408744,29.8379375927726,7.06000000000001));
#11213=CARTESIAN_POINT('Ctrl Pts',(-61.7888984408744,29.8379375927726,1.56));
#11214=CARTESIAN_POINT('Ctrl Pts',(-61.9909972204878,30.4368588263863,7.06));
#11215=CARTESIAN_POINT('Ctrl Pts',(-61.9909972204878,30.4368588263863,1.55999999999999));
#11216=CARTESIAN_POINT('Ctrl Pts',(-42.044219363193,-29.3005156227483,1.55999999999999));
#11217=CARTESIAN_POINT('Ctrl Pts',(-40.2915855303219,-36.1350364110404,
1.55999999999999));
#11218=CARTESIAN_POINT('Ctrl Pts',(-39.0703054153683,-42.2027694285525,
1.55999999999998));
#11219=CARTESIAN_POINT('Ctrl Pts',(-38.3715707774556,-47.4678103400459,
1.55999999999999));
#11220=CARTESIAN_POINT('Origin',(0.185746500000006,-2.58699249999999,1.56));
#11221=CARTESIAN_POINT('Ctrl Pts',(-38.0212936736576,55.2200924621426,4.56));
#11222=CARTESIAN_POINT('Ctrl Pts',(-38.0212936736576,55.2200924621426,1.56));
#11223=CARTESIAN_POINT('Ctrl Pts',(-37.8886234329641,55.0721537821975,4.56));
#11224=CARTESIAN_POINT('Ctrl Pts',(-37.8886234329641,55.0721537821975,1.56));
#11225=CARTESIAN_POINT('Ctrl Pts',(-37.7559531922706,54.9242151022524,4.56));
#11226=CARTESIAN_POINT('Ctrl Pts',(-37.7559531922706,54.9242151022524,1.56));
#11227=CARTESIAN_POINT('Ctrl Pts',(-37.6232829515771,54.7762764223072,4.56));
#11228=CARTESIAN_POINT('Ctrl Pts',(-37.6232829515771,54.7762764223072,1.56));
#11229=CARTESIAN_POINT('Ctrl Pts',(-29.28783732825,45.4815407240554,4.56));
#11230=CARTESIAN_POINT('Ctrl Pts',(-29.28783732825,45.4815407240554,1.56));
#11231=CARTESIAN_POINT('Ctrl Pts',(-21.3373802089167,35.5266567604814,4.56));
#11232=CARTESIAN_POINT('Ctrl Pts',(-21.3373802089167,35.5266567604814,1.56));
#11233=CARTESIAN_POINT('Ctrl Pts',(-13.9056280154543,24.6856038249828,4.56));
#11234=CARTESIAN_POINT('Ctrl Pts',(-13.9056280154543,24.6856038249828,1.56));
#11235=CARTESIAN_POINT('Ctrl Pts',(-9.50500565858496,18.2662051854631,4.56));
#11236=CARTESIAN_POINT('Ctrl Pts',(-9.50500565858496,18.2662051854631,1.56));
#11237=CARTESIAN_POINT('Ctrl Pts',(-5.26714810180504,11.5693880005332,4.56));
#11238=CARTESIAN_POINT('Ctrl Pts',(-5.26714810180504,11.5693880005332,1.56));
#11239=CARTESIAN_POINT('Ctrl Pts',(-1.15560950082414,4.6567104608678,4.56));
#11240=CARTESIAN_POINT('Ctrl Pts',(-1.15560950082414,4.6567104608678,1.56));
#11241=CARTESIAN_POINT('',(-1.16428019916833,4.67128773411219,1.56));
#11242=CARTESIAN_POINT('Ctrl Pts',(-1.16428018743213,4.67128774109329,1.56));
#11243=CARTESIAN_POINT('Ctrl Pts',(-5.27310610451266,11.5788027896957,1.56));
#11244=CARTESIAN_POINT('Ctrl Pts',(-9.50809903367377,18.2707176398903,1.56));
#11245=CARTESIAN_POINT('Ctrl Pts',(-13.9056280154543,24.6856038249828,1.56));
#11246=CARTESIAN_POINT('Ctrl Pts',(-16.4547034601399,28.4040622871373,1.56));
#11247=CARTESIAN_POINT('Ctrl Pts',(-19.0648032757516,32.0182651285163,1.56));
#11248=CARTESIAN_POINT('Ctrl Pts',(-21.730531621149,35.5373329328908,1.56));
#11249=CARTESIAN_POINT('Ctrl Pts',(-1.16428019916834,4.6712877341122,1.56));
#11250=CARTESIAN_POINT('Ctrl Pts',(-1.16428019916834,4.6712877341122,2.06));
#11251=CARTESIAN_POINT('Ctrl Pts',(-1.16428019916834,4.6712877341122,2.56));
#11252=CARTESIAN_POINT('Ctrl Pts',(-1.16428019916834,4.6712877341122,3.56));
#11253=CARTESIAN_POINT('Ctrl Pts',(-1.16428019916834,4.6712877341122,4.06));
#11254=CARTESIAN_POINT('Ctrl Pts',(-1.16428019916834,4.6712877341122,4.56));
#11255=CARTESIAN_POINT('Ctrl Pts',(-37.2812470291405,55.8926807961977,7.06));
#11256=CARTESIAN_POINT('Ctrl Pts',(-37.2812470291405,55.8926807961977,1.56));
#11257=CARTESIAN_POINT('Ctrl Pts',(-37.1485964963031,55.7447640921999,7.06));
#11258=CARTESIAN_POINT('Ctrl Pts',(-37.1485964963031,55.7447640921999,1.56));
#11259=CARTESIAN_POINT('Ctrl Pts',(-37.0159459634658,55.5968473882022,7.06));
#11260=CARTESIAN_POINT('Ctrl Pts',(-37.0159459634658,55.5968473882022,1.56));
#11261=CARTESIAN_POINT('Ctrl Pts',(-36.8832954306286,55.4489306842045,7.06));
#11262=CARTESIAN_POINT('Ctrl Pts',(-36.8832954306286,55.4489306842045,1.56));
#11263=CARTESIAN_POINT('Ctrl Pts',(-33.9540312938791,52.182550316338,7.06));
#11264=CARTESIAN_POINT('Ctrl Pts',(-33.9540312938791,52.182550316338,1.55999999999999));
#11265=CARTESIAN_POINT('Ctrl Pts',(-31.0518980597685,48.8131552933253,7.06));
#11266=CARTESIAN_POINT('Ctrl Pts',(-31.0518980597685,48.8131552933253,1.56));
#11267=CARTESIAN_POINT('Ctrl Pts',(-28.2116670649569,45.3642621587961,7.06));
#11268=CARTESIAN_POINT('Ctrl Pts',(-28.2116670649569,45.3642621587961,1.56));
#11269=CARTESIAN_POINT('Ctrl Pts',(-22.3252958894922,38.2164403191514,7.06));
#11270=CARTESIAN_POINT('Ctrl Pts',(-22.3252958894922,38.2164403191514,1.56));
#11271=CARTESIAN_POINT('Ctrl Pts',(-16.6796502189197,30.6438007466377,7.06000000000001));
#11272=CARTESIAN_POINT('Ctrl Pts',(-16.6796502189197,30.6438007466377,1.56));
#11273=CARTESIAN_POINT('Ctrl Pts',(-11.3026618473475,22.6287500950753,7.06));
#11274=CARTESIAN_POINT('Ctrl Pts',(-11.3026618473475,22.6287500950753,1.56));
#11275=CARTESIAN_POINT('Ctrl Pts',(-7.52524310558842,16.9980511879644,7.06));
#11276=CARTESIAN_POINT('Ctrl Pts',(-7.52524310558842,16.9980511879644,1.55999999999999));
#11277=CARTESIAN_POINT('Ctrl Pts',(-3.86718652874212,11.1713083247789,7.06));
#11278=CARTESIAN_POINT('Ctrl Pts',(-3.86718652874212,11.1713083247789,1.56));
#11279=CARTESIAN_POINT('Ctrl Pts',(-0.304835589971579,5.18251661017715,
7.06));
#11280=CARTESIAN_POINT('Ctrl Pts',(-0.304835589971579,5.18251661017715,
1.56));
#11281=CARTESIAN_POINT('',(-9.4287919228156,19.8043557454782,1.56));
#11282=CARTESIAN_POINT('Ctrl Pts',(-9.42865479508819,19.8046324051172,1.55999999999999));
#11283=CARTESIAN_POINT('Ctrl Pts',(-9.42865479508819,19.8046324051172,3.09333333333333));
#11284=CARTESIAN_POINT('Ctrl Pts',(-9.42865479508819,19.8046324051172,4.62666666666666));
#11285=CARTESIAN_POINT('Ctrl Pts',(-9.42865479508819,19.8046324051172,6.16));
#11286=CARTESIAN_POINT('Ctrl Pts',(-9.42865479508153,19.804632405107,1.55999999999999));
#11287=CARTESIAN_POINT('Ctrl Pts',(-10.0500978791726,20.75131821726,1.55999999999999));
#11288=CARTESIAN_POINT('Ctrl Pts',(-10.6747306739238,21.6927428335951,1.55999999999999));
#11289=CARTESIAN_POINT('Ctrl Pts',(-11.3026618473475,22.6287500950753,1.56));
#11290=CARTESIAN_POINT('Ctrl Pts',(-14.4267223601136,27.2855396430588,1.56));
#11291=CARTESIAN_POINT('Ctrl Pts',(-17.6414728567614,31.7929855708342,1.56));
#11292=CARTESIAN_POINT('Ctrl Pts',(-20.9414351124497,36.1545384374923,1.56));
#11293=CARTESIAN_POINT('Origin',(0.185746500000006,-2.58699249999999,1.56));
#11294=CARTESIAN_POINT('',(1.53577420244446,4.67128773686167,1.56));
#11295=CARTESIAN_POINT('Ctrl Pts',(22.0978585561962,35.5447950490278,1.56));
#11296=CARTESIAN_POINT('Ctrl Pts',(14.8382810484542,25.9462814109178,1.56));
#11297=CARTESIAN_POINT('Ctrl Pts',(8.0263325484518,15.5828095948645,1.56));
#11298=CARTESIAN_POINT('Ctrl Pts',(1.53577419622496,4.67128774056124,1.56));
#11299=CARTESIAN_POINT('',(0.185747,3.53828312279884,1.56));
#11300=CARTESIAN_POINT('',(-1.35449612333364,2.24564060244388,1.56));
#11301=CARTESIAN_POINT('',(1.01233832996382,2.84456984865326,1.56));
#11302=CARTESIAN_POINT('Ctrl Pts',(9.80028688533893,19.8043555128215,1.56));
#11303=CARTESIAN_POINT('Ctrl Pts',(8.61043701874078,17.9912582504676,1.56));
#11304=CARTESIAN_POINT('Ctrl Pts',(6.89540945041432,16.5254339310276,1.56));
#11305=CARTESIAN_POINT('Ctrl Pts',(4.92018180667051,15.6330439911704,1.56));
#11306=CARTESIAN_POINT('Ctrl Pts',(2.94495416292671,14.7406540513131,1.56));
#11307=CARTESIAN_POINT('Ctrl Pts',(0.709526443765579,14.4216984910386,1.56));
#11308=CARTESIAN_POINT('Ctrl Pts',(-1.43620316092608,14.7270687218119,1.56));
#11309=CARTESIAN_POINT('Ctrl Pts',(-3.58193276561775,15.0324389525852,1.56));
#11310=CARTESIAN_POINT('Ctrl Pts',(-5.63796425583994,15.9621349744063,1.56));
#11311=CARTESIAN_POINT('Ctrl Pts',(-7.28681342391513,17.3701776992748,1.56));
#11312=CARTESIAN_POINT('Ctrl Pts',(-8.11123800795273,18.074199061709,1.56));
#11313=CARTESIAN_POINT('Ctrl Pts',(-8.83386701145358,18.8978070999051,1.56));
#11314=CARTESIAN_POINT('Ctrl Pts',(-9.42879192281561,19.8043557454782,1.56));
#11315=CARTESIAN_POINT('Ctrl Pts',(9.80028688533893,19.8043555128215,1.56));
#11316=CARTESIAN_POINT('Ctrl Pts',(9.80028688533893,19.8043555128215,3.09333333333333));
#11317=CARTESIAN_POINT('Ctrl Pts',(9.80028688533894,19.8043555128215,4.62666666666667));
#11318=CARTESIAN_POINT('Ctrl Pts',(9.80028688533894,19.8043555128215,6.16));
#11319=CARTESIAN_POINT('Ctrl Pts',(8.61043701874078,17.9912582504676,1.56));
#11320=CARTESIAN_POINT('Ctrl Pts',(8.61043701874078,17.9912582504676,3.09333333333332));
#11321=CARTESIAN_POINT('Ctrl Pts',(8.61043701874079,17.9912582504676,4.62666666666667));
#11322=CARTESIAN_POINT('Ctrl Pts',(8.61043701874079,17.9912582504676,6.16));
#11323=CARTESIAN_POINT('Ctrl Pts',(5.18038188208785,15.0596096115877,1.56));
#11324=CARTESIAN_POINT('Ctrl Pts',(5.18038188208785,15.0596096115877,3.09333333333333));
#11325=CARTESIAN_POINT('Ctrl Pts',(5.18038188208786,15.0596096115877,4.62666666666667));
#11326=CARTESIAN_POINT('Ctrl Pts',(5.18038188208786,15.0596096115877,6.16));
#11327=CARTESIAN_POINT('Ctrl Pts',(-1.52590127539556,14.1027429307641,1.56));
#11328=CARTESIAN_POINT('Ctrl Pts',(-1.52590127539556,14.1027429307641,3.09333333333332));
#11329=CARTESIAN_POINT('Ctrl Pts',(-1.52590127539555,14.1027429307641,4.62666666666666));
#11330=CARTESIAN_POINT('Ctrl Pts',(-1.52590127539555,14.1027429307641,6.16));
#11331=CARTESIAN_POINT('Ctrl Pts',(-6.66598000095103,16.4269829853169,1.56));
#11332=CARTESIAN_POINT('Ctrl Pts',(-6.66598000095103,16.4269829853169,3.09333333333333));
#11333=CARTESIAN_POINT('Ctrl Pts',(-6.66598000095103,16.4269829853169,4.62666666666667));
#11334=CARTESIAN_POINT('Ctrl Pts',(-6.66598000095103,16.4269829853169,6.16));
#11335=CARTESIAN_POINT('Ctrl Pts',(-8.83386701145358,18.8978070999051,1.56));
#11336=CARTESIAN_POINT('Ctrl Pts',(-8.83386701145358,18.8978070999051,3.09333333333332));
#11337=CARTESIAN_POINT('Ctrl Pts',(-8.83386701145358,18.8978070999051,4.62666666666666));
#11338=CARTESIAN_POINT('Ctrl Pts',(-8.83386701145358,18.8978070999051,6.16));
#11339=CARTESIAN_POINT('Ctrl Pts',(-9.42879192281561,19.8043557454782,1.56));
#11340=CARTESIAN_POINT('Ctrl Pts',(-9.42879192281561,19.8043557454782,3.09333333333333));
#11341=CARTESIAN_POINT('Ctrl Pts',(-9.42879192281561,19.8043557454782,4.62666666666667));
#11342=CARTESIAN_POINT('Ctrl Pts',(-9.42879192281561,19.8043557454782,6.16));
#11343=CARTESIAN_POINT('Ctrl Pts',(-24.7950195717364,-44.9555593237825,
4.56));
#11344=CARTESIAN_POINT('Ctrl Pts',(-24.8707557465093,-44.9687044923871,
3.93395644780171));
#11345=CARTESIAN_POINT('Ctrl Pts',(-24.9464919212822,-44.9818496609918,
3.30791289560342));
#11346=CARTESIAN_POINT('Ctrl Pts',(-25.0222280960551,-44.9949948295964,
2.68186934340514));
#11347=CARTESIAN_POINT('Ctrl Pts',(-23.9592603450353,-49.7708042829969,
4.56));
#11348=CARTESIAN_POINT('Ctrl Pts',(-24.0349093455845,-49.784451284883,3.93395644780171));
#11349=CARTESIAN_POINT('Ctrl Pts',(-24.1105583915333,-49.7980992939108,
3.30791289560342));
#11350=CARTESIAN_POINT('Ctrl Pts',(-24.1862073920825,-49.8117462957968,
2.68186934340514));
#11351=CARTESIAN_POINT('Ctrl Pts',(-23.0461477631006,-54.7508988324573,
4.56));
#11352=CARTESIAN_POINT('Ctrl Pts',(-23.1217173407357,-54.7649758627111,
3.93395644780171));
#11353=CARTESIAN_POINT('Ctrl Pts',(-23.1972869196701,-54.7790539770249,
3.30791289560343));
#11354=CARTESIAN_POINT('Ctrl Pts',(-23.2728564973051,-54.7931310072786,
2.68186934340514));
#11355=CARTESIAN_POINT('Ctrl Pts',(-22.061475,-59.883497,4.56));
#11356=CARTESIAN_POINT('Ctrl Pts',(-22.1369667899124,-59.8979798616888,
3.93395644780171));
#11357=CARTESIAN_POINT('Ctrl Pts',(-22.2124585798248,-59.9124627233775,
3.30791289560342));
#11358=CARTESIAN_POINT('Ctrl Pts',(-22.2879503697372,-59.9269455850663,
2.68186934340514));
#11359=CARTESIAN_POINT('Ctrl Pts',(1.5271035050763,4.6567104680169,4.56));
#11360=CARTESIAN_POINT('Ctrl Pts',(1.5271035050763,4.6567104680169,1.56));
#11361=CARTESIAN_POINT('Ctrl Pts',(8.47065489580391,16.3308128698309,4.56));
#11362=CARTESIAN_POINT('Ctrl Pts',(8.47065489580391,16.3308128698309,1.56));
#11363=CARTESIAN_POINT('Ctrl Pts',(15.7819913456608,27.3777512202432,4.56));
#11364=CARTESIAN_POINT('Ctrl Pts',(15.7819913456608,27.3777512202432,1.56));
#11365=CARTESIAN_POINT('Ctrl Pts',(23.6156914312271,37.5319230614056,4.56));
#11366=CARTESIAN_POINT('Ctrl Pts',(23.6156914312271,37.5319230614056,1.56));
#11367=CARTESIAN_POINT('Ctrl Pts',(28.2543195280014,43.544589654128,4.56));
#11368=CARTESIAN_POINT('Ctrl Pts',(28.2543195280014,43.544589654128,1.56));
#11369=CARTESIAN_POINT('Ctrl Pts',(33.0590436907497,49.2725127003981,4.56));
#11370=CARTESIAN_POINT('Ctrl Pts',(33.0590436907497,49.2725127003981,1.56));
#11371=CARTESIAN_POINT('Ctrl Pts',(37.9947739407445,54.776276410228,4.56));
#11372=CARTESIAN_POINT('Ctrl Pts',(37.9947739407445,54.776276410228,1.56));
#11373=CARTESIAN_POINT('Ctrl Pts',(38.1274441450085,54.9242150978426,4.56));
#11374=CARTESIAN_POINT('Ctrl Pts',(38.1274441450085,54.9242150978426,1.56));
#11375=CARTESIAN_POINT('Ctrl Pts',(38.2601143492725,55.0721537854572,4.56));
#11376=CARTESIAN_POINT('Ctrl Pts',(38.2601143492725,55.0721537854572,1.56));
#11377=CARTESIAN_POINT('Ctrl Pts',(38.3927845535366,55.2200924730719,4.56));
#11378=CARTESIAN_POINT('Ctrl Pts',(38.3927845535366,55.2200924730719,1.56));
#11379=CARTESIAN_POINT('Ctrl Pts',(1.53577420244446,4.67128773686167,1.56));
#11380=CARTESIAN_POINT('Ctrl Pts',(1.53577420244446,4.67128773686167,2.06));
#11381=CARTESIAN_POINT('Ctrl Pts',(1.53577420244446,4.67128773686167,2.56));
#11382=CARTESIAN_POINT('Ctrl Pts',(1.53577420244446,4.67128773686167,3.56));
#11383=CARTESIAN_POINT('Ctrl Pts',(1.53577420244446,4.67128773686167,4.06));
#11384=CARTESIAN_POINT('Ctrl Pts',(1.53577420244446,4.67128773686167,4.56));
#11385=CARTESIAN_POINT('Origin',(0.12146167047878,3.48433193216193,4.56));
#11386=CARTESIAN_POINT('',(0.185747,3.53828312279884,4.56));
#11387=CARTESIAN_POINT('Origin',(-1.17727067047877,4.68218993216193,4.56));
#11388=CARTESIAN_POINT('Ctrl Pts',(-49.0828579374196,-2.68956524094199,
4.56000000000007));
#11389=CARTESIAN_POINT('Ctrl Pts',(-49.0100551153455,-2.66489719025039,
3.93395644780176));
#11390=CARTESIAN_POINT('Ctrl Pts',(-48.9372522932714,-2.64022913955879,
3.30791289560345));
#11391=CARTESIAN_POINT('Ctrl Pts',(-48.8644494711973,-2.61556108886719,
2.68186934340514));
#11392=CARTESIAN_POINT('Ctrl Pts',(-50.9167059635698,2.72267074105287,4.56000000000007));
#11393=CARTESIAN_POINT('Ctrl Pts',(-50.8441301282184,2.7480078652312,3.93395644780176));
#11394=CARTESIAN_POINT('Ctrl Pts',(-50.771554403254,2.7733478125907,3.30791289560346));
#11395=CARTESIAN_POINT('Ctrl Pts',(-50.6989785679025,2.79868493676904,2.68186934340515));
#11396=CARTESIAN_POINT('Ctrl Pts',(-52.7973245567067,8.02563600325106,4.56000000000007));
#11397=CARTESIAN_POINT('Ctrl Pts',(-52.7249089750671,8.05141977396877,3.93395644780176));
#11398=CARTESIAN_POINT('Ctrl Pts',(-52.6524938018267,8.07720683045814,3.30791289560345));
#11399=CARTESIAN_POINT('Ctrl Pts',(-52.580078220187,8.10299060117585,2.68186934340514));
#11400=CARTESIAN_POINT('Ctrl Pts',(-54.4842323927735,12.7045826331538,4.56000000000007));
#11401=CARTESIAN_POINT('Ctrl Pts',(-54.4119200628,12.7306535088712,3.93395644780176));
#11402=CARTESIAN_POINT('Ctrl Pts',(-54.3396077328265,12.7567243845886,3.30791289560345));
#11403=CARTESIAN_POINT('Ctrl Pts',(-54.2672954028529,12.782795260306,2.68186934340514));
#11404=CARTESIAN_POINT('Ctrl Pts',(41.829004457307,-27.5823642929021,4.56000000000001));
#11405=CARTESIAN_POINT('Ctrl Pts',(41.7546682687873,-27.562796597503,3.93395644780172));
#11406=CARTESIAN_POINT('Ctrl Pts',(41.6803320802676,-27.5432289021038,3.30791289560343));
#11407=CARTESIAN_POINT('Ctrl Pts',(41.6059958917479,-27.5236612067046,2.68186934340514));
#11408=CARTESIAN_POINT('Ctrl Pts',(39.7393069664771,-35.5209663335908,4.56000000000001));
#11409=CARTESIAN_POINT('Ctrl Pts',(39.6643251467921,-35.5038970725614,3.93395644780172));
#11410=CARTESIAN_POINT('Ctrl Pts',(39.5893286078287,-35.4867465371139,3.30791289560344));
#11411=CARTESIAN_POINT('Ctrl Pts',(39.5143467881436,-35.4696772760845,2.68186934340515));
#11412=CARTESIAN_POINT('Ctrl Pts',(38.3366462867171,-42.4812370620976,4.56000000000001));
#11413=CARTESIAN_POINT('Ctrl Pts',(38.2609173491454,-42.4673204306683,3.93395644780172));
#11414=CARTESIAN_POINT('Ctrl Pts',(38.1851643497486,-42.4532806346333,3.30791289560343));
#11415=CARTESIAN_POINT('Ctrl Pts',(38.1094354121769,-42.439364003204,2.68186934340514));
#11416=CARTESIAN_POINT('Ctrl Pts',(37.6145185123208,-48.4146254319363,4.56000000000001));
#11417=CARTESIAN_POINT('Ctrl Pts',(37.5382130818227,-48.4053386185229,3.93395644780172));
#11418=CARTESIAN_POINT('Ctrl Pts',(37.4619076513247,-48.3960518051095,3.30791289560343));
#11419=CARTESIAN_POINT('Ctrl Pts',(37.3856022208266,-48.3867649916961,2.68186934340514));
#11420=CARTESIAN_POINT('Ctrl Pts',(37.6094006140153,-48.4566768241703,4.56000000000001));
#11421=CARTESIAN_POINT('Ctrl Pts',(37.5330951835172,-48.4473900107569,3.93395644780172));
#11422=CARTESIAN_POINT('Ctrl Pts',(37.4567897530191,-48.4381031973435,3.30791289560343));
#11423=CARTESIAN_POINT('Ctrl Pts',(37.380484322521,-48.4288163839301,2.68186934340514));
#11424=CARTESIAN_POINT('Ctrl Pts',(37.6042827157097,-48.4987282164042,4.56000000000001));
#11425=CARTESIAN_POINT('Ctrl Pts',(37.5279772852116,-48.4894414029908,3.93395644780172));
#11426=CARTESIAN_POINT('Ctrl Pts',(37.4516718547136,-48.4801545895774,3.30791289560343));
#11427=CARTESIAN_POINT('Ctrl Pts',(37.3753664242155,-48.470867776164,2.68186934340514));
#11428=CARTESIAN_POINT('Ctrl Pts',(37.5991648174042,-48.5407796086381,4.56000000000001));
#11429=CARTESIAN_POINT('Ctrl Pts',(37.5228593869061,-48.5314927952247,3.93395644780172));
#11430=CARTESIAN_POINT('Ctrl Pts',(37.446553956408,-48.5222059818113,3.30791289560343));
#11431=CARTESIAN_POINT('Ctrl Pts',(37.3702485259099,-48.5129191683979,2.68186934340514));
#11432=CARTESIAN_POINT('Origin',(0.185746500000006,-2.58699249999999,1.56));
#11433=CARTESIAN_POINT('Ctrl Pts',(-24.6504700984896,-39.8361765105178,
7.06));
#11434=CARTESIAN_POINT('Ctrl Pts',(-24.6504700984896,-39.8361765105178,
1.56));
#11435=CARTESIAN_POINT('Ctrl Pts',(-23.601372862691,-46.1534853824208,7.06));
#11436=CARTESIAN_POINT('Ctrl Pts',(-23.601372862691,-46.1534853824208,1.56));
#11437=CARTESIAN_POINT('Ctrl Pts',(-22.4046721598443,-52.7870368693286,
7.06));
#11438=CARTESIAN_POINT('Ctrl Pts',(-22.4046721598443,-52.7870368693286,
1.56));
#11439=CARTESIAN_POINT('Ctrl Pts',(-21.0793847167351,-59.6950860780323,
7.06));
#11440=CARTESIAN_POINT('Ctrl Pts',(-21.0793847167351,-59.6950860780323,
1.56));
#11441=CARTESIAN_POINT('Ctrl Pts',(-20.9039737890349,-60.6094140048515,
7.06));
#11442=CARTESIAN_POINT('Ctrl Pts',(-20.9039737890349,-60.6094140048515,
1.56));
#11443=CARTESIAN_POINT('Ctrl Pts',(-20.7285628613347,-61.5237419316708,
7.06));
#11444=CARTESIAN_POINT('Ctrl Pts',(-20.7285628613347,-61.5237419316708,
1.56));
#11445=CARTESIAN_POINT('Ctrl Pts',(-20.5531519336344,-62.4380698584901,
7.06));
#11446=CARTESIAN_POINT('Ctrl Pts',(-20.5531519336344,-62.4380698584901,
1.56));
#11447=CARTESIAN_POINT('Ctrl Pts',(62.3624903835801,30.4368592352652,7.06000000000001));
#11448=CARTESIAN_POINT('Ctrl Pts',(62.3624903835801,30.4368592352652,1.56));
#11449=CARTESIAN_POINT('Ctrl Pts',(62.0931057175084,29.6385346015177,7.06000000000001));
#11450=CARTESIAN_POINT('Ctrl Pts',(62.0931057175084,29.6385346015177,1.56));
#11451=CARTESIAN_POINT('Ctrl Pts',(61.4308988579986,27.8087577614921,7.06000000000001));
#11452=CARTESIAN_POINT('Ctrl Pts',(61.4308988579986,27.8087577614921,1.56));
#11453=CARTESIAN_POINT('Ctrl Pts',(60.3692718527292,24.9076852504301,7.06000000000001));
#11454=CARTESIAN_POINT('Ctrl Pts',(60.3692718527292,24.9076852504301,1.56));
#11455=CARTESIAN_POINT('Ctrl Pts',(59.2146261622711,21.7524236981355,7.06000000000001));
#11456=CARTESIAN_POINT('Ctrl Pts',(59.2146261622711,21.7524236981355,1.56));
#11457=CARTESIAN_POINT('Ctrl Pts',(57.5821536381567,17.3219618991426,7.06000000000001));
#11458=CARTESIAN_POINT('Ctrl Pts',(57.5821536381567,17.3219618991426,1.56));
#11459=CARTESIAN_POINT('Ctrl Pts',(55.7016234545077,12.1022965162353,7.06000000000001));
#11460=CARTESIAN_POINT('Ctrl Pts',(55.7016234545077,12.1022965162353,1.56));
#11461=CARTESIAN_POINT('Ctrl Pts',(53.4667541736309,5.89911513571643,7.06000000000001));
#11462=CARTESIAN_POINT('Ctrl Pts',(53.4667541736309,5.89911513571643,1.56));
#11463=CARTESIAN_POINT('Ctrl Pts',(50.9068040308611,-1.36477829173293,7.06000000000001));
#11464=CARTESIAN_POINT('Ctrl Pts',(50.9068040308611,-1.36477829173293,1.55999999999999));
#11465=CARTESIAN_POINT('Ctrl Pts',(48.5637660770406,-8.52544772671654,7.06000000000001));
#11466=CARTESIAN_POINT('Ctrl Pts',(48.5637660770406,-8.52544772671654,1.56));
#11467=CARTESIAN_POINT('Ctrl Pts',(46.5158105828018,-14.7843016594456,7.06000000000002));
#11468=CARTESIAN_POINT('Ctrl Pts',(46.5158105828018,-14.7843016594456,1.56));
#11469=CARTESIAN_POINT('Ctrl Pts',(44.6467023198746,-20.9373443786485,7.06000000000001));
#11470=CARTESIAN_POINT('Ctrl Pts',(44.6467023198746,-20.9373443786485,1.56));
#11471=CARTESIAN_POINT('Ctrl Pts',(43.1273467649272,-26.5914610843794,7.06000000000001));
#11472=CARTESIAN_POINT('Ctrl Pts',(43.1273467649272,-26.5914610843794,1.56));
#11473=CARTESIAN_POINT('Ctrl Pts',(40.8760640168431,-34.9693653568962,7.06000000000001));
#11474=CARTESIAN_POINT('Ctrl Pts',(40.8760640168431,-34.9693653568962,1.56));
#11475=CARTESIAN_POINT('Ctrl Pts',(39.3746742974003,-42.2808608265557,7.06000000000001));
#11476=CARTESIAN_POINT('Ctrl Pts',(39.3746742974003,-42.2808608265557,1.56));
#11477=CARTESIAN_POINT('Ctrl Pts',(38.6188826053303,-48.4397937280606,7.06000000000001));
#11478=CARTESIAN_POINT('Ctrl Pts',(38.6188826053303,-48.4397937280606,1.56));
#11479=CARTESIAN_POINT('',(0.,0.,0.));
#11480=UNCERTAINTY_MEASURE_WITH_UNIT(LENGTH_MEASURE(0.01),#11486,
'DISTANCE_ACCURACY_VALUE',
'Maximum model space distance between geometric entities at asserted c
onnectivities');
#11481=UNCERTAINTY_MEASURE_WITH_UNIT(LENGTH_MEASURE(0.01),#11486,
'DISTANCE_ACCURACY_VALUE',
'Maximum model space distance between geometric entities at asserted c
onnectivities');
#11482=UNCERTAINTY_MEASURE_WITH_UNIT(LENGTH_MEASURE(0.01),#11486,
'DISTANCE_ACCURACY_VALUE',
'Maximum model space distance between geometric entities at asserted c
onnectivities');
#11483=(
GEOMETRIC_REPRESENTATION_CONTEXT(3)
GLOBAL_UNCERTAINTY_ASSIGNED_CONTEXT((#11480))
GLOBAL_UNIT_ASSIGNED_CONTEXT((#11486,#11488,#11489))
REPRESENTATION_CONTEXT('','3D')
);
#11484=(
GEOMETRIC_REPRESENTATION_CONTEXT(3)
GLOBAL_UNCERTAINTY_ASSIGNED_CONTEXT((#11481))
GLOBAL_UNIT_ASSIGNED_CONTEXT((#11486,#11488,#11489))
REPRESENTATION_CONTEXT('','3D')
);
#11485=(
GEOMETRIC_REPRESENTATION_CONTEXT(3)
GLOBAL_UNCERTAINTY_ASSIGNED_CONTEXT((#11482))
GLOBAL_UNIT_ASSIGNED_CONTEXT((#11486,#11488,#11489))
REPRESENTATION_CONTEXT('','3D')
);
#11486=(
LENGTH_UNIT()
NAMED_UNIT(*)
SI_UNIT(.MILLI.,.METRE.)
);
#11487=(
LENGTH_UNIT()
NAMED_UNIT(*)
SI_UNIT($,.METRE.)
);
#11488=(
NAMED_UNIT(*)
PLANE_ANGLE_UNIT()
SI_UNIT($,.RADIAN.)
);
#11489=(
NAMED_UNIT(*)
SI_UNIT($,.STERADIAN.)
SOLID_ANGLE_UNIT()
);
#11490=SHAPE_DEFINITION_REPRESENTATION(#11492,#11495);
#11491=SHAPE_DEFINITION_REPRESENTATION(#11493,#11496);
#11492=PRODUCT_DEFINITION_SHAPE('',$,#11498);
#11493=PRODUCT_DEFINITION_SHAPE('',$,#11499);
#11494=PRODUCT_DEFINITION_SHAPE($,$,#14);
#11495=SHAPE_REPRESENTATION('',(#6022,#6314),#11483);
#11496=SHAPE_REPRESENTATION('',(#6023),#11484);
#11497=PRODUCT_DEFINITION_CONTEXT('part definition',#11505,'design');
#11498=PRODUCT_DEFINITION('Proto-Pulse-Shell-20X6',
'Proto-Pulse-Shell-20X6 v35',#11500,#11497);
#11499=PRODUCT_DEFINITION('Corruption Crest','Corruption Crest',#11501,
#11497);
#11500=PRODUCT_DEFINITION_FORMATION('',$,#11507);
#11501=PRODUCT_DEFINITION_FORMATION('',$,#11508);
#11502=PRODUCT_RELATED_PRODUCT_CATEGORY('Proto-Pulse-Shell-20X6 v35',
'Proto-Pulse-Shell-20X6 v35',(#11507));
#11503=PRODUCT_RELATED_PRODUCT_CATEGORY('Corruption Crest',
'Corruption Crest',(#11508));
#11504=APPLICATION_PROTOCOL_DEFINITION('international standard',
'automotive_design',2009,#11505);
#11505=APPLICATION_CONTEXT(
'Core Data for Automotive Mechanical Design Process');
#11506=PRODUCT_CONTEXT('part definition',#11505,'mechanical');
#11507=PRODUCT('Proto-Pulse-Shell-20X6','Proto-Pulse-Shell-20X6 v35',$,
(#11506));
#11508=PRODUCT('Corruption Crest','Corruption Crest',$,(#11506));
#11509=PRESENTATION_STYLE_ASSIGNMENT((#11513));
#11510=PRESENTATION_STYLE_ASSIGNMENT((#11514));
#11511=PRESENTATION_STYLE_ASSIGNMENT((#11515));
#11512=PRESENTATION_STYLE_ASSIGNMENT((#11516));
#11513=SURFACE_STYLE_USAGE(.BOTH.,#11517);
#11514=SURFACE_STYLE_USAGE(.BOTH.,#11518);
#11515=SURFACE_STYLE_USAGE(.BOTH.,#11519);
#11516=SURFACE_STYLE_USAGE(.BOTH.,#11520);
#11517=SURFACE_SIDE_STYLE('',(#11521));
#11518=SURFACE_SIDE_STYLE('',(#11522));
#11519=SURFACE_SIDE_STYLE('',(#11523));
#11520=SURFACE_SIDE_STYLE('',(#11524));
#11521=SURFACE_STYLE_FILL_AREA(#11525);
#11522=SURFACE_STYLE_FILL_AREA(#11526);
#11523=SURFACE_STYLE_FILL_AREA(#11527);
#11524=SURFACE_STYLE_FILL_AREA(#11528);
#11525=FILL_AREA_STYLE('Steel - Satin',(#11529));
#11526=FILL_AREA_STYLE('Acrylic (Clear)',(#11530));
#11527=FILL_AREA_STYLE('Plastic - Matte (Purple)',(#11531));
#11528=FILL_AREA_STYLE('Polycarbonate (Clear)',(#11532));
#11529=FILL_AREA_STYLE_COLOUR('Steel - Satin',#11533);
#11530=FILL_AREA_STYLE_COLOUR('Acrylic (Clear)',#11534);
#11531=FILL_AREA_STYLE_COLOUR('Plastic - Matte (Purple)',#11535);
#11532=FILL_AREA_STYLE_COLOUR('Polycarbonate (Clear)',#11536);
#11533=COLOUR_RGB('Steel - Satin',0.627450980392157,0.627450980392157,0.627450980392157);
#11534=COLOUR_RGB('Acrylic (Clear)',0.964705882352941,0.964705882352941,
0.952941176470588);
#11535=COLOUR_RGB('Plastic - Matte (Purple)',0.243137254901961,0.,0.666666666666667);
#11536=COLOUR_RGB('Polycarbonate (Clear)',0.964705882352941,0.964705882352941,
0.952941176470588);
ENDSEC;
END-ISO-10303-21;
