ISO-10303-21;
HEADER;
/* Generated by software containing ST-Developer
 * from STEP Tools, Inc. (www.steptools.com) 
 */

FILE_DESCRIPTION(
/* description */ (''),
/* implementation_level */ '2;1');

FILE_NAME(
/* name */ 'Crest-Diffuser-Template.step',
/* time_stamp */ '2025-12-23T14:35:17-05:00',
/* author */ (''),
/* organization */ (''),
/* preprocessor_version */ 'ST-DEVELOPER v20.1',
/* originating_system */ 'Autodesk Translation Framework v14.21.0.0',
/* authorisation */ '');

FILE_SCHEMA (('AUTOMOTIVE_DESIGN { 1 0 10303 214 3 1 1 }'));
ENDSEC;

DATA;
#10=MECHANICAL_DESIGN_GEOMETRIC_PRESENTATION_REPRESENTATION('',(#17),#3712);
#11=ITEM_DEFINED_TRANSFORMATION($,$,#1279,#1316);
#12=(
REPRESENTATION_RELATIONSHIP($,$,#3723,#3722)
REPRESENTATION_RELATIONSHIP_WITH_TRANSFORMATION(#11)
SHAPE_REPRESENTATION_RELATIONSHIP()
);
#13=CONTEXT_DEPENDENT_SHAPE_REPRESENTATION(#12,#3721);
#14=NEXT_ASSEMBLY_USAGE_OCCURRENCE('Corruption Crest:1',
'Corruption Crest:1','Corruption Crest:1',#3725,#3726,
'Corruption Crest:1');
#15=SHAPE_REPRESENTATION_RELATIONSHIP('SRR','None',#3723,#16);
#16=ADVANCED_BREP_SHAPE_REPRESENTATION('',(#18),#3711);
#17=STYLED_ITEM('',(#3738),#18);
#18=MANIFOLD_SOLID_BREP('Body1',#1265);
#19=(
BOUNDED_SURFACE()
B_SPLINE_SURFACE(5,1,((#3509,#3510),(#3511,#3512),(#3513,#3514),(#3515,
#3516),(#3517,#3518),(#3519,#3520),(#3521,#3522),(#3523,#3524),(#3525,#3526),
(#3527,#3528),(#3529,#3530),(#3531,#3532),(#3533,#3534),(#3535,#3536),(#3537,
#3538)),.UNSPECIFIED.,.F.,.F.,.F.)
B_SPLINE_SURFACE_WITH_KNOTS((6,1,1,1,1,1,1,1,1,1,6),(2,2),(-1.,-0.9,-0.8,
-0.7,-0.6,-0.5,-0.4,-0.3,-0.2,-0.1,0.),(-0.25,0.330000000000001),
 .UNSPECIFIED.)
GEOMETRIC_REPRESENTATION_ITEM()
RATIONAL_B_SPLINE_SURFACE(((1.,1.),(1.,1.),(1.,1.),(1.,1.),(1.,1.),(1.,
1.),(1.,1.),(1.,1.),(1.,1.),(1.,1.),(1.,1.),(1.,1.),(1.,1.),(1.,1.),(1.,
1.)))
REPRESENTATION_ITEM('')
SURFACE()
);
#20=(
BOUNDED_SURFACE()
B_SPLINE_SURFACE(5,1,((#3550,#3551),(#3552,#3553),(#3554,#3555),(#3556,
#3557),(#3558,#3559),(#3560,#3561),(#3562,#3563),(#3564,#3565),(#3566,#3567),
(#3568,#3569),(#3570,#3571),(#3572,#3573),(#3574,#3575),(#3576,#3577),(#3578,
#3579)),.UNSPECIFIED.,.F.,.F.,.F.)
B_SPLINE_SURFACE_WITH_KNOTS((6,1,1,1,1,1,1,1,1,1,6),(2,2),(0.,0.1,0.2,0.3,
0.4,0.5,0.6,0.7,0.8,0.9,1.),(-0.25,0.330000000000001),.UNSPECIFIED.)
GEOMETRIC_REPRESENTATION_ITEM()
RATIONAL_B_SPLINE_SURFACE(((1.,1.),(1.,1.),(1.,1.),(1.,1.),(1.,1.),(1.,
1.),(1.,1.),(1.,1.),(1.,1.),(1.,1.),(1.,1.),(1.,1.),(1.,1.),(1.,1.),(1.,
1.)))
REPRESENTATION_ITEM('')
SURFACE()
);
#21=FACE_BOUND('',#320,.T.);
#22=(
BOUNDED_CURVE()
B_SPLINE_CURVE(5,(#1718,#1719,#1720,#1721,#1722,#1723,#1724,#1725),
 .UNSPECIFIED.,.F.,.F.)
B_SPLINE_CURVE_WITH_KNOTS((6,1,1,6),(-0.241259126325736,-0.2,-0.1,0.),
 .UNSPECIFIED.)
CURVE()
GEOMETRIC_REPRESENTATION_ITEM()
RATIONAL_B_SPLINE_CURVE((1.,1.,1.,1.,1.,1.,1.,1.))
REPRESENTATION_ITEM('')
);
#23=(
BOUNDED_CURVE()
B_SPLINE_CURVE(5,(#2784,#2785,#2786,#2787,#2788,#2789,#2790,#2791),
 .UNSPECIFIED.,.F.,.F.)
B_SPLINE_CURVE_WITH_KNOTS((6,1,1,6),(0.,0.1,0.2,0.241258993223707),
 .UNSPECIFIED.)
CURVE()
GEOMETRIC_REPRESENTATION_ITEM()
RATIONAL_B_SPLINE_CURVE((1.,1.,1.,1.,1.,1.,1.,1.))
REPRESENTATION_ITEM('')
);
#24=B_SPLINE_CURVE_WITH_KNOTS('',3,(#1506,#1507,#1508,#1509,#1510,#1511,
#1512),.UNSPECIFIED.,.F.,.F.,(4,3,4),(0.,0.0969942318499618,0.169739905737433),
 .UNSPECIFIED.);
#25=B_SPLINE_CURVE_WITH_KNOTS('',3,(#1514,#1515,#1516,#1517,#1518,#1519),
 .UNSPECIFIED.,.F.,.F.,(4,2,4),(-2.01839005352481,0.,0.0850367062814903),
 .UNSPECIFIED.);
#26=B_SPLINE_CURVE_WITH_KNOTS('',3,(#1521,#1522,#1523,#1524,#1525,#1526,
#1527,#1528,#1529,#1530,#1531,#1532),.UNSPECIFIED.,.F.,.F.,(4,2,2,2,2,4),
(0.,0.0846414213318775,0.147267787521634,0.192078212634377,0.218011107954351,
0.243510891602102),.UNSPECIFIED.);
#27=B_SPLINE_CURVE_WITH_KNOTS('',3,(#1533,#1534,#1535,#1536),
 .UNSPECIFIED.,.F.,.F.,(4,4),(0.0256800359828999,2.01839005352481),
 .UNSPECIFIED.);
#28=B_SPLINE_CURVE_WITH_KNOTS('',3,(#1541,#1542,#1543,#1544,#1545,#1546),
 .UNSPECIFIED.,.F.,.F.,(4,2,4),(-0.55,-0.275,-0.0900000000000005),
 .UNSPECIFIED.);
#29=B_SPLINE_CURVE_WITH_KNOTS('',3,(#1550,#1551,#1552,#1553,#1554,#1555),
 .UNSPECIFIED.,.F.,.F.,(4,2,4),(-0.460000000000001,-0.275,0.),
 .UNSPECIFIED.);
#30=B_SPLINE_CURVE_WITH_KNOTS('',3,(#1559,#1560,#1561,#1562,#1563,#1564,
#1565,#1566,#1567,#1568,#1569,#1570),.UNSPECIFIED.,.F.,.F.,(4,2,2,2,2,4),
(0.,0.0286187530344165,0.0585749385555796,0.0961086153179127,0.147926318335184,
0.201134765159751),.UNSPECIFIED.);
#31=B_SPLINE_CURVE_WITH_KNOTS('',3,(#1572,#1573,#1574,#1575),
 .UNSPECIFIED.,.F.,.F.,(4,4),(0.00130890480396383,0.115080844541664),
 .UNSPECIFIED.);
#32=B_SPLINE_CURVE_WITH_KNOTS('',3,(#1578,#1579,#1580,#1581),
 .UNSPECIFIED.,.F.,.F.,(4,4),(0.266583372384853,0.457547915270159),
 .UNSPECIFIED.);
#33=B_SPLINE_CURVE_WITH_KNOTS('',3,(#1585,#1586,#1587,#1588,#1589,#1590,
#1591),.UNSPECIFIED.,.F.,.F.,(4,3,4),(-0.0127466758792476,0.,0.241258993223908),
 .UNSPECIFIED.);
#34=B_SPLINE_CURVE_WITH_KNOTS('',3,(#1624,#1625,#1626,#1627,#1628,#1629,
#1630,#1631,#1632,#1633,#1634,#1635),.UNSPECIFIED.,.F.,.F.,(4,2,2,2,2,4),
(0.,0.0268007608458754,0.0548369413138029,0.0909513887015624,0.140516430922217,
0.197620162574678),.UNSPECIFIED.);
#35=B_SPLINE_CURVE_WITH_KNOTS('',3,(#1637,#1638,#1639,#1640,#1641,#1642),
 .UNSPECIFIED.,.F.,.F.,(4,2,4),(-2.10343127383357,-2.01839483678201,0.),
 .UNSPECIFIED.);
#36=B_SPLINE_CURVE_WITH_KNOTS('',3,(#1644,#1645,#1646,#1647,#1648,#1649,
#1650),.UNSPECIFIED.,.F.,.F.,(4,3,4),(0.,0.0727456738874709,0.169739905737433),
 .UNSPECIFIED.);
#37=B_SPLINE_CURVE_WITH_KNOTS('',3,(#1651,#1652,#1653,#1654),
 .UNSPECIFIED.,.F.,.F.,(4,4),(0.,1.99271488789766),.UNSPECIFIED.);
#38=B_SPLINE_CURVE_WITH_KNOTS('',3,(#1657,#1658,#1659,#1660),
 .UNSPECIFIED.,.F.,.F.,(4,4),(0.,0.190964533516685),.UNSPECIFIED.);
#39=B_SPLINE_CURVE_WITH_KNOTS('',3,(#1664,#1665,#1666,#1667),
 .UNSPECIFIED.,.F.,.F.,(4,4),(0.27008123048968,0.69338121902631),
 .UNSPECIFIED.);
#40=B_SPLINE_CURVE_WITH_KNOTS('',3,(#1669,#1670,#1671,#1672,#1673,#1674,
#1675,#1676,#1677,#1678,#1679,#1680),.UNSPECIFIED.,.F.,.F.,(4,2,2,2,2,4),
(0.,0.0745933939625671,0.133766741297046,0.178399373746294,0.204318522188645,
0.229855797445792),.UNSPECIFIED.);
#41=B_SPLINE_CURVE_WITH_KNOTS('',3,(#1684,#1685,#1686,#1687,#1688,#1689),
 .UNSPECIFIED.,.F.,.F.,(4,2,4),(0.0900000000000013,0.275000000000001,0.550000000000002),
 .UNSPECIFIED.);
#42=B_SPLINE_CURVE_WITH_KNOTS('',3,(#1693,#1694,#1695,#1696,#1697,#1698),
 .UNSPECIFIED.,.F.,.F.,(4,2,4),(-0.460000000000001,-0.275,0.),
 .UNSPECIFIED.);
#43=B_SPLINE_CURVE_WITH_KNOTS('',3,(#1788,#1789,#1790,#1791,#1792,#1793,
#1794,#1795,#1796,#1797,#1798,#1799),.UNSPECIFIED.,.F.,.F.,(4,2,2,2,2,4),
(0.,0.0349986470772839,0.0709396151320767,0.110656454529324,0.144528598209564,
0.17894093204489),.UNSPECIFIED.);
#44=B_SPLINE_CURVE_WITH_KNOTS('',3,(#1801,#1802,#1803,#1804,#1805,#1806,
#1807,#1808,#1809,#1810),.UNSPECIFIED.,.F.,.F.,(4,1,1,1,1,1,1,4),(0.0579897970552973,
0.14089125942069,0.267976799223865,0.522147878830215,1.53883219725561,2.04717435646831,
2.55551651568101,3.47797032816385),.UNSPECIFIED.);
#45=B_SPLINE_CURVE_WITH_KNOTS('',3,(#1812,#1813,#1814,#1815,#1816,#1817,
#1818,#1819,#1820,#1821,#1822,#1823),.UNSPECIFIED.,.F.,.F.,(4,2,2,2,2,4),
(0.,0.0718272140456814,0.129873451247266,0.17407176717784,0.19974140252785,
0.225046215763349),.UNSPECIFIED.);
#46=B_SPLINE_CURVE_WITH_KNOTS('',3,(#1824,#1825,#1826,#1827,#1828,#1829,
#1830,#1831,#1832,#1833,#1834,#1835),.UNSPECIFIED.,.F.,.F.,(4,1,1,1,1,1,
1,2,4),(-3.57128774572932,-2.55551651568101,-2.04717435646831,-1.53883219725561,
-0.522147878830215,-0.267976799223865,-0.14089125942069,-0.0138057196175156,
-0.00708668667941209),.UNSPECIFIED.);
#47=B_SPLINE_CURVE_WITH_KNOTS('',3,(#1877,#1878,#1879,#1880),
 .UNSPECIFIED.,.F.,.F.,(4,4),(0.267230989020406,0.457691675676455),
 .UNSPECIFIED.);
#48=B_SPLINE_CURVE_WITH_KNOTS('',3,(#1882,#1883,#1884,#1885,#1886,#1887,
#1888),.UNSPECIFIED.,.F.,.F.,(4,1,1,1,4),(-0.996483269651451,-0.85884947580724,
-0.788274213710861,-0.717698951614481,-0.507964777957958),.UNSPECIFIED.);
#49=B_SPLINE_CURVE_WITH_KNOTS('',3,(#1889,#1890,#1891,#1892,#1893,#1894),
 .UNSPECIFIED.,.F.,.F.,(4,2,4),(0.00134464413771081,0.0570040256586646,
0.190897339668513),.UNSPECIFIED.);
#50=B_SPLINE_CURVE_WITH_KNOTS('',3,(#1899,#1900,#1901,#1902,#1903,#1904),
 .UNSPECIFIED.,.F.,.F.,(4,2,4),(-0.3,-0.200000000000001,0.),
 .UNSPECIFIED.);
#51=B_SPLINE_CURVE_WITH_KNOTS('',3,(#1906,#1907,#1908,#1909),
 .UNSPECIFIED.,.F.,.F.,(4,4),(0.3,0.46),.UNSPECIFIED.);
#52=B_SPLINE_CURVE_WITH_KNOTS('',3,(#1957,#1958,#1959,#1960,#1961,#1962,
#1963,#1964,#1965,#1966,#1967,#1968),.UNSPECIFIED.,.F.,.F.,(4,2,2,2,2,4),
(0.,0.025511443216378,0.0521363353729415,0.087025701574249,0.136354261464939,
0.201837484810437),.UNSPECIFIED.);
#53=B_SPLINE_CURVE_WITH_KNOTS('',3,(#1969,#1970,#1971,#1972,#1973,#1974),
 .UNSPECIFIED.,.F.,.F.,(4,1,1,4),(0.138656671393875,0.923042957843385,1.22554734097226,
2.04884208965146),.UNSPECIFIED.);
#54=B_SPLINE_CURVE_WITH_KNOTS('',3,(#1975,#1976,#1977,#1978,#1979,#1980,
#1981,#1982),.UNSPECIFIED.,.F.,.F.,(4,2,1,1,4),(-2.1457687065852,-2.1330604903589,
-1.22554734097226,-0.923042957843385,-0.0167796071877927),.UNSPECIFIED.);
#55=B_SPLINE_CURVE_WITH_KNOTS('',3,(#1986,#1987,#1988,#1989),
 .UNSPECIFIED.,.F.,.F.,(4,4),(0.0154300508650953,0.241339689986478),
 .UNSPECIFIED.);
#56=B_SPLINE_CURVE_WITH_KNOTS('',3,(#1992,#1993,#1994,#1995),
 .UNSPECIFIED.,.F.,.F.,(4,4),(0.00135703019307696,0.192676917485994),
 .UNSPECIFIED.);
#57=B_SPLINE_CURVE_WITH_KNOTS('',3,(#2003,#2004,#2005,#2006),
 .UNSPECIFIED.,.F.,.F.,(4,4),(0.0900000000000013,0.250000000000001),
 .UNSPECIFIED.);
#58=B_SPLINE_CURVE_WITH_KNOTS('',3,(#2007,#2008,#2009,#2010,#2011,#2012),
 .UNSPECIFIED.,.F.,.F.,(4,2,4),(-0.400000000000003,-0.200000000000001,-0.100000000000002),
 .UNSPECIFIED.);
#59=B_SPLINE_CURVE_WITH_KNOTS('',3,(#2054,#2055,#2056,#2057,#2058,#2059),
 .UNSPECIFIED.,.F.,.F.,(4,1,1,4),(0.11033367234528,0.933594131066302,1.23608801217027,
2.02051617510631),.UNSPECIFIED.);
#60=B_SPLINE_CURVE_WITH_KNOTS('',3,(#2061,#2062,#2063,#2064,#2065,#2066,
#2067,#2068,#2069,#2070,#2071,#2072),.UNSPECIFIED.,.F.,.F.,(4,2,2,2,2,4),
(0.,0.089743122496653,0.156619092105243,0.20267304212242,0.22997220984214,
0.25670717920008),.UNSPECIFIED.);
#61=B_SPLINE_CURVE_WITH_KNOTS('',3,(#2073,#2074,#2075,#2076,#2077,#2078,
#2079,#2080),.UNSPECIFIED.,.F.,.F.,(4,1,1,2,4),(-2.1423932614466,-1.23608801217027,
-0.933594131066302,-0.0261124877544122,-0.0134038450476863),
 .UNSPECIFIED.);
#62=B_SPLINE_CURVE_WITH_KNOTS('',3,(#2110,#2111,#2112,#2113),
 .UNSPECIFIED.,.F.,.F.,(4,4),(0.268377810156547,0.459697675599153),
 .UNSPECIFIED.);
#63=B_SPLINE_CURVE_WITH_KNOTS('',3,(#2114,#2115,#2116,#2117),
 .UNSPECIFIED.,.F.,.F.,(4,4),(0.00139579528520675,0.254383157545276),
 .UNSPECIFIED.);
#64=B_SPLINE_CURVE_WITH_KNOTS('',3,(#2122,#2123,#2124,#2125,#2126,#2127),
 .UNSPECIFIED.,.F.,.F.,(4,2,4),(-0.3,-0.200000000000001,0.),
 .UNSPECIFIED.);
#65=B_SPLINE_CURVE_WITH_KNOTS('',3,(#2129,#2130,#2131,#2132),
 .UNSPECIFIED.,.F.,.F.,(4,4),(0.300000000000001,0.460000000000001),
 .UNSPECIFIED.);
#66=B_SPLINE_CURVE_WITH_KNOTS('',3,(#2215,#2216,#2217,#2218,#2219,#2220,
#2221,#2222,#2223,#2224,#2225,#2226),.UNSPECIFIED.,.F.,.F.,(4,2,2,2,2,4),
(0.,0.0290656621522911,0.0594826280254087,0.0972893453369202,0.148843358793745,
0.198936575252032),.UNSPECIFIED.);
#67=B_SPLINE_CURVE_WITH_KNOTS('',3,(#2228,#2229,#2230,#2231,#2232,#2233,
#2234,#2235,#2236,#2237,#2238,#2239,#2240),.UNSPECIFIED.,.F.,.F.,(4,1,1,
1,1,1,1,1,1,1,4),(0.106234181193089,0.520189119937514,1.02856169841856,
1.53693427689961,2.04530685538065,2.5536794338617,2.80786572310222,3.06205201234275,
3.31623830158327,3.44333144620353,3.52624223938532),.UNSPECIFIED.);
#68=B_SPLINE_CURVE_WITH_KNOTS('',3,(#2242,#2243,#2244,#2245,#2246,#2247,
#2248,#2249,#2250,#2251,#2252,#2253),.UNSPECIFIED.,.F.,.F.,(4,2,2,2,2,4),
(0.,0.0484713997364013,0.0930708053841068,0.132320173193367,0.156076419759125,
0.179680225515615),.UNSPECIFIED.);
#69=B_SPLINE_CURVE_WITH_KNOTS('',3,(#2254,#2255,#2256,#2257,#2258,#2259,
#2260,#2261,#2262,#2263,#2264,#2265,#2266,#2267,#2268),.UNSPECIFIED.,.F.,
 .F.,(4,2,1,1,1,1,1,1,1,1,1,4),(-3.57714358694725,-3.57042459082379,-3.44333144620353,
-3.31623830158327,-3.06205201234275,-2.80786572310222,-2.5536794338617,
-2.04530685538065,-1.53693427689961,-1.02856169841856,-0.520189119937514,
-0.0129169107917226),.UNSPECIFIED.);
#70=B_SPLINE_CURVE_WITH_KNOTS('',3,(#2273,#2274,#2275,#2276,#2277,#2278,
#2279,#2280,#2281,#2282),.UNSPECIFIED.,.F.,.F.,(4,3,3,4),(-0.969699516650641,
-0.875761654740945,-0.713395608335116,-0.516636322852053),.UNSPECIFIED.);
#71=B_SPLINE_CURVE_WITH_KNOTS('',3,(#2286,#2287,#2288,#2289),
 .UNSPECIFIED.,.F.,.F.,(4,4),(0.00130501639369844,0.191765701868826),
 .UNSPECIFIED.);
#72=B_SPLINE_CURVE_WITH_KNOTS('',3,(#2297,#2298,#2299,#2300),
 .UNSPECIFIED.,.F.,.F.,(4,4),(0.0900000000000004,0.250000000000001),
 .UNSPECIFIED.);
#73=B_SPLINE_CURVE_WITH_KNOTS('',3,(#2301,#2302,#2303,#2304,#2305,#2306),
 .UNSPECIFIED.,.F.,.F.,(4,2,4),(-0.400000000000002,-0.200000000000001,-0.100000000000001),
 .UNSPECIFIED.);
#74=B_SPLINE_CURVE_WITH_KNOTS('',3,(#2339,#2340,#2341,#2342,#2343,#2344,
#2345,#2346,#2347,#2348,#2349,#2350),.UNSPECIFIED.,.F.,.F.,(4,2,2,2,2,4),
(0.,0.0389819767521073,0.077988774092917,0.117077915111584,0.143491706591167,
0.169912796910145),.UNSPECIFIED.);
#75=B_SPLINE_CURVE_WITH_KNOTS('',3,(#2352,#2353,#2354,#2355,#2356,#2357),
 .UNSPECIFIED.,.F.,.F.,(4,2,4),(-0.00512753871800382,0.000672957678558797,
1.51519393243883),.UNSPECIFIED.);
#76=B_SPLINE_CURVE_WITH_KNOTS('',3,(#2359,#2360,#2361,#2362,#2363,#2364,
#2365,#2366,#2367,#2368,#2369,#2370),.UNSPECIFIED.,.F.,.F.,(4,2,2,2,2,4),
(0.,0.0390788360085176,0.0781538210693336,0.117221079969383,0.143488540114888,
0.169755661323822),.UNSPECIFIED.);
#77=B_SPLINE_CURVE_WITH_KNOTS('',3,(#2371,#2372,#2373,#2374),
 .UNSPECIFIED.,.F.,.F.,(4,4),(-1.51325311071724,-0.00156059038529645),
 .UNSPECIFIED.);
#78=B_SPLINE_CURVE_WITH_KNOTS('',3,(#2404,#2405,#2406,#2407),
 .UNSPECIFIED.,.F.,.F.,(4,4),(0.265606322234604,0.454830368102095),
 .UNSPECIFIED.);
#79=B_SPLINE_CURVE_WITH_KNOTS('',3,(#2409,#2410,#2411,#2412,#2413,#2414,
#2415),.UNSPECIFIED.,.F.,.F.,(4,3,4),(-0.000112885483519447,0.,0.251078471639879),
 .UNSPECIFIED.);
#80=B_SPLINE_CURVE_WITH_KNOTS('',3,(#2416,#2417,#2418,#2419,#2420,#2421,
#2422),.UNSPECIFIED.,.F.,.F.,(4,3,4),(0.,0.0820549224189523,0.189229874074327),
 .UNSPECIFIED.);
#81=B_SPLINE_CURVE_WITH_KNOTS('',3,(#2427,#2428,#2429,#2430,#2431,#2432),
 .UNSPECIFIED.,.F.,.F.,(4,2,4),(-0.3,-0.200000000000001,0.),
 .UNSPECIFIED.);
#82=B_SPLINE_CURVE_WITH_KNOTS('',3,(#2434,#2435,#2436,#2437),
 .UNSPECIFIED.,.F.,.F.,(4,4),(0.3,0.460000000000001),.UNSPECIFIED.);
#83=B_SPLINE_CURVE_WITH_KNOTS('',3,(#2473,#2474,#2475,#2476,#2477,#2478,
#2479,#2480,#2481,#2482,#2483,#2484),.UNSPECIFIED.,.F.,.F.,(4,2,2,2,2,4),
(0.,0.0390574693620452,0.0781170495453634,0.117183615062644,0.143468738091646,
0.169754462733168),.UNSPECIFIED.);
#84=B_SPLINE_CURVE_WITH_KNOTS('',3,(#2486,#2487,#2488,#2489,#2490,#2491),
 .UNSPECIFIED.,.F.,.F.,(4,2,4),(-0.00148872972350844,1.5130320369808,1.51883254370569),
 .UNSPECIFIED.);
#85=B_SPLINE_CURVE_WITH_KNOTS('',3,(#2493,#2494,#2495,#2496,#2497,#2498,
#2499,#2500,#2501,#2502,#2503,#2504),.UNSPECIFIED.,.F.,.F.,(4,2,2,2,2,4),
(0.,0.0392358994882118,0.0784252594522006,0.117522611193374,0.143726896023471,
0.169927203286126),.UNSPECIFIED.);
#86=B_SPLINE_CURVE_WITH_KNOTS('',3,(#2505,#2506,#2507,#2508),
 .UNSPECIFIED.,.F.,.F.,(4,4),(-1.5121444027026,-0.000452081711150347),
 .UNSPECIFIED.);
#87=B_SPLINE_CURVE_WITH_KNOTS('',3,(#2513,#2514,#2515,#2516,#2517,#2518,
#2519,#2520,#2521,#2522),.UNSPECIFIED.,.F.,.F.,(4,3,3,4),(-0.00124174264605571,
-0.000112870649920734,0.177056183680338,0.251399552227564),
 .UNSPECIFIED.);
#88=B_SPLINE_CURVE_WITH_KNOTS('',3,(#2526,#2527,#2528,#2529),
 .UNSPECIFIED.,.F.,.F.,(4,4),(3.20664358998621E-9,0.189224045861197),
 .UNSPECIFIED.);
#89=B_SPLINE_CURVE_WITH_KNOTS('',3,(#2535,#2536,#2537,#2538),
 .UNSPECIFIED.,.F.,.F.,(4,4),(0.0900000000000001,0.25),.UNSPECIFIED.);
#90=B_SPLINE_CURVE_WITH_KNOTS('',3,(#2539,#2540,#2541,#2542,#2543,#2544),
 .UNSPECIFIED.,.F.,.F.,(4,2,4),(-0.400000000000001,-0.200000000000001,-0.100000000000001),
 .UNSPECIFIED.);
#91=B_SPLINE_CURVE_WITH_KNOTS('',3,(#2557,#2558,#2559,#2560),
 .UNSPECIFIED.,.F.,.F.,(4,4),(-0.986497426072724,0.),.UNSPECIFIED.);
#92=B_SPLINE_CURVE_WITH_KNOTS('',3,(#2562,#2563,#2564,#2565,#2566,#2567,
#2568),.UNSPECIFIED.,.F.,.F.,(4,3,4),(-0.412653999869267,-0.371913569700812,
-0.251078458318622),.UNSPECIFIED.);
#93=B_SPLINE_CURVE_WITH_KNOTS('',3,(#2573,#2574,#2575,#2576,#2577,#2578),
 .UNSPECIFIED.,.F.,.F.,(4,2,4),(-0.3,-0.200000000000001,0.),
 .UNSPECIFIED.);
#94=B_SPLINE_CURVE_WITH_KNOTS('',3,(#2580,#2581,#2582,#2583),
 .UNSPECIFIED.,.F.,.F.,(4,4),(0.300000000000001,0.460000000000001),
 .UNSPECIFIED.);
#95=B_SPLINE_CURVE_WITH_KNOTS('',3,(#2586,#2587,#2588,#2589,#2590,#2591),
 .UNSPECIFIED.,.F.,.F.,(4,2,4),(-0.300000000000001,-0.15,0.),
 .UNSPECIFIED.);
#96=B_SPLINE_CURVE_WITH_KNOTS('',3,(#2626,#2627,#2628,#2629,#2630,#2631,
#2632,#2633,#2634,#2635),.UNSPECIFIED.,.F.,.F.,(4,3,3,4),(0.51663632550604,
0.660555610526239,0.835569012394415,0.969699499903328),.UNSPECIFIED.);
#97=B_SPLINE_CURVE_WITH_KNOTS('',3,(#2637,#2638,#2639,#2640,#2641,#2642),
 .UNSPECIFIED.,.F.,.F.,(4,2,4),(-0.460000000000001,-0.275000000000001,0.),
 .UNSPECIFIED.);
#98=B_SPLINE_CURVE_WITH_KNOTS('',3,(#2643,#2644,#2645,#2646,#2647,#2648,
#2649,#2650,#2651,#2652),.UNSPECIFIED.,.F.,.F.,(4,3,3,4),(0.0431320894198001,
0.309021440527865,0.655953750419959,0.941247611361533),.UNSPECIFIED.);
#99=B_SPLINE_CURVE_WITH_KNOTS('',3,(#2656,#2657,#2658,#2659),
 .UNSPECIFIED.,.F.,.F.,(4,4),(-0.254383168297511,-0.00139574951019825),
 .UNSPECIFIED.);
#100=B_SPLINE_CURVE_WITH_KNOTS('',3,(#2661,#2662,#2663,#2664,#2665,#2666,
#2667,#2668,#2669,#2670,#2671,#2672,#2673,#2674,#2675,#2676,#2677,#2678,
#2679,#2680,#2681,#2682,#2683,#2684,#2685,#2686,#2687,#2688,#2689,#2690,
#2691,#2692,#2693,#2694,#2695,#2696,#2697,#2698,#2699,#2700,#2701,#2702,
#2703,#2704,#2705,#2706,#2707,#2708,#2709,#2710,#2711,#2712,#2713,#2714,
#2715,#2716,#2717,#2718),.UNSPECIFIED.,.F.,.F.,(4,3,3,3,3,3,3,3,3,3,3,3,
3,3,3,3,3,3,3,4),(-4.67496028962451,-4.45275420281814,-4.22559113061421,
-3.99231001053827,-3.73017695709738,-3.44254425391904,-3.01222622217916,
-2.74672489668773,-2.52682296643472,-2.32724038819796,-2.1364442235593,
-1.94252048628225,-1.74354030553098,-1.53840990089148,-1.30950708113378,
-1.04775405281333,-0.638963639406593,-0.319481819703297,-0.0478044091944716,
0.),.UNSPECIFIED.);
#101=B_SPLINE_CURVE_WITH_KNOTS('',3,(#2726,#2727,#2728,#2729,#2730,#2731,
#2732,#2733,#2734,#2735,#2736,#2737,#2738,#2739,#2740,#2741,#2742,#2743,
#2744,#2745,#2746,#2747,#2748,#2749,#2750,#2751,#2752,#2753,#2754,#2755,
#2756,#2757,#2758,#2759,#2760,#2761,#2762,#2763,#2764,#2765,#2766,#2767,
#2768,#2769,#2770,#2771,#2772,#2773,#2774,#2775,#2776,#2777,#2778,#2779,
#2780,#2781,#2782,#2783),.UNSPECIFIED.,.F.,.F.,(4,3,3,3,3,3,3,3,3,3,3,3,
3,3,3,3,3,3,3,4),(-4.74623130871999,-4.47178500976561,-4.14963914766165,
-3.75002173361165,-3.4979334006319,-3.27604657478561,-3.06797747809024,
-2.86658515826193,-2.67036031437014,-2.47599359747267,-2.27178284532244,
-2.04825857042408,-1.78307537724342,-1.40291092258845,-1.08417875126433,
-0.813134063448246,-0.574956102161146,-0.3427354685484,-0.116635737915869,
0.),.UNSPECIFIED.);
#102=B_SPLINE_CURVE_WITH_KNOTS('',3,(#2794,#2795,#2796,#2797,#2798,#2799,
#2800),.UNSPECIFIED.,.F.,.F.,(4,1,1,1,4),(0.507964773063404,0.717698948846979,
0.788274211635234,0.858849474423489,0.996483273291742),.UNSPECIFIED.);
#103=B_SPLINE_CURVE_WITH_KNOTS('',3,(#2803,#2804,#2805,#2806),
 .UNSPECIFIED.,.F.,.F.,(4,4),(0.251078471639878,0.412654005162464),
 .UNSPECIFIED.);
#104=B_SPLINE_CURVE_WITH_KNOTS('',3,(#2808,#2809,#2810,#2811,#2812,#2813,
#2814),.UNSPECIFIED.,.F.,.F.,(4,3,4),(0.412654005162464,0.628086286640916,
0.999738566838325),.UNSPECIFIED.);
#105=B_SPLINE_CURVE_WITH_KNOTS('',3,(#2819,#2820,#2821,#2822),
 .UNSPECIFIED.,.F.,.F.,(4,4),(-0.999738566857548,-0.412653999869267),
 .UNSPECIFIED.);
#106=B_SPLINE_CURVE_WITH_KNOTS('',3,(#2824,#2825,#2826,#2827,#2828,#2829,
#2830),.UNSPECIFIED.,.F.,.F.,(4,3,4),(-0.251078458402215,0.,0.000112885695096537),
 .UNSPECIFIED.);
#107=B_SPLINE_CURVE_WITH_KNOTS('',3,(#2835,#2836,#2837,#2838,#2839,#2840,
#2841,#2842,#2843,#2844),.UNSPECIFIED.,.F.,.F.,(4,3,3,4),(4.68508230249404,
5.41041141091653,7.1388783168268,7.14989162777835),.UNSPECIFIED.);
#108=B_SPLINE_CURVE_WITH_KNOTS('',3,(#2846,#2847,#2848,#2849,#2850,#2851),
 .UNSPECIFIED.,.F.,.F.,(4,2,4),(1.67524298516736,3.0964574277762,3.60057677680729),
 .UNSPECIFIED.);
#109=B_SPLINE_CURVE_WITH_KNOTS('',3,(#2853,#2854,#2855,#2856,#2857,#2858,
#2859,#2860,#2861,#2862,#2863,#2864,#2865),.UNSPECIFIED.,.F.,.F.,(4,3,3,
3,4),(-2.28317889701672,-1.63084206929766,-0.978505241578595,-0.326168413859532,
0.),.UNSPECIFIED.);
#110=B_SPLINE_CURVE_WITH_KNOTS('',3,(#2867,#2868,#2869,#2870,#2871,#2872,
#2873),.UNSPECIFIED.,.F.,.F.,(4,3,4),(1.27661309024908,1.83039774789521,
1.94170757954681),.UNSPECIFIED.);
#111=B_SPLINE_CURVE_WITH_KNOTS('',3,(#2876,#2877,#2878,#2879),
 .UNSPECIFIED.,.F.,.F.,(4,4),(-0.986887504495124,0.),.UNSPECIFIED.);
#112=B_SPLINE_CURVE_WITH_KNOTS('',3,(#2881,#2882,#2883,#2884,#2885,#2886,
#2887,#2888,#2889,#2890),.UNSPECIFIED.,.F.,.F.,(4,3,3,4),(0.0505245144012873,
0.0543289864506618,0.798446142792843,0.901977475947495),.UNSPECIFIED.);
#113=B_SPLINE_CURVE_WITH_KNOTS('',3,(#2893,#2894,#2895,#2896),
 .UNSPECIFIED.,.F.,.F.,(4,4),(4.33156692374789,8.37369666027495),
 .UNSPECIFIED.);
#114=B_SPLINE_CURVE_WITH_KNOTS('',3,(#2898,#2899,#2900,#2901),
 .UNSPECIFIED.,.F.,.F.,(4,4),(0.0974383994772519,1.80589097246968),
 .UNSPECIFIED.);
#115=B_SPLINE_CURVE_WITH_KNOTS('',3,(#2903,#2904,#2905,#2906,#2907,#2908,
#2909),.UNSPECIFIED.,.F.,.F.,(4,3,4),(-2.24154284439826,-2.12905629948029,
0.),.UNSPECIFIED.);
#116=B_SPLINE_CURVE_WITH_KNOTS('',3,(#2913,#2914,#2915,#2916,#2917,#2918,
#2919,#2920,#2921,#2922,#2923,#2924,#2925,#2926,#2927,#2928,#2929,#2930,
#2931,#2932,#2933,#2934,#2935,#2936,#2937,#2938,#2939,#2940,#2941,#2942,
#2943,#2944,#2945,#2946,#2947,#2948,#2949,#2950,#2951,#2952,#2953,#2954,
#2955,#2956,#2957,#2958,#2959,#2960,#2961,#2962,#2963,#2964,#2965,#2966,
#2967,#2968,#2969,#2970),.UNSPECIFIED.,.F.,.F.,(4,3,3,3,3,3,3,3,3,3,3,3,
3,3,3,3,3,3,3,4),(0.,0.287958623470444,0.582341048376141,0.884651933257257,
1.22435249451701,1.59709919227851,2.15474877722069,2.49881287993804,2.78378483275617,
3.04242501108909,3.2896792614574,3.5409867802623,3.79884697888746,4.06467737884717,
4.36131544217796,4.70052598352929,5.23032335725917,5.64430961453757,5.99637698149716,
6.05829587181597),.UNSPECIFIED.);
#117=B_SPLINE_CURVE_WITH_KNOTS('',3,(#2978,#2979,#2980,#2981,#2982,#2983,
#2984,#2985,#2986,#2987,#2988,#2989,#2990,#2991,#2992,#2993,#2994,#2995,
#2996,#2997,#2998,#2999,#3000,#3001,#3002,#3003,#3004,#3005,#3006,#3007,
#3008,#3009,#3010,#3011,#3012,#3013,#3014,#3015,#3016,#3017,#3018,#3019,
#3020,#3021,#3022,#3023,#3024,#3025,#3026,#3027,#3028,#3029,#3030,#3031,
#3032,#3033,#3034,#3035),.UNSPECIFIED.,.F.,.F.,(4,3,3,3,3,3,3,3,3,3,3,3,
3,3,3,3,3,3,3,4),(1.88935210828574,2.11462197522889,2.37904386306583,2.70705863917275,
2.9139770129265,3.09610547094833,3.26689205201274,3.43219816527561,3.59326269495807,
3.75280189950566,3.92042098547095,4.1038925987806,4.32155718552432,4.63358923964238,
4.89521632758698,5.11769935290257,5.31320012602275,5.50381078531252,5.68939719282627,
5.78514842884933),.UNSPECIFIED.);
#118=B_SPLINE_CURVE_WITH_KNOTS('',3,(#3038,#3039,#3040,#3041,#3042,#3043,
#3044),.UNSPECIFIED.,.F.,.F.,(4,3,4),(-2.17634403290874,-0.270851759008781,
-0.170177591844466),.UNSPECIFIED.);
#119=B_SPLINE_CURVE_WITH_KNOTS('',3,(#3045,#3046,#3047,#3048),
 .UNSPECIFIED.,.F.,.F.,(4,4),(1.5024240653092,1.88202356838493),
 .UNSPECIFIED.);
#120=B_SPLINE_CURVE_WITH_KNOTS('',3,(#3075,#3076,#3077,#3078,#3079,#3080),
 .UNSPECIFIED.,.F.,.F.,(4,2,4),(0.0900000000000001,0.275,0.550000000000001),
 .UNSPECIFIED.);
#121=B_SPLINE_CURVE_WITH_KNOTS('',3,(#3108,#3109,#3110,#3111,#3112,#3113,
#3114),.UNSPECIFIED.,.F.,.F.,(4,3,4),(0.412408690555123,0.499812840581226,
0.731710788342843),.UNSPECIFIED.);
#122=B_SPLINE_CURVE_WITH_KNOTS('',3,(#3115,#3116,#3117,#3118),
 .UNSPECIFIED.,.F.,.F.,(4,4),(-0.460000000000001,0.),.UNSPECIFIED.);
#123=B_SPLINE_CURVE_WITH_KNOTS('',3,(#3147,#3148,#3149,#3150,#3151,#3152,
#3153),.UNSPECIFIED.,.F.,.F.,(4,3,4),(0.265230787382375,0.372402811473501,
0.454460661479932),.UNSPECIFIED.);
#124=B_SPLINE_CURVE_WITH_KNOTS('',3,(#3168,#3169,#3170,#3171,#3172,#3173),
 .UNSPECIFIED.,.F.,.F.,(4,2,4),(-0.3,-0.15,0.),.UNSPECIFIED.);
#125=B_SPLINE_CURVE_WITH_KNOTS('',3,(#3175,#3176,#3177,#3178),
 .UNSPECIFIED.,.F.,.F.,(4,4),(0.0900000000000001,0.25),.UNSPECIFIED.);
#126=B_SPLINE_CURVE_WITH_KNOTS('',3,(#3179,#3180,#3181,#3182,#3183,#3184),
 .UNSPECIFIED.,.F.,.F.,(4,2,4),(-0.400000000000001,-0.200000000000001,-0.1),
 .UNSPECIFIED.);
#127=B_SPLINE_CURVE_WITH_KNOTS('',3,(#3217,#3218,#3219,#3220),
 .UNSPECIFIED.,.F.,.F.,(4,4),(-0.241339685412204,-0.0154305567777768),
 .UNSPECIFIED.);
#128=B_SPLINE_CURVE_WITH_KNOTS('',3,(#3243,#3244,#3245,#3246,#3247,#3248,
#3249),.UNSPECIFIED.,.F.,.F.,(4,3,4),(-0.999738566838325,-0.628086286640916,
-0.412654005162464),.UNSPECIFIED.);
#129=B_SPLINE_CURVE_WITH_KNOTS('',3,(#3250,#3251,#3252,#3253,#3254,#3255),
 .UNSPECIFIED.,.F.,.F.,(4,2,4),(0.,0.15,0.3),.UNSPECIFIED.);
#130=B_SPLINE_CURVE_WITH_KNOTS('',3,(#3283,#3284,#3285,#3286),
 .UNSPECIFIED.,.F.,.F.,(4,4),(0.,0.460000000000001),.UNSPECIFIED.);
#131=B_SPLINE_CURVE_WITH_KNOTS('',3,(#3287,#3288,#3289,#3290,#3291,#3292,
#3293),.UNSPECIFIED.,.F.,.F.,(4,3,4),(-0.731710792532051,-0.678272577210173,
-0.41240869685919),.UNSPECIFIED.);
#132=B_SPLINE_CURVE_WITH_KNOTS('',3,(#3321,#3322,#3323,#3324,#3325,#3326,
#3327,#3328,#3329,#3330),.UNSPECIFIED.,.F.,.F.,(4,3,3,4),(-0.251399567097113,
-0.220679970656416,0.000112885483519447,0.00124174031871739),
 .UNSPECIFIED.);
#133=B_SPLINE_CURVE_WITH_KNOTS('',3,(#3331,#3332,#3333,#3334,#3335,#3336),
 .UNSPECIFIED.,.F.,.F.,(4,2,4),(-0.460000000000001,-0.275,0.),
 .UNSPECIFIED.);
#134=B_SPLINE_CURVE_WITH_KNOTS('',3,(#3339,#3340,#3341,#3342),
 .UNSPECIFIED.,.F.,.F.,(4,4),(0.412653999869267,0.999738566857548),
 .UNSPECIFIED.);
#135=B_SPLINE_CURVE_WITH_KNOTS('',3,(#3346,#3347,#3348,#3349,#3350,#3351,
#3352,#3353,#3354,#3355,#3356,#3357,#3358),.UNSPECIFIED.,.F.,.F.,(4,3,3,
3,4),(0.,0.652336827719063,1.30467365543813,1.95701048315719,2.28317889701672),
 .UNSPECIFIED.);
#136=B_SPLINE_CURVE_WITH_KNOTS('',3,(#3424,#3425,#3426,#3427,#3428,#3429),
 .UNSPECIFIED.,.F.,.F.,(4,2,4),(-0.300000000000001,-0.15,0.),
 .UNSPECIFIED.);
#137=B_SPLINE_CURVE_WITH_KNOTS('',3,(#3473,#3474,#3475,#3476,#3477,#3478,
#3479,#3480),.UNSPECIFIED.,.F.,.F.,(4,2,2,4),(0.26597366103324,0.342480014928965,
0.444851379578378,0.588012012513486),.UNSPECIFIED.);
#138=B_SPLINE_CURVE_WITH_KNOTS('',3,(#3540,#3541,#3542,#3543),
 .UNSPECIFIED.,.F.,.F.,(4,4),(0.0900000000000001,0.25),.UNSPECIFIED.);
#139=B_SPLINE_CURVE_WITH_KNOTS('',3,(#3580,#3581,#3582,#3583),
 .UNSPECIFIED.,.F.,.F.,(4,4),(0.330000000000001,0.490000000000001),
 .UNSPECIFIED.);
#140=B_SPLINE_CURVE_WITH_KNOTS('',3,(#3586,#3587,#3588,#3589,#3590,#3591,
#3592),.UNSPECIFIED.,.F.,.F.,(4,3,4),(-0.241259126325936,0.,0.0127466072396823),
 .UNSPECIFIED.);
#141=B_SPLINE_CURVE_WITH_KNOTS('',3,(#3610,#3611,#3612,#3613),
 .UNSPECIFIED.,.F.,.F.,(4,4),(-0.300000000000001,0.16),.UNSPECIFIED.);
#142=B_SPLINE_CURVE_WITH_KNOTS('',3,(#3628,#3629,#3630,#3631),
 .UNSPECIFIED.,.F.,.F.,(4,4),(-0.460000000000001,0.),.UNSPECIFIED.);
#143=B_SPLINE_CURVE_WITH_KNOTS('',3,(#3633,#3634,#3635,#3636,#3637,#3638),
 .UNSPECIFIED.,.F.,.F.,(4,2,4),(0.0900000000000004,0.275,0.550000000000001),
 .UNSPECIFIED.);
#144=B_SPLINE_SURFACE_WITH_KNOTS('',3,3,((#1474,#1475,#1476,#1477,#1478,
#1479),(#1480,#1481,#1482,#1483,#1484,#1485),(#1486,#1487,#1488,#1489,#1490,
#1491),(#1492,#1493,#1494,#1495,#1496,#1497),(#1498,#1499,#1500,#1501,#1502,
#1503)),.UNSPECIFIED.,.F.,.F.,.F.,(4,1,4),(4,2,4),(0.,0.571428571428571,
1.),(-0.0850367062814903,0.,2.01839005352481),.UNSPECIFIED.);
#145=B_SPLINE_SURFACE_WITH_KNOTS('',3,3,((#1592,#1593,#1594,#1595,#1596,
#1597),(#1598,#1599,#1600,#1601,#1602,#1603),(#1604,#1605,#1606,#1607,#1608,
#1609),(#1610,#1611,#1612,#1613,#1614,#1615),(#1616,#1617,#1618,#1619,#1620,
#1621)),.UNSPECIFIED.,.F.,.F.,.F.,(4,1,4),(4,2,4),(0.,0.571428571428571,
1.),(0.,2.01839483678201,2.10343127383357),.UNSPECIFIED.);
#146=B_SPLINE_SURFACE_WITH_KNOTS('',3,3,((#1700,#1701,#1702,#1703),(#1704,
#1705,#1706,#1707),(#1708,#1709,#1710,#1711),(#1712,#1713,#1714,#1715)),
 .UNSPECIFIED.,.F.,.F.,.F.,(4,4),(4,4),(0.,0.241259126325839),(0.,0.18922350900148),
 .UNSPECIFIED.);
#147=B_SPLINE_SURFACE_WITH_KNOTS('',3,3,((#1726,#1727,#1728,#1729,#1730,
#1731,#1732,#1733,#1734,#1735,#1736,#1737),(#1738,#1739,#1740,#1741,#1742,
#1743,#1744,#1745,#1746,#1747,#1748,#1749),(#1750,#1751,#1752,#1753,#1754,
#1755,#1756,#1757,#1758,#1759,#1760,#1761),(#1762,#1763,#1764,#1765,#1766,
#1767,#1768,#1769,#1770,#1771,#1772,#1773),(#1774,#1775,#1776,#1777,#1778,
#1779,#1780,#1781,#1782,#1783,#1784,#1785)),.UNSPECIFIED.,.F.,.F.,.F.,(4,
1,4),(4,1,1,1,1,1,1,2,4),(0.,0.571428571428571,1.),(-3.57220083410641,-2.55551651568101,
-2.04717435646831,-1.53883219725561,-0.522147878830215,-0.267976799223865,
-0.14089125942069,-0.0138057196175156,-0.00635657782458484),
 .UNSPECIFIED.);
#148=B_SPLINE_SURFACE_WITH_KNOTS('',3,3,((#1836,#1837,#1838,#1839),(#1840,
#1841,#1842,#1843),(#1844,#1845,#1846,#1847),(#1848,#1849,#1850,#1851),
(#1852,#1853,#1854,#1855),(#1856,#1857,#1858,#1859),(#1860,#1861,#1862,
#1863),(#1864,#1865,#1866,#1867),(#1868,#1869,#1870,#1871),(#1872,#1873,
#1874,#1875)),.UNSPECIFIED.,.F.,.F.,.F.,(4,3,1,1,1,4),(4,4),(-1.00476945590739,
-1.,-0.85884947580724,-0.788274213710861,-0.717698951614481,-0.505973165325341),
(-6.25012396510793E-15,0.18922350900148),.UNSPECIFIED.);
#149=B_SPLINE_SURFACE_WITH_KNOTS('',3,3,((#1915,#1916,#1917,#1918,#1919,
#1920,#1921,#1922),(#1923,#1924,#1925,#1926,#1927,#1928,#1929,#1930),(#1931,
#1932,#1933,#1934,#1935,#1936,#1937,#1938),(#1939,#1940,#1941,#1942,#1943,
#1944,#1945,#1946),(#1947,#1948,#1949,#1950,#1951,#1952,#1953,#1954)),
 .UNSPECIFIED.,.F.,.F.,.F.,(4,1,4),(4,2,1,1,4),(0.,0.571428571428571,1.),
(-2.146714040801,-2.1330604903589,-1.22554734097226,-0.923042957843385,
-0.0155298084567464),.UNSPECIFIED.);
#150=B_SPLINE_SURFACE_WITH_KNOTS('',3,3,((#2013,#2014,#2015,#2016,#2017,
#2018,#2019,#2020),(#2021,#2022,#2023,#2024,#2025,#2026,#2027,#2028),(#2029,
#2030,#2031,#2032,#2033,#2034,#2035,#2036),(#2037,#2038,#2039,#2040,#2041,
#2042,#2043,#2044),(#2045,#2046,#2047,#2048,#2049,#2050,#2051,#2052)),
 .UNSPECIFIED.,.F.,.F.,.F.,(4,1,4),(4,1,1,2,4),(0.,0.571428571428571,1.),
(-2.14356965548216,-1.23608801217027,-0.933594131066302,-0.0261124877544122,
-0.0122804759731566),.UNSPECIFIED.);
#151=B_SPLINE_SURFACE_WITH_KNOTS('',3,3,((#2081,#2082,#2083,#2084),(#2085,
#2086,#2087,#2088),(#2089,#2090,#2091,#2092),(#2093,#2094,#2095,#2096),
(#2097,#2098,#2099,#2100),(#2101,#2102,#2103,#2104),(#2105,#2106,#2107,
#2108)),.UNSPECIFIED.,.F.,.F.,.F.,(4,3,4),(4,4),(-0.00182202397450136,0.,
0.257339683191899),(-1.65642340009665E-16,0.18922350900148),
 .UNSPECIFIED.);
#152=B_SPLINE_SURFACE_WITH_KNOTS('',3,3,((#2138,#2139,#2140,#2141,#2142,
#2143,#2144,#2145,#2146,#2147,#2148,#2149,#2150,#2151,#2152),(#2153,#2154,
#2155,#2156,#2157,#2158,#2159,#2160,#2161,#2162,#2163,#2164,#2165,#2166,
#2167),(#2168,#2169,#2170,#2171,#2172,#2173,#2174,#2175,#2176,#2177,#2178,
#2179,#2180,#2181,#2182),(#2183,#2184,#2185,#2186,#2187,#2188,#2189,#2190,
#2191,#2192,#2193,#2194,#2195,#2196,#2197),(#2198,#2199,#2200,#2201,#2202,
#2203,#2204,#2205,#2206,#2207,#2208,#2209,#2210,#2211,#2212)),
 .UNSPECIFIED.,.F.,.F.,.F.,(4,1,4),(4,2,1,1,1,1,1,1,1,1,1,4),(0.,0.571428571428571,
1.),(-3.57765422508901,-3.57042459082379,-3.44333144620353,-3.31623830158327,
-3.06205201234275,-2.80786572310222,-2.5536794338617,-2.04530685538065,
-1.53693427689961,-1.02856169841856,-0.520189119937514,-0.0118165414564673),
 .UNSPECIFIED.);
#153=B_SPLINE_SURFACE_WITH_KNOTS('',3,3,((#2307,#2308,#2309,#2310,#2311,
#2312),(#2313,#2314,#2315,#2316,#2317,#2318),(#2319,#2320,#2321,#2322,#2323,
#2324),(#2325,#2326,#2327,#2328,#2329,#2330),(#2331,#2332,#2333,#2334,#2335,
#2336)),.UNSPECIFIED.,.F.,.F.,.F.,(4,1,4),(4,2,4),(0.,0.571428571428571,
1.),(-1.51519393243883,-0.000672957678558797,0.00512753871800382),
 .UNSPECIFIED.);
#154=B_SPLINE_SURFACE_WITH_KNOTS('',3,3,((#2375,#2376,#2377,#2378),(#2379,
#2380,#2381,#2382),(#2383,#2384,#2385,#2386),(#2387,#2388,#2389,#2390),
(#2391,#2392,#2393,#2394),(#2395,#2396,#2397,#2398),(#2399,#2400,#2401,
#2402)),.UNSPECIFIED.,.F.,.F.,.F.,(4,3,4),(4,4),(-0.000112885483519447,
0.,0.251078471639879),(-2.71087405995241E-14,0.18922350900149),
 .UNSPECIFIED.);
#155=B_SPLINE_SURFACE_WITH_KNOTS('',3,3,((#2441,#2442,#2443,#2444,#2445,
#2446),(#2447,#2448,#2449,#2450,#2451,#2452),(#2453,#2454,#2455,#2456,#2457,
#2458),(#2459,#2460,#2461,#2462,#2463,#2464),(#2465,#2466,#2467,#2468,#2469,
#2470)),.UNSPECIFIED.,.F.,.F.,.F.,(4,1,4),(4,2,4),(0.,0.571428571428571,
1.),(-1.51883254370569,-1.5130320369808,0.00148872972350844),
 .UNSPECIFIED.);
#156=B_SPLINE_SURFACE_WITH_KNOTS('',3,1,((#2548,#2549),(#2550,#2551),(#2552,
#2553),(#2554,#2555)),.UNSPECIFIED.,.F.,.F.,.F.,(4,4),(2,2),(-0.412654005162464,
-0.251078471639878),(0.,0.25),.UNSPECIFIED.);
#157=B_SPLINE_SURFACE_WITH_KNOTS('',3,1,((#2593,#2594),(#2595,#2596),(#2597,
#2598),(#2599,#2600),(#2601,#2602),(#2603,#2604),(#2605,#2606),(#2607,#2608),
(#2609,#2610),(#2611,#2612),(#2613,#2614),(#2615,#2616),(#2617,#2618),(#2619,
#2620),(#2621,#2622),(#2623,#2624)),.UNSPECIFIED.,.F.,.F.,.F.,(4,3,3,3,
3,4),(2,2),(-0.99648326967935,-0.835569012394415,-0.660555610526239,-0.452565290042274,
-0.270769293571501,-0.00139574951019572),(-0.250000000000001,0.3),
 .UNSPECIFIED.);
#158=B_SPLINE_SURFACE_WITH_KNOTS('',3,1,((#3049,#3050),(#3051,#3052),(#3053,
#3054),(#3055,#3056),(#3057,#3058),(#3059,#3060),(#3061,#3062),(#3063,#3064),
(#3065,#3066),(#3067,#3068),(#3069,#3070),(#3071,#3072),(#3073,#3074)),
 .UNSPECIFIED.,.F.,.F.,.F.,(4,3,3,3,4),(2,2),(-0.999738566857548,-0.499812840581226,
-0.177053807393518,0.000112885695096537,0.010111400220623),(-0.25,0.300000000000001),
 .UNSPECIFIED.);
#159=B_SPLINE_SURFACE_WITH_KNOTS('',3,1,((#3081,#3082),(#3083,#3084),(#3085,
#3086),(#3087,#3088),(#3089,#3090),(#3091,#3092),(#3093,#3094),(#3095,#3096),
(#3097,#3098),(#3099,#3100),(#3101,#3102),(#3103,#3104),(#3105,#3106)),
 .UNSPECIFIED.,.F.,.F.,.F.,(4,3,3,3,4),(2,2),(-0.999738566857548,-0.499812840581226,
-0.177053807393518,0.000112885695096537,0.010111400220623),(-0.25,0.300000000000001),
 .UNSPECIFIED.);
#160=B_SPLINE_SURFACE_WITH_KNOTS('',3,3,((#3119,#3120,#3121,#3122),(#3123,
#3124,#3125,#3126),(#3127,#3128,#3129,#3130),(#3131,#3132,#3133,#3134),
(#3135,#3136,#3137,#3138),(#3139,#3140,#3141,#3142),(#3143,#3144,#3145,
#3146)),.UNSPECIFIED.,.F.,.F.,.F.,(4,3,4),(4,4),(-0.251078458402215,0.,
0.000112885695096537),(-5.91174107124371E-13,0.18922350900149),
 .UNSPECIFIED.);
#161=B_SPLINE_SURFACE_WITH_KNOTS('',3,1,((#3155,#3156),(#3157,#3158),(#3159,
#3160),(#3161,#3162)),.UNSPECIFIED.,.F.,.F.,.F.,(4,4),(2,2),(0.251078471639878,
0.412654005162464),(0.,0.25),.UNSPECIFIED.);
#162=B_SPLINE_SURFACE_WITH_KNOTS('',3,1,((#3185,#3186),(#3187,#3188),(#3189,
#3190),(#3191,#3192),(#3193,#3194),(#3195,#3196),(#3197,#3198),(#3199,#3200),
(#3201,#3202),(#3203,#3204),(#3205,#3206),(#3207,#3208),(#3209,#3210),(#3211,
#3212),(#3213,#3214),(#3215,#3216)),.UNSPECIFIED.,.F.,.F.,.F.,(4,3,3,3,
3,4),(2,2),(0.00139579528520356,0.250167664787586,0.430307943375499,0.713395608335116,
0.875761654740945,0.996483273294733),(-0.25,0.300000000000001),
 .UNSPECIFIED.);
#163=B_SPLINE_SURFACE_WITH_KNOTS('',3,1,((#3222,#3223),(#3224,#3225),(#3226,
#3227),(#3228,#3229),(#3230,#3231),(#3232,#3233),(#3234,#3235),(#3236,#3237),
(#3238,#3239),(#3240,#3241)),.UNSPECIFIED.,.F.,.F.,.F.,(4,3,3,4),(2,2),
(-0.01,0.,0.628086286640916,1.),(0.,0.3),.UNSPECIFIED.);
#164=B_SPLINE_SURFACE_WITH_KNOTS('',3,1,((#3256,#3257),(#3258,#3259),(#3260,
#3261),(#3262,#3263),(#3264,#3265),(#3266,#3267),(#3268,#3269),(#3270,#3271),
(#3272,#3273),(#3274,#3275),(#3276,#3277),(#3278,#3279),(#3280,#3281)),
 .UNSPECIFIED.,.F.,.F.,.F.,(4,3,3,3,4),(2,2),(-0.0101114000067379,-0.000112885483519447,
0.220679970656416,0.678272577210173,0.999738566838325),(-0.25,0.3),
 .UNSPECIFIED.);
#165=B_SPLINE_SURFACE_WITH_KNOTS('',3,1,((#3294,#3295),(#3296,#3297),(#3298,
#3299),(#3300,#3301),(#3302,#3303),(#3304,#3305),(#3306,#3307),(#3308,#3309),
(#3310,#3311),(#3312,#3313),(#3314,#3315),(#3316,#3317),(#3318,#3319)),
 .UNSPECIFIED.,.F.,.F.,.F.,(4,3,3,3,4),(2,2),(-0.0101114000067379,-0.000112885483519447,
0.220679970656416,0.678272577210173,0.999738566838325),(-0.25,0.3),
 .UNSPECIFIED.);
#166=B_SPLINE_SURFACE_WITH_KNOTS('',3,3,((#3359,#3360,#3361,#3362),(#3363,
#3364,#3365,#3366),(#3367,#3368,#3369,#3370),(#3371,#3372,#3373,#3374),
(#3375,#3376,#3377,#3378),(#3379,#3380,#3381,#3382),(#3383,#3384,#3385,
#3386)),.UNSPECIFIED.,.F.,.F.,.F.,(4,1,1,1,4),(4,4),(0.,0.285714285714286,
0.571428571428571,0.857142857142857,1.),(0.,0.460000000000001),
 .UNSPECIFIED.);
#167=B_SPLINE_SURFACE_WITH_KNOTS('',3,3,((#3387,#3388,#3389,#3390),(#3391,
#3392,#3393,#3394),(#3395,#3396,#3397,#3398),(#3399,#3400,#3401,#3402)),
 .UNSPECIFIED.,.F.,.F.,.F.,(4,4),(4,4),(-0.241258993223811,0.),(0.,0.18922350900148),
 .UNSPECIFIED.);
#168=B_SPLINE_SURFACE_WITH_KNOTS('',3,1,((#3404,#3405),(#3406,#3407),(#3408,
#3409),(#3410,#3411),(#3412,#3413),(#3414,#3415),(#3416,#3417),(#3418,#3419),
(#3420,#3421),(#3422,#3423)),.UNSPECIFIED.,.F.,.F.,.F.,(4,3,3,4),(2,2),
(-1.,-0.371913569700812,0.,0.01),(0.,0.300000000000001),.UNSPECIFIED.);
#169=B_SPLINE_SURFACE_WITH_KNOTS('',3,3,((#3433,#3434,#3435,#3436),(#3437,
#3438,#3439,#3440),(#3441,#3442,#3443,#3444),(#3445,#3446,#3447,#3448),
(#3449,#3450,#3451,#3452),(#3453,#3454,#3455,#3456),(#3457,#3458,#3459,
#3460),(#3461,#3462,#3463,#3464),(#3465,#3466,#3467,#3468),(#3469,#3470,
#3471,#3472)),.UNSPECIFIED.,.F.,.F.,.F.,(4,1,1,1,3,4),(4,4),(0.505973160482213,
0.717698948846979,0.788274211635234,0.858849474423489,1.,1.00476945047277),
(-6.63242351722687E-15,0.18922350900148),.UNSPECIFIED.);
#170=B_SPLINE_SURFACE_WITH_KNOTS('',3,3,((#3481,#3482,#3483,#3484),(#3485,
#3486,#3487,#3488),(#3489,#3490,#3491,#3492),(#3493,#3494,#3495,#3496),
(#3497,#3498,#3499,#3500),(#3501,#3502,#3503,#3504),(#3505,#3506,#3507,
#3508)),.UNSPECIFIED.,.F.,.F.,.F.,(4,3,4),(4,4),(-0.257339693599684,0.,
0.00182196422168993),(-5.19752873226596E-16,0.18922350900148),
 .UNSPECIFIED.);
#171=B_SPLINE_SURFACE_WITH_KNOTS('',3,1,((#3596,#3597),(#3598,#3599),(#3600,
#3601),(#3602,#3603),(#3604,#3605),(#3606,#3607),(#3608,#3609)),
 .UNSPECIFIED.,.F.,.F.,.F.,(4,3,4),(2,2),(-0.0318993048875976,0.,0.241259126325936),
(-0.25,0.300000000000001),.UNSPECIFIED.);
#172=B_SPLINE_SURFACE_WITH_KNOTS('',3,1,((#3614,#3615),(#3616,#3617),(#3618,
#3619),(#3620,#3621),(#3622,#3623),(#3624,#3625),(#3626,#3627)),
 .UNSPECIFIED.,.F.,.F.,.F.,(4,3,4),(2,2),(-0.241258993223908,0.,0.0318994733065574),
(-0.25,0.3),.UNSPECIFIED.);
#173=B_SPLINE_SURFACE_WITH_KNOTS('',3,1,((#3639,#3640),(#3641,#3642),(#3643,
#3644),(#3645,#3646),(#3647,#3648),(#3649,#3650),(#3651,#3652),(#3653,#3654),
(#3655,#3656),(#3657,#3658),(#3659,#3660),(#3661,#3662),(#3663,#3664),(#3665,
#3666),(#3667,#3668),(#3669,#3670)),.UNSPECIFIED.,.F.,.F.,.F.,(4,3,3,3,
3,4),(2,2),(0.00139579528520356,0.250167664787586,0.430307943375499,0.713395608335116,
0.875761654740945,0.996483273294733),(-0.25,0.300000000000001),
 .UNSPECIFIED.);
#174=B_SPLINE_SURFACE_WITH_KNOTS('',3,1,((#3671,#3672),(#3673,#3674),(#3675,
#3676),(#3677,#3678),(#3679,#3680),(#3681,#3682),(#3683,#3684),(#3685,#3686),
(#3687,#3688),(#3689,#3690),(#3691,#3692),(#3693,#3694),(#3695,#3696),(#3697,
#3698),(#3699,#3700),(#3701,#3702)),.UNSPECIFIED.,.F.,.F.,.F.,(4,3,3,3,
3,4),(2,2),(-0.99648326967935,-0.835569012394415,-0.660555610526239,-0.452565290042274,
-0.270769293571501,-0.00139574951019572),(-0.250000000000001,0.3),
 .UNSPECIFIED.);
#175=PLANE('',#1283);
#176=PLANE('',#1284);
#177=PLANE('',#1285);
#178=PLANE('',#1286);
#179=PLANE('',#1287);
#180=PLANE('',#1288);
#181=PLANE('',#1289);
#182=PLANE('',#1290);
#183=PLANE('',#1291);
#184=PLANE('',#1292);
#185=PLANE('',#1293);
#186=PLANE('',#1294);
#187=PLANE('',#1295);
#188=PLANE('',#1296);
#189=PLANE('',#1297);
#190=PLANE('',#1298);
#191=PLANE('',#1299);
#192=PLANE('',#1300);
#193=PLANE('',#1301);
#194=PLANE('',#1302);
#195=PLANE('',#1303);
#196=PLANE('',#1304);
#197=PLANE('',#1305);
#198=PLANE('',#1306);
#199=PLANE('',#1307);
#200=PLANE('',#1308);
#201=PLANE('',#1309);
#202=PLANE('',#1310);
#203=PLANE('',#1311);
#204=PLANE('',#1312);
#205=PLANE('',#1313);
#206=PLANE('',#1314);
#207=PLANE('',#1315);
#208=FACE_OUTER_BOUND('',#275,.T.);
#209=FACE_OUTER_BOUND('',#276,.T.);
#210=FACE_OUTER_BOUND('',#277,.T.);
#211=FACE_OUTER_BOUND('',#278,.T.);
#212=FACE_OUTER_BOUND('',#279,.T.);
#213=FACE_OUTER_BOUND('',#280,.T.);
#214=FACE_OUTER_BOUND('',#281,.T.);
#215=FACE_OUTER_BOUND('',#282,.T.);
#216=FACE_OUTER_BOUND('',#283,.T.);
#217=FACE_OUTER_BOUND('',#284,.T.);
#218=FACE_OUTER_BOUND('',#285,.T.);
#219=FACE_OUTER_BOUND('',#286,.T.);
#220=FACE_OUTER_BOUND('',#287,.T.);
#221=FACE_OUTER_BOUND('',#288,.T.);
#222=FACE_OUTER_BOUND('',#289,.T.);
#223=FACE_OUTER_BOUND('',#290,.T.);
#224=FACE_OUTER_BOUND('',#291,.T.);
#225=FACE_OUTER_BOUND('',#292,.T.);
#226=FACE_OUTER_BOUND('',#293,.T.);
#227=FACE_OUTER_BOUND('',#294,.T.);
#228=FACE_OUTER_BOUND('',#295,.T.);
#229=FACE_OUTER_BOUND('',#296,.T.);
#230=FACE_OUTER_BOUND('',#297,.T.);
#231=FACE_OUTER_BOUND('',#298,.T.);
#232=FACE_OUTER_BOUND('',#299,.T.);
#233=FACE_OUTER_BOUND('',#300,.T.);
#234=FACE_OUTER_BOUND('',#301,.T.);
#235=FACE_OUTER_BOUND('',#302,.T.);
#236=FACE_OUTER_BOUND('',#303,.T.);
#237=FACE_OUTER_BOUND('',#304,.T.);
#238=FACE_OUTER_BOUND('',#305,.T.);
#239=FACE_OUTER_BOUND('',#306,.T.);
#240=FACE_OUTER_BOUND('',#307,.T.);
#241=FACE_OUTER_BOUND('',#308,.T.);
#242=FACE_OUTER_BOUND('',#309,.T.);
#243=FACE_OUTER_BOUND('',#310,.T.);
#244=FACE_OUTER_BOUND('',#311,.T.);
#245=FACE_OUTER_BOUND('',#312,.T.);
#246=FACE_OUTER_BOUND('',#313,.T.);
#247=FACE_OUTER_BOUND('',#314,.T.);
#248=FACE_OUTER_BOUND('',#315,.T.);
#249=FACE_OUTER_BOUND('',#316,.T.);
#250=FACE_OUTER_BOUND('',#317,.T.);
#251=FACE_OUTER_BOUND('',#318,.T.);
#252=FACE_OUTER_BOUND('',#319,.T.);
#253=FACE_OUTER_BOUND('',#321,.T.);
#254=FACE_OUTER_BOUND('',#322,.T.);
#255=FACE_OUTER_BOUND('',#323,.T.);
#256=FACE_OUTER_BOUND('',#324,.T.);
#257=FACE_OUTER_BOUND('',#325,.T.);
#258=FACE_OUTER_BOUND('',#326,.T.);
#259=FACE_OUTER_BOUND('',#327,.T.);
#260=FACE_OUTER_BOUND('',#328,.T.);
#261=FACE_OUTER_BOUND('',#329,.T.);
#262=FACE_OUTER_BOUND('',#330,.T.);
#263=FACE_OUTER_BOUND('',#331,.T.);
#264=FACE_OUTER_BOUND('',#332,.T.);
#265=FACE_OUTER_BOUND('',#333,.T.);
#266=FACE_OUTER_BOUND('',#334,.T.);
#267=FACE_OUTER_BOUND('',#335,.T.);
#268=FACE_OUTER_BOUND('',#336,.T.);
#269=FACE_OUTER_BOUND('',#337,.T.);
#270=FACE_OUTER_BOUND('',#338,.T.);
#271=FACE_OUTER_BOUND('',#339,.T.);
#272=FACE_OUTER_BOUND('',#340,.T.);
#273=FACE_OUTER_BOUND('',#341,.T.);
#274=FACE_OUTER_BOUND('',#342,.T.);
#275=EDGE_LOOP('',(#809,#810,#811,#812));
#276=EDGE_LOOP('',(#813));
#277=EDGE_LOOP('',(#814,#815,#816,#817));
#278=EDGE_LOOP('',(#818,#819,#820,#821,#822,#823,#824,#825,#826,#827));
#279=EDGE_LOOP('',(#828,#829,#830,#831));
#280=EDGE_LOOP('',(#832,#833,#834,#835));
#281=EDGE_LOOP('',(#836,#837,#838,#839,#840,#841,#842,#843,#844,#845));
#282=EDGE_LOOP('',(#846,#847,#848,#849));
#283=EDGE_LOOP('',(#850,#851,#852,#853));
#284=EDGE_LOOP('',(#854,#855,#856,#857));
#285=EDGE_LOOP('',(#858,#859,#860,#861,#862,#863,#864,#865));
#286=EDGE_LOOP('',(#866,#867,#868,#869));
#287=EDGE_LOOP('',(#870,#871,#872,#873));
#288=EDGE_LOOP('',(#874,#875,#876,#877,#878,#879,#880,#881));
#289=EDGE_LOOP('',(#882,#883,#884,#885));
#290=EDGE_LOOP('',(#886,#887,#888,#889));
#291=EDGE_LOOP('',(#890,#891,#892,#893,#894,#895,#896,#897));
#292=EDGE_LOOP('',(#898,#899,#900,#901));
#293=EDGE_LOOP('',(#902,#903,#904,#905));
#294=EDGE_LOOP('',(#906,#907,#908,#909,#910,#911,#912,#913));
#295=EDGE_LOOP('',(#914,#915,#916,#917));
#296=EDGE_LOOP('',(#918,#919,#920,#921));
#297=EDGE_LOOP('',(#922,#923,#924,#925,#926,#927,#928));
#298=EDGE_LOOP('',(#929,#930,#931,#932));
#299=EDGE_LOOP('',(#933,#934,#935,#936));
#300=EDGE_LOOP('',(#937,#938,#939,#940,#941,#942,#943));
#301=EDGE_LOOP('',(#944,#945,#946,#947));
#302=EDGE_LOOP('',(#948,#949,#950,#951));
#303=EDGE_LOOP('',(#952,#953,#954,#955,#956,#957));
#304=EDGE_LOOP('',(#958,#959,#960,#961,#962));
#305=EDGE_LOOP('',(#963,#964,#965,#966));
#306=EDGE_LOOP('',(#967,#968,#969,#970,#971,#972,#973,#974,#975,#976,#977,
#978,#979,#980,#981,#982,#983,#984,#985,#986,#987,#988,#989,#990,#991,#992,
#993,#994,#995));
#307=EDGE_LOOP('',(#996,#997,#998,#999,#1000,#1001,#1002,#1003,#1004,#1005,
#1006,#1007,#1008,#1009,#1010,#1011,#1012,#1013,#1014,#1015,#1016,#1017,
#1018,#1019,#1020,#1021,#1022,#1023,#1024,#1025,#1026,#1027,#1028,#1029));
#308=EDGE_LOOP('',(#1030,#1031,#1032,#1033,#1034));
#309=EDGE_LOOP('',(#1035,#1036,#1037,#1038,#1039));
#310=EDGE_LOOP('',(#1040,#1041,#1042,#1043));
#311=EDGE_LOOP('',(#1044,#1045,#1046,#1047));
#312=EDGE_LOOP('',(#1048,#1049,#1050,#1051));
#313=EDGE_LOOP('',(#1052,#1053,#1054,#1055,#1056,#1057));
#314=EDGE_LOOP('',(#1058,#1059,#1060,#1061,#1062));
#315=EDGE_LOOP('',(#1063,#1064,#1065,#1066));
#316=EDGE_LOOP('',(#1067,#1068,#1069,#1070));
#317=EDGE_LOOP('',(#1071,#1072,#1073,#1074,#1075));
#318=EDGE_LOOP('',(#1076,#1077,#1078,#1079,#1080));
#319=EDGE_LOOP('',(#1081,#1082,#1083,#1084,#1085,#1086,#1087,#1088,#1089));
#320=EDGE_LOOP('',(#1090));
#321=EDGE_LOOP('',(#1091,#1092,#1093,#1094));
#322=EDGE_LOOP('',(#1095,#1096,#1097,#1098));
#323=EDGE_LOOP('',(#1099,#1100,#1101,#1102));
#324=EDGE_LOOP('',(#1103,#1104,#1105,#1106));
#325=EDGE_LOOP('',(#1107,#1108,#1109,#1110));
#326=EDGE_LOOP('',(#1111,#1112,#1113,#1114));
#327=EDGE_LOOP('',(#1115,#1116,#1117,#1118));
#328=EDGE_LOOP('',(#1119,#1120,#1121,#1122));
#329=EDGE_LOOP('',(#1123,#1124,#1125,#1126));
#330=EDGE_LOOP('',(#1127,#1128,#1129,#1130));
#331=EDGE_LOOP('',(#1131,#1132,#1133,#1134));
#332=EDGE_LOOP('',(#1135,#1136,#1137,#1138));
#333=EDGE_LOOP('',(#1139,#1140,#1141,#1142));
#334=EDGE_LOOP('',(#1143,#1144,#1145,#1146));
#335=EDGE_LOOP('',(#1147,#1148,#1149,#1150));
#336=EDGE_LOOP('',(#1151,#1152,#1153,#1154));
#337=EDGE_LOOP('',(#1155,#1156,#1157,#1158,#1159,#1160,#1161,#1162,#1163,
#1164));
#338=EDGE_LOOP('',(#1165,#1166,#1167,#1168,#1169));
#339=EDGE_LOOP('',(#1170,#1171,#1172,#1173,#1174));
#340=EDGE_LOOP('',(#1175,#1176,#1177,#1178,#1179,#1180,#1181,#1182,#1183,
#1184));
#341=EDGE_LOOP('',(#1185,#1186,#1187,#1188,#1189,#1190));
#342=EDGE_LOOP('',(#1191,#1192,#1193,#1194,#1195,#1196));
#343=LINE('',#1471,#413);
#344=LINE('',#1539,#414);
#345=LINE('',#1548,#415);
#346=LINE('',#1557,#416);
#347=LINE('',#1577,#417);
#348=LINE('',#1584,#418);
#349=LINE('',#1662,#419);
#350=LINE('',#1682,#420);
#351=LINE('',#1691,#421);
#352=LINE('',#1699,#422);
#353=LINE('',#1717,#423);
#354=LINE('',#1897,#424);
#355=LINE('',#1911,#425);
#356=LINE('',#1913,#426);
#357=LINE('',#1914,#427);
#358=LINE('',#1985,#428);
#359=LINE('',#1997,#429);
#360=LINE('',#1999,#430);
#361=LINE('',#2001,#431);
#362=LINE('',#2120,#432);
#363=LINE('',#2134,#433);
#364=LINE('',#2136,#434);
#365=LINE('',#2137,#435);
#366=LINE('',#2271,#436);
#367=LINE('',#2283,#437);
#368=LINE('',#2291,#438);
#369=LINE('',#2293,#439);
#370=LINE('',#2295,#440);
#371=LINE('',#2425,#441);
#372=LINE('',#2439,#442);
#373=LINE('',#2440,#443);
#374=LINE('',#2511,#444);
#375=LINE('',#2523,#445);
#376=LINE('',#2531,#446);
#377=LINE('',#2533,#447);
#378=LINE('',#2546,#448);
#379=LINE('',#2547,#449);
#380=LINE('',#2569,#450);
#381=LINE('',#2584,#451);
#382=LINE('',#2592,#452);
#383=LINE('',#2654,#453);
#384=LINE('',#2720,#454);
#385=LINE('',#2722,#455);
#386=LINE('',#2724,#456);
#387=LINE('',#2792,#457);
#388=LINE('',#2801,#458);
#389=LINE('',#2816,#459);
#390=LINE('',#2818,#460);
#391=LINE('',#2831,#461);
#392=LINE('',#2834,#462);
#393=LINE('',#2875,#463);
#394=LINE('',#2892,#464);
#395=LINE('',#2897,#465);
#396=LINE('',#2911,#466);
#397=LINE('',#2972,#467);
#398=LINE('',#2974,#468);
#399=LINE('',#2976,#469);
#400=LINE('',#3037,#470);
#401=LINE('',#3163,#471);
#402=LINE('',#3167,#472);
#403=LINE('',#3344,#473);
#404=LINE('',#3345,#474);
#405=LINE('',#3403,#475);
#406=LINE('',#3431,#476);
#407=LINE('',#3539,#477);
#408=LINE('',#3545,#478);
#409=LINE('',#3547,#479);
#410=LINE('',#3549,#480);
#411=LINE('',#3593,#481);
#412=LINE('',#3595,#482);
#413=VECTOR('',#1325,3.25);
#414=VECTOR('',#1332,10.);
#415=VECTOR('',#1333,10.);
#416=VECTOR('',#1334,10.);
#417=VECTOR('',#1335,10.);
#418=VECTOR('',#1338,10.);
#419=VECTOR('',#1341,10.);
#420=VECTOR('',#1342,10.);
#421=VECTOR('',#1343,10.);
#422=VECTOR('',#1344,10.);
#423=VECTOR('',#1345,10.);
#424=VECTOR('',#1348,10.);
#425=VECTOR('',#1349,10.);
#426=VECTOR('',#1350,10.);
#427=VECTOR('',#1351,10.);
#428=VECTOR('',#1354,10.);
#429=VECTOR('',#1357,10.);
#430=VECTOR('',#1358,10.);
#431=VECTOR('',#1359,10.);
#432=VECTOR('',#1362,10.);
#433=VECTOR('',#1363,10.);
#434=VECTOR('',#1364,10.);
#435=VECTOR('',#1365,10.);
#436=VECTOR('',#1368,10.);
#437=VECTOR('',#1369,10.);
#438=VECTOR('',#1372,10.);
#439=VECTOR('',#1373,10.);
#440=VECTOR('',#1374,10.);
#441=VECTOR('',#1377,10.);
#442=VECTOR('',#1378,10.);
#443=VECTOR('',#1379,10.);
#444=VECTOR('',#1382,10.);
#445=VECTOR('',#1383,10.);
#446=VECTOR('',#1386,10.);
#447=VECTOR('',#1387,10.);
#448=VECTOR('',#1390,10.);
#449=VECTOR('',#1391,10.);
#450=VECTOR('',#1392,10.);
#451=VECTOR('',#1395,10.);
#452=VECTOR('',#1396,10.);
#453=VECTOR('',#1399,10.);
#454=VECTOR('',#1402,10.);
#455=VECTOR('',#1403,10.);
#456=VECTOR('',#1404,10.);
#457=VECTOR('',#1405,10.);
#458=VECTOR('',#1406,10.);
#459=VECTOR('',#1407,10.);
#460=VECTOR('',#1408,10.);
#461=VECTOR('',#1409,10.);
#462=VECTOR('',#1412,10.);
#463=VECTOR('',#1413,10.);
#464=VECTOR('',#1414,10.);
#465=VECTOR('',#1415,10.);
#466=VECTOR('',#1416,10.);
#467=VECTOR('',#1417,10.);
#468=VECTOR('',#1418,10.);
#469=VECTOR('',#1419,10.);
#470=VECTOR('',#1420,10.);
#471=VECTOR('',#1423,10.);
#472=VECTOR('',#1426,10.);
#473=VECTOR('',#1431,10.);
#474=VECTOR('',#1432,10.);
#475=VECTOR('',#1433,10.);
#476=VECTOR('',#1436,10.);
#477=VECTOR('',#1439,10.);
#478=VECTOR('',#1442,10.);
#479=VECTOR('',#1445,10.);
#480=VECTOR('',#1448,10.);
#481=VECTOR('',#1451,10.);
#482=VECTOR('',#1454,10.);
#483=CIRCLE('',#1281,3.25);
#484=CIRCLE('',#1282,3.25);
#485=VERTEX_POINT('',#1468);
#486=VERTEX_POINT('',#1470);
#487=VERTEX_POINT('',#1504);
#488=VERTEX_POINT('',#1505);
#489=VERTEX_POINT('',#1513);
#490=VERTEX_POINT('',#1520);
#491=VERTEX_POINT('',#1538);
#492=VERTEX_POINT('',#1540);
#493=VERTEX_POINT('',#1547);
#494=VERTEX_POINT('',#1549);
#495=VERTEX_POINT('',#1556);
#496=VERTEX_POINT('',#1558);
#497=VERTEX_POINT('',#1571);
#498=VERTEX_POINT('',#1576);
#499=VERTEX_POINT('',#1583);
#500=VERTEX_POINT('',#1622);
#501=VERTEX_POINT('',#1623);
#502=VERTEX_POINT('',#1636);
#503=VERTEX_POINT('',#1643);
#504=VERTEX_POINT('',#1656);
#505=VERTEX_POINT('',#1661);
#506=VERTEX_POINT('',#1663);
#507=VERTEX_POINT('',#1668);
#508=VERTEX_POINT('',#1681);
#509=VERTEX_POINT('',#1683);
#510=VERTEX_POINT('',#1690);
#511=VERTEX_POINT('',#1692);
#512=VERTEX_POINT('',#1716);
#513=VERTEX_POINT('',#1786);
#514=VERTEX_POINT('',#1787);
#515=VERTEX_POINT('',#1800);
#516=VERTEX_POINT('',#1811);
#517=VERTEX_POINT('',#1876);
#518=VERTEX_POINT('',#1881);
#519=VERTEX_POINT('',#1896);
#520=VERTEX_POINT('',#1898);
#521=VERTEX_POINT('',#1905);
#522=VERTEX_POINT('',#1910);
#523=VERTEX_POINT('',#1912);
#524=VERTEX_POINT('',#1955);
#525=VERTEX_POINT('',#1956);
#526=VERTEX_POINT('',#1984);
#527=VERTEX_POINT('',#1991);
#528=VERTEX_POINT('',#1996);
#529=VERTEX_POINT('',#1998);
#530=VERTEX_POINT('',#2000);
#531=VERTEX_POINT('',#2002);
#532=VERTEX_POINT('',#2053);
#533=VERTEX_POINT('',#2060);
#534=VERTEX_POINT('',#2109);
#535=VERTEX_POINT('',#2119);
#536=VERTEX_POINT('',#2121);
#537=VERTEX_POINT('',#2128);
#538=VERTEX_POINT('',#2133);
#539=VERTEX_POINT('',#2135);
#540=VERTEX_POINT('',#2213);
#541=VERTEX_POINT('',#2214);
#542=VERTEX_POINT('',#2227);
#543=VERTEX_POINT('',#2241);
#544=VERTEX_POINT('',#2270);
#545=VERTEX_POINT('',#2272);
#546=VERTEX_POINT('',#2285);
#547=VERTEX_POINT('',#2290);
#548=VERTEX_POINT('',#2292);
#549=VERTEX_POINT('',#2294);
#550=VERTEX_POINT('',#2296);
#551=VERTEX_POINT('',#2337);
#552=VERTEX_POINT('',#2338);
#553=VERTEX_POINT('',#2351);
#554=VERTEX_POINT('',#2358);
#555=VERTEX_POINT('',#2403);
#556=VERTEX_POINT('',#2408);
#557=VERTEX_POINT('',#2424);
#558=VERTEX_POINT('',#2426);
#559=VERTEX_POINT('',#2433);
#560=VERTEX_POINT('',#2438);
#561=VERTEX_POINT('',#2471);
#562=VERTEX_POINT('',#2472);
#563=VERTEX_POINT('',#2485);
#564=VERTEX_POINT('',#2492);
#565=VERTEX_POINT('',#2510);
#566=VERTEX_POINT('',#2512);
#567=VERTEX_POINT('',#2525);
#568=VERTEX_POINT('',#2530);
#569=VERTEX_POINT('',#2532);
#570=VERTEX_POINT('',#2534);
#571=VERTEX_POINT('',#2556);
#572=VERTEX_POINT('',#2561);
#573=VERTEX_POINT('',#2571);
#574=VERTEX_POINT('',#2572);
#575=VERTEX_POINT('',#2579);
#576=VERTEX_POINT('',#2585);
#577=VERTEX_POINT('',#2625);
#578=VERTEX_POINT('',#2636);
#579=VERTEX_POINT('',#2660);
#580=VERTEX_POINT('',#2719);
#581=VERTEX_POINT('',#2721);
#582=VERTEX_POINT('',#2723);
#583=VERTEX_POINT('',#2725);
#584=VERTEX_POINT('',#2793);
#585=VERTEX_POINT('',#2802);
#586=VERTEX_POINT('',#2807);
#587=VERTEX_POINT('',#2815);
#588=VERTEX_POINT('',#2817);
#589=VERTEX_POINT('',#2823);
#590=VERTEX_POINT('',#2833);
#591=VERTEX_POINT('',#2845);
#592=VERTEX_POINT('',#2852);
#593=VERTEX_POINT('',#2866);
#594=VERTEX_POINT('',#2874);
#595=VERTEX_POINT('',#2880);
#596=VERTEX_POINT('',#2891);
#597=VERTEX_POINT('',#2902);
#598=VERTEX_POINT('',#2910);
#599=VERTEX_POINT('',#2912);
#600=VERTEX_POINT('',#2971);
#601=VERTEX_POINT('',#2973);
#602=VERTEX_POINT('',#2975);
#603=VERTEX_POINT('',#2977);
#604=VERTEX_POINT('',#3036);
#605=VERTEX_POINT('',#3107);
#606=VERTEX_POINT('',#3165);
#607=VERTEX_POINT('',#3166);
#608=VERTEX_POINT('',#3174);
#609=VERTEX_POINT('',#3242);
#610=VERTEX_POINT('',#3282);
#611=VERTEX_POINT('',#3320);
#612=VERTEX_POINT('',#3338);
#613=VERTEX_POINT('',#3343);
#614=VERTEX_POINT('',#3585);
#615=EDGE_CURVE('',#485,#485,#483,.T.);
#616=EDGE_CURVE('',#485,#486,#343,.T.);
#617=EDGE_CURVE('',#486,#486,#484,.T.);
#618=EDGE_CURVE('',#487,#488,#24,.T.);
#619=EDGE_CURVE('',#488,#489,#25,.T.);
#620=EDGE_CURVE('',#489,#490,#26,.T.);
#621=EDGE_CURVE('',#490,#487,#27,.T.);
#622=EDGE_CURVE('',#489,#491,#344,.T.);
#623=EDGE_CURVE('',#492,#491,#28,.F.);
#624=EDGE_CURVE('',#493,#492,#345,.F.);
#625=EDGE_CURVE('',#493,#494,#29,.T.);
#626=EDGE_CURVE('',#494,#495,#346,.T.);
#627=EDGE_CURVE('',#496,#495,#30,.T.);
#628=EDGE_CURVE('',#496,#497,#31,.F.);
#629=EDGE_CURVE('',#497,#498,#347,.T.);
#630=EDGE_CURVE('',#498,#490,#32,.F.);
#631=EDGE_CURVE('',#488,#499,#348,.T.);
#632=EDGE_CURVE('',#491,#499,#33,.T.);
#633=EDGE_CURVE('',#500,#501,#34,.T.);
#634=EDGE_CURVE('',#501,#502,#35,.T.);
#635=EDGE_CURVE('',#502,#503,#36,.T.);
#636=EDGE_CURVE('',#503,#500,#37,.T.);
#637=EDGE_CURVE('',#500,#504,#38,.F.);
#638=EDGE_CURVE('',#504,#505,#349,.T.);
#639=EDGE_CURVE('',#505,#506,#39,.F.);
#640=EDGE_CURVE('',#507,#506,#40,.T.);
#641=EDGE_CURVE('',#507,#508,#350,.T.);
#642=EDGE_CURVE('',#509,#508,#41,.T.);
#643=EDGE_CURVE('',#510,#509,#351,.F.);
#644=EDGE_CURVE('',#510,#511,#42,.T.);
#645=EDGE_CURVE('',#511,#501,#352,.T.);
#646=EDGE_CURVE('',#503,#512,#353,.T.);
#647=EDGE_CURVE('',#512,#504,#22,.T.);
#648=EDGE_CURVE('',#513,#514,#43,.T.);
#649=EDGE_CURVE('',#514,#515,#44,.T.);
#650=EDGE_CURVE('',#515,#516,#45,.T.);
#651=EDGE_CURVE('',#516,#513,#46,.T.);
#652=EDGE_CURVE('',#516,#517,#47,.T.);
#653=EDGE_CURVE('',#517,#518,#48,.F.);
#654=EDGE_CURVE('',#513,#518,#49,.F.);
#655=EDGE_CURVE('',#519,#515,#354,.T.);
#656=EDGE_CURVE('',#520,#519,#50,.T.);
#657=EDGE_CURVE('',#521,#520,#51,.F.);
#658=EDGE_CURVE('',#522,#521,#355,.F.);
#659=EDGE_CURVE('',#523,#522,#356,.T.);
#660=EDGE_CURVE('',#517,#523,#357,.T.);
#661=EDGE_CURVE('',#524,#525,#52,.T.);
#662=EDGE_CURVE('',#525,#507,#53,.T.);
#663=EDGE_CURVE('',#506,#524,#54,.T.);
#664=EDGE_CURVE('',#525,#526,#358,.T.);
#665=EDGE_CURVE('',#508,#526,#55,.T.);
#666=EDGE_CURVE('',#527,#524,#56,.T.);
#667=EDGE_CURVE('',#528,#527,#359,.T.);
#668=EDGE_CURVE('',#528,#529,#360,.T.);
#669=EDGE_CURVE('',#530,#529,#361,.F.);
#670=EDGE_CURVE('',#531,#530,#57,.F.);
#671=EDGE_CURVE('',#526,#531,#58,.T.);
#672=EDGE_CURVE('',#495,#532,#59,.T.);
#673=EDGE_CURVE('',#532,#533,#60,.T.);
#674=EDGE_CURVE('',#533,#496,#61,.T.);
#675=EDGE_CURVE('',#533,#534,#62,.T.);
#676=EDGE_CURVE('',#534,#497,#63,.F.);
#677=EDGE_CURVE('',#535,#532,#362,.T.);
#678=EDGE_CURVE('',#536,#535,#64,.T.);
#679=EDGE_CURVE('',#537,#536,#65,.F.);
#680=EDGE_CURVE('',#538,#537,#363,.F.);
#681=EDGE_CURVE('',#538,#539,#364,.T.);
#682=EDGE_CURVE('',#534,#539,#365,.T.);
#683=EDGE_CURVE('',#540,#541,#66,.T.);
#684=EDGE_CURVE('',#541,#542,#67,.T.);
#685=EDGE_CURVE('',#542,#543,#68,.T.);
#686=EDGE_CURVE('',#543,#540,#69,.T.);
#687=EDGE_CURVE('',#541,#544,#366,.T.);
#688=EDGE_CURVE('',#545,#544,#70,.T.);
#689=EDGE_CURVE('',#542,#545,#367,.T.);
#690=EDGE_CURVE('',#546,#540,#71,.T.);
#691=EDGE_CURVE('',#547,#546,#368,.T.);
#692=EDGE_CURVE('',#547,#548,#369,.T.);
#693=EDGE_CURVE('',#549,#548,#370,.F.);
#694=EDGE_CURVE('',#550,#549,#72,.F.);
#695=EDGE_CURVE('',#544,#550,#73,.T.);
#696=EDGE_CURVE('',#551,#552,#74,.T.);
#697=EDGE_CURVE('',#552,#553,#75,.T.);
#698=EDGE_CURVE('',#553,#554,#76,.T.);
#699=EDGE_CURVE('',#554,#551,#77,.T.);
#700=EDGE_CURVE('',#554,#555,#78,.T.);
#701=EDGE_CURVE('',#555,#556,#79,.F.);
#702=EDGE_CURVE('',#551,#556,#80,.F.);
#703=EDGE_CURVE('',#557,#553,#371,.T.);
#704=EDGE_CURVE('',#558,#557,#81,.T.);
#705=EDGE_CURVE('',#559,#558,#82,.F.);
#706=EDGE_CURVE('',#560,#559,#372,.F.);
#707=EDGE_CURVE('',#555,#560,#373,.T.);
#708=EDGE_CURVE('',#561,#562,#83,.T.);
#709=EDGE_CURVE('',#562,#563,#84,.T.);
#710=EDGE_CURVE('',#563,#564,#85,.T.);
#711=EDGE_CURVE('',#564,#561,#86,.T.);
#712=EDGE_CURVE('',#562,#565,#374,.T.);
#713=EDGE_CURVE('',#566,#565,#87,.T.);
#714=EDGE_CURVE('',#563,#566,#375,.T.);
#715=EDGE_CURVE('',#567,#561,#88,.T.);
#716=EDGE_CURVE('',#567,#568,#376,.T.);
#717=EDGE_CURVE('',#569,#568,#377,.F.);
#718=EDGE_CURVE('',#570,#569,#89,.F.);
#719=EDGE_CURVE('',#565,#570,#90,.T.);
#720=EDGE_CURVE('',#523,#528,#378,.T.);
#721=EDGE_CURVE('',#529,#522,#379,.F.);
#722=EDGE_CURVE('',#568,#571,#91,.F.);
#723=EDGE_CURVE('',#567,#572,#92,.F.);
#724=EDGE_CURVE('',#572,#571,#380,.T.);
#725=EDGE_CURVE('',#573,#574,#93,.T.);
#726=EDGE_CURVE('',#575,#573,#94,.F.);
#727=EDGE_CURVE('',#571,#575,#381,.F.);
#728=EDGE_CURVE('',#576,#572,#95,.T.);
#729=EDGE_CURVE('',#574,#576,#382,.T.);
#730=EDGE_CURVE('',#519,#577,#96,.T.);
#731=EDGE_CURVE('',#578,#577,#97,.T.);
#732=EDGE_CURVE('',#521,#578,#98,.F.);
#733=EDGE_CURVE('',#577,#514,#383,.T.);
#734=EDGE_CURVE('',#505,#527,#99,.F.);
#735=EDGE_CURVE('',#579,#512,#100,.T.);
#736=EDGE_CURVE('',#580,#579,#384,.T.);
#737=EDGE_CURVE('',#581,#580,#385,.T.);
#738=EDGE_CURVE('',#582,#581,#386,.T.);
#739=EDGE_CURVE('',#583,#582,#101,.T.);
#740=EDGE_CURVE('',#498,#583,#23,.T.);
#741=EDGE_CURVE('',#539,#547,#387,.T.);
#742=EDGE_CURVE('',#584,#546,#102,.F.);
#743=EDGE_CURVE('',#556,#584,#388,.T.);
#744=EDGE_CURVE('',#585,#555,#103,.F.);
#745=EDGE_CURVE('',#586,#585,#104,.F.);
#746=EDGE_CURVE('',#587,#586,#389,.F.);
#747=EDGE_CURVE('',#588,#587,#390,.F.);
#748=EDGE_CURVE('',#572,#588,#105,.F.);
#749=EDGE_CURVE('',#589,#567,#106,.F.);
#750=EDGE_CURVE('',#518,#589,#391,.T.);
#751=EDGE_CURVE('',#578,#590,#392,.F.);
#752=EDGE_CURVE('',#590,#569,#107,.F.);
#753=EDGE_CURVE('',#575,#591,#108,.F.);
#754=EDGE_CURVE('',#591,#592,#109,.T.);
#755=EDGE_CURVE('',#592,#593,#110,.F.);
#756=EDGE_CURVE('',#593,#594,#393,.F.);
#757=EDGE_CURVE('',#594,#560,#111,.F.);
#758=EDGE_CURVE('',#559,#595,#112,.F.);
#759=EDGE_CURVE('',#595,#596,#394,.F.);
#760=EDGE_CURVE('',#596,#549,#113,.F.);
#761=EDGE_CURVE('',#548,#538,#395,.F.);
#762=EDGE_CURVE('',#537,#493,#114,.F.);
#763=EDGE_CURVE('',#492,#597,#115,.T.);
#764=EDGE_CURVE('',#598,#597,#396,.T.);
#765=EDGE_CURVE('',#598,#599,#116,.F.);
#766=EDGE_CURVE('',#599,#600,#397,.T.);
#767=EDGE_CURVE('',#600,#601,#398,.T.);
#768=EDGE_CURVE('',#601,#602,#399,.T.);
#769=EDGE_CURVE('',#602,#603,#117,.F.);
#770=EDGE_CURVE('',#604,#603,#400,.T.);
#771=EDGE_CURVE('',#604,#510,#118,.T.);
#772=EDGE_CURVE('',#509,#530,#119,.F.);
#773=EDGE_CURVE('',#590,#566,#120,.T.);
#774=EDGE_CURVE('',#574,#605,#121,.T.);
#775=EDGE_CURVE('',#591,#605,#122,.T.);
#776=EDGE_CURVE('',#589,#564,#123,.F.);
#777=EDGE_CURVE('',#585,#594,#401,.T.);
#778=EDGE_CURVE('',#606,#607,#402,.T.);
#779=EDGE_CURVE('',#585,#606,#124,.T.);
#780=EDGE_CURVE('',#608,#593,#125,.F.);
#781=EDGE_CURVE('',#607,#608,#126,.T.);
#782=EDGE_CURVE('',#535,#494,#127,.T.);
#783=EDGE_CURVE('',#609,#606,#128,.T.);
#784=EDGE_CURVE('',#586,#609,#129,.F.);
#785=EDGE_CURVE('',#610,#592,#130,.T.);
#786=EDGE_CURVE('',#610,#607,#131,.T.);
#787=EDGE_CURVE('',#557,#611,#132,.T.);
#788=EDGE_CURVE('',#595,#611,#133,.T.);
#789=EDGE_CURVE('',#576,#612,#134,.T.);
#790=EDGE_CURVE('',#612,#613,#403,.T.);
#791=EDGE_CURVE('',#613,#609,#404,.T.);
#792=EDGE_CURVE('',#605,#610,#135,.T.);
#793=EDGE_CURVE('',#583,#487,#405,.T.);
#794=EDGE_CURVE('',#588,#612,#136,.F.);
#795=EDGE_CURVE('',#587,#613,#406,.F.);
#796=EDGE_CURVE('',#584,#543,#137,.F.);
#797=EDGE_CURVE('',#599,#582,#407,.T.);
#798=EDGE_CURVE('',#598,#583,#138,.T.);
#799=EDGE_CURVE('',#600,#581,#408,.T.);
#800=EDGE_CURVE('',#601,#580,#409,.T.);
#801=EDGE_CURVE('',#602,#579,#410,.T.);
#802=EDGE_CURVE('',#512,#603,#139,.T.);
#803=EDGE_CURVE('',#614,#511,#140,.T.);
#804=EDGE_CURVE('',#502,#614,#411,.T.);
#805=EDGE_CURVE('',#611,#552,#412,.T.);
#806=EDGE_CURVE('',#614,#604,#141,.T.);
#807=EDGE_CURVE('',#597,#499,#142,.T.);
#808=EDGE_CURVE('',#596,#545,#143,.T.);
#809=ORIENTED_EDGE('',*,*,#615,.F.);
#810=ORIENTED_EDGE('',*,*,#616,.T.);
#811=ORIENTED_EDGE('',*,*,#617,.T.);
#812=ORIENTED_EDGE('',*,*,#616,.F.);
#813=ORIENTED_EDGE('',*,*,#617,.F.);
#814=ORIENTED_EDGE('',*,*,#618,.T.);
#815=ORIENTED_EDGE('',*,*,#619,.T.);
#816=ORIENTED_EDGE('',*,*,#620,.T.);
#817=ORIENTED_EDGE('',*,*,#621,.T.);
#818=ORIENTED_EDGE('',*,*,#620,.F.);
#819=ORIENTED_EDGE('',*,*,#622,.T.);
#820=ORIENTED_EDGE('',*,*,#623,.F.);
#821=ORIENTED_EDGE('',*,*,#624,.F.);
#822=ORIENTED_EDGE('',*,*,#625,.T.);
#823=ORIENTED_EDGE('',*,*,#626,.T.);
#824=ORIENTED_EDGE('',*,*,#627,.F.);
#825=ORIENTED_EDGE('',*,*,#628,.T.);
#826=ORIENTED_EDGE('',*,*,#629,.T.);
#827=ORIENTED_EDGE('',*,*,#630,.T.);
#828=ORIENTED_EDGE('',*,*,#619,.F.);
#829=ORIENTED_EDGE('',*,*,#631,.T.);
#830=ORIENTED_EDGE('',*,*,#632,.F.);
#831=ORIENTED_EDGE('',*,*,#622,.F.);
#832=ORIENTED_EDGE('',*,*,#633,.T.);
#833=ORIENTED_EDGE('',*,*,#634,.T.);
#834=ORIENTED_EDGE('',*,*,#635,.T.);
#835=ORIENTED_EDGE('',*,*,#636,.T.);
#836=ORIENTED_EDGE('',*,*,#633,.F.);
#837=ORIENTED_EDGE('',*,*,#637,.T.);
#838=ORIENTED_EDGE('',*,*,#638,.T.);
#839=ORIENTED_EDGE('',*,*,#639,.T.);
#840=ORIENTED_EDGE('',*,*,#640,.F.);
#841=ORIENTED_EDGE('',*,*,#641,.T.);
#842=ORIENTED_EDGE('',*,*,#642,.F.);
#843=ORIENTED_EDGE('',*,*,#643,.F.);
#844=ORIENTED_EDGE('',*,*,#644,.T.);
#845=ORIENTED_EDGE('',*,*,#645,.T.);
#846=ORIENTED_EDGE('',*,*,#636,.F.);
#847=ORIENTED_EDGE('',*,*,#646,.T.);
#848=ORIENTED_EDGE('',*,*,#647,.T.);
#849=ORIENTED_EDGE('',*,*,#637,.F.);
#850=ORIENTED_EDGE('',*,*,#648,.T.);
#851=ORIENTED_EDGE('',*,*,#649,.T.);
#852=ORIENTED_EDGE('',*,*,#650,.T.);
#853=ORIENTED_EDGE('',*,*,#651,.T.);
#854=ORIENTED_EDGE('',*,*,#651,.F.);
#855=ORIENTED_EDGE('',*,*,#652,.T.);
#856=ORIENTED_EDGE('',*,*,#653,.T.);
#857=ORIENTED_EDGE('',*,*,#654,.F.);
#858=ORIENTED_EDGE('',*,*,#650,.F.);
#859=ORIENTED_EDGE('',*,*,#655,.F.);
#860=ORIENTED_EDGE('',*,*,#656,.F.);
#861=ORIENTED_EDGE('',*,*,#657,.F.);
#862=ORIENTED_EDGE('',*,*,#658,.F.);
#863=ORIENTED_EDGE('',*,*,#659,.F.);
#864=ORIENTED_EDGE('',*,*,#660,.F.);
#865=ORIENTED_EDGE('',*,*,#652,.F.);
#866=ORIENTED_EDGE('',*,*,#661,.T.);
#867=ORIENTED_EDGE('',*,*,#662,.T.);
#868=ORIENTED_EDGE('',*,*,#640,.T.);
#869=ORIENTED_EDGE('',*,*,#663,.T.);
#870=ORIENTED_EDGE('',*,*,#662,.F.);
#871=ORIENTED_EDGE('',*,*,#664,.T.);
#872=ORIENTED_EDGE('',*,*,#665,.F.);
#873=ORIENTED_EDGE('',*,*,#641,.F.);
#874=ORIENTED_EDGE('',*,*,#661,.F.);
#875=ORIENTED_EDGE('',*,*,#666,.F.);
#876=ORIENTED_EDGE('',*,*,#667,.F.);
#877=ORIENTED_EDGE('',*,*,#668,.T.);
#878=ORIENTED_EDGE('',*,*,#669,.F.);
#879=ORIENTED_EDGE('',*,*,#670,.F.);
#880=ORIENTED_EDGE('',*,*,#671,.F.);
#881=ORIENTED_EDGE('',*,*,#664,.F.);
#882=ORIENTED_EDGE('',*,*,#627,.T.);
#883=ORIENTED_EDGE('',*,*,#672,.T.);
#884=ORIENTED_EDGE('',*,*,#673,.T.);
#885=ORIENTED_EDGE('',*,*,#674,.T.);
#886=ORIENTED_EDGE('',*,*,#674,.F.);
#887=ORIENTED_EDGE('',*,*,#675,.T.);
#888=ORIENTED_EDGE('',*,*,#676,.T.);
#889=ORIENTED_EDGE('',*,*,#628,.F.);
#890=ORIENTED_EDGE('',*,*,#673,.F.);
#891=ORIENTED_EDGE('',*,*,#677,.F.);
#892=ORIENTED_EDGE('',*,*,#678,.F.);
#893=ORIENTED_EDGE('',*,*,#679,.F.);
#894=ORIENTED_EDGE('',*,*,#680,.F.);
#895=ORIENTED_EDGE('',*,*,#681,.T.);
#896=ORIENTED_EDGE('',*,*,#682,.F.);
#897=ORIENTED_EDGE('',*,*,#675,.F.);
#898=ORIENTED_EDGE('',*,*,#683,.T.);
#899=ORIENTED_EDGE('',*,*,#684,.T.);
#900=ORIENTED_EDGE('',*,*,#685,.T.);
#901=ORIENTED_EDGE('',*,*,#686,.T.);
#902=ORIENTED_EDGE('',*,*,#684,.F.);
#903=ORIENTED_EDGE('',*,*,#687,.T.);
#904=ORIENTED_EDGE('',*,*,#688,.F.);
#905=ORIENTED_EDGE('',*,*,#689,.F.);
#906=ORIENTED_EDGE('',*,*,#683,.F.);
#907=ORIENTED_EDGE('',*,*,#690,.F.);
#908=ORIENTED_EDGE('',*,*,#691,.F.);
#909=ORIENTED_EDGE('',*,*,#692,.T.);
#910=ORIENTED_EDGE('',*,*,#693,.F.);
#911=ORIENTED_EDGE('',*,*,#694,.F.);
#912=ORIENTED_EDGE('',*,*,#695,.F.);
#913=ORIENTED_EDGE('',*,*,#687,.F.);
#914=ORIENTED_EDGE('',*,*,#696,.T.);
#915=ORIENTED_EDGE('',*,*,#697,.T.);
#916=ORIENTED_EDGE('',*,*,#698,.T.);
#917=ORIENTED_EDGE('',*,*,#699,.T.);
#918=ORIENTED_EDGE('',*,*,#699,.F.);
#919=ORIENTED_EDGE('',*,*,#700,.T.);
#920=ORIENTED_EDGE('',*,*,#701,.T.);
#921=ORIENTED_EDGE('',*,*,#702,.F.);
#922=ORIENTED_EDGE('',*,*,#698,.F.);
#923=ORIENTED_EDGE('',*,*,#703,.F.);
#924=ORIENTED_EDGE('',*,*,#704,.F.);
#925=ORIENTED_EDGE('',*,*,#705,.F.);
#926=ORIENTED_EDGE('',*,*,#706,.F.);
#927=ORIENTED_EDGE('',*,*,#707,.F.);
#928=ORIENTED_EDGE('',*,*,#700,.F.);
#929=ORIENTED_EDGE('',*,*,#708,.T.);
#930=ORIENTED_EDGE('',*,*,#709,.T.);
#931=ORIENTED_EDGE('',*,*,#710,.T.);
#932=ORIENTED_EDGE('',*,*,#711,.T.);
#933=ORIENTED_EDGE('',*,*,#709,.F.);
#934=ORIENTED_EDGE('',*,*,#712,.T.);
#935=ORIENTED_EDGE('',*,*,#713,.F.);
#936=ORIENTED_EDGE('',*,*,#714,.F.);
#937=ORIENTED_EDGE('',*,*,#708,.F.);
#938=ORIENTED_EDGE('',*,*,#715,.F.);
#939=ORIENTED_EDGE('',*,*,#716,.T.);
#940=ORIENTED_EDGE('',*,*,#717,.F.);
#941=ORIENTED_EDGE('',*,*,#718,.F.);
#942=ORIENTED_EDGE('',*,*,#719,.F.);
#943=ORIENTED_EDGE('',*,*,#712,.F.);
#944=ORIENTED_EDGE('',*,*,#720,.F.);
#945=ORIENTED_EDGE('',*,*,#659,.T.);
#946=ORIENTED_EDGE('',*,*,#721,.F.);
#947=ORIENTED_EDGE('',*,*,#668,.F.);
#948=ORIENTED_EDGE('',*,*,#722,.F.);
#949=ORIENTED_EDGE('',*,*,#716,.F.);
#950=ORIENTED_EDGE('',*,*,#723,.T.);
#951=ORIENTED_EDGE('',*,*,#724,.T.);
#952=ORIENTED_EDGE('',*,*,#725,.F.);
#953=ORIENTED_EDGE('',*,*,#726,.F.);
#954=ORIENTED_EDGE('',*,*,#727,.F.);
#955=ORIENTED_EDGE('',*,*,#724,.F.);
#956=ORIENTED_EDGE('',*,*,#728,.F.);
#957=ORIENTED_EDGE('',*,*,#729,.F.);
#958=ORIENTED_EDGE('',*,*,#657,.T.);
#959=ORIENTED_EDGE('',*,*,#656,.T.);
#960=ORIENTED_EDGE('',*,*,#730,.T.);
#961=ORIENTED_EDGE('',*,*,#731,.F.);
#962=ORIENTED_EDGE('',*,*,#732,.F.);
#963=ORIENTED_EDGE('',*,*,#649,.F.);
#964=ORIENTED_EDGE('',*,*,#733,.F.);
#965=ORIENTED_EDGE('',*,*,#730,.F.);
#966=ORIENTED_EDGE('',*,*,#655,.T.);
#967=ORIENTED_EDGE('',*,*,#667,.T.);
#968=ORIENTED_EDGE('',*,*,#734,.F.);
#969=ORIENTED_EDGE('',*,*,#638,.F.);
#970=ORIENTED_EDGE('',*,*,#647,.F.);
#971=ORIENTED_EDGE('',*,*,#735,.F.);
#972=ORIENTED_EDGE('',*,*,#736,.F.);
#973=ORIENTED_EDGE('',*,*,#737,.F.);
#974=ORIENTED_EDGE('',*,*,#738,.F.);
#975=ORIENTED_EDGE('',*,*,#739,.F.);
#976=ORIENTED_EDGE('',*,*,#740,.F.);
#977=ORIENTED_EDGE('',*,*,#629,.F.);
#978=ORIENTED_EDGE('',*,*,#676,.F.);
#979=ORIENTED_EDGE('',*,*,#682,.T.);
#980=ORIENTED_EDGE('',*,*,#741,.T.);
#981=ORIENTED_EDGE('',*,*,#691,.T.);
#982=ORIENTED_EDGE('',*,*,#742,.F.);
#983=ORIENTED_EDGE('',*,*,#743,.F.);
#984=ORIENTED_EDGE('',*,*,#701,.F.);
#985=ORIENTED_EDGE('',*,*,#744,.F.);
#986=ORIENTED_EDGE('',*,*,#745,.F.);
#987=ORIENTED_EDGE('',*,*,#746,.F.);
#988=ORIENTED_EDGE('',*,*,#747,.F.);
#989=ORIENTED_EDGE('',*,*,#748,.F.);
#990=ORIENTED_EDGE('',*,*,#723,.F.);
#991=ORIENTED_EDGE('',*,*,#749,.F.);
#992=ORIENTED_EDGE('',*,*,#750,.F.);
#993=ORIENTED_EDGE('',*,*,#653,.F.);
#994=ORIENTED_EDGE('',*,*,#660,.T.);
#995=ORIENTED_EDGE('',*,*,#720,.T.);
#996=ORIENTED_EDGE('',*,*,#669,.T.);
#997=ORIENTED_EDGE('',*,*,#721,.T.);
#998=ORIENTED_EDGE('',*,*,#658,.T.);
#999=ORIENTED_EDGE('',*,*,#732,.T.);
#1000=ORIENTED_EDGE('',*,*,#751,.T.);
#1001=ORIENTED_EDGE('',*,*,#752,.T.);
#1002=ORIENTED_EDGE('',*,*,#717,.T.);
#1003=ORIENTED_EDGE('',*,*,#722,.T.);
#1004=ORIENTED_EDGE('',*,*,#727,.T.);
#1005=ORIENTED_EDGE('',*,*,#753,.T.);
#1006=ORIENTED_EDGE('',*,*,#754,.T.);
#1007=ORIENTED_EDGE('',*,*,#755,.T.);
#1008=ORIENTED_EDGE('',*,*,#756,.T.);
#1009=ORIENTED_EDGE('',*,*,#757,.T.);
#1010=ORIENTED_EDGE('',*,*,#706,.T.);
#1011=ORIENTED_EDGE('',*,*,#758,.T.);
#1012=ORIENTED_EDGE('',*,*,#759,.T.);
#1013=ORIENTED_EDGE('',*,*,#760,.T.);
#1014=ORIENTED_EDGE('',*,*,#693,.T.);
#1015=ORIENTED_EDGE('',*,*,#761,.T.);
#1016=ORIENTED_EDGE('',*,*,#680,.T.);
#1017=ORIENTED_EDGE('',*,*,#762,.T.);
#1018=ORIENTED_EDGE('',*,*,#624,.T.);
#1019=ORIENTED_EDGE('',*,*,#763,.T.);
#1020=ORIENTED_EDGE('',*,*,#764,.F.);
#1021=ORIENTED_EDGE('',*,*,#765,.T.);
#1022=ORIENTED_EDGE('',*,*,#766,.T.);
#1023=ORIENTED_EDGE('',*,*,#767,.T.);
#1024=ORIENTED_EDGE('',*,*,#768,.T.);
#1025=ORIENTED_EDGE('',*,*,#769,.T.);
#1026=ORIENTED_EDGE('',*,*,#770,.F.);
#1027=ORIENTED_EDGE('',*,*,#771,.T.);
#1028=ORIENTED_EDGE('',*,*,#643,.T.);
#1029=ORIENTED_EDGE('',*,*,#772,.T.);
#1030=ORIENTED_EDGE('',*,*,#718,.T.);
#1031=ORIENTED_EDGE('',*,*,#752,.F.);
#1032=ORIENTED_EDGE('',*,*,#773,.T.);
#1033=ORIENTED_EDGE('',*,*,#713,.T.);
#1034=ORIENTED_EDGE('',*,*,#719,.T.);
#1035=ORIENTED_EDGE('',*,*,#726,.T.);
#1036=ORIENTED_EDGE('',*,*,#725,.T.);
#1037=ORIENTED_EDGE('',*,*,#774,.T.);
#1038=ORIENTED_EDGE('',*,*,#775,.F.);
#1039=ORIENTED_EDGE('',*,*,#753,.F.);
#1040=ORIENTED_EDGE('',*,*,#711,.F.);
#1041=ORIENTED_EDGE('',*,*,#776,.F.);
#1042=ORIENTED_EDGE('',*,*,#749,.T.);
#1043=ORIENTED_EDGE('',*,*,#715,.T.);
#1044=ORIENTED_EDGE('',*,*,#741,.F.);
#1045=ORIENTED_EDGE('',*,*,#681,.F.);
#1046=ORIENTED_EDGE('',*,*,#761,.F.);
#1047=ORIENTED_EDGE('',*,*,#692,.F.);
#1048=ORIENTED_EDGE('',*,*,#757,.F.);
#1049=ORIENTED_EDGE('',*,*,#777,.F.);
#1050=ORIENTED_EDGE('',*,*,#744,.T.);
#1051=ORIENTED_EDGE('',*,*,#707,.T.);
#1052=ORIENTED_EDGE('',*,*,#778,.F.);
#1053=ORIENTED_EDGE('',*,*,#779,.F.);
#1054=ORIENTED_EDGE('',*,*,#777,.T.);
#1055=ORIENTED_EDGE('',*,*,#756,.F.);
#1056=ORIENTED_EDGE('',*,*,#780,.F.);
#1057=ORIENTED_EDGE('',*,*,#781,.F.);
#1058=ORIENTED_EDGE('',*,*,#679,.T.);
#1059=ORIENTED_EDGE('',*,*,#678,.T.);
#1060=ORIENTED_EDGE('',*,*,#782,.T.);
#1061=ORIENTED_EDGE('',*,*,#625,.F.);
#1062=ORIENTED_EDGE('',*,*,#762,.F.);
#1063=ORIENTED_EDGE('',*,*,#672,.F.);
#1064=ORIENTED_EDGE('',*,*,#626,.F.);
#1065=ORIENTED_EDGE('',*,*,#782,.F.);
#1066=ORIENTED_EDGE('',*,*,#677,.T.);
#1067=ORIENTED_EDGE('',*,*,#779,.T.);
#1068=ORIENTED_EDGE('',*,*,#783,.F.);
#1069=ORIENTED_EDGE('',*,*,#784,.F.);
#1070=ORIENTED_EDGE('',*,*,#745,.T.);
#1071=ORIENTED_EDGE('',*,*,#780,.T.);
#1072=ORIENTED_EDGE('',*,*,#755,.F.);
#1073=ORIENTED_EDGE('',*,*,#785,.F.);
#1074=ORIENTED_EDGE('',*,*,#786,.T.);
#1075=ORIENTED_EDGE('',*,*,#781,.T.);
#1076=ORIENTED_EDGE('',*,*,#705,.T.);
#1077=ORIENTED_EDGE('',*,*,#704,.T.);
#1078=ORIENTED_EDGE('',*,*,#787,.T.);
#1079=ORIENTED_EDGE('',*,*,#788,.F.);
#1080=ORIENTED_EDGE('',*,*,#758,.F.);
#1081=ORIENTED_EDGE('',*,*,#729,.T.);
#1082=ORIENTED_EDGE('',*,*,#789,.T.);
#1083=ORIENTED_EDGE('',*,*,#790,.T.);
#1084=ORIENTED_EDGE('',*,*,#791,.T.);
#1085=ORIENTED_EDGE('',*,*,#783,.T.);
#1086=ORIENTED_EDGE('',*,*,#778,.T.);
#1087=ORIENTED_EDGE('',*,*,#786,.F.);
#1088=ORIENTED_EDGE('',*,*,#792,.F.);
#1089=ORIENTED_EDGE('',*,*,#774,.F.);
#1090=ORIENTED_EDGE('',*,*,#615,.T.);
#1091=ORIENTED_EDGE('',*,*,#754,.F.);
#1092=ORIENTED_EDGE('',*,*,#775,.T.);
#1093=ORIENTED_EDGE('',*,*,#792,.T.);
#1094=ORIENTED_EDGE('',*,*,#785,.T.);
#1095=ORIENTED_EDGE('',*,*,#621,.F.);
#1096=ORIENTED_EDGE('',*,*,#630,.F.);
#1097=ORIENTED_EDGE('',*,*,#740,.T.);
#1098=ORIENTED_EDGE('',*,*,#793,.T.);
#1099=ORIENTED_EDGE('',*,*,#728,.T.);
#1100=ORIENTED_EDGE('',*,*,#748,.T.);
#1101=ORIENTED_EDGE('',*,*,#794,.T.);
#1102=ORIENTED_EDGE('',*,*,#789,.F.);
#1103=ORIENTED_EDGE('',*,*,#790,.F.);
#1104=ORIENTED_EDGE('',*,*,#794,.F.);
#1105=ORIENTED_EDGE('',*,*,#747,.T.);
#1106=ORIENTED_EDGE('',*,*,#795,.T.);
#1107=ORIENTED_EDGE('',*,*,#791,.F.);
#1108=ORIENTED_EDGE('',*,*,#795,.F.);
#1109=ORIENTED_EDGE('',*,*,#746,.T.);
#1110=ORIENTED_EDGE('',*,*,#784,.T.);
#1111=ORIENTED_EDGE('',*,*,#686,.F.);
#1112=ORIENTED_EDGE('',*,*,#796,.F.);
#1113=ORIENTED_EDGE('',*,*,#742,.T.);
#1114=ORIENTED_EDGE('',*,*,#690,.T.);
#1115=ORIENTED_EDGE('',*,*,#663,.F.);
#1116=ORIENTED_EDGE('',*,*,#639,.F.);
#1117=ORIENTED_EDGE('',*,*,#734,.T.);
#1118=ORIENTED_EDGE('',*,*,#666,.T.);
#1119=ORIENTED_EDGE('',*,*,#739,.T.);
#1120=ORIENTED_EDGE('',*,*,#797,.F.);
#1121=ORIENTED_EDGE('',*,*,#765,.F.);
#1122=ORIENTED_EDGE('',*,*,#798,.T.);
#1123=ORIENTED_EDGE('',*,*,#738,.T.);
#1124=ORIENTED_EDGE('',*,*,#799,.F.);
#1125=ORIENTED_EDGE('',*,*,#766,.F.);
#1126=ORIENTED_EDGE('',*,*,#797,.T.);
#1127=ORIENTED_EDGE('',*,*,#737,.T.);
#1128=ORIENTED_EDGE('',*,*,#800,.F.);
#1129=ORIENTED_EDGE('',*,*,#767,.F.);
#1130=ORIENTED_EDGE('',*,*,#799,.T.);
#1131=ORIENTED_EDGE('',*,*,#736,.T.);
#1132=ORIENTED_EDGE('',*,*,#801,.F.);
#1133=ORIENTED_EDGE('',*,*,#768,.F.);
#1134=ORIENTED_EDGE('',*,*,#800,.T.);
#1135=ORIENTED_EDGE('',*,*,#735,.T.);
#1136=ORIENTED_EDGE('',*,*,#802,.T.);
#1137=ORIENTED_EDGE('',*,*,#769,.F.);
#1138=ORIENTED_EDGE('',*,*,#801,.T.);
#1139=ORIENTED_EDGE('',*,*,#634,.F.);
#1140=ORIENTED_EDGE('',*,*,#645,.F.);
#1141=ORIENTED_EDGE('',*,*,#803,.F.);
#1142=ORIENTED_EDGE('',*,*,#804,.F.);
#1143=ORIENTED_EDGE('',*,*,#697,.F.);
#1144=ORIENTED_EDGE('',*,*,#805,.F.);
#1145=ORIENTED_EDGE('',*,*,#787,.F.);
#1146=ORIENTED_EDGE('',*,*,#703,.T.);
#1147=ORIENTED_EDGE('',*,*,#644,.F.);
#1148=ORIENTED_EDGE('',*,*,#771,.F.);
#1149=ORIENTED_EDGE('',*,*,#806,.F.);
#1150=ORIENTED_EDGE('',*,*,#803,.T.);
#1151=ORIENTED_EDGE('',*,*,#623,.T.);
#1152=ORIENTED_EDGE('',*,*,#632,.T.);
#1153=ORIENTED_EDGE('',*,*,#807,.F.);
#1154=ORIENTED_EDGE('',*,*,#763,.F.);
#1155=ORIENTED_EDGE('',*,*,#685,.F.);
#1156=ORIENTED_EDGE('',*,*,#689,.T.);
#1157=ORIENTED_EDGE('',*,*,#808,.F.);
#1158=ORIENTED_EDGE('',*,*,#759,.F.);
#1159=ORIENTED_EDGE('',*,*,#788,.T.);
#1160=ORIENTED_EDGE('',*,*,#805,.T.);
#1161=ORIENTED_EDGE('',*,*,#696,.F.);
#1162=ORIENTED_EDGE('',*,*,#702,.T.);
#1163=ORIENTED_EDGE('',*,*,#743,.T.);
#1164=ORIENTED_EDGE('',*,*,#796,.T.);
#1165=ORIENTED_EDGE('',*,*,#694,.T.);
#1166=ORIENTED_EDGE('',*,*,#760,.F.);
#1167=ORIENTED_EDGE('',*,*,#808,.T.);
#1168=ORIENTED_EDGE('',*,*,#688,.T.);
#1169=ORIENTED_EDGE('',*,*,#695,.T.);
#1170=ORIENTED_EDGE('',*,*,#670,.T.);
#1171=ORIENTED_EDGE('',*,*,#772,.F.);
#1172=ORIENTED_EDGE('',*,*,#642,.T.);
#1173=ORIENTED_EDGE('',*,*,#665,.T.);
#1174=ORIENTED_EDGE('',*,*,#671,.T.);
#1175=ORIENTED_EDGE('',*,*,#648,.F.);
#1176=ORIENTED_EDGE('',*,*,#654,.T.);
#1177=ORIENTED_EDGE('',*,*,#750,.T.);
#1178=ORIENTED_EDGE('',*,*,#776,.T.);
#1179=ORIENTED_EDGE('',*,*,#710,.F.);
#1180=ORIENTED_EDGE('',*,*,#714,.T.);
#1181=ORIENTED_EDGE('',*,*,#773,.F.);
#1182=ORIENTED_EDGE('',*,*,#751,.F.);
#1183=ORIENTED_EDGE('',*,*,#731,.T.);
#1184=ORIENTED_EDGE('',*,*,#733,.T.);
#1185=ORIENTED_EDGE('',*,*,#635,.F.);
#1186=ORIENTED_EDGE('',*,*,#804,.T.);
#1187=ORIENTED_EDGE('',*,*,#806,.T.);
#1188=ORIENTED_EDGE('',*,*,#770,.T.);
#1189=ORIENTED_EDGE('',*,*,#802,.F.);
#1190=ORIENTED_EDGE('',*,*,#646,.F.);
#1191=ORIENTED_EDGE('',*,*,#618,.F.);
#1192=ORIENTED_EDGE('',*,*,#793,.F.);
#1193=ORIENTED_EDGE('',*,*,#798,.F.);
#1194=ORIENTED_EDGE('',*,*,#764,.T.);
#1195=ORIENTED_EDGE('',*,*,#807,.T.);
#1196=ORIENTED_EDGE('',*,*,#631,.F.);
#1197=CYLINDRICAL_SURFACE('',#1280,3.25);
#1198=ADVANCED_FACE('',(#208),#1197,.F.);
#1199=ADVANCED_FACE('',(#209),#175,.T.);
#1200=ADVANCED_FACE('',(#210),#144,.F.);
#1201=ADVANCED_FACE('',(#211),#176,.T.);
#1202=ADVANCED_FACE('',(#212),#177,.T.);
#1203=ADVANCED_FACE('',(#213),#145,.F.);
#1204=ADVANCED_FACE('',(#214),#178,.T.);
#1205=ADVANCED_FACE('',(#215),#146,.F.);
#1206=ADVANCED_FACE('',(#216),#147,.F.);
#1207=ADVANCED_FACE('',(#217),#148,.F.);
#1208=ADVANCED_FACE('',(#218),#179,.F.);
#1209=ADVANCED_FACE('',(#219),#149,.F.);
#1210=ADVANCED_FACE('',(#220),#180,.T.);
#1211=ADVANCED_FACE('',(#221),#181,.F.);
#1212=ADVANCED_FACE('',(#222),#150,.F.);
#1213=ADVANCED_FACE('',(#223),#151,.F.);
#1214=ADVANCED_FACE('',(#224),#182,.F.);
#1215=ADVANCED_FACE('',(#225),#152,.F.);
#1216=ADVANCED_FACE('',(#226),#183,.T.);
#1217=ADVANCED_FACE('',(#227),#184,.F.);
#1218=ADVANCED_FACE('',(#228),#153,.F.);
#1219=ADVANCED_FACE('',(#229),#154,.F.);
#1220=ADVANCED_FACE('',(#230),#185,.F.);
#1221=ADVANCED_FACE('',(#231),#155,.F.);
#1222=ADVANCED_FACE('',(#232),#186,.T.);
#1223=ADVANCED_FACE('',(#233),#187,.F.);
#1224=ADVANCED_FACE('',(#234),#188,.F.);
#1225=ADVANCED_FACE('',(#235),#156,.F.);
#1226=ADVANCED_FACE('',(#236),#189,.F.);
#1227=ADVANCED_FACE('',(#237),#157,.T.);
#1228=ADVANCED_FACE('',(#238),#190,.T.);
#1229=ADVANCED_FACE('',(#239),#191,.F.);
#1230=ADVANCED_FACE('',(#240),#192,.T.);
#1231=ADVANCED_FACE('',(#241),#158,.T.);
#1232=ADVANCED_FACE('',(#242),#159,.T.);
#1233=ADVANCED_FACE('',(#243),#160,.F.);
#1234=ADVANCED_FACE('',(#244),#193,.F.);
#1235=ADVANCED_FACE('',(#245),#161,.F.);
#1236=ADVANCED_FACE('',(#246),#194,.F.);
#1237=ADVANCED_FACE('',(#247),#162,.T.);
#1238=ADVANCED_FACE('',(#248),#195,.T.);
#1239=ADVANCED_FACE('',(#249),#163,.F.);
#1240=ADVANCED_FACE('',(#250),#164,.T.);
#1241=ADVANCED_FACE('',(#251),#165,.T.);
#1242=ADVANCED_FACE('',(#252,#21),#196,.T.);
#1243=ADVANCED_FACE('',(#253),#166,.T.);
#1244=ADVANCED_FACE('',(#254),#167,.F.);
#1245=ADVANCED_FACE('',(#255),#168,.F.);
#1246=ADVANCED_FACE('',(#256),#197,.F.);
#1247=ADVANCED_FACE('',(#257),#198,.F.);
#1248=ADVANCED_FACE('',(#258),#169,.F.);
#1249=ADVANCED_FACE('',(#259),#170,.F.);
#1250=ADVANCED_FACE('',(#260),#19,.T.);
#1251=ADVANCED_FACE('',(#261),#199,.T.);
#1252=ADVANCED_FACE('',(#262),#200,.T.);
#1253=ADVANCED_FACE('',(#263),#201,.T.);
#1254=ADVANCED_FACE('',(#264),#20,.T.);
#1255=ADVANCED_FACE('',(#265),#202,.T.);
#1256=ADVANCED_FACE('',(#266),#203,.T.);
#1257=ADVANCED_FACE('',(#267),#171,.T.);
#1258=ADVANCED_FACE('',(#268),#172,.T.);
#1259=ADVANCED_FACE('',(#269),#204,.T.);
#1260=ADVANCED_FACE('',(#270),#173,.T.);
#1261=ADVANCED_FACE('',(#271),#174,.T.);
#1262=ADVANCED_FACE('',(#272),#205,.T.);
#1263=ADVANCED_FACE('',(#273),#206,.T.);
#1264=ADVANCED_FACE('',(#274),#207,.T.);
#1265=CLOSED_SHELL('',(#1198,#1199,#1200,#1201,#1202,#1203,#1204,#1205,
#1206,#1207,#1208,#1209,#1210,#1211,#1212,#1213,#1214,#1215,#1216,#1217,
#1218,#1219,#1220,#1221,#1222,#1223,#1224,#1225,#1226,#1227,#1228,#1229,
#1230,#1231,#1232,#1233,#1234,#1235,#1236,#1237,#1238,#1239,#1240,#1241,
#1242,#1243,#1244,#1245,#1246,#1247,#1248,#1249,#1250,#1251,#1252,#1253,
#1254,#1255,#1256,#1257,#1258,#1259,#1260,#1261,#1262,#1263,#1264));
#1266=DERIVED_UNIT_ELEMENT(#1268,1.);
#1267=DERIVED_UNIT_ELEMENT(#3714,-3.);
#1268=(
MASS_UNIT()
NAMED_UNIT(*)
SI_UNIT(.KILO.,.GRAM.)
);
#1269=DERIVED_UNIT((#1266,#1267));
#1270=MEASURE_REPRESENTATION_ITEM('density measure',
POSITIVE_RATIO_MEASURE(7850.),#1269);
#1271=PROPERTY_DEFINITION_REPRESENTATION(#1276,#1273);
#1272=PROPERTY_DEFINITION_REPRESENTATION(#1277,#1274);
#1273=REPRESENTATION('material name',(#1275),#3711);
#1274=REPRESENTATION('density',(#1270),#3711);
#1275=DESCRIPTIVE_REPRESENTATION_ITEM('Steel','Steel');
#1276=PROPERTY_DEFINITION('material property','material name',#3726);
#1277=PROPERTY_DEFINITION('material property','density of part',#3726);
#1278=AXIS2_PLACEMENT_3D('',#1465,#1317,#1318);
#1279=AXIS2_PLACEMENT_3D('',#1466,#1319,#1320);
#1280=AXIS2_PLACEMENT_3D('',#1467,#1321,#1322);
#1281=AXIS2_PLACEMENT_3D('',#1469,#1323,#1324);
#1282=AXIS2_PLACEMENT_3D('',#1472,#1326,#1327);
#1283=AXIS2_PLACEMENT_3D('',#1473,#1328,#1329);
#1284=AXIS2_PLACEMENT_3D('',#1537,#1330,#1331);
#1285=AXIS2_PLACEMENT_3D('',#1582,#1336,#1337);
#1286=AXIS2_PLACEMENT_3D('',#1655,#1339,#1340);
#1287=AXIS2_PLACEMENT_3D('',#1895,#1346,#1347);
#1288=AXIS2_PLACEMENT_3D('',#1983,#1352,#1353);
#1289=AXIS2_PLACEMENT_3D('',#1990,#1355,#1356);
#1290=AXIS2_PLACEMENT_3D('',#2118,#1360,#1361);
#1291=AXIS2_PLACEMENT_3D('',#2269,#1366,#1367);
#1292=AXIS2_PLACEMENT_3D('',#2284,#1370,#1371);
#1293=AXIS2_PLACEMENT_3D('',#2423,#1375,#1376);
#1294=AXIS2_PLACEMENT_3D('',#2509,#1380,#1381);
#1295=AXIS2_PLACEMENT_3D('',#2524,#1384,#1385);
#1296=AXIS2_PLACEMENT_3D('',#2545,#1388,#1389);
#1297=AXIS2_PLACEMENT_3D('',#2570,#1393,#1394);
#1298=AXIS2_PLACEMENT_3D('',#2653,#1397,#1398);
#1299=AXIS2_PLACEMENT_3D('',#2655,#1400,#1401);
#1300=AXIS2_PLACEMENT_3D('',#2832,#1410,#1411);
#1301=AXIS2_PLACEMENT_3D('',#3154,#1421,#1422);
#1302=AXIS2_PLACEMENT_3D('',#3164,#1424,#1425);
#1303=AXIS2_PLACEMENT_3D('',#3221,#1427,#1428);
#1304=AXIS2_PLACEMENT_3D('',#3337,#1429,#1430);
#1305=AXIS2_PLACEMENT_3D('',#3430,#1434,#1435);
#1306=AXIS2_PLACEMENT_3D('',#3432,#1437,#1438);
#1307=AXIS2_PLACEMENT_3D('',#3544,#1440,#1441);
#1308=AXIS2_PLACEMENT_3D('',#3546,#1443,#1444);
#1309=AXIS2_PLACEMENT_3D('',#3548,#1446,#1447);
#1310=AXIS2_PLACEMENT_3D('',#3584,#1449,#1450);
#1311=AXIS2_PLACEMENT_3D('',#3594,#1452,#1453);
#1312=AXIS2_PLACEMENT_3D('',#3632,#1455,#1456);
#1313=AXIS2_PLACEMENT_3D('',#3703,#1457,#1458);
#1314=AXIS2_PLACEMENT_3D('',#3704,#1459,#1460);
#1315=AXIS2_PLACEMENT_3D('',#3705,#1461,#1462);
#1316=AXIS2_PLACEMENT_3D('',#3706,#1463,#1464);
#1317=DIRECTION('axis',(0.,0.,1.));
#1318=DIRECTION('refdir',(1.,0.,0.));
#1319=DIRECTION('axis',(0.,0.,1.));
#1320=DIRECTION('refdir',(1.,0.,0.));
#1321=DIRECTION('center_axis',(0.,0.,1.));
#1322=DIRECTION('ref_axis',(1.,0.,0.));
#1323=DIRECTION('center_axis',(0.,0.,1.));
#1324=DIRECTION('ref_axis',(1.,0.,0.));
#1325=DIRECTION('',(0.,0.,1.));
#1326=DIRECTION('center_axis',(0.,0.,1.));
#1327=DIRECTION('ref_axis',(1.,0.,0.));
#1328=DIRECTION('center_axis',(0.,0.,-1.));
#1329=DIRECTION('ref_axis',(1.,0.,0.));
#1330=DIRECTION('center_axis',(-0.605698978632289,-0.795693877872516,0.));
#1331=DIRECTION('ref_axis',(-0.795693877872516,0.605698978632289,0.));
#1332=DIRECTION('',(0.795693877872516,-0.605698978632289,0.));
#1333=DIRECTION('',(-0.795693877872516,0.605698978632289,0.));
#1334=DIRECTION('',(0.795693877872516,-0.605698978632289,0.));
#1335=DIRECTION('',(0.795693877872516,-0.605698978632289,0.));
#1336=DIRECTION('center_axis',(0.,0.,-1.));
#1337=DIRECTION('ref_axis',(-1.,0.,0.));
#1338=DIRECTION('',(0.986489667608859,0.163823489466447,0.));
#1339=DIRECTION('center_axis',(0.605685858905833,-0.795703864714445,0.));
#1340=DIRECTION('ref_axis',(-0.795703864714445,-0.605685858905833,0.));
#1341=DIRECTION('',(0.795703864714445,0.605685858905833,0.));
#1342=DIRECTION('',(0.795703864714445,0.605685858905833,0.));
#1343=DIRECTION('',(-0.795703864714445,-0.605685858905833,0.));
#1344=DIRECTION('',(0.795703864714445,0.605685858905833,0.));
#1345=DIRECTION('',(-0.120222603027295,0.0199665365885819,0.992546151641322));
#1346=DIRECTION('center_axis',(-0.414628694206357,0.909990684535139,0.));
#1347=DIRECTION('ref_axis',(0.909990684535139,0.414628694206357,1.27969235893658E-16));
#1348=DIRECTION('',(-0.909990684535139,-0.414628694206357,0.));
#1349=DIRECTION('',(-0.909990684535139,-0.414628694206357,0.));
#1350=DIRECTION('',(0.,0.,1.));
#1351=DIRECTION('',(-0.909990684535139,-0.414628694206357,0.));
#1352=DIRECTION('center_axis',(0.,0.,-1.));
#1353=DIRECTION('ref_axis',(-1.,0.,0.));
#1354=DIRECTION('',(0.414628694206359,-0.909990684535139,0.));
#1355=DIRECTION('center_axis',(-0.909990684535139,-0.414628694206359,0.));
#1356=DIRECTION('ref_axis',(-0.414628694206359,0.909990684535139,0.));
#1357=DIRECTION('',(0.414628694206359,-0.909990684535139,0.));
#1358=DIRECTION('',(0.,0.,1.));
#1359=DIRECTION('',(0.414628694206359,-0.909990684535139,0.));
#1360=DIRECTION('center_axis',(0.909990684535138,-0.414628694206359,0.));
#1361=DIRECTION('ref_axis',(-0.414628694206359,-0.909990684535138,0.));
#1362=DIRECTION('',(0.414628694206359,0.909990684535138,0.));
#1363=DIRECTION('',(0.414628694206359,0.909990684535138,0.));
#1364=DIRECTION('',(0.,0.,-1.));
#1365=DIRECTION('',(0.414628694206359,0.909990684535138,0.));
#1366=DIRECTION('center_axis',(0.,0.,-1.));
#1367=DIRECTION('ref_axis',(-1.,0.,0.));
#1368=DIRECTION('',(-0.909990684535139,0.414628694206357,0.));
#1369=DIRECTION('',(-0.697972176188624,-0.716124878262525,0.));
#1370=DIRECTION('center_axis',(0.414628694206357,0.909990684535139,0.));
#1371=DIRECTION('ref_axis',(0.909990684535139,-0.414628694206357,-1.27969235893658E-16));
#1372=DIRECTION('',(-0.909990684535139,0.414628694206357,0.));
#1373=DIRECTION('',(0.,0.,1.));
#1374=DIRECTION('',(-0.909990684535139,0.414628694206357,0.));
#1375=DIRECTION('center_axis',(-0.615661475325734,0.788010753606663,0.));
#1376=DIRECTION('ref_axis',(0.788010753606663,0.615661475325734,0.));
#1377=DIRECTION('',(-0.788010753606663,-0.615661475325734,0.));
#1378=DIRECTION('',(-0.788010753606663,-0.615661475325734,0.));
#1379=DIRECTION('',(0.,0.,1.));
#1380=DIRECTION('center_axis',(0.,0.,-1.));
#1381=DIRECTION('ref_axis',(-1.,0.,0.));
#1382=DIRECTION('',(-0.788010753606662,0.615661475325735,0.));
#1383=DIRECTION('',(-0.697972206956632,0.71612484827444,0.));
#1384=DIRECTION('center_axis',(0.615661475325735,0.788010753606662,0.));
#1385=DIRECTION('ref_axis',(0.788010753606662,-0.615661475325735,0.));
#1386=DIRECTION('',(0.,0.,1.));
#1387=DIRECTION('',(-0.788010753606662,0.615661475325735,0.));
#1388=DIRECTION('center_axis',(-0.954146891765701,0.299338786216976,0.));
#1389=DIRECTION('ref_axis',(0.299338786216976,0.954146891765701,2.38809575418279E-17));
#1390=DIRECTION('',(-0.299338786216976,-0.954146891765701,0.));
#1391=DIRECTION('',(-0.299338786216976,-0.954146891765701,0.));
#1392=DIRECTION('',(0.,0.,1.));
#1393=DIRECTION('center_axis',(-0.615661475325737,-0.788010753606661,0.));
#1394=DIRECTION('ref_axis',(-0.788010753606661,0.615661475325737,0.));
#1395=DIRECTION('',(0.788010753606661,-0.615661475325737,0.));
#1396=DIRECTION('',(0.788010753606661,-0.615661475325737,0.));
#1397=DIRECTION('center_axis',(0.,0.,-1.));
#1398=DIRECTION('ref_axis',(-1.,0.,0.));
#1399=DIRECTION('',(-0.697972206956632,0.71612484827444,0.));
#1400=DIRECTION('center_axis',(0.,0.,1.));
#1401=DIRECTION('ref_axis',(-1.,0.,0.));
#1402=DIRECTION('',(0.848909642094561,0.528538002000694,0.));
#1403=DIRECTION('',(1.,0.,0.));
#1404=DIRECTION('',(0.848909642094561,-0.528538002000693,0.));
#1405=DIRECTION('',(-0.299338786216976,0.954146891765701,0.));
#1406=DIRECTION('',(-0.697972176188624,-0.716124878262525,0.));
#1407=DIRECTION('',(0.765989321619309,-0.642853295212205,0.));
#1408=DIRECTION('',(0.76598932161931,0.642853295212205,0.));
#1409=DIRECTION('',(-0.697972206956632,0.71612484827444,0.));
#1410=DIRECTION('center_axis',(0.,0.,1.));
#1411=DIRECTION('ref_axis',(-1.,0.,0.));
#1412=DIRECTION('',(0.697972206956632,-0.71612484827444,0.));
#1413=DIRECTION('',(0.788010753606661,0.615661475325737,0.));
#1414=DIRECTION('',(0.697972176188624,0.716124878262525,0.));
#1415=DIRECTION('',(-0.299338786216976,0.954146891765701,0.));
#1416=DIRECTION('',(0.986489667608859,0.163823489466447,0.));
#1417=DIRECTION('',(0.848909642094561,-0.528538002000693,0.));
#1418=DIRECTION('',(1.,0.,0.));
#1419=DIRECTION('',(0.848909642094561,0.528538002000694,0.));
#1420=DIRECTION('',(0.986487656929618,-0.163835596637338,0.));
#1421=DIRECTION('center_axis',(0.954146891765701,0.299338786216976,0.));
#1422=DIRECTION('ref_axis',(0.299338786216976,-0.954146891765701,-2.38809575418279E-17));
#1423=DIRECTION('',(0.,0.,1.));
#1424=DIRECTION('center_axis',(0.615661475325737,-0.788010753606661,0.));
#1425=DIRECTION('ref_axis',(-0.788010753606661,-0.615661475325737,0.));
#1426=DIRECTION('',(0.788010753606661,0.615661475325736,0.));
#1427=DIRECTION('center_axis',(0.,0.,-1.));
#1428=DIRECTION('ref_axis',(-1.,0.,0.));
#1429=DIRECTION('center_axis',(0.,0.,-1.));
#1430=DIRECTION('ref_axis',(-1.,0.,0.));
#1431=DIRECTION('',(-0.76598932161931,-0.642853295212205,0.));
#1432=DIRECTION('',(-0.765989321619309,0.642853295212205,0.));
#1433=DIRECTION('',(-0.120222848067454,-0.0199650610956145,-0.992546151641322));
#1434=DIRECTION('center_axis',(-0.642853295212205,0.76598932161931,0.));
#1435=DIRECTION('ref_axis',(0.76598932161931,0.642853295212205,0.));
#1436=DIRECTION('',(0.,0.,1.));
#1437=DIRECTION('center_axis',(0.642853295212205,0.765989321619309,0.));
#1438=DIRECTION('ref_axis',(0.765989321619309,-0.642853295212205,0.));
#1439=DIRECTION('',(0.,0.,-1.));
#1440=DIRECTION('center_axis',(-0.528538002000694,-0.848909642094561,0.));
#1441=DIRECTION('ref_axis',(-0.848909642094561,0.528538002000693,0.));
#1442=DIRECTION('',(0.,0.,-1.));
#1443=DIRECTION('center_axis',(0.,-1.,0.));
#1444=DIRECTION('ref_axis',(-1.,0.,0.));
#1445=DIRECTION('',(0.,0.,-1.));
#1446=DIRECTION('center_axis',(0.528538002000694,-0.848909642094561,0.));
#1447=DIRECTION('ref_axis',(-0.848909642094561,-0.528538002000694,0.));
#1448=DIRECTION('',(0.,0.,-1.));
#1449=DIRECTION('center_axis',(0.,0.,-1.));
#1450=DIRECTION('ref_axis',(-1.,0.,0.));
#1451=DIRECTION('',(-0.986487656929618,0.163835596637338,0.));
#1452=DIRECTION('center_axis',(0.,0.,-1.));
#1453=DIRECTION('ref_axis',(-1.,0.,0.));
#1454=DIRECTION('',(-0.697972176188624,-0.716124878262525,0.));
#1455=DIRECTION('center_axis',(-0.716124878262525,0.697972176188624,0.));
#1456=DIRECTION('ref_axis',(0.697972176188624,0.716124878262525,0.));
#1457=DIRECTION('center_axis',(0.71612484827444,0.697972206956632,0.));
#1458=DIRECTION('ref_axis',(0.697972206956632,-0.71612484827444,0.));
#1459=DIRECTION('center_axis',(0.163835596637338,0.986487656929618,-6.70454568729375E-19));
#1460=DIRECTION('ref_axis',(0.,6.79638071515384E-19,1.));
#1461=DIRECTION('center_axis',(-0.163823489466447,0.986489667608859,-2.43670620676443E-16));
#1462=DIRECTION('ref_axis',(0.,2.47007777858508E-16,1.));
#1463=DIRECTION('',(0.,0.,1.));
#1464=DIRECTION('',(1.,0.,0.));
#1465=CARTESIAN_POINT('',(0.,0.,0.));
#1466=CARTESIAN_POINT('',(0.,0.,0.));
#1467=CARTESIAN_POINT('Origin',(0.185747,10.879382,1.56));
#1468=CARTESIAN_POINT('',(-3.064253,10.879382,1.56));
#1469=CARTESIAN_POINT('Origin',(0.185747,10.879382,1.56));
#1470=CARTESIAN_POINT('',(-3.064253,10.879382,4.56));
#1471=CARTESIAN_POINT('',(-3.064253,10.879382,1.56));
#1472=CARTESIAN_POINT('Origin',(0.185747,10.879382,4.56));
#1473=CARTESIAN_POINT('Origin',(0.185746999999999,10.879382,4.56));
#1474=CARTESIAN_POINT('Ctrl Pts',(-22.1277319274213,-60.7620828146653,2.68186934340515));
#1475=CARTESIAN_POINT('Ctrl Pts',(-22.1811380748599,-60.4837037381323,2.68186934340515));
#1476=CARTESIAN_POINT('Ctrl Pts',(-22.2345442222986,-60.2053246615993,2.68186934340515));
#1477=CARTESIAN_POINT('Ctrl Pts',(-23.5568668649953,-53.3127294491214,2.68186934340515));
#1478=CARTESIAN_POINT('Ctrl Pts',(-24.7605503656025,-46.6850869172493,2.68186934340515));
#1479=CARTESIAN_POINT('Ctrl Pts',(-25.8644496578319,-40.0377785891713,2.68186934340515));
#1480=CARTESIAN_POINT('Ctrl Pts',(-22.1663273396532,-60.7694872227184,2.36180263151151));
#1481=CARTESIAN_POINT('Ctrl Pts',(-22.2197334870919,-60.4911081461854,2.36180263151152));
#1482=CARTESIAN_POINT('Ctrl Pts',(-22.2731396345305,-60.2127290696524,2.36180263151151));
#1483=CARTESIAN_POINT('Ctrl Pts',(-23.5955136004275,-53.3198653750139,2.36180263151152));
#1484=CARTESIAN_POINT('Ctrl Pts',(-24.7992514117065,-46.6919288570053,2.36180263151151));
#1485=CARTESIAN_POINT('Ctrl Pts',(-25.903217962572,-40.044216729551,2.36180263151151));
#1486=CARTESIAN_POINT('Ctrl Pts',(-21.945632032045,-60.7271475243333,1.77404303176027));
#1487=CARTESIAN_POINT('Ctrl Pts',(-21.9990381794836,-60.4487684478003,1.77404303176027));
#1488=CARTESIAN_POINT('Ctrl Pts',(-22.0524443269223,-60.1703893712673,1.77404303176027));
#1489=CARTESIAN_POINT('Ctrl Pts',(-23.3745260591605,-53.2790405277562,1.77404303176027));
#1490=CARTESIAN_POINT('Ctrl Pts',(-24.5779529856976,-46.6527824326625,1.77404303176027));
#1491=CARTESIAN_POINT('Ctrl Pts',(-25.6815340254074,-40.0074023184757,1.77404303176028));
#1492=CARTESIAN_POINT('Ctrl Pts',(-21.3904832494163,-60.6206439820962,1.55999999999999));
#1493=CARTESIAN_POINT('Ctrl Pts',(-21.4438893968549,-60.3422649055632,1.55999999999999));
#1494=CARTESIAN_POINT('Ctrl Pts',(-21.4972955442936,-60.0638858290302,1.55999999999999));
#1495=CARTESIAN_POINT('Ctrl Pts',(-22.8186399777214,-53.1763836132147,1.56));
#1496=CARTESIAN_POINT('Ctrl Pts',(-24.0212854670208,-46.5543521907725,1.56));
#1497=CARTESIAN_POINT('Ctrl Pts',(-25.1238983911068,-39.9147973795072,1.56));
#1498=CARTESIAN_POINT('Ctrl Pts',(-21.1529619962024,-60.575076279139,1.55999999999999));
#1499=CARTESIAN_POINT('Ctrl Pts',(-21.2063681436411,-60.296697202606,1.55999999999999));
#1500=CARTESIAN_POINT('Ctrl Pts',(-21.2597742910797,-60.018318126073,1.55999999999999));
#1501=CARTESIAN_POINT('Ctrl Pts',(-22.5808028747689,-53.1324681848559,1.56));
#1502=CARTESIAN_POINT('Ctrl Pts',(-23.7831141290369,-46.512245991842,1.56));
#1503=CARTESIAN_POINT('Ctrl Pts',(-24.8853131346129,-39.8751762151529,1.56));
#1504=CARTESIAN_POINT('',(-25.8644496578319,-40.0377785891713,2.68186934340515));
#1505=CARTESIAN_POINT('',(-24.8853131346122,-39.875176215157,1.56));
#1506=CARTESIAN_POINT('Ctrl Pts',(-25.8644496578306,-40.0377785891794,2.68186934340515));
#1507=CARTESIAN_POINT('Ctrl Pts',(-25.9032179625707,-40.0442167295591,2.36180263151151));
#1508=CARTESIAN_POINT('Ctrl Pts',(-25.776541427048,-40.0231799232304,2.02594000308224));
#1509=CARTESIAN_POINT('Ctrl Pts',(-25.5401663781749,-39.9839258016712,1.81210727440511));
#1510=CARTESIAN_POINT('Ctrl Pts',(-25.36288509152,-39.9544852105018,1.65173272789726));
#1511=CARTESIAN_POINT('Ctrl Pts',(-25.1238983911055,-39.9147973795153,1.56));
#1512=CARTESIAN_POINT('Ctrl Pts',(-24.8853131346115,-39.875176215161,1.56));
#1513=CARTESIAN_POINT('',(-21.1529619962024,-60.575076279139,1.56));
#1514=CARTESIAN_POINT('Ctrl Pts',(-24.8853131346129,-39.8751762151529,1.56));
#1515=CARTESIAN_POINT('Ctrl Pts',(-23.7831141290369,-46.512245991842,1.56));
#1516=CARTESIAN_POINT('Ctrl Pts',(-22.5808028747689,-53.1324681848559,1.56));
#1517=CARTESIAN_POINT('Ctrl Pts',(-21.2597742910797,-60.018318126073,1.55999999999999));
#1518=CARTESIAN_POINT('Ctrl Pts',(-21.2063681436411,-60.296697202606,1.55999999999999));
#1519=CARTESIAN_POINT('Ctrl Pts',(-21.1529619962024,-60.575076279139,1.55999999999999));
#1520=CARTESIAN_POINT('',(-22.3364007367627,-59.6742177249072,2.68186934340515));
#1521=CARTESIAN_POINT('Ctrl Pts',(-21.1529619962024,-60.575076279139,1.56));
#1522=CARTESIAN_POINT('Ctrl Pts',(-21.3774575320964,-60.4041855376366,1.56));
#1523=CARTESIAN_POINT('Ctrl Pts',(-21.5972745505073,-60.2368561824155,1.61309330621272));
#1524=CARTESIAN_POINT('Ctrl Pts',(-21.928158228387,-59.9849805411529,1.78750077000181));
#1525=CARTESIAN_POINT('Ctrl Pts',(-22.0489246852438,-59.8930505645519,1.88557313582742));
#1526=CARTESIAN_POINT('Ctrl Pts',(-22.2083787965248,-59.7716707286282,2.08410673375993));
#1527=CARTESIAN_POINT('Ctrl Pts',(-22.2640493410584,-59.729293134809,2.18019314707088));
#1528=CARTESIAN_POINT('Ctrl Pts',(-22.3214623406008,-59.6855891474464,2.35073330822908));
#1529=CARTESIAN_POINT('Ctrl Pts',(-22.3356318723862,-59.674803000703,2.4161153074145));
#1530=CARTESIAN_POINT('Ctrl Pts',(-22.347854988845,-59.6654985063985,2.54980655299383));
#1531=CARTESIAN_POINT('Ctrl Pts',(-22.3460052409539,-59.6669065735454,2.61624733234427));
#1532=CARTESIAN_POINT('Ctrl Pts',(-22.3364007367627,-59.6742177249072,2.68186934340515));
#1533=CARTESIAN_POINT('Ctrl Pts',(-22.3364023496006,-59.6742180339023,2.68186934340515));
#1534=CARTESIAN_POINT('Ctrl Pts',(-23.5874797135015,-53.1440788841974,2.68186934340515));
#1535=CARTESIAN_POINT('Ctrl Pts',(-24.7745953087474,-46.6005130179892,2.68186934340515));
#1536=CARTESIAN_POINT('Ctrl Pts',(-25.8644496578319,-40.0377785891713,2.68186934340515));
#1537=CARTESIAN_POINT('Origin',(-22.061475,-59.883497,4.56));
#1538=CARTESIAN_POINT('',(-20.8691079306968,-60.7911519865669,1.56));
#1539=CARTESIAN_POINT('',(-28.8258501963867,-54.7343117901153,1.56));
#1540=CARTESIAN_POINT('',(-20.8691079306968,-60.7911519865669,6.16));
#1541=CARTESIAN_POINT('Ctrl Pts',(-20.8691079306968,-60.7911519865669,1.56));
#1542=CARTESIAN_POINT('Ctrl Pts',(-20.8691079306968,-60.7911519865669,2.47666666666666));
#1543=CARTESIAN_POINT('Ctrl Pts',(-20.8691079306968,-60.7911519865669,3.39333333333333));
#1544=CARTESIAN_POINT('Ctrl Pts',(-20.8691079306968,-60.7911519865669,4.92666666666667));
#1545=CARTESIAN_POINT('Ctrl Pts',(-20.8691079306968,-60.7911519865669,5.54333333333333));
#1546=CARTESIAN_POINT('Ctrl Pts',(-20.8691079306968,-60.7911519865669,6.16));
#1547=CARTESIAN_POINT('',(-38.3715280829177,-47.4679402532577,6.16));
#1548=CARTESIAN_POINT('',(-28.8258501963867,-54.7343117901153,6.16));
#1549=CARTESIAN_POINT('',(-38.3715280829177,-47.4679402532577,1.56));
#1550=CARTESIAN_POINT('Ctrl Pts',(-38.3715280829177,-47.4679402532577,6.16));
#1551=CARTESIAN_POINT('Ctrl Pts',(-38.3715280829177,-47.4679402532577,5.54333333333333));
#1552=CARTESIAN_POINT('Ctrl Pts',(-38.3715280829177,-47.4679402532577,4.92666666666667));
#1553=CARTESIAN_POINT('Ctrl Pts',(-38.3715280829177,-47.4679402532577,3.39333333333333));
#1554=CARTESIAN_POINT('Ctrl Pts',(-38.3715280829177,-47.4679402532577,2.47666666666666));
#1555=CARTESIAN_POINT('Ctrl Pts',(-38.3715280829177,-47.4679402532577,1.56));
#1556=CARTESIAN_POINT('',(-38.104713397459,-47.6710452285952,1.56));
#1557=CARTESIAN_POINT('',(-28.8258501963867,-54.7343117901153,1.56));
#1558=CARTESIAN_POINT('',(-36.9987560328325,-48.51292331993,2.68186934340515));
#1559=CARTESIAN_POINT('Ctrl Pts',(-36.9987560328325,-48.5129233199299,2.68186934340515));
#1560=CARTESIAN_POINT('Ctrl Pts',(-36.9859384240958,-48.5226803543074,2.58784341010165));
#1561=CARTESIAN_POINT('Ctrl Pts',(-36.9880499702264,-48.5210730008135,2.4928928247367));
#1562=CARTESIAN_POINT('Ctrl Pts',(-37.0223578925973,-48.4949570859914,2.30244095595817));
#1563=CARTESIAN_POINT('Ctrl Pts',(-37.0551937083198,-48.4699617698293,2.21117481835785));
#1564=CARTESIAN_POINT('Ctrl Pts',(-37.154817813043,-48.3941257980365,2.02383234741665));
#1565=CARTESIAN_POINT('Ctrl Pts',(-37.2268783966919,-48.3392717604148,1.93446497480208));
#1566=CARTESIAN_POINT('Ctrl Pts',(-37.4191878796175,-48.1928817219483,1.75786400171227));
#1567=CARTESIAN_POINT('Ctrl Pts',(-37.5480433295467,-48.0947942330803,1.68348508862856));
#1568=CARTESIAN_POINT('Ctrl Pts',(-37.8180116460051,-47.8892886509849,1.58437380898488));
#1569=CARTESIAN_POINT('Ctrl Pts',(-37.9620068015741,-47.7796764984846,1.56));
#1570=CARTESIAN_POINT('Ctrl Pts',(-38.1047134003427,-47.6710452226611,1.56));
#1571=CARTESIAN_POINT('',(-37.2548364515003,-48.3179894988306,4.56));
#1572=CARTESIAN_POINT('Ctrl Pts',(-37.2548364515061,-48.3179894988315,4.55999999999931));
#1573=CARTESIAN_POINT('Ctrl Pts',(-37.2040803330227,-48.356626127791,4.18802948359316));
#1574=CARTESIAN_POINT('Ctrl Pts',(-37.1633389865396,-48.3876393008708,3.88919796030845));
#1575=CARTESIAN_POINT('Ctrl Pts',(-36.9987560328325,-48.5129233199299,2.68186934340514));
#1576=CARTESIAN_POINT('',(-22.061475,-59.883497,4.56));
#1577=CARTESIAN_POINT('',(-28.8258501963867,-54.7343117901153,4.56));
#1578=CARTESIAN_POINT('Ctrl Pts',(-22.3364007367627,-59.6742177249072,2.68186934340515));
#1579=CARTESIAN_POINT('Ctrl Pts',(-22.2447719584671,-59.7439674854249,3.30791568407454));
#1580=CARTESIAN_POINT('Ctrl Pts',(-22.1531298653924,-59.8137273814335,3.93396042310934));
#1581=CARTESIAN_POINT('Ctrl Pts',(-22.061475,-59.883497,4.56));
#1582=CARTESIAN_POINT('Origin',(0.185746500000006,-2.58699249999999,1.56));
#1583=CARTESIAN_POINT('',(-24.650470098487,-39.8361765105335,1.56));
#1584=CARTESIAN_POINT('',(-9.80233943157325,-37.370390341882,1.56));
#1585=CARTESIAN_POINT('Ctrl Pts',(-20.8691079306968,-60.7911519865669,1.56));
#1586=CARTESIAN_POINT('Ctrl Pts',(-20.9392001927096,-60.425796683722,1.56));
#1587=CARTESIAN_POINT('Ctrl Pts',(-21.0092924547224,-60.0604413808771,1.56));
#1588=CARTESIAN_POINT('Ctrl Pts',(-21.0793847167351,-59.6950860780323,1.56));
#1589=CARTESIAN_POINT('Ctrl Pts',(-22.4046721598443,-52.7870368693286,1.56));
#1590=CARTESIAN_POINT('Ctrl Pts',(-23.601372862691,-46.1534853824208,1.56));
#1591=CARTESIAN_POINT('Ctrl Pts',(-24.6504700984896,-39.8361765105178,1.56));
#1592=CARTESIAN_POINT('Ctrl Pts',(26.2357061964945,-40.0377813811509,2.68186934340515));
#1593=CARTESIAN_POINT('Ctrl Pts',(25.1317225280781,-46.6850929831305,2.68186934340515));
#1594=CARTESIAN_POINT('Ctrl Pts',(23.9279440061841,-53.3127353882761,2.68186934340515));
#1595=CARTESIAN_POINT('Ctrl Pts',(22.6055155913912,-60.2053263614944,2.68186934340515));
#1596=CARTESIAN_POINT('Ctrl Pts',(22.5521054610962,-60.4837037600979,2.68186934340515));
#1597=CARTESIAN_POINT('Ctrl Pts',(22.4986953308013,-60.7620811587014,2.68186934340515));
#1598=CARTESIAN_POINT('Ctrl Pts',(26.2744744222164,-40.0442199973333,2.36180263151151));
#1599=CARTESIAN_POINT('Ctrl Pts',(25.1704234830033,-46.6919354409819,2.36180263151152));
#1600=CARTESIAN_POINT('Ctrl Pts',(23.9665906405396,-53.3198718624384,2.36180263151151));
#1601=CARTESIAN_POINT('Ctrl Pts',(22.6441108931837,-60.2127313451886,2.36180263151151));
#1602=CARTESIAN_POINT('Ctrl Pts',(22.5907007628888,-60.4911087437922,2.36180263151152));
#1603=CARTESIAN_POINT('Ctrl Pts',(22.5372906325938,-60.7694861423957,2.36180263151151));
#1604=CARTESIAN_POINT('Ctrl Pts',(26.0527903593425,-40.0074027696156,1.77404366291037));
#1605=CARTESIAN_POINT('Ctrl Pts',(24.9491250023984,-46.6527859376151,1.77404366291037));
#1606=CARTESIAN_POINT('Ctrl Pts',(23.7456031023308,-53.2790437609385,1.77404366291037));
#1607=CARTESIAN_POINT('Ctrl Pts',(22.4234156421142,-60.1703882448715,1.77404366291037));
#1608=CARTESIAN_POINT('Ctrl Pts',(22.3700055118193,-60.448765643475,1.77404366291038));
#1609=CARTESIAN_POINT('Ctrl Pts',(22.3165953815243,-60.7271430420785,1.77404366291037));
#1610=CARTESIAN_POINT('Ctrl Pts',(25.4951564391729,-39.9147910827137,1.56));
#1611=CARTESIAN_POINT('Ctrl Pts',(24.3924593713781,-46.5543483552182,1.56));
#1612=CARTESIAN_POINT('Ctrl Pts',(23.18971905,-53.1763790751591,1.56));
#1613=CARTESIAN_POINT('Ctrl Pts',(21.8682690229967,-60.0638765330421,1.56));
#1614=CARTESIAN_POINT('Ctrl Pts',(21.8148588927017,-60.3422539316456,1.56));
#1615=CARTESIAN_POINT('Ctrl Pts',(21.7614487624068,-60.6206313302491,1.56));
#1616=CARTESIAN_POINT('Ctrl Pts',(25.2565716689673,-39.8751669902066,1.56));
#1617=CARTESIAN_POINT('Ctrl Pts',(24.154288594521,-46.5122389678597,1.56));
#1618=CARTESIAN_POINT('Ctrl Pts',(22.9518825690871,-53.132460272676,1.56));
#1619=CARTESIAN_POINT('Ctrl Pts',(21.6307484494413,-60.0183052875137,1.56));
#1620=CARTESIAN_POINT('Ctrl Pts',(21.5773383191464,-60.2966826861172,1.56));
#1621=CARTESIAN_POINT('Ctrl Pts',(21.5239281888514,-60.5750600847207,1.56));
#1622=CARTESIAN_POINT('',(22.707379700678,-59.6742226284751,2.68186934340515));
#1623=CARTESIAN_POINT('',(21.5239281888514,-60.5750600847207,1.56));
#1624=CARTESIAN_POINT('Ctrl Pts',(22.707379700678,-59.6742226284751,2.68186934340515));
#1625=CARTESIAN_POINT('Ctrl Pts',(22.7202393903962,-59.6644338960614,2.59400748208325));
#1626=CARTESIAN_POINT('Ctrl Pts',(22.7191153456419,-59.6652895133867,2.50524491239582));
#1627=CARTESIAN_POINT('Ctrl Pts',(22.688532917961,-59.6885687065624,2.32652962344211));
#1628=CARTESIAN_POINT('Ctrl Pts',(22.658498408119,-59.7114308273804,2.24079560396216));
#1629=CARTESIAN_POINT('Ctrl Pts',(22.5656882739365,-59.7820774439552,2.06118765713407));
#1630=CARTESIAN_POINT('Ctrl Pts',(22.4970169703277,-59.8343497017045,1.97392051009058));
#1631=CARTESIAN_POINT('Ctrl Pts',(22.3153088401769,-59.9726650345326,1.80014327771239));
#1632=CARTESIAN_POINT('Ctrl Pts',(22.1873709589527,-60.0700507189714,1.71829076739214));
#1633=CARTESIAN_POINT('Ctrl Pts',(21.8769446728853,-60.3063456774874,1.59236533852723));
#1634=CARTESIAN_POINT('Ctrl Pts',(21.6990777723057,-60.4417370853035,1.56));
#1635=CARTESIAN_POINT('Ctrl Pts',(21.5239281888514,-60.5750600847207,1.56));
#1636=CARTESIAN_POINT('',(25.2565716689666,-39.8751669902107,1.56));
#1637=CARTESIAN_POINT('Ctrl Pts',(21.5239281888514,-60.5750600847207,1.56));
#1638=CARTESIAN_POINT('Ctrl Pts',(21.5773383191464,-60.2966826861172,1.56));
#1639=CARTESIAN_POINT('Ctrl Pts',(21.6307484494413,-60.0183052875137,1.56));
#1640=CARTESIAN_POINT('Ctrl Pts',(22.9518825690871,-53.132460272676,1.56));
#1641=CARTESIAN_POINT('Ctrl Pts',(24.154288594521,-46.5122389678597,1.56));
#1642=CARTESIAN_POINT('Ctrl Pts',(25.2565716689673,-39.8751669902066,1.56));
#1643=CARTESIAN_POINT('',(26.2357061964945,-40.0377813811509,2.68186934340515));
#1644=CARTESIAN_POINT('Ctrl Pts',(25.256571668966,-39.8751669902147,1.56));
#1645=CARTESIAN_POINT('Ctrl Pts',(25.4951564391716,-39.9147910827218,1.56));
#1646=CARTESIAN_POINT('Ctrl Pts',(25.7341424049586,-39.9544818056797,1.65173299839016));
#1647=CARTESIAN_POINT('Ctrl Pts',(25.9114232949157,-39.9839245667467,1.81210758353985));
#1648=CARTESIAN_POINT('Ctrl Pts',(26.1477978148585,-40.0231815815027,2.02594036373943));
#1649=CARTESIAN_POINT('Ctrl Pts',(26.274474422215,-40.0442199973415,2.36180263151151));
#1650=CARTESIAN_POINT('Ctrl Pts',(26.2357061964931,-40.037781381159,2.68186934340515));
#1651=CARTESIAN_POINT('Ctrl Pts',(26.2357061964945,-40.0377813811509,2.68186934340515));
#1652=CARTESIAN_POINT('Ctrl Pts',(25.1457684638175,-46.6005195294898,2.68186934340515));
#1653=CARTESIAN_POINT('Ctrl Pts',(23.9585590945874,-53.1440857977261,2.68186934340515));
#1654=CARTESIAN_POINT('Ctrl Pts',(22.7073813136825,-59.674222937527,2.68186934340515));
#1655=CARTESIAN_POINT('Origin',(37.515251,-48.402544,4.56));
#1656=CARTESIAN_POINT('',(22.432451,-59.883497,4.56));
#1657=CARTESIAN_POINT('Ctrl Pts',(22.432451,-59.883497,4.56));
#1658=CARTESIAN_POINT('Ctrl Pts',(22.5241068552144,-59.8137290148851,3.93396042029225));
#1659=CARTESIAN_POINT('Ctrl Pts',(22.6157499362878,-59.7439707533833,3.30791568108518));
#1660=CARTESIAN_POINT('Ctrl Pts',(22.707379700678,-59.6742226284751,2.68186934340515));
#1661=CARTESIAN_POINT('',(37.6263280702392,-48.3179926817518,4.56));
#1662=CARTESIAN_POINT('',(36.7380872991079,-48.9941171776095,4.56));
#1663=CARTESIAN_POINT('',(37.3702485259099,-48.5129191683979,2.68186934340515));
#1664=CARTESIAN_POINT('Ctrl Pts',(37.3702485259099,-48.5129191683979,2.68186934340515));
#1665=CARTESIAN_POINT('Ctrl Pts',(37.5348329085914,-48.3876383477213,3.88921254834152));
#1666=CARTESIAN_POINT('Ctrl Pts',(37.5756100609385,-48.356598980391,4.18830748227716));
#1667=CARTESIAN_POINT('Ctrl Pts',(37.626328070245,-48.3179926817527,4.5599999999993));
#1668=CARTESIAN_POINT('',(38.476201866249,-47.6710729419516,1.56));
#1669=CARTESIAN_POINT('Ctrl Pts',(38.4762018691322,-47.6710729360188,1.56));
#1670=CARTESIAN_POINT('Ctrl Pts',(38.2783543629383,-47.8216734823218,1.56));
#1671=CARTESIAN_POINT('Ctrl Pts',(38.0843664565244,-47.9693361203012,1.60680295228454));
#1672=CARTESIAN_POINT('Ctrl Pts',(37.7784001296965,-48.2022361798322,1.76690417971507));
#1673=CARTESIAN_POINT('Ctrl Pts',(37.6620648507742,-48.290790020653,1.8620933190982));
#1674=CARTESIAN_POINT('Ctrl Pts',(37.5026127169957,-48.4121641987672,2.06150541656053));
#1675=CARTESIAN_POINT('Ctrl Pts',(37.4458677214167,-48.4553582095931,2.16120294699419));
#1676=CARTESIAN_POINT('Ctrl Pts',(37.3870868551376,-48.5001019152081,2.33791463661242));
#1677=CARTESIAN_POINT('Ctrl Pts',(37.3724986050538,-48.5112064192467,2.40577538327968));
#1678=CARTESIAN_POINT('Ctrl Pts',(37.3594620421486,-48.5211297866584,2.54444717948747));
#1679=CARTESIAN_POINT('Ctrl Pts',(37.3609368407366,-48.5200071772441,2.61356152684746));
#1680=CARTESIAN_POINT('Ctrl Pts',(37.3702485259099,-48.5129191683979,2.68186934340515));
#1681=CARTESIAN_POINT('',(38.7430154787318,-47.4679757318144,1.56));
#1682=CARTESIAN_POINT('',(36.7380872991079,-48.9941171776095,1.56));
#1683=CARTESIAN_POINT('',(38.7430154787318,-47.4679757318144,6.16));
#1684=CARTESIAN_POINT('Ctrl Pts',(38.7430154787318,-47.4679757318145,6.16));
#1685=CARTESIAN_POINT('Ctrl Pts',(38.7430154787318,-47.4679757318144,5.54333333333334));
#1686=CARTESIAN_POINT('Ctrl Pts',(38.7430154787318,-47.4679757318144,4.92666666666667));
#1687=CARTESIAN_POINT('Ctrl Pts',(38.7430154787318,-47.4679757318144,3.39333333333334));
#1688=CARTESIAN_POINT('Ctrl Pts',(38.7430154787318,-47.4679757318145,2.47666666666667));
#1689=CARTESIAN_POINT('Ctrl Pts',(38.7430154787318,-47.4679757318145,1.56));
#1690=CARTESIAN_POINT('',(21.2400710591558,-60.7911307323955,6.16));
#1691=CARTESIAN_POINT('',(36.7380872991079,-48.9941171776095,6.16));
#1692=CARTESIAN_POINT('',(21.2400710591558,-60.7911307323955,1.56));
#1693=CARTESIAN_POINT('Ctrl Pts',(21.2400710591558,-60.7911307323955,6.16));
#1694=CARTESIAN_POINT('Ctrl Pts',(21.2400710591558,-60.7911307323955,5.54333333333333));
#1695=CARTESIAN_POINT('Ctrl Pts',(21.2400710591558,-60.7911307323955,4.92666666666667));
#1696=CARTESIAN_POINT('Ctrl Pts',(21.2400710591558,-60.7911307323955,3.39333333333333));
#1697=CARTESIAN_POINT('Ctrl Pts',(21.2400710591558,-60.7911307323955,2.47666666666666));
#1698=CARTESIAN_POINT('Ctrl Pts',(21.2400710591558,-60.7911307323955,1.56));
#1699=CARTESIAN_POINT('',(36.7380872991079,-48.9941171776095,1.56));
#1700=CARTESIAN_POINT('Ctrl Pts',(22.432451,-59.883497,4.56));
#1701=CARTESIAN_POINT('Ctrl Pts',(22.5079425738954,-59.8979809876303,3.93395644780171));
#1702=CARTESIAN_POINT('Ctrl Pts',(22.5834341477908,-59.9124649752606,3.30791289560343));
#1703=CARTESIAN_POINT('Ctrl Pts',(22.6589257216861,-59.9269489628908,2.68186934340514));
#1704=CARTESIAN_POINT('Ctrl Pts',(23.7592086775316,-52.968341601411,4.56));
#1705=CARTESIAN_POINT('Ctrl Pts',(23.8348050290701,-52.9822781176978,3.93395644780171));
#1706=CARTESIAN_POINT('Ctrl Pts',(23.910401517397,-52.9962180094757,3.30791289560343));
#1707=CARTESIAN_POINT('Ctrl Pts',(23.9859978689354,-53.0101545257625,2.68186934340514));
#1708=CARTESIAN_POINT('Ctrl Pts',(24.9574085043299,-46.3271316100555,4.56));
#1709=CARTESIAN_POINT('Ctrl Pts',(25.0331127942778,-46.3404794733524,3.93395644780171));
#1710=CARTESIAN_POINT('Ctrl Pts',(25.1088174277274,-46.3538303937149,3.30791289560343));
#1711=CARTESIAN_POINT('Ctrl Pts',(25.1845217176753,-46.3671782570117,2.68186934340514));
#1712=CARTESIAN_POINT('Ctrl Pts',(26.0082167684333,-39.9999999999919,4.56));
#1713=CARTESIAN_POINT('Ctrl Pts',(26.084046577787,-40.0125937937116,3.93395644780171));
#1714=CARTESIAN_POINT('Ctrl Pts',(26.1598763871407,-40.0251875874312,3.30791289560343));
#1715=CARTESIAN_POINT('Ctrl Pts',(26.2357061964945,-40.0377813811509,2.68186934340514));
#1716=CARTESIAN_POINT('',(26.008216768432,-40.,4.56));
#1717=CARTESIAN_POINT('',(26.0082167684333,-39.9999999999919,4.56));
#1718=CARTESIAN_POINT('Ctrl Pts',(26.008216768432,-40.,4.56));
#1719=CARTESIAN_POINT('Ctrl Pts',(25.9003938688641,-40.6492237446635,4.56));
#1720=CARTESIAN_POINT('Ctrl Pts',(25.5267248736206,-42.881596306727,4.56));
#1721=CARTESIAN_POINT('Ctrl Pts',(24.8624808435324,-46.7498128679448,4.56));
#1722=CARTESIAN_POINT('Ctrl Pts',(24.1556951215825,-50.7086820111249,4.56));
#1723=CARTESIAN_POINT('Ctrl Pts',(23.4087540699917,-54.753118609485,4.56));
#1724=CARTESIAN_POINT('Ctrl Pts',(22.7624093392522,-58.1637306631404,4.56));
#1725=CARTESIAN_POINT('Ctrl Pts',(22.432451,-59.883497,4.56));
#1726=CARTESIAN_POINT('Ctrl Pts',(49.2330089542176,-2.62422274490586,2.68186934340515));
#1727=CARTESIAN_POINT('Ctrl Pts',(50.3222579777649,0.590633680305756,2.68186934340515));
#1728=CARTESIAN_POINT('Ctrl Pts',(51.9948020490328,5.39832768830905,2.68186934340515));
#1729=CARTESIAN_POINT('Ctrl Pts',(54.2766711440208,11.7874397897382,2.68186934340515));
#1730=CARTESIAN_POINT('Ctrl Pts',(56.585287635558,18.1669103888761,2.68186934340515));
#1731=CARTESIAN_POINT('Ctrl Pts',(58.6312419116755,23.7334872358051,2.68186934340515));
#1732=CARTESIAN_POINT('Ctrl Pts',(60.2301806231334,28.1116212581426,2.68186934340515));
#1733=CARTESIAN_POINT('Ctrl Pts',(60.8007063784003,29.6972618871415,2.68186934340515));
#1734=CARTESIAN_POINT('Ctrl Pts',(61.0846655049592,30.4961692870726,2.68186934340515));
#1735=CARTESIAN_POINT('Ctrl Pts',(61.2205726654532,30.902080298048,2.68186934340515));
#1736=CARTESIAN_POINT('Ctrl Pts',(61.2284561878691,30.9256258459225,2.68186934340515));
#1737=CARTESIAN_POINT('Ctrl Pts',(61.2363397278947,30.9491714463915,2.68186934340515));
#1738=CARTESIAN_POINT('Ctrl Pts',(49.1957880996247,-2.61161167487397,2.36180263151152));
#1739=CARTESIAN_POINT('Ctrl Pts',(50.2851061761469,0.603448201907836,2.36180263151151));
#1740=CARTESIAN_POINT('Ctrl Pts',(51.9577364492991,5.41138954558742,2.36180263151152));
#1741=CARTESIAN_POINT('Ctrl Pts',(54.2396924978037,11.8007444702311,2.36180263151151));
#1742=CARTESIAN_POINT('Ctrl Pts',(56.54837390329,18.1803949314966,2.36180263151152));
#1743=CARTESIAN_POINT('Ctrl Pts',(58.5943574068079,23.7470496176616,2.36180263151151));
#1744=CARTESIAN_POINT('Ctrl Pts',(60.1932509783033,28.1250624534094,2.36180263151151));
#1745=CARTESIAN_POINT('Ctrl Pts',(60.7636996109533,29.7104863811212,2.36180263151151));
#1746=CARTESIAN_POINT('Ctrl Pts',(61.0475950691419,30.5092214196339,2.36180263151151));
#1747=CARTESIAN_POINT('Ctrl Pts',(61.1833067776262,30.9145576658969,2.36180263151152));
#1748=CARTESIAN_POINT('Ctrl Pts',(61.1911903000421,30.9381032137714,2.36180263151151));
#1749=CARTESIAN_POINT('Ctrl Pts',(61.1990738400678,30.9616488142404,2.36180263151151));
#1750=CARTESIAN_POINT('Ctrl Pts',(49.4086361710196,-2.68372828702268,1.77405751519497));
#1751=CARTESIAN_POINT('Ctrl Pts',(50.497561055933,0.530167942537743,1.77405751519497));
#1752=CARTESIAN_POINT('Ctrl Pts',(52.1696674971764,5.33660693421933,1.77405751519497));
#1753=CARTESIAN_POINT('Ctrl Pts',(54.4511881434987,11.7247620373159,1.77405751519497));
#1754=CARTESIAN_POINT('Ctrl Pts',(56.7592800843964,18.1027016914731,1.77405751519497));
#1755=CARTESIAN_POINT('Ctrl Pts',(58.8054583201758,23.6700506681103,1.77405751519497));
#1756=CARTESIAN_POINT('Ctrl Pts',(60.4038336920001,28.0463166479851,1.77405751519497));
#1757=CARTESIAN_POINT('Ctrl Pts',(60.9753651811443,29.6349907539614,1.77405751519497));
#1758=CARTESIAN_POINT('Ctrl Pts',(61.2586918958437,30.4317895755142,1.77405751519497));
#1759=CARTESIAN_POINT('Ctrl Pts',(61.396412372314,30.8432056318888,1.77405751519497));
#1760=CARTESIAN_POINT('Ctrl Pts',(61.4042958947299,30.8667511797633,1.77405751519497));
#1761=CARTESIAN_POINT('Ctrl Pts',(61.4121794347555,30.8902967802323,1.77405751519497));
#1762=CARTESIAN_POINT('Ctrl Pts',(49.944000863771,-2.86511911500743,1.56));
#1763=CARTESIAN_POINT('Ctrl Pts',(51.0319337508601,0.345850627725478,1.56));
#1764=CARTESIAN_POINT('Ctrl Pts',(52.7027779481081,5.14866838899815,1.56));
#1765=CARTESIAN_POINT('Ctrl Pts',(54.9830926799449,11.5334675325906,1.56));
#1766=CARTESIAN_POINT('Ctrl Pts',(57.29009290531,17.9083261480024,1.56));
#1767=CARTESIAN_POINT('Ctrl Pts',(59.336112765204,23.4753805320331,1.56));
#1768=CARTESIAN_POINT('Ctrl Pts',(60.934575294125,27.8516229873028,1.56));
#1769=CARTESIAN_POINT('Ctrl Pts',(61.507680796388,29.4448700691618,1.56));
#1770=CARTESIAN_POINT('Ctrl Pts',(61.7912478562898,30.24203243663,1.56));
#1771=CARTESIAN_POINT('Ctrl Pts',(61.9324247988112,30.6637379039755,1.55999999999999));
#1772=CARTESIAN_POINT('Ctrl Pts',(61.9403083212272,30.68728345185,1.56));
#1773=CARTESIAN_POINT('Ctrl Pts',(61.9481918612528,30.710829052319,1.56));
#1774=CARTESIAN_POINT('Ctrl Pts',(50.1730629081263,-2.94272930194738,1.56));
#1775=CARTESIAN_POINT('Ctrl Pts',(51.2605708341079,0.266988373010529,1.56));
#1776=CARTESIAN_POINT('Ctrl Pts',(52.9308845336001,5.06828399793595,1.56));
#1777=CARTESIAN_POINT('Ctrl Pts',(55.2106641420362,11.4515887754655,1.56));
#1778=CARTESIAN_POINT('Ctrl Pts',(57.5172648784035,17.8253404956407,1.56));
#1779=CARTESIAN_POINT('Ctrl Pts',(59.5631048690235,23.3919158467552,1.56));
#1780=CARTESIAN_POINT('Ctrl Pts',(61.1618451952226,27.7689041002686,1.56));
#1781=CARTESIAN_POINT('Ctrl Pts',(61.7354253202342,29.363484790406,1.56));
#1782=CARTESIAN_POINT('Ctrl Pts',(62.0193842036771,30.161707892758,1.56));
#1783=CARTESIAN_POINT('Ctrl Pts',(62.1617639836243,30.5869505378899,1.55999999999999));
#1784=CARTESIAN_POINT('Ctrl Pts',(62.1696475060402,30.6104960857644,1.56));
#1785=CARTESIAN_POINT('Ctrl Pts',(62.1775310460659,30.6340416862334,1.56));
#1786=CARTESIAN_POINT('',(61.2340220099177,30.9422491676551,2.68186934340515));
#1787=CARTESIAN_POINT('',(62.0106123664399,30.1454614934247,1.56));
#1788=CARTESIAN_POINT('Ctrl Pts',(61.2340220099177,30.9422491676551,2.68186934340515));
#1789=CARTESIAN_POINT('Ctrl Pts',(61.2228842294858,30.9536766159724,2.56630368185194));
#1790=CARTESIAN_POINT('Ctrl Pts',(61.227697353338,30.948738313911,2.44941769412229));
#1791=CARTESIAN_POINT('Ctrl Pts',(61.2689269723614,30.9064364079422,2.22041167915486));
#1792=CARTESIAN_POINT('Ctrl Pts',(61.3055230316749,30.868888569796,2.11198399849793));
#1793=CARTESIAN_POINT('Ctrl Pts',(61.4095814303296,30.7621238530844,1.90794206439313));
#1794=CARTESIAN_POINT('Ctrl Pts',(61.4785851023776,30.6913255553167,1.81732163623694));
#1795=CARTESIAN_POINT('Ctrl Pts',(61.623558728911,30.5425815003668,1.68514767622497));
#1796=CARTESIAN_POINT('Ctrl Pts',(61.6964611062251,30.46778310082,1.63881783815157));
#1797=CARTESIAN_POINT('Ctrl Pts',(61.8498671597493,30.3103873109741,1.57594359130651));
#1798=CARTESIAN_POINT('Ctrl Pts',(61.930182835501,30.2279828105902,1.56));
#1799=CARTESIAN_POINT('Ctrl Pts',(62.0106123664442,30.1454614937393,1.56));
#1800=CARTESIAN_POINT('',(50.4761171769988,-2.05048760725969,1.56));
#1801=CARTESIAN_POINT('Ctrl Pts',(62.0111698621302,30.1452672824144,1.56));
#1802=CARTESIAN_POINT('Ctrl Pts',(61.9205741097082,29.8842162971854,1.56));
#1803=CARTESIAN_POINT('Ctrl Pts',(61.6855708901009,29.2248870459204,1.56));
#1804=CARTESIAN_POINT('Ctrl Pts',(61.1618451952226,27.7689041002686,1.56));
#1805=CARTESIAN_POINT('Ctrl Pts',(59.5631048690235,23.3919158467552,1.56));
#1806=CARTESIAN_POINT('Ctrl Pts',(57.5172648784035,17.8253404956407,1.56));
#1807=CARTESIAN_POINT('Ctrl Pts',(55.2106641420362,11.4515887754655,1.56));
#1808=CARTESIAN_POINT('Ctrl Pts',(53.0365342333384,5.36409953667846,1.56));
#1809=CARTESIAN_POINT('Ctrl Pts',(51.4671371617234,0.860274192033806,1.56));
#1810=CARTESIAN_POINT('Ctrl Pts',(50.4761112941266,-2.05048560431924,1.56));
#1811=CARTESIAN_POINT('',(49.2359437942864,-2.61556094152811,2.68186934340515));
#1812=CARTESIAN_POINT('Ctrl Pts',(50.4761171769988,-2.05048760725966,1.56));
#1813=CARTESIAN_POINT('Ctrl Pts',(50.2582435247399,-2.1497596871538,1.56));
#1814=CARTESIAN_POINT('Ctrl Pts',(50.0442334682912,-2.24727135596575,1.60550810044155));
#1815=CARTESIAN_POINT('Ctrl Pts',(49.7023245712617,-2.40305892821469,1.76215579759259));
#1816=CARTESIAN_POINT('Ctrl Pts',(49.570303501434,-2.46321308662924,1.85686153921954));
#1817=CARTESIAN_POINT('Ctrl Pts',(49.3880111939008,-2.54627286154874,2.05679144105772));
#1818=CARTESIAN_POINT('Ctrl Pts',(49.3229606013298,-2.57591255205482,2.15727661798205));
#1819=CARTESIAN_POINT('Ctrl Pts',(49.2555665955606,-2.60661999674005,2.33533317245023));
#1820=CARTESIAN_POINT('Ctrl Pts',(49.238837171239,-2.61424260154063,2.40369788679522));
#1821=CARTESIAN_POINT('Ctrl Pts',(49.2237894438551,-2.62109895695391,2.54336400324147));
#1822=CARTESIAN_POINT('Ctrl Pts',(49.2253883629795,-2.6203704244975,2.61301932130308));
#1823=CARTESIAN_POINT('Ctrl Pts',(49.2359437942864,-2.61556094152812,2.68186934340515));
#1824=CARTESIAN_POINT('Ctrl Pts',(49.2359437937076,-2.6155609410205,2.68186934340515));
#1825=CARTESIAN_POINT('Ctrl Pts',(50.3242608166608,0.596390754361019,2.68186934340515));
#1826=CARTESIAN_POINT('Ctrl Pts',(51.9958267270528,5.40119673226596,2.68186934340515));
#1827=CARTESIAN_POINT('Ctrl Pts',(54.2766711440208,11.7874397897382,2.68186934340515));
#1828=CARTESIAN_POINT('Ctrl Pts',(56.585287635558,18.1669103888761,2.68186934340515));
#1829=CARTESIAN_POINT('Ctrl Pts',(58.6312419116755,23.7334872358051,2.68186934340515));
#1830=CARTESIAN_POINT('Ctrl Pts',(60.2301806231334,28.1116212581426,2.68186934340515));
#1831=CARTESIAN_POINT('Ctrl Pts',(60.8007063784003,29.6972618871415,2.68186934340515));
#1832=CARTESIAN_POINT('Ctrl Pts',(61.0846655049592,30.4961692870726,2.68186934340515));
#1833=CARTESIAN_POINT('Ctrl Pts',(61.2198351082662,30.8998774517643,2.68186934340515));
#1834=CARTESIAN_POINT('Ctrl Pts',(61.2269142635405,30.9210206134917,2.68186934340515));
#1835=CARTESIAN_POINT('Ctrl Pts',(61.2340220099177,30.9422491676552,2.68186934340515));
#1836=CARTESIAN_POINT('Ctrl Pts',(61.4526958168844,30.8690327843207,4.56000000000006));
#1837=CARTESIAN_POINT('Ctrl Pts',(61.3798045478955,30.8934382454322,3.93395644780176));
#1838=CARTESIAN_POINT('Ctrl Pts',(61.3069132789066,30.9178437065437,3.30791289560345));
#1839=CARTESIAN_POINT('Ctrl Pts',(61.2340220099178,30.9422491676551,2.68186934340514));
#1840=CARTESIAN_POINT('Ctrl Pts',(61.4455848612794,30.8477946452253,4.56000000000006));
#1841=CARTESIAN_POINT('Ctrl Pts',(61.3726935922905,30.8722001063368,3.93395644780176));
#1842=CARTESIAN_POINT('Ctrl Pts',(61.2998023233016,30.8966055674483,3.30791289560345));
#1843=CARTESIAN_POINT('Ctrl Pts',(61.2269110543127,30.9210110285598,2.68186934340514));
#1844=CARTESIAN_POINT('Ctrl Pts',(61.4384739056744,30.82655650613,4.56000000000006));
#1845=CARTESIAN_POINT('Ctrl Pts',(61.3655826366855,30.8509619672415,3.93395644780176));
#1846=CARTESIAN_POINT('Ctrl Pts',(61.2926913676966,30.8753674283529,3.30791289560345));
#1847=CARTESIAN_POINT('Ctrl Pts',(61.2198000987077,30.8997728894644,2.68186934340514));
#1848=CARTESIAN_POINT('Ctrl Pts',(61.4313629500694,30.8053183670346,4.56000000000006));
#1849=CARTESIAN_POINT('Ctrl Pts',(61.3584716810805,30.8297238281461,3.93395644780176));
#1850=CARTESIAN_POINT('Ctrl Pts',(61.2855804120916,30.8541292892576,3.30791289560345));
#1851=CARTESIAN_POINT('Ctrl Pts',(61.2126891431027,30.8785347503691,2.68186934340514));
#1852=CARTESIAN_POINT('Ctrl Pts',(61.2198516090496,30.1736019662647,4.56000000000006));
#1853=CARTESIAN_POINT('Ctrl Pts',(61.1475309237403,30.1996659637866,3.93395644780176));
#1854=CARTESIAN_POINT('Ctrl Pts',(61.075954161367,30.2280886610431,3.30791289560345));
#1855=CARTESIAN_POINT('Ctrl Pts',(61.0036334760577,30.254152658565,2.68186934340514));
#1856=CARTESIAN_POINT('Ctrl Pts',(60.4359501512238,27.9936399791214,4.56000000000007));
#1857=CARTESIAN_POINT('Ctrl Pts',(60.363738307797,28.019983592502,3.93395644780176));
#1858=CARTESIAN_POINT('Ctrl Pts',(60.2915124542567,28.0462903523518,3.30791289560345));
#1859=CARTESIAN_POINT('Ctrl Pts',(60.2193006108299,28.0726339657324,2.68186934340514));
#1860=CARTESIAN_POINT('Ctrl Pts',(58.4645731445786,22.6163419972661,4.56000000000006));
#1861=CARTESIAN_POINT('Ctrl Pts',(58.3924129297684,22.6428328105856,3.93395644780175));
#1862=CARTESIAN_POINT('Ctrl Pts',(58.3204262379525,22.6698771814041,3.30791289560345));
#1863=CARTESIAN_POINT('Ctrl Pts',(58.2482660231424,22.6963679947236,2.68186934340514));
#1864=CARTESIAN_POINT('Ctrl Pts',(55.3137551629282,14.0105331347335,4.56000000000006));
#1865=CARTESIAN_POINT('Ctrl Pts',(55.2415021937902,14.0367663174044,3.93395644780176));
#1866=CARTESIAN_POINT('Ctrl Pts',(55.169246428802,14.0629909057501,3.30791289560345));
#1867=CARTESIAN_POINT('Ctrl Pts',(55.0969934596639,14.0892240884209,2.68186934340514));
#1868=CARTESIAN_POINT('Ctrl Pts',(51.919100438594,4.58464625762034,4.56000000000006));
#1869=CARTESIAN_POINT('Ctrl Pts',(51.8466040143426,4.61021482959301,3.93395644780176));
#1870=CARTESIAN_POINT('Ctrl Pts',(51.7741037768511,4.63578339940898,3.30791289560345));
#1871=CARTESIAN_POINT('Ctrl Pts',(51.7016073525997,4.66135197138165,2.68186934340514));
#1872=CARTESIAN_POINT('Ctrl Pts',(49.4543522593657,-2.68956509697633,4.56000000000006));
#1873=CARTESIAN_POINT('Ctrl Pts',(49.3815494376557,-2.66489704521027,3.93395644780176));
#1874=CARTESIAN_POINT('Ctrl Pts',(49.3087466159456,-2.6402289934442,3.30791289560345));
#1875=CARTESIAN_POINT('Ctrl Pts',(49.2359437942356,-2.61556094167814,2.68186934340514));
#1876=CARTESIAN_POINT('',(49.523928029536,-2.48434363424868,4.56));
#1877=CARTESIAN_POINT('Ctrl Pts',(49.2359437942864,-2.61556094152811,2.68186934340515));
#1878=CARTESIAN_POINT('Ctrl Pts',(49.3319232762857,-2.57182879353112,3.30791571373939));
#1879=CARTESIAN_POINT('Ctrl Pts',(49.4279180582331,-2.52808967425676,3.93395930149371));
#1880=CARTESIAN_POINT('Ctrl Pts',(49.5239280297059,-2.48434363401798,4.55999999992915));
#1881=CARTESIAN_POINT('',(61.4149801624229,30.7565847125149,4.56));
#1882=CARTESIAN_POINT('Ctrl Pts',(61.4149744067344,30.7565711672908,4.56000000000006));
#1883=CARTESIAN_POINT('Ctrl Pts',(61.1936190220308,30.1006731279252,4.56000000000006));
#1884=CARTESIAN_POINT('Ctrl Pts',(60.4113919663097,27.9266529554666,4.56000000000007));
#1885=CARTESIAN_POINT('Ctrl Pts',(58.4645731445786,22.6163419972661,4.56000000000006));
#1886=CARTESIAN_POINT('Ctrl Pts',(55.3315381897536,14.0591038013819,4.56000000000006));
#1887=CARTESIAN_POINT('Ctrl Pts',(51.9669550046518,4.71751761899491,4.56000000000006));
#1888=CARTESIAN_POINT('Ctrl Pts',(49.5239277995185,-2.48434442676378,4.56000000000006));
#1889=CARTESIAN_POINT('Ctrl Pts',(61.4149801624232,30.7565847125158,4.56000000000006));
#1890=CARTESIAN_POINT('Ctrl Pts',(61.3972866444071,30.7747383979755,4.37619036831726));
#1891=CARTESIAN_POINT('Ctrl Pts',(61.3795517226749,30.7929345639196,4.19201833159224));
#1892=CARTESIAN_POINT('Ctrl Pts',(61.3192537583969,30.8548007386604,3.56610544603457));
#1893=CARTESIAN_POINT('Ctrl Pts',(61.2766317881929,30.8985312076874,3.12398860092748));
#1894=CARTESIAN_POINT('Ctrl Pts',(61.2340220099177,30.9422491676551,2.68186934340515));
#1895=CARTESIAN_POINT('Origin',(47.6499310717652,-3.33821271732029,4.56));
#1896=CARTESIAN_POINT('',(50.7738237325026,-1.91484041607083,1.56));
#1897=CARTESIAN_POINT('',(28.1395085976312,-12.2279531633964,1.56));
#1898=CARTESIAN_POINT('',(50.7738237325026,-1.91484041607083,4.56));
#1899=CARTESIAN_POINT('Ctrl Pts',(50.7738237325026,-1.91484041607083,4.56));
#1900=CARTESIAN_POINT('Ctrl Pts',(50.7738237325026,-1.91484041607083,4.22666666666667));
#1901=CARTESIAN_POINT('Ctrl Pts',(50.7738240759817,-1.91484025956777,3.89333333333334));
#1902=CARTESIAN_POINT('Ctrl Pts',(50.7738240759817,-1.91484025956777,2.89333333333334));
#1903=CARTESIAN_POINT('Ctrl Pts',(50.7738240759817,-1.91484025956777,2.22666666666667));
#1904=CARTESIAN_POINT('Ctrl Pts',(50.7738240759817,-1.91484025956777,1.56));
#1905=CARTESIAN_POINT('',(50.7738240759817,-1.91484025956781,6.16));
#1906=CARTESIAN_POINT('Ctrl Pts',(50.7738240759817,-1.91484025956779,4.56));
#1907=CARTESIAN_POINT('Ctrl Pts',(50.7738240759817,-1.91484025956779,5.09333333333333));
#1908=CARTESIAN_POINT('Ctrl Pts',(50.7738240759817,-1.91484025956779,5.62666666666667));
#1909=CARTESIAN_POINT('Ctrl Pts',(50.7738240759817,-1.91484025956779,6.16));
#1910=CARTESIAN_POINT('',(47.6499310717652,-3.33821271732029,6.16));
#1911=CARTESIAN_POINT('',(28.1395085976312,-12.2279531633964,6.16));
#1912=CARTESIAN_POINT('',(47.6499310717652,-3.33821271732029,4.56));
#1913=CARTESIAN_POINT('',(47.6499310717652,-3.33821271732029,4.56));
#1914=CARTESIAN_POINT('',(28.1395085976312,-12.2279531633964,4.56));
#1915=CARTESIAN_POINT('Ctrl Pts',(37.3691063912904,-48.5223035578486,2.68186934340515));
#1916=CARTESIAN_POINT('Ctrl Pts',(37.3746049517076,-48.4771244419267,2.68186934340515));
#1917=CARTESIAN_POINT('Ctrl Pts',(37.3801035590047,-48.4319449408135,2.68186934340515));
#1918=CARTESIAN_POINT('Ctrl Pts',(37.7548270722189,-45.3530159561619,2.68186934340515));
#1919=CARTESIAN_POINT('Ctrl Pts',(38.4294613505363,-41.3406427132673,2.68186934340515));
#1920=CARTESIAN_POINT('Ctrl Pts',(39.8740945349206,-34.3878911113902,2.68186934340515));
#1921=CARTESIAN_POINT('Ctrl Pts',(40.8358798127033,-30.448669307482,2.68186934340515));
#1922=CARTESIAN_POINT('Ctrl Pts',(41.6091905246548,-27.5115262901402,2.68186934340515));
#1923=CARTESIAN_POINT('Ctrl Pts',(37.3300950027802,-48.5175556456262,2.36180263151151));
#1924=CARTESIAN_POINT('Ctrl Pts',(37.3355935631973,-48.4723765297044,2.36180263151152));
#1925=CARTESIAN_POINT('Ctrl Pts',(37.3410921704945,-48.4271970285912,2.36180263151151));
#1926=CARTESIAN_POINT('Ctrl Pts',(37.7159653509131,-45.3470583410972,2.36180263151151));
#1927=CARTESIAN_POINT('Ctrl Pts',(38.3908109731069,-41.3334782182057,2.36180263151152));
#1928=CARTESIAN_POINT('Ctrl Pts',(39.8357877664222,-34.3790731791746,2.36180263151151));
#1929=CARTESIAN_POINT('Ctrl Pts',(40.7977531212852,-30.4391322372349,2.36180263151151));
#1930=CARTESIAN_POINT('Ctrl Pts',(41.5711864250865,-27.5015203159262,2.36180263151151));
#1931=CARTESIAN_POINT('Ctrl Pts',(37.553173513755,-48.5447055941219,1.77404800384106));
#1932=CARTESIAN_POINT('Ctrl Pts',(37.5586720741722,-48.4995264782,1.77404800384106));
#1933=CARTESIAN_POINT('Ctrl Pts',(37.5641706814693,-48.4543469770868,1.77404800384107));
#1934=CARTESIAN_POINT('Ctrl Pts',(37.9382086087996,-45.3812479400905,1.77404800384106));
#1935=CARTESIAN_POINT('Ctrl Pts',(38.6118233480287,-41.3744369970977,1.77404800384106));
#1936=CARTESIAN_POINT('Ctrl Pts',(40.0548411344607,-34.4295207413491,1.77404800384106));
#1937=CARTESIAN_POINT('Ctrl Pts',(41.0157772724895,-30.4936982559937,1.77404800384106));
#1938=CARTESIAN_POINT('Ctrl Pts',(41.7885049637592,-27.558737398264,1.77404800384106));
#1939=CARTESIAN_POINT('Ctrl Pts',(38.1143010386103,-48.6129980680709,1.56));
#1940=CARTESIAN_POINT('Ctrl Pts',(38.1197995990274,-48.567818952149,1.56));
#1941=CARTESIAN_POINT('Ctrl Pts',(38.1252982063246,-48.5226394510357,1.56000000000002));
#1942=CARTESIAN_POINT('Ctrl Pts',(38.4971985471456,-45.4670305095437,1.56));
#1943=CARTESIAN_POINT('Ctrl Pts',(39.1677568987083,-41.477481541127,1.56));
#1944=CARTESIAN_POINT('Ctrl Pts',(40.6058366352396,-34.5563728338008,1.56));
#1945=CARTESIAN_POINT('Ctrl Pts',(41.5641829820781,-30.6308987859789,1.56));
#1946=CARTESIAN_POINT('Ctrl Pts',(42.3351439617409,-27.7026601797608,1.56));
#1947=CARTESIAN_POINT('Ctrl Pts',(38.354382264661,-48.6422173455959,1.56));
#1948=CARTESIAN_POINT('Ctrl Pts',(38.3598808250781,-48.597038229674,1.56));
#1949=CARTESIAN_POINT('Ctrl Pts',(38.3653794323752,-48.5518587285608,1.56000000000002));
#1950=CARTESIAN_POINT('Ctrl Pts',(38.7363587014957,-45.5036944577829,1.56));
#1951=CARTESIAN_POINT('Ctrl Pts',(39.4056164149914,-41.5215727879168,1.56));
#1952=CARTESIAN_POINT('Ctrl Pts',(40.8415815368784,-34.6106395507362,1.56));
#1953=CARTESIAN_POINT('Ctrl Pts',(41.7988196656328,-30.6895911731324,1.56));
#1954=CARTESIAN_POINT('Ctrl Pts',(42.5690261988962,-27.7642382637218,1.56));
#1955=CARTESIAN_POINT('',(41.6059958916534,-27.5236612070633,2.68186934340515));
#1956=CARTESIAN_POINT('',(42.2585352084443,-28.9557972552173,1.56));
#1957=CARTESIAN_POINT('Ctrl Pts',(41.6059958916534,-27.5236612070632,2.68186934340515));
#1958=CARTESIAN_POINT('Ctrl Pts',(41.5992777992911,-27.5089169272944,2.59838904996198));
#1959=CARTESIAN_POINT('Ctrl Pts',(41.5994938750027,-27.5093911513109,2.51400010365804));
#1960=CARTESIAN_POINT('Ctrl Pts',(41.6140397776776,-27.5413152224551,2.34378572152499));
#1961=CARTESIAN_POINT('Ctrl Pts',(41.628624021537,-27.5733234414677,2.26212691877096));
#1962=CARTESIAN_POINT('Ctrl Pts',(41.6742878550918,-27.6735424174712,2.08882522477516));
#1963=CARTESIAN_POINT('Ctrl Pts',(41.7085939767358,-27.7488344837345,2.00363436688399));
#1964=CARTESIAN_POINT('Ctrl Pts',(41.8006809669974,-27.9509389315835,1.829907930862));
#1965=CARTESIAN_POINT('Ctrl Pts',(41.8672572747996,-28.0970547715376,1.74522901866642));
#1966=CARTESIAN_POINT('Ctrl Pts',(42.043018023145,-28.4827990433066,1.59915518282995));
#1967=CARTESIAN_POINT('Ctrl Pts',(42.151980607636,-28.7219405649203,1.56));
#1968=CARTESIAN_POINT('Ctrl Pts',(42.2585352084444,-28.955797255219,1.56));
#1969=CARTESIAN_POINT('Ctrl Pts',(42.258481252717,-28.9557833393408,1.56));
#1970=CARTESIAN_POINT('Ctrl Pts',(41.6054250144755,-31.4878641420232,1.56));
#1971=CARTESIAN_POINT('Ctrl Pts',(40.7580852823701,-35.0124856900789,1.56));
#1972=CARTESIAN_POINT('Ctrl Pts',(39.4627275997646,-41.2467112477249,1.56));
#1973=CARTESIAN_POINT('Ctrl Pts',(38.8302535928618,-44.9495352956773,1.56));
#1974=CARTESIAN_POINT('Ctrl Pts',(38.4761139570524,-47.6710615027343,1.56000000000002));
#1975=CARTESIAN_POINT('Ctrl Pts',(37.3702485259099,-48.5129191683979,2.68186934340515));
#1976=CARTESIAN_POINT('Ctrl Pts',(37.3753666348516,-48.4708660454645,2.68186934340515));
#1977=CARTESIAN_POINT('Ctrl Pts',(37.3804881136772,-48.4287852337618,2.68186934340515));
#1978=CARTESIAN_POINT('Ctrl Pts',(37.7548270722189,-45.3530159561619,2.68186934340515));
#1979=CARTESIAN_POINT('Ctrl Pts',(38.4294613505363,-41.3406427132673,2.68186934340515));
#1980=CARTESIAN_POINT('Ctrl Pts',(39.8732418905003,-34.3919947308577,2.68186934340515));
#1981=CARTESIAN_POINT('Ctrl Pts',(40.8338931471783,-30.4568068031497,2.68186934340515));
#1982=CARTESIAN_POINT('Ctrl Pts',(41.6059958824349,-27.5236612129798,2.68186934340515));
#1983=CARTESIAN_POINT('Origin',(0.185746500000006,-2.58699249999999,1.56));
#1984=CARTESIAN_POINT('',(42.415660853939,-29.300642838025,1.56));
#1985=CARTESIAN_POINT('',(33.7460014106736,-10.2732348421442,1.56));
#1986=CARTESIAN_POINT('Ctrl Pts',(38.743084470774,-47.4677833333304,1.56));
#1987=CARTESIAN_POINT('Ctrl Pts',(39.442092995147,-42.2020827171714,1.56));
#1988=CARTESIAN_POINT('Ctrl Pts',(40.6656609683334,-36.1289062999097,1.56));
#1989=CARTESIAN_POINT('Ctrl Pts',(42.4163217844713,-29.2990716320698,1.56));
#1990=CARTESIAN_POINT('Origin',(42.415660853939,-29.300642838025,4.56));
#1991=CARTESIAN_POINT('',(41.7572450913879,-27.8556096822289,4.56));
#1992=CARTESIAN_POINT('Ctrl Pts',(41.7572450913879,-27.8556096822289,4.55999999999989));
#1993=CARTESIAN_POINT('Ctrl Pts',(41.7067950991914,-27.7448864651067,3.93398172514075));
#1994=CARTESIAN_POINT('Ctrl Pts',(41.6563779478284,-27.6342353241649,3.30792635585671));
#1995=CARTESIAN_POINT('Ctrl Pts',(41.6059958916535,-27.5236612070633,2.68186934340514));
#1996=CARTESIAN_POINT('',(40.6918178545848,-25.5173034480291,4.56));
#1997=CARTESIAN_POINT('',(33.7460014106736,-10.2732348421442,4.56));
#1998=CARTESIAN_POINT('',(40.6918178545848,-25.5173034480291,6.16));
#1999=CARTESIAN_POINT('',(40.6918178545848,-25.5173034480291,4.56));
#2000=CARTESIAN_POINT('',(42.4156604658706,-29.3006419863266,6.16));
#2001=CARTESIAN_POINT('',(33.7460014106736,-10.2732348421442,6.16));
#2002=CARTESIAN_POINT('',(42.415660853939,-29.300642838025,4.56));
#2003=CARTESIAN_POINT('Ctrl Pts',(42.4156604658706,-29.3006419863266,6.16));
#2004=CARTESIAN_POINT('Ctrl Pts',(42.4156604658706,-29.3006419863266,5.62666666666667));
#2005=CARTESIAN_POINT('Ctrl Pts',(42.4156604658706,-29.3006419863266,5.09333333333334));
#2006=CARTESIAN_POINT('Ctrl Pts',(42.4156604658706,-29.3006419863266,4.56000000000001));
#2007=CARTESIAN_POINT('Ctrl Pts',(42.4156604658706,-29.3006419863265,1.56));
#2008=CARTESIAN_POINT('Ctrl Pts',(42.4156604658706,-29.3006419863265,2.22666666666667));
#2009=CARTESIAN_POINT('Ctrl Pts',(42.4156604658706,-29.3006419863265,2.89333333333334));
#2010=CARTESIAN_POINT('Ctrl Pts',(42.4156604658706,-29.3006419863265,3.89333333333334));
#2011=CARTESIAN_POINT('Ctrl Pts',(42.415660853939,-29.300642838025,4.22666666666667));
#2012=CARTESIAN_POINT('Ctrl Pts',(42.415660853939,-29.300642838025,4.56));
#2013=CARTESIAN_POINT('Ctrl Pts',(-41.2375092130764,-27.5122397469414,2.68186934340515));
#2014=CARTESIAN_POINT('Ctrl Pts',(-40.4642341624253,-30.4492834649922,2.68186934340515));
#2015=CARTESIAN_POINT('Ctrl Pts',(-39.5024943034489,-34.3883716189963,2.68186934340515));
#2016=CARTESIAN_POINT('Ctrl Pts',(-38.057927469862,-41.3408856295185,2.68186934340515));
#2017=CARTESIAN_POINT('Ctrl Pts',(-37.3833219653959,-45.3531212407364,2.68186934340515));
#2018=CARTESIAN_POINT('Ctrl Pts',(-37.0085396905423,-48.4325354869063,2.68186934340515));
#2019=CARTESIAN_POINT('Ctrl Pts',(-37.0029692177205,-48.4783055099736,2.68186934340515));
#2020=CARTESIAN_POINT('Ctrl Pts',(-36.9973987929098,-48.5240751385561,2.68186934340515));
#2021=CARTESIAN_POINT('Ctrl Pts',(-41.199505083187,-27.5022338878918,2.36180263151151));
#2022=CARTESIAN_POINT('Ctrl Pts',(-40.4261074430605,-30.4397465063626,2.36180263151152));
#2023=CARTESIAN_POINT('Ctrl Pts',(-39.4641875113573,-34.37955379091,2.36180263151152));
#2024=CARTESIAN_POINT('Ctrl Pts',(-38.0192770791221,-41.3337212080372,2.36180263151152));
#2025=CARTESIAN_POINT('Ctrl Pts',(-37.3444602382748,-45.3471636703039,2.36180263151151));
#2026=CARTESIAN_POINT('Ctrl Pts',(-36.9695283015801,-48.4277875783978,2.3618026315115));
#2027=CARTESIAN_POINT('Ctrl Pts',(-36.9639578287583,-48.4735576014651,2.36180263151152));
#2028=CARTESIAN_POINT('Ctrl Pts',(-36.9583874039475,-48.5193272300476,2.36180263151151));
#2029=CARTESIAN_POINT('Ctrl Pts',(-41.4168232601163,-27.5594501707955,1.77404740729124));
#2030=CARTESIAN_POINT('Ctrl Pts',(-40.6441312145806,-30.4943117356096,1.77404740729124));
#2031=CARTESIAN_POINT('Ctrl Pts',(-39.6832404653363,-34.4300005747019,1.77404740729124));
#2032=CARTESIAN_POINT('Ctrl Pts',(-38.2402889758238,-41.3746794044003,1.77404740729124));
#2033=CARTESIAN_POINT('Ctrl Pts',(-37.5667029700698,-45.3813528578233,1.77404740729124));
#2034=CARTESIAN_POINT('Ctrl Pts',(-37.1926062658284,-48.4549374388021,1.77404740729128));
#2035=CARTESIAN_POINT('Ctrl Pts',(-37.1870357930067,-48.5007074618695,1.77404740729125));
#2036=CARTESIAN_POINT('Ctrl Pts',(-37.181465368196,-48.546477090452,1.77404740729124));
#2037=CARTESIAN_POINT('Ctrl Pts',(-41.963463229355,-27.7033714366939,1.56));
#2038=CARTESIAN_POINT('Ctrl Pts',(-41.1925378649031,-30.6315108072415,1.56));
#2039=CARTESIAN_POINT('Ctrl Pts',(-40.2342368412053,-34.556851270309,1.56));
#2040=CARTESIAN_POINT('Ctrl Pts',(-38.7962232532438,-41.4777229377171,1.56));
#2041=CARTESIAN_POINT('Ctrl Pts',(-38.1256935475475,-45.4671349181343,1.56));
#2042=CARTESIAN_POINT('Ctrl Pts',(-37.7537343464962,-48.5232299261862,1.56000000000007));
#2043=CARTESIAN_POINT('Ctrl Pts',(-37.7481638736745,-48.5689999492536,1.56));
#2044=CARTESIAN_POINT('Ctrl Pts',(-37.7425934488638,-48.6147695778361,1.56));
#2045=CARTESIAN_POINT('Ctrl Pts',(-42.1973456531102,-27.7649488119179,1.56));
#2046=CARTESIAN_POINT('Ctrl Pts',(-41.4271747204455,-30.6902025074866,1.56));
#2047=CARTESIAN_POINT('Ctrl Pts',(-40.4699818880392,-34.6111173464189,1.56));
#2048=CARTESIAN_POINT('Ctrl Pts',(-39.0340828514411,-41.521813731684,1.56));
#2049=CARTESIAN_POINT('Ctrl Pts',(-38.3648537376864,-45.5037985917011,1.56));
#2050=CARTESIAN_POINT('Ctrl Pts',(-37.9938155753286,-48.5524491808556,1.56000000000007));
#2051=CARTESIAN_POINT('Ctrl Pts',(-37.9882451025068,-48.598219203923,1.56));
#2052=CARTESIAN_POINT('Ctrl Pts',(-37.9826746776961,-48.6439888325055,1.56));
#2053=CARTESIAN_POINT('',(-41.8870415862674,-28.9557980844301,1.56));
#2054=CARTESIAN_POINT('Ctrl Pts',(-38.1046255041667,-47.6710337914272,1.56000000000005));
#2055=CARTESIAN_POINT('Ctrl Pts',(-38.4587510166322,-44.9496209207896,1.56));
#2056=CARTESIAN_POINT('Ctrl Pts',(-39.0911952783928,-41.2469429835123,1.56));
#2057=CARTESIAN_POINT('Ctrl Pts',(-40.3865363399476,-35.0127241675572,1.56));
#2058=CARTESIAN_POINT('Ctrl Pts',(-41.2338969618834,-31.4880000673474,1.56));
#2059=CARTESIAN_POINT('Ctrl Pts',(-41.8869877113784,-28.9557841894098,1.56));
#2060=CARTESIAN_POINT('',(-41.2345022285595,-27.5236619464751,2.68186934340514));
#2061=CARTESIAN_POINT('Ctrl Pts',(-41.8870415862674,-28.9557980844318,1.56));
#2062=CARTESIAN_POINT('Ctrl Pts',(-41.7630080072848,-28.6835800661883,1.56));
#2063=CARTESIAN_POINT('Ctrl Pts',(-41.6417248446876,-28.4173984205458,1.61295567292124));
#2064=CARTESIAN_POINT('Ctrl Pts',(-41.458648494627,-28.0155985078969,1.78792691840749));
#2065=CARTESIAN_POINT('Ctrl Pts',(-41.3918247453898,-27.8689396055169,1.88681835280519));
#2066=CARTESIAN_POINT('Ctrl Pts',(-41.3053067022698,-27.6790573943155,2.08364071479204));
#2067=CARTESIAN_POINT('Ctrl Pts',(-41.275200119635,-27.6129821076002,2.17732652393092));
#2068=CARTESIAN_POINT('Ctrl Pts',(-41.2433123986667,-27.5429977349851,2.34636187211504));
#2069=CARTESIAN_POINT('Ctrl Pts',(-41.235220088882,-27.5252374433362,2.41251223743428));
#2070=CARTESIAN_POINT('Ctrl Pts',(-41.2281785435454,-27.5097832773545,2.54817748620742));
#2071=CARTESIAN_POINT('Ctrl Pts',(-41.2291575672967,-27.5119319527986,2.61545557006028));
#2072=CARTESIAN_POINT('Ctrl Pts',(-41.2345022285595,-27.523661946475,2.68186934340515));
#2073=CARTESIAN_POINT('Ctrl Pts',(-41.2345022203937,-27.5236619517175,2.68186934340515));
#2074=CARTESIAN_POINT('Ctrl Pts',(-40.4623641955042,-30.456943023442,2.68186934340515));
#2075=CARTESIAN_POINT('Ctrl Pts',(-39.5016917465741,-34.39223422181,2.68186934340515));
#2076=CARTESIAN_POINT('Ctrl Pts',(-38.057927469862,-41.3408856295185,2.68186934340515));
#2077=CARTESIAN_POINT('Ctrl Pts',(-37.3833219653959,-45.3531212407364,2.68186934340515));
#2078=CARTESIAN_POINT('Ctrl Pts',(-37.008996667181,-48.42878071923,2.68186934340515));
#2079=CARTESIAN_POINT('Ctrl Pts',(-37.0038744025594,-48.470868020863,2.68186934340515));
#2080=CARTESIAN_POINT('Ctrl Pts',(-36.9987560328325,-48.51292331993,2.68186934340515));
#2081=CARTESIAN_POINT('Ctrl Pts',(-37.2276723269791,-48.5407837383774,4.56));
#2082=CARTESIAN_POINT('Ctrl Pts',(-37.1513668955969,-48.5314969322283,3.93395644780172));
#2083=CARTESIAN_POINT('Ctrl Pts',(-37.0750614642147,-48.5222101260791,3.30791289560343));
#2084=CARTESIAN_POINT('Ctrl Pts',(-36.9987560328325,-48.5129233199299,2.68186934340514));
#2085=CARTESIAN_POINT('Ctrl Pts',(-37.2327903891431,-48.4987309664136,4.56));
#2086=CARTESIAN_POINT('Ctrl Pts',(-37.1564849577609,-48.4894441602645,3.93395644780172));
#2087=CARTESIAN_POINT('Ctrl Pts',(-37.0801795263787,-48.4801573541153,3.30791289560343));
#2088=CARTESIAN_POINT('Ctrl Pts',(-37.0038740949965,-48.4708705479662,2.68186934340514));
#2089=CARTESIAN_POINT('Ctrl Pts',(-37.237908451307,-48.4566781944499,4.56));
#2090=CARTESIAN_POINT('Ctrl Pts',(-37.1616030199248,-48.4473913883007,3.93395644780171));
#2091=CARTESIAN_POINT('Ctrl Pts',(-37.0852975885426,-48.4381045821516,3.30791289560343));
#2092=CARTESIAN_POINT('Ctrl Pts',(-37.0089921571604,-48.4288177760024,2.68186934340514));
#2093=CARTESIAN_POINT('Ctrl Pts',(-37.243026513471,-48.4146254224861,4.56));
#2094=CARTESIAN_POINT('Ctrl Pts',(-37.1667210820888,-48.405338616337,3.93395644780172));
#2095=CARTESIAN_POINT('Ctrl Pts',(-37.0904156507066,-48.3960518101878,3.30791289560343));
#2096=CARTESIAN_POINT('Ctrl Pts',(-37.0141102193244,-48.3867650040387,2.68186934340514));
#2097=CARTESIAN_POINT('Ctrl Pts',(-37.9651536958263,-42.4812372072621,4.56));
#2098=CARTESIAN_POINT('Ctrl Pts',(-37.8894247571135,-42.4673205815928,3.93395644780171));
#2099=CARTESIAN_POINT('Ctrl Pts',(-37.8136717565425,-42.4532807913154,3.30791289560343));
#2100=CARTESIAN_POINT('Ctrl Pts',(-37.7379428178296,-42.4393641656461,2.68186934340514));
#2101=CARTESIAN_POINT('Ctrl Pts',(-39.3678138153573,-35.5209667285573,4.56));
#2102=CARTESIAN_POINT('Ctrl Pts',(-39.2928319945915,-35.5038974721615,3.93395644780172));
#2103=CARTESIAN_POINT('Ctrl Pts',(-39.2178354545245,-35.4867469413451,3.30791289560343));
#2104=CARTESIAN_POINT('Ctrl Pts',(-39.1428536337587,-35.4696776849493,2.68186934340514));
#2105=CARTESIAN_POINT('Ctrl Pts',(-41.4575107971281,-27.5823650212402,4.56));
#2106=CARTESIAN_POINT('Ctrl Pts',(-41.3831746076372,-27.5627973295304,3.93395644780172));
#2107=CARTESIAN_POINT('Ctrl Pts',(-41.3088384181463,-27.5432296378206,3.30791289560343));
#2108=CARTESIAN_POINT('Ctrl Pts',(-41.2345022286554,-27.5236619461109,2.68186934340514));
#2109=CARTESIAN_POINT('',(-41.3857514375505,-27.8556104419562,4.56));
#2110=CARTESIAN_POINT('Ctrl Pts',(-41.2345022285595,-27.5236619464751,2.68186934340514));
#2111=CARTESIAN_POINT('Ctrl Pts',(-41.2848842903609,-27.6342360759253,3.30792638773303));
#2112=CARTESIAN_POINT('Ctrl Pts',(-41.3353014447988,-27.7448872236155,3.93398175684181));
#2113=CARTESIAN_POINT('Ctrl Pts',(-41.3857514375505,-27.8556104419562,4.5599999999999));
#2114=CARTESIAN_POINT('Ctrl Pts',(-37.254836902503,-48.3179877555936,4.56));
#2115=CARTESIAN_POINT('Ctrl Pts',(-37.9720086041628,-42.4739997394205,4.56));
#2116=CARTESIAN_POINT('Ctrl Pts',(-39.3469226344027,-35.6378250347297,4.56));
#2117=CARTESIAN_POINT('Ctrl Pts',(-41.3857584702748,-27.8555927101782,4.56));
#2118=CARTESIAN_POINT('Origin',(-40.3203238545848,-25.517303448029,4.56));
#2119=CARTESIAN_POINT('',(-42.044166853939,-29.300642838025,1.56));
#2120=CARTESIAN_POINT('',(-32.5125859969549,-8.38156533580036,1.56));
#2121=CARTESIAN_POINT('',(-42.044166853939,-29.300642838025,4.56));
#2122=CARTESIAN_POINT('Ctrl Pts',(-42.044166853939,-29.300642838025,4.56));
#2123=CARTESIAN_POINT('Ctrl Pts',(-42.044166853939,-29.300642838025,4.22666666666667));
#2124=CARTESIAN_POINT('Ctrl Pts',(-42.044166853939,-29.300642838025,3.89333333333334));
#2125=CARTESIAN_POINT('Ctrl Pts',(-42.044166853939,-29.300642838025,2.89333333333334));
#2126=CARTESIAN_POINT('Ctrl Pts',(-42.044166853939,-29.300642838025,2.22666666666667));
#2127=CARTESIAN_POINT('Ctrl Pts',(-42.044166853939,-29.300642838025,1.56));
#2128=CARTESIAN_POINT('',(-42.044166853939,-29.300642838025,6.16));
#2129=CARTESIAN_POINT('Ctrl Pts',(-42.044166853939,-29.300642838025,4.56));
#2130=CARTESIAN_POINT('Ctrl Pts',(-42.044166853939,-29.300642838025,5.09333333333333));
#2131=CARTESIAN_POINT('Ctrl Pts',(-42.044166853939,-29.300642838025,5.62666666666667));
#2132=CARTESIAN_POINT('Ctrl Pts',(-42.044166853939,-29.300642838025,6.16000000000001));
#2133=CARTESIAN_POINT('',(-40.3203238545848,-25.517303448029,6.16));
#2134=CARTESIAN_POINT('',(-32.5125859969549,-8.38156533580036,6.16));
#2135=CARTESIAN_POINT('',(-40.3203238545848,-25.517303448029,4.56));
#2136=CARTESIAN_POINT('',(-40.3203238545848,-25.517303448029,4.56));
#2137=CARTESIAN_POINT('',(-32.5125859969549,-8.38156533580036,4.56));
#2138=CARTESIAN_POINT('Ctrl Pts',(-60.8641501797758,30.9470909710709,2.68186934340515));
#2139=CARTESIAN_POINT('Ctrl Pts',(-60.8564988713895,30.9242390085226,2.68186934340515));
#2140=CARTESIAN_POINT('Ctrl Pts',(-60.8488475393474,30.9013869753217,2.68186934340515));
#2141=CARTESIAN_POINT('Ctrl Pts',(-60.7131620707635,30.4961387367333,2.68186934340515));
#2142=CARTESIAN_POINT('Ctrl Pts',(-60.4291091207129,29.696975567308,2.68186934340515));
#2143=CARTESIAN_POINT('Ctrl Pts',(-59.8587322632261,28.1118125177464,2.68186934340515));
#2144=CARTESIAN_POINT('Ctrl Pts',(-59.1312914868537,26.1198348933465,2.68186934340515));
#2145=CARTESIAN_POINT('Ctrl Pts',(-58.2581444179156,23.7350251051909,2.68186934340515));
#2146=CARTESIAN_POINT('Ctrl Pts',(-57.0911723518759,20.5514367090039,2.68186934340515));
#2147=CARTESIAN_POINT('Ctrl Pts',(-55.6365575622926,16.570712312827,2.68186934340515));
#2148=CARTESIAN_POINT('Ctrl Pts',(-53.9048020311267,11.7867788706147,2.68186934340515));
#2149=CARTESIAN_POINT('Ctrl Pts',(-52.1933601850615,6.99442623246458,2.68186934340515));
#2150=CARTESIAN_POINT('Ctrl Pts',(-50.5078553612434,2.1916412093003,2.68186934340515));
#2151=CARTESIAN_POINT('Ctrl Pts',(-49.4055651372836,-1.01847277717003,2.68186934340515));
#2152=CARTESIAN_POINT('Ctrl Pts',(-48.8609126890924,-2.6259994992009,2.68186934340515));
#2153=CARTESIAN_POINT('Ctrl Pts',(-60.8268842979732,30.9595683569127,2.36180263151151));
#2154=CARTESIAN_POINT('Ctrl Pts',(-60.8192329895869,30.9367163943644,2.36180263151152));
#2155=CARTESIAN_POINT('Ctrl Pts',(-60.8115816575448,30.9138643611635,2.36180263151148));
#2156=CARTESIAN_POINT('Ctrl Pts',(-60.6760920579933,30.5091923329101,2.36180263151151));
#2157=CARTESIAN_POINT('Ctrl Pts',(-60.3921015902078,29.7101973970532,2.36180263151151));
#2158=CARTESIAN_POINT('Ctrl Pts',(-59.8218039466069,28.1252583217596,2.36180263151151));
#2159=CARTESIAN_POINT('Ctrl Pts',(-59.0943805628627,26.1333250889238,2.36180263151151));
#2160=CARTESIAN_POINT('Ctrl Pts',(-58.2212473762638,23.7485547843469,2.36180263151151));
#2161=CARTESIAN_POINT('Ctrl Pts',(-57.054267916384,20.5649454242841,2.36180263151152));
#2162=CARTESIAN_POINT('Ctrl Pts',(-55.5996286335174,16.5841545562508,2.36180263151151));
#2163=CARTESIAN_POINT('Ctrl Pts',(-53.8678228213194,11.8000821214161,2.36180263151152));
#2164=CARTESIAN_POINT('Ctrl Pts',(-52.1563166125436,7.00754954121618,2.36180263151151));
#2165=CARTESIAN_POINT('Ctrl Pts',(-50.4707320919503,2.20453758880077,2.36180263151152));
#2166=CARTESIAN_POINT('Ctrl Pts',(-49.3683787761071,-1.00575990036429,2.36180263151151));
#2167=CARTESIAN_POINT('Ctrl Pts',(-48.8236917962155,-2.61338854216272,2.36180263151151));
#2168=CARTESIAN_POINT('Ctrl Pts',(-61.039989388613,30.8882163772427,1.77405698132681));
#2169=CARTESIAN_POINT('Ctrl Pts',(-61.0323380802267,30.8653644146944,1.77405698132681));
#2170=CARTESIAN_POINT('Ctrl Pts',(-61.0246867481845,30.8425123814935,1.77405698132686));
#2171=CARTESIAN_POINT('Ctrl Pts',(-60.8871922349425,30.4317739147436,1.7740569813268));
#2172=CARTESIAN_POINT('Ctrl Pts',(-60.6037846990265,29.6347562322814,1.7740569813268));
#2173=CARTESIAN_POINT('Ctrl Pts',(-60.0323499314868,28.046402604314,1.7740569813268));
#2174=CARTESIAN_POINT('Ctrl Pts',(-59.3054692306329,26.0562213567313,1.7740569813268));
#2175=CARTESIAN_POINT('Ctrl Pts',(-58.4320556869109,23.6705984324288,1.77405698132681));
#2176=CARTESIAN_POINT('Ctrl Pts',(-57.2652863048739,20.4876335593215,1.77405698132681));
#2177=CARTESIAN_POINT('Ctrl Pts',(-55.8107675913772,16.5071623819141,1.7740569813268));
#2178=CARTESIAN_POINT('Ctrl Pts',(-54.0792879751215,11.72400542447,1.77405698132681));
#2179=CARTESIAN_POINT('Ctrl Pts',(-52.3681465706547,6.93249177205329,1.77405698132681));
#2180=CARTESIAN_POINT('Ctrl Pts',(-50.6830214482932,2.13078899187153,1.77405698132681));
#2181=CARTESIAN_POINT('Ctrl Pts',(-49.5810299867609,-1.07845599473252,1.7740569813268));
#2182=CARTESIAN_POINT('Ctrl Pts',(-49.0365396175078,-2.68550434924091,1.7740569813268));
#2183=CARTESIAN_POINT('Ctrl Pts',(-61.5760021980561,30.7087482332983,1.56));
#2184=CARTESIAN_POINT('Ctrl Pts',(-61.5683508896698,30.68589627075,1.56));
#2185=CARTESIAN_POINT('Ctrl Pts',(-61.5606995576275,30.6630442375491,1.5600000000001));
#2186=CARTESIAN_POINT('Ctrl Pts',(-61.4197464401735,30.242009176152,1.56));
#2187=CARTESIAN_POINT('Ctrl Pts',(-61.136121674117,29.4447021077285,1.56));
#2188=CARTESIAN_POINT('Ctrl Pts',(-60.5630516731963,27.851580410617,1.56));
#2189=CARTESIAN_POINT('Ctrl Pts',(-59.8363862296758,25.8622144859239,1.56));
#2190=CARTESIAN_POINT('Ctrl Pts',(-58.9626273463905,23.4755693235325,1.56));
#2191=CARTESIAN_POINT('Ctrl Pts',(-57.7960859317567,20.2932862163793,1.56));
#2192=CARTESIAN_POINT('Ctrl Pts',(-56.3419053863952,16.3137273363547,1.56));
#2193=CARTESIAN_POINT('Ctrl Pts',(-54.6111770093596,11.5326570206507,1.56));
#2194=CARTESIAN_POINT('Ctrl Pts',(-52.9009590056435,6.74372426004611,1.56));
#2195=CARTESIAN_POINT('Ctrl Pts',(-51.2169828466038,1.94529382873901,1.56));
#2196=CARTESIAN_POINT('Ctrl Pts',(-50.1158996360352,-1.26130947470024,1.56));
#2197=CARTESIAN_POINT('Ctrl Pts',(-49.5719053299467,-2.86689371089899,1.56));
#2198=CARTESIAN_POINT('Ctrl Pts',(-61.8053413457942,30.631960756482,1.56));
#2199=CARTESIAN_POINT('Ctrl Pts',(-61.797690037408,30.6091087939337,1.56));
#2200=CARTESIAN_POINT('Ctrl Pts',(-61.7900387053657,30.5862567607328,1.5600000000001));
#2201=CARTESIAN_POINT('Ctrl Pts',(-61.6478801840735,30.1616756249979,1.56));
#2202=CARTESIAN_POINT('Ctrl Pts',(-61.3638708939228,29.363333225023,1.56));
#2203=CARTESIAN_POINT('Ctrl Pts',(-60.7903134003096,27.7688331607495,1.56));
#2204=CARTESIAN_POINT('Ctrl Pts',(-60.0635409202624,25.7791940445209,1.56));
#2205=CARTESIAN_POINT('Ctrl Pts',(-59.1896966032328,23.3923058949824,1.56));
#2206=CARTESIAN_POINT('Ctrl Pts',(-58.0232006912652,20.2101518022843,1.56));
#2207=CARTESIAN_POINT('Ctrl Pts',(-56.5691708807972,16.2310019988239,1.56));
#2208=CARTESIAN_POINT('Ctrl Pts',(-54.8387519398598,11.4507870620354,1.56));
#2209=CARTESIAN_POINT('Ctrl Pts',(-53.1289300327466,6.6629616885192,1.56));
#2210=CARTESIAN_POINT('Ctrl Pts',(-51.445444338164,1.86592780972962,1.56));
#2211=CARTESIAN_POINT('Ctrl Pts',(-50.3447494033608,-1.33954619394318,1.56));
#2212=CARTESIAN_POINT('Ctrl Pts',(-49.800967609907,-2.94450320246069,1.56));
#2213=CARTESIAN_POINT('',(-48.864449471248,-2.61556108871752,2.68186934340515));
#2214=CARTESIAN_POINT('',(-50.1046228373374,-2.05048776202318,1.56));
#2215=CARTESIAN_POINT('Ctrl Pts',(-48.864449471248,-2.6155610887175,2.68186934340515));
#2216=CARTESIAN_POINT('Ctrl Pts',(-48.8498023169778,-2.62223492676013,2.58633019584237));
#2217=CARTESIAN_POINT('Ctrl Pts',(-48.8524924117801,-2.6210092103719,2.48985249011994));
#2218=CARTESIAN_POINT('Ctrl Pts',(-48.892768990222,-2.60265756632735,2.29655541825122));
#2219=CARTESIAN_POINT('Ctrl Pts',(-48.9310942859063,-2.58519500591361,2.20396359962272));
#2220=CARTESIAN_POINT('Ctrl Pts',(-49.0468200258982,-2.53246566123528,2.01498592595145));
#2221=CARTESIAN_POINT('Ctrl Pts',(-49.1300738696655,-2.49453183057595,1.92521870229572));
#2222=CARTESIAN_POINT('Ctrl Pts',(-49.3505937924149,-2.39405400242897,1.74965258924597));
#2223=CARTESIAN_POINT('Ctrl Pts',(-49.4972570636266,-2.3272282627149,1.67631717929966));
#2224=CARTESIAN_POINT('Ctrl Pts',(-49.7964548585893,-2.1909016022962,1.58260941958382));
#2225=CARTESIAN_POINT('Ctrl Pts',(-49.9511146646391,-2.12043231670659,1.56));
#2226=CARTESIAN_POINT('Ctrl Pts',(-50.1046228373374,-2.05048776202316,1.56));
#2227=CARTESIAN_POINT('',(-61.6391192239348,30.1454615804561,1.56));
#2228=CARTESIAN_POINT('Ctrl Pts',(-50.1046216934382,-2.05048737254736,1.56));
#2229=CARTESIAN_POINT('Ctrl Pts',(-50.5493627947094,-0.744272892554975,
1.56));
#2230=CARTESIAN_POINT('Ctrl Pts',(-51.5496662891118,2.16290463063081,1.56));
#2231=CARTESIAN_POINT('Ctrl Pts',(-53.1289300327466,6.6629616885192,1.56));
#2232=CARTESIAN_POINT('Ctrl Pts',(-54.8387519398598,11.4507870620354,1.56));
#2233=CARTESIAN_POINT('Ctrl Pts',(-56.5691708807972,16.2310019988239,1.56));
#2234=CARTESIAN_POINT('Ctrl Pts',(-58.0232006912652,20.2101518022843,1.56));
#2235=CARTESIAN_POINT('Ctrl Pts',(-59.1896966032328,23.3923058949824,1.56));
#2236=CARTESIAN_POINT('Ctrl Pts',(-60.0635409202624,25.7791940445209,1.56));
#2237=CARTESIAN_POINT('Ctrl Pts',(-60.7903134003096,27.7688331607495,1.56));
#2238=CARTESIAN_POINT('Ctrl Pts',(-61.3140233611768,29.2247561947298,1.56));
#2239=CARTESIAN_POINT('Ctrl Pts',(-61.5490642122433,29.8841748199911,1.56));
#2240=CARTESIAN_POINT('Ctrl Pts',(-61.6396757605743,30.1452676998483,1.56000000000002));
#2241=CARTESIAN_POINT('',(-60.8625290376348,30.9422491482583,2.68186934340515));
#2242=CARTESIAN_POINT('Ctrl Pts',(-61.6391192239355,30.1454615805056,1.56));
#2243=CARTESIAN_POINT('Ctrl Pts',(-61.5263469294124,30.2611668312904,1.56));
#2244=CARTESIAN_POINT('Ctrl Pts',(-61.4139202026524,30.3765175268641,1.59134440757154));
#2245=CARTESIAN_POINT('Ctrl Pts',(-61.2141129108455,30.5815213614044,1.71019117514609));
#2246=CARTESIAN_POINT('Ctrl Pts',(-61.1263116630258,30.6716061241392,1.79252880334659));
#2247=CARTESIAN_POINT('Ctrl Pts',(-60.9892712168203,30.8122106871919,1.99032298606697));
#2248=CARTESIAN_POINT('Ctrl Pts',(-60.9377245269938,30.865097991665,2.09918551009225));
#2249=CARTESIAN_POINT('Ctrl Pts',(-60.8826891173409,30.9215647497713,2.29312178860169));
#2250=CARTESIAN_POINT('Ctrl Pts',(-60.8685642012637,30.9360570234624,2.3695691346352));
#2251=CARTESIAN_POINT('Ctrl Pts',(-60.8547386503334,30.950242146186,2.52565150608269));
#2252=CARTESIAN_POINT('Ctrl Pts',(-60.8550427983308,30.9499300879764,2.60419206857349));
#2253=CARTESIAN_POINT('Ctrl Pts',(-60.8625290376348,30.9422491482583,2.68186934340515));
#2254=CARTESIAN_POINT('Ctrl Pts',(-60.8625290376348,30.9422491482583,2.68186934340515));
#2255=CARTESIAN_POINT('Ctrl Pts',(-60.8554197628787,30.9210160633699,2.68186934340515));
#2256=CARTESIAN_POINT('Ctrl Pts',(-60.8483317208383,30.8998463936778,2.68186934340515));
#2257=CARTESIAN_POINT('Ctrl Pts',(-60.7131620707635,30.4961387367333,2.68186934340515));
#2258=CARTESIAN_POINT('Ctrl Pts',(-60.4291091207129,29.696975567308,2.68186934340515));
#2259=CARTESIAN_POINT('Ctrl Pts',(-59.8587322632261,28.1118125177464,2.68186934340515));
#2260=CARTESIAN_POINT('Ctrl Pts',(-59.1312914868537,26.1198348933465,2.68186934340515));
#2261=CARTESIAN_POINT('Ctrl Pts',(-58.2581444179156,23.7350251051909,2.68186934340515));
#2262=CARTESIAN_POINT('Ctrl Pts',(-57.0911723518759,20.5514367090039,2.68186934340515));
#2263=CARTESIAN_POINT('Ctrl Pts',(-55.6365575622926,16.570712312827,2.68186934340515));
#2264=CARTESIAN_POINT('Ctrl Pts',(-53.9048020311267,11.7867788706147,2.68186934340515));
#2265=CARTESIAN_POINT('Ctrl Pts',(-52.1933601850615,6.99442623246458,2.68186934340515));
#2266=CARTESIAN_POINT('Ctrl Pts',(-50.5090714495358,2.19510640889801,2.68186934340515));
#2267=CARTESIAN_POINT('Ctrl Pts',(-49.4079510627693,-1.0115245147613,2.68186934340515));
#2268=CARTESIAN_POINT('Ctrl Pts',(-48.8644494710095,-2.61556108865022,2.68186934340515));
#2269=CARTESIAN_POINT('Origin',(0.185746500000006,-2.58699249999999,1.56));
#2270=CARTESIAN_POINT('',(-50.4023297325026,-1.91484041607081,1.56));
#2271=CARTESIAN_POINT('',(-29.3299613420414,-11.5162668241175,1.56));
#2272=CARTESIAN_POINT('',(-61.8247557118204,29.9549971009388,1.56));
#2273=CARTESIAN_POINT('Ctrl Pts',(-61.824186365591,29.953287207962,1.56));
#2274=CARTESIAN_POINT('Ctrl Pts',(-61.5912718890716,29.2881679207565,1.56));
#2275=CARTESIAN_POINT('Ctrl Pts',(-61.2249456042417,28.2713932195195,1.55999999999999));
#2276=CARTESIAN_POINT('Ctrl Pts',(-60.7200017575163,26.8850967335816,1.56));
#2277=CARTESIAN_POINT('Ctrl Pts',(-59.8472361400853,24.4889651313485,1.56));
#2278=CARTESIAN_POINT('Ctrl Pts',(-58.5507860891866,20.971657750118,1.55999999999999));
#2279=CARTESIAN_POINT('Ctrl Pts',(-56.9616253984129,16.6060035242705,1.55999999999999));
#2280=CARTESIAN_POINT('Ctrl Pts',(-55.0358402422425,11.3155932127644,1.55999999999999));
#2281=CARTESIAN_POINT('Ctrl Pts',(-52.6993440824375,4.81964931735443,1.55999999999999));
#2282=CARTESIAN_POINT('Ctrl Pts',(-50.4050090502129,-1.90983156155159,1.55999999999999));
#2283=CARTESIAN_POINT('',(-54.4230383656391,37.5492166333194,1.56));
#2284=CARTESIAN_POINT('Origin',(-50.4023297325026,-1.91484041607079,4.56));
#2285=CARTESIAN_POINT('',(-49.1524337027159,-2.48434378300791,4.56));
#2286=CARTESIAN_POINT('Ctrl Pts',(-49.1524337027159,-2.48434378300792,4.56));
#2287=CARTESIAN_POINT('Ctrl Pts',(-49.0564237324897,-2.52808982267866,3.93395930114653));
#2288=CARTESIAN_POINT('Ctrl Pts',(-48.9604289518832,-2.57182894134207,3.30791571352251));
#2289=CARTESIAN_POINT('Ctrl Pts',(-48.864449471248,-2.61556108871752,2.68186934340515));
#2290=CARTESIAN_POINT('',(-47.2784370717652,-3.33821271732027,4.56));
#2291=CARTESIAN_POINT('',(-29.3299613420414,-11.5162668241175,4.56));
#2292=CARTESIAN_POINT('',(-47.2784370717652,-3.33821271732027,6.16));
#2293=CARTESIAN_POINT('',(-47.2784370717652,-3.33821271732027,4.56));
#2294=CARTESIAN_POINT('',(-50.4023297325026,-1.91484041607079,6.16));
#2295=CARTESIAN_POINT('',(-29.3299613420414,-11.5162668241175,6.16));
#2296=CARTESIAN_POINT('',(-50.4023297325026,-1.91484041607081,4.56));
#2297=CARTESIAN_POINT('Ctrl Pts',(-50.4023297325026,-1.91484041607078,6.16));
#2298=CARTESIAN_POINT('Ctrl Pts',(-50.4023297325026,-1.91484041607078,5.62666666666666));
#2299=CARTESIAN_POINT('Ctrl Pts',(-50.4023297325026,-1.91484041607078,5.09333333333333));
#2300=CARTESIAN_POINT('Ctrl Pts',(-50.4023297325026,-1.91484041607078,4.55999999999999));
#2301=CARTESIAN_POINT('Ctrl Pts',(-50.4023297325026,-1.9148404160708,1.56));
#2302=CARTESIAN_POINT('Ctrl Pts',(-50.4023297325026,-1.9148404160708,2.22666666666667));
#2303=CARTESIAN_POINT('Ctrl Pts',(-50.4023297325026,-1.9148404160708,2.89333333333334));
#2304=CARTESIAN_POINT('Ctrl Pts',(-50.4023297325026,-1.9148404160708,3.89333333333334));
#2305=CARTESIAN_POINT('Ctrl Pts',(-50.4023297325026,-1.91484041607081,4.22666666666667));
#2306=CARTESIAN_POINT('Ctrl Pts',(-50.4023297325026,-1.91484041607081,4.56));
#2307=CARTESIAN_POINT('Ctrl Pts',(-27.986945275973,43.1465339207716,2.68186934340515));
#2308=CARTESIAN_POINT('Ctrl Pts',(-31.1613428910886,47.0503349741998,2.68186934340515));
#2309=CARTESIAN_POINT('Ctrl Pts',(-34.4348758318389,50.8755277384843,2.68186934340515));
#2310=CARTESIAN_POINT('Ctrl Pts',(-37.8078731014386,54.6367085497559,2.68186934340515));
#2311=CARTESIAN_POINT('Ctrl Pts',(-37.8207819934449,54.6511030698305,2.68186934340515));
#2312=CARTESIAN_POINT('Ctrl Pts',(-37.8336908864786,54.6654975910508,2.68186934340515));
#2313=CARTESIAN_POINT('Ctrl Pts',(-28.0174361892568,43.1217400644541,2.36180263151152));
#2314=CARTESIAN_POINT('Ctrl Pts',(-31.1914113941463,47.0250220241292,2.36180263151151));
#2315=CARTESIAN_POINT('Ctrl Pts',(-34.4645459569378,50.8497502250761,2.36180263151152));
#2316=CARTESIAN_POINT('Ctrl Pts',(-37.8371306266143,54.6104706320687,2.36180263151151));
#2317=CARTESIAN_POINT('Ctrl Pts',(-37.8500395186206,54.6248651521433,2.36180263151151));
#2318=CARTESIAN_POINT('Ctrl Pts',(-37.8629484116544,54.6392596733635,2.36180263151152));
#2319=CARTESIAN_POINT('Ctrl Pts',(-27.8430730783938,43.2635244012357,1.77405795973563));
#2320=CARTESIAN_POINT('Ctrl Pts',(-31.0194446509408,47.169756724007,1.77405795973561));
#2321=CARTESIAN_POINT('Ctrl Pts',(-34.2948599821989,50.9971458518881,1.77405795973563));
#2322=CARTESIAN_POINT('Ctrl Pts',(-37.6698206789485,54.7605128727826,1.77405795973564));
#2323=CARTESIAN_POINT('Ctrl Pts',(-37.6827295709548,54.7749073928573,1.77405795973563));
#2324=CARTESIAN_POINT('Ctrl Pts',(-37.6956384639885,54.7893019140775,1.77405795973563));
#2325=CARTESIAN_POINT('Ctrl Pts',(-27.4045085507337,43.6201455946892,1.56000000000001));
#2326=CARTESIAN_POINT('Ctrl Pts',(-30.5869419519442,47.5338311904388,1.55999999999997));
#2327=CARTESIAN_POINT('Ctrl Pts',(-33.8680892377555,51.3679054591614,1.56));
#2328=CARTESIAN_POINT('Ctrl Pts',(-37.2489965275111,55.1379046507918,1.56000000000001));
#2329=CARTESIAN_POINT('Ctrl Pts',(-37.2619054195174,55.1522991708665,1.56));
#2330=CARTESIAN_POINT('Ctrl Pts',(-37.2748143125511,55.1666936920868,1.56));
#2331=CARTESIAN_POINT('Ctrl Pts',(-27.216863452107,43.7727302539524,1.56000000000001));
#2332=CARTESIAN_POINT('Ctrl Pts',(-30.4018964215165,47.6896104210678,1.55999999999997));
#2333=CARTESIAN_POINT('Ctrl Pts',(-33.6854953777873,51.5265436737933,1.56));
#2334=CARTESIAN_POINT('Ctrl Pts',(-37.0689418618448,55.2993762540318,1.56000000000001));
#2335=CARTESIAN_POINT('Ctrl Pts',(-37.0818507538511,55.3137707741064,1.56));
#2336=CARTESIAN_POINT('Ctrl Pts',(-37.0947596468848,55.3281652953267,1.56));
#2337=CARTESIAN_POINT('',(-37.7890962369982,54.6157705566375,2.68186934340515));
#2338=CARTESIAN_POINT('',(-37.0947596468848,55.3281652953267,1.56));
#2339=CARTESIAN_POINT('Ctrl Pts',(-37.7890962369982,54.6157705566375,2.68186934340515));
#2340=CARTESIAN_POINT('Ctrl Pts',(-37.8001737572355,54.604404934766,2.55290231410698));
#2341=CARTESIAN_POINT('Ctrl Pts',(-37.7935612144453,54.6111894550696,2.42208501504479));
#2342=CARTESIAN_POINT('Ctrl Pts',(-37.745694094736,54.6603014919731,2.17133019100612));
#2343=CARTESIAN_POINT('Ctrl Pts',(-37.7048813210965,54.702175714974,2.05382601225377));
#2344=CARTESIAN_POINT('Ctrl Pts',(-37.594030946896,54.8159090605683,1.84755454326006));
#2345=CARTESIAN_POINT('Ctrl Pts',(-37.5249981354165,54.8867372617537,1.76083071408941));
#2346=CARTESIAN_POINT('Ctrl Pts',(-37.3931595066877,55.0220047196404,1.65127878131025));
#2347=CARTESIAN_POINT('Ctrl Pts',(-37.3361639867596,55.0804825661254,1.61732444380113));
#2348=CARTESIAN_POINT('Ctrl Pts',(-37.2174480508829,55.2022860391404,1.57158397848879));
#2349=CARTESIAN_POINT('Ctrl Pts',(-37.1562352122092,55.2650908874406,1.56));
#2350=CARTESIAN_POINT('Ctrl Pts',(-37.0947596468848,55.3281652953267,1.56));
#2351=CARTESIAN_POINT('',(-27.216863452107,43.7727302539524,1.56));
#2352=CARTESIAN_POINT('Ctrl Pts',(-37.0947596468848,55.3281652953267,1.56));
#2353=CARTESIAN_POINT('Ctrl Pts',(-37.0818507538511,55.3137707741064,1.56));
#2354=CARTESIAN_POINT('Ctrl Pts',(-37.0689418618448,55.2993762540318,1.56000000000001));
#2355=CARTESIAN_POINT('Ctrl Pts',(-33.6854953777873,51.5265436737933,1.56));
#2356=CARTESIAN_POINT('Ctrl Pts',(-30.4018964215165,47.6896104210678,1.55999999999997));
#2357=CARTESIAN_POINT('Ctrl Pts',(-27.216863452107,43.7727302539524,1.56000000000001));
#2358=CARTESIAN_POINT('',(-27.9991495077094,43.1615414028934,2.68186934340515));
#2359=CARTESIAN_POINT('Ctrl Pts',(-27.216863452107,43.7727302539524,1.56));
#2360=CARTESIAN_POINT('Ctrl Pts',(-27.3195119288175,43.6925324745157,1.56));
#2361=CARTESIAN_POINT('Ctrl Pts',(-27.4211800370038,43.6131006429155,1.58544292696202));
#2362=CARTESIAN_POINT('Ctrl Pts',(-27.6110962879701,43.4647218057955,1.68434828406322));
#2363=CARTESIAN_POINT('Ctrl Pts',(-27.6975313506286,43.3971913337142,1.75686111096711));
#2364=CARTESIAN_POINT('Ctrl Pts',(-27.8436136244001,43.2830593529291,1.93983681952905));
#2365=CARTESIAN_POINT('Ctrl Pts',(-27.9018693762897,43.2375449713164,2.04854281678263));
#2366=CARTESIAN_POINT('Ctrl Pts',(-27.9690910083226,43.1850256764188,2.24892123448702));
#2367=CARTESIAN_POINT('Ctrl Pts',(-27.9876617958673,43.1705165870372,2.33363891345829));
#2368=CARTESIAN_POINT('Ctrl Pts',(-28.0069376039085,43.1554566752753,2.50703602426851));
#2369=CARTESIAN_POINT('Ctrl Pts',(-28.0075595170361,43.1549707834877,2.59496578500826));
#2370=CARTESIAN_POINT('Ctrl Pts',(-27.9991495077094,43.1615414028935,2.68186934340515));
#2371=CARTESIAN_POINT('Ctrl Pts',(-27.9991495039,43.1615414112583,2.68186934340515));
#2372=CARTESIAN_POINT('Ctrl Pts',(-31.1678723340972,47.0578508006831,2.68186934340515));
#2373=CARTESIAN_POINT('Ctrl Pts',(-34.4353445441551,50.8758455521461,2.68186934340515));
#2374=CARTESIAN_POINT('Ctrl Pts',(-37.7890962364994,54.6157705570848,2.68186934340515));
#2375=CARTESIAN_POINT('Ctrl Pts',(-37.6277759148578,54.7812864611323,4.56000000000027));
#2376=CARTESIAN_POINT('Ctrl Pts',(-37.6850030000526,54.7299656627462,3.93395644780186));
#2377=CARTESIAN_POINT('Ctrl Pts',(-37.7422300852473,54.67864486436,3.30791289560345));
#2378=CARTESIAN_POINT('Ctrl Pts',(-37.7994571704421,54.6273240659739,2.68186934340504));
#2379=CARTESIAN_POINT('Ctrl Pts',(-37.6262782604309,54.7796164481906,4.56000000000027));
#2380=CARTESIAN_POINT('Ctrl Pts',(-37.6835053456257,54.7282956498045,3.93395644780186));
#2381=CARTESIAN_POINT('Ctrl Pts',(-37.7407324308204,54.6769748514184,3.30791289560345));
#2382=CARTESIAN_POINT('Ctrl Pts',(-37.7979595160152,54.6256540530322,2.68186934340504));
#2383=CARTESIAN_POINT('Ctrl Pts',(-37.624780606004,54.7779464352489,4.56000000000027));
#2384=CARTESIAN_POINT('Ctrl Pts',(-37.6820076911987,54.7266256368628,3.93395644780186));
#2385=CARTESIAN_POINT('Ctrl Pts',(-37.7392347763935,54.6753048384767,3.30791289560345));
#2386=CARTESIAN_POINT('Ctrl Pts',(-37.7964618615882,54.6239840400905,2.68186934340505));
#2387=CARTESIAN_POINT('Ctrl Pts',(-37.623282951577,54.7762764223072,4.56000000000027));
#2388=CARTESIAN_POINT('Ctrl Pts',(-37.6805100367718,54.7249556239211,3.93395644780186));
#2389=CARTESIAN_POINT('Ctrl Pts',(-37.7377371219666,54.673634825535,3.30791289560345));
#2390=CARTESIAN_POINT('Ctrl Pts',(-37.7949642071613,54.6223140271489,2.68186934340505));
#2391=CARTESIAN_POINT('Ctrl Pts',(-34.291175577071,51.0606913457811,4.56000000000027));
#2392=CARTESIAN_POINT('Ctrl Pts',(-34.3492025824374,51.0102631882695,3.93395644780186));
#2393=CARTESIAN_POINT('Ctrl Pts',(-34.4072356139304,50.9598397662656,3.30791289560345));
#2394=CARTESIAN_POINT('Ctrl Pts',(-34.4652626192968,50.909411608754,2.68186934340505));
#2395=CARTESIAN_POINT('Ctrl Pts',(-31.0197530358515,47.2413263695675,4.56000000000027));
#2396=CARTESIAN_POINT('Ctrl Pts',(-31.0785576053992,47.1918041443394,3.93395644780186));
#2397=CARTESIAN_POINT('Ctrl Pts',(-31.1373694069068,47.1422884886206,3.30791289560346));
#2398=CARTESIAN_POINT('Ctrl Pts',(-31.1961739764545,47.0927662633925,2.68186934340505));
#2399=CARTESIAN_POINT('Ctrl Pts',(-27.8173952223592,43.3035434098795,4.56000000000027));
#2400=CARTESIAN_POINT('Ctrl Pts',(-27.8770323591352,43.2550441774728,3.93395644780186));
#2401=CARTESIAN_POINT('Ctrl Pts',(-27.9366694959112,43.2065449450661,3.30791289560345));
#2402=CARTESIAN_POINT('Ctrl Pts',(-27.9963066326872,43.1580457126594,2.68186934340505));
#2403=CARTESIAN_POINT('',(-27.8173952242062,43.3035434121506,4.56));
#2404=CARTESIAN_POINT('Ctrl Pts',(-27.9991495077094,43.1615414028934,2.68186934340515));
#2405=CARTESIAN_POINT('Ctrl Pts',(-27.938564737668,43.208875412912,3.30791289422051));
#2406=CARTESIAN_POINT('Ctrl Pts',(-27.8779799765071,43.2562094159924,3.93395644641985));
#2407=CARTESIAN_POINT('Ctrl Pts',(-27.8173952242062,43.3035434121506,4.56));
#2408=CARTESIAN_POINT('',(-37.6277759148579,54.7812864611323,4.56));
#2409=CARTESIAN_POINT('Ctrl Pts',(-37.6277759148578,54.7812864611323,4.56000000000027));
#2410=CARTESIAN_POINT('Ctrl Pts',(-37.6262782604309,54.7796164481906,4.56000000000027));
#2411=CARTESIAN_POINT('Ctrl Pts',(-37.624780606004,54.7779464352489,4.56000000000027));
#2412=CARTESIAN_POINT('Ctrl Pts',(-37.623282951577,54.7762764223072,4.56000000000027));
#2413=CARTESIAN_POINT('Ctrl Pts',(-34.291175577071,51.0606913457811,4.56000000000027));
#2414=CARTESIAN_POINT('Ctrl Pts',(-31.0197530358515,47.2413263695675,4.56000000000027));
#2415=CARTESIAN_POINT('Ctrl Pts',(-27.8173952223592,43.3035434098795,4.56000000000027));
#2416=CARTESIAN_POINT('Ctrl Pts',(-37.6277759148578,54.7812864611323,4.56000000000027));
#2417=CARTESIAN_POINT('Ctrl Pts',(-37.6510934446429,54.7573624943204,4.28853147125985));
#2418=CARTESIAN_POINT('Ctrl Pts',(-37.6744109981411,54.7334385539237,4.01706294237303));
#2419=CARTESIAN_POINT('Ctrl Pts',(-37.6977283438272,54.7095143820348,3.74559441476902));
#2420=CARTESIAN_POINT('Ctrl Pts',(-37.7281839863617,54.6782661412292,3.39101938789415));
#2421=CARTESIAN_POINT('Ctrl Pts',(-37.758640150522,54.6470184225824,3.03644436288152));
#2422=CARTESIAN_POINT('Ctrl Pts',(-37.7890962356389,54.6157705590027,2.68186934340515));
#2423=CARTESIAN_POINT('Origin',(-27.8173952242062,43.3035434121506,4.56));
#2424=CARTESIAN_POINT('',(-27.0292345737444,43.9193219997346,1.56));
#2425=CARTESIAN_POINT('',(-30.2548142290087,41.3992229779237,1.56));
#2426=CARTESIAN_POINT('',(-27.0292345737445,43.9193219997347,4.56));
#2427=CARTESIAN_POINT('Ctrl Pts',(-27.0292345737445,43.9193219997347,4.56));
#2428=CARTESIAN_POINT('Ctrl Pts',(-27.0292345737445,43.9193219997347,4.22666666666667));
#2429=CARTESIAN_POINT('Ctrl Pts',(-27.0292345737445,43.9193219997346,3.89333333333333));
#2430=CARTESIAN_POINT('Ctrl Pts',(-27.0292345737445,43.9193219997346,2.89333333333333));
#2431=CARTESIAN_POINT('Ctrl Pts',(-27.0292345737445,43.9193219997346,2.22666666666666));
#2432=CARTESIAN_POINT('Ctrl Pts',(-27.0292345737445,43.9193219997346,1.56));
#2433=CARTESIAN_POINT('',(-27.0292345737445,43.9193219997347,6.16));
#2434=CARTESIAN_POINT('Ctrl Pts',(-27.0292345737445,43.9193219997346,4.56));
#2435=CARTESIAN_POINT('Ctrl Pts',(-27.0292345737445,43.9193219997346,5.09333333333334));
#2436=CARTESIAN_POINT('Ctrl Pts',(-27.0292345737445,43.9193219997346,5.62666666666667));
#2437=CARTESIAN_POINT('Ctrl Pts',(-27.0292345737445,43.9193219997346,6.16));
#2438=CARTESIAN_POINT('',(-27.8173952242062,43.3035434121506,6.16));
#2439=CARTESIAN_POINT('',(-30.2548142290087,41.3992229779237,6.16));
#2440=CARTESIAN_POINT('',(-27.8173952242062,43.3035434121506,4.56));
#2441=CARTESIAN_POINT('Ctrl Pts',(38.2051819625765,54.6654976900028,2.68186934340515));
#2442=CARTESIAN_POINT('Ctrl Pts',(38.1922730488929,54.6511031410573,2.68186934340515));
#2443=CARTESIAN_POINT('Ctrl Pts',(38.1793641362366,54.6367085932574,2.68186934340515));
#2444=CARTESIAN_POINT('Ctrl Pts',(34.8063679047395,50.8755277118009,2.68186934340515));
#2445=CARTESIAN_POINT('Ctrl Pts',(31.5328359365874,47.0503350375602,2.68186934340515));
#2446=CARTESIAN_POINT('Ctrl Pts',(28.358439134433,43.1465341612533,2.68186934340515));
#2447=CARTESIAN_POINT('Ctrl Pts',(38.2344394920094,54.6392597770626,2.36180263151151));
#2448=CARTESIAN_POINT('Ctrl Pts',(38.2215305783257,54.6248652281171,2.36180263151151));
#2449=CARTESIAN_POINT('Ctrl Pts',(38.2086216656694,54.6104706803172,2.36180263151152));
#2450=CARTESIAN_POINT('Ctrl Pts',(34.8360380335394,50.8497502026691,2.36180263151152));
#2451=CARTESIAN_POINT('Ctrl Pts',(31.5629044427969,47.0250220912552,2.36180263151151));
#2452=CARTESIAN_POINT('Ctrl Pts',(28.3889300502742,43.1217403080809,2.36180263151151));
#2453=CARTESIAN_POINT('Ctrl Pts',(38.0671291587594,54.7893023145873,1.77405848282699));
#2454=CARTESIAN_POINT('Ctrl Pts',(38.0542202450757,54.7749077656417,1.77405848282699));
#2455=CARTESIAN_POINT('Ctrl Pts',(38.0413113324194,54.7605132178419,1.77405848282699));
#2456=CARTESIAN_POINT('Ctrl Pts',(34.6663516643812,50.9971461175296,1.77405848282698));
#2457=CARTESIAN_POINT('Ctrl Pts',(31.3909373023231,47.1697570746017,1.77405848282698));
#2458=CARTESIAN_POINT('Ctrl Pts',(28.214566548318,43.2635249330042,1.77405848282699));
#2459=CARTESIAN_POINT('Ctrl Pts',(37.6463053073295,55.1666937003606,1.56));
#2460=CARTESIAN_POINT('Ctrl Pts',(37.6333963936458,55.152299151415,1.56));
#2461=CARTESIAN_POINT('Ctrl Pts',(37.6204874809896,55.1379046036152,1.55999999999999));
#2462=CARTESIAN_POINT('Ctrl Pts',(34.2395812399964,51.3679053508024,1.55999999999999));
#2463=CARTESIAN_POINT('Ctrl Pts',(30.9584349373322,47.5338311819529,1.55999999999998));
#2464=CARTESIAN_POINT('Ctrl Pts',(27.7760023603407,43.6201457750927,1.56));
#2465=CARTESIAN_POINT('Ctrl Pts',(37.4662506154643,55.3281652743865,1.56));
#2466=CARTESIAN_POINT('Ctrl Pts',(37.4533417017806,55.3137707254409,1.56));
#2467=CARTESIAN_POINT('Ctrl Pts',(37.4404327891244,55.2993761776411,1.55999999999999));
#2468=CARTESIAN_POINT('Ctrl Pts',(34.0569873572515,51.5265435391168,1.55999999999999));
#2469=CARTESIAN_POINT('Ctrl Pts',(30.7733893875084,47.6896103894086,1.55999999999998));
#2470=CARTESIAN_POINT('Ctrl Pts',(27.588357245975,43.7727304150004,1.56));
#2471=CARTESIAN_POINT('',(28.370643299999,43.1615415651747,2.68186934340515));
#2472=CARTESIAN_POINT('',(27.588357245975,43.7727304150004,1.56));
#2473=CARTESIAN_POINT('Ctrl Pts',(28.370643299999,43.1615415651747,2.68186934340515));
#2474=CARTESIAN_POINT('Ctrl Pts',(28.3831485172092,43.1517714187119,2.55264857395212));
#2475=CARTESIAN_POINT('Ctrl Pts',(28.3756448250599,43.1576339455339,2.42156500629936));
#2476=CARTESIAN_POINT('Ctrl Pts',(28.3214637366691,43.1999648511222,2.17041644185567));
#2477=CARTESIAN_POINT('Ctrl Pts',(28.2753028218191,43.2360297104009,2.05275562946049));
#2478=CARTESIAN_POINT('Ctrl Pts',(28.1500309476143,43.3339028251226,1.84648632384351));
#2479=CARTESIAN_POINT('Ctrl Pts',(28.0721123840636,43.3947794788629,1.75985593658365));
#2480=CARTESIAN_POINT('Ctrl Pts',(27.9235521591603,43.5108474472505,1.6507117491287));
#2481=CARTESIAN_POINT('Ctrl Pts',(27.8595123790738,43.5608808069567,1.61696565869109));
#2482=CARTESIAN_POINT('Ctrl Pts',(27.7261497946034,43.6650750773173,1.57151143871325));
#2483=CARTESIAN_POINT('Ctrl Pts',(27.6574024910114,43.7187863574748,1.56));
#2484=CARTESIAN_POINT('Ctrl Pts',(27.588357245975,43.7727304150004,1.56));
#2485=CARTESIAN_POINT('',(37.4662506154643,55.3281652743865,1.56));
#2486=CARTESIAN_POINT('Ctrl Pts',(27.588357245975,43.7727304150004,1.56));
#2487=CARTESIAN_POINT('Ctrl Pts',(30.7733893875084,47.6896103894086,1.55999999999998));
#2488=CARTESIAN_POINT('Ctrl Pts',(34.0569873572515,51.5265435391168,1.55999999999999));
#2489=CARTESIAN_POINT('Ctrl Pts',(37.4404327891244,55.2993761776411,1.55999999999999));
#2490=CARTESIAN_POINT('Ctrl Pts',(37.4533417017806,55.3137707254409,1.56));
#2491=CARTESIAN_POINT('Ctrl Pts',(37.4662506154643,55.3281652743865,1.56));
#2492=CARTESIAN_POINT('',(38.1605872417594,54.6157705598103,2.68186934340515));
#2493=CARTESIAN_POINT('Ctrl Pts',(37.4662506154643,55.3281652743865,1.56));
#2494=CARTESIAN_POINT('Ctrl Pts',(37.55753583999,55.2345059324934,1.56));
#2495=CARTESIAN_POINT('Ctrl Pts',(37.6479589556967,55.1417311208741,1.58554192415551));
#2496=CARTESIAN_POINT('Ctrl Pts',(37.8167518638933,54.9685482998858,1.68480882108348));
#2497=CARTESIAN_POINT('Ctrl Pts',(37.8935357042434,54.8897674896006,1.75753606340146));
#2498=CARTESIAN_POINT('Ctrl Pts',(38.0231157667594,54.7568173496327,1.94090663438618));
#2499=CARTESIAN_POINT('Ctrl Pts',(38.0747275610776,54.703863252024,2.04970687425526));
#2500=CARTESIAN_POINT('Ctrl Pts',(38.1341433631771,54.6429021824577,2.25002404290027));
#2501=CARTESIAN_POINT('Ctrl Pts',(38.1505224757087,54.6260970871263,2.33453791849814));
#2502=CARTESIAN_POINT('Ctrl Pts',(38.1675026855977,54.6086752612868,2.50750218960469));
#2503=CARTESIAN_POINT('Ctrl Pts',(38.1680319427584,54.6081322393726,2.59519643274997));
#2504=CARTESIAN_POINT('Ctrl Pts',(38.1605872417594,54.6157705598103,2.68186934340515));
#2505=CARTESIAN_POINT('Ctrl Pts',(38.1605872412607,54.6157705602575,2.68186934340515));
#2506=CARTESIAN_POINT('Ctrl Pts',(34.8068365872881,50.8758454922784,2.68186934340515));
#2507=CARTESIAN_POINT('Ctrl Pts',(31.5393653307132,47.0578508089365,2.68186934340515));
#2508=CARTESIAN_POINT('Ctrl Pts',(28.3706432962219,43.1615415735791,2.68186934340515));
#2509=CARTESIAN_POINT('Origin',(0.185746500000006,-2.58699249999999,1.56));
#2510=CARTESIAN_POINT('',(27.4007283679893,43.9193221604882,1.56));
#2511=CARTESIAN_POINT('',(29.5830026060622,42.2143426651856,1.56));
#2512=CARTESIAN_POINT('',(37.2997160233379,55.4990310457313,1.56));
#2513=CARTESIAN_POINT('Ctrl Pts',(37.299716023338,55.4990310457313,1.56));
#2514=CARTESIAN_POINT('Ctrl Pts',(37.2847394551111,55.4823308841484,1.56));
#2515=CARTESIAN_POINT('Ctrl Pts',(37.2697628868843,55.4656307225654,1.56));
#2516=CARTESIAN_POINT('Ctrl Pts',(37.2547863186574,55.4489305609825,1.56));
#2517=CARTESIAN_POINT('Ctrl Pts',(34.9043121825713,52.8279497545254,1.56));
#2518=CARTESIAN_POINT('Ctrl Pts',(32.5682894678556,50.1368263528379,1.56));
#2519=CARTESIAN_POINT('Ctrl Pts',(30.2728451164212,47.3980173955095,1.56));
#2520=CARTESIAN_POINT('Ctrl Pts',(29.3096347745054,46.2487631735191,1.56));
#2521=CARTESIAN_POINT('Ctrl Pts',(28.3521346363652,45.0893771961819,1.56));
#2522=CARTESIAN_POINT('Ctrl Pts',(27.4007283679721,43.9193221604671,1.56));
#2523=CARTESIAN_POINT('',(43.1608725708443,49.4854393848294,1.56));
#2524=CARTESIAN_POINT('Origin',(26.1022785992742,44.9337823015265,4.56));
#2525=CARTESIAN_POINT('',(28.1888892242062,43.3035434121506,4.56));
#2526=CARTESIAN_POINT('Ctrl Pts',(28.1888890199441,43.3035435717376,4.55999996816666));
#2527=CARTESIAN_POINT('Ctrl Pts',(28.2494737710957,43.2562095764774,3.93395642519764));
#2528=CARTESIAN_POINT('Ctrl Pts',(28.3100585311072,43.2088755742951,3.30791288360941));
#2529=CARTESIAN_POINT('Ctrl Pts',(28.370643299999,43.1615415651747,2.68186934340515));
#2530=CARTESIAN_POINT('',(28.1888892242062,43.3035434121506,6.16));
#2531=CARTESIAN_POINT('',(28.1888892242062,43.3035434121506,4.56));
#2532=CARTESIAN_POINT('',(27.4007283679893,43.9193221604883,6.16));
#2533=CARTESIAN_POINT('',(29.5830026060622,42.2143426651856,6.16));
#2534=CARTESIAN_POINT('',(27.4007283679893,43.9193221604882,4.56));
#2535=CARTESIAN_POINT('Ctrl Pts',(27.4007283679893,43.9193221604883,6.16));
#2536=CARTESIAN_POINT('Ctrl Pts',(27.4007283679893,43.9193221604883,5.62666666666667));
#2537=CARTESIAN_POINT('Ctrl Pts',(27.4007283679893,43.9193221604883,5.09333333333333));
#2538=CARTESIAN_POINT('Ctrl Pts',(27.4007283679893,43.9193221604883,4.56));
#2539=CARTESIAN_POINT('Ctrl Pts',(27.4007283679893,43.9193221604883,1.56));
#2540=CARTESIAN_POINT('Ctrl Pts',(27.4007283679893,43.9193221604883,2.22666666666666));
#2541=CARTESIAN_POINT('Ctrl Pts',(27.4007283679893,43.9193221604883,2.89333333333333));
#2542=CARTESIAN_POINT('Ctrl Pts',(27.4007283679893,43.9193221604883,3.89333333333333));
#2543=CARTESIAN_POINT('Ctrl Pts',(27.4007283679893,43.9193221604882,4.22666666666667));
#2544=CARTESIAN_POINT('Ctrl Pts',(27.4007283679893,43.9193221604882,4.56));
#2545=CARTESIAN_POINT('Origin',(40.6918178545848,-25.5173034480291,4.56));
#2546=CARTESIAN_POINT('',(42.1516701683396,-20.8640021996019,4.56));
#2547=CARTESIAN_POINT('',(42.1516701683396,-20.8640021996019,6.16));
#2548=CARTESIAN_POINT('Ctrl Pts',(22.097427817492,35.5455098649968,4.56));
#2549=CARTESIAN_POINT('Ctrl Pts',(22.097427817492,35.5455098649968,7.06));
#2550=CARTESIAN_POINT('Ctrl Pts',(24.0958851230437,38.1848036238053,4.56));
#2551=CARTESIAN_POINT('Ctrl Pts',(24.0958851230437,38.1848036238053,7.06));
#2552=CARTESIAN_POINT('Ctrl Pts',(26.1278363856576,40.7691674244146,4.56));
#2553=CARTESIAN_POINT('Ctrl Pts',(26.1278363856576,40.7691674244146,7.06));
#2554=CARTESIAN_POINT('Ctrl Pts',(28.1888892223592,43.3035434098794,4.56));
#2555=CARTESIAN_POINT('Ctrl Pts',(28.1888892223592,43.3035434098794,7.06));
#2556=CARTESIAN_POINT('',(22.097427817492,35.5455098649968,6.16));
#2557=CARTESIAN_POINT('Ctrl Pts',(22.097427817492,35.5455098649968,6.16));
#2558=CARTESIAN_POINT('Ctrl Pts',(24.0958851230437,38.1848036238053,6.16));
#2559=CARTESIAN_POINT('Ctrl Pts',(26.1278363856576,40.7691674244146,6.16));
#2560=CARTESIAN_POINT('Ctrl Pts',(28.1888892223592,43.3035434098794,6.16));
#2561=CARTESIAN_POINT('',(22.097427817492,35.5455098649968,4.56));
#2562=CARTESIAN_POINT('Ctrl Pts',(22.0974282642288,35.5455095266395,4.56));
#2563=CARTESIAN_POINT('Ctrl Pts',(22.6015716133465,36.2113143773552,4.56));
#2564=CARTESIAN_POINT('Ctrl Pts',(23.1075634158764,36.8732791091452,4.56));
#2565=CARTESIAN_POINT('Ctrl Pts',(23.6156914312271,37.5319230614056,4.56));
#2566=CARTESIAN_POINT('Ctrl Pts',(25.1227865963354,39.4854447842619,4.56));
#2567=CARTESIAN_POINT('Ctrl Pts',(26.6476162288673,41.4083153214433,4.56));
#2568=CARTESIAN_POINT('Ctrl Pts',(28.188889020062,43.3035435780776,4.56));
#2569=CARTESIAN_POINT('',(22.097427817492,35.5455098649968,4.56));
#2570=CARTESIAN_POINT('Origin',(22.097427817492,35.5455098649968,4.56));
#2571=CARTESIAN_POINT('',(21.309327559199,36.1612412690475,4.56));
#2572=CARTESIAN_POINT('',(21.309327559199,36.1612412690474,1.56));
#2573=CARTESIAN_POINT('Ctrl Pts',(21.309327559199,36.1612412690475,4.56));
#2574=CARTESIAN_POINT('Ctrl Pts',(21.309327559199,36.1612412690475,4.22666666666667));
#2575=CARTESIAN_POINT('Ctrl Pts',(21.309327559199,36.1612412690475,3.89333333333333));
#2576=CARTESIAN_POINT('Ctrl Pts',(21.309327559199,36.1612412690475,2.89333333333333));
#2577=CARTESIAN_POINT('Ctrl Pts',(21.309327559199,36.1612412690475,2.22666666666666));
#2578=CARTESIAN_POINT('Ctrl Pts',(21.309327559199,36.1612412690475,1.56));
#2579=CARTESIAN_POINT('',(21.309327559199,36.1612412690475,6.16));
#2580=CARTESIAN_POINT('Ctrl Pts',(21.309327559199,36.1612412690475,4.56));
#2581=CARTESIAN_POINT('Ctrl Pts',(21.309327559199,36.1612412690475,5.09333333333333));
#2582=CARTESIAN_POINT('Ctrl Pts',(21.309327559199,36.1612412690475,5.62666666666667));
#2583=CARTESIAN_POINT('Ctrl Pts',(21.309327559199,36.1612412690475,6.16));
#2584=CARTESIAN_POINT('',(24.5442296373361,33.6338587722418,6.16));
#2585=CARTESIAN_POINT('',(22.097427817492,35.5455098649968,1.56));
#2586=CARTESIAN_POINT('Ctrl Pts',(22.0974282591517,35.5455095199344,1.56));
#2587=CARTESIAN_POINT('Ctrl Pts',(22.0974282591517,35.5455095199344,2.06));
#2588=CARTESIAN_POINT('Ctrl Pts',(22.0974282591517,35.5455095199344,2.56));
#2589=CARTESIAN_POINT('Ctrl Pts',(22.0974282591517,35.5455095199344,3.56));
#2590=CARTESIAN_POINT('Ctrl Pts',(22.0974282591517,35.5455095199344,4.06));
#2591=CARTESIAN_POINT('Ctrl Pts',(22.0974282591517,35.5455095199344,4.56));
#2592=CARTESIAN_POINT('',(24.5442296373361,33.6338587722418,1.56));
#2593=CARTESIAN_POINT('Ctrl Pts',(62.3624903835801,30.4368592352652,7.06000000000001));
#2594=CARTESIAN_POINT('Ctrl Pts',(62.3624903835801,30.4368592352652,1.56));
#2595=CARTESIAN_POINT('Ctrl Pts',(62.0931057175084,29.6385346015177,7.06000000000001));
#2596=CARTESIAN_POINT('Ctrl Pts',(62.0931057175084,29.6385346015177,1.56));
#2597=CARTESIAN_POINT('Ctrl Pts',(61.4308988579986,27.8087577614921,7.06000000000001));
#2598=CARTESIAN_POINT('Ctrl Pts',(61.4308988579986,27.8087577614921,1.56));
#2599=CARTESIAN_POINT('Ctrl Pts',(60.3692718527292,24.9076852504301,7.06000000000001));
#2600=CARTESIAN_POINT('Ctrl Pts',(60.3692718527292,24.9076852504301,1.56));
#2601=CARTESIAN_POINT('Ctrl Pts',(59.2146261622711,21.7524236981355,7.06000000000001));
#2602=CARTESIAN_POINT('Ctrl Pts',(59.2146261622711,21.7524236981355,1.56));
#2603=CARTESIAN_POINT('Ctrl Pts',(57.5821536381567,17.3219618991426,7.06000000000001));
#2604=CARTESIAN_POINT('Ctrl Pts',(57.5821536381567,17.3219618991426,1.56));
#2605=CARTESIAN_POINT('Ctrl Pts',(55.7016234545077,12.1022965162353,7.06000000000001));
#2606=CARTESIAN_POINT('Ctrl Pts',(55.7016234545077,12.1022965162353,1.56));
#2607=CARTESIAN_POINT('Ctrl Pts',(53.4667541736309,5.89911513571643,7.06000000000001));
#2608=CARTESIAN_POINT('Ctrl Pts',(53.4667541736309,5.89911513571643,1.56));
#2609=CARTESIAN_POINT('Ctrl Pts',(50.9068040308611,-1.36477829173293,7.06000000000001));
#2610=CARTESIAN_POINT('Ctrl Pts',(50.9068040308611,-1.36477829173293,1.55999999999999));
#2611=CARTESIAN_POINT('Ctrl Pts',(48.5637660770406,-8.52544772671654,7.06000000000001));
#2612=CARTESIAN_POINT('Ctrl Pts',(48.5637660770406,-8.52544772671654,1.56));
#2613=CARTESIAN_POINT('Ctrl Pts',(46.5158105828018,-14.7843016594456,7.06000000000002));
#2614=CARTESIAN_POINT('Ctrl Pts',(46.5158105828018,-14.7843016594456,1.56));
#2615=CARTESIAN_POINT('Ctrl Pts',(44.6467023198746,-20.9373443786485,7.06000000000001));
#2616=CARTESIAN_POINT('Ctrl Pts',(44.6467023198746,-20.9373443786485,1.56));
#2617=CARTESIAN_POINT('Ctrl Pts',(43.1273467649272,-26.5914610843794,7.06000000000001));
#2618=CARTESIAN_POINT('Ctrl Pts',(43.1273467649272,-26.5914610843794,1.56));
#2619=CARTESIAN_POINT('Ctrl Pts',(40.8760640168431,-34.9693653568962,7.06000000000001));
#2620=CARTESIAN_POINT('Ctrl Pts',(40.8760640168431,-34.9693653568962,1.56));
#2621=CARTESIAN_POINT('Ctrl Pts',(39.3746742974003,-42.2808608265557,7.06000000000001));
#2622=CARTESIAN_POINT('Ctrl Pts',(39.3746742974003,-42.2808608265557,1.56));
#2623=CARTESIAN_POINT('Ctrl Pts',(38.6188826053303,-48.4397937280606,7.06000000000001));
#2624=CARTESIAN_POINT('Ctrl Pts',(38.6188826053303,-48.4397937280606,1.56));
#2625=CARTESIAN_POINT('',(62.1962488853083,29.9549969987595,1.56));
#2626=CARTESIAN_POINT('Ctrl Pts',(50.7749790033736,-1.91259266015906,1.56));
#2627=CARTESIAN_POINT('Ctrl Pts',(52.4531317761389,3.00982485608865,1.55999999999999));
#2628=CARTESIAN_POINT('Ctrl Pts',(54.1552015428101,7.80999374436802,1.56));
#2629=CARTESIAN_POINT('Ctrl Pts',(55.7016234545077,12.1022965162353,1.56));
#2630=CARTESIAN_POINT('Ctrl Pts',(57.5821536381567,17.3219618991426,1.56));
#2631=CARTESIAN_POINT('Ctrl Pts',(59.2146261622711,21.7524236981355,1.56));
#2632=CARTESIAN_POINT('Ctrl Pts',(60.3692718527292,24.9076852504301,1.56));
#2633=CARTESIAN_POINT('Ctrl Pts',(61.2541937370422,27.3258816040225,1.56));
#2634=CARTESIAN_POINT('Ctrl Pts',(61.8615945765534,28.9997311912486,1.56));
#2635=CARTESIAN_POINT('Ctrl Pts',(62.1952956446254,29.9523097730624,1.56));
#2636=CARTESIAN_POINT('',(62.196248885309,29.9549969987618,6.16));
#2637=CARTESIAN_POINT('Ctrl Pts',(62.1962488853091,29.9549969987619,6.16));
#2638=CARTESIAN_POINT('Ctrl Pts',(62.1962488853091,29.9549969987619,5.54333333333334));
#2639=CARTESIAN_POINT('Ctrl Pts',(62.196248885309,29.9549969987619,4.92666666666667));
#2640=CARTESIAN_POINT('Ctrl Pts',(62.196248885309,29.9549969987619,3.39333333333334));
#2641=CARTESIAN_POINT('Ctrl Pts',(62.196248885309,29.9549969987619,2.47666666666667));
#2642=CARTESIAN_POINT('Ctrl Pts',(62.196248885309,29.9549969987619,1.56));
#2643=CARTESIAN_POINT('Ctrl Pts',(62.1952956446152,29.9523097730332,6.16));
#2644=CARTESIAN_POINT('Ctrl Pts',(61.861594576541,28.9997311912144,6.16));
#2645=CARTESIAN_POINT('Ctrl Pts',(61.2541937370331,27.3258816039978,6.16));
#2646=CARTESIAN_POINT('Ctrl Pts',(60.3692718527292,24.9076852504301,6.16));
#2647=CARTESIAN_POINT('Ctrl Pts',(59.2146261622711,21.7524236981355,6.16));
#2648=CARTESIAN_POINT('Ctrl Pts',(57.5821536381567,17.3219618991426,6.16));
#2649=CARTESIAN_POINT('Ctrl Pts',(55.7016234545077,12.1022965162353,6.16));
#2650=CARTESIAN_POINT('Ctrl Pts',(54.155201569278,7.80999381783329,6.16));
#2651=CARTESIAN_POINT('Ctrl Pts',(52.4531318344027,3.00982502040404,6.16));
#2652=CARTESIAN_POINT('Ctrl Pts',(50.7749790895413,-1.91259240740892,6.16));
#2653=CARTESIAN_POINT('Origin',(0.185746500000006,-2.58699249999999,1.56));
#2654=CARTESIAN_POINT('',(43.1608725708443,49.4854393848294,1.56));
#2655=CARTESIAN_POINT('Origin',(0.185746500000006,-2.58699249999999,4.56));
#2656=CARTESIAN_POINT('Ctrl Pts',(41.7572521241068,-27.8555919504754,4.56000000000001));
#2657=CARTESIAN_POINT('Ctrl Pts',(39.718415411099,-35.6378260284528,4.56000000000001));
#2658=CARTESIAN_POINT('Ctrl Pts',(38.343500697485,-42.4740020595104,4.56000000000001));
#2659=CARTESIAN_POINT('Ctrl Pts',(37.6263285212126,-48.3179909386287,4.56000000000001));
#2660=CARTESIAN_POINT('',(30.634018,8.426032,4.56));
#2661=CARTESIAN_POINT('Ctrl Pts',(30.634018,8.426032,4.56));
#2662=CARTESIAN_POINT('Ctrl Pts',(30.6450763604362,7.83852273485214,4.56));
#2663=CARTESIAN_POINT('Ctrl Pts',(30.6524420038671,7.24314461643912,4.56));
#2664=CARTESIAN_POINT('Ctrl Pts',(30.656103379604,6.63987303126532,4.56));
#2665=CARTESIAN_POINT('Ctrl Pts',(30.6598464335088,6.02314363095493,4.56));
#2666=CARTESIAN_POINT('Ctrl Pts',(30.6597180515566,5.39816454331678,4.56));
#2667=CARTESIAN_POINT('Ctrl Pts',(30.6556826962252,4.76486004103487,4.56));
#2668=CARTESIAN_POINT('Ctrl Pts',(30.6515386590695,4.11449912538027,4.56));
#2669=CARTESIAN_POINT('Ctrl Pts',(30.643274308981,3.45535818736601,4.56));
#2670=CARTESIAN_POINT('Ctrl Pts',(30.6308277936531,2.78730542519846,4.56));
#2671=CARTESIAN_POINT('Ctrl Pts',(30.6168419080121,2.03662868655111,4.56));
#2672=CARTESIAN_POINT('Ctrl Pts',(30.59757540358,1.27469941640581,4.56));
#2673=CARTESIAN_POINT('Ctrl Pts',(30.5729105838443,0.501266813906224,4.56));
#2674=CARTESIAN_POINT('Ctrl Pts',(30.5458464319533,-0.347403383396366,4.56));
#2675=CARTESIAN_POINT('Ctrl Pts',(30.5122820628927,-1.20992496845091,4.56));
#2676=CARTESIAN_POINT('Ctrl Pts',(30.4720324422478,-2.08669223322649,4.56));
#2677=CARTESIAN_POINT('Ctrl Pts',(30.4118162799587,-3.39839552531792,4.56));
#2678=CARTESIAN_POINT('Ctrl Pts',(30.3366342548519,-4.74198974713113,4.56));
#2679=CARTESIAN_POINT('Ctrl Pts',(30.245819909185,-6.11889506115789,4.56));
#2680=CARTESIAN_POINT('Ctrl Pts',(30.1897884920242,-6.96842996089753,4.56));
#2681=CARTESIAN_POINT('Ctrl Pts',(30.1278053949513,-7.83064736401953,4.56));
#2682=CARTESIAN_POINT('Ctrl Pts',(30.0597249685356,-8.70585763657595,4.56));
#2683=CARTESIAN_POINT('Ctrl Pts',(30.0033372380655,-9.43075205266291,4.56));
#2684=CARTESIAN_POINT('Ctrl Pts',(29.9427663401345,-10.1645604285488,4.56));
#2685=CARTESIAN_POINT('Ctrl Pts',(29.8779439333801,-10.9074283936313,4.56));
#2686=CARTESIAN_POINT('Ctrl Pts',(29.8191112389482,-11.5816539613199,4.56));
#2687=CARTESIAN_POINT('Ctrl Pts',(29.7567761913198,-12.2633427338375,4.56));
#2688=CARTESIAN_POINT('Ctrl Pts',(29.6909050178422,-12.9525666777195,4.56));
#2689=CARTESIAN_POINT('Ctrl Pts',(29.6279337536628,-13.6114482606291,4.56));
#2690=CARTESIAN_POINT('Ctrl Pts',(29.5617306309951,-14.2772166480734,4.56));
#2691=CARTESIAN_POINT('Ctrl Pts',(29.4922861808956,-14.949892017534,4.56));
#2692=CARTESIAN_POINT('Ctrl Pts',(29.4217033821168,-15.6335940294013,4.56));
#2693=CARTESIAN_POINT('Ctrl Pts',(29.3477721484524,-16.3244312597935,4.56));
#2694=CARTESIAN_POINT('Ctrl Pts',(29.2705058591848,-17.0223751986436,4.56));
#2695=CARTESIAN_POINT('Ctrl Pts',(29.1912248984301,-17.7385176010987,4.56));
#2696=CARTESIAN_POINT('Ctrl Pts',(29.1084327649811,-18.4621420019528,4.56));
#2697=CARTESIAN_POINT('Ctrl Pts',(29.0221673401567,-19.1931676794663,4.56));
#2698=CARTESIAN_POINT('Ctrl Pts',(28.9332355609522,-19.9467884293523,4.56));
#2699=CARTESIAN_POINT('Ctrl Pts',(28.8406125410155,-20.7082748866964,4.56));
#2700=CARTESIAN_POINT('Ctrl Pts',(28.7443632513092,-21.477488604125,4.56));
#2701=CARTESIAN_POINT('Ctrl Pts',(28.6369597006159,-22.3358459462515,4.56));
#2702=CARTESIAN_POINT('Ctrl Pts',(28.5250407311922,-23.2038252462404,4.56));
#2703=CARTESIAN_POINT('Ctrl Pts',(28.4087254671973,-24.0811726610464,4.56));
#2704=CARTESIAN_POINT('Ctrl Pts',(28.2757176142456,-25.0844296019513,4.56));
#2705=CARTESIAN_POINT('Ctrl Pts',(28.1369615408038,-26.0999354922099,4.56));
#2706=CARTESIAN_POINT('Ctrl Pts',(27.9926674430334,-27.1272424223973,4.56));
#2707=CARTESIAN_POINT('Ctrl Pts',(27.7673174470534,-28.7316296853892,4.56));
#2708=CARTESIAN_POINT('Ctrl Pts',(27.5284617901778,-30.3647963169852,4.56));
#2709=CARTESIAN_POINT('Ctrl Pts',(27.2769628605119,-32.024904644424,4.56));
#2710=CARTESIAN_POINT('Ctrl Pts',(27.0804089955778,-33.3223284879402,4.56));
#2711=CARTESIAN_POINT('Ctrl Pts',(26.8761350304702,-34.6362031819758,4.56));
#2712=CARTESIAN_POINT('Ctrl Pts',(26.6645466817089,-35.9656641805189,4.56));
#2713=CARTESIAN_POINT('Ctrl Pts',(26.4846185257385,-37.0961964962297,4.56));
#2714=CARTESIAN_POINT('Ctrl Pts',(26.2994014716997,-38.2379989858478,4.56));
#2715=CARTESIAN_POINT('Ctrl Pts',(26.1091274362588,-39.3905774554741,4.56));
#2716=CARTESIAN_POINT('Ctrl Pts',(26.0756467805345,-39.5933853837725,4.56));
#2717=CARTESIAN_POINT('Ctrl Pts',(26.0420094953043,-39.7965270756921,4.56));
#2718=CARTESIAN_POINT('Ctrl Pts',(26.008216768432,-40.,4.56));
#2719=CARTESIAN_POINT('',(0.928336999999996,-10.068965,4.56));
#2720=CARTESIAN_POINT('',(17.1921139509586,0.0569939341394959,4.56));
#2721=CARTESIAN_POINT('',(-0.556842999999989,-10.068965,4.56));
#2722=CARTESIAN_POINT('',(0.557041750000001,-10.068965,4.56));
#2723=CARTESIAN_POINT('',(-30.262524,8.426032,4.56));
#2724=CARTESIAN_POINT('',(-1.96777981128235,-9.19050434152,4.56));
#2725=CARTESIAN_POINT('',(-25.6369597660958,-40.,4.56));
#2726=CARTESIAN_POINT('Ctrl Pts',(-25.6369597660958,-40.,4.56));
#2727=CARTESIAN_POINT('Ctrl Pts',(-25.8280370149498,-38.8493974073959,4.56));
#2728=CARTESIAN_POINT('Ctrl Pts',(-26.0141460723517,-37.7093826467304,4.56));
#2729=CARTESIAN_POINT('Ctrl Pts',(-26.1950623821965,-36.5804342749034,4.56));
#2730=CARTESIAN_POINT('Ctrl Pts',(-26.4074224716772,-35.2552714000581,4.56));
#2731=CARTESIAN_POINT('Ctrl Pts',(-26.6126276021029,-33.9453566300275,4.56));
#2732=CARTESIAN_POINT('Ctrl Pts',(-26.8102837336374,-32.6515297125545,4.56));
#2733=CARTESIAN_POINT('Ctrl Pts',(-27.0554733866695,-31.0465556066882,4.56));
#2734=CARTESIAN_POINT('Ctrl Pts',(-27.2890436679686,-29.466343822548,4.56));
#2735=CARTESIAN_POINT('Ctrl Pts',(-27.510222301322,-27.9125401764889,4.56));
#2736=CARTESIAN_POINT('Ctrl Pts',(-27.649747134356,-26.9323632443999,4.56));
#2737=CARTESIAN_POINT('Ctrl Pts',(-27.784340270033,-25.9626963708073,4.56));
#2738=CARTESIAN_POINT('Ctrl Pts',(-27.9138170349581,-25.0039331176113,4.56));
#2739=CARTESIAN_POINT('Ctrl Pts',(-28.027781802984,-24.1600347408991,4.56));
#2740=CARTESIAN_POINT('Ctrl Pts',(-28.1377823524204,-23.3245846054823,4.56));
#2741=CARTESIAN_POINT('Ctrl Pts',(-28.2437072930153,-22.497820097798,4.56));
#2742=CARTESIAN_POINT('Ctrl Pts',(-28.343035888226,-21.7225413328802,4.56));
#2743=CARTESIAN_POINT('Ctrl Pts',(-28.4387804290255,-20.9549006322611,4.56));
#2744=CARTESIAN_POINT('Ctrl Pts',(-28.5308667476075,-20.1950560567314,4.56));
#2745=CARTESIAN_POINT('Ctrl Pts',(-28.6199980872356,-19.4595943077005,4.56));
#2746=CARTESIAN_POINT('Ctrl Pts',(-28.7057021112921,-18.7314365930687,4.56));
#2747=CARTESIAN_POINT('Ctrl Pts',(-28.7879314194641,-18.0106839287796,4.56));
#2748=CARTESIAN_POINT('Ctrl Pts',(-28.8680508260687,-17.3084248795999,4.56));
#2749=CARTESIAN_POINT('Ctrl Pts',(-28.9448714744798,-16.6131958931081,4.56));
#2750=CARTESIAN_POINT('Ctrl Pts',(-29.0183698351264,-15.9250471137372,4.56));
#2751=CARTESIAN_POINT('Ctrl Pts',(-29.091172212098,-15.2434146744878,4.56));
#2752=CARTESIAN_POINT('Ctrl Pts',(-29.1607148114506,-14.5687292254894,4.56));
#2753=CARTESIAN_POINT('Ctrl Pts',(-29.2269963688801,-13.9009934611303,4.56));
#2754=CARTESIAN_POINT('Ctrl Pts',(-29.2966348693005,-13.1994390754104,4.56));
#2755=CARTESIAN_POINT('Ctrl Pts',(-29.3626736768505,-12.5055560814845,4.56));
#2756=CARTESIAN_POINT('Ctrl Pts',(-29.4251373076432,-11.819292232476,4.56));
#2757=CARTESIAN_POINT('Ctrl Pts',(-29.4935085252869,-11.0681240024812,4.56));
#2758=CARTESIAN_POINT('Ctrl Pts',(-29.5575965901877,-10.3260837020032,4.56));
#2759=CARTESIAN_POINT('Ctrl Pts',(-29.6174614031983,-9.59304367489858,4.56));
#2760=CARTESIAN_POINT('Ctrl Pts',(-29.688483408663,-8.72338468504059,4.56));
#2761=CARTESIAN_POINT('Ctrl Pts',(-29.7535617998887,-7.86639227400999,4.56));
#2762=CARTESIAN_POINT('Ctrl Pts',(-29.8128284232231,-7.02178546089363,4.56));
#2763=CARTESIAN_POINT('Ctrl Pts',(-29.897792569212,-5.81096404851437,4.56));
#2764=CARTESIAN_POINT('Ctrl Pts',(-29.9708133821592,-4.62559535957061,4.56));
#2765=CARTESIAN_POINT('Ctrl Pts',(-30.0323265499712,-3.46475088911752,4.56));
#2766=CARTESIAN_POINT('Ctrl Pts',(-30.0838995608134,-2.49149188474028,4.56));
#2767=CARTESIAN_POINT('Ctrl Pts',(-30.1273860493996,-1.53546626185021,4.56));
#2768=CARTESIAN_POINT('Ctrl Pts',(-30.1630380820165,-0.596136835939029,
4.56));
#2769=CARTESIAN_POINT('Ctrl Pts',(-30.1933559944209,0.202653728392334,4.56));
#2770=CARTESIAN_POINT('Ctrl Pts',(-30.218008857959,0.989371371242216,4.56));
#2771=CARTESIAN_POINT('Ctrl Pts',(-30.2371329080285,1.76430642713372,4.56));
#2772=CARTESIAN_POINT('Ctrl Pts',(-30.2539379865335,2.44527329362839,4.56));
#2773=CARTESIAN_POINT('Ctrl Pts',(-30.2664738684127,3.1171419728225,4.56));
#2774=CARTESIAN_POINT('Ctrl Pts',(-30.2748144270081,3.78006989796702,4.56));
#2775=CARTESIAN_POINT('Ctrl Pts',(-30.2829463708339,4.42641661277108,4.56));
#2776=CARTESIAN_POINT('Ctrl Pts',(-30.2870903566033,5.06426449453401,4.56));
#2777=CARTESIAN_POINT('Ctrl Pts',(-30.2872940590039,5.69371514392555,4.56));
#2778=CARTESIAN_POINT('Ctrl Pts',(-30.287492392189,6.3065746476647,4.56));
#2779=CARTESIAN_POINT('Ctrl Pts',(-30.2839554626383,6.91147384341981,4.56));
#2780=CARTESIAN_POINT('Ctrl Pts',(-30.2767063460786,7.50846190842559,4.56));
#2781=CARTESIAN_POINT('Ctrl Pts',(-30.2729668190265,7.81642398911502,4.56));
#2782=CARTESIAN_POINT('Ctrl Pts',(-30.2682390889662,8.12228008667758,4.56));
#2783=CARTESIAN_POINT('Ctrl Pts',(-30.262524,8.426032,4.56));
#2784=CARTESIAN_POINT('Ctrl Pts',(-22.061475,-59.883497,4.56));
#2785=CARTESIAN_POINT('Ctrl Pts',(-22.3914069572104,-58.1637295580128,4.56));
#2786=CARTESIAN_POINT('Ctrl Pts',(-23.0377002317311,-54.7531153901508,4.56));
#2787=CARTESIAN_POINT('Ctrl Pts',(-23.7845819550324,-50.7086787044405,4.56));
#2788=CARTESIAN_POINT('Ctrl Pts',(-24.4913122625535,-46.7498096637202,4.56));
#2789=CARTESIAN_POINT('Ctrl Pts',(-25.1555050266076,-42.8815934019179,4.56));
#2790=CARTESIAN_POINT('Ctrl Pts',(-25.5291453534495,-40.6492219427219,4.56));
#2791=CARTESIAN_POINT('Ctrl Pts',(-25.6369597660958,-40.,4.56));
#2792=CARTESIAN_POINT('',(-45.2592328217317,-9.77445669144089,4.56));
#2793=CARTESIAN_POINT('',(-61.0434871420282,30.7565847265218,4.56));
#2794=CARTESIAN_POINT('Ctrl Pts',(-49.1524334729122,-2.48434457479368,4.56000000000007));
#2795=CARTESIAN_POINT('Ctrl Pts',(-51.5954606139071,4.71751761176936,4.56000000000007));
#2796=CARTESIAN_POINT('Ctrl Pts',(-54.9600453417226,14.0591073831857,4.56000000000006));
#2797=CARTESIAN_POINT('Ctrl Pts',(-58.093079774184,22.6163436967908,4.56000000000007));
#2798=CARTESIAN_POINT('Ctrl Pts',(-60.0398994777184,27.9266558272795,4.56000000000007));
#2799=CARTESIAN_POINT('Ctrl Pts',(-60.8221257571912,30.100673355127,4.56000000000007));
#2800=CARTESIAN_POINT('Ctrl Pts',(-61.0434813879821,30.7565711851158,4.56000000000007));
#2801=CARTESIAN_POINT('',(-54.4230383656391,37.5492166333194,4.56));
#2802=CARTESIAN_POINT('',(-21.725933817492,35.5455098649968,4.56));
#2803=CARTESIAN_POINT('Ctrl Pts',(-27.8173952223592,43.3035434098795,4.56));
#2804=CARTESIAN_POINT('Ctrl Pts',(-25.7563784685051,40.7692117937296,4.56));
#2805=CARTESIAN_POINT('Ctrl Pts',(-23.7244209095186,38.1848429617772,4.56));
#2806=CARTESIAN_POINT('Ctrl Pts',(-21.725933817492,35.5455098649968,4.56));
#2807=CARTESIAN_POINT('',(-1.16428019916833,4.67128773411219,4.56));
#2808=CARTESIAN_POINT('Ctrl Pts',(-21.730531621149,35.5373329328908,4.56));
#2809=CARTESIAN_POINT('Ctrl Pts',(-19.0648032757516,32.0182651285163,4.56));
#2810=CARTESIAN_POINT('Ctrl Pts',(-16.4547034601399,28.4040622871373,4.56));
#2811=CARTESIAN_POINT('Ctrl Pts',(-13.9056280154543,24.6856038249828,4.56));
#2812=CARTESIAN_POINT('Ctrl Pts',(-9.50809903367377,18.2707176398903,4.56));
#2813=CARTESIAN_POINT('Ctrl Pts',(-5.27310610451266,11.5788027896957,4.56));
#2814=CARTESIAN_POINT('Ctrl Pts',(-1.16428018743213,4.67128774109329,4.56));
#2815=CARTESIAN_POINT('',(0.185747,3.53828312279884,4.56));
#2816=CARTESIAN_POINT('',(1.01233832996382,2.84456984865326,4.56));
#2817=CARTESIAN_POINT('',(1.53577420244446,4.67128773686167,4.56));
#2818=CARTESIAN_POINT('',(-1.35449612333364,2.24564060244388,4.56));
#2819=CARTESIAN_POINT('Ctrl Pts',(1.53577419622496,4.67128774056124,4.56));
#2820=CARTESIAN_POINT('Ctrl Pts',(8.0263325484518,15.5828095948645,4.56));
#2821=CARTESIAN_POINT('Ctrl Pts',(14.8382810484542,25.9462814109178,4.56));
#2822=CARTESIAN_POINT('Ctrl Pts',(22.0978585561962,35.5447950490278,4.56));
#2823=CARTESIAN_POINT('',(37.9992669112125,54.7812864587029,4.56));
#2824=CARTESIAN_POINT('Ctrl Pts',(28.1888890168629,43.3035435741449,4.56000000000587));
#2825=CARTESIAN_POINT('Ctrl Pts',(31.3912460590809,47.2413264177327,4.56000000000587));
#2826=CARTESIAN_POINT('Ctrl Pts',(34.662667657946,51.0606913381758,4.56000000000587));
#2827=CARTESIAN_POINT('Ctrl Pts',(37.9947739407439,54.7762764102284,4.56000000000587));
#2828=CARTESIAN_POINT('Ctrl Pts',(37.9962715975666,54.7779464263867,4.56000000000587));
#2829=CARTESIAN_POINT('Ctrl Pts',(37.9977692543893,54.7796164425451,4.56000000000587));
#2830=CARTESIAN_POINT('Ctrl Pts',(37.999266911212,54.7812864587034,4.56000000000587));
#2831=CARTESIAN_POINT('',(43.1608725708443,49.4854393848294,4.56));
#2832=CARTESIAN_POINT('Origin',(0.185746500000006,-2.58699249999999,6.16));
#2833=CARTESIAN_POINT('',(37.299716023338,55.4990310457313,6.16));
#2834=CARTESIAN_POINT('',(43.1608725708443,49.4854393848294,6.16));
#2835=CARTESIAN_POINT('Ctrl Pts',(27.4007973059014,43.9190020398131,6.16));
#2836=CARTESIAN_POINT('Ctrl Pts',(28.3521304998863,45.0892050351637,6.16));
#2837=CARTESIAN_POINT('Ctrl Pts',(29.3095911488929,46.2487111216284,6.16));
#2838=CARTESIAN_POINT('Ctrl Pts',(30.2728451164212,47.3980173955095,6.16));
#2839=CARTESIAN_POINT('Ctrl Pts',(32.5682894678556,50.1368263528379,6.16));
#2840=CARTESIAN_POINT('Ctrl Pts',(34.9043121825713,52.8279497545254,6.16));
#2841=CARTESIAN_POINT('Ctrl Pts',(37.2547863186574,55.4489305609825,6.16));
#2842=CARTESIAN_POINT('Ctrl Pts',(37.2697628868843,55.4656307225654,6.16));
#2843=CARTESIAN_POINT('Ctrl Pts',(37.2847394551112,55.4823308841484,6.16));
#2844=CARTESIAN_POINT('Ctrl Pts',(37.299716023338,55.4990310457314,6.16));
#2845=CARTESIAN_POINT('',(9.80028688533894,19.8043555128215,6.16));
#2846=CARTESIAN_POINT('Ctrl Pts',(9.80028688534973,19.8043555128379,6.16));
#2847=CARTESIAN_POINT('Ctrl Pts',(12.5236378371684,23.9542069300488,6.16));
#2848=CARTESIAN_POINT('Ctrl Pts',(15.3583841169112,28.0739622668702,6.16));
#2849=CARTESIAN_POINT('Ctrl Pts',(19.2964765961096,33.4786843279298,6.16));
#2850=CARTESIAN_POINT('Ctrl Pts',(20.3129551064608,34.8455157386121,6.16));
#2851=CARTESIAN_POINT('Ctrl Pts',(21.309327559199,36.1612412690475,6.16));
#2852=CARTESIAN_POINT('',(-9.4287919228156,19.8043557454782,6.16));
#2853=CARTESIAN_POINT('Ctrl Pts',(9.80028688533894,19.8043555128215,6.16));
#2854=CARTESIAN_POINT('Ctrl Pts',(8.61043701874079,17.9912582504676,6.16));
#2855=CARTESIAN_POINT('Ctrl Pts',(6.89540945041432,16.5254339310276,6.16));
#2856=CARTESIAN_POINT('Ctrl Pts',(4.92018180667052,15.6330439911704,6.16));
#2857=CARTESIAN_POINT('Ctrl Pts',(2.94495416292672,14.7406540513131,6.16));
#2858=CARTESIAN_POINT('Ctrl Pts',(0.709526443765586,14.4216984910386,6.16));
#2859=CARTESIAN_POINT('Ctrl Pts',(-1.43620316092608,14.7270687218119,6.16));
#2860=CARTESIAN_POINT('Ctrl Pts',(-3.58193276561774,15.0324389525852,6.16));
#2861=CARTESIAN_POINT('Ctrl Pts',(-5.63796425583993,15.9621349744063,6.16));
#2862=CARTESIAN_POINT('Ctrl Pts',(-7.28681342391513,17.3701776992748,6.16));
#2863=CARTESIAN_POINT('Ctrl Pts',(-8.11123800795273,18.074199061709,6.16));
#2864=CARTESIAN_POINT('Ctrl Pts',(-8.83386701145358,18.8978070999051,6.16));
#2865=CARTESIAN_POINT('Ctrl Pts',(-9.42879192281561,19.8043557454782,6.16));
#2866=CARTESIAN_POINT('',(-20.9378331182843,36.1612416135278,6.16));
#2867=CARTESIAN_POINT('Ctrl Pts',(-20.9414351169377,36.154538443424,6.16));
#2868=CARTESIAN_POINT('Ctrl Pts',(-17.6414728596761,31.7929855749209,6.16));
#2869=CARTESIAN_POINT('Ctrl Pts',(-14.4267223615298,27.2855396451698,6.16));
#2870=CARTESIAN_POINT('Ctrl Pts',(-11.3026618473475,22.6287500950753,6.16));
#2871=CARTESIAN_POINT('Ctrl Pts',(-10.6747306739179,21.6927428335864,6.16));
#2872=CARTESIAN_POINT('Ctrl Pts',(-10.0500978791609,20.7513182172424,6.16));
#2873=CARTESIAN_POINT('Ctrl Pts',(-9.42865479506408,19.8046324050804,6.16));
#2874=CARTESIAN_POINT('',(-21.725933817492,35.5455098649968,6.16));
#2875=CARTESIAN_POINT('',(-23.1388137608725,34.4416470732537,6.16));
#2876=CARTESIAN_POINT('Ctrl Pts',(-27.8173952223592,43.3035434098795,6.16));
#2877=CARTESIAN_POINT('Ctrl Pts',(-25.7563784685051,40.7692117937296,6.16));
#2878=CARTESIAN_POINT('Ctrl Pts',(-23.7244209095186,38.1848429617772,6.16));
#2879=CARTESIAN_POINT('Ctrl Pts',(-21.725933817492,35.5455098649968,6.16));
#2880=CARTESIAN_POINT('',(-36.9282250634365,55.499031072455,6.16));
#2881=CARTESIAN_POINT('Ctrl Pts',(-36.9282250634365,55.4990310724549,6.16));
#2882=CARTESIAN_POINT('Ctrl Pts',(-36.9132485191672,55.4823309430381,6.16));
#2883=CARTESIAN_POINT('Ctrl Pts',(-36.8982719748979,55.4656308136213,6.16));
#2884=CARTESIAN_POINT('Ctrl Pts',(-36.8832954306286,55.4489306842045,6.16));
#2885=CARTESIAN_POINT('Ctrl Pts',(-33.9540312938791,52.182550316338,6.16));
#2886=CARTESIAN_POINT('Ctrl Pts',(-31.0518980597685,48.8131552933253,6.16));
#2887=CARTESIAN_POINT('Ctrl Pts',(-28.2116670649569,45.3642621587961,6.16));
#2888=CARTESIAN_POINT('Ctrl Pts',(-27.8164968973915,44.88440693562,6.16));
#2889=CARTESIAN_POINT('Ctrl Pts',(-27.4224116433449,44.402637123038,6.16));
#2890=CARTESIAN_POINT('Ctrl Pts',(-27.029419753822,43.9189473980316,6.16));
#2891=CARTESIAN_POINT('',(-61.8247557118211,29.9549971009411,6.16));
#2892=CARTESIAN_POINT('',(-54.4230383656391,37.5492166333194,6.16));
#2893=CARTESIAN_POINT('Ctrl Pts',(-50.4023297325026,-1.91484041607078,6.16));
#2894=CARTESIAN_POINT('Ctrl Pts',(-55.1558316149022,12.0302999538723,6.16));
#2895=CARTESIAN_POINT('Ctrl Pts',(-60.4783250166991,26.1103106654294,6.16));
#2896=CARTESIAN_POINT('Ctrl Pts',(-61.8247557118211,29.9549971009411,6.16));
#2897=CARTESIAN_POINT('',(-45.2592328217317,-9.77445669144089,6.16));
#2898=CARTESIAN_POINT('Ctrl Pts',(-38.3715280829177,-47.4679402532578,6.16));
#2899=CARTESIAN_POINT('Ctrl Pts',(-39.1286490866095,-41.7607070378553,6.16));
#2900=CARTESIAN_POINT('Ctrl Pts',(-40.4328750448404,-35.5828411336286,6.16));
#2901=CARTESIAN_POINT('Ctrl Pts',(-42.044166853939,-29.300642838025,6.16));
#2902=CARTESIAN_POINT('',(-24.650470098487,-39.8361765105335,6.16));
#2903=CARTESIAN_POINT('Ctrl Pts',(-20.8691079306968,-60.7911519865669,6.16));
#2904=CARTESIAN_POINT('Ctrl Pts',(-20.9392001927096,-60.425796683722,6.16));
#2905=CARTESIAN_POINT('Ctrl Pts',(-21.0092924547224,-60.0604413808771,6.16));
#2906=CARTESIAN_POINT('Ctrl Pts',(-21.0793847167351,-59.6950860780323,6.16));
#2907=CARTESIAN_POINT('Ctrl Pts',(-22.4046721598443,-52.7870368693286,6.16));
#2908=CARTESIAN_POINT('Ctrl Pts',(-23.601372862691,-46.1534853824208,6.16));
#2909=CARTESIAN_POINT('Ctrl Pts',(-24.6504700984896,-39.8361765105178,6.16));
#2910=CARTESIAN_POINT('',(-25.6369597660958,-40.,6.16));
#2911=CARTESIAN_POINT('',(-9.80233943157325,-37.370390341882,6.16));
#2912=CARTESIAN_POINT('',(-30.262524,8.42603199999999,6.16));
#2913=CARTESIAN_POINT('Ctrl Pts',(-30.262524,8.426032,6.16));
#2914=CARTESIAN_POINT('Ctrl Pts',(-30.2735780102608,7.83852115170273,6.16));
#2915=CARTESIAN_POINT('Ctrl Pts',(-30.2809396336901,7.24314136928913,6.16));
#2916=CARTESIAN_POINT('Ctrl Pts',(-30.2845973205446,6.6398680388242,6.16));
#2917=CARTESIAN_POINT('Ctrl Pts',(-30.2883366033373,6.02313684403355,6.16));
#2918=CARTESIAN_POINT('Ctrl Pts',(-30.2882047962059,5.3981558766807,6.16));
#2919=CARTESIAN_POINT('Ctrl Pts',(-30.2841663645367,4.76484940809854,6.16));
#2920=CARTESIAN_POINT('Ctrl Pts',(-30.2800191677337,4.11448640161357,6.16));
#2921=CARTESIAN_POINT('Ctrl Pts',(-30.2717520249805,3.45534327952201,6.16));
#2922=CARTESIAN_POINT('Ctrl Pts',(-30.259303089015,2.78728823764017,6.16));
#2923=CARTESIAN_POINT('Ctrl Pts',(-30.2453144741615,2.0366084439936,6.16));
#2924=CARTESIAN_POINT('Ctrl Pts',(-30.2260457033149,1.27467598329693,6.16));
#2925=CARTESIAN_POINT('Ctrl Pts',(-30.2013790893764,0.501240049751969,6.16));
#2926=CARTESIAN_POINT('Ctrl Pts',(-30.1743129024485,-0.347435881455942,
6.16));
#2927=CARTESIAN_POINT('Ctrl Pts',(-30.1407470351059,-1.20996343745187,6.16));
#2928=CARTESIAN_POINT('Ctrl Pts',(-30.1004964664777,-2.08673692065037,6.16));
#2929=CARTESIAN_POINT('Ctrl Pts',(-30.0402793994346,-3.39843833056277,6.16));
#2930=CARTESIAN_POINT('Ctrl Pts',(-29.9650979565702,-4.74203068061963,6.16));
#2931=CARTESIAN_POINT('Ctrl Pts',(-29.8742857470912,-6.11893413222093,6.16));
#2932=CARTESIAN_POINT('Ctrl Pts',(-29.8182555406428,-6.96846950962595,6.16));
#2933=CARTESIAN_POINT('Ctrl Pts',(-29.7562742231496,-7.83068744248102,6.16));
#2934=CARTESIAN_POINT('Ctrl Pts',(-29.6881961592186,-8.70589829786442,6.16));
#2935=CARTESIAN_POINT('Ctrl Pts',(-29.6318103326552,-9.43079387580019,6.16));
#2936=CARTESIAN_POINT('Ctrl Pts',(-29.571241730698,-10.1646034666772,6.16));
#2937=CARTESIAN_POINT('Ctrl Pts',(-29.5064220186188,-10.9074727002732,6.16));
#2938=CARTESIAN_POINT('Ctrl Pts',(-29.4475917311963,-11.5816998624737,6.16));
#2939=CARTESIAN_POINT('Ctrl Pts',(-29.3852594144189,-12.263390283408,6.16));
#2940=CARTESIAN_POINT('Ctrl Pts',(-29.3193912991255,-12.9526159293455,6.16));
#2941=CARTESIAN_POINT('Ctrl Pts',(-29.2564228478392,-13.6115002972705,6.16));
#2942=CARTESIAN_POINT('Ctrl Pts',(-29.1902228258708,-14.2772715429667,6.16));
#2943=CARTESIAN_POINT('Ctrl Pts',(-29.120781765661,-14.9499498429765,6.16));
#2944=CARTESIAN_POINT('Ctrl Pts',(-29.0502023498632,-15.633655438644,6.16));
#2945=CARTESIAN_POINT('Ctrl Pts',(-28.9762747920064,-16.3244963401393,6.16));
#2946=CARTESIAN_POINT('Ctrl Pts',(-28.8990124709125,-17.0224440355343,6.16));
#2947=CARTESIAN_POINT('Ctrl Pts',(-28.8197355851342,-17.7385902623579,6.16));
#2948=CARTESIAN_POINT('Ctrl Pts',(-28.7369478347628,-18.4622185769038,6.16));
#2949=CARTESIAN_POINT('Ctrl Pts',(-28.6506870986889,-19.1932482545599,6.16));
#2950=CARTESIAN_POINT('Ctrl Pts',(-28.5617601293714,-19.9468733298133,6.16));
#2951=CARTESIAN_POINT('Ctrl Pts',(-28.469142242201,-20.7083642086085,6.16));
#2952=CARTESIAN_POINT('Ctrl Pts',(-28.3728984036029,-21.4775824394392,6.16));
#2953=CARTESIAN_POINT('Ctrl Pts',(-28.265500657169,-22.3359470444917,6.16));
#2954=CARTESIAN_POINT('Ctrl Pts',(-28.1535878649892,-23.203933771801,6.16));
#2955=CARTESIAN_POINT('Ctrl Pts',(-28.0372791433481,-24.0812887697967,6.16));
#2956=CARTESIAN_POINT('Ctrl Pts',(-27.904278192665,-25.0845587496697,6.16));
#2957=CARTESIAN_POINT('Ctrl Pts',(-27.7655294488526,-26.1000779893088,6.16));
#2958=CARTESIAN_POINT('Ctrl Pts',(-27.6212430962007,-27.1273985599343,6.16));
#2959=CARTESIAN_POINT('Ctrl Pts',(-27.3958888651808,-28.7319234020216,6.16));
#2960=CARTESIAN_POINT('Ctrl Pts',(-27.1570280289866,-30.3652324942755,6.16));
#2961=CARTESIAN_POINT('Ctrl Pts',(-26.9055231114315,-32.0254876915158,6.16));
#2962=CARTESIAN_POINT('Ctrl Pts',(-26.7089959395946,-33.3228192173284,6.16));
#2963=CARTESIAN_POINT('Ctrl Pts',(-26.5047506380511,-34.6365990344353,6.16));
#2964=CARTESIAN_POINT('Ctrl Pts',(-26.2931927900427,-35.9659627946648,6.16));
#2965=CARTESIAN_POINT('Ctrl Pts',(-26.1132771208665,-37.0964969381708,6.16));
#2966=CARTESIAN_POINT('Ctrl Pts',(-25.9280730915088,-38.2383012328719,6.16));
#2967=CARTESIAN_POINT('Ctrl Pts',(-25.7378125938313,-39.3908814884614,6.16));
#2968=CARTESIAN_POINT('Ctrl Pts',(-25.7043510464308,-39.5935884051682,6.16));
#2969=CARTESIAN_POINT('Ctrl Pts',(-25.6707330418653,-39.796628751491,6.16));
#2970=CARTESIAN_POINT('Ctrl Pts',(-25.6369597660959,-40.,6.16));
#2971=CARTESIAN_POINT('',(-0.556842999999989,-10.068965,6.16));
#2972=CARTESIAN_POINT('',(-1.96777981128235,-9.19050434152,6.16));
#2973=CARTESIAN_POINT('',(0.928336999999996,-10.068965,6.16));
#2974=CARTESIAN_POINT('',(0.557041750000001,-10.068965,6.16));
#2975=CARTESIAN_POINT('',(30.634018,8.426032,6.16));
#2976=CARTESIAN_POINT('',(17.1921139509586,0.0569939341394959,6.16));
#2977=CARTESIAN_POINT('',(26.0082167684319,-40.,6.16));
#2978=CARTESIAN_POINT('Ctrl Pts',(26.008216768432,-40.,6.16));
#2979=CARTESIAN_POINT('Ctrl Pts',(26.1993076960455,-38.8494024173556,6.16));
#2980=CARTESIAN_POINT('Ctrl Pts',(26.3854299913513,-37.7093925506151,6.16));
#2981=CARTESIAN_POINT('Ctrl Pts',(26.5663590790857,-36.5804489497982,6.16));
#2982=CARTESIAN_POINT('Ctrl Pts',(26.7787337370573,-35.2552943597048,6.16));
#2983=CARTESIAN_POINT('Ctrl Pts',(26.9839528311273,-33.9453876432767,6.16));
#2984=CARTESIAN_POINT('Ctrl Pts',(27.1816222902874,-32.6515685309718,6.16));
#2985=CARTESIAN_POINT('Ctrl Pts',(27.4268308239681,-31.0465887393318,6.16));
#2986=CARTESIAN_POINT('Ctrl Pts',(27.6604187844677,-29.4663713611393,6.16));
#2987=CARTESIAN_POINT('Ctrl Pts',(27.8816138119149,-27.9125622269534,6.16));
#2988=CARTESIAN_POINT('Ctrl Pts',(28.0211481216342,-26.9323879098529,6.16));
#2989=CARTESIAN_POINT('Ctrl Pts',(28.1557502837045,-25.9627235630749,6.16));
#2990=CARTESIAN_POINT('Ctrl Pts',(28.2852356080458,-25.0039627448416,6.16));
#2991=CARTESIAN_POINT('Ctrl Pts',(28.3992079055799,-24.1600665442828,6.16));
#2992=CARTESIAN_POINT('Ctrl Pts',(28.5092156230175,-23.3246185131868,6.16));
#2993=CARTESIAN_POINT('Ctrl Pts',(28.6151473599039,-22.497856036068,6.16));
#2994=CARTESIAN_POINT('Ctrl Pts',(28.7144822983617,-21.7225794079502,6.16));
#2995=CARTESIAN_POINT('Ctrl Pts',(28.8102328576847,-20.9549407746803,6.16));
#2996=CARTESIAN_POINT('Ctrl Pts',(28.9023248631415,-20.1950981960487,6.16));
#2997=CARTESIAN_POINT('Ctrl Pts',(28.9914616758218,-19.4596386383809,6.16));
#2998=CARTESIAN_POINT('Ctrl Pts',(29.0771708646244,-18.7314830439748,6.16));
#2999=CARTESIAN_POINT('Ctrl Pts',(29.1594050246158,-18.0107324285501,6.16));
#3000=CARTESIAN_POINT('Ctrl Pts',(29.2395291412708,-17.3084755270941,6.16));
#3001=CARTESIAN_POINT('Ctrl Pts',(29.3163542040748,-16.6132486175466,6.16));
#3002=CARTESIAN_POINT('Ctrl Pts',(29.3898566808473,-15.9251018449028,6.16));
#3003=CARTESIAN_POINT('Ctrl Pts',(29.4626630690675,-15.2434720103512,6.16));
#3004=CARTESIAN_POINT('Ctrl Pts',(29.5322093929183,-14.5687890845721,6.16));
#3005=CARTESIAN_POINT('Ctrl Pts',(29.5984943873106,-13.9010557633583,6.16));
#3006=CARTESIAN_POINT('Ctrl Pts',(29.6681363928901,-13.1995050110663,6.16));
#3007=CARTESIAN_POINT('Ctrl Pts',(29.734178399137,-12.5056255388814,6.16));
#3008=CARTESIAN_POINT('Ctrl Pts',(29.7966449233017,-11.8193651027117,6.16));
#3009=CARTESIAN_POINT('Ctrl Pts',(29.865019201209,-11.0682017811273,6.16));
#3010=CARTESIAN_POINT('Ctrl Pts',(29.9291099739564,-10.3261662301019,6.16));
#3011=CARTESIAN_POINT('Ctrl Pts',(29.9889771459535,-9.59313079863799,6.16));
#3012=CARTESIAN_POINT('Ctrl Pts',(30.060001556854,-8.72348207543841,6.16));
#3013=CARTESIAN_POINT('Ctrl Pts',(30.1250819283455,-7.86649957438513,6.16));
#3014=CARTESIAN_POINT('Ctrl Pts',(30.1843501133721,-7.02190232851832,6.16));
#3015=CARTESIAN_POINT('Ctrl Pts',(30.2693137438567,-5.81113388210781,6.16));
#3016=CARTESIAN_POINT('Ctrl Pts',(30.3423339554625,-4.6258158047637,6.16));
#3017=CARTESIAN_POINT('Ctrl Pts',(30.4038464174319,-3.46501972387116,6.16));
#3018=CARTESIAN_POINT('Ctrl Pts',(30.4554222926824,-2.4917360681269,6.16));
#3019=CARTESIAN_POINT('Ctrl Pts',(30.4989104883634,-1.53568654207536,6.16));
#3020=CARTESIAN_POINT('Ctrl Pts',(30.534563112975,-0.596333924805183,6.16));
#3021=CARTESIAN_POINT('Ctrl Pts',(30.5648814712396,0.202474844463516,6.16));
#3022=CARTESIAN_POINT('Ctrl Pts',(30.5895339958999,0.989210223544601,6.16));
#3023=CARTESIAN_POINT('Ctrl Pts',(30.6086569451915,1.76416256668472,6.16));
#3024=CARTESIAN_POINT('Ctrl Pts',(30.6254607052337,2.44513039333257,6.16));
#3025=CARTESIAN_POINT('Ctrl Pts',(30.6379948587361,3.11700006615153,6.16));
#3026=CARTESIAN_POINT('Ctrl Pts',(30.6463332873261,3.77992902035349,6.16));
#3027=CARTESIAN_POINT('Ctrl Pts',(30.6544631445415,4.42627595293072,6.16));
#3028=CARTESIAN_POINT('Ctrl Pts',(30.6586046716294,5.06412410683069,6.16));
#3029=CARTESIAN_POINT('Ctrl Pts',(30.6588055491158,5.69357508503614,6.16));
#3030=CARTESIAN_POINT('Ctrl Pts',(30.6590011317301,6.30643454518618,6.16));
#3031=CARTESIAN_POINT('Ctrl Pts',(30.6554611088642,6.91133376052555,6.16));
#3032=CARTESIAN_POINT('Ctrl Pts',(30.6482085599233,7.50832191122453,6.16));
#3033=CARTESIAN_POINT('Ctrl Pts',(30.6444666882274,7.81633128586749,6.16));
#3034=CARTESIAN_POINT('Ctrl Pts',(30.6397362200237,8.12223404880758,6.16));
#3035=CARTESIAN_POINT('Ctrl Pts',(30.634018,8.426032,6.16));
#3036=CARTESIAN_POINT('',(25.0217291115023,-39.8361644033627,6.16));
#3037=CARTESIAN_POINT('',(10.173545727062,-37.3701822223571,6.16));
#3038=CARTESIAN_POINT('Ctrl Pts',(25.0217291115049,-39.8361644033469,6.16));
#3039=CARTESIAN_POINT('Ctrl Pts',(23.9725522690308,-46.1534728899047,6.16));
#3040=CARTESIAN_POINT('Ctrl Pts',(22.7757575345422,-52.7870235765469,6.16));
#3041=CARTESIAN_POINT('Ctrl Pts',(21.4503635269511,-59.6950714303966,6.16));
#3042=CARTESIAN_POINT('Ctrl Pts',(21.380266037686,-60.0604245310629,6.16));
#3043=CARTESIAN_POINT('Ctrl Pts',(21.3101685484209,-60.4257776317292,6.16));
#3044=CARTESIAN_POINT('Ctrl Pts',(21.2400710591558,-60.7911307323955,6.16));
#3045=CARTESIAN_POINT('Ctrl Pts',(42.4163219651915,-29.2990709270282,6.16));
#3046=CARTESIAN_POINT('Ctrl Pts',(40.6656610525142,-36.1289058820524,6.16));
#3047=CARTESIAN_POINT('Ctrl Pts',(39.4420930191649,-42.2020825361522,6.16));
#3048=CARTESIAN_POINT('Ctrl Pts',(38.7430844707441,-47.4677833335554,6.16));
#3049=CARTESIAN_POINT('Ctrl Pts',(0.676329637352273,5.18251668707234,7.06));
#3050=CARTESIAN_POINT('Ctrl Pts',(0.676329637352273,5.18251668707234,1.55999999999999));
#3051=CARTESIAN_POINT('Ctrl Pts',(6.21629713933251,14.4959464329083,7.06));
#3052=CARTESIAN_POINT('Ctrl Pts',(6.21629713933251,14.4959464329083,1.55999999999999));
#3053=CARTESIAN_POINT('Ctrl Pts',(11.9856980618708,23.4252611476745,7.06));
#3054=CARTESIAN_POINT('Ctrl Pts',(11.9856980618708,23.4252611476745,1.55999999999999));
#3055=CARTESIAN_POINT('Ctrl Pts',(18.0823511232365,31.812097732579,7.06));
#3056=CARTESIAN_POINT('Ctrl Pts',(18.0823511232365,31.812097732579,1.55999999999999));
#3057=CARTESIAN_POINT('Ctrl Pts',(22.0184355140598,37.2267566016264,7.06));
#3058=CARTESIAN_POINT('Ctrl Pts',(22.0184355140598,37.2267566016264,1.55999999999999));
#3059=CARTESIAN_POINT('Ctrl Pts',(26.0910466830407,42.4085054520259,7.06));
#3060=CARTESIAN_POINT('Ctrl Pts',(26.0910466830407,42.4085054520259,1.55999999999999));
#3061=CARTESIAN_POINT('Ctrl Pts',(30.2728451164212,47.3980173955095,7.06));
#3062=CARTESIAN_POINT('Ctrl Pts',(30.2728451164212,47.3980173955095,1.55999999999999));
#3063=CARTESIAN_POINT('Ctrl Pts',(32.5682894678556,50.1368263528379,7.06));
#3064=CARTESIAN_POINT('Ctrl Pts',(32.5682894678556,50.1368263528379,1.55999999999999));
#3065=CARTESIAN_POINT('Ctrl Pts',(34.9043121825713,52.8279497545254,7.06));
#3066=CARTESIAN_POINT('Ctrl Pts',(34.9043121825713,52.8279497545254,1.55999999999999));
#3067=CARTESIAN_POINT('Ctrl Pts',(37.2547863186574,55.4489305609825,7.06));
#3068=CARTESIAN_POINT('Ctrl Pts',(37.2547863186574,55.4489305609825,1.55999999999999));
#3069=CARTESIAN_POINT('Ctrl Pts',(37.3874368151012,55.5968472726826,7.06));
#3070=CARTESIAN_POINT('Ctrl Pts',(37.3874368151012,55.5968472726826,1.55999999999999));
#3071=CARTESIAN_POINT('Ctrl Pts',(37.5200873115451,55.744763984383,7.06));
#3072=CARTESIAN_POINT('Ctrl Pts',(37.5200873115451,55.744763984383,1.55999999999999));
#3073=CARTESIAN_POINT('Ctrl Pts',(37.6527378079889,55.8926806960831,7.06));
#3074=CARTESIAN_POINT('Ctrl Pts',(37.6527378079889,55.8926806960831,1.55999999999999));
#3075=CARTESIAN_POINT('Ctrl Pts',(37.299716023338,55.4990310457313,6.16));
#3076=CARTESIAN_POINT('Ctrl Pts',(37.2997160233379,55.4990310457313,5.54333333333333));
#3077=CARTESIAN_POINT('Ctrl Pts',(37.2997160233379,55.4990310457312,4.92666666666667));
#3078=CARTESIAN_POINT('Ctrl Pts',(37.2997160233379,55.4990310457312,3.39333333333333));
#3079=CARTESIAN_POINT('Ctrl Pts',(37.299716023338,55.4990310457313,2.47666666666666));
#3080=CARTESIAN_POINT('Ctrl Pts',(37.299716023338,55.4990310457313,1.56));
#3081=CARTESIAN_POINT('Ctrl Pts',(0.676329637352273,5.18251668707234,7.06));
#3082=CARTESIAN_POINT('Ctrl Pts',(0.676329637352273,5.18251668707234,1.55999999999999));
#3083=CARTESIAN_POINT('Ctrl Pts',(6.21629713933251,14.4959464329083,7.06));
#3084=CARTESIAN_POINT('Ctrl Pts',(6.21629713933251,14.4959464329083,1.55999999999999));
#3085=CARTESIAN_POINT('Ctrl Pts',(11.9856980618708,23.4252611476745,7.06));
#3086=CARTESIAN_POINT('Ctrl Pts',(11.9856980618708,23.4252611476745,1.55999999999999));
#3087=CARTESIAN_POINT('Ctrl Pts',(18.0823511232365,31.812097732579,7.06));
#3088=CARTESIAN_POINT('Ctrl Pts',(18.0823511232365,31.812097732579,1.55999999999999));
#3089=CARTESIAN_POINT('Ctrl Pts',(22.0184355140598,37.2267566016264,7.06));
#3090=CARTESIAN_POINT('Ctrl Pts',(22.0184355140598,37.2267566016264,1.55999999999999));
#3091=CARTESIAN_POINT('Ctrl Pts',(26.0910466830407,42.4085054520259,7.06));
#3092=CARTESIAN_POINT('Ctrl Pts',(26.0910466830407,42.4085054520259,1.55999999999999));
#3093=CARTESIAN_POINT('Ctrl Pts',(30.2728451164212,47.3980173955095,7.06));
#3094=CARTESIAN_POINT('Ctrl Pts',(30.2728451164212,47.3980173955095,1.55999999999999));
#3095=CARTESIAN_POINT('Ctrl Pts',(32.5682894678556,50.1368263528379,7.06));
#3096=CARTESIAN_POINT('Ctrl Pts',(32.5682894678556,50.1368263528379,1.55999999999999));
#3097=CARTESIAN_POINT('Ctrl Pts',(34.9043121825713,52.8279497545254,7.06));
#3098=CARTESIAN_POINT('Ctrl Pts',(34.9043121825713,52.8279497545254,1.55999999999999));
#3099=CARTESIAN_POINT('Ctrl Pts',(37.2547863186574,55.4489305609825,7.06));
#3100=CARTESIAN_POINT('Ctrl Pts',(37.2547863186574,55.4489305609825,1.55999999999999));
#3101=CARTESIAN_POINT('Ctrl Pts',(37.3874368151012,55.5968472726826,7.06));
#3102=CARTESIAN_POINT('Ctrl Pts',(37.3874368151012,55.5968472726826,1.55999999999999));
#3103=CARTESIAN_POINT('Ctrl Pts',(37.5200873115451,55.744763984383,7.06));
#3104=CARTESIAN_POINT('Ctrl Pts',(37.5200873115451,55.744763984383,1.55999999999999));
#3105=CARTESIAN_POINT('Ctrl Pts',(37.6527378079889,55.8926806960831,7.06));
#3106=CARTESIAN_POINT('Ctrl Pts',(37.6527378079889,55.8926806960831,1.55999999999999));
#3107=CARTESIAN_POINT('',(9.80028688533894,19.8043555128215,1.56));
#3108=CARTESIAN_POINT('Ctrl Pts',(21.3095561654269,36.1605839568063,1.55999999999999));
#3109=CARTESIAN_POINT('Ctrl Pts',(20.2241710122228,34.7276303583056,1.55999999999999));
#3110=CARTESIAN_POINT('Ctrl Pts',(19.1482550182046,33.2784041948837,1.55999999999999));
#3111=CARTESIAN_POINT('Ctrl Pts',(18.0823511232365,31.812097732579,1.55999999999999));
#3112=CARTESIAN_POINT('Ctrl Pts',(15.2543283613836,27.9217394452833,1.55999999999999));
#3113=CARTESIAN_POINT('Ctrl Pts',(12.4967206235494,23.9146558382365,1.55999999999999));
#3114=CARTESIAN_POINT('Ctrl Pts',(9.79976461893223,19.806653139665,1.55999999999999));
#3115=CARTESIAN_POINT('Ctrl Pts',(9.79976461995051,19.8066531412161,6.16));
#3116=CARTESIAN_POINT('Ctrl Pts',(9.79976461995051,19.8066531412161,4.62666666666667));
#3117=CARTESIAN_POINT('Ctrl Pts',(9.79976461995051,19.8066531412161,3.09333333333333));
#3118=CARTESIAN_POINT('Ctrl Pts',(9.79976461995051,19.8066531412161,1.56));
#3119=CARTESIAN_POINT('Ctrl Pts',(28.1888890168629,43.3035435741449,4.56000000000587));
#3120=CARTESIAN_POINT('Ctrl Pts',(28.248526158657,43.2550443479083,3.93395644780559));
#3121=CARTESIAN_POINT('Ctrl Pts',(28.308163300451,43.2065451216717,3.30791289560532));
#3122=CARTESIAN_POINT('Ctrl Pts',(28.367800442245,43.1580458954351,2.68186934340504));
#3123=CARTESIAN_POINT('Ctrl Pts',(31.3912460590809,47.2413264177327,4.56000000000587));
#3124=CARTESIAN_POINT('Ctrl Pts',(31.4500506348005,47.1918041998752,3.93395644780559));
#3125=CARTESIAN_POINT('Ctrl Pts',(31.5088624424689,47.1422885515211,3.30791289560532));
#3126=CARTESIAN_POINT('Ctrl Pts',(31.5676670181884,47.0927663336635,2.68186934340504));
#3127=CARTESIAN_POINT('Ctrl Pts',(34.662667657946,51.0606913381758,4.56000000000587));
#3128=CARTESIAN_POINT('Ctrl Pts',(34.7206946705522,51.0102631890264,3.93395644780559));
#3129=CARTESIAN_POINT('Ctrl Pts',(34.7787277092761,50.9598397753818,3.30791289560532));
#3130=CARTESIAN_POINT('Ctrl Pts',(34.8367547218823,50.9094116262324,2.68186934340504));
#3131=CARTESIAN_POINT('Ctrl Pts',(37.9947739407439,54.7762764102284,4.56000000000587));
#3132=CARTESIAN_POINT('Ctrl Pts',(38.0520010342657,54.7249556211273,3.93395644780559));
#3133=CARTESIAN_POINT('Ctrl Pts',(38.1092281277875,54.6736348320262,3.30791289560532));
#3134=CARTESIAN_POINT('Ctrl Pts',(38.1664552213092,54.622314042925,2.68186934340504));
#3135=CARTESIAN_POINT('Ctrl Pts',(37.9962715975666,54.7779464263867,4.56000000000587));
#3136=CARTESIAN_POINT('Ctrl Pts',(38.0534986910884,54.7266256372856,3.93395644780559));
#3137=CARTESIAN_POINT('Ctrl Pts',(38.1107257846102,54.6753048481845,3.30791289560532));
#3138=CARTESIAN_POINT('Ctrl Pts',(38.1679528781319,54.6239840590833,2.68186934340504));
#3139=CARTESIAN_POINT('Ctrl Pts',(37.9977692543893,54.7796164425451,4.56000000000587));
#3140=CARTESIAN_POINT('Ctrl Pts',(38.0549963479111,54.7282956534439,3.93395644780559));
#3141=CARTESIAN_POINT('Ctrl Pts',(38.1122234414328,54.6769748643427,3.30791289560532));
#3142=CARTESIAN_POINT('Ctrl Pts',(38.1694505349546,54.6256540752416,2.68186934340504));
#3143=CARTESIAN_POINT('Ctrl Pts',(37.999266911212,54.7812864587034,4.56000000000587));
#3144=CARTESIAN_POINT('Ctrl Pts',(38.0564940047338,54.7299656696022,3.93395644780559));
#3145=CARTESIAN_POINT('Ctrl Pts',(38.1137210982556,54.6786448805011,3.30791289560532));
#3146=CARTESIAN_POINT('Ctrl Pts',(38.1709481917773,54.6273240913999,2.68186934340504));
#3147=CARTESIAN_POINT('Ctrl Pts',(38.1605872404001,54.6157705621755,2.68186934340514));
#3148=CARTESIAN_POINT('Ctrl Pts',(38.130131990305,54.6470175763424,3.03643467732736));
#3149=CARTESIAN_POINT('Ctrl Pts',(38.099676657934,54.6782644419515,3.39100001666177));
#3150=CARTESIAN_POINT('Ctrl Pts',(38.0692218433503,54.7095118255,3.74556535816941));
#3151=CARTESIAN_POINT('Ctrl Pts',(38.0459036628153,54.7334368482194,4.01704357131176));
#3152=CARTESIAN_POINT('Ctrl Pts',(38.0225852741414,54.7573616391356,4.28852178573807));
#3153=CARTESIAN_POINT('Ctrl Pts',(37.999266911212,54.7812864587034,4.56000000000587));
#3154=CARTESIAN_POINT('Origin',(-47.2784370717652,-3.33821271732027,4.56));
#3155=CARTESIAN_POINT('Ctrl Pts',(-27.8173952223592,43.3035434098795,4.56));
#3156=CARTESIAN_POINT('Ctrl Pts',(-27.8173952223592,43.3035434098795,7.06));
#3157=CARTESIAN_POINT('Ctrl Pts',(-25.7563784685051,40.7692117937296,4.56));
#3158=CARTESIAN_POINT('Ctrl Pts',(-25.7563784685051,40.7692117937296,7.06));
#3159=CARTESIAN_POINT('Ctrl Pts',(-23.7244209095186,38.1848429617772,4.56));
#3160=CARTESIAN_POINT('Ctrl Pts',(-23.7244209095186,38.1848429617772,7.06));
#3161=CARTESIAN_POINT('Ctrl Pts',(-21.725933817492,35.5455098649968,4.56));
#3162=CARTESIAN_POINT('Ctrl Pts',(-21.725933817492,35.5455098649968,7.06));
#3163=CARTESIAN_POINT('',(-21.725933817492,35.5455098649968,4.56));
#3164=CARTESIAN_POINT('Origin',(-19.658089443604,37.1610869521686,4.56));
#3165=CARTESIAN_POINT('',(-21.725933817492,35.5455098649968,1.56));
#3166=CARTESIAN_POINT('',(-20.9378331182819,36.1612416135246,1.56));
#3167=CARTESIAN_POINT('',(-23.1388137608726,34.4416470732537,1.56));
#3168=CARTESIAN_POINT('Ctrl Pts',(-21.7259338174919,35.5455098649968,4.56));
#3169=CARTESIAN_POINT('Ctrl Pts',(-21.7259338174919,35.5455098649968,4.06));
#3170=CARTESIAN_POINT('Ctrl Pts',(-21.7259338174919,35.5455098649968,3.56));
#3171=CARTESIAN_POINT('Ctrl Pts',(-21.7259338174919,35.5455098649968,2.56));
#3172=CARTESIAN_POINT('Ctrl Pts',(-21.7259338174919,35.5455098649968,2.06));
#3173=CARTESIAN_POINT('Ctrl Pts',(-21.7259338174919,35.5455098649968,1.56));
#3174=CARTESIAN_POINT('',(-20.9378331182843,36.1612416135278,4.56));
#3175=CARTESIAN_POINT('Ctrl Pts',(-20.9378331182843,36.1612416135278,6.16));
#3176=CARTESIAN_POINT('Ctrl Pts',(-20.9378331182843,36.1612416135278,5.62666666666667));
#3177=CARTESIAN_POINT('Ctrl Pts',(-20.9378331182843,36.1612416135278,5.09333333333333));
#3178=CARTESIAN_POINT('Ctrl Pts',(-20.9378331182843,36.1612416135278,4.56));
#3179=CARTESIAN_POINT('Ctrl Pts',(-20.9378331182843,36.1612416135278,1.56));
#3180=CARTESIAN_POINT('Ctrl Pts',(-20.9378331182843,36.1612416135278,2.22666666666666));
#3181=CARTESIAN_POINT('Ctrl Pts',(-20.9378331182843,36.1612416135278,2.89333333333333));
#3182=CARTESIAN_POINT('Ctrl Pts',(-20.9378331182843,36.1612416135278,3.89333333333334));
#3183=CARTESIAN_POINT('Ctrl Pts',(-20.9378331182843,36.1612416135278,4.22666666666667));
#3184=CARTESIAN_POINT('Ctrl Pts',(-20.9378331182843,36.1612416135278,4.56));
#3185=CARTESIAN_POINT('Ctrl Pts',(-38.2473909941812,-48.4397904832907,7.06));
#3186=CARTESIAN_POINT('Ctrl Pts',(-38.2473909941812,-48.4397904832907,1.55999999999999));
#3187=CARTESIAN_POINT('Ctrl Pts',(-38.9453794683657,-42.7518920326956,7.05999999999999));
#3188=CARTESIAN_POINT('Ctrl Pts',(-38.9453794683657,-42.7518920326956,1.55999999999998));
#3189=CARTESIAN_POINT('Ctrl Pts',(-40.2763684138181,-36.0879051910911,7.06));
#3190=CARTESIAN_POINT('Ctrl Pts',(-40.2763684138181,-36.0879051910911,1.55999999999999));
#3191=CARTESIAN_POINT('Ctrl Pts',(-42.2521201142603,-28.4957756247964,7.06));
#3192=CARTESIAN_POINT('Ctrl Pts',(-42.2521201142603,-28.4957756247964,1.55999999999999));
#3193=CARTESIAN_POINT('Ctrl Pts',(-43.6827981987646,-22.9981752012293,7.06));
#3194=CARTESIAN_POINT('Ctrl Pts',(-43.6827981987646,-22.9981752012293,1.55999999999999));
#3195=CARTESIAN_POINT('Ctrl Pts',(-45.4608205087089,-16.9977063974917,7.06));
#3196=CARTESIAN_POINT('Ctrl Pts',(-45.4608205087089,-16.9977063974917,1.55999999999999));
#3197=CARTESIAN_POINT('Ctrl Pts',(-47.4476803809242,-10.8203095753412,7.06));
#3198=CARTESIAN_POINT('Ctrl Pts',(-47.4476803809242,-10.8203095753412,1.55999999999999));
#3199=CARTESIAN_POINT('Ctrl Pts',(-50.5699999767214,-1.11262589893291,7.06));
#3200=CARTESIAN_POINT('Ctrl Pts',(-50.5699999767214,-1.11262589893291,1.55999999999999));
#3201=CARTESIAN_POINT('Ctrl Pts',(-54.1908996268909,8.99441915565656,7.06));
#3202=CARTESIAN_POINT('Ctrl Pts',(-54.1908996268909,8.99441915565656,1.55999999999999));
#3203=CARTESIAN_POINT('Ctrl Pts',(-56.9616253984129,16.6060035242705,7.06));
#3204=CARTESIAN_POINT('Ctrl Pts',(-56.9616253984129,16.6060035242705,1.55999999999999));
#3205=CARTESIAN_POINT('Ctrl Pts',(-58.5507860891866,20.971657750118,7.06));
#3206=CARTESIAN_POINT('Ctrl Pts',(-58.5507860891866,20.971657750118,1.55999999999999));
#3207=CARTESIAN_POINT('Ctrl Pts',(-59.8472361400853,24.4889651313485,7.06000000000001));
#3208=CARTESIAN_POINT('Ctrl Pts',(-59.8472361400853,24.4889651313485,1.56));
#3209=CARTESIAN_POINT('Ctrl Pts',(-60.7200017575163,26.8850967335816,7.06));
#3210=CARTESIAN_POINT('Ctrl Pts',(-60.7200017575163,26.8850967335816,1.56));
#3211=CARTESIAN_POINT('Ctrl Pts',(-61.3689162337055,28.6666569285404,7.06));
#3212=CARTESIAN_POINT('Ctrl Pts',(-61.3689162337055,28.6666569285404,1.55999999999999));
#3213=CARTESIAN_POINT('Ctrl Pts',(-61.7888984408744,29.8379375927726,7.06000000000001));
#3214=CARTESIAN_POINT('Ctrl Pts',(-61.7888984408744,29.8379375927726,1.56));
#3215=CARTESIAN_POINT('Ctrl Pts',(-61.9909972204878,30.4368588263863,7.06));
#3216=CARTESIAN_POINT('Ctrl Pts',(-61.9909972204878,30.4368588263863,1.55999999999999));
#3217=CARTESIAN_POINT('Ctrl Pts',(-42.044219363193,-29.3005156227483,1.55999999999999));
#3218=CARTESIAN_POINT('Ctrl Pts',(-40.2915855303219,-36.1350364110404,1.55999999999999));
#3219=CARTESIAN_POINT('Ctrl Pts',(-39.0703054153683,-42.2027694285525,1.55999999999998));
#3220=CARTESIAN_POINT('Ctrl Pts',(-38.3715707774556,-47.4678103400459,1.55999999999999));
#3221=CARTESIAN_POINT('Origin',(0.185746500000006,-2.58699249999999,1.56));
#3222=CARTESIAN_POINT('Ctrl Pts',(-38.0212936736576,55.2200924621426,4.56));
#3223=CARTESIAN_POINT('Ctrl Pts',(-38.0212936736576,55.2200924621426,1.56));
#3224=CARTESIAN_POINT('Ctrl Pts',(-37.8886234329641,55.0721537821975,4.56));
#3225=CARTESIAN_POINT('Ctrl Pts',(-37.8886234329641,55.0721537821975,1.56));
#3226=CARTESIAN_POINT('Ctrl Pts',(-37.7559531922706,54.9242151022524,4.56));
#3227=CARTESIAN_POINT('Ctrl Pts',(-37.7559531922706,54.9242151022524,1.56));
#3228=CARTESIAN_POINT('Ctrl Pts',(-37.6232829515771,54.7762764223072,4.56));
#3229=CARTESIAN_POINT('Ctrl Pts',(-37.6232829515771,54.7762764223072,1.56));
#3230=CARTESIAN_POINT('Ctrl Pts',(-29.28783732825,45.4815407240554,4.56));
#3231=CARTESIAN_POINT('Ctrl Pts',(-29.28783732825,45.4815407240554,1.56));
#3232=CARTESIAN_POINT('Ctrl Pts',(-21.3373802089167,35.5266567604814,4.56));
#3233=CARTESIAN_POINT('Ctrl Pts',(-21.3373802089167,35.5266567604814,1.56));
#3234=CARTESIAN_POINT('Ctrl Pts',(-13.9056280154543,24.6856038249828,4.56));
#3235=CARTESIAN_POINT('Ctrl Pts',(-13.9056280154543,24.6856038249828,1.56));
#3236=CARTESIAN_POINT('Ctrl Pts',(-9.50500565858496,18.2662051854631,4.56));
#3237=CARTESIAN_POINT('Ctrl Pts',(-9.50500565858496,18.2662051854631,1.56));
#3238=CARTESIAN_POINT('Ctrl Pts',(-5.26714810180504,11.5693880005332,4.56));
#3239=CARTESIAN_POINT('Ctrl Pts',(-5.26714810180504,11.5693880005332,1.56));
#3240=CARTESIAN_POINT('Ctrl Pts',(-1.15560950082414,4.6567104608678,4.56));
#3241=CARTESIAN_POINT('Ctrl Pts',(-1.15560950082414,4.6567104608678,1.56));
#3242=CARTESIAN_POINT('',(-1.16428019916833,4.67128773411219,1.56));
#3243=CARTESIAN_POINT('Ctrl Pts',(-1.16428018743213,4.67128774109329,1.56));
#3244=CARTESIAN_POINT('Ctrl Pts',(-5.27310610451266,11.5788027896957,1.56));
#3245=CARTESIAN_POINT('Ctrl Pts',(-9.50809903367377,18.2707176398903,1.56));
#3246=CARTESIAN_POINT('Ctrl Pts',(-13.9056280154543,24.6856038249828,1.56));
#3247=CARTESIAN_POINT('Ctrl Pts',(-16.4547034601399,28.4040622871373,1.56));
#3248=CARTESIAN_POINT('Ctrl Pts',(-19.0648032757516,32.0182651285163,1.56));
#3249=CARTESIAN_POINT('Ctrl Pts',(-21.730531621149,35.5373329328908,1.56));
#3250=CARTESIAN_POINT('Ctrl Pts',(-1.16428019916834,4.6712877341122,1.56));
#3251=CARTESIAN_POINT('Ctrl Pts',(-1.16428019916834,4.6712877341122,2.06));
#3252=CARTESIAN_POINT('Ctrl Pts',(-1.16428019916834,4.6712877341122,2.56));
#3253=CARTESIAN_POINT('Ctrl Pts',(-1.16428019916834,4.6712877341122,3.56));
#3254=CARTESIAN_POINT('Ctrl Pts',(-1.16428019916834,4.6712877341122,4.06));
#3255=CARTESIAN_POINT('Ctrl Pts',(-1.16428019916834,4.6712877341122,4.56));
#3256=CARTESIAN_POINT('Ctrl Pts',(-37.2812470291405,55.8926807961977,7.06));
#3257=CARTESIAN_POINT('Ctrl Pts',(-37.2812470291405,55.8926807961977,1.56));
#3258=CARTESIAN_POINT('Ctrl Pts',(-37.1485964963031,55.7447640921999,7.06));
#3259=CARTESIAN_POINT('Ctrl Pts',(-37.1485964963031,55.7447640921999,1.56));
#3260=CARTESIAN_POINT('Ctrl Pts',(-37.0159459634658,55.5968473882022,7.06));
#3261=CARTESIAN_POINT('Ctrl Pts',(-37.0159459634658,55.5968473882022,1.56));
#3262=CARTESIAN_POINT('Ctrl Pts',(-36.8832954306286,55.4489306842045,7.06));
#3263=CARTESIAN_POINT('Ctrl Pts',(-36.8832954306286,55.4489306842045,1.56));
#3264=CARTESIAN_POINT('Ctrl Pts',(-33.9540312938791,52.182550316338,7.06));
#3265=CARTESIAN_POINT('Ctrl Pts',(-33.9540312938791,52.182550316338,1.55999999999999));
#3266=CARTESIAN_POINT('Ctrl Pts',(-31.0518980597685,48.8131552933253,7.06));
#3267=CARTESIAN_POINT('Ctrl Pts',(-31.0518980597685,48.8131552933253,1.56));
#3268=CARTESIAN_POINT('Ctrl Pts',(-28.2116670649569,45.3642621587961,7.06));
#3269=CARTESIAN_POINT('Ctrl Pts',(-28.2116670649569,45.3642621587961,1.56));
#3270=CARTESIAN_POINT('Ctrl Pts',(-22.3252958894922,38.2164403191514,7.06));
#3271=CARTESIAN_POINT('Ctrl Pts',(-22.3252958894922,38.2164403191514,1.56));
#3272=CARTESIAN_POINT('Ctrl Pts',(-16.6796502189197,30.6438007466377,7.06000000000001));
#3273=CARTESIAN_POINT('Ctrl Pts',(-16.6796502189197,30.6438007466377,1.56));
#3274=CARTESIAN_POINT('Ctrl Pts',(-11.3026618473475,22.6287500950753,7.06));
#3275=CARTESIAN_POINT('Ctrl Pts',(-11.3026618473475,22.6287500950753,1.56));
#3276=CARTESIAN_POINT('Ctrl Pts',(-7.52524310558842,16.9980511879644,7.06));
#3277=CARTESIAN_POINT('Ctrl Pts',(-7.52524310558842,16.9980511879644,1.55999999999999));
#3278=CARTESIAN_POINT('Ctrl Pts',(-3.86718652874212,11.1713083247789,7.06));
#3279=CARTESIAN_POINT('Ctrl Pts',(-3.86718652874212,11.1713083247789,1.56));
#3280=CARTESIAN_POINT('Ctrl Pts',(-0.304835589971579,5.18251661017715,7.06));
#3281=CARTESIAN_POINT('Ctrl Pts',(-0.304835589971579,5.18251661017715,1.56));
#3282=CARTESIAN_POINT('',(-9.4287919228156,19.8043557454782,1.56));
#3283=CARTESIAN_POINT('Ctrl Pts',(-9.42865479508819,19.8046324051172,1.55999999999999));
#3284=CARTESIAN_POINT('Ctrl Pts',(-9.42865479508819,19.8046324051172,3.09333333333333));
#3285=CARTESIAN_POINT('Ctrl Pts',(-9.42865479508819,19.8046324051172,4.62666666666666));
#3286=CARTESIAN_POINT('Ctrl Pts',(-9.42865479508819,19.8046324051172,6.16));
#3287=CARTESIAN_POINT('Ctrl Pts',(-9.42865479508153,19.804632405107,1.55999999999999));
#3288=CARTESIAN_POINT('Ctrl Pts',(-10.0500978791726,20.75131821726,1.55999999999999));
#3289=CARTESIAN_POINT('Ctrl Pts',(-10.6747306739238,21.6927428335951,1.55999999999999));
#3290=CARTESIAN_POINT('Ctrl Pts',(-11.3026618473475,22.6287500950753,1.56));
#3291=CARTESIAN_POINT('Ctrl Pts',(-14.4267223601136,27.2855396430588,1.56));
#3292=CARTESIAN_POINT('Ctrl Pts',(-17.6414728567614,31.7929855708342,1.56));
#3293=CARTESIAN_POINT('Ctrl Pts',(-20.9414351124497,36.1545384374923,1.56));
#3294=CARTESIAN_POINT('Ctrl Pts',(-37.2812470291405,55.8926807961977,7.06));
#3295=CARTESIAN_POINT('Ctrl Pts',(-37.2812470291405,55.8926807961977,1.56));
#3296=CARTESIAN_POINT('Ctrl Pts',(-37.1485964963031,55.7447640921999,7.06));
#3297=CARTESIAN_POINT('Ctrl Pts',(-37.1485964963031,55.7447640921999,1.56));
#3298=CARTESIAN_POINT('Ctrl Pts',(-37.0159459634658,55.5968473882022,7.06));
#3299=CARTESIAN_POINT('Ctrl Pts',(-37.0159459634658,55.5968473882022,1.56));
#3300=CARTESIAN_POINT('Ctrl Pts',(-36.8832954306286,55.4489306842045,7.06));
#3301=CARTESIAN_POINT('Ctrl Pts',(-36.8832954306286,55.4489306842045,1.56));
#3302=CARTESIAN_POINT('Ctrl Pts',(-33.9540312938791,52.182550316338,7.06));
#3303=CARTESIAN_POINT('Ctrl Pts',(-33.9540312938791,52.182550316338,1.55999999999999));
#3304=CARTESIAN_POINT('Ctrl Pts',(-31.0518980597685,48.8131552933253,7.06));
#3305=CARTESIAN_POINT('Ctrl Pts',(-31.0518980597685,48.8131552933253,1.56));
#3306=CARTESIAN_POINT('Ctrl Pts',(-28.2116670649569,45.3642621587961,7.06));
#3307=CARTESIAN_POINT('Ctrl Pts',(-28.2116670649569,45.3642621587961,1.56));
#3308=CARTESIAN_POINT('Ctrl Pts',(-22.3252958894922,38.2164403191514,7.06));
#3309=CARTESIAN_POINT('Ctrl Pts',(-22.3252958894922,38.2164403191514,1.56));
#3310=CARTESIAN_POINT('Ctrl Pts',(-16.6796502189197,30.6438007466377,7.06000000000001));
#3311=CARTESIAN_POINT('Ctrl Pts',(-16.6796502189197,30.6438007466377,1.56));
#3312=CARTESIAN_POINT('Ctrl Pts',(-11.3026618473475,22.6287500950753,7.06));
#3313=CARTESIAN_POINT('Ctrl Pts',(-11.3026618473475,22.6287500950753,1.56));
#3314=CARTESIAN_POINT('Ctrl Pts',(-7.52524310558842,16.9980511879644,7.06));
#3315=CARTESIAN_POINT('Ctrl Pts',(-7.52524310558842,16.9980511879644,1.55999999999999));
#3316=CARTESIAN_POINT('Ctrl Pts',(-3.86718652874212,11.1713083247789,7.06));
#3317=CARTESIAN_POINT('Ctrl Pts',(-3.86718652874212,11.1713083247789,1.56));
#3318=CARTESIAN_POINT('Ctrl Pts',(-0.304835589971579,5.18251661017715,7.06));
#3319=CARTESIAN_POINT('Ctrl Pts',(-0.304835589971579,5.18251661017715,1.56));
#3320=CARTESIAN_POINT('',(-36.9282250634365,55.499031072455,1.56));
#3321=CARTESIAN_POINT('Ctrl Pts',(-27.0294197538096,43.9189473980163,1.56));
#3322=CARTESIAN_POINT('Ctrl Pts',(-27.4224116433366,44.4026371230279,1.56));
#3323=CARTESIAN_POINT('Ctrl Pts',(-27.8164968973873,44.884406935615,1.56));
#3324=CARTESIAN_POINT('Ctrl Pts',(-28.2116670649569,45.3642621587961,1.56));
#3325=CARTESIAN_POINT('Ctrl Pts',(-31.0518980597685,48.8131552933253,1.56));
#3326=CARTESIAN_POINT('Ctrl Pts',(-33.9540312938791,52.182550316338,1.55999999999999));
#3327=CARTESIAN_POINT('Ctrl Pts',(-36.8832954306286,55.4489306842045,1.56));
#3328=CARTESIAN_POINT('Ctrl Pts',(-36.898271974898,55.4656308136214,1.56));
#3329=CARTESIAN_POINT('Ctrl Pts',(-36.9132485191673,55.4823309430383,1.56));
#3330=CARTESIAN_POINT('Ctrl Pts',(-36.9282250634367,55.4990310724552,1.56));
#3331=CARTESIAN_POINT('Ctrl Pts',(-36.9282250634365,55.499031072455,6.16));
#3332=CARTESIAN_POINT('Ctrl Pts',(-36.9282250634365,55.499031072455,5.54333333333333));
#3333=CARTESIAN_POINT('Ctrl Pts',(-36.9282250634365,55.499031072455,4.92666666666667));
#3334=CARTESIAN_POINT('Ctrl Pts',(-36.9282250634365,55.499031072455,3.39333333333333));
#3335=CARTESIAN_POINT('Ctrl Pts',(-36.9282250634365,55.499031072455,2.47666666666666));
#3336=CARTESIAN_POINT('Ctrl Pts',(-36.9282250634365,55.499031072455,1.56));
#3337=CARTESIAN_POINT('Origin',(0.185746500000006,-2.58699249999999,1.56));
#3338=CARTESIAN_POINT('',(1.53577420244446,4.67128773686167,1.56));
#3339=CARTESIAN_POINT('Ctrl Pts',(22.0978585561962,35.5447950490278,1.56));
#3340=CARTESIAN_POINT('Ctrl Pts',(14.8382810484542,25.9462814109178,1.56));
#3341=CARTESIAN_POINT('Ctrl Pts',(8.0263325484518,15.5828095948645,1.56));
#3342=CARTESIAN_POINT('Ctrl Pts',(1.53577419622496,4.67128774056124,1.56));
#3343=CARTESIAN_POINT('',(0.185747,3.53828312279884,1.56));
#3344=CARTESIAN_POINT('',(-1.35449612333364,2.24564060244388,1.56));
#3345=CARTESIAN_POINT('',(1.01233832996382,2.84456984865326,1.56));
#3346=CARTESIAN_POINT('Ctrl Pts',(9.80028688533893,19.8043555128215,1.56));
#3347=CARTESIAN_POINT('Ctrl Pts',(8.61043701874078,17.9912582504676,1.56));
#3348=CARTESIAN_POINT('Ctrl Pts',(6.89540945041432,16.5254339310276,1.56));
#3349=CARTESIAN_POINT('Ctrl Pts',(4.92018180667051,15.6330439911704,1.56));
#3350=CARTESIAN_POINT('Ctrl Pts',(2.94495416292671,14.7406540513131,1.56));
#3351=CARTESIAN_POINT('Ctrl Pts',(0.709526443765579,14.4216984910386,1.56));
#3352=CARTESIAN_POINT('Ctrl Pts',(-1.43620316092608,14.7270687218119,1.56));
#3353=CARTESIAN_POINT('Ctrl Pts',(-3.58193276561775,15.0324389525852,1.56));
#3354=CARTESIAN_POINT('Ctrl Pts',(-5.63796425583994,15.9621349744063,1.56));
#3355=CARTESIAN_POINT('Ctrl Pts',(-7.28681342391513,17.3701776992748,1.56));
#3356=CARTESIAN_POINT('Ctrl Pts',(-8.11123800795273,18.074199061709,1.56));
#3357=CARTESIAN_POINT('Ctrl Pts',(-8.83386701145358,18.8978070999051,1.56));
#3358=CARTESIAN_POINT('Ctrl Pts',(-9.42879192281561,19.8043557454782,1.56));
#3359=CARTESIAN_POINT('Ctrl Pts',(9.80028688533893,19.8043555128215,1.56));
#3360=CARTESIAN_POINT('Ctrl Pts',(9.80028688533893,19.8043555128215,3.09333333333333));
#3361=CARTESIAN_POINT('Ctrl Pts',(9.80028688533894,19.8043555128215,4.62666666666667));
#3362=CARTESIAN_POINT('Ctrl Pts',(9.80028688533894,19.8043555128215,6.16));
#3363=CARTESIAN_POINT('Ctrl Pts',(8.61043701874078,17.9912582504676,1.56));
#3364=CARTESIAN_POINT('Ctrl Pts',(8.61043701874078,17.9912582504676,3.09333333333332));
#3365=CARTESIAN_POINT('Ctrl Pts',(8.61043701874079,17.9912582504676,4.62666666666667));
#3366=CARTESIAN_POINT('Ctrl Pts',(8.61043701874079,17.9912582504676,6.16));
#3367=CARTESIAN_POINT('Ctrl Pts',(5.18038188208785,15.0596096115877,1.56));
#3368=CARTESIAN_POINT('Ctrl Pts',(5.18038188208785,15.0596096115877,3.09333333333333));
#3369=CARTESIAN_POINT('Ctrl Pts',(5.18038188208786,15.0596096115877,4.62666666666667));
#3370=CARTESIAN_POINT('Ctrl Pts',(5.18038188208786,15.0596096115877,6.16));
#3371=CARTESIAN_POINT('Ctrl Pts',(-1.52590127539556,14.1027429307641,1.56));
#3372=CARTESIAN_POINT('Ctrl Pts',(-1.52590127539556,14.1027429307641,3.09333333333332));
#3373=CARTESIAN_POINT('Ctrl Pts',(-1.52590127539555,14.1027429307641,4.62666666666666));
#3374=CARTESIAN_POINT('Ctrl Pts',(-1.52590127539555,14.1027429307641,6.16));
#3375=CARTESIAN_POINT('Ctrl Pts',(-6.66598000095103,16.4269829853169,1.56));
#3376=CARTESIAN_POINT('Ctrl Pts',(-6.66598000095103,16.4269829853169,3.09333333333333));
#3377=CARTESIAN_POINT('Ctrl Pts',(-6.66598000095103,16.4269829853169,4.62666666666667));
#3378=CARTESIAN_POINT('Ctrl Pts',(-6.66598000095103,16.4269829853169,6.16));
#3379=CARTESIAN_POINT('Ctrl Pts',(-8.83386701145358,18.8978070999051,1.56));
#3380=CARTESIAN_POINT('Ctrl Pts',(-8.83386701145358,18.8978070999051,3.09333333333332));
#3381=CARTESIAN_POINT('Ctrl Pts',(-8.83386701145358,18.8978070999051,4.62666666666666));
#3382=CARTESIAN_POINT('Ctrl Pts',(-8.83386701145358,18.8978070999051,6.16));
#3383=CARTESIAN_POINT('Ctrl Pts',(-9.42879192281561,19.8043557454782,1.56));
#3384=CARTESIAN_POINT('Ctrl Pts',(-9.42879192281561,19.8043557454782,3.09333333333333));
#3385=CARTESIAN_POINT('Ctrl Pts',(-9.42879192281561,19.8043557454782,4.62666666666667));
#3386=CARTESIAN_POINT('Ctrl Pts',(-9.42879192281561,19.8043557454782,6.16));
#3387=CARTESIAN_POINT('Ctrl Pts',(-25.6369597660972,-39.9999999999919,4.56));
#3388=CARTESIAN_POINT('Ctrl Pts',(-25.7127897300088,-40.0125928630517,3.93395644780171));
#3389=CARTESIAN_POINT('Ctrl Pts',(-25.7886196939204,-40.0251857261115,3.30791289560342));
#3390=CARTESIAN_POINT('Ctrl Pts',(-25.8644496578319,-40.0377785891713,2.68186934340514));
#3391=CARTESIAN_POINT('Ctrl Pts',(-24.5862314029083,-46.3271309695819,4.56));
#3392=CARTESIAN_POINT('Ctrl Pts',(-24.66193587006,-46.3404778234915,3.93395644780172));
#3393=CARTESIAN_POINT('Ctrl Pts',(-24.7376406806288,-46.3538277340894,3.30791289560343));
#3394=CARTESIAN_POINT('Ctrl Pts',(-24.8133451477805,-46.3671745879991,2.68186934340514));
#3395=CARTESIAN_POINT('Ctrl Pts',(-23.3881258638158,-52.9683409727848,4.56));
#3396=CARTESIAN_POINT('Ctrl Pts',(-23.4637224122269,-52.9822764190892,3.93395644780171));
#3397=CARTESIAN_POINT('Ctrl Pts',(-23.5393190973849,-52.9962152404794,3.30791289560342));
#3398=CARTESIAN_POINT('Ctrl Pts',(-23.614915645796,-53.0101506867838,2.68186934340514));
#3399=CARTESIAN_POINT('Ctrl Pts',(-22.061475,-59.883497,4.56));
#3400=CARTESIAN_POINT('Ctrl Pts',(-22.1369667899124,-59.8979798616888,3.93395644780171));
#3401=CARTESIAN_POINT('Ctrl Pts',(-22.2124585798248,-59.9124627233775,3.30791289560342));
#3402=CARTESIAN_POINT('Ctrl Pts',(-22.2879503697372,-59.9269455850663,2.68186934340514));
#3403=CARTESIAN_POINT('',(-25.6369597660972,-39.9999999999919,4.56));
#3404=CARTESIAN_POINT('Ctrl Pts',(1.5271035050763,4.6567104680169,4.56));
#3405=CARTESIAN_POINT('Ctrl Pts',(1.5271035050763,4.6567104680169,1.56));
#3406=CARTESIAN_POINT('Ctrl Pts',(8.47065489580391,16.3308128698309,4.56));
#3407=CARTESIAN_POINT('Ctrl Pts',(8.47065489580391,16.3308128698309,1.56));
#3408=CARTESIAN_POINT('Ctrl Pts',(15.7819913456608,27.3777512202432,4.56));
#3409=CARTESIAN_POINT('Ctrl Pts',(15.7819913456608,27.3777512202432,1.56));
#3410=CARTESIAN_POINT('Ctrl Pts',(23.6156914312271,37.5319230614056,4.56));
#3411=CARTESIAN_POINT('Ctrl Pts',(23.6156914312271,37.5319230614056,1.56));
#3412=CARTESIAN_POINT('Ctrl Pts',(28.2543195280014,43.544589654128,4.56));
#3413=CARTESIAN_POINT('Ctrl Pts',(28.2543195280014,43.544589654128,1.56));
#3414=CARTESIAN_POINT('Ctrl Pts',(33.0590436907497,49.2725127003981,4.56));
#3415=CARTESIAN_POINT('Ctrl Pts',(33.0590436907497,49.2725127003981,1.56));
#3416=CARTESIAN_POINT('Ctrl Pts',(37.9947739407445,54.776276410228,4.56));
#3417=CARTESIAN_POINT('Ctrl Pts',(37.9947739407445,54.776276410228,1.56));
#3418=CARTESIAN_POINT('Ctrl Pts',(38.1274441450085,54.9242150978426,4.56));
#3419=CARTESIAN_POINT('Ctrl Pts',(38.1274441450085,54.9242150978426,1.56));
#3420=CARTESIAN_POINT('Ctrl Pts',(38.2601143492725,55.0721537854572,4.56));
#3421=CARTESIAN_POINT('Ctrl Pts',(38.2601143492725,55.0721537854572,1.56));
#3422=CARTESIAN_POINT('Ctrl Pts',(38.3927845535366,55.2200924730719,4.56));
#3423=CARTESIAN_POINT('Ctrl Pts',(38.3927845535366,55.2200924730719,1.56));
#3424=CARTESIAN_POINT('Ctrl Pts',(1.53577420244446,4.67128773686167,1.56));
#3425=CARTESIAN_POINT('Ctrl Pts',(1.53577420244446,4.67128773686167,2.06));
#3426=CARTESIAN_POINT('Ctrl Pts',(1.53577420244446,4.67128773686167,2.56));
#3427=CARTESIAN_POINT('Ctrl Pts',(1.53577420244446,4.67128773686167,3.56));
#3428=CARTESIAN_POINT('Ctrl Pts',(1.53577420244446,4.67128773686167,4.06));
#3429=CARTESIAN_POINT('Ctrl Pts',(1.53577420244446,4.67128773686167,4.56));
#3430=CARTESIAN_POINT('Origin',(0.12146167047878,3.48433193216193,4.56));
#3431=CARTESIAN_POINT('',(0.185747,3.53828312279884,4.56));
#3432=CARTESIAN_POINT('Origin',(-1.17727067047877,4.68218993216193,4.56));
#3433=CARTESIAN_POINT('Ctrl Pts',(-49.0828579374196,-2.68956524094199,4.56000000000007));
#3434=CARTESIAN_POINT('Ctrl Pts',(-49.0100551153455,-2.66489719025039,3.93395644780176));
#3435=CARTESIAN_POINT('Ctrl Pts',(-48.9372522932714,-2.64022913955879,3.30791289560345));
#3436=CARTESIAN_POINT('Ctrl Pts',(-48.8644494711973,-2.61556108886719,2.68186934340514));
#3437=CARTESIAN_POINT('Ctrl Pts',(-51.5476060275467,4.5846462039089,4.56000000000007));
#3438=CARTESIAN_POINT('Ctrl Pts',(-51.4751096031199,4.6102147753849,3.93395644780176));
#3439=CARTESIAN_POINT('Ctrl Pts',(-51.4026093655023,4.63578334491811,3.30791289560346));
#3440=CARTESIAN_POINT('Ctrl Pts',(-51.3301129410755,4.66135191639411,2.68186934340515));
#3441=CARTESIAN_POINT('Ctrl Pts',(-54.9422623184993,14.0105367289613,4.56000000000006));
#3442=CARTESIAN_POINT('Ctrl Pts',(-54.8700093495396,14.0367699121755,3.93395644780175));
#3443=CARTESIAN_POINT('Ctrl Pts',(-54.7977534083848,14.0629939308607,3.30791289560345));
#3444=CARTESIAN_POINT('Ctrl Pts',(-54.7255004394252,14.0892271140749,2.68186934340514));
#3445=CARTESIAN_POINT('Ctrl Pts',(-58.093079774184,22.6163436967908,4.56000000000007));
#3446=CARTESIAN_POINT('Ctrl Pts',(-58.0209195603806,22.6428345128151,3.93395644780176));
#3447=CARTESIAN_POINT('Ctrl Pts',(-57.9489326644801,22.669878227798,3.30791289560345));
#3448=CARTESIAN_POINT('Ctrl Pts',(-57.8767724506767,22.6963690438223,2.68186934340515));
#3449=CARTESIAN_POINT('Ctrl Pts',(-60.0644576477705,27.9936427948419,4.56000000000007));
#3450=CARTESIAN_POINT('Ctrl Pts',(-59.9922458068469,28.0199864151863,3.93395644780176));
#3451=CARTESIAN_POINT('Ctrl Pts',(-59.9200196043004,28.0462920570748,3.30791289560345));
#3452=CARTESIAN_POINT('Ctrl Pts',(-59.8478077633768,28.0726356774193,2.68186934340514));
#3453=CARTESIAN_POINT('Ctrl Pts',(-60.8483582899057,30.1736020261701,4.56000000000007));
#3454=CARTESIAN_POINT('Ctrl Pts',(-60.7760376086802,30.1996660345638,3.93395644780176));
#3455=CARTESIAN_POINT('Ctrl Pts',(-60.704460841288,30.2280887077186,3.30791289560345));
#3456=CARTESIAN_POINT('Ctrl Pts',(-60.6321401600624,30.2541527161123,2.68186934340514));
#3457=CARTESIAN_POINT('Ctrl Pts',(-61.0598699347399,30.8053183212503,4.56000000000007));
#3458=CARTESIAN_POINT('Ctrl Pts',(-60.9869786775346,30.8297238175555,3.93395644780176));
#3459=CARTESIAN_POINT('Ctrl Pts',(-60.9140874203293,30.8541293138607,3.30791289560345));
#3460=CARTESIAN_POINT('Ctrl Pts',(-60.8411961631239,30.878534810166,2.68186934340514));
#3461=CARTESIAN_POINT('Ctrl Pts',(-61.0669808929102,30.8265564339477,4.56000000000007));
#3462=CARTESIAN_POINT('Ctrl Pts',(-60.9940896357048,30.8509619302529,3.93395644780176));
#3463=CARTESIAN_POINT('Ctrl Pts',(-60.9211983784996,30.8753674265582,3.30791289560345));
#3464=CARTESIAN_POINT('Ctrl Pts',(-60.8483071212942,30.8997729228634,2.68186934340514));
#3465=CARTESIAN_POINT('Ctrl Pts',(-61.0740918510805,30.8477945466452,4.56000000000007));
#3466=CARTESIAN_POINT('Ctrl Pts',(-61.0012005938752,30.8722000429504,3.93395644780176));
#3467=CARTESIAN_POINT('Ctrl Pts',(-60.9283093366698,30.8966055392556,3.30791289560345));
#3468=CARTESIAN_POINT('Ctrl Pts',(-60.8554180794645,30.9210110355608,2.68186934340514));
#3469=CARTESIAN_POINT('Ctrl Pts',(-61.0812028092508,30.8690326593426,4.56000000000007));
#3470=CARTESIAN_POINT('Ctrl Pts',(-61.0083115520455,30.8934381556478,3.93395644780176));
#3471=CARTESIAN_POINT('Ctrl Pts',(-60.9354202948401,30.917843651953,3.30791289560345));
#3472=CARTESIAN_POINT('Ctrl Pts',(-60.8625290376348,30.9422491482583,2.68186934340514));
#3473=CARTESIAN_POINT('Ctrl Pts',(-60.8625290376348,30.9422491482583,2.68186934340515));
#3474=CARTESIAN_POINT('Ctrl Pts',(-60.8868760000382,30.9172689755781,2.93449360682002));
#3475=CARTESIAN_POINT('Ctrl Pts',(-60.9112229624415,30.8922888028979,3.18711787023489));
#3476=CARTESIAN_POINT('Ctrl Pts',(-60.968148026393,30.8338832447924,3.7777727581987));
#3477=CARTESIAN_POINT('Ctrl Pts',(-60.9774606940867,30.8243283753493,3.87440106761821));
#3478=CARTESIAN_POINT('Ctrl Pts',(-61.0079340065663,30.7930625198694,4.19072330918647));
#3479=CARTESIAN_POINT('Ctrl Pts',(-61.0257314864094,30.7748021672066,4.37554480381776));
#3480=CARTESIAN_POINT('Ctrl Pts',(-61.0434871420285,30.7565847265228,4.56000000000007));
#3481=CARTESIAN_POINT('Ctrl Pts',(41.829004457307,-27.5823642929021,4.56000000000001));
#3482=CARTESIAN_POINT('Ctrl Pts',(41.7546682687873,-27.562796597503,3.93395644780172));
#3483=CARTESIAN_POINT('Ctrl Pts',(41.6803320802676,-27.5432289021038,3.30791289560343));
#3484=CARTESIAN_POINT('Ctrl Pts',(41.6059958917479,-27.5236612067046,2.68186934340514));
#3485=CARTESIAN_POINT('Ctrl Pts',(39.7393069664771,-35.5209663335908,4.56000000000001));
#3486=CARTESIAN_POINT('Ctrl Pts',(39.6643251467921,-35.5038970725614,3.93395644780172));
#3487=CARTESIAN_POINT('Ctrl Pts',(39.5893286078287,-35.4867465371139,3.30791289560344));
#3488=CARTESIAN_POINT('Ctrl Pts',(39.5143467881436,-35.4696772760845,2.68186934340515));
#3489=CARTESIAN_POINT('Ctrl Pts',(38.3366462867171,-42.4812370620976,4.56000000000001));
#3490=CARTESIAN_POINT('Ctrl Pts',(38.2609173491454,-42.4673204306683,3.93395644780172));
#3491=CARTESIAN_POINT('Ctrl Pts',(38.1851643497486,-42.4532806346333,3.30791289560343));
#3492=CARTESIAN_POINT('Ctrl Pts',(38.1094354121769,-42.439364003204,2.68186934340514));
#3493=CARTESIAN_POINT('Ctrl Pts',(37.6145185123208,-48.4146254319363,4.56000000000001));
#3494=CARTESIAN_POINT('Ctrl Pts',(37.5382130818227,-48.4053386185229,3.93395644780172));
#3495=CARTESIAN_POINT('Ctrl Pts',(37.4619076513247,-48.3960518051095,3.30791289560343));
#3496=CARTESIAN_POINT('Ctrl Pts',(37.3856022208266,-48.3867649916961,2.68186934340514));
#3497=CARTESIAN_POINT('Ctrl Pts',(37.6094006140153,-48.4566768241703,4.56000000000001));
#3498=CARTESIAN_POINT('Ctrl Pts',(37.5330951835172,-48.4473900107569,3.93395644780172));
#3499=CARTESIAN_POINT('Ctrl Pts',(37.4567897530191,-48.4381031973435,3.30791289560343));
#3500=CARTESIAN_POINT('Ctrl Pts',(37.380484322521,-48.4288163839301,2.68186934340514));
#3501=CARTESIAN_POINT('Ctrl Pts',(37.6042827157097,-48.4987282164042,4.56000000000001));
#3502=CARTESIAN_POINT('Ctrl Pts',(37.5279772852116,-48.4894414029908,3.93395644780172));
#3503=CARTESIAN_POINT('Ctrl Pts',(37.4516718547136,-48.4801545895774,3.30791289560343));
#3504=CARTESIAN_POINT('Ctrl Pts',(37.3753664242155,-48.470867776164,2.68186934340514));
#3505=CARTESIAN_POINT('Ctrl Pts',(37.5991648174042,-48.5407796086381,4.56000000000001));
#3506=CARTESIAN_POINT('Ctrl Pts',(37.5228593869061,-48.5314927952247,3.93395644780172));
#3507=CARTESIAN_POINT('Ctrl Pts',(37.446553956408,-48.5222059818113,3.30791289560343));
#3508=CARTESIAN_POINT('Ctrl Pts',(37.3702485259099,-48.5129191683979,2.68186934340514));
#3509=CARTESIAN_POINT('Ctrl Pts',(-30.262524,8.426032,7.06));
#3510=CARTESIAN_POINT('Ctrl Pts',(-30.262524,8.426032,1.25999999999999));
#3511=CARTESIAN_POINT('Ctrl Pts',(-30.2809146867796,7.44858329715651,7.06));
#3512=CARTESIAN_POINT('Ctrl Pts',(-30.2809146867796,7.44858329715651,1.25999999999999));
#3513=CARTESIAN_POINT('Ctrl Pts',(-30.3006535340592,5.4573661550526,7.06));
#3514=CARTESIAN_POINT('Ctrl Pts',(-30.3006535340592,5.4573661550526,1.25999999999999));
#3515=CARTESIAN_POINT('Ctrl Pts',(-30.2791325284462,2.36157761465003,7.06));
#3516=CARTESIAN_POINT('Ctrl Pts',(-30.2791325284462,2.36157761465003,1.25999999999999));
#3517=CARTESIAN_POINT('Ctrl Pts',(-30.1465115810971,-1.98762021208237,7.06));
#3518=CARTESIAN_POINT('Ctrl Pts',(-30.1465115810971,-1.98762021208237,1.25999999999999));
#3519=CARTESIAN_POINT('Ctrl Pts',(-29.7969500018767,-7.81578695785656,7.06));
#3520=CARTESIAN_POINT('Ctrl Pts',(-29.7969500018767,-7.81578695785656,1.25999999999999));
#3521=CARTESIAN_POINT('Ctrl Pts',(-29.2512044136691,-14.0620461495065,7.06));
#3522=CARTESIAN_POINT('Ctrl Pts',(-29.2512044136691,-14.0620461495065,1.25999999999999));
#3523=CARTESIAN_POINT('Ctrl Pts',(-28.5003329106067,-20.7454540970605,7.06));
#3524=CARTESIAN_POINT('Ctrl Pts',(-28.5003329106067,-20.7454540970605,1.25999999999999));
#3525=CARTESIAN_POINT('Ctrl Pts',(-27.550444972435,-27.8529907417478,7.06));
#3526=CARTESIAN_POINT('Ctrl Pts',(-27.550444972435,-27.8529907417478,1.25999999999999));
#3527=CARTESIAN_POINT('Ctrl Pts',(-26.4182119778543,-35.3491273086697,7.06));
#3528=CARTESIAN_POINT('Ctrl Pts',(-26.4182119778543,-35.3491273086697,1.25999999999999));
#3529=CARTESIAN_POINT('Ctrl Pts',(-25.1219593732566,-43.1948099996064,7.06));
#3530=CARTESIAN_POINT('Ctrl Pts',(-25.1219593732566,-43.1948099996064,1.25999999999999));
#3531=CARTESIAN_POINT('Ctrl Pts',(-23.966430448153,-49.7239515463474,7.06));
#3532=CARTESIAN_POINT('Ctrl Pts',(-23.966430448153,-49.7239515463474,1.25999999999999));
#3533=CARTESIAN_POINT('Ctrl Pts',(-23.0377002317311,-54.7531153901508,7.06));
#3534=CARTESIAN_POINT('Ctrl Pts',(-23.0377002317311,-54.7531153901508,1.25999999999999));
#3535=CARTESIAN_POINT('Ctrl Pts',(-22.3914069572104,-58.1637295580128,7.06));
#3536=CARTESIAN_POINT('Ctrl Pts',(-22.3914069572104,-58.1637295580128,1.25999999999999));
#3537=CARTESIAN_POINT('Ctrl Pts',(-22.061475,-59.883497,7.06));
#3538=CARTESIAN_POINT('Ctrl Pts',(-22.061475,-59.883497,1.25999999999999));
#3539=CARTESIAN_POINT('',(-30.262524,8.426032,4.56));
#3540=CARTESIAN_POINT('Ctrl Pts',(-25.6369597660959,-40.,6.16));
#3541=CARTESIAN_POINT('Ctrl Pts',(-25.6369597660959,-40.,5.62666666666667));
#3542=CARTESIAN_POINT('Ctrl Pts',(-25.6369597660959,-40.,5.09333333333333));
#3543=CARTESIAN_POINT('Ctrl Pts',(-25.6369597660959,-40.,4.56));
#3544=CARTESIAN_POINT('Origin',(-0.556842999999989,-10.068965,4.56));
#3545=CARTESIAN_POINT('',(-0.556842999999989,-10.068965,4.56));
#3546=CARTESIAN_POINT('Origin',(0.928336999999996,-10.068965,4.56));
#3547=CARTESIAN_POINT('',(0.928336999999996,-10.068965,4.56));
#3548=CARTESIAN_POINT('Origin',(30.634018,8.426032,4.56));
#3549=CARTESIAN_POINT('',(30.634018,8.426032,4.56));
#3550=CARTESIAN_POINT('Ctrl Pts',(22.432451,-59.883497,7.06));
#3551=CARTESIAN_POINT('Ctrl Pts',(22.432451,-59.883497,1.25999999999999));
#3552=CARTESIAN_POINT('Ctrl Pts',(22.7624093392522,-58.1637306631404,7.06));
#3553=CARTESIAN_POINT('Ctrl Pts',(22.7624093392522,-58.1637306631404,1.25999999999999));
#3554=CARTESIAN_POINT('Ctrl Pts',(23.4087540699917,-54.753118609485,7.06));
#3555=CARTESIAN_POINT('Ctrl Pts',(23.4087540699917,-54.753118609485,1.25999999999999));
#3556=CARTESIAN_POINT('Ctrl Pts',(24.3375575473562,-49.7239576488759,7.06));
#3557=CARTESIAN_POINT('Ctrl Pts',(24.3375575473562,-49.7239576488759,1.25999999999999));
#3558=CARTESIAN_POINT('Ctrl Pts',(25.4931761760644,-43.1948193604235,7.06));
#3559=CARTESIAN_POINT('Ctrl Pts',(25.4931761760644,-43.1948193604235,1.25999999999999));
#3560=CARTESIAN_POINT('Ctrl Pts',(26.7895266288675,-35.3491396992374,7.06));
#3561=CARTESIAN_POINT('Ctrl Pts',(26.7895266288675,-35.3491396992374,1.25999999999999));
#3562=CARTESIAN_POINT('Ctrl Pts',(27.9218416547267,-27.8530050216618,7.06));
#3563=CARTESIAN_POINT('Ctrl Pts',(27.9218416547267,-27.8530050216618,1.25999999999999));
#3564=CARTESIAN_POINT('Ctrl Pts',(28.8717940249008,-20.7454690308258,7.06));
#3565=CARTESIAN_POINT('Ctrl Pts',(28.8717940249008,-20.7454690308258,1.25999999999999));
#3566=CARTESIAN_POINT('Ctrl Pts',(29.6227107302957,-14.0620604341308,7.06));
#3567=CARTESIAN_POINT('Ctrl Pts',(29.6227107302957,-14.0620604341308,1.25999999999999));
#3568=CARTESIAN_POINT('Ctrl Pts',(30.1684816561126,-7.81579934567594,7.06));
#3569=CARTESIAN_POINT('Ctrl Pts',(30.1684816561126,-7.81579934567594,1.25999999999999));
#3570=CARTESIAN_POINT('Ctrl Pts',(30.5180495473755,-1.98762956691938,7.06));
#3571=CARTESIAN_POINT('Ctrl Pts',(30.5180495473755,-1.98762956691938,1.25999999999999));
#3572=CARTESIAN_POINT('Ctrl Pts',(30.6506612767775,2.36157151841882,7.06));
#3573=CARTESIAN_POINT('Ctrl Pts',(30.6506612767775,2.36157151841882,1.25999999999999));
#3574=CARTESIAN_POINT('Ctrl Pts',(30.6721678031965,5.45736293968981,7.06));
#3575=CARTESIAN_POINT('Ctrl Pts',(30.6721678031965,5.45736293968981,1.25999999999999));
#3576=CARTESIAN_POINT('Ctrl Pts',(30.6524159945673,7.44858219351571,7.06));
#3577=CARTESIAN_POINT('Ctrl Pts',(30.6524159945673,7.44858219351571,1.25999999999999));
#3578=CARTESIAN_POINT('Ctrl Pts',(30.634018,8.426032,7.06));
#3579=CARTESIAN_POINT('Ctrl Pts',(30.634018,8.426032,1.25999999999999));
#3580=CARTESIAN_POINT('Ctrl Pts',(26.008216768432,-40.,4.56));
#3581=CARTESIAN_POINT('Ctrl Pts',(26.008216768432,-40.,5.09333333333334));
#3582=CARTESIAN_POINT('Ctrl Pts',(26.008216768432,-40.,5.62666666666667));
#3583=CARTESIAN_POINT('Ctrl Pts',(26.008216768432,-40.,6.16));
#3584=CARTESIAN_POINT('Origin',(0.185746500000006,-2.58699249999999,1.56));
#3585=CARTESIAN_POINT('',(25.0217291115023,-39.8361644033627,1.56));
#3586=CARTESIAN_POINT('Ctrl Pts',(25.0217291115049,-39.8361644033469,1.55999999999999));
#3587=CARTESIAN_POINT('Ctrl Pts',(23.9725522690308,-46.1534728899047,1.55999999999999));
#3588=CARTESIAN_POINT('Ctrl Pts',(22.7757575345422,-52.7870235765469,1.55999999999999));
#3589=CARTESIAN_POINT('Ctrl Pts',(21.4503635269511,-59.6950714303966,1.55999999999999));
#3590=CARTESIAN_POINT('Ctrl Pts',(21.380266037686,-60.0604245310629,1.55999999999999));
#3591=CARTESIAN_POINT('Ctrl Pts',(21.3101685484209,-60.4257776317291,1.55999999999999));
#3592=CARTESIAN_POINT('Ctrl Pts',(21.2400710591558,-60.7911307323954,1.55999999999999));
#3593=CARTESIAN_POINT('',(10.173545727062,-37.3701822223571,1.56));
#3594=CARTESIAN_POINT('Origin',(0.185746500000006,-2.58699249999999,1.56));
#3595=CARTESIAN_POINT('',(-54.4230383656391,37.5492166333194,1.56));
#3596=CARTESIAN_POINT('Ctrl Pts',(20.9240914437506,-62.4380389661422,7.06));
#3597=CARTESIAN_POINT('Ctrl Pts',(20.9240914437506,-62.4380389661422,1.55999999999999));
#3598=CARTESIAN_POINT('Ctrl Pts',(21.0995154714841,-61.523716454227,7.06));
#3599=CARTESIAN_POINT('Ctrl Pts',(21.0995154714841,-61.523716454227,1.55999999999999));
#3600=CARTESIAN_POINT('Ctrl Pts',(21.2749394992176,-60.6093939423118,7.06));
#3601=CARTESIAN_POINT('Ctrl Pts',(21.2749394992176,-60.6093939423118,1.55999999999999));
#3602=CARTESIAN_POINT('Ctrl Pts',(21.4503635269511,-59.6950714303966,7.06));
#3603=CARTESIAN_POINT('Ctrl Pts',(21.4503635269511,-59.6950714303966,1.55999999999999));
#3604=CARTESIAN_POINT('Ctrl Pts',(22.7757575345422,-52.7870235765469,7.06));
#3605=CARTESIAN_POINT('Ctrl Pts',(22.7757575345422,-52.7870235765469,1.55999999999999));
#3606=CARTESIAN_POINT('Ctrl Pts',(23.9725522690308,-46.1534728899047,7.06));
#3607=CARTESIAN_POINT('Ctrl Pts',(23.9725522690308,-46.1534728899047,1.55999999999999));
#3608=CARTESIAN_POINT('Ctrl Pts',(25.0217291115049,-39.8361644033469,7.06));
#3609=CARTESIAN_POINT('Ctrl Pts',(25.0217291115049,-39.8361644033469,1.55999999999999));
#3610=CARTESIAN_POINT('Ctrl Pts',(25.0217291115023,-39.8361644033627,1.55999999999999));
#3611=CARTESIAN_POINT('Ctrl Pts',(25.0217291115023,-39.8361644033627,3.09333333333333));
#3612=CARTESIAN_POINT('Ctrl Pts',(25.0217291115023,-39.8361644033627,4.62666666666667));
#3613=CARTESIAN_POINT('Ctrl Pts',(25.0217291115023,-39.8361644033627,6.16));
#3614=CARTESIAN_POINT('Ctrl Pts',(-24.6504700984896,-39.8361765105178,7.06));
#3615=CARTESIAN_POINT('Ctrl Pts',(-24.6504700984896,-39.8361765105178,1.56));
#3616=CARTESIAN_POINT('Ctrl Pts',(-23.601372862691,-46.1534853824208,7.06));
#3617=CARTESIAN_POINT('Ctrl Pts',(-23.601372862691,-46.1534853824208,1.56));
#3618=CARTESIAN_POINT('Ctrl Pts',(-22.4046721598443,-52.7870368693286,7.06));
#3619=CARTESIAN_POINT('Ctrl Pts',(-22.4046721598443,-52.7870368693286,1.56));
#3620=CARTESIAN_POINT('Ctrl Pts',(-21.0793847167351,-59.6950860780323,7.06));
#3621=CARTESIAN_POINT('Ctrl Pts',(-21.0793847167351,-59.6950860780323,1.56));
#3622=CARTESIAN_POINT('Ctrl Pts',(-20.9039737890349,-60.6094140048515,7.06));
#3623=CARTESIAN_POINT('Ctrl Pts',(-20.9039737890349,-60.6094140048515,1.56));
#3624=CARTESIAN_POINT('Ctrl Pts',(-20.7285628613347,-61.5237419316708,7.06));
#3625=CARTESIAN_POINT('Ctrl Pts',(-20.7285628613347,-61.5237419316708,1.56));
#3626=CARTESIAN_POINT('Ctrl Pts',(-20.5531519336344,-62.4380698584901,7.06));
#3627=CARTESIAN_POINT('Ctrl Pts',(-20.5531519336344,-62.4380698584901,1.56));
#3628=CARTESIAN_POINT('Ctrl Pts',(-24.650470098487,-39.8361765105335,6.16));
#3629=CARTESIAN_POINT('Ctrl Pts',(-24.650470098487,-39.8361765105335,4.62666666666667));
#3630=CARTESIAN_POINT('Ctrl Pts',(-24.650470098487,-39.8361765105335,3.09333333333333));
#3631=CARTESIAN_POINT('Ctrl Pts',(-24.650470098487,-39.8361765105335,1.56));
#3632=CARTESIAN_POINT('Origin',(-60.965044,30.837068,4.56));
#3633=CARTESIAN_POINT('Ctrl Pts',(-61.8247557118212,29.9549971009411,6.16));
#3634=CARTESIAN_POINT('Ctrl Pts',(-61.8247557118212,29.9549971009411,5.54333333333333));
#3635=CARTESIAN_POINT('Ctrl Pts',(-61.8247557118212,29.9549971009411,4.92666666666667));
#3636=CARTESIAN_POINT('Ctrl Pts',(-61.8247557118212,29.9549971009411,3.39333333333333));
#3637=CARTESIAN_POINT('Ctrl Pts',(-61.8247557118212,29.9549971009411,2.47666666666666));
#3638=CARTESIAN_POINT('Ctrl Pts',(-61.8247557118212,29.9549971009411,1.56));
#3639=CARTESIAN_POINT('Ctrl Pts',(-38.2473909941812,-48.4397904832907,7.06));
#3640=CARTESIAN_POINT('Ctrl Pts',(-38.2473909941812,-48.4397904832907,1.55999999999999));
#3641=CARTESIAN_POINT('Ctrl Pts',(-38.9453794683657,-42.7518920326956,7.05999999999999));
#3642=CARTESIAN_POINT('Ctrl Pts',(-38.9453794683657,-42.7518920326956,1.55999999999998));
#3643=CARTESIAN_POINT('Ctrl Pts',(-40.2763684138181,-36.0879051910911,7.06));
#3644=CARTESIAN_POINT('Ctrl Pts',(-40.2763684138181,-36.0879051910911,1.55999999999999));
#3645=CARTESIAN_POINT('Ctrl Pts',(-42.2521201142603,-28.4957756247964,7.06));
#3646=CARTESIAN_POINT('Ctrl Pts',(-42.2521201142603,-28.4957756247964,1.55999999999999));
#3647=CARTESIAN_POINT('Ctrl Pts',(-43.6827981987646,-22.9981752012293,7.06));
#3648=CARTESIAN_POINT('Ctrl Pts',(-43.6827981987646,-22.9981752012293,1.55999999999999));
#3649=CARTESIAN_POINT('Ctrl Pts',(-45.4608205087089,-16.9977063974917,7.06));
#3650=CARTESIAN_POINT('Ctrl Pts',(-45.4608205087089,-16.9977063974917,1.55999999999999));
#3651=CARTESIAN_POINT('Ctrl Pts',(-47.4476803809242,-10.8203095753412,7.06));
#3652=CARTESIAN_POINT('Ctrl Pts',(-47.4476803809242,-10.8203095753412,1.55999999999999));
#3653=CARTESIAN_POINT('Ctrl Pts',(-50.5699999767214,-1.11262589893291,7.06));
#3654=CARTESIAN_POINT('Ctrl Pts',(-50.5699999767214,-1.11262589893291,1.55999999999999));
#3655=CARTESIAN_POINT('Ctrl Pts',(-54.1908996268909,8.99441915565656,7.06));
#3656=CARTESIAN_POINT('Ctrl Pts',(-54.1908996268909,8.99441915565656,1.55999999999999));
#3657=CARTESIAN_POINT('Ctrl Pts',(-56.9616253984129,16.6060035242705,7.06));
#3658=CARTESIAN_POINT('Ctrl Pts',(-56.9616253984129,16.6060035242705,1.55999999999999));
#3659=CARTESIAN_POINT('Ctrl Pts',(-58.5507860891866,20.971657750118,7.06));
#3660=CARTESIAN_POINT('Ctrl Pts',(-58.5507860891866,20.971657750118,1.55999999999999));
#3661=CARTESIAN_POINT('Ctrl Pts',(-59.8472361400853,24.4889651313485,7.06000000000001));
#3662=CARTESIAN_POINT('Ctrl Pts',(-59.8472361400853,24.4889651313485,1.56));
#3663=CARTESIAN_POINT('Ctrl Pts',(-60.7200017575163,26.8850967335816,7.06));
#3664=CARTESIAN_POINT('Ctrl Pts',(-60.7200017575163,26.8850967335816,1.56));
#3665=CARTESIAN_POINT('Ctrl Pts',(-61.3689162337055,28.6666569285404,7.06));
#3666=CARTESIAN_POINT('Ctrl Pts',(-61.3689162337055,28.6666569285404,1.55999999999999));
#3667=CARTESIAN_POINT('Ctrl Pts',(-61.7888984408744,29.8379375927726,7.06000000000001));
#3668=CARTESIAN_POINT('Ctrl Pts',(-61.7888984408744,29.8379375927726,1.56));
#3669=CARTESIAN_POINT('Ctrl Pts',(-61.9909972204878,30.4368588263863,7.06));
#3670=CARTESIAN_POINT('Ctrl Pts',(-61.9909972204878,30.4368588263863,1.55999999999999));
#3671=CARTESIAN_POINT('Ctrl Pts',(62.3624903835801,30.4368592352652,7.06000000000001));
#3672=CARTESIAN_POINT('Ctrl Pts',(62.3624903835801,30.4368592352652,1.56));
#3673=CARTESIAN_POINT('Ctrl Pts',(62.0931057175084,29.6385346015177,7.06000000000001));
#3674=CARTESIAN_POINT('Ctrl Pts',(62.0931057175084,29.6385346015177,1.56));
#3675=CARTESIAN_POINT('Ctrl Pts',(61.4308988579986,27.8087577614921,7.06000000000001));
#3676=CARTESIAN_POINT('Ctrl Pts',(61.4308988579986,27.8087577614921,1.56));
#3677=CARTESIAN_POINT('Ctrl Pts',(60.3692718527292,24.9076852504301,7.06000000000001));
#3678=CARTESIAN_POINT('Ctrl Pts',(60.3692718527292,24.9076852504301,1.56));
#3679=CARTESIAN_POINT('Ctrl Pts',(59.2146261622711,21.7524236981355,7.06000000000001));
#3680=CARTESIAN_POINT('Ctrl Pts',(59.2146261622711,21.7524236981355,1.56));
#3681=CARTESIAN_POINT('Ctrl Pts',(57.5821536381567,17.3219618991426,7.06000000000001));
#3682=CARTESIAN_POINT('Ctrl Pts',(57.5821536381567,17.3219618991426,1.56));
#3683=CARTESIAN_POINT('Ctrl Pts',(55.7016234545077,12.1022965162353,7.06000000000001));
#3684=CARTESIAN_POINT('Ctrl Pts',(55.7016234545077,12.1022965162353,1.56));
#3685=CARTESIAN_POINT('Ctrl Pts',(53.4667541736309,5.89911513571643,7.06000000000001));
#3686=CARTESIAN_POINT('Ctrl Pts',(53.4667541736309,5.89911513571643,1.56));
#3687=CARTESIAN_POINT('Ctrl Pts',(50.9068040308611,-1.36477829173293,7.06000000000001));
#3688=CARTESIAN_POINT('Ctrl Pts',(50.9068040308611,-1.36477829173293,1.55999999999999));
#3689=CARTESIAN_POINT('Ctrl Pts',(48.5637660770406,-8.52544772671654,7.06000000000001));
#3690=CARTESIAN_POINT('Ctrl Pts',(48.5637660770406,-8.52544772671654,1.56));
#3691=CARTESIAN_POINT('Ctrl Pts',(46.5158105828018,-14.7843016594456,7.06000000000002));
#3692=CARTESIAN_POINT('Ctrl Pts',(46.5158105828018,-14.7843016594456,1.56));
#3693=CARTESIAN_POINT('Ctrl Pts',(44.6467023198746,-20.9373443786485,7.06000000000001));
#3694=CARTESIAN_POINT('Ctrl Pts',(44.6467023198746,-20.9373443786485,1.56));
#3695=CARTESIAN_POINT('Ctrl Pts',(43.1273467649272,-26.5914610843794,7.06000000000001));
#3696=CARTESIAN_POINT('Ctrl Pts',(43.1273467649272,-26.5914610843794,1.56));
#3697=CARTESIAN_POINT('Ctrl Pts',(40.8760640168431,-34.9693653568962,7.06000000000001));
#3698=CARTESIAN_POINT('Ctrl Pts',(40.8760640168431,-34.9693653568962,1.56));
#3699=CARTESIAN_POINT('Ctrl Pts',(39.3746742974003,-42.2808608265557,7.06000000000001));
#3700=CARTESIAN_POINT('Ctrl Pts',(39.3746742974003,-42.2808608265557,1.56));
#3701=CARTESIAN_POINT('Ctrl Pts',(38.6188826053303,-48.4397937280606,7.06000000000001));
#3702=CARTESIAN_POINT('Ctrl Pts',(38.6188826053303,-48.4397937280606,1.56));
#3703=CARTESIAN_POINT('Origin',(38.069222,54.709512,4.56));
#3704=CARTESIAN_POINT('Origin',(25.5149729399671,-39.9180822016813,2.91));
#3705=CARTESIAN_POINT('Origin',(-25.1437149322914,-39.9180882552668,3.21));
#3706=CARTESIAN_POINT('',(0.,0.,0.));
#3707=UNCERTAINTY_MEASURE_WITH_UNIT(LENGTH_MEASURE(0.01),#3713,
'DISTANCE_ACCURACY_VALUE',
'Maximum model space distance between geometric entities at asserted c
onnectivities');
#3708=UNCERTAINTY_MEASURE_WITH_UNIT(LENGTH_MEASURE(0.01),#3713,
'DISTANCE_ACCURACY_VALUE',
'Maximum model space distance between geometric entities at asserted c
onnectivities');
#3709=UNCERTAINTY_MEASURE_WITH_UNIT(LENGTH_MEASURE(0.01),#3713,
'DISTANCE_ACCURACY_VALUE',
'Maximum model space distance between geometric entities at asserted c
onnectivities');
#3710=(
GEOMETRIC_REPRESENTATION_CONTEXT(3)
GLOBAL_UNCERTAINTY_ASSIGNED_CONTEXT((#3707))
GLOBAL_UNIT_ASSIGNED_CONTEXT((#3713,#3715,#3716))
REPRESENTATION_CONTEXT('','3D')
);
#3711=(
GEOMETRIC_REPRESENTATION_CONTEXT(3)
GLOBAL_UNCERTAINTY_ASSIGNED_CONTEXT((#3708))
GLOBAL_UNIT_ASSIGNED_CONTEXT((#3713,#3715,#3716))
REPRESENTATION_CONTEXT('','3D')
);
#3712=(
GEOMETRIC_REPRESENTATION_CONTEXT(3)
GLOBAL_UNCERTAINTY_ASSIGNED_CONTEXT((#3709))
GLOBAL_UNIT_ASSIGNED_CONTEXT((#3713,#3715,#3716))
REPRESENTATION_CONTEXT('','3D')
);
#3713=(
LENGTH_UNIT()
NAMED_UNIT(*)
SI_UNIT(.MILLI.,.METRE.)
);
#3714=(
LENGTH_UNIT()
NAMED_UNIT(*)
SI_UNIT($,.METRE.)
);
#3715=(
NAMED_UNIT(*)
PLANE_ANGLE_UNIT()
SI_UNIT($,.RADIAN.)
);
#3716=(
NAMED_UNIT(*)
SI_UNIT($,.STERADIAN.)
SOLID_ANGLE_UNIT()
);
#3717=SHAPE_DEFINITION_REPRESENTATION(#3719,#3722);
#3718=SHAPE_DEFINITION_REPRESENTATION(#3720,#3723);
#3719=PRODUCT_DEFINITION_SHAPE('',$,#3725);
#3720=PRODUCT_DEFINITION_SHAPE('',$,#3726);
#3721=PRODUCT_DEFINITION_SHAPE($,$,#14);
#3722=SHAPE_REPRESENTATION('',(#1278,#1316),#3710);
#3723=SHAPE_REPRESENTATION('',(#1279),#3711);
#3724=PRODUCT_DEFINITION_CONTEXT('part definition',#3732,'design');
#3725=PRODUCT_DEFINITION('Proto-Pulse-Shell-20X6',
'Proto-Pulse-Shell-20X6 v35',#3727,#3724);
#3726=PRODUCT_DEFINITION('Corruption Crest','Corruption Crest',#3728,#3724);
#3727=PRODUCT_DEFINITION_FORMATION('',$,#3734);
#3728=PRODUCT_DEFINITION_FORMATION('',$,#3735);
#3729=PRODUCT_RELATED_PRODUCT_CATEGORY('Proto-Pulse-Shell-20X6 v35',
'Proto-Pulse-Shell-20X6 v35',(#3734));
#3730=PRODUCT_RELATED_PRODUCT_CATEGORY('Corruption Crest',
'Corruption Crest',(#3735));
#3731=APPLICATION_PROTOCOL_DEFINITION('international standard',
'automotive_design',2009,#3732);
#3732=APPLICATION_CONTEXT(
'Core Data for Automotive Mechanical Design Process');
#3733=PRODUCT_CONTEXT('part definition',#3732,'mechanical');
#3734=PRODUCT('Proto-Pulse-Shell-20X6','Proto-Pulse-Shell-20X6 v35',$,(#3733));
#3735=PRODUCT('Corruption Crest','Corruption Crest',$,(#3733));
#3736=PRESENTATION_STYLE_ASSIGNMENT((#3740));
#3737=PRESENTATION_STYLE_ASSIGNMENT((#3741));
#3738=PRESENTATION_STYLE_ASSIGNMENT((#3742));
#3739=PRESENTATION_STYLE_ASSIGNMENT((#3743));
#3740=SURFACE_STYLE_USAGE(.BOTH.,#3744);
#3741=SURFACE_STYLE_USAGE(.BOTH.,#3745);
#3742=SURFACE_STYLE_USAGE(.BOTH.,#3746);
#3743=SURFACE_STYLE_USAGE(.BOTH.,#3747);
#3744=SURFACE_SIDE_STYLE('',(#3748));
#3745=SURFACE_SIDE_STYLE('',(#3749));
#3746=SURFACE_SIDE_STYLE('',(#3750));
#3747=SURFACE_SIDE_STYLE('',(#3751));
#3748=SURFACE_STYLE_FILL_AREA(#3752);
#3749=SURFACE_STYLE_FILL_AREA(#3753);
#3750=SURFACE_STYLE_FILL_AREA(#3754);
#3751=SURFACE_STYLE_FILL_AREA(#3755);
#3752=FILL_AREA_STYLE('Steel - Satin',(#3756));
#3753=FILL_AREA_STYLE('Acrylic (Clear)',(#3757));
#3754=FILL_AREA_STYLE('Plastic - Matte (Purple)',(#3758));
#3755=FILL_AREA_STYLE('Polycarbonate (Clear)',(#3759));
#3756=FILL_AREA_STYLE_COLOUR('Steel - Satin',#3760);
#3757=FILL_AREA_STYLE_COLOUR('Acrylic (Clear)',#3761);
#3758=FILL_AREA_STYLE_COLOUR('Plastic - Matte (Purple)',#3762);
#3759=FILL_AREA_STYLE_COLOUR('Polycarbonate (Clear)',#3763);
#3760=COLOUR_RGB('Steel - Satin',0.627450980392157,0.627450980392157,0.627450980392157);
#3761=COLOUR_RGB('Acrylic (Clear)',0.964705882352941,0.964705882352941,
0.952941176470588);
#3762=COLOUR_RGB('Plastic - Matte (Purple)',0.243137254901961,0.,0.666666666666667);
#3763=COLOUR_RGB('Polycarbonate (Clear)',0.964705882352941,0.964705882352941,
0.952941176470588);
ENDSEC;
END-ISO-10303-21;
