ISO-10303-21;
HEADER;
/* Generated by software containing ST-Developer
 * from STEP Tools, Inc. (www.steptools.com) 
 */

FILE_DESCRIPTION(
/* description */ (''),
/* implementation_level */ '2;1');

FILE_NAME(
/* name */ 'M-Diffuser.step',
/* time_stamp */ '2025-12-23T14:31:26-05:00',
/* author */ (''),
/* organization */ (''),
/* preprocessor_version */ 'ST-DEVELOPER v20.1',
/* originating_system */ 'Autodesk Translation Framework v14.21.0.0',
/* authorisation */ '');

FILE_SCHEMA (('AUTOMOTIVE_DESIGN { 1 0 10303 214 3 1 1 }'));
ENDSEC;

DATA;
#10=MECHANICAL_DESIGN_GEOMETRIC_PRESENTATION_REPRESENTATION('',(#17,#18),
#7072);
#11=ITEM_DEFINED_TRANSFORMATION($,$,#4022,#4226);
#12=(
REPRESENTATION_RELATIONSHIP($,$,#7083,#7082)
REPRESENTATION_RELATIONSHIP_WITH_TRANSFORMATION(#11)
SHAPE_REPRESENTATION_RELATIONSHIP()
);
#13=CONTEXT_DEPENDENT_SHAPE_REPRESENTATION(#12,#7081);
#14=NEXT_ASSEMBLY_USAGE_OCCURRENCE('M-Diffuser:1','M-Diffuser:1',
'M-Diffuser:1',#7085,#7086,'M-Diffuser:1');
#15=SHAPE_REPRESENTATION_RELATIONSHIP('SRR','None',#7083,#16);
#16=ADVANCED_BREP_SHAPE_REPRESENTATION('',(#19,#20),#7071);
#17=STYLED_ITEM('',(#7098),#19);
#18=STYLED_ITEM('',(#7099),#20);
#19=MANIFOLD_SOLID_BREP('Body1',#4007);
#20=MANIFOLD_SOLID_BREP('Body5',#4008);
#21=(
BOUNDED_SURFACE()
B_SPLINE_SURFACE(5,1,((#6379,#6380),(#6381,#6382),(#6383,#6384),(#6385,
#6386),(#6387,#6388),(#6389,#6390),(#6391,#6392),(#6393,#6394),(#6395,#6396),
(#6397,#6398),(#6399,#6400),(#6401,#6402),(#6403,#6404),(#6405,#6406),(#6407,
#6408)),.UNSPECIFIED.,.F.,.F.,.F.)
B_SPLINE_SURFACE_WITH_KNOTS((6,1,1,1,1,1,1,1,1,1,6),(2,2),(-1.,-0.9,-0.8,
-0.7,-0.6,-0.5,-0.4,-0.3,-0.2,-0.1,0.),(0.,0.3),.UNSPECIFIED.)
GEOMETRIC_REPRESENTATION_ITEM()
RATIONAL_B_SPLINE_SURFACE(((1.,1.),(1.,1.),(1.,1.),(1.,1.),(1.,1.),(1.,
1.),(1.,1.),(1.,1.),(1.,1.),(1.,1.),(1.,1.),(1.,1.),(1.,1.),(1.,1.),(1.,
1.)))
REPRESENTATION_ITEM('')
SURFACE()
);
#22=(
BOUNDED_SURFACE()
B_SPLINE_SURFACE(5,1,((#6440,#6441),(#6442,#6443),(#6444,#6445),(#6446,
#6447),(#6448,#6449),(#6450,#6451),(#6452,#6453),(#6454,#6455),(#6456,#6457),
(#6458,#6459),(#6460,#6461),(#6462,#6463),(#6464,#6465),(#6466,#6467),(#6468,
#6469)),.UNSPECIFIED.,.F.,.F.,.F.)
B_SPLINE_SURFACE_WITH_KNOTS((6,1,1,1,1,1,1,1,1,1,6),(2,2),(0.,0.1,0.2,0.3,
0.4,0.5,0.6,0.7,0.8,0.9,1.),(0.,0.3),.UNSPECIFIED.)
GEOMETRIC_REPRESENTATION_ITEM()
RATIONAL_B_SPLINE_SURFACE(((1.,1.),(1.,1.),(1.,1.),(1.,1.),(1.,1.),(1.,
1.),(1.,1.),(1.,1.),(1.,1.),(1.,1.),(1.,1.),(1.,1.),(1.,1.),(1.,1.),(1.,
1.)))
REPRESENTATION_ITEM('')
SURFACE()
);
#23=(
BOUNDED_SURFACE()
B_SPLINE_SURFACE(5,1,((#6491,#6492),(#6493,#6494),(#6495,#6496),(#6497,
#6498),(#6499,#6500),(#6501,#6502),(#6503,#6504),(#6505,#6506),(#6507,#6508),
(#6509,#6510),(#6511,#6512),(#6513,#6514),(#6515,#6516),(#6517,#6518),(#6519,
#6520),(#6521,#6522),(#6523,#6524),(#6525,#6526),(#6527,#6528),(#6529,#6530)),
 .UNSPECIFIED.,.F.,.F.,.F.)
B_SPLINE_SURFACE_WITH_KNOTS((6,1,1,1,1,1,1,1,1,1,1,1,1,1,1,6),(2,2),(-1.,
-0.933333333333333,-0.866666666666667,-0.8,-0.733333333333333,-0.666666666666667,
-0.6,-0.533333333333333,-0.466666666666667,-0.4,-0.333333333333333,-0.266666666666667,
-0.2,-0.133333333333333,-0.0666666666666667,0.),(0.,0.3),.UNSPECIFIED.)
GEOMETRIC_REPRESENTATION_ITEM()
RATIONAL_B_SPLINE_SURFACE(((1.,1.),(1.,1.),(1.,1.),(1.,1.),(1.,1.),(1.,
1.),(1.,1.),(1.,1.),(1.,1.),(1.,1.),(1.,1.),(1.,1.),(1.,1.),(1.,1.),(1.,
1.),(1.,1.),(1.,1.),(1.,1.),(1.,1.),(1.,1.)))
REPRESENTATION_ITEM('')
SURFACE()
);
#24=(
BOUNDED_SURFACE()
B_SPLINE_SURFACE(5,1,((#6557,#6558),(#6559,#6560),(#6561,#6562),(#6563,
#6564),(#6565,#6566),(#6567,#6568),(#6569,#6570),(#6571,#6572),(#6573,#6574),
(#6575,#6576),(#6577,#6578),(#6579,#6580),(#6581,#6582),(#6583,#6584),(#6585,
#6586)),.UNSPECIFIED.,.F.,.F.,.F.)
B_SPLINE_SURFACE_WITH_KNOTS((6,1,1,1,1,1,1,1,1,1,6),(2,2),(-1.,-0.9,-0.8,
-0.7,-0.6,-0.5,-0.4,-0.3,-0.2,-0.1,0.),(0.,0.3),.UNSPECIFIED.)
GEOMETRIC_REPRESENTATION_ITEM()
RATIONAL_B_SPLINE_SURFACE(((1.,1.),(1.,1.),(1.,1.),(1.,1.),(1.,1.),(1.,
1.),(1.,1.),(1.,1.),(1.,1.),(1.,1.),(1.,1.),(1.,1.),(1.,1.),(1.,1.),(1.,
1.)))
REPRESENTATION_ITEM('')
SURFACE()
);
#25=(
BOUNDED_SURFACE()
B_SPLINE_SURFACE(5,1,((#6612,#6613),(#6614,#6615),(#6616,#6617),(#6618,
#6619),(#6620,#6621),(#6622,#6623),(#6624,#6625),(#6626,#6627),(#6628,#6629),
(#6630,#6631),(#6632,#6633),(#6634,#6635),(#6636,#6637),(#6638,#6639),(#6640,
#6641)),.UNSPECIFIED.,.F.,.F.,.F.)
B_SPLINE_SURFACE_WITH_KNOTS((6,1,1,1,1,1,1,1,1,1,6),(2,2),(0.,0.1,0.2,0.3,
0.4,0.5,0.6,0.7,0.8,0.9,1.),(0.,0.3),.UNSPECIFIED.)
GEOMETRIC_REPRESENTATION_ITEM()
RATIONAL_B_SPLINE_SURFACE(((1.,1.),(1.,1.),(1.,1.),(1.,1.),(1.,1.),(1.,
1.),(1.,1.),(1.,1.),(1.,1.),(1.,1.),(1.,1.),(1.,1.),(1.,1.),(1.,1.),(1.,
1.)))
REPRESENTATION_ITEM('')
SURFACE()
);
#26=(
BOUNDED_SURFACE()
B_SPLINE_SURFACE(5,1,((#6657,#6658),(#6659,#6660),(#6661,#6662),(#6663,
#6664),(#6665,#6666),(#6667,#6668),(#6669,#6670),(#6671,#6672),(#6673,#6674),
(#6675,#6676),(#6677,#6678),(#6679,#6680),(#6681,#6682),(#6683,#6684),(#6685,
#6686),(#6687,#6688),(#6689,#6690),(#6691,#6692),(#6693,#6694),(#6695,#6696)),
 .UNSPECIFIED.,.F.,.F.,.F.)
B_SPLINE_SURFACE_WITH_KNOTS((6,1,1,1,1,1,1,1,1,1,1,1,1,1,1,6),(2,2),(0.,
0.0666666666666667,0.133333333333333,0.2,0.266666666666667,0.333333333333333,
0.4,0.466666666666667,0.533333333333333,0.6,0.666666666666667,0.733333333333333,
0.8,0.866666666666667,0.933333333333333,1.),(0.,0.3),.UNSPECIFIED.)
GEOMETRIC_REPRESENTATION_ITEM()
RATIONAL_B_SPLINE_SURFACE(((1.,1.),(1.,1.),(1.,1.),(1.,1.),(1.,1.),(1.,
1.),(1.,1.),(1.,1.),(1.,1.),(1.,1.),(1.,1.),(1.,1.),(1.,1.),(1.,1.),(1.,
1.),(1.,1.),(1.,1.),(1.,1.),(1.,1.),(1.,1.)))
REPRESENTATION_ITEM('')
SURFACE()
);
#27=B_SPLINE_SURFACE_WITH_KNOTS('',3,3,((#5858,#5859,#5860,#5861),(#5862,
#5863,#5864,#5865),(#5866,#5867,#5868,#5869),(#5870,#5871,#5872,#5873),
(#5874,#5875,#5876,#5877),(#5878,#5879,#5880,#5881),(#5882,#5883,#5884,
#5885),(#5886,#5887,#5888,#5889)),.UNSPECIFIED.,.F.,.F.,.F.,(4,2,1,1,4),
(4,4),(0.,0.0112561656393097,0.406753699383586,0.604502466255724,1.),(0.,
1.),.UNSPECIFIED.);
#28=B_SPLINE_SURFACE_WITH_KNOTS('',3,3,((#5946,#5947,#5948,#5949),(#5950,
#5951,#5952,#5953),(#5954,#5955,#5956,#5957),(#5958,#5959,#5960,#5961)),
 .UNSPECIFIED.,.F.,.F.,.F.,(4,4),(4,4),(0.,0.091321098595022),(0.,1.),
 .UNSPECIFIED.);
#29=B_SPLINE_SURFACE_WITH_KNOTS('',3,3,((#5972,#5973,#5974,#5975),(#5976,
#5977,#5978,#5979),(#5980,#5981,#5982,#5983),(#5984,#5985,#5986,#5987),
(#5988,#5989,#5990,#5991),(#5992,#5993,#5994,#5995),(#5996,#5997,#5998,
#5999),(#6000,#6001,#6002,#6003),(#6004,#6005,#6006,#6007)),
 .UNSPECIFIED.,.F.,.F.,.F.,(4,2,1,1,1,4),(4,4),(0.0511008618889239,0.137342704526597,
0.482405622715958,0.654937081810639,0.827468540905319,1.),(0.,1.),
 .UNSPECIFIED.);
#30=B_SPLINE_SURFACE_WITH_KNOTS('',3,3,((#6033,#6034,#6035,#6036),(#6037,
#6038,#6039,#6040),(#6041,#6042,#6043,#6044),(#6045,#6046,#6047,#6048),
(#6049,#6050,#6051,#6052),(#6053,#6054,#6055,#6056),(#6057,#6058,#6059,
#6060),(#6061,#6062,#6063,#6064)),.UNSPECIFIED.,.F.,.F.,.F.,(4,1,1,2,4),
(4,4),(0.,0.345063570629377,0.517595355944065,0.862658926573442,0.948690787268417),
(0.,1.),.UNSPECIFIED.);
#31=B_SPLINE_SURFACE_WITH_KNOTS('',3,3,((#6089,#6090,#6091,#6092),(#6093,
#6094,#6095,#6096),(#6097,#6098,#6099,#6100),(#6101,#6102,#6103,#6104)),
 .UNSPECIFIED.,.F.,.F.,.F.,(4,4),(4,4),(0.908250096928405,1.),(0.,1.),
 .UNSPECIFIED.);
#32=B_SPLINE_SURFACE_WITH_KNOTS('',3,3,((#6199,#6200,#6201,#6202),(#6203,
#6204,#6205,#6206),(#6207,#6208,#6209,#6210),(#6211,#6212,#6213,#6214),
(#6215,#6216,#6217,#6218),(#6219,#6220,#6221,#6222),(#6223,#6224,#6225,
#6226),(#6227,#6228,#6229,#6230),(#6231,#6232,#6233,#6234),(#6235,#6236,
#6237,#6238)),.UNSPECIFIED.,.F.,.F.,.F.,(4,1,1,1,1,1,1,4),(4,4),(0.,0.142857142857143,
0.285714285714286,0.428571428571429,0.571428571428571,0.714285714285714,
0.857142857142857,1.),(0.,1.),.UNSPECIFIED.);
#33=B_SPLINE_SURFACE_WITH_KNOTS('',3,3,((#6259,#6260,#6261,#6262),(#6263,
#6264,#6265,#6266),(#6267,#6268,#6269,#6270),(#6271,#6272,#6273,#6274),
(#6275,#6276,#6277,#6278),(#6279,#6280,#6281,#6282),(#6283,#6284,#6285,
#6286),(#6287,#6288,#6289,#6290)),.UNSPECIFIED.,.F.,.F.,.F.,(4,1,1,2,4),
(4,4),(0.,0.395497532599251,0.593246298898877,0.988743831498128,1.),(0.,
1.),.UNSPECIFIED.);
#34=B_SPLINE_SURFACE_WITH_KNOTS('',3,3,((#6315,#6316,#6317,#6318),(#6319,
#6320,#6321,#6322),(#6323,#6324,#6325,#6326),(#6327,#6328,#6329,#6330),
(#6331,#6332,#6333,#6334),(#6335,#6336,#6337,#6338),(#6339,#6340,#6341,
#6342),(#6343,#6344,#6345,#6346),(#6347,#6348,#6349,#6350),(#6351,#6352,
#6353,#6354)),.UNSPECIFIED.,.F.,.F.,.F.,(4,1,1,1,1,1,1,4),(4,4),(0.,0.142857142857143,
0.285714285714286,0.428571428571429,0.571428571428571,0.714285714285714,
0.857142857142857,1.),(0.,1.),.UNSPECIFIED.);
#35=(
BOUNDED_CURVE()
B_SPLINE_CURVE(5,(#5718,#5719,#5720,#5721,#5722,#5723),.UNSPECIFIED.,.F.,
 .F.)
B_SPLINE_CURVE_WITH_KNOTS((6,6),(0.948899138110633,0.999126921601647),
 .UNSPECIFIED.)
CURVE()
GEOMETRIC_REPRESENTATION_ITEM()
RATIONAL_B_SPLINE_CURVE((1.,1.,1.,1.,1.,1.))
REPRESENTATION_ITEM('')
);
#36=(
BOUNDED_CURVE()
B_SPLINE_CURVE(5,(#5852,#5853,#5854,#5855,#5856,#5857),.UNSPECIFIED.,.F.,
 .F.)
B_SPLINE_CURVE_WITH_KNOTS((6,6),(-0.999013006994103,-0.948690787267978),
 .UNSPECIFIED.)
CURVE()
GEOMETRIC_REPRESENTATION_ITEM()
RATIONAL_B_SPLINE_CURVE((1.,1.,1.,1.,1.,1.))
REPRESENTATION_ITEM('')
);
#37=(
BOUNDED_CURVE()
B_SPLINE_CURVE(5,(#5899,#5900,#5901,#5902,#5903,#5904,#5905,#5906,#5907,
#5908,#5909,#5910,#5911,#5912,#5913),.UNSPECIFIED.,.F.,.F.)
B_SPLINE_CURVE_WITH_KNOTS((6,1,1,1,1,1,1,1,1,1,6),(0.,0.1,0.2,0.3,0.4,0.5,
0.6,0.7,0.8,0.9,1.),.UNSPECIFIED.)
CURVE()
GEOMETRIC_REPRESENTATION_ITEM()
RATIONAL_B_SPLINE_CURVE((1.,1.,1.,1.,1.,1.,1.,1.,1.,1.,1.,1.,1.,1.,1.))
REPRESENTATION_ITEM('')
);
#38=(
BOUNDED_CURVE()
B_SPLINE_CURVE(5,(#5962,#5963,#5964,#5965,#5966,#5967),.UNSPECIFIED.,.F.,
 .F.)
B_SPLINE_CURVE_WITH_KNOTS((6,6),(0.999126921601647,1.),.UNSPECIFIED.)
CURVE()
GEOMETRIC_REPRESENTATION_ITEM()
RATIONAL_B_SPLINE_CURVE((1.,1.,1.,1.,1.,1.))
REPRESENTATION_ITEM('')
);
#39=(
BOUNDED_CURVE()
B_SPLINE_CURVE(5,(#6018,#6019,#6020,#6021,#6022,#6023,#6024,#6025,#6026,
#6027,#6028,#6029,#6030,#6031,#6032),.UNSPECIFIED.,.F.,.F.)
B_SPLINE_CURVE_WITH_KNOTS((6,1,1,1,1,1,1,1,1,1,6),(0.,0.1,0.2,0.3,0.4,0.5,
0.6,0.7,0.8,0.9,0.948899138110633),.UNSPECIFIED.)
CURVE()
GEOMETRIC_REPRESENTATION_ITEM()
RATIONAL_B_SPLINE_CURVE((1.,1.,1.,1.,1.,1.,1.,1.,1.,1.,1.,1.,1.,1.,1.))
REPRESENTATION_ITEM('')
);
#40=(
BOUNDED_CURVE()
B_SPLINE_CURVE(5,(#6066,#6067,#6068,#6069,#6070,#6071,#6072,#6073,#6074,
#6075,#6076,#6077,#6078,#6079,#6080),.UNSPECIFIED.,.F.,.F.)
B_SPLINE_CURVE_WITH_KNOTS((6,1,1,1,1,1,1,1,1,1,6),(-0.948690787267978,-0.9,
-0.8,-0.7,-0.6,-0.5,-0.4,-0.3,-0.2,-0.1,0.),.UNSPECIFIED.)
CURVE()
GEOMETRIC_REPRESENTATION_ITEM()
RATIONAL_B_SPLINE_CURVE((1.,1.,1.,1.,1.,1.,1.,1.,1.,1.,1.,1.,1.,1.,1.))
REPRESENTATION_ITEM('')
);
#41=(
BOUNDED_CURVE()
B_SPLINE_CURVE(5,(#6112,#6113,#6114,#6115,#6116,#6117),.UNSPECIFIED.,.F.,
 .F.)
B_SPLINE_CURVE_WITH_KNOTS((6,6),(-1.,-0.999013006994103),.UNSPECIFIED.)
CURVE()
GEOMETRIC_REPRESENTATION_ITEM()
RATIONAL_B_SPLINE_CURVE((1.,1.,1.,1.,1.,1.))
REPRESENTATION_ITEM('')
);
#42=(
BOUNDED_CURVE()
B_SPLINE_CURVE(5,(#6239,#6240,#6241,#6242,#6243,#6244,#6245,#6246,#6247,
#6248,#6249,#6250,#6251,#6252,#6253,#6254,#6255,#6256,#6257,#6258),
 .UNSPECIFIED.,.F.,.F.)
B_SPLINE_CURVE_WITH_KNOTS((6,1,1,1,1,1,1,1,1,1,1,1,1,1,1,6),(-1.,-0.933333333333333,
-0.866666666666667,-0.8,-0.733333333333333,-0.666666666666667,-0.6,-0.533333333333333,
-0.466666666666667,-0.4,-0.333333333333333,-0.266666666666667,-0.2,-0.133333333333333,
-0.0666666666666667,0.),.UNSPECIFIED.)
CURVE()
GEOMETRIC_REPRESENTATION_ITEM()
RATIONAL_B_SPLINE_CURVE((1.,1.,1.,1.,1.,1.,1.,1.,1.,1.,1.,1.,1.,1.,1.,1.,
1.,1.,1.,1.))
REPRESENTATION_ITEM('')
);
#43=(
BOUNDED_CURVE()
B_SPLINE_CURVE(5,(#6293,#6294,#6295,#6296,#6297,#6298,#6299,#6300,#6301,
#6302,#6303,#6304,#6305,#6306,#6307),.UNSPECIFIED.,.F.,.F.)
B_SPLINE_CURVE_WITH_KNOTS((6,1,1,1,1,1,1,1,1,1,6),(-1.,-0.9,-0.8,-0.7,-0.6,
-0.5,-0.4,-0.3,-0.2,-0.1,0.),.UNSPECIFIED.)
CURVE()
GEOMETRIC_REPRESENTATION_ITEM()
RATIONAL_B_SPLINE_CURVE((1.,1.,1.,1.,1.,1.,1.,1.,1.,1.,1.,1.,1.,1.,1.))
REPRESENTATION_ITEM('')
);
#44=(
BOUNDED_CURVE()
B_SPLINE_CURVE(5,(#6356,#6357,#6358,#6359,#6360,#6361,#6362,#6363,#6364,
#6365,#6366,#6367,#6368,#6369,#6370,#6371,#6372,#6373,#6374,#6375),
 .UNSPECIFIED.,.F.,.F.)
B_SPLINE_CURVE_WITH_KNOTS((6,1,1,1,1,1,1,1,1,1,1,1,1,1,1,6),(0.,0.0666666666666667,
0.133333333333333,0.2,0.266666666666667,0.333333333333333,0.4,0.466666666666667,
0.533333333333333,0.6,0.666666666666667,0.733333333333333,0.8,0.866666666666667,
0.933333333333333,1.),.UNSPECIFIED.)
CURVE()
GEOMETRIC_REPRESENTATION_ITEM()
RATIONAL_B_SPLINE_CURVE((1.,1.,1.,1.,1.,1.,1.,1.,1.,1.,1.,1.,1.,1.,1.,1.,
1.,1.,1.,1.))
REPRESENTATION_ITEM('')
);
#45=(
BOUNDED_CURVE()
B_SPLINE_CURVE(5,(#6411,#6412,#6413,#6414,#6415,#6416,#6417,#6418,#6419,
#6420,#6421,#6422,#6423,#6424,#6425),.UNSPECIFIED.,.F.,.F.)
B_SPLINE_CURVE_WITH_KNOTS((6,1,1,1,1,1,1,1,1,1,6),(0.,0.1,0.2,0.3,0.4,0.5,
0.6,0.7,0.8,0.9,1.),.UNSPECIFIED.)
CURVE()
GEOMETRIC_REPRESENTATION_ITEM()
RATIONAL_B_SPLINE_CURVE((1.,1.,1.,1.,1.,1.,1.,1.,1.,1.,1.,1.,1.,1.,1.))
REPRESENTATION_ITEM('')
);
#46=(
BOUNDED_CURVE()
B_SPLINE_CURVE(5,(#6471,#6472,#6473,#6474,#6475,#6476,#6477,#6478,#6479,
#6480,#6481,#6482,#6483,#6484,#6485),.UNSPECIFIED.,.F.,.F.)
B_SPLINE_CURVE_WITH_KNOTS((6,1,1,1,1,1,1,1,1,1,6),(0.,0.1,0.2,0.3,0.4,0.5,
0.6,0.7,0.8,0.9,1.),.UNSPECIFIED.)
CURVE()
GEOMETRIC_REPRESENTATION_ITEM()
RATIONAL_B_SPLINE_CURVE((1.,1.,1.,1.,1.,1.,1.,1.,1.,1.,1.,1.,1.,1.,1.))
REPRESENTATION_ITEM('')
);
#47=(
BOUNDED_CURVE()
B_SPLINE_CURVE(5,(#6532,#6533,#6534,#6535,#6536,#6537,#6538,#6539,#6540,
#6541,#6542,#6543,#6544,#6545,#6546,#6547,#6548,#6549,#6550,#6551),
 .UNSPECIFIED.,.F.,.F.)
B_SPLINE_CURVE_WITH_KNOTS((6,1,1,1,1,1,1,1,1,1,1,1,1,1,1,6),(0.,0.0666666666666667,
0.133333333333333,0.2,0.266666666666667,0.333333333333333,0.4,0.466666666666667,
0.533333333333333,0.6,0.666666666666667,0.733333333333333,0.8,0.866666666666667,
0.933333333333333,1.),.UNSPECIFIED.)
CURVE()
GEOMETRIC_REPRESENTATION_ITEM()
RATIONAL_B_SPLINE_CURVE((1.,1.,1.,1.,1.,1.,1.,1.,1.,1.,1.,1.,1.,1.,1.,1.,
1.,1.,1.,1.))
REPRESENTATION_ITEM('')
);
#48=(
BOUNDED_CURVE()
B_SPLINE_CURVE(5,(#6588,#6589,#6590,#6591,#6592,#6593,#6594,#6595,#6596,
#6597,#6598,#6599,#6600,#6601,#6602),.UNSPECIFIED.,.F.,.F.)
B_SPLINE_CURVE_WITH_KNOTS((6,1,1,1,1,1,1,1,1,1,6),(0.,0.1,0.2,0.3,0.4,0.5,
0.6,0.7,0.8,0.9,1.),.UNSPECIFIED.)
CURVE()
GEOMETRIC_REPRESENTATION_ITEM()
RATIONAL_B_SPLINE_CURVE((1.,1.,1.,1.,1.,1.,1.,1.,1.,1.,1.,1.,1.,1.,1.))
REPRESENTATION_ITEM('')
);
#49=(
BOUNDED_CURVE()
B_SPLINE_CURVE(5,(#6642,#6643,#6644,#6645,#6646,#6647,#6648,#6649,#6650,
#6651,#6652,#6653,#6654,#6655,#6656),.UNSPECIFIED.,.F.,.F.)
B_SPLINE_CURVE_WITH_KNOTS((6,1,1,1,1,1,1,1,1,1,6),(0.,0.1,0.2,0.3,0.4,0.5,
0.6,0.7,0.8,0.9,1.),.UNSPECIFIED.)
CURVE()
GEOMETRIC_REPRESENTATION_ITEM()
RATIONAL_B_SPLINE_CURVE((1.,1.,1.,1.,1.,1.,1.,1.,1.,1.,1.,1.,1.,1.,1.))
REPRESENTATION_ITEM('')
);
#50=(
BOUNDED_CURVE()
B_SPLINE_CURVE(5,(#6698,#6699,#6700,#6701,#6702,#6703,#6704,#6705,#6706,
#6707,#6708,#6709,#6710,#6711,#6712,#6713,#6714,#6715,#6716,#6717),
 .UNSPECIFIED.,.F.,.F.)
B_SPLINE_CURVE_WITH_KNOTS((6,1,1,1,1,1,1,1,1,1,1,1,1,1,1,6),(0.,0.0666666666666667,
0.133333333333333,0.2,0.266666666666667,0.333333333333333,0.4,0.466666666666667,
0.533333333333333,0.6,0.666666666666667,0.733333333333333,0.8,0.866666666666667,
0.933333333333333,1.),.UNSPECIFIED.)
CURVE()
GEOMETRIC_REPRESENTATION_ITEM()
RATIONAL_B_SPLINE_CURVE((1.,1.,1.,1.,1.,1.,1.,1.,1.,1.,1.,1.,1.,1.,1.,1.,
1.,1.,1.,1.))
REPRESENTATION_ITEM('')
);
#51=CIRCLE('',#4084,0.995029000000001);
#52=CIRCLE('',#4085,0.995029000000001);
#53=CIRCLE('',#4087,0.547378974544044);
#54=CIRCLE('',#4088,0.547378974544044);
#55=CIRCLE('',#4104,388.218089177716);
#56=CIRCLE('',#4105,388.218089177716);
#57=CIRCLE('',#4111,0.547378974544044);
#58=CIRCLE('',#4112,0.547378974544044);
#59=CIRCLE('',#4116,0.547129443542053);
#60=CIRCLE('',#4117,0.547129443542053);
#61=CIRCLE('',#4119,0.995029000000001);
#62=CIRCLE('',#4120,0.995029000000001);
#63=CIRCLE('',#4122,0.547129443542053);
#64=CIRCLE('',#4123,0.547129443542053);
#65=CIRCLE('',#4129,389.600866646011);
#66=CIRCLE('',#4130,389.600866646011);
#67=CYLINDRICAL_SURFACE('',#4083,0.995029000000001);
#68=CYLINDRICAL_SURFACE('',#4086,0.547378974544044);
#69=CYLINDRICAL_SURFACE('',#4103,388.218089177716);
#70=CYLINDRICAL_SURFACE('',#4110,0.547378974544044);
#71=CYLINDRICAL_SURFACE('',#4115,0.547129443542053);
#72=CYLINDRICAL_SURFACE('',#4118,0.995029000000001);
#73=CYLINDRICAL_SURFACE('',#4121,0.547129443542053);
#74=CYLINDRICAL_SURFACE('',#4128,389.600866646011);
#75=B_SPLINE_CURVE_WITH_KNOTS('',3,(#5292,#5293,#5294,#5295),
 .UNSPECIFIED.,.F.,.F.,(4,4),(-0.192021726808736,0.),.UNSPECIFIED.);
#76=B_SPLINE_CURVE_WITH_KNOTS('',3,(#5303,#5304,#5305,#5306),
 .UNSPECIFIED.,.F.,.F.,(4,4),(-0.252239869778018,-0.0617911390416447),
 .UNSPECIFIED.);
#77=B_SPLINE_CURVE_WITH_KNOTS('',3,(#5313,#5314,#5315,#5316),
 .UNSPECIFIED.,.F.,.F.,(4,4),(-0.9446827882164,0.),.UNSPECIFIED.);
#78=B_SPLINE_CURVE_WITH_KNOTS('',3,(#5404,#5405,#5406,#5407),
 .UNSPECIFIED.,.F.,.F.,(4,4),(-1.00250991153341,-0.050393716412046),
 .UNSPECIFIED.);
#79=B_SPLINE_CURVE_WITH_KNOTS('',3,(#5548,#5549,#5550,#5551),
 .UNSPECIFIED.,.F.,.F.,(4,4),(-0.0733386628314315,-0.0599765115665166),
 .UNSPECIFIED.);
#80=B_SPLINE_CURVE_WITH_KNOTS('',3,(#5557,#5558,#5559,#5560),
 .UNSPECIFIED.,.F.,.F.,(4,4),(-0.0643888937289954,-0.0634654921663683),
 .UNSPECIFIED.);
#81=B_SPLINE_CURVE_WITH_KNOTS('',3,(#5566,#5567,#5568,#5569,#5570,#5571),
 .UNSPECIFIED.,.F.,.F.,(4,2,4),(-0.639310066606425,-0.309932484385161,0.),
 .UNSPECIFIED.);
#82=B_SPLINE_CURVE_WITH_KNOTS('',3,(#5658,#5659,#5660,#5661),
 .UNSPECIFIED.,.F.,.F.,(4,4),(-0.0137880625480315,0.),.UNSPECIFIED.);
#83=B_SPLINE_CURVE_WITH_KNOTS('',3,(#5667,#5668,#5669,#5670,#5671,#5672),
 .UNSPECIFIED.,.F.,.F.,(4,2,4),(-0.545090144928543,-0.27029504525767,-0.0138062604954119),
 .UNSPECIFIED.);
#84=B_SPLINE_CURVE_WITH_KNOTS('',3,(#5727,#5728,#5729,#5730,#5731,#5732),
 .UNSPECIFIED.,.F.,.F.,(4,2,4),(-0.557949645455849,-0.276561103960163,0.),
 .UNSPECIFIED.);
#85=B_SPLINE_CURVE_WITH_KNOTS('',3,(#5795,#5796,#5797,#5798,#5799,#5800),
 .UNSPECIFIED.,.F.,.F.,(4,2,4),(-0.549623967877962,-0.285507523486568,0.),
 .UNSPECIFIED.);
#86=B_SPLINE_CURVE_WITH_KNOTS('',3,(#5891,#5892,#5893,#5894,#5895,#5896),
 .UNSPECIFIED.,.F.,.F.,(4,1,1,4),(0.253623836019004,0.406753699383586,0.604502466255724,
1.),.UNSPECIFIED.);
#87=B_SPLINE_CURVE_WITH_KNOTS('',3,(#5916,#5917,#5918,#5919,#5920,#5921),
 .UNSPECIFIED.,.F.,.F.,(4,2,4),(0.,0.0112561656393097,0.0913981794519021),
 .UNSPECIFIED.);
#88=B_SPLINE_CURVE_WITH_KNOTS('',3,(#5968,#5969,#5970,#5971),
 .UNSPECIFIED.,.F.,.F.,(4,4),(0.,0.091321098595022),.UNSPECIFIED.);
#89=B_SPLINE_CURVE_WITH_KNOTS('',3,(#6009,#6010,#6011,#6012,#6013,#6014,
#6015),.UNSPECIFIED.,.F.,.F.,(4,1,1,1,4),(0.141729299450793,0.482405622715958,
0.654937081810639,0.827468540905319,1.),.UNSPECIFIED.);
#90=B_SPLINE_CURVE_WITH_KNOTS('',3,(#6083,#6084,#6085,#6086,#6087,#6088),
 .UNSPECIFIED.,.F.,.F.,(4,1,1,4),(0.,0.345063570629377,0.517595355944065,
0.858153595216761),.UNSPECIFIED.);
#91=B_SPLINE_CURVE_WITH_KNOTS('',3,(#6106,#6107,#6108,#6109),
 .UNSPECIFIED.,.F.,.F.,(4,4),(0.908250096928405,1.),.UNSPECIFIED.);
#92=B_SPLINE_CURVE_WITH_KNOTS('',3,(#6124,#6125,#6126,#6127,#6128,#6129,
#6130,#6131,#6132,#6133,#6134,#6135,#6136,#6137,#6138,#6139,#6140,#6141,
#6142,#6143,#6144,#6145),.UNSPECIFIED.,.F.,.F.,(4,3,3,3,3,3,3,4),(-0.905499989749086,
-0.779445055291814,-0.653390120834542,-0.52733518637727,-0.401280251919999,
-0.275225317462727,-0.149170383005455,-0.0231154485481841),
 .UNSPECIFIED.);
#93=B_SPLINE_CURVE_WITH_KNOTS('',3,(#6148,#6149,#6150,#6151,#6152,#6153,
#6154,#6155,#6156,#6157,#6158,#6159,#6160,#6161,#6162,#6163,#6164,#6165,
#6166,#6167,#6168,#6169),.UNSPECIFIED.,.F.,.F.,(4,3,3,3,3,3,3,4),(0.0231149288751469,
0.149169937367768,0.27522494586039,0.401279954353011,0.527334962845633,
0.653389971338254,0.779444979830876,0.905499988323494),.UNSPECIFIED.);
#94=B_SPLINE_CURVE_WITH_KNOTS('',3,(#6172,#6173,#6174,#6175,#6176,#6177),
 .UNSPECIFIED.,.F.,.F.,(4,1,1,4),(0.,0.395497532599251,0.593246298898877,
0.745150475163595),.UNSPECIFIED.);
#95=B_SPLINE_CURVE_WITH_KNOTS('',3,(#6183,#6184,#6185,#6186,#6187,#6188),
 .UNSPECIFIED.,.F.,.F.,(4,2,4),(0.908778424949537,0.988743831498128,1.),
 .UNSPECIFIED.);
#96=FACE_OUTER_BOUND('',#297,.T.);
#97=FACE_OUTER_BOUND('',#298,.T.);
#98=FACE_OUTER_BOUND('',#299,.T.);
#99=FACE_OUTER_BOUND('',#300,.T.);
#100=FACE_OUTER_BOUND('',#301,.T.);
#101=FACE_OUTER_BOUND('',#302,.T.);
#102=FACE_OUTER_BOUND('',#303,.T.);
#103=FACE_OUTER_BOUND('',#304,.T.);
#104=FACE_OUTER_BOUND('',#305,.T.);
#105=FACE_OUTER_BOUND('',#306,.T.);
#106=FACE_OUTER_BOUND('',#307,.T.);
#107=FACE_OUTER_BOUND('',#308,.T.);
#108=FACE_OUTER_BOUND('',#309,.T.);
#109=FACE_OUTER_BOUND('',#310,.T.);
#110=FACE_OUTER_BOUND('',#311,.T.);
#111=FACE_OUTER_BOUND('',#312,.T.);
#112=FACE_OUTER_BOUND('',#313,.T.);
#113=FACE_OUTER_BOUND('',#314,.T.);
#114=FACE_OUTER_BOUND('',#315,.T.);
#115=FACE_OUTER_BOUND('',#316,.T.);
#116=FACE_OUTER_BOUND('',#317,.T.);
#117=FACE_OUTER_BOUND('',#318,.T.);
#118=FACE_OUTER_BOUND('',#319,.T.);
#119=FACE_OUTER_BOUND('',#320,.T.);
#120=FACE_OUTER_BOUND('',#321,.T.);
#121=FACE_OUTER_BOUND('',#322,.T.);
#122=FACE_OUTER_BOUND('',#323,.T.);
#123=FACE_OUTER_BOUND('',#324,.T.);
#124=FACE_OUTER_BOUND('',#325,.T.);
#125=FACE_OUTER_BOUND('',#326,.T.);
#126=FACE_OUTER_BOUND('',#327,.T.);
#127=FACE_OUTER_BOUND('',#328,.T.);
#128=FACE_OUTER_BOUND('',#329,.T.);
#129=FACE_OUTER_BOUND('',#330,.T.);
#130=FACE_OUTER_BOUND('',#331,.T.);
#131=FACE_OUTER_BOUND('',#332,.T.);
#132=FACE_OUTER_BOUND('',#333,.T.);
#133=FACE_OUTER_BOUND('',#334,.T.);
#134=FACE_OUTER_BOUND('',#335,.T.);
#135=FACE_OUTER_BOUND('',#336,.T.);
#136=FACE_OUTER_BOUND('',#337,.T.);
#137=FACE_OUTER_BOUND('',#338,.T.);
#138=FACE_OUTER_BOUND('',#339,.T.);
#139=FACE_OUTER_BOUND('',#340,.T.);
#140=FACE_OUTER_BOUND('',#341,.T.);
#141=FACE_OUTER_BOUND('',#342,.T.);
#142=FACE_OUTER_BOUND('',#343,.T.);
#143=FACE_OUTER_BOUND('',#344,.T.);
#144=FACE_OUTER_BOUND('',#345,.T.);
#145=FACE_OUTER_BOUND('',#346,.T.);
#146=FACE_OUTER_BOUND('',#347,.T.);
#147=FACE_OUTER_BOUND('',#348,.T.);
#148=FACE_OUTER_BOUND('',#349,.T.);
#149=FACE_OUTER_BOUND('',#350,.T.);
#150=FACE_OUTER_BOUND('',#351,.T.);
#151=FACE_OUTER_BOUND('',#352,.T.);
#152=FACE_OUTER_BOUND('',#353,.T.);
#153=FACE_OUTER_BOUND('',#354,.T.);
#154=FACE_OUTER_BOUND('',#355,.T.);
#155=FACE_OUTER_BOUND('',#356,.T.);
#156=FACE_OUTER_BOUND('',#357,.T.);
#157=FACE_OUTER_BOUND('',#358,.T.);
#158=FACE_OUTER_BOUND('',#359,.T.);
#159=FACE_OUTER_BOUND('',#360,.T.);
#160=FACE_OUTER_BOUND('',#361,.T.);
#161=FACE_OUTER_BOUND('',#362,.T.);
#162=FACE_OUTER_BOUND('',#363,.T.);
#163=FACE_OUTER_BOUND('',#364,.T.);
#164=FACE_OUTER_BOUND('',#365,.T.);
#165=FACE_OUTER_BOUND('',#366,.T.);
#166=FACE_OUTER_BOUND('',#367,.T.);
#167=FACE_OUTER_BOUND('',#368,.T.);
#168=FACE_OUTER_BOUND('',#369,.T.);
#169=FACE_OUTER_BOUND('',#370,.T.);
#170=FACE_OUTER_BOUND('',#371,.T.);
#171=FACE_OUTER_BOUND('',#372,.T.);
#172=FACE_OUTER_BOUND('',#373,.T.);
#173=FACE_OUTER_BOUND('',#374,.T.);
#174=FACE_OUTER_BOUND('',#375,.T.);
#175=FACE_OUTER_BOUND('',#376,.T.);
#176=FACE_OUTER_BOUND('',#377,.T.);
#177=FACE_OUTER_BOUND('',#378,.T.);
#178=FACE_OUTER_BOUND('',#379,.T.);
#179=FACE_OUTER_BOUND('',#380,.T.);
#180=FACE_OUTER_BOUND('',#381,.T.);
#181=FACE_OUTER_BOUND('',#382,.T.);
#182=FACE_OUTER_BOUND('',#383,.T.);
#183=FACE_OUTER_BOUND('',#384,.T.);
#184=FACE_OUTER_BOUND('',#385,.T.);
#185=FACE_OUTER_BOUND('',#386,.T.);
#186=FACE_OUTER_BOUND('',#387,.T.);
#187=FACE_OUTER_BOUND('',#388,.T.);
#188=FACE_OUTER_BOUND('',#389,.T.);
#189=FACE_OUTER_BOUND('',#390,.T.);
#190=FACE_OUTER_BOUND('',#391,.T.);
#191=FACE_OUTER_BOUND('',#392,.T.);
#192=FACE_OUTER_BOUND('',#393,.T.);
#193=FACE_OUTER_BOUND('',#394,.T.);
#194=FACE_OUTER_BOUND('',#395,.T.);
#195=FACE_OUTER_BOUND('',#396,.T.);
#196=FACE_OUTER_BOUND('',#397,.T.);
#197=FACE_OUTER_BOUND('',#398,.T.);
#198=FACE_OUTER_BOUND('',#399,.T.);
#199=FACE_OUTER_BOUND('',#400,.T.);
#200=FACE_OUTER_BOUND('',#401,.T.);
#201=FACE_OUTER_BOUND('',#402,.T.);
#202=FACE_OUTER_BOUND('',#403,.T.);
#203=FACE_OUTER_BOUND('',#404,.T.);
#204=FACE_OUTER_BOUND('',#405,.T.);
#205=FACE_OUTER_BOUND('',#406,.T.);
#206=FACE_OUTER_BOUND('',#407,.T.);
#207=FACE_OUTER_BOUND('',#408,.T.);
#208=FACE_OUTER_BOUND('',#409,.T.);
#209=FACE_OUTER_BOUND('',#410,.T.);
#210=FACE_OUTER_BOUND('',#411,.T.);
#211=FACE_OUTER_BOUND('',#412,.T.);
#212=FACE_OUTER_BOUND('',#413,.T.);
#213=FACE_OUTER_BOUND('',#414,.T.);
#214=FACE_OUTER_BOUND('',#415,.T.);
#215=FACE_OUTER_BOUND('',#416,.T.);
#216=FACE_OUTER_BOUND('',#417,.T.);
#217=FACE_OUTER_BOUND('',#418,.T.);
#218=FACE_OUTER_BOUND('',#419,.T.);
#219=FACE_OUTER_BOUND('',#420,.T.);
#220=FACE_OUTER_BOUND('',#421,.T.);
#221=FACE_OUTER_BOUND('',#422,.T.);
#222=FACE_OUTER_BOUND('',#423,.T.);
#223=FACE_OUTER_BOUND('',#424,.T.);
#224=FACE_OUTER_BOUND('',#425,.T.);
#225=FACE_OUTER_BOUND('',#426,.T.);
#226=FACE_OUTER_BOUND('',#427,.T.);
#227=FACE_OUTER_BOUND('',#428,.T.);
#228=FACE_OUTER_BOUND('',#429,.T.);
#229=FACE_OUTER_BOUND('',#430,.T.);
#230=FACE_OUTER_BOUND('',#431,.T.);
#231=FACE_OUTER_BOUND('',#432,.T.);
#232=FACE_OUTER_BOUND('',#433,.T.);
#233=FACE_OUTER_BOUND('',#434,.T.);
#234=FACE_OUTER_BOUND('',#435,.T.);
#235=FACE_OUTER_BOUND('',#436,.T.);
#236=FACE_OUTER_BOUND('',#437,.T.);
#237=FACE_OUTER_BOUND('',#438,.T.);
#238=FACE_OUTER_BOUND('',#439,.T.);
#239=FACE_OUTER_BOUND('',#440,.T.);
#240=FACE_OUTER_BOUND('',#441,.T.);
#241=FACE_OUTER_BOUND('',#442,.T.);
#242=FACE_OUTER_BOUND('',#443,.T.);
#243=FACE_OUTER_BOUND('',#444,.T.);
#244=FACE_OUTER_BOUND('',#445,.T.);
#245=FACE_OUTER_BOUND('',#446,.T.);
#246=FACE_OUTER_BOUND('',#447,.T.);
#247=FACE_OUTER_BOUND('',#448,.T.);
#248=FACE_OUTER_BOUND('',#449,.T.);
#249=FACE_OUTER_BOUND('',#450,.T.);
#250=FACE_OUTER_BOUND('',#451,.T.);
#251=FACE_OUTER_BOUND('',#452,.T.);
#252=FACE_OUTER_BOUND('',#453,.T.);
#253=FACE_OUTER_BOUND('',#454,.T.);
#254=FACE_OUTER_BOUND('',#455,.T.);
#255=FACE_OUTER_BOUND('',#456,.T.);
#256=FACE_OUTER_BOUND('',#457,.T.);
#257=FACE_OUTER_BOUND('',#458,.T.);
#258=FACE_OUTER_BOUND('',#459,.T.);
#259=FACE_OUTER_BOUND('',#460,.T.);
#260=FACE_OUTER_BOUND('',#461,.T.);
#261=FACE_OUTER_BOUND('',#462,.T.);
#262=FACE_OUTER_BOUND('',#463,.T.);
#263=FACE_OUTER_BOUND('',#464,.T.);
#264=FACE_OUTER_BOUND('',#465,.T.);
#265=FACE_OUTER_BOUND('',#466,.T.);
#266=FACE_OUTER_BOUND('',#467,.T.);
#267=FACE_OUTER_BOUND('',#468,.T.);
#268=FACE_OUTER_BOUND('',#469,.T.);
#269=FACE_OUTER_BOUND('',#470,.T.);
#270=FACE_OUTER_BOUND('',#471,.T.);
#271=FACE_OUTER_BOUND('',#472,.T.);
#272=FACE_OUTER_BOUND('',#473,.T.);
#273=FACE_OUTER_BOUND('',#474,.T.);
#274=FACE_OUTER_BOUND('',#475,.T.);
#275=FACE_OUTER_BOUND('',#476,.T.);
#276=FACE_OUTER_BOUND('',#477,.T.);
#277=FACE_OUTER_BOUND('',#478,.T.);
#278=FACE_OUTER_BOUND('',#479,.T.);
#279=FACE_OUTER_BOUND('',#480,.T.);
#280=FACE_OUTER_BOUND('',#481,.T.);
#281=FACE_OUTER_BOUND('',#482,.T.);
#282=FACE_OUTER_BOUND('',#483,.T.);
#283=FACE_OUTER_BOUND('',#484,.T.);
#284=FACE_OUTER_BOUND('',#485,.T.);
#285=FACE_OUTER_BOUND('',#486,.T.);
#286=FACE_OUTER_BOUND('',#487,.T.);
#287=FACE_OUTER_BOUND('',#488,.T.);
#288=FACE_OUTER_BOUND('',#489,.T.);
#289=FACE_OUTER_BOUND('',#490,.T.);
#290=FACE_OUTER_BOUND('',#491,.T.);
#291=FACE_OUTER_BOUND('',#492,.T.);
#292=FACE_OUTER_BOUND('',#493,.T.);
#293=FACE_OUTER_BOUND('',#494,.T.);
#294=FACE_OUTER_BOUND('',#495,.T.);
#295=FACE_OUTER_BOUND('',#496,.T.);
#296=FACE_OUTER_BOUND('',#497,.T.);
#297=EDGE_LOOP('',(#2483,#2484,#2485,#2486,#2487,#2488,#2489,#2490,#2491,
#2492,#2493,#2494,#2495,#2496,#2497,#2498,#2499,#2500,#2501,#2502,#2503,
#2504,#2505,#2506,#2507,#2508,#2509,#2510,#2511,#2512,#2513,#2514,#2515,
#2516,#2517,#2518,#2519,#2520,#2521,#2522,#2523,#2524,#2525,#2526,#2527,
#2528,#2529,#2530,#2531,#2532,#2533,#2534,#2535,#2536,#2537,#2538,#2539));
#298=EDGE_LOOP('',(#2540,#2541,#2542,#2543,#2544,#2545,#2546,#2547));
#299=EDGE_LOOP('',(#2548,#2549,#2550,#2551,#2552));
#300=EDGE_LOOP('',(#2553,#2554,#2555,#2556,#2557));
#301=EDGE_LOOP('',(#2558,#2559,#2560,#2561,#2562));
#302=EDGE_LOOP('',(#2563,#2564,#2565,#2566));
#303=EDGE_LOOP('',(#2567,#2568,#2569,#2570,#2571));
#304=EDGE_LOOP('',(#2572,#2573,#2574,#2575));
#305=EDGE_LOOP('',(#2576,#2577,#2578,#2579));
#306=EDGE_LOOP('',(#2580,#2581,#2582,#2583,#2584));
#307=EDGE_LOOP('',(#2585,#2586,#2587,#2588,#2589,#2590));
#308=EDGE_LOOP('',(#2591,#2592,#2593,#2594));
#309=EDGE_LOOP('',(#2595,#2596,#2597,#2598));
#310=EDGE_LOOP('',(#2599,#2600,#2601,#2602,#2603));
#311=EDGE_LOOP('',(#2604,#2605,#2606,#2607));
#312=EDGE_LOOP('',(#2608,#2609,#2610,#2611));
#313=EDGE_LOOP('',(#2612,#2613,#2614,#2615));
#314=EDGE_LOOP('',(#2616,#2617,#2618,#2619));
#315=EDGE_LOOP('',(#2620,#2621,#2622,#2623));
#316=EDGE_LOOP('',(#2624,#2625,#2626,#2627));
#317=EDGE_LOOP('',(#2628,#2629,#2630,#2631));
#318=EDGE_LOOP('',(#2632,#2633,#2634,#2635));
#319=EDGE_LOOP('',(#2636,#2637,#2638,#2639));
#320=EDGE_LOOP('',(#2640,#2641,#2642,#2643,#2644));
#321=EDGE_LOOP('',(#2645,#2646,#2647,#2648));
#322=EDGE_LOOP('',(#2649,#2650,#2651,#2652));
#323=EDGE_LOOP('',(#2653,#2654,#2655,#2656));
#324=EDGE_LOOP('',(#2657,#2658,#2659,#2660));
#325=EDGE_LOOP('',(#2661,#2662,#2663,#2664));
#326=EDGE_LOOP('',(#2665,#2666,#2667,#2668));
#327=EDGE_LOOP('',(#2669,#2670,#2671,#2672));
#328=EDGE_LOOP('',(#2673,#2674,#2675,#2676));
#329=EDGE_LOOP('',(#2677,#2678,#2679,#2680,#2681));
#330=EDGE_LOOP('',(#2682,#2683,#2684,#2685));
#331=EDGE_LOOP('',(#2686,#2687,#2688,#2689));
#332=EDGE_LOOP('',(#2690,#2691,#2692,#2693));
#333=EDGE_LOOP('',(#2694,#2695,#2696,#2697));
#334=EDGE_LOOP('',(#2698,#2699,#2700,#2701));
#335=EDGE_LOOP('',(#2702,#2703,#2704,#2705));
#336=EDGE_LOOP('',(#2706,#2707,#2708,#2709));
#337=EDGE_LOOP('',(#2710,#2711,#2712,#2713));
#338=EDGE_LOOP('',(#2714,#2715,#2716,#2717));
#339=EDGE_LOOP('',(#2718,#2719,#2720,#2721));
#340=EDGE_LOOP('',(#2722,#2723,#2724,#2725));
#341=EDGE_LOOP('',(#2726,#2727,#2728,#2729));
#342=EDGE_LOOP('',(#2730,#2731,#2732,#2733,#2734,#2735));
#343=EDGE_LOOP('',(#2736,#2737,#2738,#2739));
#344=EDGE_LOOP('',(#2740,#2741,#2742,#2743));
#345=EDGE_LOOP('',(#2744,#2745,#2746,#2747));
#346=EDGE_LOOP('',(#2748,#2749,#2750,#2751));
#347=EDGE_LOOP('',(#2752,#2753,#2754,#2755));
#348=EDGE_LOOP('',(#2756,#2757,#2758,#2759));
#349=EDGE_LOOP('',(#2760,#2761,#2762,#2763));
#350=EDGE_LOOP('',(#2764,#2765,#2766,#2767));
#351=EDGE_LOOP('',(#2768,#2769,#2770,#2771));
#352=EDGE_LOOP('',(#2772,#2773,#2774,#2775));
#353=EDGE_LOOP('',(#2776,#2777,#2778,#2779));
#354=EDGE_LOOP('',(#2780,#2781,#2782));
#355=EDGE_LOOP('',(#2783,#2784,#2785,#2786));
#356=EDGE_LOOP('',(#2787,#2788,#2789,#2790,#2791));
#357=EDGE_LOOP('',(#2792,#2793,#2794,#2795));
#358=EDGE_LOOP('',(#2796,#2797,#2798,#2799));
#359=EDGE_LOOP('',(#2800,#2801,#2802,#2803));
#360=EDGE_LOOP('',(#2804,#2805,#2806,#2807));
#361=EDGE_LOOP('',(#2808,#2809,#2810,#2811));
#362=EDGE_LOOP('',(#2812,#2813,#2814,#2815));
#363=EDGE_LOOP('',(#2816,#2817,#2818,#2819));
#364=EDGE_LOOP('',(#2820,#2821,#2822,#2823));
#365=EDGE_LOOP('',(#2824,#2825,#2826,#2827));
#366=EDGE_LOOP('',(#2828,#2829,#2830,#2831));
#367=EDGE_LOOP('',(#2832,#2833,#2834,#2835));
#368=EDGE_LOOP('',(#2836,#2837,#2838,#2839));
#369=EDGE_LOOP('',(#2840,#2841,#2842,#2843));
#370=EDGE_LOOP('',(#2844,#2845,#2846));
#371=EDGE_LOOP('',(#2847,#2848,#2849,#2850,#2851));
#372=EDGE_LOOP('',(#2852,#2853,#2854,#2855));
#373=EDGE_LOOP('',(#2856,#2857,#2858,#2859));
#374=EDGE_LOOP('',(#2860,#2861,#2862,#2863));
#375=EDGE_LOOP('',(#2864,#2865,#2866,#2867));
#376=EDGE_LOOP('',(#2868,#2869,#2870,#2871));
#377=EDGE_LOOP('',(#2872,#2873,#2874,#2875));
#378=EDGE_LOOP('',(#2876,#2877,#2878,#2879));
#379=EDGE_LOOP('',(#2880,#2881,#2882,#2883,#2884,#2885,#2886,#2887,#2888,
#2889,#2890,#2891,#2892,#2893,#2894,#2895,#2896,#2897,#2898,#2899,#2900,
#2901,#2902,#2903,#2904,#2905));
#380=EDGE_LOOP('',(#2906,#2907,#2908,#2909));
#381=EDGE_LOOP('',(#2910,#2911,#2912,#2913));
#382=EDGE_LOOP('',(#2914,#2915,#2916,#2917));
#383=EDGE_LOOP('',(#2918,#2919,#2920,#2921));
#384=EDGE_LOOP('',(#2922,#2923,#2924,#2925));
#385=EDGE_LOOP('',(#2926,#2927,#2928,#2929));
#386=EDGE_LOOP('',(#2930,#2931,#2932,#2933));
#387=EDGE_LOOP('',(#2934,#2935,#2936,#2937));
#388=EDGE_LOOP('',(#2938,#2939,#2940,#2941));
#389=EDGE_LOOP('',(#2942,#2943,#2944,#2945));
#390=EDGE_LOOP('',(#2946,#2947,#2948,#2949));
#391=EDGE_LOOP('',(#2950,#2951,#2952,#2953));
#392=EDGE_LOOP('',(#2954,#2955,#2956,#2957));
#393=EDGE_LOOP('',(#2958,#2959,#2960,#2961));
#394=EDGE_LOOP('',(#2962,#2963,#2964,#2965));
#395=EDGE_LOOP('',(#2966,#2967,#2968,#2969));
#396=EDGE_LOOP('',(#2970,#2971,#2972,#2973));
#397=EDGE_LOOP('',(#2974,#2975,#2976,#2977));
#398=EDGE_LOOP('',(#2978,#2979,#2980,#2981));
#399=EDGE_LOOP('',(#2982,#2983,#2984,#2985,#2986,#2987,#2988,#2989,#2990,
#2991,#2992,#2993,#2994,#2995,#2996,#2997,#2998,#2999,#3000,#3001));
#400=EDGE_LOOP('',(#3002,#3003,#3004,#3005,#3006,#3007,#3008));
#401=EDGE_LOOP('',(#3009,#3010,#3011,#3012));
#402=EDGE_LOOP('',(#3013,#3014,#3015,#3016,#3017,#3018));
#403=EDGE_LOOP('',(#3019,#3020,#3021,#3022,#3023));
#404=EDGE_LOOP('',(#3024,#3025,#3026,#3027,#3028));
#405=EDGE_LOOP('',(#3029,#3030,#3031,#3032,#3033));
#406=EDGE_LOOP('',(#3034,#3035,#3036,#3037,#3038,#3039));
#407=EDGE_LOOP('',(#3040,#3041,#3042,#3043));
#408=EDGE_LOOP('',(#3044,#3045,#3046,#3047));
#409=EDGE_LOOP('',(#3048,#3049,#3050,#3051,#3052,#3053,#3054,#3055,#3056,
#3057,#3058));
#410=EDGE_LOOP('',(#3059,#3060,#3061,#3062,#3063,#3064,#3065,#3066,#3067,
#3068,#3069,#3070,#3071,#3072,#3073,#3074,#3075,#3076,#3077,#3078,#3079,
#3080,#3081,#3082,#3083,#3084,#3085,#3086,#3087,#3088,#3089,#3090,#3091,
#3092,#3093,#3094,#3095,#3096));
#411=EDGE_LOOP('',(#3097,#3098,#3099,#3100,#3101,#3102,#3103,#3104,#3105,
#3106,#3107,#3108,#3109,#3110,#3111,#3112,#3113,#3114,#3115,#3116,#3117,
#3118,#3119,#3120,#3121,#3122,#3123,#3124,#3125,#3126,#3127,#3128,#3129,
#3130,#3131,#3132,#3133,#3134,#3135,#3136,#3137,#3138));
#412=EDGE_LOOP('',(#3139,#3140,#3141,#3142,#3143,#3144,#3145,#3146,#3147,
#3148,#3149));
#413=EDGE_LOOP('',(#3150,#3151,#3152,#3153,#3154,#3155,#3156,#3157));
#414=EDGE_LOOP('',(#3158,#3159,#3160,#3161,#3162));
#415=EDGE_LOOP('',(#3163,#3164,#3165,#3166,#3167));
#416=EDGE_LOOP('',(#3168,#3169,#3170,#3171));
#417=EDGE_LOOP('',(#3172,#3173,#3174,#3175));
#418=EDGE_LOOP('',(#3176,#3177,#3178,#3179,#3180,#3181,#3182));
#419=EDGE_LOOP('',(#3183,#3184,#3185,#3186));
#420=EDGE_LOOP('',(#3187,#3188,#3189,#3190));
#421=EDGE_LOOP('',(#3191,#3192,#3193,#3194,#3195,#3196,#3197));
#422=EDGE_LOOP('',(#3198,#3199,#3200,#3201));
#423=EDGE_LOOP('',(#3202,#3203,#3204,#3205));
#424=EDGE_LOOP('',(#3206,#3207,#3208,#3209,#3210,#3211));
#425=EDGE_LOOP('',(#3212,#3213,#3214,#3215));
#426=EDGE_LOOP('',(#3216,#3217,#3218,#3219));
#427=EDGE_LOOP('',(#3220,#3221,#3222,#3223));
#428=EDGE_LOOP('',(#3224,#3225,#3226,#3227,#3228,#3229));
#429=EDGE_LOOP('',(#3230,#3231,#3232,#3233));
#430=EDGE_LOOP('',(#3234,#3235,#3236,#3237));
#431=EDGE_LOOP('',(#3238,#3239,#3240,#3241,#3242,#3243,#3244,#3245));
#432=EDGE_LOOP('',(#3246,#3247,#3248,#3249));
#433=EDGE_LOOP('',(#3250,#3251,#3252,#3253));
#434=EDGE_LOOP('',(#3254,#3255,#3256,#3257));
#435=EDGE_LOOP('',(#3258,#3259,#3260,#3261));
#436=EDGE_LOOP('',(#3262,#3263,#3264,#3265));
#437=EDGE_LOOP('',(#3266,#3267,#3268,#3269));
#438=EDGE_LOOP('',(#3270,#3271,#3272,#3273,#3274,#3275,#3276,#3277,#3278,
#3279,#3280,#3281,#3282,#3283,#3284));
#439=EDGE_LOOP('',(#3285,#3286,#3287,#3288));
#440=EDGE_LOOP('',(#3289,#3290,#3291,#3292));
#441=EDGE_LOOP('',(#3293,#3294,#3295,#3296));
#442=EDGE_LOOP('',(#3297,#3298,#3299,#3300));
#443=EDGE_LOOP('',(#3301,#3302,#3303,#3304));
#444=EDGE_LOOP('',(#3305,#3306,#3307,#3308));
#445=EDGE_LOOP('',(#3309,#3310,#3311,#3312));
#446=EDGE_LOOP('',(#3313,#3314,#3315,#3316));
#447=EDGE_LOOP('',(#3317,#3318,#3319,#3320));
#448=EDGE_LOOP('',(#3321,#3322,#3323,#3324));
#449=EDGE_LOOP('',(#3325,#3326,#3327,#3328));
#450=EDGE_LOOP('',(#3329,#3330,#3331,#3332));
#451=EDGE_LOOP('',(#3333,#3334,#3335,#3336));
#452=EDGE_LOOP('',(#3337,#3338,#3339,#3340));
#453=EDGE_LOOP('',(#3341,#3342,#3343,#3344));
#454=EDGE_LOOP('',(#3345,#3346,#3347,#3348));
#455=EDGE_LOOP('',(#3349,#3350,#3351,#3352));
#456=EDGE_LOOP('',(#3353,#3354,#3355,#3356));
#457=EDGE_LOOP('',(#3357,#3358,#3359,#3360));
#458=EDGE_LOOP('',(#3361,#3362,#3363,#3364));
#459=EDGE_LOOP('',(#3365,#3366,#3367,#3368));
#460=EDGE_LOOP('',(#3369,#3370,#3371,#3372));
#461=EDGE_LOOP('',(#3373,#3374,#3375,#3376));
#462=EDGE_LOOP('',(#3377,#3378,#3379,#3380));
#463=EDGE_LOOP('',(#3381,#3382,#3383,#3384));
#464=EDGE_LOOP('',(#3385,#3386,#3387,#3388));
#465=EDGE_LOOP('',(#3389,#3390,#3391,#3392));
#466=EDGE_LOOP('',(#3393,#3394,#3395,#3396));
#467=EDGE_LOOP('',(#3397,#3398,#3399,#3400));
#468=EDGE_LOOP('',(#3401,#3402,#3403,#3404));
#469=EDGE_LOOP('',(#3405,#3406,#3407,#3408));
#470=EDGE_LOOP('',(#3409,#3410,#3411,#3412));
#471=EDGE_LOOP('',(#3413,#3414,#3415,#3416));
#472=EDGE_LOOP('',(#3417,#3418,#3419,#3420));
#473=EDGE_LOOP('',(#3421,#3422,#3423,#3424));
#474=EDGE_LOOP('',(#3425,#3426,#3427,#3428));
#475=EDGE_LOOP('',(#3429,#3430,#3431,#3432));
#476=EDGE_LOOP('',(#3433,#3434,#3435,#3436));
#477=EDGE_LOOP('',(#3437,#3438,#3439,#3440));
#478=EDGE_LOOP('',(#3441,#3442,#3443,#3444));
#479=EDGE_LOOP('',(#3445,#3446,#3447,#3448));
#480=EDGE_LOOP('',(#3449,#3450,#3451,#3452));
#481=EDGE_LOOP('',(#3453,#3454,#3455,#3456));
#482=EDGE_LOOP('',(#3457,#3458,#3459,#3460));
#483=EDGE_LOOP('',(#3461,#3462,#3463,#3464));
#484=EDGE_LOOP('',(#3465,#3466,#3467,#3468));
#485=EDGE_LOOP('',(#3469,#3470,#3471,#3472));
#486=EDGE_LOOP('',(#3473,#3474,#3475,#3476));
#487=EDGE_LOOP('',(#3477,#3478,#3479,#3480));
#488=EDGE_LOOP('',(#3481,#3482,#3483,#3484));
#489=EDGE_LOOP('',(#3485,#3486,#3487,#3488));
#490=EDGE_LOOP('',(#3489,#3490,#3491,#3492));
#491=EDGE_LOOP('',(#3493,#3494,#3495,#3496));
#492=EDGE_LOOP('',(#3497,#3498,#3499,#3500));
#493=EDGE_LOOP('',(#3501,#3502,#3503,#3504));
#494=EDGE_LOOP('',(#3505,#3506,#3507,#3508));
#495=EDGE_LOOP('',(#3509,#3510,#3511,#3512));
#496=EDGE_LOOP('',(#3513,#3514,#3515,#3516,#3517,#3518,#3519,#3520,#3521,
#3522,#3523,#3524,#3525,#3526,#3527,#3528,#3529,#3530,#3531,#3532,#3533,
#3534,#3535,#3536,#3537,#3538,#3539,#3540,#3541,#3542,#3543,#3544,#3545,
#3546,#3547,#3548,#3549,#3550,#3551,#3552,#3553,#3554,#3555,#3556,#3557,
#3558,#3559,#3560,#3561,#3562,#3563,#3564,#3565,#3566,#3567,#3568,#3569));
#497=EDGE_LOOP('',(#3570,#3571,#3572,#3573,#3574,#3575,#3576,#3577,#3578,
#3579,#3580,#3581,#3582,#3583,#3584,#3585,#3586,#3587,#3588,#3589,#3590,
#3591,#3592,#3593,#3594,#3595,#3596,#3597,#3598,#3599,#3600,#3601,#3602,
#3603,#3604,#3605,#3606,#3607,#3608,#3609,#3610,#3611,#3612,#3613,#3614,
#3615,#3616,#3617,#3618,#3619,#3620,#3621,#3622,#3623,#3624,#3625,#3626));
#498=LINE('',#5163,#1017);
#499=LINE('',#5165,#1018);
#500=LINE('',#5167,#1019);
#501=LINE('',#5169,#1020);
#502=LINE('',#5171,#1021);
#503=LINE('',#5173,#1022);
#504=LINE('',#5175,#1023);
#505=LINE('',#5177,#1024);
#506=LINE('',#5179,#1025);
#507=LINE('',#5181,#1026);
#508=LINE('',#5183,#1027);
#509=LINE('',#5185,#1028);
#510=LINE('',#5187,#1029);
#511=LINE('',#5189,#1030);
#512=LINE('',#5191,#1031);
#513=LINE('',#5193,#1032);
#514=LINE('',#5195,#1033);
#515=LINE('',#5197,#1034);
#516=LINE('',#5199,#1035);
#517=LINE('',#5201,#1036);
#518=LINE('',#5203,#1037);
#519=LINE('',#5205,#1038);
#520=LINE('',#5207,#1039);
#521=LINE('',#5209,#1040);
#522=LINE('',#5211,#1041);
#523=LINE('',#5213,#1042);
#524=LINE('',#5215,#1043);
#525=LINE('',#5217,#1044);
#526=LINE('',#5219,#1045);
#527=LINE('',#5221,#1046);
#528=LINE('',#5223,#1047);
#529=LINE('',#5225,#1048);
#530=LINE('',#5227,#1049);
#531=LINE('',#5229,#1050);
#532=LINE('',#5231,#1051);
#533=LINE('',#5233,#1052);
#534=LINE('',#5235,#1053);
#535=LINE('',#5237,#1054);
#536=LINE('',#5239,#1055);
#537=LINE('',#5241,#1056);
#538=LINE('',#5243,#1057);
#539=LINE('',#5245,#1058);
#540=LINE('',#5247,#1059);
#541=LINE('',#5249,#1060);
#542=LINE('',#5251,#1061);
#543=LINE('',#5253,#1062);
#544=LINE('',#5255,#1063);
#545=LINE('',#5257,#1064);
#546=LINE('',#5259,#1065);
#547=LINE('',#5261,#1066);
#548=LINE('',#5263,#1067);
#549=LINE('',#5265,#1068);
#550=LINE('',#5267,#1069);
#551=LINE('',#5269,#1070);
#552=LINE('',#5271,#1071);
#553=LINE('',#5273,#1072);
#554=LINE('',#5274,#1073);
#555=LINE('',#5277,#1074);
#556=LINE('',#5279,#1075);
#557=LINE('',#5281,#1076);
#558=LINE('',#5283,#1077);
#559=LINE('',#5285,#1078);
#560=LINE('',#5287,#1079);
#561=LINE('',#5288,#1080);
#562=LINE('',#5296,#1081);
#563=LINE('',#5298,#1082);
#564=LINE('',#5299,#1083);
#565=LINE('',#5308,#1084);
#566=LINE('',#5309,#1085);
#567=LINE('',#5310,#1086);
#568=LINE('',#5318,#1087);
#569=LINE('',#5319,#1088);
#570=LINE('',#5323,#1089);
#571=LINE('',#5324,#1090);
#572=LINE('',#5325,#1091);
#573=LINE('',#5328,#1092);
#574=LINE('',#5330,#1093);
#575=LINE('',#5331,#1094);
#576=LINE('',#5334,#1095);
#577=LINE('',#5335,#1096);
#578=LINE('',#5338,#1097);
#579=LINE('',#5339,#1098);
#580=LINE('',#5342,#1099);
#581=LINE('',#5344,#1100);
#582=LINE('',#5345,#1101);
#583=LINE('',#5349,#1102);
#584=LINE('',#5350,#1103);
#585=LINE('',#5352,#1104);
#586=LINE('',#5354,#1105);
#587=LINE('',#5355,#1106);
#588=LINE('',#5358,#1107);
#589=LINE('',#5359,#1108);
#590=LINE('',#5362,#1109);
#591=LINE('',#5363,#1110);
#592=LINE('',#5366,#1111);
#593=LINE('',#5368,#1112);
#594=LINE('',#5369,#1113);
#595=LINE('',#5372,#1114);
#596=LINE('',#5373,#1115);
#597=LINE('',#5376,#1116);
#598=LINE('',#5377,#1117);
#599=LINE('',#5380,#1118);
#600=LINE('',#5381,#1119);
#601=LINE('',#5384,#1120);
#602=LINE('',#5385,#1121);
#603=LINE('',#5388,#1122);
#604=LINE('',#5389,#1123);
#605=LINE('',#5392,#1124);
#606=LINE('',#5393,#1125);
#607=LINE('',#5395,#1126);
#608=LINE('',#5398,#1127);
#609=LINE('',#5399,#1128);
#610=LINE('',#5401,#1129);
#611=LINE('',#5409,#1130);
#612=LINE('',#5410,#1131);
#613=LINE('',#5413,#1132);
#614=LINE('',#5414,#1133);
#615=LINE('',#5417,#1134);
#616=LINE('',#5418,#1135);
#617=LINE('',#5421,#1136);
#618=LINE('',#5422,#1137);
#619=LINE('',#5425,#1138);
#620=LINE('',#5426,#1139);
#621=LINE('',#5429,#1140);
#622=LINE('',#5430,#1141);
#623=LINE('',#5433,#1142);
#624=LINE('',#5434,#1143);
#625=LINE('',#5436,#1144);
#626=LINE('',#5439,#1145);
#627=LINE('',#5440,#1146);
#628=LINE('',#5444,#1147);
#629=LINE('',#5446,#1148);
#630=LINE('',#5447,#1149);
#631=LINE('',#5448,#1150);
#632=LINE('',#5451,#1151);
#633=LINE('',#5452,#1152);
#634=LINE('',#5455,#1153);
#635=LINE('',#5456,#1154);
#636=LINE('',#5459,#1155);
#637=LINE('',#5460,#1156);
#638=LINE('',#5463,#1157);
#639=LINE('',#5464,#1158);
#640=LINE('',#5467,#1159);
#641=LINE('',#5468,#1160);
#642=LINE('',#5471,#1161);
#643=LINE('',#5472,#1162);
#644=LINE('',#5475,#1163);
#645=LINE('',#5476,#1164);
#646=LINE('',#5479,#1165);
#647=LINE('',#5480,#1166);
#648=LINE('',#5483,#1167);
#649=LINE('',#5484,#1168);
#650=LINE('',#5487,#1169);
#651=LINE('',#5488,#1170);
#652=LINE('',#5491,#1171);
#653=LINE('',#5492,#1172);
#654=LINE('',#5494,#1173);
#655=LINE('',#5497,#1174);
#656=LINE('',#5499,#1175);
#657=LINE('',#5501,#1176);
#658=LINE('',#5502,#1177);
#659=LINE('',#5505,#1178);
#660=LINE('',#5506,#1179);
#661=LINE('',#5509,#1180);
#662=LINE('',#5510,#1181);
#663=LINE('',#5513,#1182);
#664=LINE('',#5514,#1183);
#665=LINE('',#5517,#1184);
#666=LINE('',#5518,#1185);
#667=LINE('',#5521,#1186);
#668=LINE('',#5522,#1187);
#669=LINE('',#5525,#1188);
#670=LINE('',#5526,#1189);
#671=LINE('',#5529,#1190);
#672=LINE('',#5530,#1191);
#673=LINE('',#5533,#1192);
#674=LINE('',#5534,#1193);
#675=LINE('',#5537,#1194);
#676=LINE('',#5538,#1195);
#677=LINE('',#5541,#1196);
#678=LINE('',#5542,#1197);
#679=LINE('',#5544,#1198);
#680=LINE('',#5553,#1199);
#681=LINE('',#5554,#1200);
#682=LINE('',#5562,#1201);
#683=LINE('',#5563,#1202);
#684=LINE('',#5573,#1203);
#685=LINE('',#5575,#1204);
#686=LINE('',#5576,#1205);
#687=LINE('',#5582,#1206);
#688=LINE('',#5585,#1207);
#689=LINE('',#5590,#1208);
#690=LINE('',#5594,#1209);
#691=LINE('',#5596,#1210);
#692=LINE('',#5597,#1211);
#693=LINE('',#5600,#1212);
#694=LINE('',#5602,#1213);
#695=LINE('',#5603,#1214);
#696=LINE('',#5606,#1215);
#697=LINE('',#5608,#1216);
#698=LINE('',#5609,#1217);
#699=LINE('',#5612,#1218);
#700=LINE('',#5614,#1219);
#701=LINE('',#5615,#1220);
#702=LINE('',#5618,#1221);
#703=LINE('',#5620,#1222);
#704=LINE('',#5621,#1223);
#705=LINE('',#5624,#1224);
#706=LINE('',#5626,#1225);
#707=LINE('',#5627,#1226);
#708=LINE('',#5630,#1227);
#709=LINE('',#5632,#1228);
#710=LINE('',#5633,#1229);
#711=LINE('',#5636,#1230);
#712=LINE('',#5638,#1231);
#713=LINE('',#5639,#1232);
#714=LINE('',#5642,#1233);
#715=LINE('',#5644,#1234);
#716=LINE('',#5645,#1235);
#717=LINE('',#5648,#1236);
#718=LINE('',#5650,#1237);
#719=LINE('',#5651,#1238);
#720=LINE('',#5653,#1239);
#721=LINE('',#5654,#1240);
#722=LINE('',#5663,#1241);
#723=LINE('',#5664,#1242);
#724=LINE('',#5674,#1243);
#725=LINE('',#5676,#1244);
#726=LINE('',#5677,#1245);
#727=LINE('',#5680,#1246);
#728=LINE('',#5682,#1247);
#729=LINE('',#5683,#1248);
#730=LINE('',#5688,#1249);
#731=LINE('',#5692,#1250);
#732=LINE('',#5694,#1251);
#733=LINE('',#5695,#1252);
#734=LINE('',#5698,#1253);
#735=LINE('',#5700,#1254);
#736=LINE('',#5701,#1255);
#737=LINE('',#5704,#1256);
#738=LINE('',#5706,#1257);
#739=LINE('',#5707,#1258);
#740=LINE('',#5710,#1259);
#741=LINE('',#5712,#1260);
#742=LINE('',#5713,#1261);
#743=LINE('',#5734,#1262);
#744=LINE('',#5736,#1263);
#745=LINE('',#5737,#1264);
#746=LINE('',#5743,#1265);
#747=LINE('',#5746,#1266);
#748=LINE('',#5751,#1267);
#749=LINE('',#5757,#1268);
#750=LINE('',#5761,#1269);
#751=LINE('',#5763,#1270);
#752=LINE('',#5764,#1271);
#753=LINE('',#5767,#1272);
#754=LINE('',#5769,#1273);
#755=LINE('',#5770,#1274);
#756=LINE('',#5773,#1275);
#757=LINE('',#5775,#1276);
#758=LINE('',#5776,#1277);
#759=LINE('',#5779,#1278);
#760=LINE('',#5781,#1279);
#761=LINE('',#5782,#1280);
#762=LINE('',#5787,#1281);
#763=LINE('',#5790,#1282);
#764=LINE('',#5791,#1283);
#765=LINE('',#5802,#1284);
#766=LINE('',#5804,#1285);
#767=LINE('',#5805,#1286);
#768=LINE('',#5808,#1287);
#769=LINE('',#5810,#1288);
#770=LINE('',#5811,#1289);
#771=LINE('',#5814,#1290);
#772=LINE('',#5816,#1291);
#773=LINE('',#5817,#1292);
#774=LINE('',#5820,#1293);
#775=LINE('',#5822,#1294);
#776=LINE('',#5823,#1295);
#777=LINE('',#5826,#1296);
#778=LINE('',#5828,#1297);
#779=LINE('',#5829,#1298);
#780=LINE('',#5832,#1299);
#781=LINE('',#5834,#1300);
#782=LINE('',#5835,#1301);
#783=LINE('',#5838,#1302);
#784=LINE('',#5840,#1303);
#785=LINE('',#5841,#1304);
#786=LINE('',#5844,#1305);
#787=LINE('',#5846,#1306);
#788=LINE('',#5847,#1307);
#789=LINE('',#5849,#1308);
#790=LINE('',#5850,#1309);
#791=LINE('',#5897,#1310);
#792=LINE('',#5915,#1311);
#793=LINE('',#5924,#1312);
#794=LINE('',#5926,#1313);
#795=LINE('',#5927,#1314);
#796=LINE('',#5930,#1315);
#797=LINE('',#5932,#1316);
#798=LINE('',#5933,#1317);
#799=LINE('',#5936,#1318);
#800=LINE('',#5937,#1319);
#801=LINE('',#5940,#1320);
#802=LINE('',#5942,#1321);
#803=LINE('',#5944,#1322);
#804=LINE('',#5945,#1323);
#805=LINE('',#6017,#1324);
#806=LINE('',#6082,#1325);
#807=LINE('',#6111,#1326);
#808=LINE('',#6119,#1327);
#809=LINE('',#6121,#1328);
#810=LINE('',#6123,#1329);
#811=LINE('',#6170,#1330);
#812=LINE('',#6180,#1331);
#813=LINE('',#6182,#1332);
#814=LINE('',#6191,#1333);
#815=LINE('',#6192,#1334);
#816=LINE('',#6194,#1335);
#817=LINE('',#6197,#1336);
#818=LINE('',#6198,#1337);
#819=LINE('',#6292,#1338);
#820=LINE('',#6310,#1339);
#821=LINE('',#6311,#1340);
#822=LINE('',#6313,#1341);
#823=LINE('',#6376,#1342);
#824=LINE('',#6378,#1343);
#825=LINE('',#6426,#1344);
#826=LINE('',#6427,#1345);
#827=LINE('',#6430,#1346);
#828=LINE('',#6431,#1347);
#829=LINE('',#6434,#1348);
#830=LINE('',#6435,#1349);
#831=LINE('',#6438,#1350);
#832=LINE('',#6439,#1351);
#833=LINE('',#6486,#1352);
#834=LINE('',#6489,#1353);
#835=LINE('',#6490,#1354);
#836=LINE('',#6552,#1355);
#837=LINE('',#6555,#1356);
#838=LINE('',#6556,#1357);
#839=LINE('',#6603,#1358);
#840=LINE('',#6606,#1359);
#841=LINE('',#6607,#1360);
#842=LINE('',#6610,#1361);
#843=LINE('',#6611,#1362);
#844=LINE('',#6718,#1363);
#845=LINE('',#6720,#1364);
#846=LINE('',#6725,#1365);
#847=LINE('',#6727,#1366);
#848=LINE('',#6729,#1367);
#849=LINE('',#6730,#1368);
#850=LINE('',#6733,#1369);
#851=LINE('',#6735,#1370);
#852=LINE('',#6736,#1371);
#853=LINE('',#6739,#1372);
#854=LINE('',#6741,#1373);
#855=LINE('',#6742,#1374);
#856=LINE('',#6745,#1375);
#857=LINE('',#6747,#1376);
#858=LINE('',#6748,#1377);
#859=LINE('',#6751,#1378);
#860=LINE('',#6753,#1379);
#861=LINE('',#6754,#1380);
#862=LINE('',#6757,#1381);
#863=LINE('',#6759,#1382);
#864=LINE('',#6760,#1383);
#865=LINE('',#6763,#1384);
#866=LINE('',#6765,#1385);
#867=LINE('',#6766,#1386);
#868=LINE('',#6769,#1387);
#869=LINE('',#6771,#1388);
#870=LINE('',#6772,#1389);
#871=LINE('',#6775,#1390);
#872=LINE('',#6777,#1391);
#873=LINE('',#6778,#1392);
#874=LINE('',#6781,#1393);
#875=LINE('',#6783,#1394);
#876=LINE('',#6784,#1395);
#877=LINE('',#6787,#1396);
#878=LINE('',#6789,#1397);
#879=LINE('',#6790,#1398);
#880=LINE('',#6793,#1399);
#881=LINE('',#6795,#1400);
#882=LINE('',#6796,#1401);
#883=LINE('',#6799,#1402);
#884=LINE('',#6801,#1403);
#885=LINE('',#6802,#1404);
#886=LINE('',#6805,#1405);
#887=LINE('',#6807,#1406);
#888=LINE('',#6808,#1407);
#889=LINE('',#6811,#1408);
#890=LINE('',#6813,#1409);
#891=LINE('',#6814,#1410);
#892=LINE('',#6817,#1411);
#893=LINE('',#6819,#1412);
#894=LINE('',#6820,#1413);
#895=LINE('',#6823,#1414);
#896=LINE('',#6825,#1415);
#897=LINE('',#6826,#1416);
#898=LINE('',#6829,#1417);
#899=LINE('',#6831,#1418);
#900=LINE('',#6832,#1419);
#901=LINE('',#6835,#1420);
#902=LINE('',#6837,#1421);
#903=LINE('',#6838,#1422);
#904=LINE('',#6841,#1423);
#905=LINE('',#6843,#1424);
#906=LINE('',#6844,#1425);
#907=LINE('',#6847,#1426);
#908=LINE('',#6849,#1427);
#909=LINE('',#6850,#1428);
#910=LINE('',#6853,#1429);
#911=LINE('',#6855,#1430);
#912=LINE('',#6856,#1431);
#913=LINE('',#6859,#1432);
#914=LINE('',#6861,#1433);
#915=LINE('',#6862,#1434);
#916=LINE('',#6865,#1435);
#917=LINE('',#6867,#1436);
#918=LINE('',#6868,#1437);
#919=LINE('',#6871,#1438);
#920=LINE('',#6873,#1439);
#921=LINE('',#6874,#1440);
#922=LINE('',#6877,#1441);
#923=LINE('',#6879,#1442);
#924=LINE('',#6880,#1443);
#925=LINE('',#6883,#1444);
#926=LINE('',#6885,#1445);
#927=LINE('',#6886,#1446);
#928=LINE('',#6889,#1447);
#929=LINE('',#6891,#1448);
#930=LINE('',#6892,#1449);
#931=LINE('',#6895,#1450);
#932=LINE('',#6897,#1451);
#933=LINE('',#6898,#1452);
#934=LINE('',#6901,#1453);
#935=LINE('',#6903,#1454);
#936=LINE('',#6904,#1455);
#937=LINE('',#6907,#1456);
#938=LINE('',#6909,#1457);
#939=LINE('',#6910,#1458);
#940=LINE('',#6913,#1459);
#941=LINE('',#6915,#1460);
#942=LINE('',#6916,#1461);
#943=LINE('',#6919,#1462);
#944=LINE('',#6921,#1463);
#945=LINE('',#6922,#1464);
#946=LINE('',#6925,#1465);
#947=LINE('',#6927,#1466);
#948=LINE('',#6928,#1467);
#949=LINE('',#6931,#1468);
#950=LINE('',#6933,#1469);
#951=LINE('',#6934,#1470);
#952=LINE('',#6937,#1471);
#953=LINE('',#6939,#1472);
#954=LINE('',#6940,#1473);
#955=LINE('',#6943,#1474);
#956=LINE('',#6945,#1475);
#957=LINE('',#6946,#1476);
#958=LINE('',#6949,#1477);
#959=LINE('',#6951,#1478);
#960=LINE('',#6952,#1479);
#961=LINE('',#6955,#1480);
#962=LINE('',#6957,#1481);
#963=LINE('',#6958,#1482);
#964=LINE('',#6961,#1483);
#965=LINE('',#6963,#1484);
#966=LINE('',#6964,#1485);
#967=LINE('',#6967,#1486);
#968=LINE('',#6969,#1487);
#969=LINE('',#6970,#1488);
#970=LINE('',#6973,#1489);
#971=LINE('',#6975,#1490);
#972=LINE('',#6976,#1491);
#973=LINE('',#6979,#1492);
#974=LINE('',#6981,#1493);
#975=LINE('',#6982,#1494);
#976=LINE('',#6985,#1495);
#977=LINE('',#6987,#1496);
#978=LINE('',#6988,#1497);
#979=LINE('',#6991,#1498);
#980=LINE('',#6993,#1499);
#981=LINE('',#6994,#1500);
#982=LINE('',#6997,#1501);
#983=LINE('',#6999,#1502);
#984=LINE('',#7000,#1503);
#985=LINE('',#7003,#1504);
#986=LINE('',#7005,#1505);
#987=LINE('',#7006,#1506);
#988=LINE('',#7009,#1507);
#989=LINE('',#7011,#1508);
#990=LINE('',#7012,#1509);
#991=LINE('',#7015,#1510);
#992=LINE('',#7017,#1511);
#993=LINE('',#7018,#1512);
#994=LINE('',#7021,#1513);
#995=LINE('',#7023,#1514);
#996=LINE('',#7024,#1515);
#997=LINE('',#7027,#1516);
#998=LINE('',#7029,#1517);
#999=LINE('',#7030,#1518);
#1000=LINE('',#7033,#1519);
#1001=LINE('',#7035,#1520);
#1002=LINE('',#7036,#1521);
#1003=LINE('',#7039,#1522);
#1004=LINE('',#7041,#1523);
#1005=LINE('',#7042,#1524);
#1006=LINE('',#7045,#1525);
#1007=LINE('',#7047,#1526);
#1008=LINE('',#7048,#1527);
#1009=LINE('',#7051,#1528);
#1010=LINE('',#7053,#1529);
#1011=LINE('',#7054,#1530);
#1012=LINE('',#7057,#1531);
#1013=LINE('',#7059,#1532);
#1014=LINE('',#7060,#1533);
#1015=LINE('',#7062,#1534);
#1016=LINE('',#7063,#1535);
#1017=VECTOR('',#4233,10.);
#1018=VECTOR('',#4234,10.);
#1019=VECTOR('',#4235,10.);
#1020=VECTOR('',#4236,10.);
#1021=VECTOR('',#4237,10.);
#1022=VECTOR('',#4238,10.);
#1023=VECTOR('',#4239,10.);
#1024=VECTOR('',#4240,10.);
#1025=VECTOR('',#4241,10.);
#1026=VECTOR('',#4242,10.);
#1027=VECTOR('',#4243,10.);
#1028=VECTOR('',#4244,10.);
#1029=VECTOR('',#4245,10.);
#1030=VECTOR('',#4246,10.);
#1031=VECTOR('',#4247,10.);
#1032=VECTOR('',#4248,10.);
#1033=VECTOR('',#4249,10.);
#1034=VECTOR('',#4250,10.);
#1035=VECTOR('',#4251,10.);
#1036=VECTOR('',#4252,10.);
#1037=VECTOR('',#4253,10.);
#1038=VECTOR('',#4254,10.);
#1039=VECTOR('',#4255,10.);
#1040=VECTOR('',#4256,10.);
#1041=VECTOR('',#4257,10.);
#1042=VECTOR('',#4258,10.);
#1043=VECTOR('',#4259,10.);
#1044=VECTOR('',#4260,10.);
#1045=VECTOR('',#4261,10.);
#1046=VECTOR('',#4262,10.);
#1047=VECTOR('',#4263,10.);
#1048=VECTOR('',#4264,10.);
#1049=VECTOR('',#4265,10.);
#1050=VECTOR('',#4266,10.);
#1051=VECTOR('',#4267,10.);
#1052=VECTOR('',#4268,10.);
#1053=VECTOR('',#4269,10.);
#1054=VECTOR('',#4270,10.);
#1055=VECTOR('',#4271,10.);
#1056=VECTOR('',#4272,10.);
#1057=VECTOR('',#4273,10.);
#1058=VECTOR('',#4274,10.);
#1059=VECTOR('',#4275,10.);
#1060=VECTOR('',#4276,10.);
#1061=VECTOR('',#4277,10.);
#1062=VECTOR('',#4278,10.);
#1063=VECTOR('',#4279,10.);
#1064=VECTOR('',#4280,10.);
#1065=VECTOR('',#4281,10.);
#1066=VECTOR('',#4282,10.);
#1067=VECTOR('',#4283,10.);
#1068=VECTOR('',#4284,10.);
#1069=VECTOR('',#4285,10.);
#1070=VECTOR('',#4286,10.);
#1071=VECTOR('',#4287,10.);
#1072=VECTOR('',#4288,10.);
#1073=VECTOR('',#4289,10.);
#1074=VECTOR('',#4292,10.);
#1075=VECTOR('',#4293,10.);
#1076=VECTOR('',#4294,10.);
#1077=VECTOR('',#4295,10.);
#1078=VECTOR('',#4296,10.);
#1079=VECTOR('',#4297,10.);
#1080=VECTOR('',#4298,10.);
#1081=VECTOR('',#4301,10.);
#1082=VECTOR('',#4302,10.);
#1083=VECTOR('',#4303,10.);
#1084=VECTOR('',#4306,10.);
#1085=VECTOR('',#4307,10.);
#1086=VECTOR('',#4308,10.);
#1087=VECTOR('',#4311,10.);
#1088=VECTOR('',#4312,10.);
#1089=VECTOR('',#4315,10.);
#1090=VECTOR('',#4316,10.);
#1091=VECTOR('',#4317,10.);
#1092=VECTOR('',#4320,10.);
#1093=VECTOR('',#4321,10.);
#1094=VECTOR('',#4322,10.);
#1095=VECTOR('',#4325,10.);
#1096=VECTOR('',#4326,10.);
#1097=VECTOR('',#4329,10.);
#1098=VECTOR('',#4330,10.);
#1099=VECTOR('',#4333,10.);
#1100=VECTOR('',#4334,10.);
#1101=VECTOR('',#4335,10.);
#1102=VECTOR('',#4338,10.);
#1103=VECTOR('',#4339,10.);
#1104=VECTOR('',#4340,10.);
#1105=VECTOR('',#4341,10.);
#1106=VECTOR('',#4342,10.);
#1107=VECTOR('',#4345,10.);
#1108=VECTOR('',#4346,10.);
#1109=VECTOR('',#4349,10.);
#1110=VECTOR('',#4350,10.);
#1111=VECTOR('',#4353,10.);
#1112=VECTOR('',#4354,10.);
#1113=VECTOR('',#4355,10.);
#1114=VECTOR('',#4358,10.);
#1115=VECTOR('',#4359,10.);
#1116=VECTOR('',#4362,10.);
#1117=VECTOR('',#4363,10.);
#1118=VECTOR('',#4366,10.);
#1119=VECTOR('',#4367,10.);
#1120=VECTOR('',#4370,10.);
#1121=VECTOR('',#4371,10.);
#1122=VECTOR('',#4374,10.);
#1123=VECTOR('',#4375,10.);
#1124=VECTOR('',#4378,10.);
#1125=VECTOR('',#4379,10.);
#1126=VECTOR('',#4382,10.);
#1127=VECTOR('',#4385,10.);
#1128=VECTOR('',#4386,10.);
#1129=VECTOR('',#4389,10.);
#1130=VECTOR('',#4392,10.);
#1131=VECTOR('',#4393,10.);
#1132=VECTOR('',#4396,10.);
#1133=VECTOR('',#4397,10.);
#1134=VECTOR('',#4400,10.);
#1135=VECTOR('',#4401,10.);
#1136=VECTOR('',#4404,10.);
#1137=VECTOR('',#4405,10.);
#1138=VECTOR('',#4408,10.);
#1139=VECTOR('',#4409,10.);
#1140=VECTOR('',#4412,10.);
#1141=VECTOR('',#4413,10.);
#1142=VECTOR('',#4416,10.);
#1143=VECTOR('',#4417,10.);
#1144=VECTOR('',#4420,10.);
#1145=VECTOR('',#4423,10.);
#1146=VECTOR('',#4424,10.);
#1147=VECTOR('',#4427,10.);
#1148=VECTOR('',#4428,10.);
#1149=VECTOR('',#4429,10.);
#1150=VECTOR('',#4430,10.);
#1151=VECTOR('',#4433,10.);
#1152=VECTOR('',#4434,10.);
#1153=VECTOR('',#4437,10.);
#1154=VECTOR('',#4438,10.);
#1155=VECTOR('',#4441,10.);
#1156=VECTOR('',#4442,10.);
#1157=VECTOR('',#4445,10.);
#1158=VECTOR('',#4446,10.);
#1159=VECTOR('',#4449,10.);
#1160=VECTOR('',#4450,10.);
#1161=VECTOR('',#4453,10.);
#1162=VECTOR('',#4454,10.);
#1163=VECTOR('',#4457,10.);
#1164=VECTOR('',#4458,10.);
#1165=VECTOR('',#4461,10.);
#1166=VECTOR('',#4462,10.);
#1167=VECTOR('',#4465,10.);
#1168=VECTOR('',#4466,10.);
#1169=VECTOR('',#4469,10.);
#1170=VECTOR('',#4470,10.);
#1171=VECTOR('',#4473,10.);
#1172=VECTOR('',#4474,10.);
#1173=VECTOR('',#4477,10.);
#1174=VECTOR('',#4480,10.);
#1175=VECTOR('',#4481,10.);
#1176=VECTOR('',#4482,10.);
#1177=VECTOR('',#4483,10.);
#1178=VECTOR('',#4486,10.);
#1179=VECTOR('',#4487,10.);
#1180=VECTOR('',#4490,10.);
#1181=VECTOR('',#4491,10.);
#1182=VECTOR('',#4494,10.);
#1183=VECTOR('',#4495,10.);
#1184=VECTOR('',#4498,10.);
#1185=VECTOR('',#4499,10.);
#1186=VECTOR('',#4502,10.);
#1187=VECTOR('',#4503,10.);
#1188=VECTOR('',#4506,10.);
#1189=VECTOR('',#4507,10.);
#1190=VECTOR('',#4510,10.);
#1191=VECTOR('',#4511,10.);
#1192=VECTOR('',#4514,10.);
#1193=VECTOR('',#4515,10.);
#1194=VECTOR('',#4518,10.);
#1195=VECTOR('',#4519,10.);
#1196=VECTOR('',#4522,10.);
#1197=VECTOR('',#4523,10.);
#1198=VECTOR('',#4526,10.);
#1199=VECTOR('',#4529,10.);
#1200=VECTOR('',#4530,10.);
#1201=VECTOR('',#4533,10.);
#1202=VECTOR('',#4534,10.);
#1203=VECTOR('',#4537,10.);
#1204=VECTOR('',#4538,10.);
#1205=VECTOR('',#4539,10.);
#1206=VECTOR('',#4544,10.);
#1207=VECTOR('',#4547,10.);
#1208=VECTOR('',#4552,10.);
#1209=VECTOR('',#4557,10.);
#1210=VECTOR('',#4558,10.);
#1211=VECTOR('',#4559,10.);
#1212=VECTOR('',#4562,10.);
#1213=VECTOR('',#4563,10.);
#1214=VECTOR('',#4564,10.);
#1215=VECTOR('',#4567,10.);
#1216=VECTOR('',#4568,10.);
#1217=VECTOR('',#4569,10.);
#1218=VECTOR('',#4572,10.);
#1219=VECTOR('',#4573,10.);
#1220=VECTOR('',#4574,10.);
#1221=VECTOR('',#4577,10.);
#1222=VECTOR('',#4578,10.);
#1223=VECTOR('',#4579,10.);
#1224=VECTOR('',#4582,10.);
#1225=VECTOR('',#4583,10.);
#1226=VECTOR('',#4584,10.);
#1227=VECTOR('',#4587,10.);
#1228=VECTOR('',#4588,10.);
#1229=VECTOR('',#4589,10.);
#1230=VECTOR('',#4592,10.);
#1231=VECTOR('',#4593,10.);
#1232=VECTOR('',#4594,10.);
#1233=VECTOR('',#4597,10.);
#1234=VECTOR('',#4598,10.);
#1235=VECTOR('',#4599,10.);
#1236=VECTOR('',#4602,10.);
#1237=VECTOR('',#4603,10.);
#1238=VECTOR('',#4604,10.);
#1239=VECTOR('',#4607,10.);
#1240=VECTOR('',#4608,10.);
#1241=VECTOR('',#4611,10.);
#1242=VECTOR('',#4612,10.);
#1243=VECTOR('',#4615,10.);
#1244=VECTOR('',#4616,10.);
#1245=VECTOR('',#4617,10.);
#1246=VECTOR('',#4620,10.);
#1247=VECTOR('',#4621,10.);
#1248=VECTOR('',#4622,10.);
#1249=VECTOR('',#4627,10.);
#1250=VECTOR('',#4632,10.);
#1251=VECTOR('',#4633,10.);
#1252=VECTOR('',#4634,10.);
#1253=VECTOR('',#4637,10.);
#1254=VECTOR('',#4638,10.);
#1255=VECTOR('',#4639,10.);
#1256=VECTOR('',#4642,10.);
#1257=VECTOR('',#4643,10.);
#1258=VECTOR('',#4644,10.);
#1259=VECTOR('',#4647,10.);
#1260=VECTOR('',#4648,10.);
#1261=VECTOR('',#4649,10.);
#1262=VECTOR('',#4660,10.);
#1263=VECTOR('',#4661,10.);
#1264=VECTOR('',#4662,10.);
#1265=VECTOR('',#4667,10.);
#1266=VECTOR('',#4670,10.);
#1267=VECTOR('',#4675,10.);
#1268=VECTOR('',#4682,10.);
#1269=VECTOR('',#4687,10.);
#1270=VECTOR('',#4688,10.);
#1271=VECTOR('',#4689,10.);
#1272=VECTOR('',#4692,10.);
#1273=VECTOR('',#4693,10.);
#1274=VECTOR('',#4694,10.);
#1275=VECTOR('',#4697,10.);
#1276=VECTOR('',#4698,10.);
#1277=VECTOR('',#4699,10.);
#1278=VECTOR('',#4702,10.);
#1279=VECTOR('',#4703,10.);
#1280=VECTOR('',#4704,10.);
#1281=VECTOR('',#4709,10.);
#1282=VECTOR('',#4714,10.);
#1283=VECTOR('',#4715,10.);
#1284=VECTOR('',#4718,10.);
#1285=VECTOR('',#4719,10.);
#1286=VECTOR('',#4720,10.);
#1287=VECTOR('',#4723,10.);
#1288=VECTOR('',#4724,10.);
#1289=VECTOR('',#4725,10.);
#1290=VECTOR('',#4728,10.);
#1291=VECTOR('',#4729,10.);
#1292=VECTOR('',#4730,10.);
#1293=VECTOR('',#4733,10.);
#1294=VECTOR('',#4734,10.);
#1295=VECTOR('',#4735,10.);
#1296=VECTOR('',#4738,10.);
#1297=VECTOR('',#4739,10.);
#1298=VECTOR('',#4740,10.);
#1299=VECTOR('',#4743,10.);
#1300=VECTOR('',#4744,10.);
#1301=VECTOR('',#4745,10.);
#1302=VECTOR('',#4748,10.);
#1303=VECTOR('',#4749,10.);
#1304=VECTOR('',#4750,10.);
#1305=VECTOR('',#4753,10.);
#1306=VECTOR('',#4754,10.);
#1307=VECTOR('',#4755,10.);
#1308=VECTOR('',#4758,10.);
#1309=VECTOR('',#4759,10.);
#1310=VECTOR('',#4762,10.);
#1311=VECTOR('',#4763,5.04581330018451);
#1312=VECTOR('',#4766,10.);
#1313=VECTOR('',#4767,10.);
#1314=VECTOR('',#4768,10.);
#1315=VECTOR('',#4771,10.);
#1316=VECTOR('',#4772,6.59944538216353);
#1317=VECTOR('',#4773,10.);
#1318=VECTOR('',#4776,10.);
#1319=VECTOR('',#4777,5.58550513517935);
#1320=VECTOR('',#4780,10.);
#1321=VECTOR('',#4781,8.63930956352076);
#1322=VECTOR('',#4782,10.);
#1323=VECTOR('',#4783,10.);
#1324=VECTOR('',#4784,10.);
#1325=VECTOR('',#4785,10.);
#1326=VECTOR('',#4786,10.);
#1327=VECTOR('',#4789,10.);
#1328=VECTOR('',#4792,10.);
#1329=VECTOR('',#4793,10.);
#1330=VECTOR('',#4796,10.);
#1331=VECTOR('',#4801,10.);
#1332=VECTOR('',#4802,10.);
#1333=VECTOR('',#4805,10.);
#1334=VECTOR('',#4806,10.);
#1335=VECTOR('',#4809,10.);
#1336=VECTOR('',#4812,10.);
#1337=VECTOR('',#4813,5.27140529027981);
#1338=VECTOR('',#4814,10.);
#1339=VECTOR('',#4817,10.);
#1340=VECTOR('',#4818,10.);
#1341=VECTOR('',#4821,10.);
#1342=VECTOR('',#4824,10.);
#1343=VECTOR('',#4827,10.);
#1344=VECTOR('',#4828,10.);
#1345=VECTOR('',#4829,10.);
#1346=VECTOR('',#4832,10.);
#1347=VECTOR('',#4833,10.);
#1348=VECTOR('',#4836,10.);
#1349=VECTOR('',#4837,10.);
#1350=VECTOR('',#4840,10.);
#1351=VECTOR('',#4841,10.);
#1352=VECTOR('',#4842,10.);
#1353=VECTOR('',#4845,10.);
#1354=VECTOR('',#4846,10.);
#1355=VECTOR('',#4847,10.);
#1356=VECTOR('',#4850,10.);
#1357=VECTOR('',#4851,10.);
#1358=VECTOR('',#4852,10.);
#1359=VECTOR('',#4855,10.);
#1360=VECTOR('',#4856,10.);
#1361=VECTOR('',#4859,10.);
#1362=VECTOR('',#4860,10.);
#1363=VECTOR('',#4861,10.);
#1364=VECTOR('',#4864,10.);
#1365=VECTOR('',#4869,10.);
#1366=VECTOR('',#4870,10.);
#1367=VECTOR('',#4871,10.);
#1368=VECTOR('',#4872,10.);
#1369=VECTOR('',#4875,10.);
#1370=VECTOR('',#4876,10.);
#1371=VECTOR('',#4877,10.);
#1372=VECTOR('',#4880,10.);
#1373=VECTOR('',#4881,10.);
#1374=VECTOR('',#4882,10.);
#1375=VECTOR('',#4885,10.);
#1376=VECTOR('',#4886,10.);
#1377=VECTOR('',#4887,10.);
#1378=VECTOR('',#4890,10.);
#1379=VECTOR('',#4891,10.);
#1380=VECTOR('',#4892,10.);
#1381=VECTOR('',#4895,10.);
#1382=VECTOR('',#4896,10.);
#1383=VECTOR('',#4897,10.);
#1384=VECTOR('',#4900,10.);
#1385=VECTOR('',#4901,10.);
#1386=VECTOR('',#4902,10.);
#1387=VECTOR('',#4905,10.);
#1388=VECTOR('',#4906,10.);
#1389=VECTOR('',#4907,10.);
#1390=VECTOR('',#4910,10.);
#1391=VECTOR('',#4911,10.);
#1392=VECTOR('',#4912,10.);
#1393=VECTOR('',#4915,10.);
#1394=VECTOR('',#4916,10.);
#1395=VECTOR('',#4917,10.);
#1396=VECTOR('',#4920,10.);
#1397=VECTOR('',#4921,10.);
#1398=VECTOR('',#4922,10.);
#1399=VECTOR('',#4925,10.);
#1400=VECTOR('',#4926,10.);
#1401=VECTOR('',#4927,10.);
#1402=VECTOR('',#4930,10.);
#1403=VECTOR('',#4931,10.);
#1404=VECTOR('',#4932,10.);
#1405=VECTOR('',#4935,10.);
#1406=VECTOR('',#4936,10.);
#1407=VECTOR('',#4937,10.);
#1408=VECTOR('',#4940,10.);
#1409=VECTOR('',#4941,10.);
#1410=VECTOR('',#4942,10.);
#1411=VECTOR('',#4945,10.);
#1412=VECTOR('',#4946,10.);
#1413=VECTOR('',#4947,10.);
#1414=VECTOR('',#4950,10.);
#1415=VECTOR('',#4951,10.);
#1416=VECTOR('',#4952,10.);
#1417=VECTOR('',#4955,10.);
#1418=VECTOR('',#4956,10.);
#1419=VECTOR('',#4957,10.);
#1420=VECTOR('',#4960,10.);
#1421=VECTOR('',#4961,10.);
#1422=VECTOR('',#4962,10.);
#1423=VECTOR('',#4965,10.);
#1424=VECTOR('',#4966,10.);
#1425=VECTOR('',#4967,10.);
#1426=VECTOR('',#4970,10.);
#1427=VECTOR('',#4971,10.);
#1428=VECTOR('',#4972,10.);
#1429=VECTOR('',#4975,10.);
#1430=VECTOR('',#4976,10.);
#1431=VECTOR('',#4977,10.);
#1432=VECTOR('',#4980,10.);
#1433=VECTOR('',#4981,10.);
#1434=VECTOR('',#4982,10.);
#1435=VECTOR('',#4985,10.);
#1436=VECTOR('',#4986,10.);
#1437=VECTOR('',#4987,10.);
#1438=VECTOR('',#4990,10.);
#1439=VECTOR('',#4991,10.);
#1440=VECTOR('',#4992,10.);
#1441=VECTOR('',#4995,10.);
#1442=VECTOR('',#4996,10.);
#1443=VECTOR('',#4997,10.);
#1444=VECTOR('',#5000,10.);
#1445=VECTOR('',#5001,10.);
#1446=VECTOR('',#5002,10.);
#1447=VECTOR('',#5005,10.);
#1448=VECTOR('',#5006,10.);
#1449=VECTOR('',#5007,10.);
#1450=VECTOR('',#5010,10.);
#1451=VECTOR('',#5011,10.);
#1452=VECTOR('',#5012,10.);
#1453=VECTOR('',#5015,10.);
#1454=VECTOR('',#5016,10.);
#1455=VECTOR('',#5017,10.);
#1456=VECTOR('',#5020,10.);
#1457=VECTOR('',#5021,10.);
#1458=VECTOR('',#5022,10.);
#1459=VECTOR('',#5025,10.);
#1460=VECTOR('',#5026,10.);
#1461=VECTOR('',#5027,10.);
#1462=VECTOR('',#5030,10.);
#1463=VECTOR('',#5031,10.);
#1464=VECTOR('',#5032,10.);
#1465=VECTOR('',#5035,10.);
#1466=VECTOR('',#5036,10.);
#1467=VECTOR('',#5037,10.);
#1468=VECTOR('',#5040,10.);
#1469=VECTOR('',#5041,10.);
#1470=VECTOR('',#5042,10.);
#1471=VECTOR('',#5045,10.);
#1472=VECTOR('',#5046,10.);
#1473=VECTOR('',#5047,10.);
#1474=VECTOR('',#5050,10.);
#1475=VECTOR('',#5051,10.);
#1476=VECTOR('',#5052,10.);
#1477=VECTOR('',#5055,10.);
#1478=VECTOR('',#5056,10.);
#1479=VECTOR('',#5057,10.);
#1480=VECTOR('',#5060,10.);
#1481=VECTOR('',#5061,10.);
#1482=VECTOR('',#5062,10.);
#1483=VECTOR('',#5065,10.);
#1484=VECTOR('',#5066,10.);
#1485=VECTOR('',#5067,10.);
#1486=VECTOR('',#5070,10.);
#1487=VECTOR('',#5071,10.);
#1488=VECTOR('',#5072,10.);
#1489=VECTOR('',#5075,10.);
#1490=VECTOR('',#5076,10.);
#1491=VECTOR('',#5077,10.);
#1492=VECTOR('',#5080,10.);
#1493=VECTOR('',#5081,10.);
#1494=VECTOR('',#5082,10.);
#1495=VECTOR('',#5085,10.);
#1496=VECTOR('',#5086,10.);
#1497=VECTOR('',#5087,10.);
#1498=VECTOR('',#5090,10.);
#1499=VECTOR('',#5091,10.);
#1500=VECTOR('',#5092,10.);
#1501=VECTOR('',#5095,10.);
#1502=VECTOR('',#5096,10.);
#1503=VECTOR('',#5097,10.);
#1504=VECTOR('',#5100,10.);
#1505=VECTOR('',#5101,10.);
#1506=VECTOR('',#5102,10.);
#1507=VECTOR('',#5105,10.);
#1508=VECTOR('',#5106,10.);
#1509=VECTOR('',#5107,10.);
#1510=VECTOR('',#5110,10.);
#1511=VECTOR('',#5111,10.);
#1512=VECTOR('',#5112,10.);
#1513=VECTOR('',#5115,10.);
#1514=VECTOR('',#5116,10.);
#1515=VECTOR('',#5117,10.);
#1516=VECTOR('',#5120,10.);
#1517=VECTOR('',#5121,10.);
#1518=VECTOR('',#5122,10.);
#1519=VECTOR('',#5125,10.);
#1520=VECTOR('',#5126,10.);
#1521=VECTOR('',#5127,10.);
#1522=VECTOR('',#5130,10.);
#1523=VECTOR('',#5131,10.);
#1524=VECTOR('',#5132,10.);
#1525=VECTOR('',#5135,10.);
#1526=VECTOR('',#5136,10.);
#1527=VECTOR('',#5137,10.);
#1528=VECTOR('',#5140,10.);
#1529=VECTOR('',#5141,10.);
#1530=VECTOR('',#5142,10.);
#1531=VECTOR('',#5145,10.);
#1532=VECTOR('',#5146,10.);
#1533=VECTOR('',#5147,10.);
#1534=VECTOR('',#5150,10.);
#1535=VECTOR('',#5151,10.);
#1536=VERTEX_POINT('',#5161);
#1537=VERTEX_POINT('',#5162);
#1538=VERTEX_POINT('',#5164);
#1539=VERTEX_POINT('',#5166);
#1540=VERTEX_POINT('',#5168);
#1541=VERTEX_POINT('',#5170);
#1542=VERTEX_POINT('',#5172);
#1543=VERTEX_POINT('',#5174);
#1544=VERTEX_POINT('',#5176);
#1545=VERTEX_POINT('',#5178);
#1546=VERTEX_POINT('',#5180);
#1547=VERTEX_POINT('',#5182);
#1548=VERTEX_POINT('',#5184);
#1549=VERTEX_POINT('',#5186);
#1550=VERTEX_POINT('',#5188);
#1551=VERTEX_POINT('',#5190);
#1552=VERTEX_POINT('',#5192);
#1553=VERTEX_POINT('',#5194);
#1554=VERTEX_POINT('',#5196);
#1555=VERTEX_POINT('',#5198);
#1556=VERTEX_POINT('',#5200);
#1557=VERTEX_POINT('',#5202);
#1558=VERTEX_POINT('',#5204);
#1559=VERTEX_POINT('',#5206);
#1560=VERTEX_POINT('',#5208);
#1561=VERTEX_POINT('',#5210);
#1562=VERTEX_POINT('',#5212);
#1563=VERTEX_POINT('',#5214);
#1564=VERTEX_POINT('',#5216);
#1565=VERTEX_POINT('',#5218);
#1566=VERTEX_POINT('',#5220);
#1567=VERTEX_POINT('',#5222);
#1568=VERTEX_POINT('',#5224);
#1569=VERTEX_POINT('',#5226);
#1570=VERTEX_POINT('',#5228);
#1571=VERTEX_POINT('',#5230);
#1572=VERTEX_POINT('',#5232);
#1573=VERTEX_POINT('',#5234);
#1574=VERTEX_POINT('',#5236);
#1575=VERTEX_POINT('',#5238);
#1576=VERTEX_POINT('',#5240);
#1577=VERTEX_POINT('',#5242);
#1578=VERTEX_POINT('',#5244);
#1579=VERTEX_POINT('',#5246);
#1580=VERTEX_POINT('',#5248);
#1581=VERTEX_POINT('',#5250);
#1582=VERTEX_POINT('',#5252);
#1583=VERTEX_POINT('',#5254);
#1584=VERTEX_POINT('',#5256);
#1585=VERTEX_POINT('',#5258);
#1586=VERTEX_POINT('',#5260);
#1587=VERTEX_POINT('',#5262);
#1588=VERTEX_POINT('',#5264);
#1589=VERTEX_POINT('',#5266);
#1590=VERTEX_POINT('',#5268);
#1591=VERTEX_POINT('',#5270);
#1592=VERTEX_POINT('',#5272);
#1593=VERTEX_POINT('',#5276);
#1594=VERTEX_POINT('',#5278);
#1595=VERTEX_POINT('',#5280);
#1596=VERTEX_POINT('',#5282);
#1597=VERTEX_POINT('',#5284);
#1598=VERTEX_POINT('',#5286);
#1599=VERTEX_POINT('',#5290);
#1600=VERTEX_POINT('',#5291);
#1601=VERTEX_POINT('',#5297);
#1602=VERTEX_POINT('',#5301);
#1603=VERTEX_POINT('',#5302);
#1604=VERTEX_POINT('',#5307);
#1605=VERTEX_POINT('',#5312);
#1606=VERTEX_POINT('',#5317);
#1607=VERTEX_POINT('',#5321);
#1608=VERTEX_POINT('',#5322);
#1609=VERTEX_POINT('',#5327);
#1610=VERTEX_POINT('',#5329);
#1611=VERTEX_POINT('',#5333);
#1612=VERTEX_POINT('',#5337);
#1613=VERTEX_POINT('',#5341);
#1614=VERTEX_POINT('',#5343);
#1615=VERTEX_POINT('',#5347);
#1616=VERTEX_POINT('',#5348);
#1617=VERTEX_POINT('',#5351);
#1618=VERTEX_POINT('',#5353);
#1619=VERTEX_POINT('',#5357);
#1620=VERTEX_POINT('',#5361);
#1621=VERTEX_POINT('',#5365);
#1622=VERTEX_POINT('',#5367);
#1623=VERTEX_POINT('',#5371);
#1624=VERTEX_POINT('',#5375);
#1625=VERTEX_POINT('',#5379);
#1626=VERTEX_POINT('',#5383);
#1627=VERTEX_POINT('',#5387);
#1628=VERTEX_POINT('',#5391);
#1629=VERTEX_POINT('',#5397);
#1630=VERTEX_POINT('',#5403);
#1631=VERTEX_POINT('',#5408);
#1632=VERTEX_POINT('',#5412);
#1633=VERTEX_POINT('',#5416);
#1634=VERTEX_POINT('',#5420);
#1635=VERTEX_POINT('',#5424);
#1636=VERTEX_POINT('',#5428);
#1637=VERTEX_POINT('',#5432);
#1638=VERTEX_POINT('',#5438);
#1639=VERTEX_POINT('',#5442);
#1640=VERTEX_POINT('',#5443);
#1641=VERTEX_POINT('',#5445);
#1642=VERTEX_POINT('',#5450);
#1643=VERTEX_POINT('',#5454);
#1644=VERTEX_POINT('',#5458);
#1645=VERTEX_POINT('',#5462);
#1646=VERTEX_POINT('',#5466);
#1647=VERTEX_POINT('',#5470);
#1648=VERTEX_POINT('',#5474);
#1649=VERTEX_POINT('',#5478);
#1650=VERTEX_POINT('',#5482);
#1651=VERTEX_POINT('',#5486);
#1652=VERTEX_POINT('',#5490);
#1653=VERTEX_POINT('',#5496);
#1654=VERTEX_POINT('',#5498);
#1655=VERTEX_POINT('',#5500);
#1656=VERTEX_POINT('',#5504);
#1657=VERTEX_POINT('',#5508);
#1658=VERTEX_POINT('',#5512);
#1659=VERTEX_POINT('',#5516);
#1660=VERTEX_POINT('',#5520);
#1661=VERTEX_POINT('',#5524);
#1662=VERTEX_POINT('',#5528);
#1663=VERTEX_POINT('',#5532);
#1664=VERTEX_POINT('',#5536);
#1665=VERTEX_POINT('',#5540);
#1666=VERTEX_POINT('',#5546);
#1667=VERTEX_POINT('',#5547);
#1668=VERTEX_POINT('',#5552);
#1669=VERTEX_POINT('',#5556);
#1670=VERTEX_POINT('',#5561);
#1671=VERTEX_POINT('',#5565);
#1672=VERTEX_POINT('',#5572);
#1673=VERTEX_POINT('',#5574);
#1674=VERTEX_POINT('',#5578);
#1675=VERTEX_POINT('',#5579);
#1676=VERTEX_POINT('',#5581);
#1677=VERTEX_POINT('',#5583);
#1678=VERTEX_POINT('',#5587);
#1679=VERTEX_POINT('',#5589);
#1680=VERTEX_POINT('',#5593);
#1681=VERTEX_POINT('',#5595);
#1682=VERTEX_POINT('',#5599);
#1683=VERTEX_POINT('',#5601);
#1684=VERTEX_POINT('',#5605);
#1685=VERTEX_POINT('',#5607);
#1686=VERTEX_POINT('',#5611);
#1687=VERTEX_POINT('',#5613);
#1688=VERTEX_POINT('',#5617);
#1689=VERTEX_POINT('',#5619);
#1690=VERTEX_POINT('',#5623);
#1691=VERTEX_POINT('',#5625);
#1692=VERTEX_POINT('',#5629);
#1693=VERTEX_POINT('',#5631);
#1694=VERTEX_POINT('',#5635);
#1695=VERTEX_POINT('',#5637);
#1696=VERTEX_POINT('',#5641);
#1697=VERTEX_POINT('',#5643);
#1698=VERTEX_POINT('',#5647);
#1699=VERTEX_POINT('',#5649);
#1700=VERTEX_POINT('',#5656);
#1701=VERTEX_POINT('',#5657);
#1702=VERTEX_POINT('',#5662);
#1703=VERTEX_POINT('',#5666);
#1704=VERTEX_POINT('',#5673);
#1705=VERTEX_POINT('',#5675);
#1706=VERTEX_POINT('',#5679);
#1707=VERTEX_POINT('',#5681);
#1708=VERTEX_POINT('',#5685);
#1709=VERTEX_POINT('',#5687);
#1710=VERTEX_POINT('',#5691);
#1711=VERTEX_POINT('',#5693);
#1712=VERTEX_POINT('',#5697);
#1713=VERTEX_POINT('',#5699);
#1714=VERTEX_POINT('',#5703);
#1715=VERTEX_POINT('',#5705);
#1716=VERTEX_POINT('',#5709);
#1717=VERTEX_POINT('',#5711);
#1718=VERTEX_POINT('',#5725);
#1719=VERTEX_POINT('',#5726);
#1720=VERTEX_POINT('',#5733);
#1721=VERTEX_POINT('',#5735);
#1722=VERTEX_POINT('',#5739);
#1723=VERTEX_POINT('',#5740);
#1724=VERTEX_POINT('',#5742);
#1725=VERTEX_POINT('',#5744);
#1726=VERTEX_POINT('',#5748);
#1727=VERTEX_POINT('',#5750);
#1728=VERTEX_POINT('',#5754);
#1729=VERTEX_POINT('',#5756);
#1730=VERTEX_POINT('',#5760);
#1731=VERTEX_POINT('',#5762);
#1732=VERTEX_POINT('',#5766);
#1733=VERTEX_POINT('',#5768);
#1734=VERTEX_POINT('',#5772);
#1735=VERTEX_POINT('',#5774);
#1736=VERTEX_POINT('',#5778);
#1737=VERTEX_POINT('',#5780);
#1738=VERTEX_POINT('',#5784);
#1739=VERTEX_POINT('',#5786);
#1740=VERTEX_POINT('',#5793);
#1741=VERTEX_POINT('',#5794);
#1742=VERTEX_POINT('',#5801);
#1743=VERTEX_POINT('',#5803);
#1744=VERTEX_POINT('',#5807);
#1745=VERTEX_POINT('',#5809);
#1746=VERTEX_POINT('',#5813);
#1747=VERTEX_POINT('',#5815);
#1748=VERTEX_POINT('',#5819);
#1749=VERTEX_POINT('',#5821);
#1750=VERTEX_POINT('',#5825);
#1751=VERTEX_POINT('',#5827);
#1752=VERTEX_POINT('',#5831);
#1753=VERTEX_POINT('',#5833);
#1754=VERTEX_POINT('',#5837);
#1755=VERTEX_POINT('',#5839);
#1756=VERTEX_POINT('',#5843);
#1757=VERTEX_POINT('',#5845);
#1758=VERTEX_POINT('',#5890);
#1759=VERTEX_POINT('',#5898);
#1760=VERTEX_POINT('',#5914);
#1761=VERTEX_POINT('',#5923);
#1762=VERTEX_POINT('',#5925);
#1763=VERTEX_POINT('',#5929);
#1764=VERTEX_POINT('',#5931);
#1765=VERTEX_POINT('',#5935);
#1766=VERTEX_POINT('',#5939);
#1767=VERTEX_POINT('',#5941);
#1768=VERTEX_POINT('',#5943);
#1769=VERTEX_POINT('',#6008);
#1770=VERTEX_POINT('',#6016);
#1771=VERTEX_POINT('',#6065);
#1772=VERTEX_POINT('',#6081);
#1773=VERTEX_POINT('',#6105);
#1774=VERTEX_POINT('',#6110);
#1775=VERTEX_POINT('',#6122);
#1776=VERTEX_POINT('',#6147);
#1777=VERTEX_POINT('',#6179);
#1778=VERTEX_POINT('',#6181);
#1779=VERTEX_POINT('',#6190);
#1780=VERTEX_POINT('',#6196);
#1781=VERTEX_POINT('',#6291);
#1782=VERTEX_POINT('',#6309);
#1783=VERTEX_POINT('',#6355);
#1784=VERTEX_POINT('',#6409);
#1785=VERTEX_POINT('',#6410);
#1786=VERTEX_POINT('',#6429);
#1787=VERTEX_POINT('',#6433);
#1788=VERTEX_POINT('',#6437);
#1789=VERTEX_POINT('',#6470);
#1790=VERTEX_POINT('',#6488);
#1791=VERTEX_POINT('',#6531);
#1792=VERTEX_POINT('',#6554);
#1793=VERTEX_POINT('',#6587);
#1794=VERTEX_POINT('',#6605);
#1795=VERTEX_POINT('',#6609);
#1796=VERTEX_POINT('',#6697);
#1797=VERTEX_POINT('',#6723);
#1798=VERTEX_POINT('',#6724);
#1799=VERTEX_POINT('',#6726);
#1800=VERTEX_POINT('',#6728);
#1801=VERTEX_POINT('',#6732);
#1802=VERTEX_POINT('',#6734);
#1803=VERTEX_POINT('',#6738);
#1804=VERTEX_POINT('',#6740);
#1805=VERTEX_POINT('',#6744);
#1806=VERTEX_POINT('',#6746);
#1807=VERTEX_POINT('',#6750);
#1808=VERTEX_POINT('',#6752);
#1809=VERTEX_POINT('',#6756);
#1810=VERTEX_POINT('',#6758);
#1811=VERTEX_POINT('',#6762);
#1812=VERTEX_POINT('',#6764);
#1813=VERTEX_POINT('',#6768);
#1814=VERTEX_POINT('',#6770);
#1815=VERTEX_POINT('',#6774);
#1816=VERTEX_POINT('',#6776);
#1817=VERTEX_POINT('',#6780);
#1818=VERTEX_POINT('',#6782);
#1819=VERTEX_POINT('',#6786);
#1820=VERTEX_POINT('',#6788);
#1821=VERTEX_POINT('',#6792);
#1822=VERTEX_POINT('',#6794);
#1823=VERTEX_POINT('',#6798);
#1824=VERTEX_POINT('',#6800);
#1825=VERTEX_POINT('',#6804);
#1826=VERTEX_POINT('',#6806);
#1827=VERTEX_POINT('',#6810);
#1828=VERTEX_POINT('',#6812);
#1829=VERTEX_POINT('',#6816);
#1830=VERTEX_POINT('',#6818);
#1831=VERTEX_POINT('',#6822);
#1832=VERTEX_POINT('',#6824);
#1833=VERTEX_POINT('',#6828);
#1834=VERTEX_POINT('',#6830);
#1835=VERTEX_POINT('',#6834);
#1836=VERTEX_POINT('',#6836);
#1837=VERTEX_POINT('',#6840);
#1838=VERTEX_POINT('',#6842);
#1839=VERTEX_POINT('',#6846);
#1840=VERTEX_POINT('',#6848);
#1841=VERTEX_POINT('',#6852);
#1842=VERTEX_POINT('',#6854);
#1843=VERTEX_POINT('',#6858);
#1844=VERTEX_POINT('',#6860);
#1845=VERTEX_POINT('',#6864);
#1846=VERTEX_POINT('',#6866);
#1847=VERTEX_POINT('',#6870);
#1848=VERTEX_POINT('',#6872);
#1849=VERTEX_POINT('',#6876);
#1850=VERTEX_POINT('',#6878);
#1851=VERTEX_POINT('',#6882);
#1852=VERTEX_POINT('',#6884);
#1853=VERTEX_POINT('',#6888);
#1854=VERTEX_POINT('',#6890);
#1855=VERTEX_POINT('',#6894);
#1856=VERTEX_POINT('',#6896);
#1857=VERTEX_POINT('',#6900);
#1858=VERTEX_POINT('',#6902);
#1859=VERTEX_POINT('',#6906);
#1860=VERTEX_POINT('',#6908);
#1861=VERTEX_POINT('',#6912);
#1862=VERTEX_POINT('',#6914);
#1863=VERTEX_POINT('',#6918);
#1864=VERTEX_POINT('',#6920);
#1865=VERTEX_POINT('',#6924);
#1866=VERTEX_POINT('',#6926);
#1867=VERTEX_POINT('',#6930);
#1868=VERTEX_POINT('',#6932);
#1869=VERTEX_POINT('',#6936);
#1870=VERTEX_POINT('',#6938);
#1871=VERTEX_POINT('',#6942);
#1872=VERTEX_POINT('',#6944);
#1873=VERTEX_POINT('',#6948);
#1874=VERTEX_POINT('',#6950);
#1875=VERTEX_POINT('',#6954);
#1876=VERTEX_POINT('',#6956);
#1877=VERTEX_POINT('',#6960);
#1878=VERTEX_POINT('',#6962);
#1879=VERTEX_POINT('',#6966);
#1880=VERTEX_POINT('',#6968);
#1881=VERTEX_POINT('',#6972);
#1882=VERTEX_POINT('',#6974);
#1883=VERTEX_POINT('',#6978);
#1884=VERTEX_POINT('',#6980);
#1885=VERTEX_POINT('',#6984);
#1886=VERTEX_POINT('',#6986);
#1887=VERTEX_POINT('',#6990);
#1888=VERTEX_POINT('',#6992);
#1889=VERTEX_POINT('',#6996);
#1890=VERTEX_POINT('',#6998);
#1891=VERTEX_POINT('',#7002);
#1892=VERTEX_POINT('',#7004);
#1893=VERTEX_POINT('',#7008);
#1894=VERTEX_POINT('',#7010);
#1895=VERTEX_POINT('',#7014);
#1896=VERTEX_POINT('',#7016);
#1897=VERTEX_POINT('',#7020);
#1898=VERTEX_POINT('',#7022);
#1899=VERTEX_POINT('',#7026);
#1900=VERTEX_POINT('',#7028);
#1901=VERTEX_POINT('',#7032);
#1902=VERTEX_POINT('',#7034);
#1903=VERTEX_POINT('',#7038);
#1904=VERTEX_POINT('',#7040);
#1905=VERTEX_POINT('',#7044);
#1906=VERTEX_POINT('',#7046);
#1907=VERTEX_POINT('',#7050);
#1908=VERTEX_POINT('',#7052);
#1909=VERTEX_POINT('',#7056);
#1910=VERTEX_POINT('',#7058);
#1911=EDGE_CURVE('',#1536,#1537,#498,.T.);
#1912=EDGE_CURVE('',#1538,#1536,#499,.T.);
#1913=EDGE_CURVE('',#1539,#1538,#500,.T.);
#1914=EDGE_CURVE('',#1540,#1539,#501,.T.);
#1915=EDGE_CURVE('',#1541,#1540,#502,.T.);
#1916=EDGE_CURVE('',#1542,#1541,#503,.T.);
#1917=EDGE_CURVE('',#1543,#1542,#504,.T.);
#1918=EDGE_CURVE('',#1544,#1543,#505,.T.);
#1919=EDGE_CURVE('',#1545,#1544,#506,.T.);
#1920=EDGE_CURVE('',#1546,#1545,#507,.T.);
#1921=EDGE_CURVE('',#1547,#1546,#508,.T.);
#1922=EDGE_CURVE('',#1548,#1547,#509,.T.);
#1923=EDGE_CURVE('',#1549,#1548,#510,.T.);
#1924=EDGE_CURVE('',#1550,#1549,#511,.T.);
#1925=EDGE_CURVE('',#1551,#1550,#512,.T.);
#1926=EDGE_CURVE('',#1552,#1551,#513,.T.);
#1927=EDGE_CURVE('',#1553,#1552,#514,.T.);
#1928=EDGE_CURVE('',#1554,#1553,#515,.T.);
#1929=EDGE_CURVE('',#1555,#1554,#516,.T.);
#1930=EDGE_CURVE('',#1556,#1555,#517,.T.);
#1931=EDGE_CURVE('',#1557,#1556,#518,.T.);
#1932=EDGE_CURVE('',#1558,#1557,#519,.T.);
#1933=EDGE_CURVE('',#1559,#1558,#520,.T.);
#1934=EDGE_CURVE('',#1560,#1559,#521,.T.);
#1935=EDGE_CURVE('',#1561,#1560,#522,.T.);
#1936=EDGE_CURVE('',#1562,#1561,#523,.T.);
#1937=EDGE_CURVE('',#1563,#1562,#524,.T.);
#1938=EDGE_CURVE('',#1564,#1563,#525,.T.);
#1939=EDGE_CURVE('',#1565,#1564,#526,.T.);
#1940=EDGE_CURVE('',#1566,#1565,#527,.T.);
#1941=EDGE_CURVE('',#1567,#1566,#528,.T.);
#1942=EDGE_CURVE('',#1568,#1567,#529,.T.);
#1943=EDGE_CURVE('',#1569,#1568,#530,.T.);
#1944=EDGE_CURVE('',#1570,#1569,#531,.T.);
#1945=EDGE_CURVE('',#1571,#1570,#532,.T.);
#1946=EDGE_CURVE('',#1572,#1571,#533,.T.);
#1947=EDGE_CURVE('',#1573,#1572,#534,.T.);
#1948=EDGE_CURVE('',#1574,#1573,#535,.T.);
#1949=EDGE_CURVE('',#1575,#1574,#536,.T.);
#1950=EDGE_CURVE('',#1576,#1575,#537,.T.);
#1951=EDGE_CURVE('',#1577,#1576,#538,.T.);
#1952=EDGE_CURVE('',#1578,#1577,#539,.T.);
#1953=EDGE_CURVE('',#1579,#1578,#540,.T.);
#1954=EDGE_CURVE('',#1580,#1579,#541,.T.);
#1955=EDGE_CURVE('',#1581,#1580,#542,.T.);
#1956=EDGE_CURVE('',#1582,#1581,#543,.T.);
#1957=EDGE_CURVE('',#1583,#1582,#544,.T.);
#1958=EDGE_CURVE('',#1584,#1583,#545,.T.);
#1959=EDGE_CURVE('',#1585,#1584,#546,.T.);
#1960=EDGE_CURVE('',#1586,#1585,#547,.T.);
#1961=EDGE_CURVE('',#1587,#1586,#548,.T.);
#1962=EDGE_CURVE('',#1588,#1587,#549,.T.);
#1963=EDGE_CURVE('',#1589,#1588,#550,.T.);
#1964=EDGE_CURVE('',#1590,#1589,#551,.T.);
#1965=EDGE_CURVE('',#1591,#1590,#552,.T.);
#1966=EDGE_CURVE('',#1592,#1591,#553,.T.);
#1967=EDGE_CURVE('',#1537,#1592,#554,.T.);
#1968=EDGE_CURVE('',#1593,#1540,#555,.T.);
#1969=EDGE_CURVE('',#1539,#1594,#556,.T.);
#1970=EDGE_CURVE('',#1595,#1594,#557,.T.);
#1971=EDGE_CURVE('',#1596,#1595,#558,.T.);
#1972=EDGE_CURVE('',#1597,#1596,#559,.T.);
#1973=EDGE_CURVE('',#1597,#1598,#560,.T.);
#1974=EDGE_CURVE('',#1593,#1598,#561,.T.);
#1975=EDGE_CURVE('',#1599,#1600,#75,.T.);
#1976=EDGE_CURVE('',#1599,#1556,#562,.T.);
#1977=EDGE_CURVE('',#1601,#1555,#563,.T.);
#1978=EDGE_CURVE('',#1600,#1601,#564,.T.);
#1979=EDGE_CURVE('',#1602,#1603,#76,.T.);
#1980=EDGE_CURVE('',#1604,#1602,#565,.T.);
#1981=EDGE_CURVE('',#1604,#1553,#566,.T.);
#1982=EDGE_CURVE('',#1603,#1552,#567,.T.);
#1983=EDGE_CURVE('',#1603,#1605,#77,.T.);
#1984=EDGE_CURVE('',#1606,#1551,#568,.T.);
#1985=EDGE_CURVE('',#1605,#1606,#569,.T.);
#1986=EDGE_CURVE('',#1607,#1608,#570,.T.);
#1987=EDGE_CURVE('',#1607,#1566,#571,.T.);
#1988=EDGE_CURVE('',#1608,#1565,#572,.T.);
#1989=EDGE_CURVE('',#1608,#1609,#573,.T.);
#1990=EDGE_CURVE('',#1610,#1564,#574,.T.);
#1991=EDGE_CURVE('',#1609,#1610,#575,.T.);
#1992=EDGE_CURVE('',#1611,#1593,#576,.T.);
#1993=EDGE_CURVE('',#1611,#1541,#577,.T.);
#1994=EDGE_CURVE('',#1594,#1612,#578,.T.);
#1995=EDGE_CURVE('',#1612,#1538,#579,.T.);
#1996=EDGE_CURVE('',#1612,#1613,#580,.T.);
#1997=EDGE_CURVE('',#1614,#1536,#581,.T.);
#1998=EDGE_CURVE('',#1613,#1614,#582,.T.);
#1999=EDGE_CURVE('',#1615,#1616,#583,.T.);
#2000=EDGE_CURVE('',#1615,#1582,#584,.T.);
#2001=EDGE_CURVE('',#1617,#1581,#585,.T.);
#2002=EDGE_CURVE('',#1618,#1617,#586,.T.);
#2003=EDGE_CURVE('',#1616,#1618,#587,.T.);
#2004=EDGE_CURVE('',#1619,#1611,#588,.T.);
#2005=EDGE_CURVE('',#1619,#1542,#589,.T.);
#2006=EDGE_CURVE('',#1620,#1619,#590,.T.);
#2007=EDGE_CURVE('',#1620,#1543,#591,.T.);
#2008=EDGE_CURVE('',#1621,#1620,#592,.T.);
#2009=EDGE_CURVE('',#1622,#1621,#593,.T.);
#2010=EDGE_CURVE('',#1622,#1544,#594,.T.);
#2011=EDGE_CURVE('',#1623,#1622,#595,.T.);
#2012=EDGE_CURVE('',#1623,#1545,#596,.T.);
#2013=EDGE_CURVE('',#1624,#1623,#597,.T.);
#2014=EDGE_CURVE('',#1624,#1546,#598,.T.);
#2015=EDGE_CURVE('',#1625,#1624,#599,.T.);
#2016=EDGE_CURVE('',#1625,#1547,#600,.T.);
#2017=EDGE_CURVE('',#1626,#1625,#601,.T.);
#2018=EDGE_CURVE('',#1626,#1548,#602,.T.);
#2019=EDGE_CURVE('',#1627,#1626,#603,.T.);
#2020=EDGE_CURVE('',#1627,#1549,#604,.T.);
#2021=EDGE_CURVE('',#1628,#1627,#605,.T.);
#2022=EDGE_CURVE('',#1628,#1550,#606,.T.);
#2023=EDGE_CURVE('',#1606,#1628,#607,.T.);
#2024=EDGE_CURVE('',#1629,#1604,#608,.T.);
#2025=EDGE_CURVE('',#1629,#1554,#609,.T.);
#2026=EDGE_CURVE('',#1601,#1629,#610,.T.);
#2027=EDGE_CURVE('',#1630,#1599,#78,.T.);
#2028=EDGE_CURVE('',#1631,#1630,#611,.T.);
#2029=EDGE_CURVE('',#1631,#1557,#612,.T.);
#2030=EDGE_CURVE('',#1632,#1631,#613,.T.);
#2031=EDGE_CURVE('',#1632,#1558,#614,.T.);
#2032=EDGE_CURVE('',#1633,#1632,#615,.T.);
#2033=EDGE_CURVE('',#1633,#1559,#616,.T.);
#2034=EDGE_CURVE('',#1634,#1633,#617,.T.);
#2035=EDGE_CURVE('',#1634,#1560,#618,.T.);
#2036=EDGE_CURVE('',#1635,#1634,#619,.T.);
#2037=EDGE_CURVE('',#1635,#1561,#620,.T.);
#2038=EDGE_CURVE('',#1636,#1635,#621,.T.);
#2039=EDGE_CURVE('',#1636,#1562,#622,.T.);
#2040=EDGE_CURVE('',#1637,#1636,#623,.T.);
#2041=EDGE_CURVE('',#1637,#1563,#624,.T.);
#2042=EDGE_CURVE('',#1610,#1637,#625,.T.);
#2043=EDGE_CURVE('',#1638,#1607,#626,.T.);
#2044=EDGE_CURVE('',#1567,#1638,#627,.T.);
#2045=EDGE_CURVE('',#1639,#1640,#628,.T.);
#2046=EDGE_CURVE('',#1641,#1639,#629,.T.);
#2047=EDGE_CURVE('',#1641,#1569,#630,.T.);
#2048=EDGE_CURVE('',#1640,#1568,#631,.T.);
#2049=EDGE_CURVE('',#1642,#1641,#632,.T.);
#2050=EDGE_CURVE('',#1642,#1570,#633,.T.);
#2051=EDGE_CURVE('',#1643,#1642,#634,.T.);
#2052=EDGE_CURVE('',#1643,#1571,#635,.T.);
#2053=EDGE_CURVE('',#1644,#1643,#636,.T.);
#2054=EDGE_CURVE('',#1644,#1572,#637,.T.);
#2055=EDGE_CURVE('',#1645,#1644,#638,.T.);
#2056=EDGE_CURVE('',#1645,#1573,#639,.T.);
#2057=EDGE_CURVE('',#1646,#1645,#640,.T.);
#2058=EDGE_CURVE('',#1646,#1574,#641,.T.);
#2059=EDGE_CURVE('',#1647,#1646,#642,.T.);
#2060=EDGE_CURVE('',#1647,#1575,#643,.T.);
#2061=EDGE_CURVE('',#1648,#1647,#644,.T.);
#2062=EDGE_CURVE('',#1648,#1576,#645,.T.);
#2063=EDGE_CURVE('',#1649,#1648,#646,.T.);
#2064=EDGE_CURVE('',#1649,#1577,#647,.T.);
#2065=EDGE_CURVE('',#1650,#1649,#648,.T.);
#2066=EDGE_CURVE('',#1650,#1578,#649,.T.);
#2067=EDGE_CURVE('',#1651,#1650,#650,.T.);
#2068=EDGE_CURVE('',#1651,#1579,#651,.T.);
#2069=EDGE_CURVE('',#1652,#1651,#652,.T.);
#2070=EDGE_CURVE('',#1652,#1580,#653,.T.);
#2071=EDGE_CURVE('',#1617,#1652,#654,.T.);
#2072=EDGE_CURVE('',#1653,#1615,#655,.T.);
#2073=EDGE_CURVE('',#1654,#1653,#656,.T.);
#2074=EDGE_CURVE('',#1655,#1654,#657,.T.);
#2075=EDGE_CURVE('',#1655,#1583,#658,.T.);
#2076=EDGE_CURVE('',#1656,#1655,#659,.T.);
#2077=EDGE_CURVE('',#1656,#1584,#660,.T.);
#2078=EDGE_CURVE('',#1657,#1656,#661,.T.);
#2079=EDGE_CURVE('',#1657,#1585,#662,.T.);
#2080=EDGE_CURVE('',#1658,#1657,#663,.T.);
#2081=EDGE_CURVE('',#1658,#1586,#664,.T.);
#2082=EDGE_CURVE('',#1659,#1658,#665,.T.);
#2083=EDGE_CURVE('',#1659,#1587,#666,.T.);
#2084=EDGE_CURVE('',#1660,#1659,#667,.T.);
#2085=EDGE_CURVE('',#1660,#1588,#668,.T.);
#2086=EDGE_CURVE('',#1661,#1660,#669,.T.);
#2087=EDGE_CURVE('',#1661,#1589,#670,.T.);
#2088=EDGE_CURVE('',#1662,#1661,#671,.T.);
#2089=EDGE_CURVE('',#1662,#1590,#672,.T.);
#2090=EDGE_CURVE('',#1663,#1662,#673,.T.);
#2091=EDGE_CURVE('',#1663,#1591,#674,.T.);
#2092=EDGE_CURVE('',#1664,#1663,#675,.T.);
#2093=EDGE_CURVE('',#1664,#1592,#676,.T.);
#2094=EDGE_CURVE('',#1665,#1664,#677,.T.);
#2095=EDGE_CURVE('',#1665,#1537,#678,.T.);
#2096=EDGE_CURVE('',#1614,#1665,#679,.T.);
#2097=EDGE_CURVE('',#1666,#1667,#79,.T.);
#2098=EDGE_CURVE('',#1666,#1668,#680,.T.);
#2099=EDGE_CURVE('',#1667,#1668,#681,.T.);
#2100=EDGE_CURVE('',#1667,#1669,#80,.T.);
#2101=EDGE_CURVE('',#1668,#1670,#682,.T.);
#2102=EDGE_CURVE('',#1669,#1670,#683,.T.);
#2103=EDGE_CURVE('',#1669,#1671,#81,.T.);
#2104=EDGE_CURVE('',#1670,#1672,#684,.T.);
#2105=EDGE_CURVE('',#1673,#1672,#685,.T.);
#2106=EDGE_CURVE('',#1671,#1673,#686,.T.);
#2107=EDGE_CURVE('',#1674,#1675,#51,.T.);
#2108=EDGE_CURVE('',#1674,#1676,#687,.T.);
#2109=EDGE_CURVE('',#1676,#1677,#52,.T.);
#2110=EDGE_CURVE('',#1675,#1677,#688,.T.);
#2111=EDGE_CURVE('',#1678,#1674,#53,.T.);
#2112=EDGE_CURVE('',#1678,#1679,#689,.T.);
#2113=EDGE_CURVE('',#1679,#1676,#54,.T.);
#2114=EDGE_CURVE('',#1680,#1678,#690,.T.);
#2115=EDGE_CURVE('',#1680,#1681,#691,.T.);
#2116=EDGE_CURVE('',#1681,#1679,#692,.T.);
#2117=EDGE_CURVE('',#1682,#1680,#693,.T.);
#2118=EDGE_CURVE('',#1682,#1683,#694,.T.);
#2119=EDGE_CURVE('',#1683,#1681,#695,.T.);
#2120=EDGE_CURVE('',#1684,#1682,#696,.T.);
#2121=EDGE_CURVE('',#1684,#1685,#697,.T.);
#2122=EDGE_CURVE('',#1685,#1683,#698,.T.);
#2123=EDGE_CURVE('',#1686,#1684,#699,.T.);
#2124=EDGE_CURVE('',#1686,#1687,#700,.T.);
#2125=EDGE_CURVE('',#1687,#1685,#701,.T.);
#2126=EDGE_CURVE('',#1688,#1686,#702,.T.);
#2127=EDGE_CURVE('',#1688,#1689,#703,.T.);
#2128=EDGE_CURVE('',#1689,#1687,#704,.T.);
#2129=EDGE_CURVE('',#1690,#1688,#705,.T.);
#2130=EDGE_CURVE('',#1690,#1691,#706,.T.);
#2131=EDGE_CURVE('',#1691,#1689,#707,.T.);
#2132=EDGE_CURVE('',#1692,#1690,#708,.T.);
#2133=EDGE_CURVE('',#1692,#1693,#709,.T.);
#2134=EDGE_CURVE('',#1693,#1691,#710,.T.);
#2135=EDGE_CURVE('',#1694,#1692,#711,.T.);
#2136=EDGE_CURVE('',#1694,#1695,#712,.T.);
#2137=EDGE_CURVE('',#1695,#1693,#713,.T.);
#2138=EDGE_CURVE('',#1696,#1694,#714,.T.);
#2139=EDGE_CURVE('',#1696,#1697,#715,.T.);
#2140=EDGE_CURVE('',#1697,#1695,#716,.T.);
#2141=EDGE_CURVE('',#1698,#1696,#717,.T.);
#2142=EDGE_CURVE('',#1698,#1699,#718,.T.);
#2143=EDGE_CURVE('',#1699,#1697,#719,.T.);
#2144=EDGE_CURVE('',#1673,#1698,#720,.T.);
#2145=EDGE_CURVE('',#1672,#1699,#721,.T.);
#2146=EDGE_CURVE('',#1700,#1701,#82,.T.);
#2147=EDGE_CURVE('',#1700,#1702,#722,.T.);
#2148=EDGE_CURVE('',#1702,#1701,#723,.T.);
#2149=EDGE_CURVE('',#1703,#1700,#83,.T.);
#2150=EDGE_CURVE('',#1704,#1703,#724,.T.);
#2151=EDGE_CURVE('',#1704,#1705,#725,.T.);
#2152=EDGE_CURVE('',#1705,#1702,#726,.T.);
#2153=EDGE_CURVE('',#1706,#1704,#727,.T.);
#2154=EDGE_CURVE('',#1706,#1707,#728,.T.);
#2155=EDGE_CURVE('',#1707,#1705,#729,.T.);
#2156=EDGE_CURVE('',#1708,#1706,#55,.T.);
#2157=EDGE_CURVE('',#1708,#1709,#730,.T.);
#2158=EDGE_CURVE('',#1709,#1707,#56,.T.);
#2159=EDGE_CURVE('',#1710,#1708,#731,.T.);
#2160=EDGE_CURVE('',#1710,#1711,#732,.T.);
#2161=EDGE_CURVE('',#1711,#1709,#733,.T.);
#2162=EDGE_CURVE('',#1712,#1710,#734,.T.);
#2163=EDGE_CURVE('',#1712,#1713,#735,.T.);
#2164=EDGE_CURVE('',#1713,#1711,#736,.T.);
#2165=EDGE_CURVE('',#1714,#1712,#737,.T.);
#2166=EDGE_CURVE('',#1714,#1715,#738,.T.);
#2167=EDGE_CURVE('',#1715,#1713,#739,.T.);
#2168=EDGE_CURVE('',#1716,#1714,#740,.T.);
#2169=EDGE_CURVE('',#1716,#1717,#741,.T.);
#2170=EDGE_CURVE('',#1717,#1715,#742,.T.);
#2171=EDGE_CURVE('',#1675,#1716,#57,.T.);
#2172=EDGE_CURVE('',#1677,#1717,#58,.T.);
#2173=EDGE_CURVE('',#1666,#1701,#35,.T.);
#2174=EDGE_CURVE('',#1718,#1719,#84,.T.);
#2175=EDGE_CURVE('',#1718,#1720,#743,.T.);
#2176=EDGE_CURVE('',#1721,#1720,#744,.T.);
#2177=EDGE_CURVE('',#1719,#1721,#745,.T.);
#2178=EDGE_CURVE('',#1722,#1723,#59,.T.);
#2179=EDGE_CURVE('',#1722,#1724,#746,.T.);
#2180=EDGE_CURVE('',#1724,#1725,#60,.T.);
#2181=EDGE_CURVE('',#1723,#1725,#747,.T.);
#2182=EDGE_CURVE('',#1726,#1722,#61,.T.);
#2183=EDGE_CURVE('',#1726,#1727,#748,.T.);
#2184=EDGE_CURVE('',#1727,#1724,#62,.T.);
#2185=EDGE_CURVE('',#1728,#1726,#63,.T.);
#2186=EDGE_CURVE('',#1728,#1729,#749,.T.);
#2187=EDGE_CURVE('',#1729,#1727,#64,.T.);
#2188=EDGE_CURVE('',#1730,#1728,#750,.T.);
#2189=EDGE_CURVE('',#1730,#1731,#751,.T.);
#2190=EDGE_CURVE('',#1731,#1729,#752,.T.);
#2191=EDGE_CURVE('',#1732,#1730,#753,.T.);
#2192=EDGE_CURVE('',#1732,#1733,#754,.T.);
#2193=EDGE_CURVE('',#1733,#1731,#755,.T.);
#2194=EDGE_CURVE('',#1734,#1732,#756,.T.);
#2195=EDGE_CURVE('',#1734,#1735,#757,.T.);
#2196=EDGE_CURVE('',#1735,#1733,#758,.T.);
#2197=EDGE_CURVE('',#1736,#1734,#759,.T.);
#2198=EDGE_CURVE('',#1736,#1737,#760,.T.);
#2199=EDGE_CURVE('',#1737,#1735,#761,.T.);
#2200=EDGE_CURVE('',#1738,#1736,#65,.T.);
#2201=EDGE_CURVE('',#1738,#1739,#762,.T.);
#2202=EDGE_CURVE('',#1739,#1737,#66,.T.);
#2203=EDGE_CURVE('',#1721,#1738,#763,.T.);
#2204=EDGE_CURVE('',#1720,#1739,#764,.T.);
#2205=EDGE_CURVE('',#1740,#1741,#85,.T.);
#2206=EDGE_CURVE('',#1742,#1740,#765,.T.);
#2207=EDGE_CURVE('',#1742,#1743,#766,.T.);
#2208=EDGE_CURVE('',#1743,#1741,#767,.T.);
#2209=EDGE_CURVE('',#1744,#1742,#768,.T.);
#2210=EDGE_CURVE('',#1744,#1745,#769,.T.);
#2211=EDGE_CURVE('',#1745,#1743,#770,.T.);
#2212=EDGE_CURVE('',#1746,#1744,#771,.T.);
#2213=EDGE_CURVE('',#1746,#1747,#772,.T.);
#2214=EDGE_CURVE('',#1747,#1745,#773,.T.);
#2215=EDGE_CURVE('',#1748,#1746,#774,.T.);
#2216=EDGE_CURVE('',#1748,#1749,#775,.T.);
#2217=EDGE_CURVE('',#1749,#1747,#776,.T.);
#2218=EDGE_CURVE('',#1750,#1748,#777,.T.);
#2219=EDGE_CURVE('',#1750,#1751,#778,.T.);
#2220=EDGE_CURVE('',#1751,#1749,#779,.T.);
#2221=EDGE_CURVE('',#1752,#1750,#780,.T.);
#2222=EDGE_CURVE('',#1752,#1753,#781,.T.);
#2223=EDGE_CURVE('',#1753,#1751,#782,.T.);
#2224=EDGE_CURVE('',#1754,#1752,#783,.T.);
#2225=EDGE_CURVE('',#1754,#1755,#784,.T.);
#2226=EDGE_CURVE('',#1755,#1753,#785,.T.);
#2227=EDGE_CURVE('',#1756,#1754,#786,.T.);
#2228=EDGE_CURVE('',#1756,#1757,#787,.T.);
#2229=EDGE_CURVE('',#1757,#1755,#788,.T.);
#2230=EDGE_CURVE('',#1723,#1756,#789,.T.);
#2231=EDGE_CURVE('',#1725,#1757,#790,.T.);
#2232=EDGE_CURVE('',#1718,#1741,#36,.T.);
#2233=EDGE_CURVE('',#1605,#1758,#86,.T.);
#2234=EDGE_CURVE('',#1598,#1758,#791,.T.);
#2235=EDGE_CURVE('',#1598,#1759,#37,.T.);
#2236=EDGE_CURVE('',#1759,#1760,#792,.T.);
#2237=EDGE_CURVE('',#1760,#1602,#87,.T.);
#2238=EDGE_CURVE('',#1640,#1761,#793,.T.);
#2239=EDGE_CURVE('',#1761,#1762,#794,.T.);
#2240=EDGE_CURVE('',#1762,#1639,#795,.T.);
#2241=EDGE_CURVE('',#1609,#1763,#796,.T.);
#2242=EDGE_CURVE('',#1764,#1763,#797,.T.);
#2243=EDGE_CURVE('',#1764,#1638,#798,.T.);
#2244=EDGE_CURVE('',#1613,#1765,#799,.T.);
#2245=EDGE_CURVE('',#1595,#1765,#800,.T.);
#2246=EDGE_CURVE('',#1618,#1766,#801,.T.);
#2247=EDGE_CURVE('',#1767,#1766,#802,.T.);
#2248=EDGE_CURVE('',#1767,#1768,#803,.T.);
#2249=EDGE_CURVE('',#1768,#1616,#804,.T.);
#2250=EDGE_CURVE('',#1701,#1767,#38,.T.);
#2251=EDGE_CURVE('',#1766,#1703,#88,.T.);
#2252=EDGE_CURVE('',#1671,#1769,#89,.T.);
#2253=EDGE_CURVE('',#1770,#1769,#805,.T.);
#2254=EDGE_CURVE('',#1770,#1666,#39,.T.);
#2255=EDGE_CURVE('',#1741,#1771,#40,.T.);
#2256=EDGE_CURVE('',#1771,#1772,#806,.T.);
#2257=EDGE_CURVE('',#1772,#1740,#90,.T.);
#2258=EDGE_CURVE('',#1719,#1773,#91,.T.);
#2259=EDGE_CURVE('',#1774,#1773,#807,.T.);
#2260=EDGE_CURVE('',#1774,#1718,#41,.T.);
#2261=EDGE_CURVE('',#1758,#1621,#808,.T.);
#2262=EDGE_CURVE('',#1773,#1654,#809,.T.);
#2263=EDGE_CURVE('',#1775,#1772,#810,.T.);
#2264=EDGE_CURVE('',#1765,#1775,#92,.T.);
#2265=EDGE_CURVE('',#1776,#1762,#93,.T.);
#2266=EDGE_CURVE('',#1769,#1776,#811,.T.);
#2267=EDGE_CURVE('',#1763,#1630,#94,.T.);
#2268=EDGE_CURVE('',#1777,#1760,#812,.T.);
#2269=EDGE_CURVE('',#1778,#1777,#813,.T.);
#2270=EDGE_CURVE('',#1600,#1778,#95,.T.);
#2271=EDGE_CURVE('',#1779,#1653,#814,.T.);
#2272=EDGE_CURVE('',#1779,#1774,#815,.T.);
#2273=EDGE_CURVE('',#1768,#1779,#816,.T.);
#2274=EDGE_CURVE('',#1780,#1770,#817,.T.);
#2275=EDGE_CURVE('',#1780,#1776,#818,.T.);
#2276=EDGE_CURVE('',#1761,#1780,#42,.T.);
#2277=EDGE_CURVE('',#1781,#1778,#819,.T.);
#2278=EDGE_CURVE('',#1781,#1764,#43,.T.);
#2279=EDGE_CURVE('',#1782,#1781,#820,.T.);
#2280=EDGE_CURVE('',#1782,#1777,#821,.T.);
#2281=EDGE_CURVE('',#1759,#1782,#822,.T.);
#2282=EDGE_CURVE('',#1783,#1595,#44,.T.);
#2283=EDGE_CURVE('',#1783,#1775,#823,.T.);
#2284=EDGE_CURVE('',#1771,#1783,#824,.T.);
#2285=EDGE_CURVE('',#1784,#1785,#45,.T.);
#2286=EDGE_CURVE('',#1784,#1771,#825,.T.);
#2287=EDGE_CURVE('',#1785,#1774,#826,.T.);
#2288=EDGE_CURVE('',#1785,#1786,#827,.T.);
#2289=EDGE_CURVE('',#1786,#1779,#828,.T.);
#2290=EDGE_CURVE('',#1786,#1787,#829,.T.);
#2291=EDGE_CURVE('',#1787,#1768,#830,.T.);
#2292=EDGE_CURVE('',#1787,#1788,#831,.T.);
#2293=EDGE_CURVE('',#1788,#1767,#832,.T.);
#2294=EDGE_CURVE('',#1789,#1788,#46,.T.);
#2295=EDGE_CURVE('',#1789,#1770,#833,.T.);
#2296=EDGE_CURVE('',#1789,#1790,#834,.T.);
#2297=EDGE_CURVE('',#1790,#1780,#835,.T.);
#2298=EDGE_CURVE('',#1790,#1791,#47,.T.);
#2299=EDGE_CURVE('',#1791,#1761,#836,.T.);
#2300=EDGE_CURVE('',#1792,#1764,#837,.T.);
#2301=EDGE_CURVE('',#1791,#1792,#838,.T.);
#2302=EDGE_CURVE('',#1792,#1793,#48,.T.);
#2303=EDGE_CURVE('',#1793,#1781,#839,.T.);
#2304=EDGE_CURVE('',#1793,#1794,#840,.T.);
#2305=EDGE_CURVE('',#1794,#1782,#841,.T.);
#2306=EDGE_CURVE('',#1794,#1795,#842,.T.);
#2307=EDGE_CURVE('',#1795,#1759,#843,.T.);
#2308=EDGE_CURVE('',#1597,#1795,#49,.T.);
#2309=EDGE_CURVE('',#1796,#1596,#50,.T.);
#2310=EDGE_CURVE('',#1796,#1783,#844,.T.);
#2311=EDGE_CURVE('',#1796,#1784,#845,.T.);
#2312=EDGE_CURVE('',#1797,#1798,#846,.T.);
#2313=EDGE_CURVE('',#1799,#1798,#847,.T.);
#2314=EDGE_CURVE('',#1800,#1799,#848,.T.);
#2315=EDGE_CURVE('',#1800,#1797,#849,.T.);
#2316=EDGE_CURVE('',#1798,#1801,#850,.T.);
#2317=EDGE_CURVE('',#1802,#1801,#851,.T.);
#2318=EDGE_CURVE('',#1799,#1802,#852,.T.);
#2319=EDGE_CURVE('',#1801,#1803,#853,.T.);
#2320=EDGE_CURVE('',#1804,#1803,#854,.T.);
#2321=EDGE_CURVE('',#1802,#1804,#855,.T.);
#2322=EDGE_CURVE('',#1803,#1805,#856,.T.);
#2323=EDGE_CURVE('',#1806,#1805,#857,.T.);
#2324=EDGE_CURVE('',#1804,#1806,#858,.T.);
#2325=EDGE_CURVE('',#1805,#1807,#859,.T.);
#2326=EDGE_CURVE('',#1808,#1807,#860,.T.);
#2327=EDGE_CURVE('',#1806,#1808,#861,.T.);
#2328=EDGE_CURVE('',#1807,#1809,#862,.T.);
#2329=EDGE_CURVE('',#1810,#1809,#863,.T.);
#2330=EDGE_CURVE('',#1808,#1810,#864,.T.);
#2331=EDGE_CURVE('',#1809,#1811,#865,.T.);
#2332=EDGE_CURVE('',#1812,#1811,#866,.T.);
#2333=EDGE_CURVE('',#1810,#1812,#867,.T.);
#2334=EDGE_CURVE('',#1811,#1813,#868,.T.);
#2335=EDGE_CURVE('',#1814,#1813,#869,.T.);
#2336=EDGE_CURVE('',#1812,#1814,#870,.T.);
#2337=EDGE_CURVE('',#1813,#1815,#871,.T.);
#2338=EDGE_CURVE('',#1816,#1815,#872,.T.);
#2339=EDGE_CURVE('',#1814,#1816,#873,.T.);
#2340=EDGE_CURVE('',#1815,#1817,#874,.T.);
#2341=EDGE_CURVE('',#1818,#1817,#875,.T.);
#2342=EDGE_CURVE('',#1816,#1818,#876,.T.);
#2343=EDGE_CURVE('',#1817,#1819,#877,.T.);
#2344=EDGE_CURVE('',#1820,#1819,#878,.T.);
#2345=EDGE_CURVE('',#1818,#1820,#879,.T.);
#2346=EDGE_CURVE('',#1819,#1821,#880,.T.);
#2347=EDGE_CURVE('',#1822,#1821,#881,.T.);
#2348=EDGE_CURVE('',#1820,#1822,#882,.T.);
#2349=EDGE_CURVE('',#1821,#1823,#883,.T.);
#2350=EDGE_CURVE('',#1824,#1823,#884,.T.);
#2351=EDGE_CURVE('',#1822,#1824,#885,.T.);
#2352=EDGE_CURVE('',#1823,#1825,#886,.T.);
#2353=EDGE_CURVE('',#1826,#1825,#887,.T.);
#2354=EDGE_CURVE('',#1824,#1826,#888,.T.);
#2355=EDGE_CURVE('',#1825,#1827,#889,.T.);
#2356=EDGE_CURVE('',#1828,#1827,#890,.T.);
#2357=EDGE_CURVE('',#1826,#1828,#891,.T.);
#2358=EDGE_CURVE('',#1827,#1829,#892,.T.);
#2359=EDGE_CURVE('',#1830,#1829,#893,.T.);
#2360=EDGE_CURVE('',#1828,#1830,#894,.T.);
#2361=EDGE_CURVE('',#1829,#1831,#895,.T.);
#2362=EDGE_CURVE('',#1832,#1831,#896,.T.);
#2363=EDGE_CURVE('',#1830,#1832,#897,.T.);
#2364=EDGE_CURVE('',#1831,#1833,#898,.T.);
#2365=EDGE_CURVE('',#1834,#1833,#899,.T.);
#2366=EDGE_CURVE('',#1832,#1834,#900,.T.);
#2367=EDGE_CURVE('',#1833,#1835,#901,.T.);
#2368=EDGE_CURVE('',#1836,#1835,#902,.T.);
#2369=EDGE_CURVE('',#1834,#1836,#903,.T.);
#2370=EDGE_CURVE('',#1835,#1837,#904,.T.);
#2371=EDGE_CURVE('',#1838,#1837,#905,.T.);
#2372=EDGE_CURVE('',#1836,#1838,#906,.T.);
#2373=EDGE_CURVE('',#1837,#1839,#907,.T.);
#2374=EDGE_CURVE('',#1840,#1839,#908,.T.);
#2375=EDGE_CURVE('',#1838,#1840,#909,.T.);
#2376=EDGE_CURVE('',#1839,#1841,#910,.T.);
#2377=EDGE_CURVE('',#1842,#1841,#911,.T.);
#2378=EDGE_CURVE('',#1840,#1842,#912,.T.);
#2379=EDGE_CURVE('',#1841,#1843,#913,.T.);
#2380=EDGE_CURVE('',#1844,#1843,#914,.T.);
#2381=EDGE_CURVE('',#1842,#1844,#915,.T.);
#2382=EDGE_CURVE('',#1843,#1845,#916,.T.);
#2383=EDGE_CURVE('',#1846,#1845,#917,.T.);
#2384=EDGE_CURVE('',#1844,#1846,#918,.T.);
#2385=EDGE_CURVE('',#1845,#1847,#919,.T.);
#2386=EDGE_CURVE('',#1848,#1847,#920,.T.);
#2387=EDGE_CURVE('',#1846,#1848,#921,.T.);
#2388=EDGE_CURVE('',#1847,#1849,#922,.T.);
#2389=EDGE_CURVE('',#1850,#1849,#923,.T.);
#2390=EDGE_CURVE('',#1848,#1850,#924,.T.);
#2391=EDGE_CURVE('',#1849,#1851,#925,.T.);
#2392=EDGE_CURVE('',#1852,#1851,#926,.T.);
#2393=EDGE_CURVE('',#1850,#1852,#927,.T.);
#2394=EDGE_CURVE('',#1851,#1853,#928,.T.);
#2395=EDGE_CURVE('',#1854,#1853,#929,.T.);
#2396=EDGE_CURVE('',#1852,#1854,#930,.T.);
#2397=EDGE_CURVE('',#1853,#1855,#931,.T.);
#2398=EDGE_CURVE('',#1856,#1855,#932,.T.);
#2399=EDGE_CURVE('',#1854,#1856,#933,.T.);
#2400=EDGE_CURVE('',#1855,#1857,#934,.T.);
#2401=EDGE_CURVE('',#1858,#1857,#935,.T.);
#2402=EDGE_CURVE('',#1856,#1858,#936,.T.);
#2403=EDGE_CURVE('',#1857,#1859,#937,.T.);
#2404=EDGE_CURVE('',#1860,#1859,#938,.T.);
#2405=EDGE_CURVE('',#1858,#1860,#939,.T.);
#2406=EDGE_CURVE('',#1859,#1861,#940,.T.);
#2407=EDGE_CURVE('',#1862,#1861,#941,.T.);
#2408=EDGE_CURVE('',#1860,#1862,#942,.T.);
#2409=EDGE_CURVE('',#1861,#1863,#943,.T.);
#2410=EDGE_CURVE('',#1864,#1863,#944,.T.);
#2411=EDGE_CURVE('',#1862,#1864,#945,.T.);
#2412=EDGE_CURVE('',#1863,#1865,#946,.T.);
#2413=EDGE_CURVE('',#1866,#1865,#947,.T.);
#2414=EDGE_CURVE('',#1864,#1866,#948,.T.);
#2415=EDGE_CURVE('',#1865,#1867,#949,.T.);
#2416=EDGE_CURVE('',#1868,#1867,#950,.T.);
#2417=EDGE_CURVE('',#1866,#1868,#951,.T.);
#2418=EDGE_CURVE('',#1867,#1869,#952,.T.);
#2419=EDGE_CURVE('',#1870,#1869,#953,.T.);
#2420=EDGE_CURVE('',#1868,#1870,#954,.T.);
#2421=EDGE_CURVE('',#1869,#1871,#955,.T.);
#2422=EDGE_CURVE('',#1872,#1871,#956,.T.);
#2423=EDGE_CURVE('',#1870,#1872,#957,.T.);
#2424=EDGE_CURVE('',#1871,#1873,#958,.T.);
#2425=EDGE_CURVE('',#1874,#1873,#959,.T.);
#2426=EDGE_CURVE('',#1872,#1874,#960,.T.);
#2427=EDGE_CURVE('',#1873,#1875,#961,.T.);
#2428=EDGE_CURVE('',#1876,#1875,#962,.T.);
#2429=EDGE_CURVE('',#1874,#1876,#963,.T.);
#2430=EDGE_CURVE('',#1875,#1877,#964,.T.);
#2431=EDGE_CURVE('',#1878,#1877,#965,.T.);
#2432=EDGE_CURVE('',#1876,#1878,#966,.T.);
#2433=EDGE_CURVE('',#1877,#1879,#967,.T.);
#2434=EDGE_CURVE('',#1880,#1879,#968,.T.);
#2435=EDGE_CURVE('',#1878,#1880,#969,.T.);
#2436=EDGE_CURVE('',#1879,#1881,#970,.T.);
#2437=EDGE_CURVE('',#1882,#1881,#971,.T.);
#2438=EDGE_CURVE('',#1880,#1882,#972,.T.);
#2439=EDGE_CURVE('',#1881,#1883,#973,.T.);
#2440=EDGE_CURVE('',#1884,#1883,#974,.T.);
#2441=EDGE_CURVE('',#1882,#1884,#975,.T.);
#2442=EDGE_CURVE('',#1883,#1885,#976,.T.);
#2443=EDGE_CURVE('',#1886,#1885,#977,.T.);
#2444=EDGE_CURVE('',#1884,#1886,#978,.T.);
#2445=EDGE_CURVE('',#1885,#1887,#979,.T.);
#2446=EDGE_CURVE('',#1888,#1887,#980,.T.);
#2447=EDGE_CURVE('',#1886,#1888,#981,.T.);
#2448=EDGE_CURVE('',#1887,#1889,#982,.T.);
#2449=EDGE_CURVE('',#1890,#1889,#983,.T.);
#2450=EDGE_CURVE('',#1888,#1890,#984,.T.);
#2451=EDGE_CURVE('',#1889,#1891,#985,.T.);
#2452=EDGE_CURVE('',#1892,#1891,#986,.T.);
#2453=EDGE_CURVE('',#1890,#1892,#987,.T.);
#2454=EDGE_CURVE('',#1891,#1893,#988,.T.);
#2455=EDGE_CURVE('',#1894,#1893,#989,.T.);
#2456=EDGE_CURVE('',#1892,#1894,#990,.T.);
#2457=EDGE_CURVE('',#1893,#1895,#991,.T.);
#2458=EDGE_CURVE('',#1896,#1895,#992,.T.);
#2459=EDGE_CURVE('',#1894,#1896,#993,.T.);
#2460=EDGE_CURVE('',#1895,#1897,#994,.T.);
#2461=EDGE_CURVE('',#1898,#1897,#995,.T.);
#2462=EDGE_CURVE('',#1896,#1898,#996,.T.);
#2463=EDGE_CURVE('',#1897,#1899,#997,.T.);
#2464=EDGE_CURVE('',#1900,#1899,#998,.T.);
#2465=EDGE_CURVE('',#1898,#1900,#999,.T.);
#2466=EDGE_CURVE('',#1899,#1901,#1000,.T.);
#2467=EDGE_CURVE('',#1902,#1901,#1001,.T.);
#2468=EDGE_CURVE('',#1900,#1902,#1002,.T.);
#2469=EDGE_CURVE('',#1901,#1903,#1003,.T.);
#2470=EDGE_CURVE('',#1904,#1903,#1004,.T.);
#2471=EDGE_CURVE('',#1902,#1904,#1005,.T.);
#2472=EDGE_CURVE('',#1903,#1905,#1006,.T.);
#2473=EDGE_CURVE('',#1906,#1905,#1007,.T.);
#2474=EDGE_CURVE('',#1904,#1906,#1008,.T.);
#2475=EDGE_CURVE('',#1905,#1907,#1009,.T.);
#2476=EDGE_CURVE('',#1908,#1907,#1010,.T.);
#2477=EDGE_CURVE('',#1906,#1908,#1011,.T.);
#2478=EDGE_CURVE('',#1907,#1909,#1012,.T.);
#2479=EDGE_CURVE('',#1910,#1909,#1013,.T.);
#2480=EDGE_CURVE('',#1908,#1910,#1014,.T.);
#2481=EDGE_CURVE('',#1909,#1797,#1015,.T.);
#2482=EDGE_CURVE('',#1910,#1800,#1016,.T.);
#2483=ORIENTED_EDGE('',*,*,#1911,.F.);
#2484=ORIENTED_EDGE('',*,*,#1912,.F.);
#2485=ORIENTED_EDGE('',*,*,#1913,.F.);
#2486=ORIENTED_EDGE('',*,*,#1914,.F.);
#2487=ORIENTED_EDGE('',*,*,#1915,.F.);
#2488=ORIENTED_EDGE('',*,*,#1916,.F.);
#2489=ORIENTED_EDGE('',*,*,#1917,.F.);
#2490=ORIENTED_EDGE('',*,*,#1918,.F.);
#2491=ORIENTED_EDGE('',*,*,#1919,.F.);
#2492=ORIENTED_EDGE('',*,*,#1920,.F.);
#2493=ORIENTED_EDGE('',*,*,#1921,.F.);
#2494=ORIENTED_EDGE('',*,*,#1922,.F.);
#2495=ORIENTED_EDGE('',*,*,#1923,.F.);
#2496=ORIENTED_EDGE('',*,*,#1924,.F.);
#2497=ORIENTED_EDGE('',*,*,#1925,.F.);
#2498=ORIENTED_EDGE('',*,*,#1926,.F.);
#2499=ORIENTED_EDGE('',*,*,#1927,.F.);
#2500=ORIENTED_EDGE('',*,*,#1928,.F.);
#2501=ORIENTED_EDGE('',*,*,#1929,.F.);
#2502=ORIENTED_EDGE('',*,*,#1930,.F.);
#2503=ORIENTED_EDGE('',*,*,#1931,.F.);
#2504=ORIENTED_EDGE('',*,*,#1932,.F.);
#2505=ORIENTED_EDGE('',*,*,#1933,.F.);
#2506=ORIENTED_EDGE('',*,*,#1934,.F.);
#2507=ORIENTED_EDGE('',*,*,#1935,.F.);
#2508=ORIENTED_EDGE('',*,*,#1936,.F.);
#2509=ORIENTED_EDGE('',*,*,#1937,.F.);
#2510=ORIENTED_EDGE('',*,*,#1938,.F.);
#2511=ORIENTED_EDGE('',*,*,#1939,.F.);
#2512=ORIENTED_EDGE('',*,*,#1940,.F.);
#2513=ORIENTED_EDGE('',*,*,#1941,.F.);
#2514=ORIENTED_EDGE('',*,*,#1942,.F.);
#2515=ORIENTED_EDGE('',*,*,#1943,.F.);
#2516=ORIENTED_EDGE('',*,*,#1944,.F.);
#2517=ORIENTED_EDGE('',*,*,#1945,.F.);
#2518=ORIENTED_EDGE('',*,*,#1946,.F.);
#2519=ORIENTED_EDGE('',*,*,#1947,.F.);
#2520=ORIENTED_EDGE('',*,*,#1948,.F.);
#2521=ORIENTED_EDGE('',*,*,#1949,.F.);
#2522=ORIENTED_EDGE('',*,*,#1950,.F.);
#2523=ORIENTED_EDGE('',*,*,#1951,.F.);
#2524=ORIENTED_EDGE('',*,*,#1952,.F.);
#2525=ORIENTED_EDGE('',*,*,#1953,.F.);
#2526=ORIENTED_EDGE('',*,*,#1954,.F.);
#2527=ORIENTED_EDGE('',*,*,#1955,.F.);
#2528=ORIENTED_EDGE('',*,*,#1956,.F.);
#2529=ORIENTED_EDGE('',*,*,#1957,.F.);
#2530=ORIENTED_EDGE('',*,*,#1958,.F.);
#2531=ORIENTED_EDGE('',*,*,#1959,.F.);
#2532=ORIENTED_EDGE('',*,*,#1960,.F.);
#2533=ORIENTED_EDGE('',*,*,#1961,.F.);
#2534=ORIENTED_EDGE('',*,*,#1962,.F.);
#2535=ORIENTED_EDGE('',*,*,#1963,.F.);
#2536=ORIENTED_EDGE('',*,*,#1964,.F.);
#2537=ORIENTED_EDGE('',*,*,#1965,.F.);
#2538=ORIENTED_EDGE('',*,*,#1966,.F.);
#2539=ORIENTED_EDGE('',*,*,#1967,.F.);
#2540=ORIENTED_EDGE('',*,*,#1968,.T.);
#2541=ORIENTED_EDGE('',*,*,#1914,.T.);
#2542=ORIENTED_EDGE('',*,*,#1969,.T.);
#2543=ORIENTED_EDGE('',*,*,#1970,.F.);
#2544=ORIENTED_EDGE('',*,*,#1971,.F.);
#2545=ORIENTED_EDGE('',*,*,#1972,.F.);
#2546=ORIENTED_EDGE('',*,*,#1973,.T.);
#2547=ORIENTED_EDGE('',*,*,#1974,.F.);
#2548=ORIENTED_EDGE('',*,*,#1975,.F.);
#2549=ORIENTED_EDGE('',*,*,#1976,.T.);
#2550=ORIENTED_EDGE('',*,*,#1930,.T.);
#2551=ORIENTED_EDGE('',*,*,#1977,.F.);
#2552=ORIENTED_EDGE('',*,*,#1978,.F.);
#2553=ORIENTED_EDGE('',*,*,#1979,.F.);
#2554=ORIENTED_EDGE('',*,*,#1980,.F.);
#2555=ORIENTED_EDGE('',*,*,#1981,.T.);
#2556=ORIENTED_EDGE('',*,*,#1927,.T.);
#2557=ORIENTED_EDGE('',*,*,#1982,.F.);
#2558=ORIENTED_EDGE('',*,*,#1983,.F.);
#2559=ORIENTED_EDGE('',*,*,#1982,.T.);
#2560=ORIENTED_EDGE('',*,*,#1926,.T.);
#2561=ORIENTED_EDGE('',*,*,#1984,.F.);
#2562=ORIENTED_EDGE('',*,*,#1985,.F.);
#2563=ORIENTED_EDGE('',*,*,#1986,.F.);
#2564=ORIENTED_EDGE('',*,*,#1987,.T.);
#2565=ORIENTED_EDGE('',*,*,#1940,.T.);
#2566=ORIENTED_EDGE('',*,*,#1988,.F.);
#2567=ORIENTED_EDGE('',*,*,#1989,.F.);
#2568=ORIENTED_EDGE('',*,*,#1988,.T.);
#2569=ORIENTED_EDGE('',*,*,#1939,.T.);
#2570=ORIENTED_EDGE('',*,*,#1990,.F.);
#2571=ORIENTED_EDGE('',*,*,#1991,.F.);
#2572=ORIENTED_EDGE('',*,*,#1992,.F.);
#2573=ORIENTED_EDGE('',*,*,#1993,.T.);
#2574=ORIENTED_EDGE('',*,*,#1915,.T.);
#2575=ORIENTED_EDGE('',*,*,#1968,.F.);
#2576=ORIENTED_EDGE('',*,*,#1994,.F.);
#2577=ORIENTED_EDGE('',*,*,#1969,.F.);
#2578=ORIENTED_EDGE('',*,*,#1913,.T.);
#2579=ORIENTED_EDGE('',*,*,#1995,.F.);
#2580=ORIENTED_EDGE('',*,*,#1996,.F.);
#2581=ORIENTED_EDGE('',*,*,#1995,.T.);
#2582=ORIENTED_EDGE('',*,*,#1912,.T.);
#2583=ORIENTED_EDGE('',*,*,#1997,.F.);
#2584=ORIENTED_EDGE('',*,*,#1998,.F.);
#2585=ORIENTED_EDGE('',*,*,#1999,.F.);
#2586=ORIENTED_EDGE('',*,*,#2000,.T.);
#2587=ORIENTED_EDGE('',*,*,#1956,.T.);
#2588=ORIENTED_EDGE('',*,*,#2001,.F.);
#2589=ORIENTED_EDGE('',*,*,#2002,.F.);
#2590=ORIENTED_EDGE('',*,*,#2003,.F.);
#2591=ORIENTED_EDGE('',*,*,#2004,.F.);
#2592=ORIENTED_EDGE('',*,*,#2005,.T.);
#2593=ORIENTED_EDGE('',*,*,#1916,.T.);
#2594=ORIENTED_EDGE('',*,*,#1993,.F.);
#2595=ORIENTED_EDGE('',*,*,#2006,.F.);
#2596=ORIENTED_EDGE('',*,*,#2007,.T.);
#2597=ORIENTED_EDGE('',*,*,#1917,.T.);
#2598=ORIENTED_EDGE('',*,*,#2005,.F.);
#2599=ORIENTED_EDGE('',*,*,#2008,.F.);
#2600=ORIENTED_EDGE('',*,*,#2009,.F.);
#2601=ORIENTED_EDGE('',*,*,#2010,.T.);
#2602=ORIENTED_EDGE('',*,*,#1918,.T.);
#2603=ORIENTED_EDGE('',*,*,#2007,.F.);
#2604=ORIENTED_EDGE('',*,*,#2011,.F.);
#2605=ORIENTED_EDGE('',*,*,#2012,.T.);
#2606=ORIENTED_EDGE('',*,*,#1919,.T.);
#2607=ORIENTED_EDGE('',*,*,#2010,.F.);
#2608=ORIENTED_EDGE('',*,*,#2013,.F.);
#2609=ORIENTED_EDGE('',*,*,#2014,.T.);
#2610=ORIENTED_EDGE('',*,*,#1920,.T.);
#2611=ORIENTED_EDGE('',*,*,#2012,.F.);
#2612=ORIENTED_EDGE('',*,*,#2015,.F.);
#2613=ORIENTED_EDGE('',*,*,#2016,.T.);
#2614=ORIENTED_EDGE('',*,*,#1921,.T.);
#2615=ORIENTED_EDGE('',*,*,#2014,.F.);
#2616=ORIENTED_EDGE('',*,*,#2017,.F.);
#2617=ORIENTED_EDGE('',*,*,#2018,.T.);
#2618=ORIENTED_EDGE('',*,*,#1922,.T.);
#2619=ORIENTED_EDGE('',*,*,#2016,.F.);
#2620=ORIENTED_EDGE('',*,*,#2019,.F.);
#2621=ORIENTED_EDGE('',*,*,#2020,.T.);
#2622=ORIENTED_EDGE('',*,*,#1923,.T.);
#2623=ORIENTED_EDGE('',*,*,#2018,.F.);
#2624=ORIENTED_EDGE('',*,*,#2021,.F.);
#2625=ORIENTED_EDGE('',*,*,#2022,.T.);
#2626=ORIENTED_EDGE('',*,*,#1924,.T.);
#2627=ORIENTED_EDGE('',*,*,#2020,.F.);
#2628=ORIENTED_EDGE('',*,*,#2023,.F.);
#2629=ORIENTED_EDGE('',*,*,#1984,.T.);
#2630=ORIENTED_EDGE('',*,*,#1925,.T.);
#2631=ORIENTED_EDGE('',*,*,#2022,.F.);
#2632=ORIENTED_EDGE('',*,*,#2024,.F.);
#2633=ORIENTED_EDGE('',*,*,#2025,.T.);
#2634=ORIENTED_EDGE('',*,*,#1928,.T.);
#2635=ORIENTED_EDGE('',*,*,#1981,.F.);
#2636=ORIENTED_EDGE('',*,*,#2026,.F.);
#2637=ORIENTED_EDGE('',*,*,#1977,.T.);
#2638=ORIENTED_EDGE('',*,*,#1929,.T.);
#2639=ORIENTED_EDGE('',*,*,#2025,.F.);
#2640=ORIENTED_EDGE('',*,*,#2027,.F.);
#2641=ORIENTED_EDGE('',*,*,#2028,.F.);
#2642=ORIENTED_EDGE('',*,*,#2029,.T.);
#2643=ORIENTED_EDGE('',*,*,#1931,.T.);
#2644=ORIENTED_EDGE('',*,*,#1976,.F.);
#2645=ORIENTED_EDGE('',*,*,#2030,.F.);
#2646=ORIENTED_EDGE('',*,*,#2031,.T.);
#2647=ORIENTED_EDGE('',*,*,#1932,.T.);
#2648=ORIENTED_EDGE('',*,*,#2029,.F.);
#2649=ORIENTED_EDGE('',*,*,#2032,.F.);
#2650=ORIENTED_EDGE('',*,*,#2033,.T.);
#2651=ORIENTED_EDGE('',*,*,#1933,.T.);
#2652=ORIENTED_EDGE('',*,*,#2031,.F.);
#2653=ORIENTED_EDGE('',*,*,#2034,.F.);
#2654=ORIENTED_EDGE('',*,*,#2035,.T.);
#2655=ORIENTED_EDGE('',*,*,#1934,.T.);
#2656=ORIENTED_EDGE('',*,*,#2033,.F.);
#2657=ORIENTED_EDGE('',*,*,#2036,.F.);
#2658=ORIENTED_EDGE('',*,*,#2037,.T.);
#2659=ORIENTED_EDGE('',*,*,#1935,.T.);
#2660=ORIENTED_EDGE('',*,*,#2035,.F.);
#2661=ORIENTED_EDGE('',*,*,#2038,.F.);
#2662=ORIENTED_EDGE('',*,*,#2039,.T.);
#2663=ORIENTED_EDGE('',*,*,#1936,.T.);
#2664=ORIENTED_EDGE('',*,*,#2037,.F.);
#2665=ORIENTED_EDGE('',*,*,#2040,.F.);
#2666=ORIENTED_EDGE('',*,*,#2041,.T.);
#2667=ORIENTED_EDGE('',*,*,#1937,.T.);
#2668=ORIENTED_EDGE('',*,*,#2039,.F.);
#2669=ORIENTED_EDGE('',*,*,#2042,.F.);
#2670=ORIENTED_EDGE('',*,*,#1990,.T.);
#2671=ORIENTED_EDGE('',*,*,#1938,.T.);
#2672=ORIENTED_EDGE('',*,*,#2041,.F.);
#2673=ORIENTED_EDGE('',*,*,#2043,.F.);
#2674=ORIENTED_EDGE('',*,*,#2044,.F.);
#2675=ORIENTED_EDGE('',*,*,#1941,.T.);
#2676=ORIENTED_EDGE('',*,*,#1987,.F.);
#2677=ORIENTED_EDGE('',*,*,#2045,.F.);
#2678=ORIENTED_EDGE('',*,*,#2046,.F.);
#2679=ORIENTED_EDGE('',*,*,#2047,.T.);
#2680=ORIENTED_EDGE('',*,*,#1943,.T.);
#2681=ORIENTED_EDGE('',*,*,#2048,.F.);
#2682=ORIENTED_EDGE('',*,*,#2049,.F.);
#2683=ORIENTED_EDGE('',*,*,#2050,.T.);
#2684=ORIENTED_EDGE('',*,*,#1944,.T.);
#2685=ORIENTED_EDGE('',*,*,#2047,.F.);
#2686=ORIENTED_EDGE('',*,*,#2051,.F.);
#2687=ORIENTED_EDGE('',*,*,#2052,.T.);
#2688=ORIENTED_EDGE('',*,*,#1945,.T.);
#2689=ORIENTED_EDGE('',*,*,#2050,.F.);
#2690=ORIENTED_EDGE('',*,*,#2053,.F.);
#2691=ORIENTED_EDGE('',*,*,#2054,.T.);
#2692=ORIENTED_EDGE('',*,*,#1946,.T.);
#2693=ORIENTED_EDGE('',*,*,#2052,.F.);
#2694=ORIENTED_EDGE('',*,*,#2055,.F.);
#2695=ORIENTED_EDGE('',*,*,#2056,.T.);
#2696=ORIENTED_EDGE('',*,*,#1947,.T.);
#2697=ORIENTED_EDGE('',*,*,#2054,.F.);
#2698=ORIENTED_EDGE('',*,*,#2057,.F.);
#2699=ORIENTED_EDGE('',*,*,#2058,.T.);
#2700=ORIENTED_EDGE('',*,*,#1948,.T.);
#2701=ORIENTED_EDGE('',*,*,#2056,.F.);
#2702=ORIENTED_EDGE('',*,*,#2059,.F.);
#2703=ORIENTED_EDGE('',*,*,#2060,.T.);
#2704=ORIENTED_EDGE('',*,*,#1949,.T.);
#2705=ORIENTED_EDGE('',*,*,#2058,.F.);
#2706=ORIENTED_EDGE('',*,*,#2061,.F.);
#2707=ORIENTED_EDGE('',*,*,#2062,.T.);
#2708=ORIENTED_EDGE('',*,*,#1950,.T.);
#2709=ORIENTED_EDGE('',*,*,#2060,.F.);
#2710=ORIENTED_EDGE('',*,*,#2063,.F.);
#2711=ORIENTED_EDGE('',*,*,#2064,.T.);
#2712=ORIENTED_EDGE('',*,*,#1951,.T.);
#2713=ORIENTED_EDGE('',*,*,#2062,.F.);
#2714=ORIENTED_EDGE('',*,*,#2065,.F.);
#2715=ORIENTED_EDGE('',*,*,#2066,.T.);
#2716=ORIENTED_EDGE('',*,*,#1952,.T.);
#2717=ORIENTED_EDGE('',*,*,#2064,.F.);
#2718=ORIENTED_EDGE('',*,*,#2067,.F.);
#2719=ORIENTED_EDGE('',*,*,#2068,.T.);
#2720=ORIENTED_EDGE('',*,*,#1953,.T.);
#2721=ORIENTED_EDGE('',*,*,#2066,.F.);
#2722=ORIENTED_EDGE('',*,*,#2069,.F.);
#2723=ORIENTED_EDGE('',*,*,#2070,.T.);
#2724=ORIENTED_EDGE('',*,*,#1954,.T.);
#2725=ORIENTED_EDGE('',*,*,#2068,.F.);
#2726=ORIENTED_EDGE('',*,*,#2071,.F.);
#2727=ORIENTED_EDGE('',*,*,#2001,.T.);
#2728=ORIENTED_EDGE('',*,*,#1955,.T.);
#2729=ORIENTED_EDGE('',*,*,#2070,.F.);
#2730=ORIENTED_EDGE('',*,*,#2072,.F.);
#2731=ORIENTED_EDGE('',*,*,#2073,.F.);
#2732=ORIENTED_EDGE('',*,*,#2074,.F.);
#2733=ORIENTED_EDGE('',*,*,#2075,.T.);
#2734=ORIENTED_EDGE('',*,*,#1957,.T.);
#2735=ORIENTED_EDGE('',*,*,#2000,.F.);
#2736=ORIENTED_EDGE('',*,*,#2076,.F.);
#2737=ORIENTED_EDGE('',*,*,#2077,.T.);
#2738=ORIENTED_EDGE('',*,*,#1958,.T.);
#2739=ORIENTED_EDGE('',*,*,#2075,.F.);
#2740=ORIENTED_EDGE('',*,*,#2078,.F.);
#2741=ORIENTED_EDGE('',*,*,#2079,.T.);
#2742=ORIENTED_EDGE('',*,*,#1959,.T.);
#2743=ORIENTED_EDGE('',*,*,#2077,.F.);
#2744=ORIENTED_EDGE('',*,*,#2080,.F.);
#2745=ORIENTED_EDGE('',*,*,#2081,.T.);
#2746=ORIENTED_EDGE('',*,*,#1960,.T.);
#2747=ORIENTED_EDGE('',*,*,#2079,.F.);
#2748=ORIENTED_EDGE('',*,*,#2082,.F.);
#2749=ORIENTED_EDGE('',*,*,#2083,.T.);
#2750=ORIENTED_EDGE('',*,*,#1961,.T.);
#2751=ORIENTED_EDGE('',*,*,#2081,.F.);
#2752=ORIENTED_EDGE('',*,*,#2084,.F.);
#2753=ORIENTED_EDGE('',*,*,#2085,.T.);
#2754=ORIENTED_EDGE('',*,*,#1962,.T.);
#2755=ORIENTED_EDGE('',*,*,#2083,.F.);
#2756=ORIENTED_EDGE('',*,*,#2086,.F.);
#2757=ORIENTED_EDGE('',*,*,#2087,.T.);
#2758=ORIENTED_EDGE('',*,*,#1963,.T.);
#2759=ORIENTED_EDGE('',*,*,#2085,.F.);
#2760=ORIENTED_EDGE('',*,*,#2088,.F.);
#2761=ORIENTED_EDGE('',*,*,#2089,.T.);
#2762=ORIENTED_EDGE('',*,*,#1964,.T.);
#2763=ORIENTED_EDGE('',*,*,#2087,.F.);
#2764=ORIENTED_EDGE('',*,*,#2090,.F.);
#2765=ORIENTED_EDGE('',*,*,#2091,.T.);
#2766=ORIENTED_EDGE('',*,*,#1965,.T.);
#2767=ORIENTED_EDGE('',*,*,#2089,.F.);
#2768=ORIENTED_EDGE('',*,*,#2092,.F.);
#2769=ORIENTED_EDGE('',*,*,#2093,.T.);
#2770=ORIENTED_EDGE('',*,*,#1966,.T.);
#2771=ORIENTED_EDGE('',*,*,#2091,.F.);
#2772=ORIENTED_EDGE('',*,*,#2094,.F.);
#2773=ORIENTED_EDGE('',*,*,#2095,.T.);
#2774=ORIENTED_EDGE('',*,*,#1967,.T.);
#2775=ORIENTED_EDGE('',*,*,#2093,.F.);
#2776=ORIENTED_EDGE('',*,*,#2096,.F.);
#2777=ORIENTED_EDGE('',*,*,#1997,.T.);
#2778=ORIENTED_EDGE('',*,*,#1911,.T.);
#2779=ORIENTED_EDGE('',*,*,#2095,.F.);
#2780=ORIENTED_EDGE('',*,*,#2097,.F.);
#2781=ORIENTED_EDGE('',*,*,#2098,.T.);
#2782=ORIENTED_EDGE('',*,*,#2099,.F.);
#2783=ORIENTED_EDGE('',*,*,#2100,.F.);
#2784=ORIENTED_EDGE('',*,*,#2099,.T.);
#2785=ORIENTED_EDGE('',*,*,#2101,.T.);
#2786=ORIENTED_EDGE('',*,*,#2102,.F.);
#2787=ORIENTED_EDGE('',*,*,#2103,.F.);
#2788=ORIENTED_EDGE('',*,*,#2102,.T.);
#2789=ORIENTED_EDGE('',*,*,#2104,.T.);
#2790=ORIENTED_EDGE('',*,*,#2105,.F.);
#2791=ORIENTED_EDGE('',*,*,#2106,.F.);
#2792=ORIENTED_EDGE('',*,*,#2107,.F.);
#2793=ORIENTED_EDGE('',*,*,#2108,.T.);
#2794=ORIENTED_EDGE('',*,*,#2109,.T.);
#2795=ORIENTED_EDGE('',*,*,#2110,.F.);
#2796=ORIENTED_EDGE('',*,*,#2111,.F.);
#2797=ORIENTED_EDGE('',*,*,#2112,.T.);
#2798=ORIENTED_EDGE('',*,*,#2113,.T.);
#2799=ORIENTED_EDGE('',*,*,#2108,.F.);
#2800=ORIENTED_EDGE('',*,*,#2114,.F.);
#2801=ORIENTED_EDGE('',*,*,#2115,.T.);
#2802=ORIENTED_EDGE('',*,*,#2116,.T.);
#2803=ORIENTED_EDGE('',*,*,#2112,.F.);
#2804=ORIENTED_EDGE('',*,*,#2117,.F.);
#2805=ORIENTED_EDGE('',*,*,#2118,.T.);
#2806=ORIENTED_EDGE('',*,*,#2119,.T.);
#2807=ORIENTED_EDGE('',*,*,#2115,.F.);
#2808=ORIENTED_EDGE('',*,*,#2120,.F.);
#2809=ORIENTED_EDGE('',*,*,#2121,.T.);
#2810=ORIENTED_EDGE('',*,*,#2122,.T.);
#2811=ORIENTED_EDGE('',*,*,#2118,.F.);
#2812=ORIENTED_EDGE('',*,*,#2123,.F.);
#2813=ORIENTED_EDGE('',*,*,#2124,.T.);
#2814=ORIENTED_EDGE('',*,*,#2125,.T.);
#2815=ORIENTED_EDGE('',*,*,#2121,.F.);
#2816=ORIENTED_EDGE('',*,*,#2126,.F.);
#2817=ORIENTED_EDGE('',*,*,#2127,.T.);
#2818=ORIENTED_EDGE('',*,*,#2128,.T.);
#2819=ORIENTED_EDGE('',*,*,#2124,.F.);
#2820=ORIENTED_EDGE('',*,*,#2129,.F.);
#2821=ORIENTED_EDGE('',*,*,#2130,.T.);
#2822=ORIENTED_EDGE('',*,*,#2131,.T.);
#2823=ORIENTED_EDGE('',*,*,#2127,.F.);
#2824=ORIENTED_EDGE('',*,*,#2132,.F.);
#2825=ORIENTED_EDGE('',*,*,#2133,.T.);
#2826=ORIENTED_EDGE('',*,*,#2134,.T.);
#2827=ORIENTED_EDGE('',*,*,#2130,.F.);
#2828=ORIENTED_EDGE('',*,*,#2135,.F.);
#2829=ORIENTED_EDGE('',*,*,#2136,.T.);
#2830=ORIENTED_EDGE('',*,*,#2137,.T.);
#2831=ORIENTED_EDGE('',*,*,#2133,.F.);
#2832=ORIENTED_EDGE('',*,*,#2138,.F.);
#2833=ORIENTED_EDGE('',*,*,#2139,.T.);
#2834=ORIENTED_EDGE('',*,*,#2140,.T.);
#2835=ORIENTED_EDGE('',*,*,#2136,.F.);
#2836=ORIENTED_EDGE('',*,*,#2141,.F.);
#2837=ORIENTED_EDGE('',*,*,#2142,.T.);
#2838=ORIENTED_EDGE('',*,*,#2143,.T.);
#2839=ORIENTED_EDGE('',*,*,#2139,.F.);
#2840=ORIENTED_EDGE('',*,*,#2144,.F.);
#2841=ORIENTED_EDGE('',*,*,#2105,.T.);
#2842=ORIENTED_EDGE('',*,*,#2145,.T.);
#2843=ORIENTED_EDGE('',*,*,#2142,.F.);
#2844=ORIENTED_EDGE('',*,*,#2146,.F.);
#2845=ORIENTED_EDGE('',*,*,#2147,.T.);
#2846=ORIENTED_EDGE('',*,*,#2148,.T.);
#2847=ORIENTED_EDGE('',*,*,#2149,.F.);
#2848=ORIENTED_EDGE('',*,*,#2150,.F.);
#2849=ORIENTED_EDGE('',*,*,#2151,.T.);
#2850=ORIENTED_EDGE('',*,*,#2152,.T.);
#2851=ORIENTED_EDGE('',*,*,#2147,.F.);
#2852=ORIENTED_EDGE('',*,*,#2153,.F.);
#2853=ORIENTED_EDGE('',*,*,#2154,.T.);
#2854=ORIENTED_EDGE('',*,*,#2155,.T.);
#2855=ORIENTED_EDGE('',*,*,#2151,.F.);
#2856=ORIENTED_EDGE('',*,*,#2156,.F.);
#2857=ORIENTED_EDGE('',*,*,#2157,.T.);
#2858=ORIENTED_EDGE('',*,*,#2158,.T.);
#2859=ORIENTED_EDGE('',*,*,#2154,.F.);
#2860=ORIENTED_EDGE('',*,*,#2159,.F.);
#2861=ORIENTED_EDGE('',*,*,#2160,.T.);
#2862=ORIENTED_EDGE('',*,*,#2161,.T.);
#2863=ORIENTED_EDGE('',*,*,#2157,.F.);
#2864=ORIENTED_EDGE('',*,*,#2162,.F.);
#2865=ORIENTED_EDGE('',*,*,#2163,.T.);
#2866=ORIENTED_EDGE('',*,*,#2164,.T.);
#2867=ORIENTED_EDGE('',*,*,#2160,.F.);
#2868=ORIENTED_EDGE('',*,*,#2165,.F.);
#2869=ORIENTED_EDGE('',*,*,#2166,.T.);
#2870=ORIENTED_EDGE('',*,*,#2167,.T.);
#2871=ORIENTED_EDGE('',*,*,#2163,.F.);
#2872=ORIENTED_EDGE('',*,*,#2168,.F.);
#2873=ORIENTED_EDGE('',*,*,#2169,.T.);
#2874=ORIENTED_EDGE('',*,*,#2170,.T.);
#2875=ORIENTED_EDGE('',*,*,#2166,.F.);
#2876=ORIENTED_EDGE('',*,*,#2171,.F.);
#2877=ORIENTED_EDGE('',*,*,#2110,.T.);
#2878=ORIENTED_EDGE('',*,*,#2172,.T.);
#2879=ORIENTED_EDGE('',*,*,#2169,.F.);
#2880=ORIENTED_EDGE('',*,*,#2113,.F.);
#2881=ORIENTED_EDGE('',*,*,#2116,.F.);
#2882=ORIENTED_EDGE('',*,*,#2119,.F.);
#2883=ORIENTED_EDGE('',*,*,#2122,.F.);
#2884=ORIENTED_EDGE('',*,*,#2125,.F.);
#2885=ORIENTED_EDGE('',*,*,#2128,.F.);
#2886=ORIENTED_EDGE('',*,*,#2131,.F.);
#2887=ORIENTED_EDGE('',*,*,#2134,.F.);
#2888=ORIENTED_EDGE('',*,*,#2137,.F.);
#2889=ORIENTED_EDGE('',*,*,#2140,.F.);
#2890=ORIENTED_EDGE('',*,*,#2143,.F.);
#2891=ORIENTED_EDGE('',*,*,#2145,.F.);
#2892=ORIENTED_EDGE('',*,*,#2104,.F.);
#2893=ORIENTED_EDGE('',*,*,#2101,.F.);
#2894=ORIENTED_EDGE('',*,*,#2098,.F.);
#2895=ORIENTED_EDGE('',*,*,#2173,.T.);
#2896=ORIENTED_EDGE('',*,*,#2148,.F.);
#2897=ORIENTED_EDGE('',*,*,#2152,.F.);
#2898=ORIENTED_EDGE('',*,*,#2155,.F.);
#2899=ORIENTED_EDGE('',*,*,#2158,.F.);
#2900=ORIENTED_EDGE('',*,*,#2161,.F.);
#2901=ORIENTED_EDGE('',*,*,#2164,.F.);
#2902=ORIENTED_EDGE('',*,*,#2167,.F.);
#2903=ORIENTED_EDGE('',*,*,#2170,.F.);
#2904=ORIENTED_EDGE('',*,*,#2172,.F.);
#2905=ORIENTED_EDGE('',*,*,#2109,.F.);
#2906=ORIENTED_EDGE('',*,*,#2174,.F.);
#2907=ORIENTED_EDGE('',*,*,#2175,.T.);
#2908=ORIENTED_EDGE('',*,*,#2176,.F.);
#2909=ORIENTED_EDGE('',*,*,#2177,.F.);
#2910=ORIENTED_EDGE('',*,*,#2178,.F.);
#2911=ORIENTED_EDGE('',*,*,#2179,.T.);
#2912=ORIENTED_EDGE('',*,*,#2180,.T.);
#2913=ORIENTED_EDGE('',*,*,#2181,.F.);
#2914=ORIENTED_EDGE('',*,*,#2182,.F.);
#2915=ORIENTED_EDGE('',*,*,#2183,.T.);
#2916=ORIENTED_EDGE('',*,*,#2184,.T.);
#2917=ORIENTED_EDGE('',*,*,#2179,.F.);
#2918=ORIENTED_EDGE('',*,*,#2185,.F.);
#2919=ORIENTED_EDGE('',*,*,#2186,.T.);
#2920=ORIENTED_EDGE('',*,*,#2187,.T.);
#2921=ORIENTED_EDGE('',*,*,#2183,.F.);
#2922=ORIENTED_EDGE('',*,*,#2188,.F.);
#2923=ORIENTED_EDGE('',*,*,#2189,.T.);
#2924=ORIENTED_EDGE('',*,*,#2190,.T.);
#2925=ORIENTED_EDGE('',*,*,#2186,.F.);
#2926=ORIENTED_EDGE('',*,*,#2191,.F.);
#2927=ORIENTED_EDGE('',*,*,#2192,.T.);
#2928=ORIENTED_EDGE('',*,*,#2193,.T.);
#2929=ORIENTED_EDGE('',*,*,#2189,.F.);
#2930=ORIENTED_EDGE('',*,*,#2194,.F.);
#2931=ORIENTED_EDGE('',*,*,#2195,.T.);
#2932=ORIENTED_EDGE('',*,*,#2196,.T.);
#2933=ORIENTED_EDGE('',*,*,#2192,.F.);
#2934=ORIENTED_EDGE('',*,*,#2197,.F.);
#2935=ORIENTED_EDGE('',*,*,#2198,.T.);
#2936=ORIENTED_EDGE('',*,*,#2199,.T.);
#2937=ORIENTED_EDGE('',*,*,#2195,.F.);
#2938=ORIENTED_EDGE('',*,*,#2200,.F.);
#2939=ORIENTED_EDGE('',*,*,#2201,.T.);
#2940=ORIENTED_EDGE('',*,*,#2202,.T.);
#2941=ORIENTED_EDGE('',*,*,#2198,.F.);
#2942=ORIENTED_EDGE('',*,*,#2203,.F.);
#2943=ORIENTED_EDGE('',*,*,#2176,.T.);
#2944=ORIENTED_EDGE('',*,*,#2204,.T.);
#2945=ORIENTED_EDGE('',*,*,#2201,.F.);
#2946=ORIENTED_EDGE('',*,*,#2205,.F.);
#2947=ORIENTED_EDGE('',*,*,#2206,.F.);
#2948=ORIENTED_EDGE('',*,*,#2207,.T.);
#2949=ORIENTED_EDGE('',*,*,#2208,.T.);
#2950=ORIENTED_EDGE('',*,*,#2209,.F.);
#2951=ORIENTED_EDGE('',*,*,#2210,.T.);
#2952=ORIENTED_EDGE('',*,*,#2211,.T.);
#2953=ORIENTED_EDGE('',*,*,#2207,.F.);
#2954=ORIENTED_EDGE('',*,*,#2212,.F.);
#2955=ORIENTED_EDGE('',*,*,#2213,.T.);
#2956=ORIENTED_EDGE('',*,*,#2214,.T.);
#2957=ORIENTED_EDGE('',*,*,#2210,.F.);
#2958=ORIENTED_EDGE('',*,*,#2215,.F.);
#2959=ORIENTED_EDGE('',*,*,#2216,.T.);
#2960=ORIENTED_EDGE('',*,*,#2217,.T.);
#2961=ORIENTED_EDGE('',*,*,#2213,.F.);
#2962=ORIENTED_EDGE('',*,*,#2218,.F.);
#2963=ORIENTED_EDGE('',*,*,#2219,.T.);
#2964=ORIENTED_EDGE('',*,*,#2220,.T.);
#2965=ORIENTED_EDGE('',*,*,#2216,.F.);
#2966=ORIENTED_EDGE('',*,*,#2221,.F.);
#2967=ORIENTED_EDGE('',*,*,#2222,.T.);
#2968=ORIENTED_EDGE('',*,*,#2223,.T.);
#2969=ORIENTED_EDGE('',*,*,#2219,.F.);
#2970=ORIENTED_EDGE('',*,*,#2224,.F.);
#2971=ORIENTED_EDGE('',*,*,#2225,.T.);
#2972=ORIENTED_EDGE('',*,*,#2226,.T.);
#2973=ORIENTED_EDGE('',*,*,#2222,.F.);
#2974=ORIENTED_EDGE('',*,*,#2227,.F.);
#2975=ORIENTED_EDGE('',*,*,#2228,.T.);
#2976=ORIENTED_EDGE('',*,*,#2229,.T.);
#2977=ORIENTED_EDGE('',*,*,#2225,.F.);
#2978=ORIENTED_EDGE('',*,*,#2230,.F.);
#2979=ORIENTED_EDGE('',*,*,#2181,.T.);
#2980=ORIENTED_EDGE('',*,*,#2231,.T.);
#2981=ORIENTED_EDGE('',*,*,#2228,.F.);
#2982=ORIENTED_EDGE('',*,*,#2187,.F.);
#2983=ORIENTED_EDGE('',*,*,#2190,.F.);
#2984=ORIENTED_EDGE('',*,*,#2193,.F.);
#2985=ORIENTED_EDGE('',*,*,#2196,.F.);
#2986=ORIENTED_EDGE('',*,*,#2199,.F.);
#2987=ORIENTED_EDGE('',*,*,#2202,.F.);
#2988=ORIENTED_EDGE('',*,*,#2204,.F.);
#2989=ORIENTED_EDGE('',*,*,#2175,.F.);
#2990=ORIENTED_EDGE('',*,*,#2232,.T.);
#2991=ORIENTED_EDGE('',*,*,#2208,.F.);
#2992=ORIENTED_EDGE('',*,*,#2211,.F.);
#2993=ORIENTED_EDGE('',*,*,#2214,.F.);
#2994=ORIENTED_EDGE('',*,*,#2217,.F.);
#2995=ORIENTED_EDGE('',*,*,#2220,.F.);
#2996=ORIENTED_EDGE('',*,*,#2223,.F.);
#2997=ORIENTED_EDGE('',*,*,#2226,.F.);
#2998=ORIENTED_EDGE('',*,*,#2229,.F.);
#2999=ORIENTED_EDGE('',*,*,#2231,.F.);
#3000=ORIENTED_EDGE('',*,*,#2180,.F.);
#3001=ORIENTED_EDGE('',*,*,#2184,.F.);
#3002=ORIENTED_EDGE('',*,*,#1979,.T.);
#3003=ORIENTED_EDGE('',*,*,#1983,.T.);
#3004=ORIENTED_EDGE('',*,*,#2233,.T.);
#3005=ORIENTED_EDGE('',*,*,#2234,.F.);
#3006=ORIENTED_EDGE('',*,*,#2235,.T.);
#3007=ORIENTED_EDGE('',*,*,#2236,.T.);
#3008=ORIENTED_EDGE('',*,*,#2237,.T.);
#3009=ORIENTED_EDGE('',*,*,#2045,.T.);
#3010=ORIENTED_EDGE('',*,*,#2238,.T.);
#3011=ORIENTED_EDGE('',*,*,#2239,.T.);
#3012=ORIENTED_EDGE('',*,*,#2240,.T.);
#3013=ORIENTED_EDGE('',*,*,#2043,.T.);
#3014=ORIENTED_EDGE('',*,*,#1986,.T.);
#3015=ORIENTED_EDGE('',*,*,#1989,.T.);
#3016=ORIENTED_EDGE('',*,*,#2241,.T.);
#3017=ORIENTED_EDGE('',*,*,#2242,.F.);
#3018=ORIENTED_EDGE('',*,*,#2243,.T.);
#3019=ORIENTED_EDGE('',*,*,#1994,.T.);
#3020=ORIENTED_EDGE('',*,*,#1996,.T.);
#3021=ORIENTED_EDGE('',*,*,#2244,.T.);
#3022=ORIENTED_EDGE('',*,*,#2245,.F.);
#3023=ORIENTED_EDGE('',*,*,#1970,.T.);
#3024=ORIENTED_EDGE('',*,*,#2003,.T.);
#3025=ORIENTED_EDGE('',*,*,#2246,.T.);
#3026=ORIENTED_EDGE('',*,*,#2247,.F.);
#3027=ORIENTED_EDGE('',*,*,#2248,.T.);
#3028=ORIENTED_EDGE('',*,*,#2249,.T.);
#3029=ORIENTED_EDGE('',*,*,#2146,.T.);
#3030=ORIENTED_EDGE('',*,*,#2250,.T.);
#3031=ORIENTED_EDGE('',*,*,#2247,.T.);
#3032=ORIENTED_EDGE('',*,*,#2251,.T.);
#3033=ORIENTED_EDGE('',*,*,#2149,.T.);
#3034=ORIENTED_EDGE('',*,*,#2097,.T.);
#3035=ORIENTED_EDGE('',*,*,#2100,.T.);
#3036=ORIENTED_EDGE('',*,*,#2103,.T.);
#3037=ORIENTED_EDGE('',*,*,#2252,.T.);
#3038=ORIENTED_EDGE('',*,*,#2253,.F.);
#3039=ORIENTED_EDGE('',*,*,#2254,.T.);
#3040=ORIENTED_EDGE('',*,*,#2205,.T.);
#3041=ORIENTED_EDGE('',*,*,#2255,.T.);
#3042=ORIENTED_EDGE('',*,*,#2256,.T.);
#3043=ORIENTED_EDGE('',*,*,#2257,.T.);
#3044=ORIENTED_EDGE('',*,*,#2174,.T.);
#3045=ORIENTED_EDGE('',*,*,#2258,.T.);
#3046=ORIENTED_EDGE('',*,*,#2259,.F.);
#3047=ORIENTED_EDGE('',*,*,#2260,.T.);
#3048=ORIENTED_EDGE('',*,*,#1985,.T.);
#3049=ORIENTED_EDGE('',*,*,#2023,.T.);
#3050=ORIENTED_EDGE('',*,*,#2021,.T.);
#3051=ORIENTED_EDGE('',*,*,#2019,.T.);
#3052=ORIENTED_EDGE('',*,*,#2017,.T.);
#3053=ORIENTED_EDGE('',*,*,#2015,.T.);
#3054=ORIENTED_EDGE('',*,*,#2013,.T.);
#3055=ORIENTED_EDGE('',*,*,#2011,.T.);
#3056=ORIENTED_EDGE('',*,*,#2009,.T.);
#3057=ORIENTED_EDGE('',*,*,#2261,.F.);
#3058=ORIENTED_EDGE('',*,*,#2233,.F.);
#3059=ORIENTED_EDGE('',*,*,#1998,.T.);
#3060=ORIENTED_EDGE('',*,*,#2096,.T.);
#3061=ORIENTED_EDGE('',*,*,#2094,.T.);
#3062=ORIENTED_EDGE('',*,*,#2092,.T.);
#3063=ORIENTED_EDGE('',*,*,#2090,.T.);
#3064=ORIENTED_EDGE('',*,*,#2088,.T.);
#3065=ORIENTED_EDGE('',*,*,#2086,.T.);
#3066=ORIENTED_EDGE('',*,*,#2084,.T.);
#3067=ORIENTED_EDGE('',*,*,#2082,.T.);
#3068=ORIENTED_EDGE('',*,*,#2080,.T.);
#3069=ORIENTED_EDGE('',*,*,#2078,.T.);
#3070=ORIENTED_EDGE('',*,*,#2076,.T.);
#3071=ORIENTED_EDGE('',*,*,#2074,.T.);
#3072=ORIENTED_EDGE('',*,*,#2262,.F.);
#3073=ORIENTED_EDGE('',*,*,#2258,.F.);
#3074=ORIENTED_EDGE('',*,*,#2177,.T.);
#3075=ORIENTED_EDGE('',*,*,#2203,.T.);
#3076=ORIENTED_EDGE('',*,*,#2200,.T.);
#3077=ORIENTED_EDGE('',*,*,#2197,.T.);
#3078=ORIENTED_EDGE('',*,*,#2194,.T.);
#3079=ORIENTED_EDGE('',*,*,#2191,.T.);
#3080=ORIENTED_EDGE('',*,*,#2188,.T.);
#3081=ORIENTED_EDGE('',*,*,#2185,.T.);
#3082=ORIENTED_EDGE('',*,*,#2182,.T.);
#3083=ORIENTED_EDGE('',*,*,#2178,.T.);
#3084=ORIENTED_EDGE('',*,*,#2230,.T.);
#3085=ORIENTED_EDGE('',*,*,#2227,.T.);
#3086=ORIENTED_EDGE('',*,*,#2224,.T.);
#3087=ORIENTED_EDGE('',*,*,#2221,.T.);
#3088=ORIENTED_EDGE('',*,*,#2218,.T.);
#3089=ORIENTED_EDGE('',*,*,#2215,.T.);
#3090=ORIENTED_EDGE('',*,*,#2212,.T.);
#3091=ORIENTED_EDGE('',*,*,#2209,.T.);
#3092=ORIENTED_EDGE('',*,*,#2206,.T.);
#3093=ORIENTED_EDGE('',*,*,#2257,.F.);
#3094=ORIENTED_EDGE('',*,*,#2263,.F.);
#3095=ORIENTED_EDGE('',*,*,#2264,.F.);
#3096=ORIENTED_EDGE('',*,*,#2244,.F.);
#3097=ORIENTED_EDGE('',*,*,#2046,.T.);
#3098=ORIENTED_EDGE('',*,*,#2240,.F.);
#3099=ORIENTED_EDGE('',*,*,#2265,.F.);
#3100=ORIENTED_EDGE('',*,*,#2266,.F.);
#3101=ORIENTED_EDGE('',*,*,#2252,.F.);
#3102=ORIENTED_EDGE('',*,*,#2106,.T.);
#3103=ORIENTED_EDGE('',*,*,#2144,.T.);
#3104=ORIENTED_EDGE('',*,*,#2141,.T.);
#3105=ORIENTED_EDGE('',*,*,#2138,.T.);
#3106=ORIENTED_EDGE('',*,*,#2135,.T.);
#3107=ORIENTED_EDGE('',*,*,#2132,.T.);
#3108=ORIENTED_EDGE('',*,*,#2129,.T.);
#3109=ORIENTED_EDGE('',*,*,#2126,.T.);
#3110=ORIENTED_EDGE('',*,*,#2123,.T.);
#3111=ORIENTED_EDGE('',*,*,#2120,.T.);
#3112=ORIENTED_EDGE('',*,*,#2117,.T.);
#3113=ORIENTED_EDGE('',*,*,#2114,.T.);
#3114=ORIENTED_EDGE('',*,*,#2111,.T.);
#3115=ORIENTED_EDGE('',*,*,#2107,.T.);
#3116=ORIENTED_EDGE('',*,*,#2171,.T.);
#3117=ORIENTED_EDGE('',*,*,#2168,.T.);
#3118=ORIENTED_EDGE('',*,*,#2165,.T.);
#3119=ORIENTED_EDGE('',*,*,#2162,.T.);
#3120=ORIENTED_EDGE('',*,*,#2159,.T.);
#3121=ORIENTED_EDGE('',*,*,#2156,.T.);
#3122=ORIENTED_EDGE('',*,*,#2153,.T.);
#3123=ORIENTED_EDGE('',*,*,#2150,.T.);
#3124=ORIENTED_EDGE('',*,*,#2251,.F.);
#3125=ORIENTED_EDGE('',*,*,#2246,.F.);
#3126=ORIENTED_EDGE('',*,*,#2002,.T.);
#3127=ORIENTED_EDGE('',*,*,#2071,.T.);
#3128=ORIENTED_EDGE('',*,*,#2069,.T.);
#3129=ORIENTED_EDGE('',*,*,#2067,.T.);
#3130=ORIENTED_EDGE('',*,*,#2065,.T.);
#3131=ORIENTED_EDGE('',*,*,#2063,.T.);
#3132=ORIENTED_EDGE('',*,*,#2061,.T.);
#3133=ORIENTED_EDGE('',*,*,#2059,.T.);
#3134=ORIENTED_EDGE('',*,*,#2057,.T.);
#3135=ORIENTED_EDGE('',*,*,#2055,.T.);
#3136=ORIENTED_EDGE('',*,*,#2053,.T.);
#3137=ORIENTED_EDGE('',*,*,#2051,.T.);
#3138=ORIENTED_EDGE('',*,*,#2049,.T.);
#3139=ORIENTED_EDGE('',*,*,#2028,.T.);
#3140=ORIENTED_EDGE('',*,*,#2267,.F.);
#3141=ORIENTED_EDGE('',*,*,#2241,.F.);
#3142=ORIENTED_EDGE('',*,*,#1991,.T.);
#3143=ORIENTED_EDGE('',*,*,#2042,.T.);
#3144=ORIENTED_EDGE('',*,*,#2040,.T.);
#3145=ORIENTED_EDGE('',*,*,#2038,.T.);
#3146=ORIENTED_EDGE('',*,*,#2036,.T.);
#3147=ORIENTED_EDGE('',*,*,#2034,.T.);
#3148=ORIENTED_EDGE('',*,*,#2032,.T.);
#3149=ORIENTED_EDGE('',*,*,#2030,.T.);
#3150=ORIENTED_EDGE('',*,*,#1978,.T.);
#3151=ORIENTED_EDGE('',*,*,#2026,.T.);
#3152=ORIENTED_EDGE('',*,*,#2024,.T.);
#3153=ORIENTED_EDGE('',*,*,#1980,.T.);
#3154=ORIENTED_EDGE('',*,*,#2237,.F.);
#3155=ORIENTED_EDGE('',*,*,#2268,.F.);
#3156=ORIENTED_EDGE('',*,*,#2269,.F.);
#3157=ORIENTED_EDGE('',*,*,#2270,.F.);
#3158=ORIENTED_EDGE('',*,*,#2073,.T.);
#3159=ORIENTED_EDGE('',*,*,#2271,.F.);
#3160=ORIENTED_EDGE('',*,*,#2272,.T.);
#3161=ORIENTED_EDGE('',*,*,#2259,.T.);
#3162=ORIENTED_EDGE('',*,*,#2262,.T.);
#3163=ORIENTED_EDGE('',*,*,#1999,.T.);
#3164=ORIENTED_EDGE('',*,*,#2249,.F.);
#3165=ORIENTED_EDGE('',*,*,#2273,.T.);
#3166=ORIENTED_EDGE('',*,*,#2271,.T.);
#3167=ORIENTED_EDGE('',*,*,#2072,.T.);
#3168=ORIENTED_EDGE('',*,*,#2274,.T.);
#3169=ORIENTED_EDGE('',*,*,#2253,.T.);
#3170=ORIENTED_EDGE('',*,*,#2266,.T.);
#3171=ORIENTED_EDGE('',*,*,#2275,.F.);
#3172=ORIENTED_EDGE('',*,*,#2276,.T.);
#3173=ORIENTED_EDGE('',*,*,#2275,.T.);
#3174=ORIENTED_EDGE('',*,*,#2265,.T.);
#3175=ORIENTED_EDGE('',*,*,#2239,.F.);
#3176=ORIENTED_EDGE('',*,*,#1975,.T.);
#3177=ORIENTED_EDGE('',*,*,#2270,.T.);
#3178=ORIENTED_EDGE('',*,*,#2277,.F.);
#3179=ORIENTED_EDGE('',*,*,#2278,.T.);
#3180=ORIENTED_EDGE('',*,*,#2242,.T.);
#3181=ORIENTED_EDGE('',*,*,#2267,.T.);
#3182=ORIENTED_EDGE('',*,*,#2027,.T.);
#3183=ORIENTED_EDGE('',*,*,#2279,.T.);
#3184=ORIENTED_EDGE('',*,*,#2277,.T.);
#3185=ORIENTED_EDGE('',*,*,#2269,.T.);
#3186=ORIENTED_EDGE('',*,*,#2280,.F.);
#3187=ORIENTED_EDGE('',*,*,#2281,.T.);
#3188=ORIENTED_EDGE('',*,*,#2280,.T.);
#3189=ORIENTED_EDGE('',*,*,#2268,.T.);
#3190=ORIENTED_EDGE('',*,*,#2236,.F.);
#3191=ORIENTED_EDGE('',*,*,#1992,.T.);
#3192=ORIENTED_EDGE('',*,*,#1974,.T.);
#3193=ORIENTED_EDGE('',*,*,#2234,.T.);
#3194=ORIENTED_EDGE('',*,*,#2261,.T.);
#3195=ORIENTED_EDGE('',*,*,#2008,.T.);
#3196=ORIENTED_EDGE('',*,*,#2006,.T.);
#3197=ORIENTED_EDGE('',*,*,#2004,.T.);
#3198=ORIENTED_EDGE('',*,*,#2282,.T.);
#3199=ORIENTED_EDGE('',*,*,#2245,.T.);
#3200=ORIENTED_EDGE('',*,*,#2264,.T.);
#3201=ORIENTED_EDGE('',*,*,#2283,.F.);
#3202=ORIENTED_EDGE('',*,*,#2284,.T.);
#3203=ORIENTED_EDGE('',*,*,#2283,.T.);
#3204=ORIENTED_EDGE('',*,*,#2263,.T.);
#3205=ORIENTED_EDGE('',*,*,#2256,.F.);
#3206=ORIENTED_EDGE('',*,*,#2285,.F.);
#3207=ORIENTED_EDGE('',*,*,#2286,.T.);
#3208=ORIENTED_EDGE('',*,*,#2255,.F.);
#3209=ORIENTED_EDGE('',*,*,#2232,.F.);
#3210=ORIENTED_EDGE('',*,*,#2260,.F.);
#3211=ORIENTED_EDGE('',*,*,#2287,.F.);
#3212=ORIENTED_EDGE('',*,*,#2288,.F.);
#3213=ORIENTED_EDGE('',*,*,#2287,.T.);
#3214=ORIENTED_EDGE('',*,*,#2272,.F.);
#3215=ORIENTED_EDGE('',*,*,#2289,.F.);
#3216=ORIENTED_EDGE('',*,*,#2290,.F.);
#3217=ORIENTED_EDGE('',*,*,#2289,.T.);
#3218=ORIENTED_EDGE('',*,*,#2273,.F.);
#3219=ORIENTED_EDGE('',*,*,#2291,.F.);
#3220=ORIENTED_EDGE('',*,*,#2292,.F.);
#3221=ORIENTED_EDGE('',*,*,#2291,.T.);
#3222=ORIENTED_EDGE('',*,*,#2248,.F.);
#3223=ORIENTED_EDGE('',*,*,#2293,.F.);
#3224=ORIENTED_EDGE('',*,*,#2294,.T.);
#3225=ORIENTED_EDGE('',*,*,#2293,.T.);
#3226=ORIENTED_EDGE('',*,*,#2250,.F.);
#3227=ORIENTED_EDGE('',*,*,#2173,.F.);
#3228=ORIENTED_EDGE('',*,*,#2254,.F.);
#3229=ORIENTED_EDGE('',*,*,#2295,.F.);
#3230=ORIENTED_EDGE('',*,*,#2296,.F.);
#3231=ORIENTED_EDGE('',*,*,#2295,.T.);
#3232=ORIENTED_EDGE('',*,*,#2274,.F.);
#3233=ORIENTED_EDGE('',*,*,#2297,.F.);
#3234=ORIENTED_EDGE('',*,*,#2298,.F.);
#3235=ORIENTED_EDGE('',*,*,#2297,.T.);
#3236=ORIENTED_EDGE('',*,*,#2276,.F.);
#3237=ORIENTED_EDGE('',*,*,#2299,.F.);
#3238=ORIENTED_EDGE('',*,*,#2044,.T.);
#3239=ORIENTED_EDGE('',*,*,#2243,.F.);
#3240=ORIENTED_EDGE('',*,*,#2300,.F.);
#3241=ORIENTED_EDGE('',*,*,#2301,.F.);
#3242=ORIENTED_EDGE('',*,*,#2299,.T.);
#3243=ORIENTED_EDGE('',*,*,#2238,.F.);
#3244=ORIENTED_EDGE('',*,*,#2048,.T.);
#3245=ORIENTED_EDGE('',*,*,#1942,.T.);
#3246=ORIENTED_EDGE('',*,*,#2302,.F.);
#3247=ORIENTED_EDGE('',*,*,#2300,.T.);
#3248=ORIENTED_EDGE('',*,*,#2278,.F.);
#3249=ORIENTED_EDGE('',*,*,#2303,.F.);
#3250=ORIENTED_EDGE('',*,*,#2304,.F.);
#3251=ORIENTED_EDGE('',*,*,#2303,.T.);
#3252=ORIENTED_EDGE('',*,*,#2279,.F.);
#3253=ORIENTED_EDGE('',*,*,#2305,.F.);
#3254=ORIENTED_EDGE('',*,*,#2306,.F.);
#3255=ORIENTED_EDGE('',*,*,#2305,.T.);
#3256=ORIENTED_EDGE('',*,*,#2281,.F.);
#3257=ORIENTED_EDGE('',*,*,#2307,.F.);
#3258=ORIENTED_EDGE('',*,*,#2308,.T.);
#3259=ORIENTED_EDGE('',*,*,#2307,.T.);
#3260=ORIENTED_EDGE('',*,*,#2235,.F.);
#3261=ORIENTED_EDGE('',*,*,#1973,.F.);
#3262=ORIENTED_EDGE('',*,*,#2309,.T.);
#3263=ORIENTED_EDGE('',*,*,#1971,.T.);
#3264=ORIENTED_EDGE('',*,*,#2282,.F.);
#3265=ORIENTED_EDGE('',*,*,#2310,.F.);
#3266=ORIENTED_EDGE('',*,*,#2311,.F.);
#3267=ORIENTED_EDGE('',*,*,#2310,.T.);
#3268=ORIENTED_EDGE('',*,*,#2284,.F.);
#3269=ORIENTED_EDGE('',*,*,#2286,.F.);
#3270=ORIENTED_EDGE('',*,*,#2311,.T.);
#3271=ORIENTED_EDGE('',*,*,#2285,.T.);
#3272=ORIENTED_EDGE('',*,*,#2288,.T.);
#3273=ORIENTED_EDGE('',*,*,#2290,.T.);
#3274=ORIENTED_EDGE('',*,*,#2292,.T.);
#3275=ORIENTED_EDGE('',*,*,#2294,.F.);
#3276=ORIENTED_EDGE('',*,*,#2296,.T.);
#3277=ORIENTED_EDGE('',*,*,#2298,.T.);
#3278=ORIENTED_EDGE('',*,*,#2301,.T.);
#3279=ORIENTED_EDGE('',*,*,#2302,.T.);
#3280=ORIENTED_EDGE('',*,*,#2304,.T.);
#3281=ORIENTED_EDGE('',*,*,#2306,.T.);
#3282=ORIENTED_EDGE('',*,*,#2308,.F.);
#3283=ORIENTED_EDGE('',*,*,#1972,.T.);
#3284=ORIENTED_EDGE('',*,*,#2309,.F.);
#3285=ORIENTED_EDGE('',*,*,#2312,.T.);
#3286=ORIENTED_EDGE('',*,*,#2313,.F.);
#3287=ORIENTED_EDGE('',*,*,#2314,.F.);
#3288=ORIENTED_EDGE('',*,*,#2315,.T.);
#3289=ORIENTED_EDGE('',*,*,#2316,.T.);
#3290=ORIENTED_EDGE('',*,*,#2317,.F.);
#3291=ORIENTED_EDGE('',*,*,#2318,.F.);
#3292=ORIENTED_EDGE('',*,*,#2313,.T.);
#3293=ORIENTED_EDGE('',*,*,#2319,.T.);
#3294=ORIENTED_EDGE('',*,*,#2320,.F.);
#3295=ORIENTED_EDGE('',*,*,#2321,.F.);
#3296=ORIENTED_EDGE('',*,*,#2317,.T.);
#3297=ORIENTED_EDGE('',*,*,#2322,.T.);
#3298=ORIENTED_EDGE('',*,*,#2323,.F.);
#3299=ORIENTED_EDGE('',*,*,#2324,.F.);
#3300=ORIENTED_EDGE('',*,*,#2320,.T.);
#3301=ORIENTED_EDGE('',*,*,#2325,.T.);
#3302=ORIENTED_EDGE('',*,*,#2326,.F.);
#3303=ORIENTED_EDGE('',*,*,#2327,.F.);
#3304=ORIENTED_EDGE('',*,*,#2323,.T.);
#3305=ORIENTED_EDGE('',*,*,#2328,.T.);
#3306=ORIENTED_EDGE('',*,*,#2329,.F.);
#3307=ORIENTED_EDGE('',*,*,#2330,.F.);
#3308=ORIENTED_EDGE('',*,*,#2326,.T.);
#3309=ORIENTED_EDGE('',*,*,#2331,.T.);
#3310=ORIENTED_EDGE('',*,*,#2332,.F.);
#3311=ORIENTED_EDGE('',*,*,#2333,.F.);
#3312=ORIENTED_EDGE('',*,*,#2329,.T.);
#3313=ORIENTED_EDGE('',*,*,#2334,.T.);
#3314=ORIENTED_EDGE('',*,*,#2335,.F.);
#3315=ORIENTED_EDGE('',*,*,#2336,.F.);
#3316=ORIENTED_EDGE('',*,*,#2332,.T.);
#3317=ORIENTED_EDGE('',*,*,#2337,.T.);
#3318=ORIENTED_EDGE('',*,*,#2338,.F.);
#3319=ORIENTED_EDGE('',*,*,#2339,.F.);
#3320=ORIENTED_EDGE('',*,*,#2335,.T.);
#3321=ORIENTED_EDGE('',*,*,#2340,.T.);
#3322=ORIENTED_EDGE('',*,*,#2341,.F.);
#3323=ORIENTED_EDGE('',*,*,#2342,.F.);
#3324=ORIENTED_EDGE('',*,*,#2338,.T.);
#3325=ORIENTED_EDGE('',*,*,#2343,.T.);
#3326=ORIENTED_EDGE('',*,*,#2344,.F.);
#3327=ORIENTED_EDGE('',*,*,#2345,.F.);
#3328=ORIENTED_EDGE('',*,*,#2341,.T.);
#3329=ORIENTED_EDGE('',*,*,#2346,.T.);
#3330=ORIENTED_EDGE('',*,*,#2347,.F.);
#3331=ORIENTED_EDGE('',*,*,#2348,.F.);
#3332=ORIENTED_EDGE('',*,*,#2344,.T.);
#3333=ORIENTED_EDGE('',*,*,#2349,.T.);
#3334=ORIENTED_EDGE('',*,*,#2350,.F.);
#3335=ORIENTED_EDGE('',*,*,#2351,.F.);
#3336=ORIENTED_EDGE('',*,*,#2347,.T.);
#3337=ORIENTED_EDGE('',*,*,#2352,.T.);
#3338=ORIENTED_EDGE('',*,*,#2353,.F.);
#3339=ORIENTED_EDGE('',*,*,#2354,.F.);
#3340=ORIENTED_EDGE('',*,*,#2350,.T.);
#3341=ORIENTED_EDGE('',*,*,#2355,.T.);
#3342=ORIENTED_EDGE('',*,*,#2356,.F.);
#3343=ORIENTED_EDGE('',*,*,#2357,.F.);
#3344=ORIENTED_EDGE('',*,*,#2353,.T.);
#3345=ORIENTED_EDGE('',*,*,#2358,.T.);
#3346=ORIENTED_EDGE('',*,*,#2359,.F.);
#3347=ORIENTED_EDGE('',*,*,#2360,.F.);
#3348=ORIENTED_EDGE('',*,*,#2356,.T.);
#3349=ORIENTED_EDGE('',*,*,#2361,.T.);
#3350=ORIENTED_EDGE('',*,*,#2362,.F.);
#3351=ORIENTED_EDGE('',*,*,#2363,.F.);
#3352=ORIENTED_EDGE('',*,*,#2359,.T.);
#3353=ORIENTED_EDGE('',*,*,#2364,.T.);
#3354=ORIENTED_EDGE('',*,*,#2365,.F.);
#3355=ORIENTED_EDGE('',*,*,#2366,.F.);
#3356=ORIENTED_EDGE('',*,*,#2362,.T.);
#3357=ORIENTED_EDGE('',*,*,#2367,.T.);
#3358=ORIENTED_EDGE('',*,*,#2368,.F.);
#3359=ORIENTED_EDGE('',*,*,#2369,.F.);
#3360=ORIENTED_EDGE('',*,*,#2365,.T.);
#3361=ORIENTED_EDGE('',*,*,#2370,.T.);
#3362=ORIENTED_EDGE('',*,*,#2371,.F.);
#3363=ORIENTED_EDGE('',*,*,#2372,.F.);
#3364=ORIENTED_EDGE('',*,*,#2368,.T.);
#3365=ORIENTED_EDGE('',*,*,#2373,.T.);
#3366=ORIENTED_EDGE('',*,*,#2374,.F.);
#3367=ORIENTED_EDGE('',*,*,#2375,.F.);
#3368=ORIENTED_EDGE('',*,*,#2371,.T.);
#3369=ORIENTED_EDGE('',*,*,#2376,.T.);
#3370=ORIENTED_EDGE('',*,*,#2377,.F.);
#3371=ORIENTED_EDGE('',*,*,#2378,.F.);
#3372=ORIENTED_EDGE('',*,*,#2374,.T.);
#3373=ORIENTED_EDGE('',*,*,#2379,.T.);
#3374=ORIENTED_EDGE('',*,*,#2380,.F.);
#3375=ORIENTED_EDGE('',*,*,#2381,.F.);
#3376=ORIENTED_EDGE('',*,*,#2377,.T.);
#3377=ORIENTED_EDGE('',*,*,#2382,.T.);
#3378=ORIENTED_EDGE('',*,*,#2383,.F.);
#3379=ORIENTED_EDGE('',*,*,#2384,.F.);
#3380=ORIENTED_EDGE('',*,*,#2380,.T.);
#3381=ORIENTED_EDGE('',*,*,#2385,.T.);
#3382=ORIENTED_EDGE('',*,*,#2386,.F.);
#3383=ORIENTED_EDGE('',*,*,#2387,.F.);
#3384=ORIENTED_EDGE('',*,*,#2383,.T.);
#3385=ORIENTED_EDGE('',*,*,#2388,.T.);
#3386=ORIENTED_EDGE('',*,*,#2389,.F.);
#3387=ORIENTED_EDGE('',*,*,#2390,.F.);
#3388=ORIENTED_EDGE('',*,*,#2386,.T.);
#3389=ORIENTED_EDGE('',*,*,#2391,.T.);
#3390=ORIENTED_EDGE('',*,*,#2392,.F.);
#3391=ORIENTED_EDGE('',*,*,#2393,.F.);
#3392=ORIENTED_EDGE('',*,*,#2389,.T.);
#3393=ORIENTED_EDGE('',*,*,#2394,.T.);
#3394=ORIENTED_EDGE('',*,*,#2395,.F.);
#3395=ORIENTED_EDGE('',*,*,#2396,.F.);
#3396=ORIENTED_EDGE('',*,*,#2392,.T.);
#3397=ORIENTED_EDGE('',*,*,#2397,.T.);
#3398=ORIENTED_EDGE('',*,*,#2398,.F.);
#3399=ORIENTED_EDGE('',*,*,#2399,.F.);
#3400=ORIENTED_EDGE('',*,*,#2395,.T.);
#3401=ORIENTED_EDGE('',*,*,#2400,.T.);
#3402=ORIENTED_EDGE('',*,*,#2401,.F.);
#3403=ORIENTED_EDGE('',*,*,#2402,.F.);
#3404=ORIENTED_EDGE('',*,*,#2398,.T.);
#3405=ORIENTED_EDGE('',*,*,#2403,.T.);
#3406=ORIENTED_EDGE('',*,*,#2404,.F.);
#3407=ORIENTED_EDGE('',*,*,#2405,.F.);
#3408=ORIENTED_EDGE('',*,*,#2401,.T.);
#3409=ORIENTED_EDGE('',*,*,#2406,.T.);
#3410=ORIENTED_EDGE('',*,*,#2407,.F.);
#3411=ORIENTED_EDGE('',*,*,#2408,.F.);
#3412=ORIENTED_EDGE('',*,*,#2404,.T.);
#3413=ORIENTED_EDGE('',*,*,#2409,.T.);
#3414=ORIENTED_EDGE('',*,*,#2410,.F.);
#3415=ORIENTED_EDGE('',*,*,#2411,.F.);
#3416=ORIENTED_EDGE('',*,*,#2407,.T.);
#3417=ORIENTED_EDGE('',*,*,#2412,.T.);
#3418=ORIENTED_EDGE('',*,*,#2413,.F.);
#3419=ORIENTED_EDGE('',*,*,#2414,.F.);
#3420=ORIENTED_EDGE('',*,*,#2410,.T.);
#3421=ORIENTED_EDGE('',*,*,#2415,.T.);
#3422=ORIENTED_EDGE('',*,*,#2416,.F.);
#3423=ORIENTED_EDGE('',*,*,#2417,.F.);
#3424=ORIENTED_EDGE('',*,*,#2413,.T.);
#3425=ORIENTED_EDGE('',*,*,#2418,.T.);
#3426=ORIENTED_EDGE('',*,*,#2419,.F.);
#3427=ORIENTED_EDGE('',*,*,#2420,.F.);
#3428=ORIENTED_EDGE('',*,*,#2416,.T.);
#3429=ORIENTED_EDGE('',*,*,#2421,.T.);
#3430=ORIENTED_EDGE('',*,*,#2422,.F.);
#3431=ORIENTED_EDGE('',*,*,#2423,.F.);
#3432=ORIENTED_EDGE('',*,*,#2419,.T.);
#3433=ORIENTED_EDGE('',*,*,#2424,.T.);
#3434=ORIENTED_EDGE('',*,*,#2425,.F.);
#3435=ORIENTED_EDGE('',*,*,#2426,.F.);
#3436=ORIENTED_EDGE('',*,*,#2422,.T.);
#3437=ORIENTED_EDGE('',*,*,#2427,.T.);
#3438=ORIENTED_EDGE('',*,*,#2428,.F.);
#3439=ORIENTED_EDGE('',*,*,#2429,.F.);
#3440=ORIENTED_EDGE('',*,*,#2425,.T.);
#3441=ORIENTED_EDGE('',*,*,#2430,.T.);
#3442=ORIENTED_EDGE('',*,*,#2431,.F.);
#3443=ORIENTED_EDGE('',*,*,#2432,.F.);
#3444=ORIENTED_EDGE('',*,*,#2428,.T.);
#3445=ORIENTED_EDGE('',*,*,#2433,.T.);
#3446=ORIENTED_EDGE('',*,*,#2434,.F.);
#3447=ORIENTED_EDGE('',*,*,#2435,.F.);
#3448=ORIENTED_EDGE('',*,*,#2431,.T.);
#3449=ORIENTED_EDGE('',*,*,#2436,.T.);
#3450=ORIENTED_EDGE('',*,*,#2437,.F.);
#3451=ORIENTED_EDGE('',*,*,#2438,.F.);
#3452=ORIENTED_EDGE('',*,*,#2434,.T.);
#3453=ORIENTED_EDGE('',*,*,#2439,.T.);
#3454=ORIENTED_EDGE('',*,*,#2440,.F.);
#3455=ORIENTED_EDGE('',*,*,#2441,.F.);
#3456=ORIENTED_EDGE('',*,*,#2437,.T.);
#3457=ORIENTED_EDGE('',*,*,#2442,.T.);
#3458=ORIENTED_EDGE('',*,*,#2443,.F.);
#3459=ORIENTED_EDGE('',*,*,#2444,.F.);
#3460=ORIENTED_EDGE('',*,*,#2440,.T.);
#3461=ORIENTED_EDGE('',*,*,#2445,.T.);
#3462=ORIENTED_EDGE('',*,*,#2446,.F.);
#3463=ORIENTED_EDGE('',*,*,#2447,.F.);
#3464=ORIENTED_EDGE('',*,*,#2443,.T.);
#3465=ORIENTED_EDGE('',*,*,#2448,.T.);
#3466=ORIENTED_EDGE('',*,*,#2449,.F.);
#3467=ORIENTED_EDGE('',*,*,#2450,.F.);
#3468=ORIENTED_EDGE('',*,*,#2446,.T.);
#3469=ORIENTED_EDGE('',*,*,#2451,.T.);
#3470=ORIENTED_EDGE('',*,*,#2452,.F.);
#3471=ORIENTED_EDGE('',*,*,#2453,.F.);
#3472=ORIENTED_EDGE('',*,*,#2449,.T.);
#3473=ORIENTED_EDGE('',*,*,#2454,.T.);
#3474=ORIENTED_EDGE('',*,*,#2455,.F.);
#3475=ORIENTED_EDGE('',*,*,#2456,.F.);
#3476=ORIENTED_EDGE('',*,*,#2452,.T.);
#3477=ORIENTED_EDGE('',*,*,#2457,.T.);
#3478=ORIENTED_EDGE('',*,*,#2458,.F.);
#3479=ORIENTED_EDGE('',*,*,#2459,.F.);
#3480=ORIENTED_EDGE('',*,*,#2455,.T.);
#3481=ORIENTED_EDGE('',*,*,#2460,.T.);
#3482=ORIENTED_EDGE('',*,*,#2461,.F.);
#3483=ORIENTED_EDGE('',*,*,#2462,.F.);
#3484=ORIENTED_EDGE('',*,*,#2458,.T.);
#3485=ORIENTED_EDGE('',*,*,#2463,.T.);
#3486=ORIENTED_EDGE('',*,*,#2464,.F.);
#3487=ORIENTED_EDGE('',*,*,#2465,.F.);
#3488=ORIENTED_EDGE('',*,*,#2461,.T.);
#3489=ORIENTED_EDGE('',*,*,#2466,.T.);
#3490=ORIENTED_EDGE('',*,*,#2467,.F.);
#3491=ORIENTED_EDGE('',*,*,#2468,.F.);
#3492=ORIENTED_EDGE('',*,*,#2464,.T.);
#3493=ORIENTED_EDGE('',*,*,#2469,.T.);
#3494=ORIENTED_EDGE('',*,*,#2470,.F.);
#3495=ORIENTED_EDGE('',*,*,#2471,.F.);
#3496=ORIENTED_EDGE('',*,*,#2467,.T.);
#3497=ORIENTED_EDGE('',*,*,#2472,.T.);
#3498=ORIENTED_EDGE('',*,*,#2473,.F.);
#3499=ORIENTED_EDGE('',*,*,#2474,.F.);
#3500=ORIENTED_EDGE('',*,*,#2470,.T.);
#3501=ORIENTED_EDGE('',*,*,#2475,.T.);
#3502=ORIENTED_EDGE('',*,*,#2476,.F.);
#3503=ORIENTED_EDGE('',*,*,#2477,.F.);
#3504=ORIENTED_EDGE('',*,*,#2473,.T.);
#3505=ORIENTED_EDGE('',*,*,#2478,.T.);
#3506=ORIENTED_EDGE('',*,*,#2479,.F.);
#3507=ORIENTED_EDGE('',*,*,#2480,.F.);
#3508=ORIENTED_EDGE('',*,*,#2476,.T.);
#3509=ORIENTED_EDGE('',*,*,#2481,.T.);
#3510=ORIENTED_EDGE('',*,*,#2315,.F.);
#3511=ORIENTED_EDGE('',*,*,#2482,.F.);
#3512=ORIENTED_EDGE('',*,*,#2479,.T.);
#3513=ORIENTED_EDGE('',*,*,#2396,.T.);
#3514=ORIENTED_EDGE('',*,*,#2399,.T.);
#3515=ORIENTED_EDGE('',*,*,#2402,.T.);
#3516=ORIENTED_EDGE('',*,*,#2405,.T.);
#3517=ORIENTED_EDGE('',*,*,#2408,.T.);
#3518=ORIENTED_EDGE('',*,*,#2411,.T.);
#3519=ORIENTED_EDGE('',*,*,#2414,.T.);
#3520=ORIENTED_EDGE('',*,*,#2417,.T.);
#3521=ORIENTED_EDGE('',*,*,#2420,.T.);
#3522=ORIENTED_EDGE('',*,*,#2423,.T.);
#3523=ORIENTED_EDGE('',*,*,#2426,.T.);
#3524=ORIENTED_EDGE('',*,*,#2429,.T.);
#3525=ORIENTED_EDGE('',*,*,#2432,.T.);
#3526=ORIENTED_EDGE('',*,*,#2435,.T.);
#3527=ORIENTED_EDGE('',*,*,#2438,.T.);
#3528=ORIENTED_EDGE('',*,*,#2441,.T.);
#3529=ORIENTED_EDGE('',*,*,#2444,.T.);
#3530=ORIENTED_EDGE('',*,*,#2447,.T.);
#3531=ORIENTED_EDGE('',*,*,#2450,.T.);
#3532=ORIENTED_EDGE('',*,*,#2453,.T.);
#3533=ORIENTED_EDGE('',*,*,#2456,.T.);
#3534=ORIENTED_EDGE('',*,*,#2459,.T.);
#3535=ORIENTED_EDGE('',*,*,#2462,.T.);
#3536=ORIENTED_EDGE('',*,*,#2465,.T.);
#3537=ORIENTED_EDGE('',*,*,#2468,.T.);
#3538=ORIENTED_EDGE('',*,*,#2471,.T.);
#3539=ORIENTED_EDGE('',*,*,#2474,.T.);
#3540=ORIENTED_EDGE('',*,*,#2477,.T.);
#3541=ORIENTED_EDGE('',*,*,#2480,.T.);
#3542=ORIENTED_EDGE('',*,*,#2482,.T.);
#3543=ORIENTED_EDGE('',*,*,#2314,.T.);
#3544=ORIENTED_EDGE('',*,*,#2318,.T.);
#3545=ORIENTED_EDGE('',*,*,#2321,.T.);
#3546=ORIENTED_EDGE('',*,*,#2324,.T.);
#3547=ORIENTED_EDGE('',*,*,#2327,.T.);
#3548=ORIENTED_EDGE('',*,*,#2330,.T.);
#3549=ORIENTED_EDGE('',*,*,#2333,.T.);
#3550=ORIENTED_EDGE('',*,*,#2336,.T.);
#3551=ORIENTED_EDGE('',*,*,#2339,.T.);
#3552=ORIENTED_EDGE('',*,*,#2342,.T.);
#3553=ORIENTED_EDGE('',*,*,#2345,.T.);
#3554=ORIENTED_EDGE('',*,*,#2348,.T.);
#3555=ORIENTED_EDGE('',*,*,#2351,.T.);
#3556=ORIENTED_EDGE('',*,*,#2354,.T.);
#3557=ORIENTED_EDGE('',*,*,#2357,.T.);
#3558=ORIENTED_EDGE('',*,*,#2360,.T.);
#3559=ORIENTED_EDGE('',*,*,#2363,.T.);
#3560=ORIENTED_EDGE('',*,*,#2366,.T.);
#3561=ORIENTED_EDGE('',*,*,#2369,.T.);
#3562=ORIENTED_EDGE('',*,*,#2372,.T.);
#3563=ORIENTED_EDGE('',*,*,#2375,.T.);
#3564=ORIENTED_EDGE('',*,*,#2378,.T.);
#3565=ORIENTED_EDGE('',*,*,#2381,.T.);
#3566=ORIENTED_EDGE('',*,*,#2384,.T.);
#3567=ORIENTED_EDGE('',*,*,#2387,.T.);
#3568=ORIENTED_EDGE('',*,*,#2390,.T.);
#3569=ORIENTED_EDGE('',*,*,#2393,.T.);
#3570=ORIENTED_EDGE('',*,*,#2397,.F.);
#3571=ORIENTED_EDGE('',*,*,#2394,.F.);
#3572=ORIENTED_EDGE('',*,*,#2391,.F.);
#3573=ORIENTED_EDGE('',*,*,#2388,.F.);
#3574=ORIENTED_EDGE('',*,*,#2385,.F.);
#3575=ORIENTED_EDGE('',*,*,#2382,.F.);
#3576=ORIENTED_EDGE('',*,*,#2379,.F.);
#3577=ORIENTED_EDGE('',*,*,#2376,.F.);
#3578=ORIENTED_EDGE('',*,*,#2373,.F.);
#3579=ORIENTED_EDGE('',*,*,#2370,.F.);
#3580=ORIENTED_EDGE('',*,*,#2367,.F.);
#3581=ORIENTED_EDGE('',*,*,#2364,.F.);
#3582=ORIENTED_EDGE('',*,*,#2361,.F.);
#3583=ORIENTED_EDGE('',*,*,#2358,.F.);
#3584=ORIENTED_EDGE('',*,*,#2355,.F.);
#3585=ORIENTED_EDGE('',*,*,#2352,.F.);
#3586=ORIENTED_EDGE('',*,*,#2349,.F.);
#3587=ORIENTED_EDGE('',*,*,#2346,.F.);
#3588=ORIENTED_EDGE('',*,*,#2343,.F.);
#3589=ORIENTED_EDGE('',*,*,#2340,.F.);
#3590=ORIENTED_EDGE('',*,*,#2337,.F.);
#3591=ORIENTED_EDGE('',*,*,#2334,.F.);
#3592=ORIENTED_EDGE('',*,*,#2331,.F.);
#3593=ORIENTED_EDGE('',*,*,#2328,.F.);
#3594=ORIENTED_EDGE('',*,*,#2325,.F.);
#3595=ORIENTED_EDGE('',*,*,#2322,.F.);
#3596=ORIENTED_EDGE('',*,*,#2319,.F.);
#3597=ORIENTED_EDGE('',*,*,#2316,.F.);
#3598=ORIENTED_EDGE('',*,*,#2312,.F.);
#3599=ORIENTED_EDGE('',*,*,#2481,.F.);
#3600=ORIENTED_EDGE('',*,*,#2478,.F.);
#3601=ORIENTED_EDGE('',*,*,#2475,.F.);
#3602=ORIENTED_EDGE('',*,*,#2472,.F.);
#3603=ORIENTED_EDGE('',*,*,#2469,.F.);
#3604=ORIENTED_EDGE('',*,*,#2466,.F.);
#3605=ORIENTED_EDGE('',*,*,#2463,.F.);
#3606=ORIENTED_EDGE('',*,*,#2460,.F.);
#3607=ORIENTED_EDGE('',*,*,#2457,.F.);
#3608=ORIENTED_EDGE('',*,*,#2454,.F.);
#3609=ORIENTED_EDGE('',*,*,#2451,.F.);
#3610=ORIENTED_EDGE('',*,*,#2448,.F.);
#3611=ORIENTED_EDGE('',*,*,#2445,.F.);
#3612=ORIENTED_EDGE('',*,*,#2442,.F.);
#3613=ORIENTED_EDGE('',*,*,#2439,.F.);
#3614=ORIENTED_EDGE('',*,*,#2436,.F.);
#3615=ORIENTED_EDGE('',*,*,#2433,.F.);
#3616=ORIENTED_EDGE('',*,*,#2430,.F.);
#3617=ORIENTED_EDGE('',*,*,#2427,.F.);
#3618=ORIENTED_EDGE('',*,*,#2424,.F.);
#3619=ORIENTED_EDGE('',*,*,#2421,.F.);
#3620=ORIENTED_EDGE('',*,*,#2418,.F.);
#3621=ORIENTED_EDGE('',*,*,#2415,.F.);
#3622=ORIENTED_EDGE('',*,*,#2412,.F.);
#3623=ORIENTED_EDGE('',*,*,#2409,.F.);
#3624=ORIENTED_EDGE('',*,*,#2406,.F.);
#3625=ORIENTED_EDGE('',*,*,#2403,.F.);
#3626=ORIENTED_EDGE('',*,*,#2400,.F.);
#3627=PLANE('',#4023);
#3628=PLANE('',#4024);
#3629=PLANE('',#4025);
#3630=PLANE('',#4026);
#3631=PLANE('',#4027);
#3632=PLANE('',#4028);
#3633=PLANE('',#4029);
#3634=PLANE('',#4030);
#3635=PLANE('',#4031);
#3636=PLANE('',#4032);
#3637=PLANE('',#4033);
#3638=PLANE('',#4034);
#3639=PLANE('',#4035);
#3640=PLANE('',#4036);
#3641=PLANE('',#4037);
#3642=PLANE('',#4038);
#3643=PLANE('',#4039);
#3644=PLANE('',#4040);
#3645=PLANE('',#4041);
#3646=PLANE('',#4042);
#3647=PLANE('',#4043);
#3648=PLANE('',#4044);
#3649=PLANE('',#4045);
#3650=PLANE('',#4046);
#3651=PLANE('',#4047);
#3652=PLANE('',#4048);
#3653=PLANE('',#4049);
#3654=PLANE('',#4050);
#3655=PLANE('',#4051);
#3656=PLANE('',#4052);
#3657=PLANE('',#4053);
#3658=PLANE('',#4054);
#3659=PLANE('',#4055);
#3660=PLANE('',#4056);
#3661=PLANE('',#4057);
#3662=PLANE('',#4058);
#3663=PLANE('',#4059);
#3664=PLANE('',#4060);
#3665=PLANE('',#4061);
#3666=PLANE('',#4062);
#3667=PLANE('',#4063);
#3668=PLANE('',#4064);
#3669=PLANE('',#4065);
#3670=PLANE('',#4066);
#3671=PLANE('',#4067);
#3672=PLANE('',#4068);
#3673=PLANE('',#4069);
#3674=PLANE('',#4070);
#3675=PLANE('',#4071);
#3676=PLANE('',#4072);
#3677=PLANE('',#4073);
#3678=PLANE('',#4074);
#3679=PLANE('',#4075);
#3680=PLANE('',#4076);
#3681=PLANE('',#4077);
#3682=PLANE('',#4078);
#3683=PLANE('',#4079);
#3684=PLANE('',#4080);
#3685=PLANE('',#4081);
#3686=PLANE('',#4082);
#3687=PLANE('',#4089);
#3688=PLANE('',#4090);
#3689=PLANE('',#4091);
#3690=PLANE('',#4092);
#3691=PLANE('',#4093);
#3692=PLANE('',#4094);
#3693=PLANE('',#4095);
#3694=PLANE('',#4096);
#3695=PLANE('',#4097);
#3696=PLANE('',#4098);
#3697=PLANE('',#4099);
#3698=PLANE('',#4100);
#3699=PLANE('',#4101);
#3700=PLANE('',#4102);
#3701=PLANE('',#4106);
#3702=PLANE('',#4107);
#3703=PLANE('',#4108);
#3704=PLANE('',#4109);
#3705=PLANE('',#4113);
#3706=PLANE('',#4114);
#3707=PLANE('',#4124);
#3708=PLANE('',#4125);
#3709=PLANE('',#4126);
#3710=PLANE('',#4127);
#3711=PLANE('',#4131);
#3712=PLANE('',#4132);
#3713=PLANE('',#4133);
#3714=PLANE('',#4134);
#3715=PLANE('',#4135);
#3716=PLANE('',#4136);
#3717=PLANE('',#4137);
#3718=PLANE('',#4138);
#3719=PLANE('',#4139);
#3720=PLANE('',#4140);
#3721=PLANE('',#4141);
#3722=PLANE('',#4142);
#3723=PLANE('',#4143);
#3724=PLANE('',#4144);
#3725=PLANE('',#4145);
#3726=PLANE('',#4146);
#3727=PLANE('',#4147);
#3728=PLANE('',#4148);
#3729=PLANE('',#4149);
#3730=PLANE('',#4150);
#3731=PLANE('',#4151);
#3732=PLANE('',#4152);
#3733=PLANE('',#4153);
#3734=PLANE('',#4154);
#3735=PLANE('',#4155);
#3736=PLANE('',#4156);
#3737=PLANE('',#4157);
#3738=PLANE('',#4158);
#3739=PLANE('',#4159);
#3740=PLANE('',#4160);
#3741=PLANE('',#4161);
#3742=PLANE('',#4162);
#3743=PLANE('',#4163);
#3744=PLANE('',#4164);
#3745=PLANE('',#4165);
#3746=PLANE('',#4166);
#3747=PLANE('',#4167);
#3748=PLANE('',#4168);
#3749=PLANE('',#4169);
#3750=PLANE('',#4170);
#3751=PLANE('',#4171);
#3752=PLANE('',#4172);
#3753=PLANE('',#4173);
#3754=PLANE('',#4174);
#3755=PLANE('',#4175);
#3756=PLANE('',#4176);
#3757=PLANE('',#4177);
#3758=PLANE('',#4178);
#3759=PLANE('',#4179);
#3760=PLANE('',#4180);
#3761=PLANE('',#4181);
#3762=PLANE('',#4182);
#3763=PLANE('',#4183);
#3764=PLANE('',#4184);
#3765=PLANE('',#4185);
#3766=PLANE('',#4186);
#3767=PLANE('',#4187);
#3768=PLANE('',#4188);
#3769=PLANE('',#4189);
#3770=PLANE('',#4190);
#3771=PLANE('',#4191);
#3772=PLANE('',#4192);
#3773=PLANE('',#4193);
#3774=PLANE('',#4194);
#3775=PLANE('',#4195);
#3776=PLANE('',#4196);
#3777=PLANE('',#4197);
#3778=PLANE('',#4198);
#3779=PLANE('',#4199);
#3780=PLANE('',#4200);
#3781=PLANE('',#4201);
#3782=PLANE('',#4202);
#3783=PLANE('',#4203);
#3784=PLANE('',#4204);
#3785=PLANE('',#4205);
#3786=PLANE('',#4206);
#3787=PLANE('',#4207);
#3788=PLANE('',#4208);
#3789=PLANE('',#4209);
#3790=PLANE('',#4210);
#3791=PLANE('',#4211);
#3792=PLANE('',#4212);
#3793=PLANE('',#4213);
#3794=PLANE('',#4214);
#3795=PLANE('',#4215);
#3796=PLANE('',#4216);
#3797=PLANE('',#4217);
#3798=PLANE('',#4218);
#3799=PLANE('',#4219);
#3800=PLANE('',#4220);
#3801=PLANE('',#4221);
#3802=PLANE('',#4222);
#3803=PLANE('',#4223);
#3804=PLANE('',#4224);
#3805=PLANE('',#4225);
#3806=ADVANCED_FACE('',(#96),#3627,.F.);
#3807=ADVANCED_FACE('',(#97),#3628,.T.);
#3808=ADVANCED_FACE('',(#98),#3629,.F.);
#3809=ADVANCED_FACE('',(#99),#3630,.F.);
#3810=ADVANCED_FACE('',(#100),#3631,.F.);
#3811=ADVANCED_FACE('',(#101),#3632,.F.);
#3812=ADVANCED_FACE('',(#102),#3633,.F.);
#3813=ADVANCED_FACE('',(#103),#3634,.F.);
#3814=ADVANCED_FACE('',(#104),#3635,.F.);
#3815=ADVANCED_FACE('',(#105),#3636,.F.);
#3816=ADVANCED_FACE('',(#106),#3637,.F.);
#3817=ADVANCED_FACE('',(#107),#3638,.F.);
#3818=ADVANCED_FACE('',(#108),#3639,.F.);
#3819=ADVANCED_FACE('',(#109),#3640,.F.);
#3820=ADVANCED_FACE('',(#110),#3641,.F.);
#3821=ADVANCED_FACE('',(#111),#3642,.F.);
#3822=ADVANCED_FACE('',(#112),#3643,.F.);
#3823=ADVANCED_FACE('',(#113),#3644,.F.);
#3824=ADVANCED_FACE('',(#114),#3645,.F.);
#3825=ADVANCED_FACE('',(#115),#3646,.F.);
#3826=ADVANCED_FACE('',(#116),#3647,.F.);
#3827=ADVANCED_FACE('',(#117),#3648,.F.);
#3828=ADVANCED_FACE('',(#118),#3649,.F.);
#3829=ADVANCED_FACE('',(#119),#3650,.F.);
#3830=ADVANCED_FACE('',(#120),#3651,.F.);
#3831=ADVANCED_FACE('',(#121),#3652,.F.);
#3832=ADVANCED_FACE('',(#122),#3653,.F.);
#3833=ADVANCED_FACE('',(#123),#3654,.F.);
#3834=ADVANCED_FACE('',(#124),#3655,.F.);
#3835=ADVANCED_FACE('',(#125),#3656,.F.);
#3836=ADVANCED_FACE('',(#126),#3657,.F.);
#3837=ADVANCED_FACE('',(#127),#3658,.F.);
#3838=ADVANCED_FACE('',(#128),#3659,.F.);
#3839=ADVANCED_FACE('',(#129),#3660,.F.);
#3840=ADVANCED_FACE('',(#130),#3661,.F.);
#3841=ADVANCED_FACE('',(#131),#3662,.F.);
#3842=ADVANCED_FACE('',(#132),#3663,.F.);
#3843=ADVANCED_FACE('',(#133),#3664,.F.);
#3844=ADVANCED_FACE('',(#134),#3665,.F.);
#3845=ADVANCED_FACE('',(#135),#3666,.F.);
#3846=ADVANCED_FACE('',(#136),#3667,.F.);
#3847=ADVANCED_FACE('',(#137),#3668,.F.);
#3848=ADVANCED_FACE('',(#138),#3669,.F.);
#3849=ADVANCED_FACE('',(#139),#3670,.F.);
#3850=ADVANCED_FACE('',(#140),#3671,.F.);
#3851=ADVANCED_FACE('',(#141),#3672,.F.);
#3852=ADVANCED_FACE('',(#142),#3673,.F.);
#3853=ADVANCED_FACE('',(#143),#3674,.F.);
#3854=ADVANCED_FACE('',(#144),#3675,.F.);
#3855=ADVANCED_FACE('',(#145),#3676,.F.);
#3856=ADVANCED_FACE('',(#146),#3677,.F.);
#3857=ADVANCED_FACE('',(#147),#3678,.F.);
#3858=ADVANCED_FACE('',(#148),#3679,.F.);
#3859=ADVANCED_FACE('',(#149),#3680,.F.);
#3860=ADVANCED_FACE('',(#150),#3681,.F.);
#3861=ADVANCED_FACE('',(#151),#3682,.F.);
#3862=ADVANCED_FACE('',(#152),#3683,.F.);
#3863=ADVANCED_FACE('',(#153),#3684,.F.);
#3864=ADVANCED_FACE('',(#154),#3685,.F.);
#3865=ADVANCED_FACE('',(#155),#3686,.F.);
#3866=ADVANCED_FACE('',(#156),#67,.F.);
#3867=ADVANCED_FACE('',(#157),#68,.F.);
#3868=ADVANCED_FACE('',(#158),#3687,.F.);
#3869=ADVANCED_FACE('',(#159),#3688,.F.);
#3870=ADVANCED_FACE('',(#160),#3689,.F.);
#3871=ADVANCED_FACE('',(#161),#3690,.F.);
#3872=ADVANCED_FACE('',(#162),#3691,.F.);
#3873=ADVANCED_FACE('',(#163),#3692,.F.);
#3874=ADVANCED_FACE('',(#164),#3693,.F.);
#3875=ADVANCED_FACE('',(#165),#3694,.F.);
#3876=ADVANCED_FACE('',(#166),#3695,.F.);
#3877=ADVANCED_FACE('',(#167),#3696,.F.);
#3878=ADVANCED_FACE('',(#168),#3697,.F.);
#3879=ADVANCED_FACE('',(#169),#3698,.F.);
#3880=ADVANCED_FACE('',(#170),#3699,.F.);
#3881=ADVANCED_FACE('',(#171),#3700,.F.);
#3882=ADVANCED_FACE('',(#172),#69,.F.);
#3883=ADVANCED_FACE('',(#173),#3701,.F.);
#3884=ADVANCED_FACE('',(#174),#3702,.F.);
#3885=ADVANCED_FACE('',(#175),#3703,.F.);
#3886=ADVANCED_FACE('',(#176),#3704,.F.);
#3887=ADVANCED_FACE('',(#177),#70,.F.);
#3888=ADVANCED_FACE('',(#178),#3705,.T.);
#3889=ADVANCED_FACE('',(#179),#3706,.F.);
#3890=ADVANCED_FACE('',(#180),#71,.F.);
#3891=ADVANCED_FACE('',(#181),#72,.F.);
#3892=ADVANCED_FACE('',(#182),#73,.F.);
#3893=ADVANCED_FACE('',(#183),#3707,.F.);
#3894=ADVANCED_FACE('',(#184),#3708,.F.);
#3895=ADVANCED_FACE('',(#185),#3709,.F.);
#3896=ADVANCED_FACE('',(#186),#3710,.F.);
#3897=ADVANCED_FACE('',(#187),#74,.F.);
#3898=ADVANCED_FACE('',(#188),#3711,.F.);
#3899=ADVANCED_FACE('',(#189),#3712,.F.);
#3900=ADVANCED_FACE('',(#190),#3713,.F.);
#3901=ADVANCED_FACE('',(#191),#3714,.F.);
#3902=ADVANCED_FACE('',(#192),#3715,.F.);
#3903=ADVANCED_FACE('',(#193),#3716,.F.);
#3904=ADVANCED_FACE('',(#194),#3717,.F.);
#3905=ADVANCED_FACE('',(#195),#3718,.F.);
#3906=ADVANCED_FACE('',(#196),#3719,.F.);
#3907=ADVANCED_FACE('',(#197),#3720,.F.);
#3908=ADVANCED_FACE('',(#198),#3721,.T.);
#3909=ADVANCED_FACE('',(#199),#27,.F.);
#3910=ADVANCED_FACE('',(#200),#3722,.F.);
#3911=ADVANCED_FACE('',(#201),#3723,.F.);
#3912=ADVANCED_FACE('',(#202),#3724,.F.);
#3913=ADVANCED_FACE('',(#203),#3725,.F.);
#3914=ADVANCED_FACE('',(#204),#28,.F.);
#3915=ADVANCED_FACE('',(#205),#29,.F.);
#3916=ADVANCED_FACE('',(#206),#30,.F.);
#3917=ADVANCED_FACE('',(#207),#31,.F.);
#3918=ADVANCED_FACE('',(#208),#3726,.T.);
#3919=ADVANCED_FACE('',(#209),#3727,.T.);
#3920=ADVANCED_FACE('',(#210),#3728,.T.);
#3921=ADVANCED_FACE('',(#211),#3729,.T.);
#3922=ADVANCED_FACE('',(#212),#3730,.T.);
#3923=ADVANCED_FACE('',(#213),#3731,.F.);
#3924=ADVANCED_FACE('',(#214),#3732,.F.);
#3925=ADVANCED_FACE('',(#215),#3733,.F.);
#3926=ADVANCED_FACE('',(#216),#32,.F.);
#3927=ADVANCED_FACE('',(#217),#33,.F.);
#3928=ADVANCED_FACE('',(#218),#3734,.F.);
#3929=ADVANCED_FACE('',(#219),#3735,.F.);
#3930=ADVANCED_FACE('',(#220),#3736,.F.);
#3931=ADVANCED_FACE('',(#221),#34,.F.);
#3932=ADVANCED_FACE('',(#222),#3737,.F.);
#3933=ADVANCED_FACE('',(#223),#21,.T.);
#3934=ADVANCED_FACE('',(#224),#3738,.T.);
#3935=ADVANCED_FACE('',(#225),#3739,.T.);
#3936=ADVANCED_FACE('',(#226),#3740,.T.);
#3937=ADVANCED_FACE('',(#227),#22,.T.);
#3938=ADVANCED_FACE('',(#228),#3741,.T.);
#3939=ADVANCED_FACE('',(#229),#23,.T.);
#3940=ADVANCED_FACE('',(#230),#3742,.T.);
#3941=ADVANCED_FACE('',(#231),#24,.T.);
#3942=ADVANCED_FACE('',(#232),#3743,.T.);
#3943=ADVANCED_FACE('',(#233),#3744,.T.);
#3944=ADVANCED_FACE('',(#234),#25,.T.);
#3945=ADVANCED_FACE('',(#235),#26,.T.);
#3946=ADVANCED_FACE('',(#236),#3745,.T.);
#3947=ADVANCED_FACE('',(#237),#3746,.T.);
#3948=ADVANCED_FACE('',(#238),#3747,.T.);
#3949=ADVANCED_FACE('',(#239),#3748,.T.);
#3950=ADVANCED_FACE('',(#240),#3749,.T.);
#3951=ADVANCED_FACE('',(#241),#3750,.T.);
#3952=ADVANCED_FACE('',(#242),#3751,.T.);
#3953=ADVANCED_FACE('',(#243),#3752,.T.);
#3954=ADVANCED_FACE('',(#244),#3753,.T.);
#3955=ADVANCED_FACE('',(#245),#3754,.T.);
#3956=ADVANCED_FACE('',(#246),#3755,.T.);
#3957=ADVANCED_FACE('',(#247),#3756,.T.);
#3958=ADVANCED_FACE('',(#248),#3757,.T.);
#3959=ADVANCED_FACE('',(#249),#3758,.T.);
#3960=ADVANCED_FACE('',(#250),#3759,.T.);
#3961=ADVANCED_FACE('',(#251),#3760,.T.);
#3962=ADVANCED_FACE('',(#252),#3761,.T.);
#3963=ADVANCED_FACE('',(#253),#3762,.T.);
#3964=ADVANCED_FACE('',(#254),#3763,.T.);
#3965=ADVANCED_FACE('',(#255),#3764,.T.);
#3966=ADVANCED_FACE('',(#256),#3765,.T.);
#3967=ADVANCED_FACE('',(#257),#3766,.T.);
#3968=ADVANCED_FACE('',(#258),#3767,.T.);
#3969=ADVANCED_FACE('',(#259),#3768,.T.);
#3970=ADVANCED_FACE('',(#260),#3769,.T.);
#3971=ADVANCED_FACE('',(#261),#3770,.T.);
#3972=ADVANCED_FACE('',(#262),#3771,.T.);
#3973=ADVANCED_FACE('',(#263),#3772,.T.);
#3974=ADVANCED_FACE('',(#264),#3773,.T.);
#3975=ADVANCED_FACE('',(#265),#3774,.T.);
#3976=ADVANCED_FACE('',(#266),#3775,.T.);
#3977=ADVANCED_FACE('',(#267),#3776,.T.);
#3978=ADVANCED_FACE('',(#268),#3777,.T.);
#3979=ADVANCED_FACE('',(#269),#3778,.T.);
#3980=ADVANCED_FACE('',(#270),#3779,.T.);
#3981=ADVANCED_FACE('',(#271),#3780,.T.);
#3982=ADVANCED_FACE('',(#272),#3781,.T.);
#3983=ADVANCED_FACE('',(#273),#3782,.T.);
#3984=ADVANCED_FACE('',(#274),#3783,.T.);
#3985=ADVANCED_FACE('',(#275),#3784,.T.);
#3986=ADVANCED_FACE('',(#276),#3785,.T.);
#3987=ADVANCED_FACE('',(#277),#3786,.T.);
#3988=ADVANCED_FACE('',(#278),#3787,.T.);
#3989=ADVANCED_FACE('',(#279),#3788,.T.);
#3990=ADVANCED_FACE('',(#280),#3789,.T.);
#3991=ADVANCED_FACE('',(#281),#3790,.T.);
#3992=ADVANCED_FACE('',(#282),#3791,.T.);
#3993=ADVANCED_FACE('',(#283),#3792,.T.);
#3994=ADVANCED_FACE('',(#284),#3793,.T.);
#3995=ADVANCED_FACE('',(#285),#3794,.T.);
#3996=ADVANCED_FACE('',(#286),#3795,.T.);
#3997=ADVANCED_FACE('',(#287),#3796,.T.);
#3998=ADVANCED_FACE('',(#288),#3797,.T.);
#3999=ADVANCED_FACE('',(#289),#3798,.T.);
#4000=ADVANCED_FACE('',(#290),#3799,.T.);
#4001=ADVANCED_FACE('',(#291),#3800,.T.);
#4002=ADVANCED_FACE('',(#292),#3801,.T.);
#4003=ADVANCED_FACE('',(#293),#3802,.T.);
#4004=ADVANCED_FACE('',(#294),#3803,.T.);
#4005=ADVANCED_FACE('',(#295),#3804,.T.);
#4006=ADVANCED_FACE('',(#296),#3805,.T.);
#4007=CLOSED_SHELL('',(#3806,#3807,#3808,#3809,#3810,#3811,#3812,#3813,
#3814,#3815,#3816,#3817,#3818,#3819,#3820,#3821,#3822,#3823,#3824,#3825,
#3826,#3827,#3828,#3829,#3830,#3831,#3832,#3833,#3834,#3835,#3836,#3837,
#3838,#3839,#3840,#3841,#3842,#3843,#3844,#3845,#3846,#3847,#3848,#3849,
#3850,#3851,#3852,#3853,#3854,#3855,#3856,#3857,#3858,#3859,#3860,#3861,
#3862,#3863,#3864,#3865,#3866,#3867,#3868,#3869,#3870,#3871,#3872,#3873,
#3874,#3875,#3876,#3877,#3878,#3879,#3880,#3881,#3882,#3883,#3884,#3885,
#3886,#3887,#3888,#3889,#3890,#3891,#3892,#3893,#3894,#3895,#3896,#3897,
#3898,#3899,#3900,#3901,#3902,#3903,#3904,#3905,#3906,#3907,#3908,#3909,
#3910,#3911,#3912,#3913,#3914,#3915,#3916,#3917,#3918,#3919,#3920,#3921,
#3922,#3923,#3924,#3925,#3926,#3927,#3928,#3929,#3930,#3931,#3932,#3933,
#3934,#3935,#3936,#3937,#3938,#3939,#3940,#3941,#3942,#3943,#3944,#3945,
#3946,#3947));
#4008=CLOSED_SHELL('',(#3948,#3949,#3950,#3951,#3952,#3953,#3954,#3955,
#3956,#3957,#3958,#3959,#3960,#3961,#3962,#3963,#3964,#3965,#3966,#3967,
#3968,#3969,#3970,#3971,#3972,#3973,#3974,#3975,#3976,#3977,#3978,#3979,
#3980,#3981,#3982,#3983,#3984,#3985,#3986,#3987,#3988,#3989,#3990,#3991,
#3992,#3993,#3994,#3995,#3996,#3997,#3998,#3999,#4000,#4001,#4002,#4003,
#4004,#4005,#4006));
#4009=DERIVED_UNIT_ELEMENT(#4011,1.);
#4010=DERIVED_UNIT_ELEMENT(#7074,-3.);
#4011=(
MASS_UNIT()
NAMED_UNIT(*)
SI_UNIT(.KILO.,.GRAM.)
);
#4012=DERIVED_UNIT((#4009,#4010));
#4013=MEASURE_REPRESENTATION_ITEM('density measure',
POSITIVE_RATIO_MEASURE(7850.),#4012);
#4014=PROPERTY_DEFINITION_REPRESENTATION(#4019,#4016);
#4015=PROPERTY_DEFINITION_REPRESENTATION(#4020,#4017);
#4016=REPRESENTATION('material name',(#4018),#7071);
#4017=REPRESENTATION('density',(#4013),#7071);
#4018=DESCRIPTIVE_REPRESENTATION_ITEM('Steel','Steel');
#4019=PROPERTY_DEFINITION('material property','material name',#7086);
#4020=PROPERTY_DEFINITION('material property','density of part',#7086);
#4021=AXIS2_PLACEMENT_3D('',#5158,#4227,#4228);
#4022=AXIS2_PLACEMENT_3D('',#5159,#4229,#4230);
#4023=AXIS2_PLACEMENT_3D('',#5160,#4231,#4232);
#4024=AXIS2_PLACEMENT_3D('',#5275,#4290,#4291);
#4025=AXIS2_PLACEMENT_3D('',#5289,#4299,#4300);
#4026=AXIS2_PLACEMENT_3D('',#5300,#4304,#4305);
#4027=AXIS2_PLACEMENT_3D('',#5311,#4309,#4310);
#4028=AXIS2_PLACEMENT_3D('',#5320,#4313,#4314);
#4029=AXIS2_PLACEMENT_3D('',#5326,#4318,#4319);
#4030=AXIS2_PLACEMENT_3D('',#5332,#4323,#4324);
#4031=AXIS2_PLACEMENT_3D('',#5336,#4327,#4328);
#4032=AXIS2_PLACEMENT_3D('',#5340,#4331,#4332);
#4033=AXIS2_PLACEMENT_3D('',#5346,#4336,#4337);
#4034=AXIS2_PLACEMENT_3D('',#5356,#4343,#4344);
#4035=AXIS2_PLACEMENT_3D('',#5360,#4347,#4348);
#4036=AXIS2_PLACEMENT_3D('',#5364,#4351,#4352);
#4037=AXIS2_PLACEMENT_3D('',#5370,#4356,#4357);
#4038=AXIS2_PLACEMENT_3D('',#5374,#4360,#4361);
#4039=AXIS2_PLACEMENT_3D('',#5378,#4364,#4365);
#4040=AXIS2_PLACEMENT_3D('',#5382,#4368,#4369);
#4041=AXIS2_PLACEMENT_3D('',#5386,#4372,#4373);
#4042=AXIS2_PLACEMENT_3D('',#5390,#4376,#4377);
#4043=AXIS2_PLACEMENT_3D('',#5394,#4380,#4381);
#4044=AXIS2_PLACEMENT_3D('',#5396,#4383,#4384);
#4045=AXIS2_PLACEMENT_3D('',#5400,#4387,#4388);
#4046=AXIS2_PLACEMENT_3D('',#5402,#4390,#4391);
#4047=AXIS2_PLACEMENT_3D('',#5411,#4394,#4395);
#4048=AXIS2_PLACEMENT_3D('',#5415,#4398,#4399);
#4049=AXIS2_PLACEMENT_3D('',#5419,#4402,#4403);
#4050=AXIS2_PLACEMENT_3D('',#5423,#4406,#4407);
#4051=AXIS2_PLACEMENT_3D('',#5427,#4410,#4411);
#4052=AXIS2_PLACEMENT_3D('',#5431,#4414,#4415);
#4053=AXIS2_PLACEMENT_3D('',#5435,#4418,#4419);
#4054=AXIS2_PLACEMENT_3D('',#5437,#4421,#4422);
#4055=AXIS2_PLACEMENT_3D('',#5441,#4425,#4426);
#4056=AXIS2_PLACEMENT_3D('',#5449,#4431,#4432);
#4057=AXIS2_PLACEMENT_3D('',#5453,#4435,#4436);
#4058=AXIS2_PLACEMENT_3D('',#5457,#4439,#4440);
#4059=AXIS2_PLACEMENT_3D('',#5461,#4443,#4444);
#4060=AXIS2_PLACEMENT_3D('',#5465,#4447,#4448);
#4061=AXIS2_PLACEMENT_3D('',#5469,#4451,#4452);
#4062=AXIS2_PLACEMENT_3D('',#5473,#4455,#4456);
#4063=AXIS2_PLACEMENT_3D('',#5477,#4459,#4460);
#4064=AXIS2_PLACEMENT_3D('',#5481,#4463,#4464);
#4065=AXIS2_PLACEMENT_3D('',#5485,#4467,#4468);
#4066=AXIS2_PLACEMENT_3D('',#5489,#4471,#4472);
#4067=AXIS2_PLACEMENT_3D('',#5493,#4475,#4476);
#4068=AXIS2_PLACEMENT_3D('',#5495,#4478,#4479);
#4069=AXIS2_PLACEMENT_3D('',#5503,#4484,#4485);
#4070=AXIS2_PLACEMENT_3D('',#5507,#4488,#4489);
#4071=AXIS2_PLACEMENT_3D('',#5511,#4492,#4493);
#4072=AXIS2_PLACEMENT_3D('',#5515,#4496,#4497);
#4073=AXIS2_PLACEMENT_3D('',#5519,#4500,#4501);
#4074=AXIS2_PLACEMENT_3D('',#5523,#4504,#4505);
#4075=AXIS2_PLACEMENT_3D('',#5527,#4508,#4509);
#4076=AXIS2_PLACEMENT_3D('',#5531,#4512,#4513);
#4077=AXIS2_PLACEMENT_3D('',#5535,#4516,#4517);
#4078=AXIS2_PLACEMENT_3D('',#5539,#4520,#4521);
#4079=AXIS2_PLACEMENT_3D('',#5543,#4524,#4525);
#4080=AXIS2_PLACEMENT_3D('',#5545,#4527,#4528);
#4081=AXIS2_PLACEMENT_3D('',#5555,#4531,#4532);
#4082=AXIS2_PLACEMENT_3D('',#5564,#4535,#4536);
#4083=AXIS2_PLACEMENT_3D('',#5577,#4540,#4541);
#4084=AXIS2_PLACEMENT_3D('',#5580,#4542,#4543);
#4085=AXIS2_PLACEMENT_3D('',#5584,#4545,#4546);
#4086=AXIS2_PLACEMENT_3D('',#5586,#4548,#4549);
#4087=AXIS2_PLACEMENT_3D('',#5588,#4550,#4551);
#4088=AXIS2_PLACEMENT_3D('',#5591,#4553,#4554);
#4089=AXIS2_PLACEMENT_3D('',#5592,#4555,#4556);
#4090=AXIS2_PLACEMENT_3D('',#5598,#4560,#4561);
#4091=AXIS2_PLACEMENT_3D('',#5604,#4565,#4566);
#4092=AXIS2_PLACEMENT_3D('',#5610,#4570,#4571);
#4093=AXIS2_PLACEMENT_3D('',#5616,#4575,#4576);
#4094=AXIS2_PLACEMENT_3D('',#5622,#4580,#4581);
#4095=AXIS2_PLACEMENT_3D('',#5628,#4585,#4586);
#4096=AXIS2_PLACEMENT_3D('',#5634,#4590,#4591);
#4097=AXIS2_PLACEMENT_3D('',#5640,#4595,#4596);
#4098=AXIS2_PLACEMENT_3D('',#5646,#4600,#4601);
#4099=AXIS2_PLACEMENT_3D('',#5652,#4605,#4606);
#4100=AXIS2_PLACEMENT_3D('',#5655,#4609,#4610);
#4101=AXIS2_PLACEMENT_3D('',#5665,#4613,#4614);
#4102=AXIS2_PLACEMENT_3D('',#5678,#4618,#4619);
#4103=AXIS2_PLACEMENT_3D('',#5684,#4623,#4624);
#4104=AXIS2_PLACEMENT_3D('',#5686,#4625,#4626);
#4105=AXIS2_PLACEMENT_3D('',#5689,#4628,#4629);
#4106=AXIS2_PLACEMENT_3D('',#5690,#4630,#4631);
#4107=AXIS2_PLACEMENT_3D('',#5696,#4635,#4636);
#4108=AXIS2_PLACEMENT_3D('',#5702,#4640,#4641);
#4109=AXIS2_PLACEMENT_3D('',#5708,#4645,#4646);
#4110=AXIS2_PLACEMENT_3D('',#5714,#4650,#4651);
#4111=AXIS2_PLACEMENT_3D('',#5715,#4652,#4653);
#4112=AXIS2_PLACEMENT_3D('',#5716,#4654,#4655);
#4113=AXIS2_PLACEMENT_3D('',#5717,#4656,#4657);
#4114=AXIS2_PLACEMENT_3D('',#5724,#4658,#4659);
#4115=AXIS2_PLACEMENT_3D('',#5738,#4663,#4664);
#4116=AXIS2_PLACEMENT_3D('',#5741,#4665,#4666);
#4117=AXIS2_PLACEMENT_3D('',#5745,#4668,#4669);
#4118=AXIS2_PLACEMENT_3D('',#5747,#4671,#4672);
#4119=AXIS2_PLACEMENT_3D('',#5749,#4673,#4674);
#4120=AXIS2_PLACEMENT_3D('',#5752,#4676,#4677);
#4121=AXIS2_PLACEMENT_3D('',#5753,#4678,#4679);
#4122=AXIS2_PLACEMENT_3D('',#5755,#4680,#4681);
#4123=AXIS2_PLACEMENT_3D('',#5758,#4683,#4684);
#4124=AXIS2_PLACEMENT_3D('',#5759,#4685,#4686);
#4125=AXIS2_PLACEMENT_3D('',#5765,#4690,#4691);
#4126=AXIS2_PLACEMENT_3D('',#5771,#4695,#4696);
#4127=AXIS2_PLACEMENT_3D('',#5777,#4700,#4701);
#4128=AXIS2_PLACEMENT_3D('',#5783,#4705,#4706);
#4129=AXIS2_PLACEMENT_3D('',#5785,#4707,#4708);
#4130=AXIS2_PLACEMENT_3D('',#5788,#4710,#4711);
#4131=AXIS2_PLACEMENT_3D('',#5789,#4712,#4713);
#4132=AXIS2_PLACEMENT_3D('',#5792,#4716,#4717);
#4133=AXIS2_PLACEMENT_3D('',#5806,#4721,#4722);
#4134=AXIS2_PLACEMENT_3D('',#5812,#4726,#4727);
#4135=AXIS2_PLACEMENT_3D('',#5818,#4731,#4732);
#4136=AXIS2_PLACEMENT_3D('',#5824,#4736,#4737);
#4137=AXIS2_PLACEMENT_3D('',#5830,#4741,#4742);
#4138=AXIS2_PLACEMENT_3D('',#5836,#4746,#4747);
#4139=AXIS2_PLACEMENT_3D('',#5842,#4751,#4752);
#4140=AXIS2_PLACEMENT_3D('',#5848,#4756,#4757);
#4141=AXIS2_PLACEMENT_3D('',#5851,#4760,#4761);
#4142=AXIS2_PLACEMENT_3D('',#5922,#4764,#4765);
#4143=AXIS2_PLACEMENT_3D('',#5928,#4769,#4770);
#4144=AXIS2_PLACEMENT_3D('',#5934,#4774,#4775);
#4145=AXIS2_PLACEMENT_3D('',#5938,#4778,#4779);
#4146=AXIS2_PLACEMENT_3D('',#6118,#4787,#4788);
#4147=AXIS2_PLACEMENT_3D('',#6120,#4790,#4791);
#4148=AXIS2_PLACEMENT_3D('',#6146,#4794,#4795);
#4149=AXIS2_PLACEMENT_3D('',#6171,#4797,#4798);
#4150=AXIS2_PLACEMENT_3D('',#6178,#4799,#4800);
#4151=AXIS2_PLACEMENT_3D('',#6189,#4803,#4804);
#4152=AXIS2_PLACEMENT_3D('',#6193,#4807,#4808);
#4153=AXIS2_PLACEMENT_3D('',#6195,#4810,#4811);
#4154=AXIS2_PLACEMENT_3D('',#6308,#4815,#4816);
#4155=AXIS2_PLACEMENT_3D('',#6312,#4819,#4820);
#4156=AXIS2_PLACEMENT_3D('',#6314,#4822,#4823);
#4157=AXIS2_PLACEMENT_3D('',#6377,#4825,#4826);
#4158=AXIS2_PLACEMENT_3D('',#6428,#4830,#4831);
#4159=AXIS2_PLACEMENT_3D('',#6432,#4834,#4835);
#4160=AXIS2_PLACEMENT_3D('',#6436,#4838,#4839);
#4161=AXIS2_PLACEMENT_3D('',#6487,#4843,#4844);
#4162=AXIS2_PLACEMENT_3D('',#6553,#4848,#4849);
#4163=AXIS2_PLACEMENT_3D('',#6604,#4853,#4854);
#4164=AXIS2_PLACEMENT_3D('',#6608,#4857,#4858);
#4165=AXIS2_PLACEMENT_3D('',#6719,#4862,#4863);
#4166=AXIS2_PLACEMENT_3D('',#6721,#4865,#4866);
#4167=AXIS2_PLACEMENT_3D('',#6722,#4867,#4868);
#4168=AXIS2_PLACEMENT_3D('',#6731,#4873,#4874);
#4169=AXIS2_PLACEMENT_3D('',#6737,#4878,#4879);
#4170=AXIS2_PLACEMENT_3D('',#6743,#4883,#4884);
#4171=AXIS2_PLACEMENT_3D('',#6749,#4888,#4889);
#4172=AXIS2_PLACEMENT_3D('',#6755,#4893,#4894);
#4173=AXIS2_PLACEMENT_3D('',#6761,#4898,#4899);
#4174=AXIS2_PLACEMENT_3D('',#6767,#4903,#4904);
#4175=AXIS2_PLACEMENT_3D('',#6773,#4908,#4909);
#4176=AXIS2_PLACEMENT_3D('',#6779,#4913,#4914);
#4177=AXIS2_PLACEMENT_3D('',#6785,#4918,#4919);
#4178=AXIS2_PLACEMENT_3D('',#6791,#4923,#4924);
#4179=AXIS2_PLACEMENT_3D('',#6797,#4928,#4929);
#4180=AXIS2_PLACEMENT_3D('',#6803,#4933,#4934);
#4181=AXIS2_PLACEMENT_3D('',#6809,#4938,#4939);
#4182=AXIS2_PLACEMENT_3D('',#6815,#4943,#4944);
#4183=AXIS2_PLACEMENT_3D('',#6821,#4948,#4949);
#4184=AXIS2_PLACEMENT_3D('',#6827,#4953,#4954);
#4185=AXIS2_PLACEMENT_3D('',#6833,#4958,#4959);
#4186=AXIS2_PLACEMENT_3D('',#6839,#4963,#4964);
#4187=AXIS2_PLACEMENT_3D('',#6845,#4968,#4969);
#4188=AXIS2_PLACEMENT_3D('',#6851,#4973,#4974);
#4189=AXIS2_PLACEMENT_3D('',#6857,#4978,#4979);
#4190=AXIS2_PLACEMENT_3D('',#6863,#4983,#4984);
#4191=AXIS2_PLACEMENT_3D('',#6869,#4988,#4989);
#4192=AXIS2_PLACEMENT_3D('',#6875,#4993,#4994);
#4193=AXIS2_PLACEMENT_3D('',#6881,#4998,#4999);
#4194=AXIS2_PLACEMENT_3D('',#6887,#5003,#5004);
#4195=AXIS2_PLACEMENT_3D('',#6893,#5008,#5009);
#4196=AXIS2_PLACEMENT_3D('',#6899,#5013,#5014);
#4197=AXIS2_PLACEMENT_3D('',#6905,#5018,#5019);
#4198=AXIS2_PLACEMENT_3D('',#6911,#5023,#5024);
#4199=AXIS2_PLACEMENT_3D('',#6917,#5028,#5029);
#4200=AXIS2_PLACEMENT_3D('',#6923,#5033,#5034);
#4201=AXIS2_PLACEMENT_3D('',#6929,#5038,#5039);
#4202=AXIS2_PLACEMENT_3D('',#6935,#5043,#5044);
#4203=AXIS2_PLACEMENT_3D('',#6941,#5048,#5049);
#4204=AXIS2_PLACEMENT_3D('',#6947,#5053,#5054);
#4205=AXIS2_PLACEMENT_3D('',#6953,#5058,#5059);
#4206=AXIS2_PLACEMENT_3D('',#6959,#5063,#5064);
#4207=AXIS2_PLACEMENT_3D('',#6965,#5068,#5069);
#4208=AXIS2_PLACEMENT_3D('',#6971,#5073,#5074);
#4209=AXIS2_PLACEMENT_3D('',#6977,#5078,#5079);
#4210=AXIS2_PLACEMENT_3D('',#6983,#5083,#5084);
#4211=AXIS2_PLACEMENT_3D('',#6989,#5088,#5089);
#4212=AXIS2_PLACEMENT_3D('',#6995,#5093,#5094);
#4213=AXIS2_PLACEMENT_3D('',#7001,#5098,#5099);
#4214=AXIS2_PLACEMENT_3D('',#7007,#5103,#5104);
#4215=AXIS2_PLACEMENT_3D('',#7013,#5108,#5109);
#4216=AXIS2_PLACEMENT_3D('',#7019,#5113,#5114);
#4217=AXIS2_PLACEMENT_3D('',#7025,#5118,#5119);
#4218=AXIS2_PLACEMENT_3D('',#7031,#5123,#5124);
#4219=AXIS2_PLACEMENT_3D('',#7037,#5128,#5129);
#4220=AXIS2_PLACEMENT_3D('',#7043,#5133,#5134);
#4221=AXIS2_PLACEMENT_3D('',#7049,#5138,#5139);
#4222=AXIS2_PLACEMENT_3D('',#7055,#5143,#5144);
#4223=AXIS2_PLACEMENT_3D('',#7061,#5148,#5149);
#4224=AXIS2_PLACEMENT_3D('',#7064,#5152,#5153);
#4225=AXIS2_PLACEMENT_3D('',#7065,#5154,#5155);
#4226=AXIS2_PLACEMENT_3D('',#7066,#5156,#5157);
#4227=DIRECTION('axis',(0.,0.,1.));
#4228=DIRECTION('refdir',(1.,0.,0.));
#4229=DIRECTION('axis',(0.,0.,1.));
#4230=DIRECTION('refdir',(1.,0.,0.));
#4231=DIRECTION('center_axis',(0.,0.,-1.));
#4232=DIRECTION('ref_axis',(-1.,0.,0.));
#4233=DIRECTION('',(-0.696424715908006,0.717629859379091,1.07505216733911E-18));
#4234=DIRECTION('',(-0.749612725624375,-0.661876696660334,-1.28216767554033E-18));
#4235=DIRECTION('',(-0.716124848274406,-0.697972206956666,-1.33656266809532E-18));
#4236=DIRECTION('',(0.697972206956632,-0.71612484827444,0.));
#4237=DIRECTION('',(0.716124848274428,0.697972206956644,1.33656266809529E-18));
#4238=DIRECTION('',(0.732236151376655,0.681050819408585,1.3111486797558E-18));
#4239=DIRECTION('',(0.696307062344791,-0.717744017689293,-1.07527088153702E-18));
#4240=DIRECTION('',(0.659789099960875,0.751450825784907,1.41575028995308E-18));
#4241=DIRECTION('',(-0.69642332451151,0.717631209658788,1.07505475427268E-18));
#4242=DIRECTION('',(0.732240403287157,0.681046247911155,1.31114179285629E-18));
#4243=DIRECTION('',(0.696298007508288,-0.717752801972928,-1.07528771154848E-18));
#4244=DIRECTION('',(0.659771112855955,0.751466618447429,1.41577339265941E-18));
#4245=DIRECTION('',(-0.6966931625587,0.717369247489713,1.07455289510266E-18));
#4246=DIRECTION('',(0.73223827358717,0.681048537693225,1.31114524238363E-18));
#4247=DIRECTION('',(0.696248408779204,-0.717800914789349,-1.07537989284892E-18));
#4248=DIRECTION('',(0.65974977939912,0.75148534821566,1.41580079175202E-18));
#4249=DIRECTION('',(-0.696709257740703,0.717353615853714,1.07452294982915E-18));
#4250=DIRECTION('',(0.743107006592743,0.669172606098585,1.29321735951557E-18));
#4251=DIRECTION('',(0.743125361099273,-0.669152223108521,-9.82855544627238E-19));
#4252=DIRECTION('',(-0.696767018631261,-0.717297512715403,-1.36538709929933E-18));
#4253=DIRECTION('',(0.659770643755086,-0.751467030307385,-1.14025214837292E-18));
#4254=DIRECTION('',(0.696246923597068,0.717802355374806,1.3661370840862E-18));
#4255=DIRECTION('',(0.73223920969838,-0.681047531219585,-1.00535882762935E-18));
#4256=DIRECTION('',(-0.69669340013419,-0.717369016761569,-1.36549333394055E-18));
#4257=DIRECTION('',(0.659771072106798,-0.751466654224288,-1.14025141933149E-18));
#4258=DIRECTION('',(0.696298333552675,0.717752485674392,1.36606300560713E-18));
#4259=DIRECTION('',(0.732239233152955,-0.68104750600202,-1.00535877984472E-18));
#4260=DIRECTION('',(-0.69642296114084,-0.717631562290723,-1.3658833747139E-18));
#4261=DIRECTION('',(0.65978946669797,-0.751450503782125,-1.14022011160964E-18));
#4262=DIRECTION('',(0.696307010349237,0.717744068131885,1.36605050169577E-18));
#4263=DIRECTION('',(0.732235697536621,-0.681051307357278,-1.00536598301572E-18));
#4264=DIRECTION('',(0.697972176188624,0.716124878262525,0.));
#4265=DIRECTION('',(-0.749487123510728,0.662018920946838,9.69395659371986E-19));
#4266=DIRECTION('',(-0.980553559740714,-0.196251666183533,-5.38504196465309E-19));
#4267=DIRECTION('',(-0.696425203560122,-0.717629386136217,-1.36588014196784E-18));
#4268=DIRECTION('',(-0.678788653895057,0.734333686646157,1.10714264432818E-18));
#4269=DIRECTION('',(0.696482331466132,0.717573941803561,1.36579777667804E-18));
#4270=DIRECTION('',(-0.749405676980907,0.662111117040628,9.69569462557114E-19));
#4271=DIRECTION('',(-0.696454079720904,-0.717601362066787,-1.36583851106848E-18));
#4272=DIRECTION('',(-0.678788757512947,0.734333590865915,1.10714245980006E-18));
#4273=DIRECTION('',(0.696492466127014,0.717564104891201,1.36578316326128E-18));
#4274=DIRECTION('',(-0.749386871538287,0.662132401235628,9.69609586991519E-19));
#4275=DIRECTION('',(-0.696400422527429,-0.717653434119574,-1.36591586584195E-18));
#4276=DIRECTION('',(-0.678788793053279,0.734333558013845,1.10714239650798E-18));
#4277=DIRECTION('',(0.696500613801084,0.717556196387929,1.36577141458684E-18));
#4278=DIRECTION('',(-0.74937576348689,0.662144972871078,9.69633286831204E-19));
#4279=DIRECTION('',(-0.749375670365029,-0.662145078260772,-1.28257461223127E-18));
#4280=DIRECTION('',(0.69644631726745,-0.717608895683858,-1.07501200418483E-18));
#4281=DIRECTION('',(-0.6787887030508,-0.734333641208554,-1.39060639200355E-18));
#4282=DIRECTION('',(-0.6963996727005,0.717654161739927,1.07509872719341E-18));
#4283=DIRECTION('',(-0.749387253117422,-0.662131969372515,-1.28255473655846E-18));
#4284=DIRECTION('',(0.696492466127014,-0.717564104891201,-1.07492619295669E-18));
#4285=DIRECTION('',(-0.678788127496015,-0.734334173228002,-1.39060717662759E-18));
#4286=DIRECTION('',(-0.696418453354641,0.71763593682809,1.07506381082962E-18));
#4287=DIRECTION('',(-0.749422147148738,-0.662092474933053,-1.282494854645E-18));
#4288=DIRECTION('',(0.696481578831262,-0.71757467231551,-1.07494643815885E-18));
#4289=DIRECTION('',(-0.678788203882736,-0.734334102619271,-1.39060707249361E-18));
#4290=DIRECTION('center_axis',(0.71612484827444,0.697972206956632,0.));
#4291=DIRECTION('ref_axis',(-0.697972206956632,0.71612484827444,0.));
#4292=DIRECTION('',(0.,0.,-1.));
#4293=DIRECTION('',(0.,0.,1.));
#4294=DIRECTION('',(-0.697972206956632,0.71612484827444,0.));
#4295=DIRECTION('',(0.,0.,1.));
#4296=DIRECTION('',(0.697972206956632,-0.716124848274439,0.));
#4297=DIRECTION('',(0.,0.,1.));
#4298=DIRECTION('',(-0.697972206956632,0.71612484827444,0.));
#4299=DIRECTION('center_axis',(0.717297512715403,-0.696767018631261,0.));
#4300=DIRECTION('ref_axis',(-0.696767018631261,-0.717297512715403,-1.36538709929933E-18));
#4301=DIRECTION('',(0.,0.,-1.));
#4302=DIRECTION('',(0.,0.,-1.));
#4303=DIRECTION('',(-0.696767018631261,-0.717297512715403,-1.36538709929933E-18));
#4304=DIRECTION('center_axis',(-0.717353615853714,-0.696709257740703,0.));
#4305=DIRECTION('ref_axis',(-0.696709257740703,0.717353615853714,1.07452294982915E-18));
#4306=DIRECTION('',(-0.696709257740703,0.717353615853714,1.07452294982915E-18));
#4307=DIRECTION('',(0.,0.,-1.));
#4308=DIRECTION('',(0.,0.,-1.));
#4309=DIRECTION('center_axis',(-0.75148534821566,0.65974977939912,0.));
#4310=DIRECTION('ref_axis',(0.65974977939912,0.75148534821566,1.41580079175202E-18));
#4311=DIRECTION('',(0.,0.,-1.));
#4312=DIRECTION('',(0.65974977939912,0.75148534821566,1.41580079175202E-18));
#4313=DIRECTION('center_axis',(-0.717744068131885,0.696307010349237,0.));
#4314=DIRECTION('ref_axis',(0.696307010349237,0.717744068131885,1.36605050169577E-18));
#4315=DIRECTION('',(0.696305953903494,0.717742979161568,-0.00174195947767114));
#4316=DIRECTION('',(0.,0.,-1.));
#4317=DIRECTION('',(0.,0.,-1.));
#4318=DIRECTION('center_axis',(0.751450503782125,0.65978946669797,0.));
#4319=DIRECTION('ref_axis',(0.65978946669797,-0.751450503782125,-1.14022011160964E-18));
#4320=DIRECTION('',(0.528404892790572,-0.601813370673559,0.598839658133556));
#4321=DIRECTION('',(0.,0.,-1.));
#4322=DIRECTION('',(0.65978946669797,-0.751450503782125,-1.14022011160964E-18));
#4323=DIRECTION('center_axis',(-0.697972206956644,0.716124848274428,0.));
#4324=DIRECTION('ref_axis',(0.716124848274428,0.697972206956644,1.33656266809529E-18));
#4325=DIRECTION('',(0.572899878619541,0.558377765565314,-0.600000000000003));
#4326=DIRECTION('',(0.,0.,-1.));
#4327=DIRECTION('center_axis',(0.697972206956666,-0.716124848274406,0.));
#4328=DIRECTION('ref_axis',(-0.716124848274406,-0.697972206956666,-1.33656266809532E-18));
#4329=DIRECTION('',(-0.572899878619523,-0.558377765565332,0.600000000000003));
#4330=DIRECTION('',(0.,0.,-1.));
#4331=DIRECTION('center_axis',(0.661876696660334,-0.749612725624375,0.));
#4332=DIRECTION('ref_axis',(-0.749612725624375,-0.661876696660334,-1.28216767554033E-18));
#4333=DIRECTION('',(-0.599951884876024,-0.529732431351312,0.599534225051692));
#4334=DIRECTION('',(0.,0.,-1.));
#4335=DIRECTION('',(-0.749612725624375,-0.661876696660334,-1.28216767554033E-18));
#4336=DIRECTION('center_axis',(-0.662144972871078,-0.74937576348689,0.));
#4337=DIRECTION('ref_axis',(-0.74937576348689,0.662144972871078,9.69633286831204E-19));
#4338=DIRECTION('',(-0.678869792096972,0.599846221312852,0.423462296025169));
#4339=DIRECTION('',(0.,0.,-1.));
#4340=DIRECTION('',(0.,0.,-1.));
#4341=DIRECTION('',(-0.74937576348689,0.662144972871078,9.69633286831204E-19));
#4342=DIRECTION('',(-0.743632770422538,0.657070490652572,0.123566472262052));
#4343=DIRECTION('center_axis',(-0.681050819408585,0.732236151376655,0.));
#4344=DIRECTION('ref_axis',(0.732236151376655,0.681050819408585,1.3111486797558E-18));
#4345=DIRECTION('',(0.585846483304759,0.544894193973095,-0.599895170320497));
#4346=DIRECTION('',(0.,0.,-1.));
#4347=DIRECTION('center_axis',(0.717744017689293,0.696307062344791,0.));
#4348=DIRECTION('ref_axis',(0.696307062344791,-0.717744017689293,-1.07527088153702E-18));
#4349=DIRECTION('',(0.696306005925785,-0.717742928746695,0.00174193736899717));
#4350=DIRECTION('',(0.,0.,-1.));
#4351=DIRECTION('center_axis',(-0.751450825784907,0.659789099960875,0.));
#4352=DIRECTION('ref_axis',(0.659789099960875,0.751450825784907,1.41575028995308E-18));
#4353=DIRECTION('',(0.528404605648124,0.60181363603366,-0.598839644824719));
#4354=DIRECTION('',(0.659789099960875,0.751450825784907,1.41575028995308E-18));
#4355=DIRECTION('',(0.,0.,-1.));
#4356=DIRECTION('center_axis',(-0.717631209658788,-0.69642332451151,0.));
#4357=DIRECTION('ref_axis',(-0.69642332451151,0.717631209658788,1.07505475427268E-18));
#4358=DIRECTION('',(-0.69642332451151,0.717631209658788,1.07505475427268E-18));
#4359=DIRECTION('',(0.,0.,-1.));
#4360=DIRECTION('center_axis',(-0.681046247911155,0.732240403287157,0.));
#4361=DIRECTION('ref_axis',(0.732240403287157,0.681046247911155,1.31114179285629E-18));
#4362=DIRECTION('',(0.732240403287157,0.681046247911155,1.31114179285629E-18));
#4363=DIRECTION('',(0.,0.,-1.));
#4364=DIRECTION('center_axis',(0.717752801972928,0.696298007508288,0.));
#4365=DIRECTION('ref_axis',(0.696298007508288,-0.717752801972928,-1.07528771154848E-18));
#4366=DIRECTION('',(0.696298007508288,-0.717752801972928,-1.07528771154848E-18));
#4367=DIRECTION('',(0.,0.,-1.));
#4368=DIRECTION('center_axis',(-0.751466618447429,0.659771112855955,0.));
#4369=DIRECTION('ref_axis',(0.659771112855955,0.751466618447429,1.41577339265941E-18));
#4370=DIRECTION('',(0.659771112855955,0.751466618447429,1.41577339265941E-18));
#4371=DIRECTION('',(0.,0.,-1.));
#4372=DIRECTION('center_axis',(-0.717369247489713,-0.6966931625587,0.));
#4373=DIRECTION('ref_axis',(-0.6966931625587,0.717369247489713,1.07455289510266E-18));
#4374=DIRECTION('',(-0.6966931625587,0.717369247489713,1.07455289510266E-18));
#4375=DIRECTION('',(0.,0.,-1.));
#4376=DIRECTION('center_axis',(-0.681048537693225,0.73223827358717,0.));
#4377=DIRECTION('ref_axis',(0.73223827358717,0.681048537693225,1.31114524238363E-18));
#4378=DIRECTION('',(0.73223827358717,0.681048537693225,1.31114524238363E-18));
#4379=DIRECTION('',(0.,0.,-1.));
#4380=DIRECTION('center_axis',(0.71780091478935,0.696248408779204,0.));
#4381=DIRECTION('ref_axis',(0.696248408779204,-0.717800914789349,-1.07537989284892E-18));
#4382=DIRECTION('',(0.696248408779204,-0.717800914789349,-1.07537989284892E-18));
#4383=DIRECTION('center_axis',(-0.669172606098586,0.743107006592743,0.));
#4384=DIRECTION('ref_axis',(0.743107006592743,0.669172606098585,1.29321735951557E-18));
#4385=DIRECTION('',(0.743107006592743,0.669172606098585,1.29321735951557E-18));
#4386=DIRECTION('',(0.,0.,-1.));
#4387=DIRECTION('center_axis',(0.669152223108521,0.743125361099273,0.));
#4388=DIRECTION('ref_axis',(0.743125361099273,-0.669152223108521,-9.82855544627238E-19));
#4389=DIRECTION('',(0.743125361099273,-0.669152223108521,-9.82855544627238E-19));
#4390=DIRECTION('center_axis',(0.751467030307385,0.659770643755086,0.));
#4391=DIRECTION('ref_axis',(0.659770643755086,-0.751467030307385,-1.14025214837292E-18));
#4392=DIRECTION('',(0.659770643755086,-0.751467030307385,-1.14025214837292E-18));
#4393=DIRECTION('',(0.,0.,-1.));
#4394=DIRECTION('center_axis',(-0.717802355374806,0.696246923597068,0.));
#4395=DIRECTION('ref_axis',(0.696246923597068,0.717802355374806,1.3661370840862E-18));
#4396=DIRECTION('',(0.696246923597068,0.717802355374806,1.3661370840862E-18));
#4397=DIRECTION('',(0.,0.,-1.));
#4398=DIRECTION('center_axis',(0.681047531219585,0.73223920969838,0.));
#4399=DIRECTION('ref_axis',(0.73223920969838,-0.681047531219585,-1.00535882762935E-18));
#4400=DIRECTION('',(0.73223920969838,-0.681047531219585,-1.00535882762935E-18));
#4401=DIRECTION('',(0.,0.,-1.));
#4402=DIRECTION('center_axis',(0.717369016761569,-0.696693400134191,0.));
#4403=DIRECTION('ref_axis',(-0.69669340013419,-0.717369016761569,-1.36549333394055E-18));
#4404=DIRECTION('',(-0.69669340013419,-0.717369016761569,-1.36549333394055E-18));
#4405=DIRECTION('',(0.,0.,-1.));
#4406=DIRECTION('center_axis',(0.751466654224288,0.659771072106798,0.));
#4407=DIRECTION('ref_axis',(0.659771072106798,-0.751466654224288,-1.14025141933149E-18));
#4408=DIRECTION('',(0.659771072106798,-0.751466654224288,-1.14025141933149E-18));
#4409=DIRECTION('',(0.,0.,-1.));
#4410=DIRECTION('center_axis',(-0.717752485674392,0.696298333552675,0.));
#4411=DIRECTION('ref_axis',(0.696298333552675,0.717752485674392,1.36606300560713E-18));
#4412=DIRECTION('',(0.696298333552675,0.717752485674392,1.36606300560713E-18));
#4413=DIRECTION('',(0.,0.,-1.));
#4414=DIRECTION('center_axis',(0.68104750600202,0.732239233152956,0.));
#4415=DIRECTION('ref_axis',(0.732239233152955,-0.68104750600202,-1.00535877984472E-18));
#4416=DIRECTION('',(0.732239233152955,-0.68104750600202,-1.00535877984472E-18));
#4417=DIRECTION('',(0.,0.,-1.));
#4418=DIRECTION('center_axis',(0.717631562290723,-0.69642296114084,0.));
#4419=DIRECTION('ref_axis',(-0.69642296114084,-0.717631562290723,-1.3658833747139E-18));
#4420=DIRECTION('',(-0.69642296114084,-0.717631562290723,-1.3658833747139E-18));
#4421=DIRECTION('center_axis',(0.681051307357278,0.732235697536621,0.));
#4422=DIRECTION('ref_axis',(0.732235697536621,-0.681051307357278,-1.00536598301572E-18));
#4423=DIRECTION('',(0.585846116702158,-0.54489458111981,0.599895176686118));
#4424=DIRECTION('',(0.,0.,1.));
#4425=DIRECTION('center_axis',(-0.662018920946838,-0.749487123510728,0.));
#4426=DIRECTION('ref_axis',(-0.749487123510728,0.662018920946838,9.69395659371986E-19));
#4427=DIRECTION('',(-0.599849346554849,0.529844482553305,-0.599537810105035));
#4428=DIRECTION('',(-0.749487123510728,0.662018920946838,9.69395659371986E-19));
#4429=DIRECTION('',(0.,0.,-1.));
#4430=DIRECTION('',(0.,0.,-1.));
#4431=DIRECTION('center_axis',(0.196251666183533,-0.980553559740714,0.));
#4432=DIRECTION('ref_axis',(-0.980553559740714,-0.196251666183533,-5.38504196465309E-19));
#4433=DIRECTION('',(-0.980553559740714,-0.196251666183533,-5.38504196465309E-19));
#4434=DIRECTION('',(0.,0.,-1.));
#4435=DIRECTION('center_axis',(0.717629386136217,-0.696425203560122,0.));
#4436=DIRECTION('ref_axis',(-0.696425203560122,-0.717629386136217,-1.36588014196784E-18));
#4437=DIRECTION('',(-0.696425203560122,-0.717629386136217,-1.36588014196784E-18));
#4438=DIRECTION('',(0.,0.,-1.));
#4439=DIRECTION('center_axis',(-0.734333686646157,-0.678788653895057,0.));
#4440=DIRECTION('ref_axis',(-0.678788653895057,0.734333686646157,1.10714264432818E-18));
#4441=DIRECTION('',(-0.678788653895057,0.734333686646157,1.10714264432818E-18));
#4442=DIRECTION('',(0.,0.,-1.));
#4443=DIRECTION('center_axis',(-0.717573941803561,0.696482331466132,0.));
#4444=DIRECTION('ref_axis',(0.696482331466132,0.717573941803561,1.36579777667804E-18));
#4445=DIRECTION('',(0.696482331466132,0.717573941803561,1.36579777667804E-18));
#4446=DIRECTION('',(0.,0.,-1.));
#4447=DIRECTION('center_axis',(-0.662111117040629,-0.749405676980907,0.));
#4448=DIRECTION('ref_axis',(-0.749405676980907,0.662111117040628,9.69569462557114E-19));
#4449=DIRECTION('',(-0.749405676980907,0.662111117040628,9.69569462557114E-19));
#4450=DIRECTION('',(0.,0.,-1.));
#4451=DIRECTION('center_axis',(0.717601362066787,-0.696454079720904,0.));
#4452=DIRECTION('ref_axis',(-0.696454079720904,-0.717601362066787,-1.36583851106848E-18));
#4453=DIRECTION('',(-0.696454079720904,-0.717601362066787,-1.36583851106848E-18));
#4454=DIRECTION('',(0.,0.,-1.));
#4455=DIRECTION('center_axis',(-0.734333590865915,-0.678788757512947,0.));
#4456=DIRECTION('ref_axis',(-0.678788757512947,0.734333590865915,1.10714245980006E-18));
#4457=DIRECTION('',(-0.678788757512947,0.734333590865915,1.10714245980006E-18));
#4458=DIRECTION('',(0.,0.,-1.));
#4459=DIRECTION('center_axis',(-0.717564104891201,0.696492466127014,0.));
#4460=DIRECTION('ref_axis',(0.696492466127014,0.717564104891201,1.36578316326128E-18));
#4461=DIRECTION('',(0.696492466127014,0.717564104891201,1.36578316326128E-18));
#4462=DIRECTION('',(0.,0.,-1.));
#4463=DIRECTION('center_axis',(-0.662132401235628,-0.749386871538287,0.));
#4464=DIRECTION('ref_axis',(-0.749386871538287,0.662132401235628,9.69609586991519E-19));
#4465=DIRECTION('',(-0.749386871538287,0.662132401235628,9.69609586991519E-19));
#4466=DIRECTION('',(0.,0.,-1.));
#4467=DIRECTION('center_axis',(0.717653434119574,-0.696400422527429,0.));
#4468=DIRECTION('ref_axis',(-0.696400422527429,-0.717653434119574,-1.36591586584195E-18));
#4469=DIRECTION('',(-0.696400422527429,-0.717653434119574,-1.36591586584195E-18));
#4470=DIRECTION('',(0.,0.,-1.));
#4471=DIRECTION('center_axis',(-0.734333558013845,-0.678788793053279,0.));
#4472=DIRECTION('ref_axis',(-0.678788793053279,0.734333558013845,1.10714239650798E-18));
#4473=DIRECTION('',(-0.678788793053279,0.734333558013845,1.10714239650798E-18));
#4474=DIRECTION('',(0.,0.,-1.));
#4475=DIRECTION('center_axis',(-0.717556196387929,0.696500613801084,0.));
#4476=DIRECTION('ref_axis',(0.696500613801084,0.717556196387929,1.36577141458684E-18));
#4477=DIRECTION('',(0.696500613801084,0.717556196387929,1.36577141458684E-18));
#4478=DIRECTION('center_axis',(0.662145078260772,-0.749375670365029,0.));
#4479=DIRECTION('ref_axis',(-0.749375670365029,-0.662145078260772,-1.28257461223127E-18));
#4480=DIRECTION('',(-0.678869688360739,-0.599846299666396,-0.423462351338965));
#4481=DIRECTION('',(-0.743632668529972,-0.657070586854248,-0.12356657390252));
#4482=DIRECTION('',(-0.749375670365029,-0.662145078260772,-1.28257461223127E-18));
#4483=DIRECTION('',(0.,0.,-1.));
#4484=DIRECTION('center_axis',(0.717608895683858,0.69644631726745,0.));
#4485=DIRECTION('ref_axis',(0.69644631726745,-0.717608895683858,-1.07501200418483E-18));
#4486=DIRECTION('',(0.69644631726745,-0.717608895683858,-1.07501200418483E-18));
#4487=DIRECTION('',(0.,0.,-1.));
#4488=DIRECTION('center_axis',(0.734333641208554,-0.6787887030508,0.));
#4489=DIRECTION('ref_axis',(-0.6787887030508,-0.734333641208554,-1.39060639200355E-18));
#4490=DIRECTION('',(-0.6787887030508,-0.734333641208554,-1.39060639200355E-18));
#4491=DIRECTION('',(0.,0.,-1.));
#4492=DIRECTION('center_axis',(-0.717654161739927,-0.6963996727005,0.));
#4493=DIRECTION('ref_axis',(-0.6963996727005,0.717654161739927,1.07509872719341E-18));
#4494=DIRECTION('',(-0.6963996727005,0.717654161739927,1.07509872719341E-18));
#4495=DIRECTION('',(0.,0.,-1.));
#4496=DIRECTION('center_axis',(0.662131969372515,-0.749387253117422,0.));
#4497=DIRECTION('ref_axis',(-0.749387253117422,-0.662131969372515,-1.28255473655846E-18));
#4498=DIRECTION('',(-0.749387253117422,-0.662131969372515,-1.28255473655846E-18));
#4499=DIRECTION('',(0.,0.,-1.));
#4500=DIRECTION('center_axis',(0.717564104891201,0.696492466127014,0.));
#4501=DIRECTION('ref_axis',(0.696492466127014,-0.717564104891201,-1.07492619295669E-18));
#4502=DIRECTION('',(0.696492466127014,-0.717564104891201,-1.07492619295669E-18));
#4503=DIRECTION('',(0.,0.,-1.));
#4504=DIRECTION('center_axis',(0.734334173228002,-0.678788127496015,0.));
#4505=DIRECTION('ref_axis',(-0.678788127496015,-0.734334173228002,-1.39060717662759E-18));
#4506=DIRECTION('',(-0.678788127496015,-0.734334173228002,-1.39060717662759E-18));
#4507=DIRECTION('',(0.,0.,-1.));
#4508=DIRECTION('center_axis',(-0.71763593682809,-0.696418453354641,0.));
#4509=DIRECTION('ref_axis',(-0.696418453354641,0.71763593682809,1.07506381082962E-18));
#4510=DIRECTION('',(-0.696418453354641,0.71763593682809,1.07506381082962E-18));
#4511=DIRECTION('',(0.,0.,-1.));
#4512=DIRECTION('center_axis',(0.662092474933053,-0.749422147148738,0.));
#4513=DIRECTION('ref_axis',(-0.749422147148738,-0.662092474933053,-1.282494854645E-18));
#4514=DIRECTION('',(-0.749422147148738,-0.662092474933053,-1.282494854645E-18));
#4515=DIRECTION('',(0.,0.,-1.));
#4516=DIRECTION('center_axis',(0.71757467231551,0.696481578831262,0.));
#4517=DIRECTION('ref_axis',(0.696481578831262,-0.71757467231551,-1.07494643815885E-18));
#4518=DIRECTION('',(0.696481578831262,-0.71757467231551,-1.07494643815885E-18));
#4519=DIRECTION('',(0.,0.,-1.));
#4520=DIRECTION('center_axis',(0.734334102619271,-0.678788203882736,0.));
#4521=DIRECTION('ref_axis',(-0.678788203882736,-0.734334102619271,-1.39060707249361E-18));
#4522=DIRECTION('',(-0.678788203882736,-0.734334102619271,-1.39060707249361E-18));
#4523=DIRECTION('',(0.,0.,-1.));
#4524=DIRECTION('center_axis',(-0.717629859379091,-0.696424715908006,0.));
#4525=DIRECTION('ref_axis',(-0.696424715908006,0.717629859379091,1.07505216733911E-18));
#4526=DIRECTION('',(-0.696424715908006,0.717629859379091,1.07505216733911E-18));
#4527=DIRECTION('center_axis',(-0.516358768780589,-0.856372361711536,0.));
#4528=DIRECTION('ref_axis',(-0.856372361711536,0.516358768780589,6.99355007893321E-19));
#4529=DIRECTION('',(-0.856372361711536,0.516358768780589,6.99355007893321E-19));
#4530=DIRECTION('',(0.,0.,-1.));
#4531=DIRECTION('center_axis',(0.,-1.,0.));
#4532=DIRECTION('ref_axis',(-1.,0.,-2.08801232209995E-19));
#4533=DIRECTION('',(-1.,0.,-2.08801232209995E-19));
#4534=DIRECTION('',(0.,0.,-1.));
#4535=DIRECTION('center_axis',(-0.516358768780585,-0.856372361711538,0.));
#4536=DIRECTION('ref_axis',(-0.856372361711538,0.516358768780585,6.99355007893313E-19));
#4537=DIRECTION('',(-0.856372361711538,0.516358768780585,6.99355007893313E-19));
#4538=DIRECTION('',(0.,0.,-1.));
#4539=DIRECTION('',(-0.856372361711538,0.516358768780585,6.99355007893313E-19));
#4540=DIRECTION('center_axis',(0.,0.,-1.));
#4541=DIRECTION('ref_axis',(0.334379035419509,-0.942438677406609,0.));
#4542=DIRECTION('center_axis',(2.08801232209995E-19,1.70069080907276E-18,
-1.));
#4543=DIRECTION('ref_axis',(1.,0.,0.));
#4544=DIRECTION('',(0.,0.,-1.));
#4545=DIRECTION('center_axis',(2.08801232209995E-19,1.70069080907276E-18,
-1.));
#4546=DIRECTION('ref_axis',(1.,0.,0.));
#4547=DIRECTION('',(0.,0.,-1.));
#4548=DIRECTION('center_axis',(0.,0.,-1.));
#4549=DIRECTION('ref_axis',(0.986702122415409,0.162538984926473,0.));
#4550=DIRECTION('center_axis',(2.08801232209995E-19,1.70069080907276E-18,
-1.));
#4551=DIRECTION('ref_axis',(0.986702122415409,0.162538984926473,0.));
#4552=DIRECTION('',(0.,0.,-1.));
#4553=DIRECTION('center_axis',(2.08801232209995E-19,1.70069080907276E-18,
-1.));
#4554=DIRECTION('ref_axis',(0.986702122415409,0.162538984926473,0.));
#4555=DIRECTION('center_axis',(0.986854237069787,0.161612854616857,0.));
#4556=DIRECTION('ref_axis',(0.161612854616857,-0.986854237069787,-1.64458896769412E-18));
#4557=DIRECTION('',(0.161612854616857,-0.986854237069787,-1.64458896769412E-18));
#4558=DIRECTION('',(0.,0.,-1.));
#4559=DIRECTION('',(0.161612854616857,-0.986854237069787,-1.64458896769412E-18));
#4560=DIRECTION('center_axis',(0.990750438586013,0.135696604385012,0.));
#4561=DIRECTION('ref_axis',(0.135696604385012,-0.990750438586013,-1.65662654678573E-18));
#4562=DIRECTION('',(0.135696604385012,-0.990750438586013,-1.65662654678573E-18));
#4563=DIRECTION('',(0.,0.,-1.));
#4564=DIRECTION('',(0.135696604385012,-0.990750438586013,-1.65662654678573E-18));
#4565=DIRECTION('center_axis',(0.993647872838359,0.112534016207569,0.));
#4566=DIRECTION('ref_axis',(0.112534016207569,-0.993647872838359,-1.66639056354121E-18));
#4567=DIRECTION('',(0.112534016207569,-0.993647872838359,-1.66639056354121E-18));
#4568=DIRECTION('',(0.,0.,-1.));
#4569=DIRECTION('',(0.112534016207569,-0.993647872838359,-1.66639056354121E-18));
#4570=DIRECTION('center_axis',(0.995782820667822,0.0917418882672295,0.));
#4571=DIRECTION('ref_axis',(0.0917418882672295,-0.995782820667822,-1.67436287162684E-18));
#4572=DIRECTION('',(0.0917418882672295,-0.995782820667822,-1.67436287162684E-18));
#4573=DIRECTION('',(0.,0.,-1.));
#4574=DIRECTION('',(0.0917418882672295,-0.995782820667822,-1.67436287162684E-18));
#4575=DIRECTION('center_axis',(0.99733215680144,0.0729970479525579,0.));
#4576=DIRECTION('ref_axis',(0.0729970479525579,-0.99733215680144,-1.68091175910473E-18));
#4577=DIRECTION('',(0.0729970479525579,-0.99733215680144,-1.68091175910473E-18));
#4578=DIRECTION('',(0.,0.,-1.));
#4579=DIRECTION('',(0.0729970479525579,-0.99733215680144,-1.68091175910473E-18));
#4580=DIRECTION('center_axis',(0.998429088733318,0.0560299453074585,0.));
#4581=DIRECTION('ref_axis',(0.0560299453074585,-0.998429088733318,-1.68632005309879E-18));
#4582=DIRECTION('',(0.0560299453074585,-0.998429088733318,-1.68632005309879E-18));
#4583=DIRECTION('',(0.,0.,-1.));
#4584=DIRECTION('',(0.0560299453074585,-0.998429088733318,-1.68632005309879E-18));
#4585=DIRECTION('center_axis',(0.999175002407329,0.0406117540167092,0.));
#4586=DIRECTION('ref_axis',(0.0406117540167092,-0.999175002407329,-1.6908079589685E-18));
#4587=DIRECTION('',(0.0406117540167092,-0.999175002407329,-1.6908079589685E-18));
#4588=DIRECTION('',(0.,0.,-1.));
#4589=DIRECTION('',(0.0406117540167092,-0.999175002407329,-1.6908079589685E-18));
#4590=DIRECTION('center_axis',(0.999647464768758,0.0265508226123807,0.));
#4591=DIRECTION('ref_axis',(0.0265508226123807,-0.999647464768758,-1.69454741116746E-18));
#4592=DIRECTION('',(0.0265508226123807,-0.999647464768758,-1.69454741116746E-18));
#4593=DIRECTION('',(0.,0.,-1.));
#4594=DIRECTION('',(0.0265508226123807,-0.999647464768758,-1.69454741116746E-18));
#4595=DIRECTION('center_axis',(0.999967391273893,0.00807566646687768,0.));
#4596=DIRECTION('ref_axis',(0.00807566646687768,-0.999967391273893,-1.69894914260277E-18));
#4597=DIRECTION('',(0.00807566646687768,-0.999967391273893,-1.69894914260277E-18));
#4598=DIRECTION('',(0.,0.,-1.));
#4599=DIRECTION('',(0.00807566646687768,-0.999967391273893,-1.69894914260277E-18));
#4600=DIRECTION('center_axis',(0.99990724449147,-0.013619927073087,0.));
#4601=DIRECTION('ref_axis',(-0.013619927073087,-0.99990724449147,-1.70337691818738E-18));
#4602=DIRECTION('',(-0.013619927073087,-0.99990724449147,-1.70337691818738E-18));
#4603=DIRECTION('',(0.,0.,-1.));
#4604=DIRECTION('',(-0.013619927073087,-0.99990724449147,-1.70337691818738E-18));
#4605=DIRECTION('center_axis',(0.999359064270035,-0.0357974951822112,0.));
#4606=DIRECTION('ref_axis',(-0.0357974951822112,-0.999359064270035,-1.70707533667168E-18));
#4607=DIRECTION('',(-0.0357974951822112,-0.999359064270035,-1.70707533667168E-18));
#4608=DIRECTION('',(-0.0357974951822112,-0.999359064270035,-1.70707533667168E-18));
#4609=DIRECTION('center_axis',(0.528588051784018,0.848878478647666,0.));
#4610=DIRECTION('ref_axis',(0.848878478647666,-0.528588051784018,-7.21717969116576E-19));
#4611=DIRECTION('',(0.,0.,-1.));
#4612=DIRECTION('',(0.848878478647666,-0.528588051784018,-7.21717969116576E-19));
#4613=DIRECTION('center_axis',(0.531144264942992,0.847281399428884,0.));
#4614=DIRECTION('ref_axis',(0.847281399428884,-0.531144264942992,-7.26398769450892E-19));
#4615=DIRECTION('',(0.847281399428884,-0.531144264942992,-7.26398769450892E-19));
#4616=DIRECTION('',(0.,0.,-1.));
#4617=DIRECTION('',(0.847281399428884,-0.531144264942992,-7.26398769450892E-19));
#4618=DIRECTION('center_axis',(-0.767745129712784,-0.640755347853063,0.));
#4619=DIRECTION('ref_axis',(-0.640755347853063,0.767745129712784,1.17190657963604E-18));
#4620=DIRECTION('',(-0.640755347853063,0.767745129712784,1.17190657963604E-18));
#4621=DIRECTION('',(0.,0.,-1.));
#4622=DIRECTION('',(-0.640755347853063,0.767745129712784,1.17190657963604E-18));
#4623=DIRECTION('center_axis',(0.,0.,-1.));
#4624=DIRECTION('ref_axis',(-0.992819542908585,-0.119621717170372,0.));
#4625=DIRECTION('center_axis',(2.08801232209995E-19,1.70069080907276E-18,
-1.));
#4626=DIRECTION('ref_axis',(-0.992819542908585,-0.119621717170372,0.));
#4627=DIRECTION('',(0.,0.,-1.));
#4628=DIRECTION('center_axis',(2.08801232209995E-19,1.70069080907276E-18,
-1.));
#4629=DIRECTION('ref_axis',(-0.992819542908585,-0.119621717170372,0.));
#4630=DIRECTION('center_axis',(-0.991704111272527,-0.128541649612755,0.));
#4631=DIRECTION('ref_axis',(-0.128541649612755,0.991704111272526,1.6597424125314E-18));
#4632=DIRECTION('',(-0.128541649612755,0.991704111272526,1.6597424125314E-18));
#4633=DIRECTION('',(0.,0.,-1.));
#4634=DIRECTION('',(-0.128541649612755,0.991704111272526,1.6597424125314E-18));
#4635=DIRECTION('center_axis',(-0.988995739216162,-0.147944002285583,0.));
#4636=DIRECTION('ref_axis',(-0.147944002285583,0.988995739216162,1.65108507392174E-18));
#4637=DIRECTION('',(-0.147944002285583,0.988995739216162,1.65108507392174E-18));
#4638=DIRECTION('',(0.,0.,-1.));
#4639=DIRECTION('',(-0.147944002285583,0.988995739216162,1.65108507392174E-18));
#4640=DIRECTION('center_axis',(-0.985215871075216,-0.171317504597466,0.));
#4641=DIRECTION('ref_axis',(-0.171317504597466,0.985215871075216,1.63977627083114E-18));
#4642=DIRECTION('',(-0.171317504597466,0.985215871075216,1.63977627083114E-18));
#4643=DIRECTION('',(0.,0.,-1.));
#4644=DIRECTION('',(-0.171317504597466,0.985215871075216,1.63977627083114E-18));
#4645=DIRECTION('center_axis',(-0.979803808686154,-0.199961237453931,0.));
#4646=DIRECTION('ref_axis',(-0.199961237453931,0.979803808686153,1.62459117935241E-18));
#4647=DIRECTION('',(-0.199961237453931,0.979803808686153,1.62459117935241E-18));
#4648=DIRECTION('',(0.,0.,-1.));
#4649=DIRECTION('',(-0.199961237453931,0.979803808686153,1.62459117935241E-18));
#4650=DIRECTION('center_axis',(0.,0.,-1.));
#4651=DIRECTION('ref_axis',(0.986702122415409,0.162538984926473,0.));
#4652=DIRECTION('center_axis',(2.08801232209995E-19,1.70069080907276E-18,
-1.));
#4653=DIRECTION('ref_axis',(0.986702122415409,0.162538984926473,0.));
#4654=DIRECTION('center_axis',(2.08801232209995E-19,1.70069080907276E-18,
-1.));
#4655=DIRECTION('ref_axis',(0.986702122415409,0.162538984926473,0.));
#4656=DIRECTION('center_axis',(-2.08801232209995E-19,-1.70069080907276E-18,
1.));
#4657=DIRECTION('ref_axis',(1.,0.,2.08801232209995E-19));
#4658=DIRECTION('center_axis',(-0.528511701911133,0.848926016177498,0.));
#4659=DIRECTION('ref_axis',(0.848926016177498,0.528511701911133,1.07609179216065E-18));
#4660=DIRECTION('',(0.848926016177498,0.528511701911133,1.07609179216065E-18));
#4661=DIRECTION('',(0.,0.,-1.));
#4662=DIRECTION('',(0.848926016177498,0.528511701911133,1.07609179216065E-18));
#4663=DIRECTION('center_axis',(0.,0.,-1.));
#4664=DIRECTION('ref_axis',(0.979604878190744,-0.200933527876502,0.));
#4665=DIRECTION('center_axis',(2.08801232209995E-19,1.70069080907276E-18,
-1.));
#4666=DIRECTION('ref_axis',(0.979604878190744,-0.200933527876502,0.));
#4667=DIRECTION('',(0.,0.,-1.));
#4668=DIRECTION('center_axis',(2.08801232209995E-19,1.70069080907276E-18,
-1.));
#4669=DIRECTION('ref_axis',(0.979604878190744,-0.200933527876502,0.));
#4670=DIRECTION('',(0.,0.,-1.));
#4671=DIRECTION('center_axis',(0.,0.,-1.));
#4672=DIRECTION('ref_axis',(-0.322933880864351,-0.94642152796198,0.));
#4673=DIRECTION('center_axis',(2.08801232209995E-19,1.70069080907276E-18,
-1.));
#4674=DIRECTION('ref_axis',(1.,0.,0.));
#4675=DIRECTION('',(0.,0.,-1.));
#4676=DIRECTION('center_axis',(2.08801232209995E-19,1.70069080907276E-18,
-1.));
#4677=DIRECTION('ref_axis',(1.,0.,0.));
#4678=DIRECTION('center_axis',(0.,0.,-1.));
#4679=DIRECTION('ref_axis',(0.979604878190744,-0.200933527876502,0.));
#4680=DIRECTION('center_axis',(2.08801232209995E-19,1.70069080907276E-18,
-1.));
#4681=DIRECTION('ref_axis',(0.979604878190744,-0.200933527876502,0.));
#4682=DIRECTION('',(0.,0.,-1.));
#4683=DIRECTION('center_axis',(2.08801232209995E-19,1.70069080907276E-18,
-1.));
#4684=DIRECTION('ref_axis',(0.979604878190744,-0.200933527876502,0.));
#4685=DIRECTION('center_axis',(0.979781692929826,-0.200069573397764,0.));
#4686=DIRECTION('ref_axis',(-0.200069573397764,-0.979781692929826,-1.70808049351668E-18));
#4687=DIRECTION('',(-0.200069573397764,-0.979781692929826,-1.70808049351668E-18));
#4688=DIRECTION('',(0.,0.,-1.));
#4689=DIRECTION('',(-0.200069573397764,-0.979781692929826,-1.70808049351668E-18));
#4690=DIRECTION('center_axis',(0.985180138554438,-0.171522869022936,0.));
#4691=DIRECTION('ref_axis',(-0.171522869022936,-0.985180138554438,-1.71130099332474E-18));
#4692=DIRECTION('',(-0.171522869022936,-0.985180138554438,-1.71130099332474E-18));
#4693=DIRECTION('',(0.,0.,-1.));
#4694=DIRECTION('',(-0.171522869022936,-0.985180138554438,-1.71130099332474E-18));
#4695=DIRECTION('center_axis',(0.988956144387101,-0.148208449418377,0.));
#4696=DIRECTION('ref_axis',(-0.148208449418377,-0.988956144387101,-1.71285473219766E-18));
#4697=DIRECTION('',(-0.148208449418377,-0.988956144387101,-1.71285473219766E-18));
#4698=DIRECTION('',(0.,0.,-1.));
#4699=DIRECTION('',(-0.148208449418377,-0.988956144387101,-1.71285473219766E-18));
#4700=DIRECTION('center_axis',(0.991664848190433,-0.128844203841097,0.));
#4701=DIRECTION('ref_axis',(-0.128844203841097,-0.991664848190433,-1.71341812152314E-18));
#4702=DIRECTION('',(-0.128844203841097,-0.991664848190433,-1.71341812152314E-18));
#4703=DIRECTION('',(0.,0.,-1.));
#4704=DIRECTION('',(-0.128844203841097,-0.991664848190433,-1.71341812152314E-18));
#4705=DIRECTION('center_axis',(0.,0.,-1.));
#4706=DIRECTION('ref_axis',(0.997396449825375,-0.0721132572814267,0.));
#4707=DIRECTION('center_axis',(2.08801232209995E-19,1.70069080907276E-18,
-1.));
#4708=DIRECTION('ref_axis',(0.997396449825375,-0.0721132572814267,0.));
#4709=DIRECTION('',(0.,0.,-1.));
#4710=DIRECTION('center_axis',(2.08801232209995E-19,1.70069080907276E-18,
-1.));
#4711=DIRECTION('ref_axis',(0.997396449825375,-0.0721132572814267,0.));
#4712=DIRECTION('center_axis',(0.767745008390526,-0.640755493219864,0.));
#4713=DIRECTION('ref_axis',(-0.640755493219864,-0.767745008390526,-1.43948741601088E-18));
#4714=DIRECTION('',(-0.640755493219864,-0.767745008390526,-1.43948741601088E-18));
#4715=DIRECTION('',(-0.640755493219864,-0.767745008390526,-1.43948741601088E-18));
#4716=DIRECTION('center_axis',(0.516359133266257,-0.856372141940944,0.));
#4717=DIRECTION('ref_axis',(-0.856372141940944,-0.516359133266257,-1.05697879059428E-18));
#4718=DIRECTION('',(-0.856372141940944,-0.516359133266257,-1.05697879059428E-18));
#4719=DIRECTION('',(0.,0.,-1.));
#4720=DIRECTION('',(-0.856372141940944,-0.516359133266257,-1.05697879059428E-18));
#4721=DIRECTION('center_axis',(-0.999353233562442,-0.0359599022286098,0.));
#4722=DIRECTION('ref_axis',(-0.0359599022286098,0.999353233562442,1.6920823874413E-18));
#4723=DIRECTION('',(-0.0359599022286098,0.999353233562442,1.6920823874413E-18));
#4724=DIRECTION('',(0.,0.,-1.));
#4725=DIRECTION('',(-0.0359599022286098,0.999353233562442,1.6920823874413E-18));
#4726=DIRECTION('center_axis',(-0.999905532935508,-0.0137450065462658,0.));
#4727=DIRECTION('ref_axis',(-0.0137450065462658,0.999905532935508,1.69766017550082E-18));
#4728=DIRECTION('',(-0.0137450065462658,0.999905532935508,1.69766017550082E-18));
#4729=DIRECTION('',(0.,0.,-1.));
#4730=DIRECTION('',(-0.0137450065462658,0.999905532935508,1.69766017550082E-18));
#4731=DIRECTION('center_axis',(-0.99996811203382,0.00798591982911924,0.));
#4732=DIRECTION('ref_axis',(0.00798591982911924,0.99996811203382,1.70230404740241E-18));
#4733=DIRECTION('',(0.00798591982911924,0.99996811203382,1.70230404740241E-18));
#4734=DIRECTION('',(0.,0.,-1.));
#4735=DIRECTION('',(0.00798591982911924,0.99996811203382,1.70230404740241E-18));
#4736=DIRECTION('center_axis',(-0.999429823015742,0.0337643135088223,0.));
#4737=DIRECTION('ref_axis',(0.0337643135088223,0.999429823015742,1.70677114458145E-18));
#4738=DIRECTION('',(0.0337643135088223,0.999429823015742,1.70677114458145E-18));
#4739=DIRECTION('',(0.,0.,-1.));
#4740=DIRECTION('',(0.0337643135088223,0.999429823015742,1.70677114458145E-18));
#4741=DIRECTION('center_axis',(-0.997905478194356,0.064688921692161,0.));
#4742=DIRECTION('ref_axis',(0.064688921692161,0.997905478194356,1.71063580164815E-18));
#4743=DIRECTION('',(0.064688921692161,0.997905478194356,1.71063580164815E-18));
#4744=DIRECTION('',(0.,0.,-1.));
#4745=DIRECTION('',(0.064688921692161,0.997905478194356,1.71063580164815E-18));
#4746=DIRECTION('center_axis',(-0.994752441400687,0.102311193558541,0.));
#4747=DIRECTION('ref_axis',(0.102311193558541,0.994752441400687,1.71312903767673E-18));
#4748=DIRECTION('',(0.102311193558541,0.994752441400687,1.71312903767673E-18));
#4749=DIRECTION('',(0.,0.,-1.));
#4750=DIRECTION('',(0.102311193558541,0.994752441400687,1.71312903767673E-18));
#4751=DIRECTION('center_axis',(-0.990738171147194,0.135786141531136,0.));
#4752=DIRECTION('ref_axis',(0.135786141531136,0.990738171147194,1.71329161553633E-18));
#4753=DIRECTION('',(0.135786141531136,0.990738171147194,1.71329161553633E-18));
#4754=DIRECTION('',(0.,0.,-1.));
#4755=DIRECTION('',(0.135786141531136,0.990738171147194,1.71329161553633E-18));
#4756=DIRECTION('center_axis',(-0.986834714302709,0.161732021093816,0.));
#4757=DIRECTION('ref_axis',(0.161732021093816,0.986834714302709,1.71207057398076E-18));
#4758=DIRECTION('',(0.161732021093816,0.986834714302709,1.71207057398076E-18));
#4759=DIRECTION('',(0.161732021093816,0.986834714302709,1.71207057398076E-18));
#4760=DIRECTION('center_axis',(-2.08801232209995E-19,-1.70069080907276E-18,
1.));
#4761=DIRECTION('ref_axis',(1.,0.,2.08801232209995E-19));
#4762=DIRECTION('',(0.0214963753937204,-0.890444623086903,0.454583632636015));
#4763=DIRECTION('',(0.612599623699811,-0.520796736498292,0.594552319224792));
#4764=DIRECTION('center_axis',(0.429674926957516,-0.418783305713175,-0.799999999999999));
#4765=DIRECTION('ref_axis',(-0.880973636457529,0.,-0.473165353620483));
#4766=DIRECTION('',(-0.697972176188624,-0.716124878262525,0.));
#4767=DIRECTION('',(0.823942934168238,-0.18065660652987,0.537104488671753));
#4768=DIRECTION('',(0.697972176188624,0.716124878262525,0.));
#4769=DIRECTION('center_axis',(0.429674926957516,-0.418783305713175,-0.799999999999999));
#4770=DIRECTION('ref_axis',(-0.880973636457529,0.,-0.473165353620483));
#4771=DIRECTION('',(0.697972176188624,0.716124878262525,0.));
#4772=DIRECTION('',(-0.0214962865594778,-0.890444614030703,0.454583654576212));
#4773=DIRECTION('',(-0.697972176188624,-0.716124878262525,0.));
#4774=DIRECTION('center_axis',(-0.429674908964666,-0.418783324173981,-0.799999999999998));
#4775=DIRECTION('ref_axis',(-0.880973644716934,0.,0.473165338242524));
#4776=DIRECTION('',(0.697972206956632,-0.716124848274439,0.));
#4777=DIRECTION('',(-0.823942896627944,-0.180656713659748,0.53710451022684));
#4778=DIRECTION('center_axis',(0.317122801200416,0.509345785256736,-0.8));
#4779=DIRECTION('ref_axis',(-0.929625112199078,0.,-0.368506649558528));
#4780=DIRECTION('',(-0.848909642094561,0.528538002000693,0.));
#4781=DIRECTION('',(-0.447577028296844,0.824070543710358,0.347249971533306));
#4782=DIRECTION('',(0.848909642094561,-0.528538002000693,0.));
#4783=DIRECTION('',(0.141322953384656,0.808742083264624,0.570932627902308));
#4784=DIRECTION('',(-0.506319630134489,0.822039253082735,0.260560738661167));
#4785=DIRECTION('',(0.50633221504259,0.822031289225299,0.260561408394752));
#4786=DIRECTION('',(0.447573603386319,0.824071559307743,0.347251975792639));
#4787=DIRECTION('center_axis',(-2.08801232209995E-19,-1.70069080907276E-18,
1.));
#4788=DIRECTION('ref_axis',(1.,0.,2.08801232209995E-19));
#4789=DIRECTION('',(0.697972206956632,-0.716124848274439,0.));
#4790=DIRECTION('center_axis',(-2.08801232209995E-19,-1.70069080907276E-18,
1.));
#4791=DIRECTION('ref_axis',(1.,0.,2.08801232209995E-19));
#4792=DIRECTION('',(-0.848909642094561,-0.528538002000694,0.));
#4793=DIRECTION('',(-0.795703864714446,-0.605685858905831,0.));
#4794=DIRECTION('center_axis',(-2.08801232209995E-19,-1.70069080907276E-18,
1.));
#4795=DIRECTION('ref_axis',(1.,0.,2.08801232209995E-19));
#4796=DIRECTION('',(-0.795693877872516,0.605698978632289,0.));
#4797=DIRECTION('center_axis',(-2.08801232209995E-19,-1.70069080907276E-18,
1.));
#4798=DIRECTION('ref_axis',(1.,0.,2.08801232209995E-19));
#4799=DIRECTION('center_axis',(-2.08801232209995E-19,-1.70069080907276E-18,
1.));
#4800=DIRECTION('ref_axis',(1.,0.,2.08801232209995E-19));
#4801=DIRECTION('',(0.765989321619311,0.642853295212203,0.));
#4802=DIRECTION('',(0.76598932161931,-0.642853295212205,0.));
#4803=DIRECTION('center_axis',(-0.317122801200416,0.509345785256736,-0.800000000000001));
#4804=DIRECTION('ref_axis',(-0.929625112199078,0.,0.368506649558528));
#4805=DIRECTION('',(-0.141322953384658,0.808742083264623,0.570932627902308));
#4806=DIRECTION('',(0.84890964209456,0.528538002000694,0.));
#4807=DIRECTION('center_axis',(0.,0.576720860158623,-0.816941276627579));
#4808=DIRECTION('ref_axis',(-1.,0.,0.));
#4809=DIRECTION('',(1.,0.,0.));
#4810=DIRECTION('center_axis',(0.363419387179372,0.477416326723508,-0.800000000000001));
#4811=DIRECTION('ref_axis',(-0.910459478046446,0.,-0.413598281954112));
#4812=DIRECTION('',(0.795693877872516,-0.605698978632288,0.));
#4813=DIRECTION('',(0.711636052982382,0.411934436111044,0.569108204510823));
#4814=DIRECTION('',(-0.612599646887443,-0.520796712318613,0.594552316513445));
#4815=DIRECTION('center_axis',(-0.385711977127323,-0.459593592971586,-0.8));
#4816=DIRECTION('ref_axis',(-0.900769698252531,0.,0.434297076561707));
#4817=DIRECTION('',(-0.765989321619309,0.642853295212205,0.));
#4818=DIRECTION('',(-1.63033513784016E-15,-0.867096588967809,0.498140045971402));
#4819=DIRECTION('center_axis',(0.385711977127321,-0.459593592971587,-0.8));
#4820=DIRECTION('ref_axis',(-0.900769698252531,0.,-0.434297076561706));
#4821=DIRECTION('',(-0.765989321619309,-0.642853295212205,0.));
#4822=DIRECTION('center_axis',(-0.429674908964666,-0.418783324173981,-0.799999999999998));
#4823=DIRECTION('ref_axis',(-0.880973644716934,0.,0.473165338242524));
#4824=DIRECTION('',(-0.711633380594307,0.411940851743472,0.569106902338023));
#4825=DIRECTION('center_axis',(-0.363411515343499,0.477422318828667,-0.8));
#4826=DIRECTION('ref_axis',(-0.910462851569812,0.,0.413590855691186));
#4827=DIRECTION('',(0.795703864714445,0.605685858905833,0.));
#4828=DIRECTION('',(0.,0.,1.));
#4829=DIRECTION('',(0.,0.,1.));
#4830=DIRECTION('center_axis',(0.528538002000694,-0.84890964209456,0.));
#4831=DIRECTION('ref_axis',(0.84890964209456,0.528538002000694,0.));
#4832=DIRECTION('',(-0.84890964209456,-0.528538002000694,0.));
#4833=DIRECTION('',(0.,0.,1.));
#4834=DIRECTION('center_axis',(0.,-1.,0.));
#4835=DIRECTION('ref_axis',(1.,0.,0.));
#4836=DIRECTION('',(-1.,0.,0.));
#4837=DIRECTION('',(0.,0.,1.));
#4838=DIRECTION('center_axis',(-0.528538002000694,-0.848909642094561,0.));
#4839=DIRECTION('ref_axis',(0.848909642094561,-0.528538002000693,0.));
#4840=DIRECTION('',(-0.848909642094561,0.528538002000693,0.));
#4841=DIRECTION('',(0.,0.,1.));
#4842=DIRECTION('',(0.,0.,1.));
#4843=DIRECTION('center_axis',(-0.605698978632288,-0.795693877872516,0.));
#4844=DIRECTION('ref_axis',(0.795693877872516,-0.605698978632288,0.));
#4845=DIRECTION('',(-0.795693877872516,0.605698978632288,0.));
#4846=DIRECTION('',(0.,0.,1.));
#4847=DIRECTION('',(0.,0.,1.));
#4848=DIRECTION('center_axis',(-0.716124878262525,0.697972176188624,0.));
#4849=DIRECTION('ref_axis',(-0.697972176188624,-0.716124878262525,0.));
#4850=DIRECTION('',(0.,0.,1.));
#4851=DIRECTION('',(0.697972176188624,0.716124878262525,0.));
#4852=DIRECTION('',(0.,0.,1.));
#4853=DIRECTION('center_axis',(0.642853295212205,0.765989321619309,0.));
#4854=DIRECTION('ref_axis',(-0.765989321619309,0.642853295212205,0.));
#4855=DIRECTION('',(0.765989321619309,-0.642853295212205,0.));
#4856=DIRECTION('',(0.,0.,1.));
#4857=DIRECTION('center_axis',(-0.642853295212205,0.765989321619309,0.));
#4858=DIRECTION('ref_axis',(-0.765989321619309,-0.642853295212205,0.));
#4859=DIRECTION('',(0.765989321619309,0.642853295212205,0.));
#4860=DIRECTION('',(0.,0.,1.));
#4861=DIRECTION('',(0.,0.,1.));
#4862=DIRECTION('center_axis',(0.605685858905833,-0.795703864714445,0.));
#4863=DIRECTION('ref_axis',(0.795703864714445,0.605685858905833,0.));
#4864=DIRECTION('',(-0.795703864714445,-0.605685858905833,0.));
#4865=DIRECTION('center_axis',(0.,0.,-1.));
#4866=DIRECTION('ref_axis',(1.,0.,0.));
#4867=DIRECTION('center_axis',(0.717631562290723,-0.69642296114084,0.));
#4868=DIRECTION('ref_axis',(0.69642296114084,0.717631562290723,1.3658833747139E-18));
#4869=DIRECTION('',(-0.69642296114084,-0.717631562290723,-1.3658833747139E-18));
#4870=DIRECTION('',(0.,0.,1.));
#4871=DIRECTION('',(-0.69642296114084,-0.717631562290723,-1.3658833747139E-18));
#4872=DIRECTION('',(0.,0.,1.));
#4873=DIRECTION('center_axis',(0.68104750600202,0.732239233152956,0.));
#4874=DIRECTION('ref_axis',(-0.732239233152955,0.68104750600202,1.00535877984472E-18));
#4875=DIRECTION('',(0.732239233152955,-0.68104750600202,-1.00535877984472E-18));
#4876=DIRECTION('',(0.,0.,1.));
#4877=DIRECTION('',(0.732239233152955,-0.68104750600202,-1.00535877984472E-18));
#4878=DIRECTION('center_axis',(-0.717752485674392,0.696298333552675,0.));
#4879=DIRECTION('ref_axis',(-0.696298333552675,-0.717752485674392,-1.36606300560713E-18));
#4880=DIRECTION('',(0.696298333552675,0.717752485674392,1.36606300560713E-18));
#4881=DIRECTION('',(0.,0.,1.));
#4882=DIRECTION('',(0.696298333552675,0.717752485674392,1.36606300560713E-18));
#4883=DIRECTION('center_axis',(0.751466654224288,0.659771072106798,0.));
#4884=DIRECTION('ref_axis',(-0.659771072106798,0.751466654224288,1.14025141933149E-18));
#4885=DIRECTION('',(0.659771072106798,-0.751466654224288,-1.14025141933149E-18));
#4886=DIRECTION('',(0.,0.,1.));
#4887=DIRECTION('',(0.659771072106798,-0.751466654224288,-1.14025141933149E-18));
#4888=DIRECTION('center_axis',(0.717369016761569,-0.696693400134191,0.));
#4889=DIRECTION('ref_axis',(0.69669340013419,0.717369016761569,1.36549333394055E-18));
#4890=DIRECTION('',(-0.69669340013419,-0.717369016761569,-1.36549333394055E-18));
#4891=DIRECTION('',(0.,0.,1.));
#4892=DIRECTION('',(-0.69669340013419,-0.717369016761569,-1.36549333394055E-18));
#4893=DIRECTION('center_axis',(0.681047531219585,0.73223920969838,0.));
#4894=DIRECTION('ref_axis',(-0.73223920969838,0.681047531219585,1.00535882762935E-18));
#4895=DIRECTION('',(0.73223920969838,-0.681047531219585,-1.00535882762935E-18));
#4896=DIRECTION('',(0.,0.,1.));
#4897=DIRECTION('',(0.73223920969838,-0.681047531219585,-1.00535882762935E-18));
#4898=DIRECTION('center_axis',(-0.717802355374806,0.696246923597068,0.));
#4899=DIRECTION('ref_axis',(-0.696246923597068,-0.717802355374806,-1.3661370840862E-18));
#4900=DIRECTION('',(0.696246923597068,0.717802355374806,1.3661370840862E-18));
#4901=DIRECTION('',(0.,0.,1.));
#4902=DIRECTION('',(0.696246923597068,0.717802355374806,1.3661370840862E-18));
#4903=DIRECTION('center_axis',(0.751467030307385,0.659770643755086,0.));
#4904=DIRECTION('ref_axis',(-0.659770643755086,0.751467030307385,1.14025214837292E-18));
#4905=DIRECTION('',(0.659770643755086,-0.751467030307385,-1.14025214837292E-18));
#4906=DIRECTION('',(0.,0.,1.));
#4907=DIRECTION('',(0.659770643755086,-0.751467030307385,-1.14025214837292E-18));
#4908=DIRECTION('center_axis',(0.717297512715403,-0.696767018631261,0.));
#4909=DIRECTION('ref_axis',(0.696767018631261,0.717297512715403,1.36538709929933E-18));
#4910=DIRECTION('',(-0.696767018631261,-0.717297512715403,-1.36538709929933E-18));
#4911=DIRECTION('',(0.,0.,1.));
#4912=DIRECTION('',(-0.696767018631261,-0.717297512715403,-1.36538709929933E-18));
#4913=DIRECTION('center_axis',(0.669152223108521,0.743125361099273,0.));
#4914=DIRECTION('ref_axis',(-0.743125361099273,0.669152223108521,9.82855544627238E-19));
#4915=DIRECTION('',(0.743125361099273,-0.669152223108521,-9.82855544627238E-19));
#4916=DIRECTION('',(0.,0.,1.));
#4917=DIRECTION('',(0.743125361099273,-0.669152223108521,-9.82855544627238E-19));
#4918=DIRECTION('center_axis',(-0.669172606098586,0.743107006592743,0.));
#4919=DIRECTION('ref_axis',(-0.743107006592743,-0.669172606098585,-1.29321735951557E-18));
#4920=DIRECTION('',(0.743107006592743,0.669172606098585,1.29321735951557E-18));
#4921=DIRECTION('',(0.,0.,1.));
#4922=DIRECTION('',(0.743107006592743,0.669172606098585,1.29321735951557E-18));
#4923=DIRECTION('center_axis',(-0.717353615853714,-0.696709257740703,0.));
#4924=DIRECTION('ref_axis',(0.696709257740703,-0.717353615853714,-1.07452294982915E-18));
#4925=DIRECTION('',(-0.696709257740703,0.717353615853714,1.07452294982915E-18));
#4926=DIRECTION('',(0.,0.,1.));
#4927=DIRECTION('',(-0.696709257740703,0.717353615853714,1.07452294982915E-18));
#4928=DIRECTION('center_axis',(-0.75148534821566,0.65974977939912,0.));
#4929=DIRECTION('ref_axis',(-0.65974977939912,-0.75148534821566,-1.41580079175202E-18));
#4930=DIRECTION('',(0.65974977939912,0.75148534821566,1.41580079175202E-18));
#4931=DIRECTION('',(0.,0.,1.));
#4932=DIRECTION('',(0.65974977939912,0.75148534821566,1.41580079175202E-18));
#4933=DIRECTION('center_axis',(0.71780091478935,0.696248408779204,0.));
#4934=DIRECTION('ref_axis',(-0.696248408779204,0.717800914789349,1.07537989284892E-18));
#4935=DIRECTION('',(0.696248408779204,-0.717800914789349,-1.07537989284892E-18));
#4936=DIRECTION('',(0.,0.,1.));
#4937=DIRECTION('',(0.696248408779204,-0.717800914789349,-1.07537989284892E-18));
#4938=DIRECTION('center_axis',(-0.681048537693225,0.73223827358717,0.));
#4939=DIRECTION('ref_axis',(-0.73223827358717,-0.681048537693225,-1.31114524238363E-18));
#4940=DIRECTION('',(0.73223827358717,0.681048537693225,1.31114524238363E-18));
#4941=DIRECTION('',(0.,0.,1.));
#4942=DIRECTION('',(0.73223827358717,0.681048537693225,1.31114524238363E-18));
#4943=DIRECTION('center_axis',(-0.717369247489713,-0.6966931625587,0.));
#4944=DIRECTION('ref_axis',(0.6966931625587,-0.717369247489713,-1.07455289510266E-18));
#4945=DIRECTION('',(-0.6966931625587,0.717369247489713,1.07455289510266E-18));
#4946=DIRECTION('',(0.,0.,1.));
#4947=DIRECTION('',(-0.6966931625587,0.717369247489713,1.07455289510266E-18));
#4948=DIRECTION('center_axis',(-0.751466618447429,0.659771112855955,0.));
#4949=DIRECTION('ref_axis',(-0.659771112855955,-0.751466618447429,-1.41577339265941E-18));
#4950=DIRECTION('',(0.659771112855955,0.751466618447429,1.41577339265941E-18));
#4951=DIRECTION('',(0.,0.,1.));
#4952=DIRECTION('',(0.659771112855955,0.751466618447429,1.41577339265941E-18));
#4953=DIRECTION('center_axis',(0.717752801972928,0.696298007508288,0.));
#4954=DIRECTION('ref_axis',(-0.696298007508288,0.717752801972928,1.07528771154848E-18));
#4955=DIRECTION('',(0.696298007508288,-0.717752801972928,-1.07528771154848E-18));
#4956=DIRECTION('',(0.,0.,1.));
#4957=DIRECTION('',(0.696298007508288,-0.717752801972928,-1.07528771154848E-18));
#4958=DIRECTION('center_axis',(-0.681046247911155,0.732240403287157,0.));
#4959=DIRECTION('ref_axis',(-0.732240403287157,-0.681046247911155,-1.31114179285629E-18));
#4960=DIRECTION('',(0.732240403287157,0.681046247911155,1.31114179285629E-18));
#4961=DIRECTION('',(0.,0.,1.));
#4962=DIRECTION('',(0.732240403287157,0.681046247911155,1.31114179285629E-18));
#4963=DIRECTION('center_axis',(-0.717631209658788,-0.69642332451151,0.));
#4964=DIRECTION('ref_axis',(0.69642332451151,-0.717631209658788,-1.07505475427268E-18));
#4965=DIRECTION('',(-0.69642332451151,0.717631209658788,1.07505475427268E-18));
#4966=DIRECTION('',(0.,0.,1.));
#4967=DIRECTION('',(-0.69642332451151,0.717631209658788,1.07505475427268E-18));
#4968=DIRECTION('center_axis',(-0.751450825784907,0.659789099960875,0.));
#4969=DIRECTION('ref_axis',(-0.659789099960875,-0.751450825784907,-1.41575028995308E-18));
#4970=DIRECTION('',(0.659789099960875,0.751450825784907,1.41575028995308E-18));
#4971=DIRECTION('',(0.,0.,1.));
#4972=DIRECTION('',(0.659789099960875,0.751450825784907,1.41575028995308E-18));
#4973=DIRECTION('center_axis',(0.717744017689293,0.696307062344791,0.));
#4974=DIRECTION('ref_axis',(-0.696307062344791,0.717744017689293,1.07527088153702E-18));
#4975=DIRECTION('',(0.696307062344791,-0.717744017689293,-1.07527088153702E-18));
#4976=DIRECTION('',(0.,0.,1.));
#4977=DIRECTION('',(0.696307062344791,-0.717744017689293,-1.07527088153702E-18));
#4978=DIRECTION('center_axis',(-0.681050819408585,0.732236151376655,0.));
#4979=DIRECTION('ref_axis',(-0.732236151376655,-0.681050819408585,-1.3111486797558E-18));
#4980=DIRECTION('',(0.732236151376655,0.681050819408585,1.3111486797558E-18));
#4981=DIRECTION('',(0.,0.,1.));
#4982=DIRECTION('',(0.732236151376655,0.681050819408585,1.3111486797558E-18));
#4983=DIRECTION('center_axis',(-0.697972206956644,0.716124848274428,0.));
#4984=DIRECTION('ref_axis',(-0.716124848274428,-0.697972206956644,-1.33656266809529E-18));
#4985=DIRECTION('',(0.716124848274428,0.697972206956644,1.33656266809529E-18));
#4986=DIRECTION('',(0.,0.,1.));
#4987=DIRECTION('',(0.716124848274428,0.697972206956644,1.33656266809529E-18));
#4988=DIRECTION('center_axis',(0.71612484827444,0.697972206956632,0.));
#4989=DIRECTION('ref_axis',(-0.697972206956632,0.71612484827444,0.));
#4990=DIRECTION('',(0.697972206956632,-0.71612484827444,-1.07216949074809E-18));
#4991=DIRECTION('',(0.,0.,1.));
#4992=DIRECTION('',(0.697972206956632,-0.71612484827444,0.));
#4993=DIRECTION('center_axis',(0.697972206956666,-0.716124848274406,0.));
#4994=DIRECTION('ref_axis',(0.716124848274406,0.697972206956666,1.33656266809532E-18));
#4995=DIRECTION('',(-0.716124848274406,-0.697972206956666,-1.33656266809532E-18));
#4996=DIRECTION('',(0.,0.,1.));
#4997=DIRECTION('',(-0.716124848274406,-0.697972206956666,-1.33656266809532E-18));
#4998=DIRECTION('center_axis',(0.661876696660334,-0.749612725624375,0.));
#4999=DIRECTION('ref_axis',(0.749612725624375,0.661876696660334,1.28216767554033E-18));
#5000=DIRECTION('',(-0.749612725624375,-0.661876696660334,-1.28216767554033E-18));
#5001=DIRECTION('',(0.,0.,1.));
#5002=DIRECTION('',(-0.749612725624375,-0.661876696660334,-1.28216767554033E-18));
#5003=DIRECTION('center_axis',(-0.717629859379091,-0.696424715908006,0.));
#5004=DIRECTION('ref_axis',(0.696424715908006,-0.717629859379091,-1.07505216733911E-18));
#5005=DIRECTION('',(-0.696424715908006,0.717629859379091,1.07505216733911E-18));
#5006=DIRECTION('',(0.,0.,1.));
#5007=DIRECTION('',(-0.696424715908006,0.717629859379091,1.07505216733911E-18));
#5008=DIRECTION('center_axis',(0.734334102619271,-0.678788203882736,0.));
#5009=DIRECTION('ref_axis',(0.678788203882736,0.734334102619271,1.39060707249361E-18));
#5010=DIRECTION('',(-0.678788203882736,-0.734334102619271,-1.39060707249361E-18));
#5011=DIRECTION('',(0.,0.,1.));
#5012=DIRECTION('',(-0.678788203882736,-0.734334102619271,-1.39060707249361E-18));
#5013=DIRECTION('center_axis',(0.71757467231551,0.696481578831262,0.));
#5014=DIRECTION('ref_axis',(-0.696481578831262,0.71757467231551,1.07494643815885E-18));
#5015=DIRECTION('',(0.696481578831262,-0.71757467231551,-1.07494643815885E-18));
#5016=DIRECTION('',(0.,0.,1.));
#5017=DIRECTION('',(0.696481578831262,-0.71757467231551,-1.07494643815885E-18));
#5018=DIRECTION('center_axis',(0.662092474933053,-0.749422147148738,0.));
#5019=DIRECTION('ref_axis',(0.749422147148738,0.662092474933053,1.282494854645E-18));
#5020=DIRECTION('',(-0.749422147148738,-0.662092474933053,-1.282494854645E-18));
#5021=DIRECTION('',(0.,0.,1.));
#5022=DIRECTION('',(-0.749422147148738,-0.662092474933053,-1.282494854645E-18));
#5023=DIRECTION('center_axis',(-0.71763593682809,-0.696418453354641,0.));
#5024=DIRECTION('ref_axis',(0.696418453354641,-0.71763593682809,-1.07506381082962E-18));
#5025=DIRECTION('',(-0.696418453354641,0.71763593682809,1.07506381082962E-18));
#5026=DIRECTION('',(0.,0.,1.));
#5027=DIRECTION('',(-0.696418453354641,0.71763593682809,1.07506381082962E-18));
#5028=DIRECTION('center_axis',(0.734334173228002,-0.678788127496015,0.));
#5029=DIRECTION('ref_axis',(0.678788127496015,0.734334173228002,1.39060717662759E-18));
#5030=DIRECTION('',(-0.678788127496015,-0.734334173228002,-1.39060717662759E-18));
#5031=DIRECTION('',(0.,0.,1.));
#5032=DIRECTION('',(-0.678788127496015,-0.734334173228002,-1.39060717662759E-18));
#5033=DIRECTION('center_axis',(0.717564104891201,0.696492466127014,0.));
#5034=DIRECTION('ref_axis',(-0.696492466127014,0.717564104891201,1.07492619295669E-18));
#5035=DIRECTION('',(0.696492466127014,-0.717564104891201,-1.07492619295669E-18));
#5036=DIRECTION('',(0.,0.,1.));
#5037=DIRECTION('',(0.696492466127014,-0.717564104891201,-1.07492619295669E-18));
#5038=DIRECTION('center_axis',(0.662131969372515,-0.749387253117422,0.));
#5039=DIRECTION('ref_axis',(0.749387253117422,0.662131969372515,1.28255473655846E-18));
#5040=DIRECTION('',(-0.749387253117422,-0.662131969372515,-1.28255473655846E-18));
#5041=DIRECTION('',(0.,0.,1.));
#5042=DIRECTION('',(-0.749387253117422,-0.662131969372515,-1.28255473655846E-18));
#5043=DIRECTION('center_axis',(-0.717654161739927,-0.6963996727005,0.));
#5044=DIRECTION('ref_axis',(0.6963996727005,-0.717654161739927,-1.07509872719341E-18));
#5045=DIRECTION('',(-0.6963996727005,0.717654161739927,1.07509872719341E-18));
#5046=DIRECTION('',(0.,0.,1.));
#5047=DIRECTION('',(-0.6963996727005,0.717654161739927,1.07509872719341E-18));
#5048=DIRECTION('center_axis',(0.734333641208554,-0.6787887030508,0.));
#5049=DIRECTION('ref_axis',(0.6787887030508,0.734333641208554,1.39060639200355E-18));
#5050=DIRECTION('',(-0.6787887030508,-0.734333641208554,-1.39060639200355E-18));
#5051=DIRECTION('',(0.,0.,1.));
#5052=DIRECTION('',(-0.6787887030508,-0.734333641208554,-1.39060639200355E-18));
#5053=DIRECTION('center_axis',(0.717608895683858,0.69644631726745,0.));
#5054=DIRECTION('ref_axis',(-0.69644631726745,0.717608895683858,1.07501200418483E-18));
#5055=DIRECTION('',(0.69644631726745,-0.717608895683858,-1.07501200418483E-18));
#5056=DIRECTION('',(0.,0.,1.));
#5057=DIRECTION('',(0.69644631726745,-0.717608895683858,-1.07501200418483E-18));
#5058=DIRECTION('center_axis',(0.662145078260772,-0.749375670365029,0.));
#5059=DIRECTION('ref_axis',(0.749375670365029,0.662145078260772,1.28257461223127E-18));
#5060=DIRECTION('',(-0.749375670365029,-0.662145078260772,-1.28257461223127E-18));
#5061=DIRECTION('',(0.,0.,1.));
#5062=DIRECTION('',(-0.749375670365029,-0.662145078260772,-1.28257461223127E-18));
#5063=DIRECTION('center_axis',(-0.662144972871078,-0.74937576348689,0.));
#5064=DIRECTION('ref_axis',(0.74937576348689,-0.662144972871078,-9.69633286831204E-19));
#5065=DIRECTION('',(-0.74937576348689,0.662144972871078,9.69633286831204E-19));
#5066=DIRECTION('',(0.,0.,1.));
#5067=DIRECTION('',(-0.74937576348689,0.662144972871078,9.69633286831204E-19));
#5068=DIRECTION('center_axis',(-0.717556196387929,0.696500613801084,0.));
#5069=DIRECTION('ref_axis',(-0.696500613801084,-0.717556196387929,-1.36577141458684E-18));
#5070=DIRECTION('',(0.696500613801084,0.717556196387929,1.36577141458684E-18));
#5071=DIRECTION('',(0.,0.,1.));
#5072=DIRECTION('',(0.696500613801084,0.717556196387929,1.36577141458684E-18));
#5073=DIRECTION('center_axis',(-0.734333558013845,-0.678788793053279,0.));
#5074=DIRECTION('ref_axis',(0.678788793053279,-0.734333558013845,-1.10714239650798E-18));
#5075=DIRECTION('',(-0.678788793053279,0.734333558013845,1.10714239650798E-18));
#5076=DIRECTION('',(0.,0.,1.));
#5077=DIRECTION('',(-0.678788793053279,0.734333558013845,1.10714239650798E-18));
#5078=DIRECTION('center_axis',(0.717653434119574,-0.696400422527429,0.));
#5079=DIRECTION('ref_axis',(0.696400422527429,0.717653434119574,1.36591586584195E-18));
#5080=DIRECTION('',(-0.696400422527429,-0.717653434119574,-1.36591586584195E-18));
#5081=DIRECTION('',(0.,0.,1.));
#5082=DIRECTION('',(-0.696400422527429,-0.717653434119574,-1.36591586584195E-18));
#5083=DIRECTION('center_axis',(-0.662132401235628,-0.749386871538287,0.));
#5084=DIRECTION('ref_axis',(0.749386871538287,-0.662132401235628,-9.69609586991519E-19));
#5085=DIRECTION('',(-0.749386871538287,0.662132401235628,9.69609586991519E-19));
#5086=DIRECTION('',(0.,0.,1.));
#5087=DIRECTION('',(-0.749386871538287,0.662132401235628,9.69609586991519E-19));
#5088=DIRECTION('center_axis',(-0.717564104891201,0.696492466127014,0.));
#5089=DIRECTION('ref_axis',(-0.696492466127014,-0.717564104891201,-1.36578316326128E-18));
#5090=DIRECTION('',(0.696492466127014,0.717564104891201,1.36578316326128E-18));
#5091=DIRECTION('',(0.,0.,1.));
#5092=DIRECTION('',(0.696492466127014,0.717564104891201,1.36578316326128E-18));
#5093=DIRECTION('center_axis',(-0.734333590865915,-0.678788757512947,0.));
#5094=DIRECTION('ref_axis',(0.678788757512947,-0.734333590865915,-1.10714245980006E-18));
#5095=DIRECTION('',(-0.678788757512947,0.734333590865915,1.10714245980006E-18));
#5096=DIRECTION('',(0.,0.,1.));
#5097=DIRECTION('',(-0.678788757512947,0.734333590865915,1.10714245980006E-18));
#5098=DIRECTION('center_axis',(0.717601362066787,-0.696454079720904,0.));
#5099=DIRECTION('ref_axis',(0.696454079720904,0.717601362066787,1.36583851106848E-18));
#5100=DIRECTION('',(-0.696454079720904,-0.717601362066787,-1.36583851106848E-18));
#5101=DIRECTION('',(0.,0.,1.));
#5102=DIRECTION('',(-0.696454079720904,-0.717601362066787,-1.36583851106848E-18));
#5103=DIRECTION('center_axis',(-0.662111117040629,-0.749405676980907,0.));
#5104=DIRECTION('ref_axis',(0.749405676980907,-0.662111117040628,-9.69569462557114E-19));
#5105=DIRECTION('',(-0.749405676980907,0.662111117040628,9.69569462557114E-19));
#5106=DIRECTION('',(0.,0.,1.));
#5107=DIRECTION('',(-0.749405676980907,0.662111117040628,9.69569462557114E-19));
#5108=DIRECTION('center_axis',(-0.717573941803561,0.696482331466132,0.));
#5109=DIRECTION('ref_axis',(-0.696482331466132,-0.717573941803561,-1.36579777667804E-18));
#5110=DIRECTION('',(0.696482331466132,0.717573941803561,1.36579777667804E-18));
#5111=DIRECTION('',(0.,0.,1.));
#5112=DIRECTION('',(0.696482331466132,0.717573941803561,1.36579777667804E-18));
#5113=DIRECTION('center_axis',(-0.734333686646157,-0.678788653895057,0.));
#5114=DIRECTION('ref_axis',(0.678788653895057,-0.734333686646157,-1.10714264432818E-18));
#5115=DIRECTION('',(-0.678788653895057,0.734333686646157,1.10714264432818E-18));
#5116=DIRECTION('',(0.,0.,1.));
#5117=DIRECTION('',(-0.678788653895057,0.734333686646157,1.10714264432818E-18));
#5118=DIRECTION('center_axis',(0.717629386136217,-0.696425203560122,0.));
#5119=DIRECTION('ref_axis',(0.696425203560122,0.717629386136217,1.36588014196784E-18));
#5120=DIRECTION('',(-0.696425203560122,-0.717629386136217,-1.36588014196784E-18));
#5121=DIRECTION('',(0.,0.,1.));
#5122=DIRECTION('',(-0.696425203560122,-0.717629386136217,-1.36588014196784E-18));
#5123=DIRECTION('center_axis',(0.196251666183533,-0.980553559740714,0.));
#5124=DIRECTION('ref_axis',(0.980553559740714,0.196251666183533,5.38504196465309E-19));
#5125=DIRECTION('',(-0.980553559740714,-0.196251666183533,-5.38504196465309E-19));
#5126=DIRECTION('',(0.,0.,1.));
#5127=DIRECTION('',(-0.980553559740714,-0.196251666183533,-5.38504196465309E-19));
#5128=DIRECTION('center_axis',(-0.662018920946838,-0.749487123510728,0.));
#5129=DIRECTION('ref_axis',(0.749487123510728,-0.662018920946838,-9.69395659371986E-19));
#5130=DIRECTION('',(-0.749487123510728,0.662018920946838,9.69395659371986E-19));
#5131=DIRECTION('',(0.,0.,1.));
#5132=DIRECTION('',(-0.749487123510728,0.662018920946838,9.69395659371986E-19));
#5133=DIRECTION('center_axis',(-0.716124878262525,0.697972176188624,0.));
#5134=DIRECTION('ref_axis',(-0.697972176188624,-0.716124878262525,0.));
#5135=DIRECTION('',(0.697972176188624,0.716124878262525,1.3636444490459E-18));
#5136=DIRECTION('',(0.,0.,1.));
#5137=DIRECTION('',(0.697972176188624,0.716124878262525,0.));
#5138=DIRECTION('center_axis',(0.681051307357278,0.732235697536621,0.));
#5139=DIRECTION('ref_axis',(-0.732235697536621,0.681051307357278,1.00536598301572E-18));
#5140=DIRECTION('',(0.732235697536621,-0.681051307357278,-1.00536598301572E-18));
#5141=DIRECTION('',(0.,0.,1.));
#5142=DIRECTION('',(0.732235697536621,-0.681051307357278,-1.00536598301572E-18));
#5143=DIRECTION('center_axis',(-0.717744068131885,0.696307010349237,0.));
#5144=DIRECTION('ref_axis',(-0.696307010349237,-0.717744068131885,-1.36605050169577E-18));
#5145=DIRECTION('',(0.696307010349237,0.717744068131885,1.36605050169577E-18));
#5146=DIRECTION('',(0.,0.,1.));
#5147=DIRECTION('',(0.696307010349237,0.717744068131885,1.36605050169577E-18));
#5148=DIRECTION('center_axis',(0.751450503782125,0.65978946669797,0.));
#5149=DIRECTION('ref_axis',(-0.65978946669797,0.751450503782125,1.14022011160964E-18));
#5150=DIRECTION('',(0.65978946669797,-0.751450503782125,-1.14022011160964E-18));
#5151=DIRECTION('',(0.65978946669797,-0.751450503782125,-1.14022011160964E-18));
#5152=DIRECTION('center_axis',(0.,0.,-1.));
#5153=DIRECTION('ref_axis',(-1.,0.,0.));
#5154=DIRECTION('center_axis',(-2.08801232209995E-19,-1.70069080907276E-18,
1.));
#5155=DIRECTION('ref_axis',(1.,0.,2.08801232209995E-19));
#5156=DIRECTION('',(0.,0.,1.));
#5157=DIRECTION('',(1.,0.,0.));
#5158=CARTESIAN_POINT('',(0.,0.,0.));
#5159=CARTESIAN_POINT('',(0.,0.,0.));
#5160=CARTESIAN_POINT('Origin',(0.185961078370367,6.24412,2.56));
#5161=CARTESIAN_POINT('',(48.453073,35.470372,2.56));
#5162=CARTESIAN_POINT('',(41.833848,42.291143,2.56));
#5163=CARTESIAN_POINT('',(40.7417851791361,43.4164575827082,2.56));
#5164=CARTESIAN_POINT('',(52.879534,39.378752,2.56));
#5165=CARTESIAN_POINT('',(27.6416436922824,17.0947500126612,2.56));
#5166=CARTESIAN_POINT('',(52.9471447488297,39.4446489224269,2.56));
#5167=CARTESIAN_POINT('',(31.0870566967133,18.1386798043768,2.56));
#5168=CARTESIAN_POINT('',(50.1714488162071,42.2925342806025,2.56));
#5169=CARTESIAN_POINT('',(52.587531716888,39.8136146568358,2.56));
#5170=CARTESIAN_POINT('',(50.106256,42.228994,2.56));
#5171=CARTESIAN_POINT('',(28.3451661385047,21.0195136237664,2.56));
#5172=CARTESIAN_POINT('',(48.654611,40.878823,2.56));
#5173=CARTESIAN_POINT('',(27.7507302292319,21.4361813044416,2.56));
#5174=CARTESIAN_POINT('',(41.755807,47.990018,2.56));
#5175=CARTESIAN_POINT('',(45.5594521739752,44.0692713687076,2.56));
#5176=CARTESIAN_POINT('',(32.612703,37.576701,2.56));
#5177=CARTESIAN_POINT('',(22.3588913306691,25.898370383719,2.56));
#5178=CARTESIAN_POINT('',(38.534829,31.474231,2.56));
#5179=CARTESIAN_POINT('',(32.5787518728653,37.6116860264594,2.56));
#5180=CARTESIAN_POINT('',(34.181077,27.424869,2.56));
#5181=CARTESIAN_POINT('',(21.9629608200494,16.0609751974414,2.56));
#5182=CARTESIAN_POINT('',(28.680124,33.095321,2.56));
#5183=CARTESIAN_POINT('',(31.2328852485321,30.4639023844871,2.56));
#5184=CARTESIAN_POINT('',(19.537011,22.681491,2.56));
#5185=CARTESIAN_POINT('',(15.8220404705119,18.4502109590447,2.56));
#5186=CARTESIAN_POINT('',(24.064386,18.019755,2.56));
#5187=CARTESIAN_POINT('',(18.9482775131083,23.2876966026392,2.56));
#5188=CARTESIAN_POINT('',(19.710657,13.970389,2.56));
#5189=CARTESIAN_POINT('',(14.7267093951324,9.33486208113754,2.56));
#5190=CARTESIAN_POINT('',(15.604432,18.203723,2.56));
#5191=CARTESIAN_POINT('',(16.9089131908196,16.8588613381434,2.56));
#5192=CARTESIAN_POINT('',(6.461839,7.789889,2.56));
#5193=CARTESIAN_POINT('',(9.28409534755238,11.00456880789,2.56));
#5194=CARTESIAN_POINT('',(9.583612,4.575614,2.56));
#5195=CARTESIAN_POINT('',(5.32494908855386,8.96046636744905,2.56));
#5196=CARTESIAN_POINT('',(0.192978999999998,-3.880711,2.56));
#5197=CARTESIAN_POINT('',(7.40372924395795,2.61261565398996,2.56));
#5198=CARTESIAN_POINT('',(-9.198172,4.575614,2.56));
#5199=CARTESIAN_POINT('',(-2.32631568958317,-1.61219517420938,2.56));
#5200=CARTESIAN_POINT('',(-6.075896,7.789889,2.56));
#5201=CARTESIAN_POINT('',(-6.50329678202695,7.34989469819911,2.56));
#5202=CARTESIAN_POINT('',(-15.219001,18.203723,2.56));
#5203=CARTESIAN_POINT('',(-4.32981829728655,5.80113754771337,2.56));
#5204=CARTESIAN_POINT('',(-19.325209,13.970389,2.56));
#5205=CARTESIAN_POINT('',(-14.4736595291965,18.972139843463,2.56));
#5206=CARTESIAN_POINT('',(-23.67895,18.019755,2.56));
#5207=CARTESIAN_POINT('',(-12.1680100004557,7.31355794735152,2.56));
#5208=CARTESIAN_POINT('',(-19.151572,22.681491,2.56));
#5209=CARTESIAN_POINT('',(-20.8298048038918,20.9534536507256,2.56));
#5210=CARTESIAN_POINT('',(-28.294684,33.095321,2.56));
#5211=CARTESIAN_POINT('',(-10.8679874749621,13.2466463831588,2.56));
#5212=CARTESIAN_POINT('',(-33.795642,27.424869,2.56));
#5213=CARTESIAN_POINT('',(-28.1002394019188,33.2957567713836,2.56));
#5214=CARTESIAN_POINT('',(-38.149379,31.474231,2.56));
#5215=CARTESIAN_POINT('',(-19.4043002508387,14.0396432943436,2.56));
#5216=CARTESIAN_POINT('',(-32.227259,37.576701,2.56));
#5217=CARTESIAN_POINT('',(-35.157654921268,34.5570639109744,2.56));
#5218=CARTESIAN_POINT('',(-41.370372,47.990018,2.56));
#5219=CARTESIAN_POINT('',(-17.4048296742446,20.6950705007174,2.56));
#5220=CARTESIAN_POINT('',(-48.269175,40.878823,2.56));
#5221=CARTESIAN_POINT('',(-41.7278924399603,47.6214906532931,2.56));
#5222=CARTESIAN_POINT('',(-49.7948105736837,42.2978143241099,2.56));
#5223=CARTESIAN_POINT('',(-26.6431098541491,20.7644527362656,2.56));
#5224=CARTESIAN_POINT('',(-52.575222592089,39.4450899804649,2.56));
#5225=CARTESIAN_POINT('',(-40.5822789814422,51.7499433488071,2.56));
#5226=CARTESIAN_POINT('',(-48.071253,35.466752,2.56));
#5227=CARTESIAN_POINT('',(-29.5196877813028,19.0802300669371,2.56));
#5228=CARTESIAN_POINT('',(-48.053166,35.470372,2.56));
#5229=CARTESIAN_POINT('',(-27.683684957763,39.5471963143087,2.56));
#5230=CARTESIAN_POINT('',(-41.433932,42.291143,2.56));
#5231=CARTESIAN_POINT('',(-43.6582610220689,39.9990894348615,2.56));
#5232=CARTESIAN_POINT('',(-37.366995,37.89141,2.56));
#5233=CARTESIAN_POINT('',(-22.8617129048664,22.1991658594421,2.56));
#5234=CARTESIAN_POINT('',(-43.56145,31.509368,2.56));
#5235=CARTESIAN_POINT('',(-36.1670604952565,39.12768218319,2.56));
#5236=CARTESIAN_POINT('',(-33.229266,22.380729,2.56));
#5237=CARTESIAN_POINT('',(-25.0088034242724,15.1178274424176,2.56));
#5238=CARTESIAN_POINT('',(-28.004267,27.764381,2.56));
#5239=CARTESIAN_POINT('',(-29.1576148503575,26.5760126460017,2.56));
#5240=CARTESIAN_POINT('',(-23.937327,23.364646,2.56));
#5241=CARTESIAN_POINT('',(-16.1464178072663,14.9362118807133,2.56));
#5242=CARTESIAN_POINT('',(-28.737033,18.41973,2.56));
#5243=CARTESIAN_POINT('',(-22.3644333657853,24.9851258581677,2.56));
#5244=CARTESIAN_POINT('',(-18.404853,9.290572,2.56));
#5245=CARTESIAN_POINT('',(-17.5950073846851,8.57502033734828,2.56));
#5246=CARTESIAN_POINT('',(-14.578208,13.234,2.56));
#5247=CARTESIAN_POINT('',(-14.65809545013,13.1516745144399,2.56));
#5248=CARTESIAN_POINT('',(-10.511275,8.834273,2.56));
#5249=CARTESIAN_POINT('',(-9.43480268601207,7.66971378434408,2.56));
#5250=CARTESIAN_POINT('',(-13.913134,5.329574,2.56));
#5251=CARTESIAN_POINT('',(-8.5638414673901,10.8405784801226,2.56));
#5252=CARTESIAN_POINT('',(0.199701000000001,-7.140462,2.56));
#5253=CARTESIAN_POINT('',(-10.1812583963325,2.03210590622189,2.56));
#5254=CARTESIAN_POINT('',(14.312532,5.329574,2.56));
#5255=CARTESIAN_POINT('',(3.51652716734752,-4.20972884571186,2.56));
#5256=CARTESIAN_POINT('',(10.911188,8.834273,2.56));
#5257=CARTESIAN_POINT('',(10.6580397661083,9.09511352720691,2.56));
#5258=CARTESIAN_POINT('',(14.97812,13.234,2.56));
#5259=CARTESIAN_POINT('',(7.79480140404918,5.46287405636314,2.56));
#5260=CARTESIAN_POINT('',(18.804757,9.290572,2.56));
#5261=CARTESIAN_POINT('',(13.137905397743,15.1303789323495,2.56));
#5262=CARTESIAN_POINT('',(29.136949,18.41973,2.56));
#5263=CARTESIAN_POINT('',(12.8209591374176,4.00350066725889,2.56));
#5264=CARTESIAN_POINT('',(24.337243,23.364646,2.56));
#5265=CARTESIAN_POINT('',(25.1574124345329,22.5196632115682,2.56));
#5266=CARTESIAN_POINT('',(28.404176,27.764381,2.56));
#5267=CARTESIAN_POINT('',(14.5064255718746,12.7293610033863,2.56));
#5268=CARTESIAN_POINT('',(33.628656,22.380729,2.56));
#5269=CARTESIAN_POINT('',(26.9389210006426,29.2742772973924,2.56));
#5270=CARTESIAN_POINT('',(43.961358,31.509368,2.56));
#5271=CARTESIAN_POINT('',(20.2340002850254,10.5469437469955,2.56));
#5272=CARTESIAN_POINT('',(37.766916,37.89141,2.56));
#5273=CARTESIAN_POINT('',(39.6574307536813,35.9436406029157,2.56));
#5274=CARTESIAN_POINT('',(21.2217273555789,19.9923124812599,2.56));
#5275=CARTESIAN_POINT('Origin',(61.336537,30.837068,1.56));
#5276=CARTESIAN_POINT('',(50.1714488162071,42.2925342806025,4.56));
#5277=CARTESIAN_POINT('',(50.1714488162071,42.2925342806025,3.06));
#5278=CARTESIAN_POINT('',(52.9471447488297,39.4446489224269,4.56));
#5279=CARTESIAN_POINT('',(52.9471447488297,39.4446489224269,3.06));
#5280=CARTESIAN_POINT('',(61.336537,30.837068,4.56));
#5281=CARTESIAN_POINT('',(38.069222,54.709512,4.56));
#5282=CARTESIAN_POINT('',(61.336537,30.837068,1.56));
#5283=CARTESIAN_POINT('',(61.336537,30.837068,1.56));
#5284=CARTESIAN_POINT('',(38.069222,54.709512,1.56));
#5285=CARTESIAN_POINT('',(38.069222,54.709512,1.56));
#5286=CARTESIAN_POINT('',(38.069222,54.709512,4.56));
#5287=CARTESIAN_POINT('',(38.069222,54.709512,1.56));
#5288=CARTESIAN_POINT('',(38.069222,54.709512,4.56));
#5289=CARTESIAN_POINT('Origin',(-6.075896,7.789889,7.56));
#5290=CARTESIAN_POINT('',(-6.075896,7.789889,6.43083626707588));
#5291=CARTESIAN_POINT('',(-7.158709489233,6.67517001676329,7.56));
#5292=CARTESIAN_POINT('Ctrl Pts',(-6.075896,7.789889,6.43083626707588));
#5293=CARTESIAN_POINT('Ctrl Pts',(-6.43682918889239,7.4183207831841,6.80721790688273));
#5294=CARTESIAN_POINT('Ctrl Pts',(-6.79791203881142,7.04659849552488,7.18375700507544));
#5295=CARTESIAN_POINT('Ctrl Pts',(-7.158709489233,6.67517001676329,7.56));
#5296=CARTESIAN_POINT('',(-6.075896,7.789889,7.56));
#5297=CARTESIAN_POINT('',(-9.198172,4.575614,7.56));
#5298=CARTESIAN_POINT('',(-9.198172,4.575614,7.56));
#5299=CARTESIAN_POINT('',(-5.67976492820135,8.19769221816701,7.56));
#5300=CARTESIAN_POINT('Origin',(9.583612,4.575614,7.56));
#5301=CARTESIAN_POINT('',(7.53571370660211,6.68419405595266,7.56));
#5302=CARTESIAN_POINT('',(6.461839,7.789889,6.44008010636828));
#5303=CARTESIAN_POINT('Ctrl Pts',(7.53571370660211,6.68419405595266,7.56));
#5304=CARTESIAN_POINT('Ctrl Pts',(7.17789309693628,7.05261733340866,7.18683540405933));
#5305=CARTESIAN_POINT('Ctrl Pts',(6.81979329506429,7.42132807588164,6.81338117730059));
#5306=CARTESIAN_POINT('Ctrl Pts',(6.461839,7.789889,6.44008010636828));
#5307=CARTESIAN_POINT('',(9.583612,4.575614,7.56));
#5308=CARTESIAN_POINT('',(7.62334099772145,6.59397025967964,7.56));
#5309=CARTESIAN_POINT('',(9.583612,4.575614,7.56));
#5310=CARTESIAN_POINT('',(6.461839,7.789889,7.56));
#5311=CARTESIAN_POINT('Origin',(6.461839,7.789889,7.56));
#5312=CARTESIAN_POINT('',(12.6619702192533,14.8521236740713,7.56));
#5313=CARTESIAN_POINT('Ctrl Pts',(6.461839,7.789889,6.44008010636828));
#5314=CARTESIAN_POINT('Ctrl Pts',(8.52244036258129,10.1370087427355,6.83950307411938));
#5315=CARTESIAN_POINT('Ctrl Pts',(10.5969245229888,12.4999416308246,7.21552129478218));
#5316=CARTESIAN_POINT('Ctrl Pts',(12.6619702192533,14.8521236740713,7.56));
#5317=CARTESIAN_POINT('',(15.604432,18.203723,7.56));
#5318=CARTESIAN_POINT('',(15.604432,18.203723,7.56));
#5319=CARTESIAN_POINT('',(3.98109618960958,4.96420882107272,7.56));
#5320=CARTESIAN_POINT('Origin',(-48.269175,40.878823,7.56));
#5321=CARTESIAN_POINT('',(-48.269175,40.878823,6.12222153896923));
#5322=CARTESIAN_POINT('',(-41.370372,47.990018,6.10496269577958));
#5323=CARTESIAN_POINT('',(-53.8561221403002,35.1198716907124,6.13619849187008));
#5324=CARTESIAN_POINT('',(-48.269175,40.878823,7.56));
#5325=CARTESIAN_POINT('',(-41.370372,47.990018,7.56));
#5326=CARTESIAN_POINT('Origin',(-41.370372,47.990018,7.56));
#5327=CARTESIAN_POINT('',(-40.086474348433,46.5277552847385,7.56));
#5328=CARTESIAN_POINT('',(-41.3928019400504,48.0155640121772,6.07954291292937));
#5329=CARTESIAN_POINT('',(-32.227259,37.576701,7.56));
#5330=CARTESIAN_POINT('',(-32.227259,37.576701,7.56));
#5331=CARTESIAN_POINT('',(-21.2447606589858,25.0684626486906,7.56));
#5332=CARTESIAN_POINT('Origin',(50.106256,42.228994,7.56));
#5333=CARTESIAN_POINT('',(50.106256,42.228994,4.62827665912327));
#5334=CARTESIAN_POINT('',(49.6349772242633,41.769661401801,5.12184853091938));
#5335=CARTESIAN_POINT('',(50.106256,42.228994,7.56));
#5336=CARTESIAN_POINT('Origin',(52.9471447488297,39.4446489224269,7.56));
#5337=CARTESIAN_POINT('',(52.879534,39.378752,4.630808968219));
#5338=CARTESIAN_POINT('',(52.4315348580724,38.9421089334183,5.09999999999976));
#5339=CARTESIAN_POINT('',(52.879534,39.378752,7.56));
#5340=CARTESIAN_POINT('Origin',(52.879534,39.378752,7.56));
#5341=CARTESIAN_POINT('',(49.9483023751041,36.7905970251543,7.56));
#5342=CARTESIAN_POINT('',(52.1362021021226,38.7224210116492,5.3736233914827));
#5343=CARTESIAN_POINT('',(48.453073,35.470372,7.56));
#5344=CARTESIAN_POINT('',(48.453073,35.470372,7.56));
#5345=CARTESIAN_POINT('',(29.1226291999309,18.4023982983647,7.56));
#5346=CARTESIAN_POINT('Origin',(0.199701000000001,-7.140462,7.56));
#5347=CARTESIAN_POINT('',(0.199701000000001,-7.140462,6.62738087235497));
#5348=CARTESIAN_POINT('',(-0.0123611521851869,-6.95308485912173,6.75966003237915));
#5349=CARTESIAN_POINT('',(1.12697917489729,-7.95980072414603,6.0489675306991));
#5350=CARTESIAN_POINT('',(0.199701000000001,-7.140462,7.56));
#5351=CARTESIAN_POINT('',(-13.913134,5.329574,7.56));
#5352=CARTESIAN_POINT('',(-13.913134,5.329574,7.56));
#5353=CARTESIAN_POINT('',(-4.82887016556545,-2.69723968051826,7.56));
#5354=CARTESIAN_POINT('',(-2.39264324327419,-4.84987856739968,7.56));
#5355=CARTESIAN_POINT('',(0.767034311600585,-7.64175510090131,6.63015101692475));
#5356=CARTESIAN_POINT('Origin',(48.654611,40.878823,7.56));
#5357=CARTESIAN_POINT('',(48.654611,40.878823,6.11473232513242));
#5358=CARTESIAN_POINT('',(49.0648548418673,41.2603896627983,5.69465077407208));
#5359=CARTESIAN_POINT('',(48.654611,40.878823,7.56));
#5360=CARTESIAN_POINT('Origin',(41.755807,47.990018,7.56));
#5361=CARTESIAN_POINT('',(41.755807,47.990018,6.09747369977702));
#5362=CARTESIAN_POINT('',(39.1829593949026,50.6420749398885,6.09103724892077));
#5363=CARTESIAN_POINT('',(41.755807,47.990018,7.56));
#5364=CARTESIAN_POINT('Origin',(32.612703,37.576701,7.56));
#5365=CARTESIAN_POINT('',(40.4653018712931,46.5202284192021,7.56));
#5366=CARTESIAN_POINT('',(39.3892470171555,45.2946817880446,8.77949032952371));
#5367=CARTESIAN_POINT('',(32.612703,37.576701,7.56));
#5368=CARTESIAN_POINT('',(17.0556266748658,19.8583454648538,7.56));
#5369=CARTESIAN_POINT('',(32.612703,37.576701,7.56));
#5370=CARTESIAN_POINT('Origin',(38.534829,31.474231,7.56));
#5371=CARTESIAN_POINT('',(38.534829,31.474231,7.56));
#5372=CARTESIAN_POINT('',(36.2773029194112,33.8005045681427,7.56));
#5373=CARTESIAN_POINT('',(38.534829,31.474231,7.56));
#5374=CARTESIAN_POINT('Origin',(34.181077,27.424869,7.56));
#5375=CARTESIAN_POINT('',(34.181077,27.424869,7.56));
#5376=CARTESIAN_POINT('',(19.0500964188483,13.3517619906771,7.56));
#5377=CARTESIAN_POINT('',(34.181077,27.424869,7.56));
#5378=CARTESIAN_POINT('Origin',(28.680124,33.095321,7.56));
#5379=CARTESIAN_POINT('',(28.680124,33.095321,7.56));
#5380=CARTESIAN_POINT('',(29.2198890399961,32.5389243628035,7.56));
#5381=CARTESIAN_POINT('',(28.680124,33.095321,7.56));
#5382=CARTESIAN_POINT('Origin',(19.537011,22.681491,7.56));
#5383=CARTESIAN_POINT('',(19.537011,22.681491,7.56));
#5384=CARTESIAN_POINT('',(10.5187758872707,12.4098945137711,7.56));
#5385=CARTESIAN_POINT('',(19.537011,22.681491,7.56));
#5386=CARTESIAN_POINT('Origin',(24.064386,18.019755,7.56));
#5387=CARTESIAN_POINT('',(24.064386,18.019755,7.56));
#5388=CARTESIAN_POINT('',(21.9494694572023,20.1974368983529,7.56));
#5389=CARTESIAN_POINT('',(24.064386,18.019755,7.56));
#5390=CARTESIAN_POINT('Origin',(19.710657,13.970389,7.56));
#5391=CARTESIAN_POINT('',(19.710657,13.970389,7.56));
#5392=CARTESIAN_POINT('',(11.8138561603703,6.62564227167398,7.56));
#5393=CARTESIAN_POINT('',(19.710657,13.970389,7.56));
#5394=CARTESIAN_POINT('Origin',(15.604432,18.203723,7.56));
#5395=CARTESIAN_POINT('',(15.5932778884518,18.2152223892582,7.56));
#5396=CARTESIAN_POINT('Origin',(0.192978999999999,-3.880711,7.56));
#5397=CARTESIAN_POINT('',(0.192979,-3.880711,7.56));
#5398=CARTESIAN_POINT('',(1.97452230738042,-2.27641987193827,7.56));
#5399=CARTESIAN_POINT('',(0.192979,-3.880711,7.56));
#5400=CARTESIAN_POINT('Origin',(-9.198172,4.575614,7.56));
#5401=CARTESIAN_POINT('',(-6.28811563980622,1.95523420309165,7.56));
#5402=CARTESIAN_POINT('Origin',(-15.219001,18.203723,7.56));
#5403=CARTESIAN_POINT('',(-12.3297105234341,14.9128725284438,7.56));
#5404=CARTESIAN_POINT('Ctrl Pts',(-12.3297105234341,14.9128725284438,7.56));
#5405=CARTESIAN_POINT('Ctrl Pts',(-10.2468167837319,12.5404935997431,7.21296474415352));
#5406=CARTESIAN_POINT('Ctrl Pts',(-8.15423990885467,10.1570857522766,6.83379246154002));
#5407=CARTESIAN_POINT('Ctrl Pts',(-6.075896,7.789889,6.43083626707588));
#5408=CARTESIAN_POINT('',(-15.219001,18.203723,7.56));
#5409=CARTESIAN_POINT('',(-8.16975006209836,10.1747515409987,7.56));
#5410=CARTESIAN_POINT('',(-15.219001,18.203723,7.56));
#5411=CARTESIAN_POINT('Origin',(-19.325209,13.970389,7.56));
#5412=CARTESIAN_POINT('',(-19.325209,13.970389,7.56));
#5413=CARTESIAN_POINT('',(-17.2643377744883,16.0950636946527,7.56));
#5414=CARTESIAN_POINT('',(-19.325209,13.970389,7.56));
#5415=CARTESIAN_POINT('Origin',(-23.67895,18.019755,7.56));
#5416=CARTESIAN_POINT('',(-23.67895,18.019755,7.56));
#5417=CARTESIAN_POINT('',(-13.6089993557172,8.65380609292515,7.56));
#5418=CARTESIAN_POINT('',(-23.67895,18.019755,7.56));
#5419=CARTESIAN_POINT('Origin',(-19.151572,22.681491,7.56));
#5420=CARTESIAN_POINT('',(-19.151572,22.681491,7.56));
#5421=CARTESIAN_POINT('',(-19.3037175273816,22.524830283304,7.56));
#5422=CARTESIAN_POINT('',(-19.151572,22.681491,7.56));
#5423=CARTESIAN_POINT('Origin',(-28.294684,33.095321,7.56));
#5424=CARTESIAN_POINT('',(-28.294684,33.095321,7.56));
#5425=CARTESIAN_POINT('',(-14.7079226309751,17.6202592105794,7.56));
#5426=CARTESIAN_POINT('',(-28.294684,33.095321,7.56));
#5427=CARTESIAN_POINT('Origin',(-33.795642,27.424869,7.56));
#5428=CARTESIAN_POINT('',(-33.795642,27.424869,7.56));
#5429=CARTESIAN_POINT('',(-31.5882958685358,29.7002272713872,7.56));
#5430=CARTESIAN_POINT('',(-33.795642,27.424869,7.56));
#5431=CARTESIAN_POINT('Origin',(-38.149379,31.474231,7.56));
#5432=CARTESIAN_POINT('',(-38.149379,31.474231,7.56));
#5433=CARTESIAN_POINT('',(-20.8452876097806,15.3798894906067,7.56));
#5434=CARTESIAN_POINT('',(-38.149379,31.474231,7.56));
#5435=CARTESIAN_POINT('Origin',(-32.227259,37.576701,7.56));
#5436=CARTESIAN_POINT('',(-32.9341801350983,36.8482515563374,7.56));
#5437=CARTESIAN_POINT('Origin',(-49.7948105736837,42.2978143241099,7.56));
#5438=CARTESIAN_POINT('',(-49.7948105736837,42.2978143241099,4.56));
#5439=CARTESIAN_POINT('',(-49.3552659850825,41.8889945715142,5.01008522054335));
#5440=CARTESIAN_POINT('',(-49.7948105736837,42.2978143241099,3.06));
#5441=CARTESIAN_POINT('Origin',(-48.071253,35.466752,7.56));
#5442=CARTESIAN_POINT('',(-49.5736637090066,36.7938252547565,7.56));
#5443=CARTESIAN_POINT('',(-52.575222592089,39.4450899804649,4.56));
#5444=CARTESIAN_POINT('',(-50.7347344930537,37.8193943452531,6.39953222714581));
#5445=CARTESIAN_POINT('',(-48.071253,35.466752,7.56));
#5446=CARTESIAN_POINT('',(-26.5355359524841,16.4443409213008,7.56));
#5447=CARTESIAN_POINT('',(-48.071253,35.466752,7.56));
#5448=CARTESIAN_POINT('',(-52.575222592089,39.4450899804649,3.06));
#5449=CARTESIAN_POINT('Origin',(-48.053166,35.470372,7.56));
#5450=CARTESIAN_POINT('',(-48.053166,35.470372,7.56));
#5451=CARTESIAN_POINT('',(-27.9587216472308,39.4921494399861,7.56));
#5452=CARTESIAN_POINT('',(-48.053166,35.470372,7.56));
#5453=CARTESIAN_POINT('Origin',(-41.433932,42.291143,7.56));
#5454=CARTESIAN_POINT('',(-41.433932,42.291143,7.56));
#5455=CARTESIAN_POINT('',(-41.0862293744916,42.6494321894578,7.56));
#5456=CARTESIAN_POINT('',(-41.433932,42.291143,7.56));
#5457=CARTESIAN_POINT('Origin',(-37.366995,37.89141,7.56));
#5458=CARTESIAN_POINT('',(-37.366995,37.89141,7.56));
#5459=CARTESIAN_POINT('',(-20.0926985634272,19.2035640648966,7.56));
#5460=CARTESIAN_POINT('',(-37.366995,37.89141,7.56));
#5461=CARTESIAN_POINT('Origin',(-43.56145,31.509368,7.56));
#5462=CARTESIAN_POINT('',(-43.56145,31.509368,7.56));
#5463=CARTESIAN_POINT('',(-40.0018768688892,35.176735867685,7.56));
#5464=CARTESIAN_POINT('',(-43.56145,31.509368,7.56));
#5465=CARTESIAN_POINT('Origin',(-33.229266,22.380729,7.56));
#5466=CARTESIAN_POINT('',(-33.229266,22.380729,7.56));
#5467=CARTESIAN_POINT('',(-19.1105219877132,9.90660763112212,7.56));
#5468=CARTESIAN_POINT('',(-33.229266,22.380729,7.56));
#5469=CARTESIAN_POINT('Origin',(-28.004267,27.764381,7.56));
#5470=CARTESIAN_POINT('',(-28.004267,27.764381,7.56));
#5471=CARTESIAN_POINT('',(-27.2827024849317,28.5078552561054,7.56));
#5472=CARTESIAN_POINT('',(-28.004267,27.764381,7.56));
#5473=CARTESIAN_POINT('Origin',(-23.937327,23.364646,7.56));
#5474=CARTESIAN_POINT('',(-23.937327,23.364646,7.56));
#5475=CARTESIAN_POINT('',(-13.3774019494966,11.9406092937598,7.56));
#5476=CARTESIAN_POINT('',(-23.937327,23.364646,7.56));
#5477=CARTESIAN_POINT('Origin',(-28.737033,18.41973,7.56));
#5478=CARTESIAN_POINT('',(-28.737033,18.41973,7.56));
#5479=CARTESIAN_POINT('',(-25.5018758621667,21.7527633760831,7.56));
#5480=CARTESIAN_POINT('',(-28.737033,18.41973,7.56));
#5481=CARTESIAN_POINT('Origin',(-18.404853,9.290572,7.56));
#5482=CARTESIAN_POINT('',(-18.404853,9.290572,7.56));
#5483=CARTESIAN_POINT('',(-11.6967227819877,3.36349943208032,7.56));
#5484=CARTESIAN_POINT('',(-18.404853,9.290572,7.56));
#5485=CARTESIAN_POINT('Origin',(-14.578208,13.234,7.56));
#5486=CARTESIAN_POINT('',(-14.578208,13.234,7.56));
#5487=CARTESIAN_POINT('',(-13.4823567693875,14.3632948331062,7.56));
#5488=CARTESIAN_POINT('',(-14.578208,13.234,7.56));
#5489=CARTESIAN_POINT('Origin',(-10.511275,8.834273,7.56));
#5490=CARTESIAN_POINT('',(-10.511275,8.834273,7.56));
#5491=CARTESIAN_POINT('',(-6.66579032264112,4.67411526859352,7.56));
#5492=CARTESIAN_POINT('',(-10.511275,8.834273,7.56));
#5493=CARTESIAN_POINT('Origin',(-13.913134,5.329574,7.56));
#5494=CARTESIAN_POINT('',(-11.0023609640045,8.32834124710821,7.56));
#5495=CARTESIAN_POINT('Origin',(14.312532,5.329574,7.56));
#5496=CARTESIAN_POINT('',(0.387587881477538,-6.97444596990989,6.74458012573207));
#5497=CARTESIAN_POINT('',(5.39928154499899,-2.54613527837788,9.87075237842168));
#5498=CARTESIAN_POINT('',(5.29484425286965,-2.63841561480332,7.56));
#5499=CARTESIAN_POINT('',(19.306311344047,9.74205567687423,9.88823147378296));
#5500=CARTESIAN_POINT('',(14.312532,5.329574,7.56));
#5501=CARTESIAN_POINT('',(9.84063245750754,1.37822304261487,7.56));
#5502=CARTESIAN_POINT('',(14.312532,5.329574,7.56));
#5503=CARTESIAN_POINT('Origin',(10.911188,8.834273,7.56));
#5504=CARTESIAN_POINT('',(10.911188,8.834273,7.56));
#5505=CARTESIAN_POINT('',(9.69485722590739,10.0875638308103,7.56));
#5506=CARTESIAN_POINT('',(10.911188,8.834273,7.56));
#5507=CARTESIAN_POINT('Origin',(14.97812,13.234,7.56));
#5508=CARTESIAN_POINT('',(14.97812,13.234,7.56));
#5509=CARTESIAN_POINT('',(9.09262922482043,6.8669024749348,7.56));
#5510=CARTESIAN_POINT('',(14.97812,13.234,7.56));
#5511=CARTESIAN_POINT('Origin',(18.804757,9.290572,7.56));
#5512=CARTESIAN_POINT('',(18.804757,9.290572,7.56));
#5513=CARTESIAN_POINT('',(15.7887104874128,12.398669859044,7.56));
#5514=CARTESIAN_POINT('',(18.804757,9.290572,7.56));
#5515=CARTESIAN_POINT('Origin',(29.136949,18.41973,7.56));
#5516=CARTESIAN_POINT('',(29.136949,18.41973,7.56));
#5517=CARTESIAN_POINT('',(17.2547481048286,7.92103917430094,7.56));
#5518=CARTESIAN_POINT('',(29.136949,18.41973,7.56));
#5519=CARTESIAN_POINT('Origin',(24.337243,23.364646,7.56));
#5520=CARTESIAN_POINT('',(24.337243,23.364646,7.56));
#5521=CARTESIAN_POINT('',(23.4950517218709,24.2323168794833,7.56));
#5522=CARTESIAN_POINT('',(24.337243,23.364646,7.56));
#5523=CARTESIAN_POINT('Origin',(28.404176,27.764381,7.56));
#5524=CARTESIAN_POINT('',(28.404176,27.764381,7.56));
#5525=CARTESIAN_POINT('',(15.8042539835126,14.1333922688825,7.56));
#5526=CARTESIAN_POINT('',(28.404176,27.764381,7.56));
#5527=CARTESIAN_POINT('Origin',(33.628656,22.380729,7.56));
#5528=CARTESIAN_POINT('',(33.628656,22.380729,7.56));
#5529=CARTESIAN_POINT('',(30.288648747399,25.8224948265473,7.56));
#5530=CARTESIAN_POINT('',(33.628656,22.380729,7.56));
#5531=CARTESIAN_POINT('Origin',(43.961358,31.509368,7.56));
#5532=CARTESIAN_POINT('',(43.961358,31.509368,7.56));
#5533=CARTESIAN_POINT('',(24.6680538299743,14.4642999350002,7.56));
#5534=CARTESIAN_POINT('',(43.961358,31.509368,7.56));
#5535=CARTESIAN_POINT('Origin',(37.766916,37.89141,7.56));
#5536=CARTESIAN_POINT('',(37.766916,37.89141,7.56));
#5537=CARTESIAN_POINT('',(37.2977013750389,38.3748348901703,7.56));
#5538=CARTESIAN_POINT('',(37.766916,37.89141,7.56));
#5539=CARTESIAN_POINT('Origin',(41.833848,42.291143,7.56));
#5540=CARTESIAN_POINT('',(41.833848,42.291143,7.56));
#5541=CARTESIAN_POINT('',(22.5195552551571,21.3963428997904,7.56));
#5542=CARTESIAN_POINT('',(41.833848,42.291143,7.56));
#5543=CARTESIAN_POINT('Origin',(48.453073,35.470372,7.56));
#5544=CARTESIAN_POINT('',(44.7888858112893,39.2461284843814,7.56));
#5545=CARTESIAN_POINT('Origin',(-30.2872380178377,5.88113769884939,7.56));
#5546=CARTESIAN_POINT('',(-30.2872380178377,5.88113769884939,4.56));
#5547=CARTESIAN_POINT('',(-30.382933,5.938838,4.63368686104204));
#5548=CARTESIAN_POINT('Ctrl Pts',(-30.2872380178376,5.88113769884935,4.56));
#5549=CARTESIAN_POINT('Ctrl Pts',(-30.3191863960216,5.9004013112231,4.58460287568591));
#5550=CARTESIAN_POINT('Ctrl Pts',(-30.3510779271188,5.91962974313407,4.60916097185384));
#5551=CARTESIAN_POINT('Ctrl Pts',(-30.382930426944,5.93883362239552,4.63368686104204));
#5552=CARTESIAN_POINT('',(-30.382933,5.938838,4.56));
#5553=CARTESIAN_POINT('',(-19.2412198608229,-0.779175723789336,4.56));
#5554=CARTESIAN_POINT('',(-30.382933,5.938838,7.56));
#5555=CARTESIAN_POINT('Origin',(-30.382933,5.938838,7.56));
#5556=CARTESIAN_POINT('',(-30.390166,5.938838,4.63925387309014));
#5557=CARTESIAN_POINT('Ctrl Pts',(-30.382933,5.938838,4.63368686104204));
#5558=CARTESIAN_POINT('Ctrl Pts',(-30.3853438117028,5.938838,4.63554236210464));
#5559=CARTESIAN_POINT('Ctrl Pts',(-30.3877548115352,5.938838,4.63739803293904));
#5560=CARTESIAN_POINT('Ctrl Pts',(-30.390166,5.938838,4.63925387309014));
#5561=CARTESIAN_POINT('',(-30.390166,5.938838,4.56));
#5562=CARTESIAN_POINT('',(-15.1021024608148,5.938838,4.56));
#5563=CARTESIAN_POINT('',(-30.390166,5.938838,7.56));
#5564=CARTESIAN_POINT('Origin',(-30.390166,5.938838,7.56));
#5565=CARTESIAN_POINT('',(-34.2658769818967,8.27573890927492,7.56));
#5566=CARTESIAN_POINT('Ctrl Pts',(-30.390166,5.938838,4.63925387309015));
#5567=CARTESIAN_POINT('Ctrl Pts',(-31.0423238643794,6.33206347872573,5.14137776450744));
#5568=CARTESIAN_POINT('Ctrl Pts',(-31.632336136038,6.68781761532728,5.594579845664));
#5569=CARTESIAN_POINT('Ctrl Pts',(-32.8565389820431,7.42596366319542,6.52149533850333));
#5570=CARTESIAN_POINT('Ctrl Pts',(-33.5148648739913,7.82290821936059,7.01388838054075));
#5571=CARTESIAN_POINT('Ctrl Pts',(-34.2658769818967,8.2757389092749,7.56000000000001));
#5572=CARTESIAN_POINT('',(-34.545985,8.444633,4.56));
#5573=CARTESIAN_POINT('',(-21.3237101151193,0.472122576625038,4.56));
#5574=CARTESIAN_POINT('',(-34.545985,8.444633,7.56));
#5575=CARTESIAN_POINT('',(-34.545985,8.444633,7.56));
#5576=CARTESIAN_POINT('',(-18.5933100001537,-1.17420103758434,7.56));
#5577=CARTESIAN_POINT('Origin',(-32.302969,-34.506749,7.56));
#5578=CARTESIAN_POINT('',(-32.079258432239,-33.5371943121597,7.56));
#5579=CARTESIAN_POINT('',(-33.087728609842,-33.8950014494518,7.56));
#5580=CARTESIAN_POINT('Origin',(-32.302969,-34.506749,7.56));
#5581=CARTESIAN_POINT('',(-32.079258432239,-33.5371943121597,4.56));
#5582=CARTESIAN_POINT('',(-32.079258432239,-33.5371943121597,7.56));
#5583=CARTESIAN_POINT('',(-33.087728609842,-33.8950014494518,4.56));
#5584=CARTESIAN_POINT('Origin',(-32.302969,-34.506749,4.56));
#5585=CARTESIAN_POINT('',(-33.087728609842,-33.8950014494518,7.56));
#5586=CARTESIAN_POINT('Origin',(-32.6221489959482,-33.6071484228925,7.56));
#5587=CARTESIAN_POINT('',(-32.082049,-33.518178,7.56));
#5588=CARTESIAN_POINT('Origin',(-32.6221489959482,-33.6071484228925,7.56));
#5589=CARTESIAN_POINT('',(-32.082049,-33.518178,4.56));
#5590=CARTESIAN_POINT('',(-32.082049,-33.518178,7.56));
#5591=CARTESIAN_POINT('Origin',(-32.6221489959482,-33.6071484228925,4.56));
#5592=CARTESIAN_POINT('Origin',(-32.714628,-29.65547,7.56));
#5593=CARTESIAN_POINT('',(-32.714628,-29.65547,7.56));
#5594=CARTESIAN_POINT('',(-34.9123900652474,-16.2353072827305,7.56));
#5595=CARTESIAN_POINT('',(-32.714628,-29.65547,4.56));
#5596=CARTESIAN_POINT('',(-32.714628,-29.65547,7.56));
#5597=CARTESIAN_POINT('',(-34.8314607834863,-16.7294845856329,4.56));
#5598=CARTESIAN_POINT('Origin',(-33.241805,-25.806436,7.56));
#5599=CARTESIAN_POINT('',(-33.241805,-25.806436,7.56));
#5600=CARTESIAN_POINT('',(-34.8901062957897,-13.7718295400474,7.56));
#5601=CARTESIAN_POINT('',(-33.241805,-25.806436,4.56));
#5602=CARTESIAN_POINT('',(-33.241805,-25.806436,7.56));
#5603=CARTESIAN_POINT('',(-34.8249162071645,-14.2477965636111,4.56));
#5604=CARTESIAN_POINT('Origin',(-33.672492,-22.003575,7.56));
#5605=CARTESIAN_POINT('',(-33.672492,-22.003575,7.56));
#5606=CARTESIAN_POINT('',(-34.8724045703848,-11.4086401231031,7.56));
#5607=CARTESIAN_POINT('',(-33.672492,-22.003575,4.56));
#5608=CARTESIAN_POINT('',(-33.672492,-22.003575,7.56));
#5609=CARTESIAN_POINT('',(-34.8220755148949,-11.8530333884894,4.56));
#5610=CARTESIAN_POINT('Origin',(-34.015603,-18.279387,7.56));
#5611=CARTESIAN_POINT('',(-34.015603,-18.279387,7.56));
#5612=CARTESIAN_POINT('',(-34.8570303389943,-9.14638456418585,7.56));
#5613=CARTESIAN_POINT('',(-34.015603,-18.279387,4.56));
#5614=CARTESIAN_POINT('',(-34.015603,-18.279387,7.56));
#5615=CARTESIAN_POINT('',(-34.8202899467171,-9.54517133591334,4.56));
#5616=CARTESIAN_POINT('Origin',(-34.280048,-14.666371,7.56));
#5617=CARTESIAN_POINT('',(-34.280048,-14.666371,7.56));
#5618=CARTESIAN_POINT('',(-34.8419501787368,-6.98930559051694,7.56));
#5619=CARTESIAN_POINT('',(-34.280048,-14.666371,4.56));
#5620=CARTESIAN_POINT('',(-34.280048,-14.666371,7.56));
#5621=CARTESIAN_POINT('',(-34.817164199769,-7.32794741995642,4.56));
#5622=CARTESIAN_POINT('Origin',(-34.474741,-11.197027,7.56));
#5623=CARTESIAN_POINT('',(-34.474741,-11.197027,7.56));
#5624=CARTESIAN_POINT('',(-34.8256253088729,-4.94442227521657,7.56));
#5625=CARTESIAN_POINT('',(-34.474741,-11.197027,4.56));
#5626=CARTESIAN_POINT('',(-34.474741,-11.197027,7.56));
#5627=CARTESIAN_POINT('',(-34.8108340679647,-5.20799571081735,4.56));
#5628=CARTESIAN_POINT('Origin',(-34.608593,-7.903853,7.56));
#5629=CARTESIAN_POINT('',(-34.608593,-7.903853,7.56));
#5630=CARTESIAN_POINT('',(-34.8070667460832,-3.02078378710887,7.56));
#5631=CARTESIAN_POINT('',(-34.608593,-7.903853,4.56));
#5632=CARTESIAN_POINT('',(-34.608593,-7.903853,7.56));
#5633=CARTESIAN_POINT('',(-34.8000234061723,-3.19407177584207,4.56));
#5634=CARTESIAN_POINT('Origin',(-34.690518,-4.819349,7.56));
#5635=CARTESIAN_POINT('',(-34.690518,-4.819349,7.56));
#5636=CARTESIAN_POINT('',(-34.7858771550156,-1.22904451318625,7.56));
#5637=CARTESIAN_POINT('',(-34.690518,-4.819349,4.56));
#5638=CARTESIAN_POINT('',(-34.690518,-4.819349,7.56));
#5639=CARTESIAN_POINT('',(-34.7840828034847,-1.29660245611667,4.56));
#5640=CARTESIAN_POINT('Origin',(-34.734233,0.59365,7.56));
#5641=CARTESIAN_POINT('',(-34.734233,0.59365,7.56));
#5642=CARTESIAN_POINT('',(-34.7439920621737,1.80206344588883,7.56));
#5643=CARTESIAN_POINT('',(-34.734233,0.593650000000001,4.56));
#5644=CARTESIAN_POINT('',(-34.734233,0.59365,7.56));
#5645=CARTESIAN_POINT('',(-34.7340517270826,0.571203926100767,4.56));
#5646=CARTESIAN_POINT('Origin',(-34.677183,4.781977,7.56));
#5647=CARTESIAN_POINT('',(-34.677183,4.781977,7.56));
#5648=CARTESIAN_POINT('',(-34.6840907693828,4.27484295940786,7.56));
#5649=CARTESIAN_POINT('',(-34.677183,4.781977,4.56));
#5650=CARTESIAN_POINT('',(-34.677183,4.781977,7.56));
#5651=CARTESIAN_POINT('',(-34.6925181843805,3.65614410270484,4.56));
#5652=CARTESIAN_POINT('Origin',(-34.545985,8.444633,7.56));
#5653=CARTESIAN_POINT('',(-34.6158863298138,6.49319681156386,7.56));
#5654=CARTESIAN_POINT('',(-34.6286913712945,6.13571832858725,4.56));
#5655=CARTESIAN_POINT('Origin',(-30.361739,8.444633,7.56));
#5656=CARTESIAN_POINT('',(-30.361739,8.444633,4.63472855966184));
#5657=CARTESIAN_POINT('',(-30.2633203301195,8.38334868866466,4.56));
#5658=CARTESIAN_POINT('Ctrl Pts',(-30.3617392886246,8.44463361509482,4.63472855966184));
#5659=CARTESIAN_POINT('Ctrl Pts',(-30.3289263522184,8.42420106032765,4.60980251967368));
#5660=CARTESIAN_POINT('Ctrl Pts',(-30.2961180062469,8.40377155878044,4.58489112445905));
#5661=CARTESIAN_POINT('Ctrl Pts',(-30.2633203498866,8.38334873079091,4.56));
#5662=CARTESIAN_POINT('',(-30.361739,8.444633,4.56));
#5663=CARTESIAN_POINT('',(-30.361739,8.444633,7.56));
#5664=CARTESIAN_POINT('',(-18.8125818966585,1.25308956173516,4.56));
#5665=CARTESIAN_POINT('Origin',(-44.856978,17.531417,7.56));
#5666=CARTESIAN_POINT('',(-34.217405340802,10.8616753968131,7.56));
#5667=CARTESIAN_POINT('Ctrl Pts',(-34.217405340802,10.8616753968131,7.56));
#5668=CARTESIAN_POINT('Ctrl Pts',(-33.5450260089826,10.4401738434887,7.05914152200097));
#5669=CARTESIAN_POINT('Ctrl Pts',(-32.8883851634657,10.0285384417106,6.56126549257636));
#5670=CARTESIAN_POINT('Ctrl Pts',(-31.5839086280291,9.21078741942106,5.56700535040933));
#5671=CARTESIAN_POINT('Ctrl Pts',(-30.9713058451631,8.82675862452805,5.09781612813364));
#5672=CARTESIAN_POINT('Ctrl Pts',(-30.361739,8.444633,4.63472855966184));
#5673=CARTESIAN_POINT('',(-44.856978,17.531417,7.56));
#5674=CARTESIAN_POINT('',(-25.4852799275987,5.38767545168009,7.56));
#5675=CARTESIAN_POINT('',(-44.856978,17.531417,4.56));
#5676=CARTESIAN_POINT('',(-44.856978,17.531417,7.56));
#5677=CARTESIAN_POINT('',(-18.9017124524725,1.26056477789976,4.56));
#5678=CARTESIAN_POINT('Origin',(-39.2144309999988,10.7705869999985,7.56));
#5679=CARTESIAN_POINT('',(-39.2144309999988,10.7705869999985,7.56));
#5680=CARTESIAN_POINT('',(-29.2868763681734,-1.12448612592937,7.56));
#5681=CARTESIAN_POINT('',(-39.2144309999988,10.7705869999985,4.56));
#5682=CARTESIAN_POINT('',(-39.2144309999988,10.7705869999985,7.56));
#5683=CARTESIAN_POINT('',(-32.8340780810652,3.12572707682648,4.56));
#5684=CARTESIAN_POINT('Origin',(348.004275846264,38.6086514640392,7.56));
#5685=CARTESIAN_POINT('',(-37.42623,-7.830663,7.56));
#5686=CARTESIAN_POINT('Origin',(348.004275846264,38.6086514640392,7.56));
#5687=CARTESIAN_POINT('',(-37.42623,-7.830663,4.56));
#5688=CARTESIAN_POINT('',(-37.42623,-7.830663,7.56));
#5689=CARTESIAN_POINT('Origin',(348.004275846264,38.6086514640392,4.56));
#5690=CARTESIAN_POINT('Origin',(-36.622679,-14.030092,7.56));
#5691=CARTESIAN_POINT('',(-36.622679,-14.030092,7.56));
#5692=CARTESIAN_POINT('',(-37.4226973462277,-7.8579175690851,7.56));
#5693=CARTESIAN_POINT('',(-36.622679,-14.030092,4.56));
#5694=CARTESIAN_POINT('',(-36.622679,-14.030092,7.56));
#5695=CARTESIAN_POINT('',(-38.0125911855516,-3.3068623474182,4.56));
#5696=CARTESIAN_POINT('Origin',(-35.651784,-20.52046,7.56));
#5697=CARTESIAN_POINT('',(-35.651784,-20.52046,7.56));
#5698=CARTESIAN_POINT('',(-37.0017072239174,-11.4963137277766,7.56));
#5699=CARTESIAN_POINT('',(-35.651784,-20.52046,4.56));
#5700=CARTESIAN_POINT('',(-35.651784,-20.52046,7.56));
#5701=CARTESIAN_POINT('',(-37.703076452576,-6.80770744401726,4.56));
#5702=CARTESIAN_POINT('Origin',(-34.501173,-27.137415,7.56));
#5703=CARTESIAN_POINT('',(-34.501173,-27.137415,7.56));
#5704=CARTESIAN_POINT('',(-36.5602123962121,-15.2962531929577,7.56));
#5705=CARTESIAN_POINT('',(-34.501173,-27.137415,4.56));
#5706=CARTESIAN_POINT('',(-34.501173,-27.137415,7.56));
#5707=CARTESIAN_POINT('',(-37.3845968238751,-10.5553679932274,4.56));
#5708=CARTESIAN_POINT('Origin',(-33.1584730000012,-33.7166029999986,7.56));
#5709=CARTESIAN_POINT('',(-33.1584730000012,-33.7166029999986,7.56));
#5710=CARTESIAN_POINT('',(-36.117324309232,-19.2183241383854,7.56));
#5711=CARTESIAN_POINT('',(-33.1584730000012,-33.7166029999986,4.56));
#5712=CARTESIAN_POINT('',(-33.1584730000012,-33.7166029999986,7.56));
#5713=CARTESIAN_POINT('',(-37.0778008077988,-14.5120193393559,4.56));
#5714=CARTESIAN_POINT('Origin',(-32.6221489959482,-33.6071484228925,7.56));
#5715=CARTESIAN_POINT('Origin',(-32.6221489959482,-33.6071484228925,7.56));
#5716=CARTESIAN_POINT('Origin',(-32.6221489959482,-33.6071484228925,4.56));
#5717=CARTESIAN_POINT('Origin',(0.185961078370371,6.24412,4.56));
#5718=CARTESIAN_POINT('Ctrl Pts',(-30.2872380178376,5.88113769882689,4.56));
#5719=CARTESIAN_POINT('Ctrl Pts',(-30.2867675703707,6.39077162674679,4.56));
#5720=CARTESIAN_POINT('Ctrl Pts',(-30.2841340987202,6.89579588196191,4.56));
#5721=CARTESIAN_POINT('Ctrl Pts',(-30.2793460776198,7.39622852518065,4.56));
#5722=CARTESIAN_POINT('Ctrl Pts',(-30.2724080918019,7.89207932703564,4.56));
#5723=CARTESIAN_POINT('Ctrl Pts',(-30.2633203300958,8.38334868994607,4.56));
#5724=CARTESIAN_POINT('Origin',(30.6349176327775,8.37777750207581,7.56));
#5725=CARTESIAN_POINT('',(30.6349176327775,8.37777750207581,4.56));
#5726=CARTESIAN_POINT('',(34.5892965830969,10.8396357903226,7.56));
#5727=CARTESIAN_POINT('Ctrl Pts',(30.6349176327775,8.37777750207581,4.56));
#5728=CARTESIAN_POINT('Ctrl Pts',(31.2872930116437,8.78392363872268,5.05513245582656));
#5729=CARTESIAN_POINT('Ctrl Pts',(31.943058529514,9.19218035758784,5.55759985149835));
#5730=CARTESIAN_POINT('Ctrl Pts',(33.2809083445526,10.0250789484819,6.57708120149374));
#5731=CARTESIAN_POINT('Ctrl Pts',(33.9278060597121,10.4278148829055,7.06737563650924));
#5732=CARTESIAN_POINT('Ctrl Pts',(34.5892965830969,10.8396357903226,7.56));
#5733=CARTESIAN_POINT('',(45.338022,17.531417,4.56));
#5734=CARTESIAN_POINT('',(26.5359119231636,5.82587964237055,4.56));
#5735=CARTESIAN_POINT('',(45.338022,17.531417,7.56));
#5736=CARTESIAN_POINT('',(45.338022,17.531417,7.56));
#5737=CARTESIAN_POINT('',(18.5221725327961,0.836805255245291,7.56));
#5738=CARTESIAN_POINT('Origin',(33.0043213281044,-33.606666350704,7.56));
#5739=CARTESIAN_POINT('',(32.4612565983456,-33.5400981354462,7.56));
#5740=CARTESIAN_POINT('',(32.464395,-33.518178,7.56));
#5741=CARTESIAN_POINT('Origin',(33.0043213281044,-33.606666350704,7.56));
#5742=CARTESIAN_POINT('',(32.4612565983456,-33.5400981354462,4.56));
#5743=CARTESIAN_POINT('',(32.4612565983456,-33.5400981354462,7.56));
#5744=CARTESIAN_POINT('',(32.464395,-33.518178,4.56));
#5745=CARTESIAN_POINT('Origin',(33.0043213281044,-33.606666350704,4.56));
#5746=CARTESIAN_POINT('',(32.464395,-33.518178,7.56));
#5747=CARTESIAN_POINT('Origin',(32.697199,-34.506749,7.56));
#5748=CARTESIAN_POINT('',(33.4748083417479,-33.8859378995296,7.56));
#5749=CARTESIAN_POINT('Origin',(32.697199,-34.506749,7.56));
#5750=CARTESIAN_POINT('',(33.4748083417479,-33.8859378995296,4.56));
#5751=CARTESIAN_POINT('',(33.4748083417479,-33.8859378995296,7.56));
#5752=CARTESIAN_POINT('Origin',(32.697199,-34.506749,4.56));
#5753=CARTESIAN_POINT('Origin',(33.0043213281044,-33.606666350704,7.56));
#5754=CARTESIAN_POINT('',(33.540292,-33.716603,7.56));
#5755=CARTESIAN_POINT('Origin',(33.0043213281044,-33.606666350704,7.56));
#5756=CARTESIAN_POINT('',(33.540292,-33.716603,4.56));
#5757=CARTESIAN_POINT('',(33.540292,-33.716603,7.56));
#5758=CARTESIAN_POINT('Origin',(33.0043213281044,-33.606666350704,4.56));
#5759=CARTESIAN_POINT('Origin',(34.876017,-27.175284,7.56));
#5760=CARTESIAN_POINT('',(34.876017,-27.175284,7.56));
#5761=CARTESIAN_POINT('',(37.1679595331423,-15.9511718220052,7.56));
#5762=CARTESIAN_POINT('',(34.876017,-27.175284,4.56));
#5763=CARTESIAN_POINT('',(34.876017,-27.175284,7.56));
#5764=CARTESIAN_POINT('',(36.7893816653161,-17.8051452070889,4.56));
#5765=CARTESIAN_POINT('Origin',(36.021539,-20.595721,7.56));
#5766=CARTESIAN_POINT('',(36.021539,-20.595721,7.56));
#5767=CARTESIAN_POINT('',(37.5127321634176,-12.0307180023487,7.56));
#5768=CARTESIAN_POINT('',(36.021539,-20.595721,4.56));
#5769=CARTESIAN_POINT('',(36.021539,-20.595721,7.56));
#5770=CARTESIAN_POINT('',(37.1893455181305,-13.8881618628989,4.56));
#5771=CARTESIAN_POINT('Origin',(36.9891,-14.13944,7.56));
#5772=CARTESIAN_POINT('',(36.9891,-14.13944,7.56));
#5773=CARTESIAN_POINT('',(37.8624184841377,-8.31201461174336,7.56));
#5774=CARTESIAN_POINT('',(36.9891,-14.13944,4.56));
#5775=CARTESIAN_POINT('',(36.9891,-14.13944,7.56));
#5776=CARTESIAN_POINT('',(37.5949414065575,-10.0968190570619,4.56));
#5777=CARTESIAN_POINT('Origin',(37.7909420000092,-7.96796699999974,7.56));
#5778=CARTESIAN_POINT('',(37.7909420000092,-7.96796699999974,7.56));
#5779=CARTESIAN_POINT('',(38.1981891758575,-4.83354032985177,7.56));
#5780=CARTESIAN_POINT('',(37.7909420000092,-7.96796699999974,4.56));
#5781=CARTESIAN_POINT('',(37.7909420000092,-7.96796699999974,7.56));
#5782=CARTESIAN_POINT('',(37.985825154952,-6.46802545432087,4.56));
#5783=CARTESIAN_POINT('Origin',(-349.000597241612,38.73471453351,7.56));
#5784=CARTESIAN_POINT('',(39.5859240000092,10.6393269999994,7.56));
#5785=CARTESIAN_POINT('Origin',(-349.000597241612,38.73471453351,7.56));
#5786=CARTESIAN_POINT('',(39.5859240000092,10.6393269999994,4.56));
#5787=CARTESIAN_POINT('',(39.5859240000092,10.6393269999994,7.56));
#5788=CARTESIAN_POINT('Origin',(-349.000597241612,38.73471453351,4.56));
#5789=CARTESIAN_POINT('Origin',(45.338022,17.531417,7.56));
#5790=CARTESIAN_POINT('',(32.566706211595,2.22899033198136,7.56));
#5791=CARTESIAN_POINT('',(30.4166677476714,-0.347158161463625,4.56));
#5792=CARTESIAN_POINT('Origin',(34.927804,8.444633,7.56));
#5793=CARTESIAN_POINT('',(34.6374784555282,8.26957797524312,7.56));
#5794=CARTESIAN_POINT('',(30.6587579710505,5.87056408833969,4.56));
#5795=CARTESIAN_POINT('Ctrl Pts',(34.6374784555282,8.26957797524314,7.55999999999999));
#5796=CARTESIAN_POINT('Ctrl Pts',(33.8745265396126,7.80954760908352,7.00521773287882));
#5797=CARTESIAN_POINT('Ctrl Pts',(33.2057898294009,7.40632535184569,6.5048464478993));
#5798=CARTESIAN_POINT('Ctrl Pts',(31.949328205988,6.64872780391826,5.55306167418197));
#5799=CARTESIAN_POINT('Ctrl Pts',(31.3391215383824,6.28079688869351,5.08395767307781));
#5800=CARTESIAN_POINT('Ctrl Pts',(30.6587579710504,5.87056408833965,4.56));
#5801=CARTESIAN_POINT('',(34.927804,8.444633,7.56));
#5802=CARTESIAN_POINT('',(21.04926852518,0.0764152616919533,7.56));
#5803=CARTESIAN_POINT('',(34.927804,8.444633,4.56));
#5804=CARTESIAN_POINT('',(34.927804,8.444633,7.56));
#5805=CARTESIAN_POINT('',(19.5673833787837,-0.81710391334688,4.56));
#5806=CARTESIAN_POINT('Origin',(35.05958,4.782477,7.56));
#5807=CARTESIAN_POINT('',(35.05958,4.782477,7.56));
#5808=CARTESIAN_POINT('',(35.0638018427918,4.66514875425794,7.56));
#5809=CARTESIAN_POINT('',(35.05958,4.782477,4.56));
#5810=CARTESIAN_POINT('',(35.05958,4.782477,7.56));
#5811=CARTESIAN_POINT('',(34.9448809351715,7.97005188811273,4.56));
#5812=CARTESIAN_POINT('Origin',(35.117148,0.594588,7.56));
#5813=CARTESIAN_POINT('',(35.117148,0.594588,7.56));
#5814=CARTESIAN_POINT('',(35.0953076298914,2.18340549815263,7.56));
#5815=CARTESIAN_POINT('',(35.117148,0.594587999999998,4.56));
#5816=CARTESIAN_POINT('',(35.117148,0.594588,7.56));
#5817=CARTESIAN_POINT('',(35.0462415498327,5.75280684875065,4.56));
#5818=CARTESIAN_POINT('Origin',(35.073922,-4.818016,7.56));
#5819=CARTESIAN_POINT('',(35.073922,-4.818016,7.56));
#5820=CARTESIAN_POINT('',(35.1051940205152,-0.90224624734095,7.56));
#5821=CARTESIAN_POINT('',(35.073922,-4.818016,4.56));
#5822=CARTESIAN_POINT('',(35.073922,-4.818016,7.56));
#5823=CARTESIAN_POINT('',(35.1385917687245,3.27969946933712,4.56));
#5824=CARTESIAN_POINT('Origin',(34.858469,-11.195464,7.56));
#5825=CARTESIAN_POINT('',(34.858469,-11.195464,7.56));
#5826=CARTESIAN_POINT('',(35.0831561389505,-4.54468380698577,7.56));
#5827=CARTESIAN_POINT('',(34.858469,-11.195464,4.56));
#5828=CARTESIAN_POINT('',(34.858469,-11.195464,7.56));
#5829=CARTESIAN_POINT('',(35.2406815906155,0.118098222830694,4.56));
#5830=CARTESIAN_POINT('Origin',(34.399353,-18.277888,7.56));
#5831=CARTESIAN_POINT('',(34.399353,-18.277888,7.56));
#5832=CARTESIAN_POINT('',(35.0239929018473,-8.64205602681519,7.56));
#5833=CARTESIAN_POINT('',(34.399353,-18.277888,4.56));
#5834=CARTESIAN_POINT('',(34.399353,-18.277888,7.56));
#5835=CARTESIAN_POINT('',(35.348815207311,-3.63127598004825,4.56));
#5836=CARTESIAN_POINT('Origin',(33.62514,-25.805415,7.56));
#5837=CARTESIAN_POINT('',(33.62514,-25.805415,7.56));
#5838=CARTESIAN_POINT('',(34.9308428363949,-13.110312547653,7.56));
#5839=CARTESIAN_POINT('',(33.62514,-25.805415,4.56));
#5840=CARTESIAN_POINT('',(33.62514,-25.805415,7.56));
#5841=CARTESIAN_POINT('',(35.4681425026903,-7.88624921478523,4.56));
#5842=CARTESIAN_POINT('Origin',(33.097549,-29.654884,7.56));
#5843=CARTESIAN_POINT('',(33.097549,-29.654884,7.56));
#5844=CARTESIAN_POINT('',(35.0103283736875,-15.6986472506065,7.56));
#5845=CARTESIAN_POINT('',(33.097549,-29.654884,4.56));
#5846=CARTESIAN_POINT('',(33.097549,-29.654884,7.56));
#5847=CARTESIAN_POINT('',(35.472654430275,-12.3253716967669,4.56));
#5848=CARTESIAN_POINT('Origin',(32.464395,-33.518178,7.56));
#5849=CARTESIAN_POINT('',(34.9797896856889,-18.1700807016271,7.56));
#5850=CARTESIAN_POINT('',(35.5319010287058,-14.801281896267,4.56));
#5851=CARTESIAN_POINT('Origin',(0.185961078370371,6.24412,4.56));
#5852=CARTESIAN_POINT('Ctrl Pts',(30.6349176327535,8.37777750337305,4.56));
#5853=CARTESIAN_POINT('Ctrl Pts',(30.6440066028109,7.88554228112676,4.56));
#5854=CARTESIAN_POINT('Ctrl Pts',(30.650937494728,7.38870838527636,4.56));
#5855=CARTESIAN_POINT('Ctrl Pts',(30.6557100985386,6.88727536840223,4.56));
#5856=CARTESIAN_POINT('Ctrl Pts',(30.6583197759463,6.38123334670504,4.56));
#5857=CARTESIAN_POINT('Ctrl Pts',(30.6587579710504,5.8705640883174,4.56));
#5858=CARTESIAN_POINT('Ctrl Pts',(1.61304999999999,4.605591,4.56));
#5859=CARTESIAN_POINT('Ctrl Pts',(2.64340444298417,3.72964330009474,5.56));
#5860=CARTESIAN_POINT('Ctrl Pts',(3.67375888596835,2.85369560018949,6.56));
#5861=CARTESIAN_POINT('Ctrl Pts',(4.70411332895252,1.97774790028423,7.56));
#5862=CARTESIAN_POINT('Ctrl Pts',(1.7374586562852,4.81475765138895,4.56));
#5863=CARTESIAN_POINT('Ctrl Pts',(2.76486706542513,3.93388405312949,5.56));
#5864=CARTESIAN_POINT('Ctrl Pts',(3.79230374247768,3.0529762915569,6.56));
#5865=CARTESIAN_POINT('Ctrl Pts',(4.81971215161762,2.17210269329744,7.56));
#5866=CARTESIAN_POINT('Ctrl Pts',(1.86197490570412,5.02374023636466,4.56));
#5867=CARTESIAN_POINT('Ctrl Pts',(2.88642772926429,4.13797047002596,5.56));
#5868=CARTESIAN_POINT('Ctrl Pts',(3.91084951597222,3.25224306812348,6.56));
#5869=CARTESIAN_POINT('Ctrl Pts',(4.93530233953239,2.36647330178477,7.56));
#5870=CARTESIAN_POINT('Ctrl Pts',(6.36703764200881,12.5660848889086,4.56));
#5871=CARTESIAN_POINT('Ctrl Pts',(7.28210112837295,11.5075472347478,5.56));
#5872=CARTESIAN_POINT('Ctrl Pts',(8.19801368379621,10.4473587943932,6.56));
#5873=CARTESIAN_POINT('Ctrl Pts',(9.11307717016035,9.38882114023248,7.56));
#5874=CARTESIAN_POINT('Ctrl Pts',(13.1463663299208,23.209418462197,4.56));
#5875=CARTESIAN_POINT('Ctrl Pts',(13.8929542462416,21.9099538916865,5.56));
#5876=CARTESIAN_POINT('Ctrl Pts',(14.6406012324197,20.6106244193462,6.56));
#5877=CARTESIAN_POINT('Ctrl Pts',(15.3871891487405,19.3111598488356,7.56));
#5878=CARTESIAN_POINT('Ctrl Pts',(25.1711014137439,39.7065432799877,4.56));
#5879=CARTESIAN_POINT('Ctrl Pts',(25.5804646584427,38.0480489632912,5.56));
#5880=CARTESIAN_POINT('Ctrl Pts',(25.9891343154627,36.3894258128443,6.56000000000001));
#5881=CARTESIAN_POINT('Ctrl Pts',(26.3984975601615,34.7309314961477,7.56000000000002));
#5882=CARTESIAN_POINT('Ctrl Pts',(32.8221481412227,48.8585733903047,4.56));
#5883=CARTESIAN_POINT('Ctrl Pts',(33.0146963550058,47.0138466910025,5.56));
#5884=CARTESIAN_POINT('Ctrl Pts',(33.2108241436037,45.1684691064141,6.56));
#5885=CARTESIAN_POINT('Ctrl Pts',(33.4033723573868,43.3237424071119,7.56));
#5886=CARTESIAN_POINT('Ctrl Pts',(38.069222,54.709512,4.56));
#5887=CARTESIAN_POINT('Ctrl Pts',(38.1165100540574,52.7506983534914,5.56));
#5888=CARTESIAN_POINT('Ctrl Pts',(38.1637981081149,50.7918847069827,6.56));
#5889=CARTESIAN_POINT('Ctrl Pts',(38.2110861621724,48.8330710604741,7.56));
#5890=CARTESIAN_POINT('',(38.2110861621723,48.833071060474,7.56));
#5891=CARTESIAN_POINT('Ctrl Pts',(12.6611287177623,14.8541375818845,7.56));
#5892=CARTESIAN_POINT('Ctrl Pts',(14.2951144468387,17.3843518944704,7.56));
#5893=CARTESIAN_POINT('Ctrl Pts',(18.0863565920794,23.0909600377919,7.56));
#5894=CARTESIAN_POINT('Ctrl Pts',(26.3984975601615,34.7309314961477,7.56000000000002));
#5895=CARTESIAN_POINT('Ctrl Pts',(33.4033723573868,43.3237424071119,7.56));
#5896=CARTESIAN_POINT('Ctrl Pts',(38.2110861621724,48.8330710604741,7.56));
#5897=CARTESIAN_POINT('',(38.069222,54.709512,4.56));
#5898=CARTESIAN_POINT('',(1.61304999999999,4.605591,4.56));
#5899=CARTESIAN_POINT('Ctrl Pts',(38.069222,54.709512,4.56));
#5900=CARTESIAN_POINT('Ctrl Pts',(37.2732007744158,53.8218798743122,4.56));
#5901=CARTESIAN_POINT('Ctrl Pts',(35.6870577432915,52.0365231100556,4.56));
#5902=CARTESIAN_POINT('Ctrl Pts',(33.3255412165693,49.3282108358986,4.56));
#5903=CARTESIAN_POINT('Ctrl Pts',(30.2128329573608,45.6555737725121,4.56));
#5904=CARTESIAN_POINT('Ctrl Pts',(26.3859347369682,40.9553106376257,4.56));
#5905=CARTESIAN_POINT('Ctrl Pts',(22.6285442953089,36.1361361272367,4.56));
#5906=CARTESIAN_POINT('Ctrl Pts',(18.9460273557955,31.1888707572247,4.56));
#5907=CARTESIAN_POINT('Ctrl Pts',(15.3407437423527,26.1094774267975,4.56));
#5908=CARTESIAN_POINT('Ctrl Pts',(11.8089954695739,20.9042825146624,4.56));
#5909=CARTESIAN_POINT('Ctrl Pts',(8.34496197554387,15.5832436260852,4.56));
#5910=CARTESIAN_POINT('Ctrl Pts',(5.62332746991441,11.2415718329726,4.56));
#5911=CARTESIAN_POINT('Ctrl Pts',(3.60820397116806,7.94066298660364,4.56));
#5912=CARTESIAN_POINT('Ctrl Pts',(2.27619938997025,5.72053542117206,4.56));
#5913=CARTESIAN_POINT('Ctrl Pts',(1.61304999999999,4.605591,4.56));
#5914=CARTESIAN_POINT('',(4.70411332895252,1.97774790028423,7.56));
#5915=CARTESIAN_POINT('',(1.61304999999999,4.605591,4.56));
#5916=CARTESIAN_POINT('Ctrl Pts',(4.70411332895252,1.97774790028423,7.56));
#5917=CARTESIAN_POINT('Ctrl Pts',(4.81971215161762,2.17210269329744,7.56));
#5918=CARTESIAN_POINT('Ctrl Pts',(4.93530233953239,2.36647330178477,7.56));
#5919=CARTESIAN_POINT('Ctrl Pts',(5.87405474487753,3.9444056202487,7.56));
#5920=CARTESIAN_POINT('Ctrl Pts',(6.70214598716723,5.31925610662306,7.56));
#5921=CARTESIAN_POINT('Ctrl Pts',(7.53541530286218,6.68464929507069,7.56));
#5922=CARTESIAN_POINT('Origin',(-60.965044,30.837068,4.56));
#5923=CARTESIAN_POINT('',(-60.965044,30.837068,4.56));
#5924=CARTESIAN_POINT('',(-60.965044,30.837068,4.56));
#5925=CARTESIAN_POINT('',(-56.3629063254155,29.8280095560278,7.56));
#5926=CARTESIAN_POINT('',(-60.965044,30.837068,4.56));
#5927=CARTESIAN_POINT('',(-37.8395945690686,48.8330714038627,7.56));
#5928=CARTESIAN_POINT('Origin',(-60.965044,30.837068,4.56));
#5929=CARTESIAN_POINT('',(-37.8395945690686,48.8330714038627,7.56));
#5930=CARTESIAN_POINT('',(-37.8395945690686,48.8330714038627,7.56));
#5931=CARTESIAN_POINT('',(-37.697731,54.709512,4.56));
#5932=CARTESIAN_POINT('',(-37.697731,54.709512,4.56));
#5933=CARTESIAN_POINT('',(-60.965044,30.837068,4.56));
#5934=CARTESIAN_POINT('Origin',(38.069222,54.709512,4.56));
#5935=CARTESIAN_POINT('',(56.7343997197901,29.8280089981488,7.56));
#5936=CARTESIAN_POINT('',(56.7343997197901,29.8280089981488,7.56));
#5937=CARTESIAN_POINT('',(61.336537,30.837068,4.56));
#5938=CARTESIAN_POINT('Origin',(-0.556842999999989,-10.068965,4.56));
#5939=CARTESIAN_POINT('',(-34.1292805009771,15.5454325292926,7.56));
#5940=CARTESIAN_POINT('',(-34.1292805009771,15.5454325292926,7.56));
#5941=CARTESIAN_POINT('',(-30.262524,8.426032,4.56));
#5942=CARTESIAN_POINT('',(-30.262524,8.426032,4.56));
#5943=CARTESIAN_POINT('',(-0.556842999999989,-10.068965,4.56));
#5944=CARTESIAN_POINT('',(-0.556842999999987,-10.068965,4.56));
#5945=CARTESIAN_POINT('',(-0.556842999999989,-10.068965,4.56));
#5946=CARTESIAN_POINT('Ctrl Pts',(-30.262524,8.426032,4.56));
#5947=CARTESIAN_POINT('Ctrl Pts',(-31.551442833659,10.7991655097642,5.56));
#5948=CARTESIAN_POINT('Ctrl Pts',(-32.8403616673181,13.1722990195284,6.56));
#5949=CARTESIAN_POINT('Ctrl Pts',(-34.1292805009771,15.5454325292926,7.56));
#5950=CARTESIAN_POINT('Ctrl Pts',(-30.2905149620105,6.93833717726756,4.56));
#5951=CARTESIAN_POINT('Ctrl Pts',(-31.5799003570033,9.28696265456993,5.56));
#5952=CARTESIAN_POINT('Ctrl Pts',(-32.8692700525926,11.6355546744971,6.56));
#5953=CARTESIAN_POINT('Ctrl Pts',(-34.1586554475854,13.9841801517995,7.56));
#5954=CARTESIAN_POINT('Ctrl Pts',(-30.2948916281362,5.40031736232809,4.56));
#5955=CARTESIAN_POINT('Ctrl Pts',(-31.5926095942094,7.74119824915859,5.56));
#5956=CARTESIAN_POINT('Ctrl Pts',(-32.8903124281206,10.0820468874758,6.56));
#5957=CARTESIAN_POINT('Ctrl Pts',(-34.1880303941937,12.4229277743063,7.56));
#5958=CARTESIAN_POINT('Ctrl Pts',(-30.2752006864388,3.81100649123964,4.56));
#5959=CARTESIAN_POINT('Ctrl Pts',(-31.5892689045599,6.16122945976412,5.56));
#5960=CARTESIAN_POINT('Ctrl Pts',(-32.903337122681,8.5114524282886,6.56));
#5961=CARTESIAN_POINT('Ctrl Pts',(-34.217405340802,10.8616753968131,7.56));
#5962=CARTESIAN_POINT('Ctrl Pts',(-30.2633203300958,8.38334868994607,4.56));
#5963=CARTESIAN_POINT('Ctrl Pts',(-30.2631623631722,8.39188812049065,4.56));
#5964=CARTESIAN_POINT('Ctrl Pts',(-30.2630037467001,8.40042616676665,4.56));
#5965=CARTESIAN_POINT('Ctrl Pts',(-30.2628444806803,8.40896282877617,4.56));
#5966=CARTESIAN_POINT('Ctrl Pts',(-30.2626845651136,8.41749810652049,4.56));
#5967=CARTESIAN_POINT('Ctrl Pts',(-30.262524,8.426032,4.56));
#5968=CARTESIAN_POINT('Ctrl Pts',(-34.1292805009771,15.5454325292926,7.56));
#5969=CARTESIAN_POINT('Ctrl Pts',(-34.1586554475854,13.9841801517995,7.56));
#5970=CARTESIAN_POINT('Ctrl Pts',(-34.1880303941937,12.4229277743063,7.56));
#5971=CARTESIAN_POINT('Ctrl Pts',(-34.217405340802,10.8616753968131,7.56));
#5972=CARTESIAN_POINT('Ctrl Pts',(-30.2872380178376,5.88113769884935,4.56));
#5973=CARTESIAN_POINT('Ctrl Pts',(-31.5843562856683,8.22893393509698,5.56));
#5974=CARTESIAN_POINT('Ctrl Pts',(-32.8814745534991,10.5767301713446,6.56));
#5975=CARTESIAN_POINT('Ctrl Pts',(-34.1785928213298,12.9245264075922,7.56));
#5976=CARTESIAN_POINT('Ctrl Pts',(-30.288584293199,4.42272278849279,4.56));
#5977=CARTESIAN_POINT('Ctrl Pts',(-31.5940573181737,6.76446485893934,5.56));
#5978=CARTESIAN_POINT('Ctrl Pts',(-32.9008609160072,9.10836841433067,6.56));
#5979=CARTESIAN_POINT('Ctrl Pts',(-34.2063339409819,11.4501104847772,7.56));
#5980=CARTESIAN_POINT('Ctrl Pts',(-30.268481693519,2.91859766621334,4.56));
#5981=CARTESIAN_POINT('Ctrl Pts',(-31.5908814840861,5.27179103949071,5.56));
#5982=CARTESIAN_POINT('Ctrl Pts',(-32.9118287133834,7.62262811270848,6.56));
#5983=CARTESIAN_POINT('Ctrl Pts',(-34.2342285039505,9.97582148598585,7.56));
#5984=CARTESIAN_POINT('Ctrl Pts',(-30.0619860806588,-4.82950899785785,4.56));
#5985=CARTESIAN_POINT('Ctrl Pts',(-31.4969915042718,-2.35503551148454,5.56));
#5986=CARTESIAN_POINT('Ctrl Pts',(-32.9361755669154,0.126108263696581,6.56));
#5987=CARTESIAN_POINT('Ctrl Pts',(-34.3711809905284,2.6005817500699,7.56));
#5988=CARTESIAN_POINT('Ctrl Pts',(-29.26907366228,-15.2894360487486,4.56000000000001));
#5989=CARTESIAN_POINT('Ctrl Pts',(-30.8504330067488,-12.6214836616701,5.56));
#5990=CARTESIAN_POINT('Ctrl Pts',(-32.4306494075247,-9.95537086938261,6.56));
#5991=CARTESIAN_POINT('Ctrl Pts',(-34.0120087519935,-7.28741848230405,7.55999999999999));
#5992=CARTESIAN_POINT('Ctrl Pts',(-26.9906546348353,-31.8385393164515,4.56));
#5993=CARTESIAN_POINT('Ctrl Pts',(-28.7532596841704,-28.9150828273043,5.56));
#5994=CARTESIAN_POINT('Ctrl Pts',(-30.5159806744443,-25.9915096358027,6.56));
#5995=CARTESIAN_POINT('Ctrl Pts',(-32.2785857237794,-23.0680531466555,7.56000000000001));
#5996=CARTESIAN_POINT('Ctrl Pts',(-24.7752610678673,-45.3299500532449,4.56));
#5997=CARTESIAN_POINT('Ctrl Pts',(-26.6397307214823,-42.2705037350292,5.56));
#5998=CARTESIAN_POINT('Ctrl Pts',(-28.5051244128636,-39.2094598354492,6.56));
#5999=CARTESIAN_POINT('Ctrl Pts',(-30.3695940664786,-36.1500135172336,7.56));
#6000=CARTESIAN_POINT('Ctrl Pts',(-23.0102023663246,-54.9382638988405,4.56));
#6001=CARTESIAN_POINT('Ctrl Pts',(-24.9288380412668,-51.8123174524512,5.56));
#6002=CARTESIAN_POINT('Ctrl Pts',(-26.8463585279456,-48.6882966144921,6.56));
#6003=CARTESIAN_POINT('Ctrl Pts',(-28.7649942028877,-45.5623501681029,7.56));
#6004=CARTESIAN_POINT('Ctrl Pts',(-22.061475,-59.883497,4.56));
#6005=CARTESIAN_POINT('Ctrl Pts',(-24.0046673348702,-56.7286116657528,5.56));
#6006=CARTESIAN_POINT('Ctrl Pts',(-25.9478596697403,-53.5737263315056,6.56));
#6007=CARTESIAN_POINT('Ctrl Pts',(-27.8910520046105,-50.4188409972584,7.56));
#6008=CARTESIAN_POINT('',(-27.8910520046105,-50.4188409972584,7.56));
#6009=CARTESIAN_POINT('Ctrl Pts',(-34.2656222167706,8.27573457473817,7.56));
#6010=CARTESIAN_POINT('Ctrl Pts',(-34.3650254654292,2.43284093427893,7.56));
#6011=CARTESIAN_POINT('Ctrl Pts',(-34.0009907256334,-7.38772374298298,7.55999999999999));
#6012=CARTESIAN_POINT('Ctrl Pts',(-32.2785857237794,-23.0680531466555,7.56000000000001));
#6013=CARTESIAN_POINT('Ctrl Pts',(-30.3695940664786,-36.1500135172336,7.56));
#6014=CARTESIAN_POINT('Ctrl Pts',(-28.7649942028877,-45.5623501681029,7.56));
#6015=CARTESIAN_POINT('Ctrl Pts',(-27.8910520046105,-50.4188409972584,7.56));
#6016=CARTESIAN_POINT('',(-22.061475,-59.883497,4.56));
#6017=CARTESIAN_POINT('',(-22.061475,-59.883497,4.56));
#6018=CARTESIAN_POINT('Ctrl Pts',(-22.061475,-59.883497,4.56));
#6019=CARTESIAN_POINT('Ctrl Pts',(-22.3914069572104,-58.1637295580128,4.56));
#6020=CARTESIAN_POINT('Ctrl Pts',(-23.0377002317311,-54.7531153901508,4.56));
#6021=CARTESIAN_POINT('Ctrl Pts',(-23.966430448153,-49.7239515463474,4.56));
#6022=CARTESIAN_POINT('Ctrl Pts',(-25.1219593732566,-43.1948099996064,4.56));
#6023=CARTESIAN_POINT('Ctrl Pts',(-26.4182119778543,-35.3491273086697,4.56));
#6024=CARTESIAN_POINT('Ctrl Pts',(-27.550444972435,-27.8529907417478,4.56));
#6025=CARTESIAN_POINT('Ctrl Pts',(-28.5003329106067,-20.7454540970605,4.56));
#6026=CARTESIAN_POINT('Ctrl Pts',(-29.2512044136691,-14.0620461495065,4.56));
#6027=CARTESIAN_POINT('Ctrl Pts',(-29.7969500018767,-7.81578695785656,4.56));
#6028=CARTESIAN_POINT('Ctrl Pts',(-30.1107857851339,-2.58326889997038,4.56));
#6029=CARTESIAN_POINT('Ctrl Pts',(-30.2428477126243,1.24522499869642,4.56));
#6030=CARTESIAN_POINT('Ctrl Pts',(-30.2828480341546,3.86088266492529,4.56));
#6031=CARTESIAN_POINT('Ctrl Pts',(-30.2876960208404,5.38498481101972,4.56));
#6032=CARTESIAN_POINT('Ctrl Pts',(-30.2872380178376,5.88113769882689,4.56));
#6033=CARTESIAN_POINT('Ctrl Pts',(22.432451,-59.883497,4.56));
#6034=CARTESIAN_POINT('Ctrl Pts',(24.375686639391,-56.7286503391318,5.56));
#6035=CARTESIAN_POINT('Ctrl Pts',(26.318922278782,-53.5738036782636,6.56));
#6036=CARTESIAN_POINT('Ctrl Pts',(28.2621579181729,-50.4189570173954,7.56));
#6037=CARTESIAN_POINT('Ctrl Pts',(24.3300610450214,-49.9930184525836,4.56));
#6038=CARTESIAN_POINT('Ctrl Pts',(26.2235384924978,-46.8967137878405,5.56));
#6039=CARTESIAN_POINT('Ctrl Pts',(28.1167047539199,-43.8022704905818,6.56));
#6040=CARTESIAN_POINT('Ctrl Pts',(30.0101822013963,-40.7059658258387,7.56));
#6041=CARTESIAN_POINT('Ctrl Pts',(26.7905568226405,-35.9796604985,4.56));
#6042=CARTESIAN_POINT('Ctrl Pts',(28.5980260291457,-32.9930291691973,5.56));
#6043=CARTESIAN_POINT('Ctrl Pts',(30.4069556416082,-30.0037760755901,6.56));
#6044=CARTESIAN_POINT('Ctrl Pts',(32.2144248481134,-27.0171447462873,7.56));
#6045=CARTESIAN_POINT('Ctrl Pts',(29.6420429339603,-15.2862973204879,4.56));
#6046=CARTESIAN_POINT('Ctrl Pts',(31.2236836101825,-12.6180013055588,5.56));
#6047=CARTESIAN_POINT('Ctrl Pts',(32.8033953735326,-9.95314786979,6.56000000000001));
#6048=CARTESIAN_POINT('Ctrl Pts',(34.3850360497548,-7.28485185486089,7.56000000000001));
#6049=CARTESIAN_POINT('Ctrl Pts',(30.4332391667354,-4.83006902355306,4.56));
#6050=CARTESIAN_POINT('Ctrl Pts',(31.8680764820983,-2.35584449549347,5.56));
#6051=CARTESIAN_POINT('Ctrl Pts',(33.3075160162928,0.125730278761668,6.56));
#6052=CARTESIAN_POINT('Ctrl Pts',(34.7423533316557,2.59995480682126,7.56));
#6053=CARTESIAN_POINT('Ctrl Pts',(30.6399485110505,2.91499407396912,4.56));
#6054=CARTESIAN_POINT('Ctrl Pts',(31.9624319353533,5.2682905690134,5.56));
#6055=CARTESIAN_POINT('Ctrl Pts',(33.2833408749494,7.61904953170291,6.56));
#6056=CARTESIAN_POINT('Ctrl Pts',(34.6058242992522,9.97234602674719,7.56));
#6057=CARTESIAN_POINT('Ctrl Pts',(30.6600065493911,4.41548033879176,4.56));
#6058=CARTESIAN_POINT('Ctrl Pts',(31.9655086428139,6.75721208132154,5.56));
#6059=CARTESIAN_POINT('Ctrl Pts',(33.2724382753307,9.10123771396041,6.56));
#6060=CARTESIAN_POINT('Ctrl Pts',(34.5779403687535,11.4429694564902,7.56));
#6061=CARTESIAN_POINT('Ctrl Pts',(30.6587579710504,5.87056408833966,4.56));
#6062=CARTESIAN_POINT('Ctrl Pts',(31.9559238951771,8.21830937982769,5.56));
#6063=CARTESIAN_POINT('Ctrl Pts',(33.2530898193038,10.5660546713157,6.56));
#6064=CARTESIAN_POINT('Ctrl Pts',(34.5502557434305,12.9137999628038,7.56));
#6065=CARTESIAN_POINT('',(22.432451,-59.883497,4.56));
#6066=CARTESIAN_POINT('Ctrl Pts',(30.6587579710504,5.8705640883174,4.56));
#6067=CARTESIAN_POINT('Ctrl Pts',(30.6591819599904,5.37645058617512,4.56));
#6068=CARTESIAN_POINT('Ctrl Pts',(30.6542685007226,3.85430914873201,4.56));
#6069=CARTESIAN_POINT('Ctrl Pts',(30.6142208252427,1.24064549931777,4.56));
#6070=CARTESIAN_POINT('Ctrl Pts',(30.4821774407813,-2.58570717295251,4.56));
#6071=CARTESIAN_POINT('Ctrl Pts',(30.1684816561126,-7.81579934567594,4.56));
#6072=CARTESIAN_POINT('Ctrl Pts',(29.6227107302957,-14.0620604341308,4.56));
#6073=CARTESIAN_POINT('Ctrl Pts',(28.8717940249008,-20.7454690308258,4.56));
#6074=CARTESIAN_POINT('Ctrl Pts',(27.9218416547267,-27.8530050216618,4.56));
#6075=CARTESIAN_POINT('Ctrl Pts',(26.7895266288675,-35.3491396992374,4.56));
#6076=CARTESIAN_POINT('Ctrl Pts',(25.4931761760644,-43.1948193604235,4.56));
#6077=CARTESIAN_POINT('Ctrl Pts',(24.3375575473562,-49.7239576488759,4.56));
#6078=CARTESIAN_POINT('Ctrl Pts',(23.4087540699917,-54.753118609485,4.56));
#6079=CARTESIAN_POINT('Ctrl Pts',(22.7624093392522,-58.1637306631404,4.56));
#6080=CARTESIAN_POINT('Ctrl Pts',(22.432451,-59.883497,4.56));
#6081=CARTESIAN_POINT('',(28.2621579181729,-50.4189570173954,7.56));
#6082=CARTESIAN_POINT('',(22.432451,-59.883497,4.56));
#6083=CARTESIAN_POINT('Ctrl Pts',(28.2621579181729,-50.4189570173954,7.56));
#6084=CARTESIAN_POINT('Ctrl Pts',(30.0101822013963,-40.7059658258387,7.56));
#6085=CARTESIAN_POINT('Ctrl Pts',(32.2144248481134,-27.0171447462873,7.56));
#6086=CARTESIAN_POINT('Ctrl Pts',(34.373699793433,-7.38790593007468,7.56000000000001));
#6087=CARTESIAN_POINT('Ctrl Pts',(34.7360612996385,2.42772507535472,7.56));
#6088=CARTESIAN_POINT('Ctrl Pts',(34.6371734846719,8.26957281228209,7.56));
#6089=CARTESIAN_POINT('Ctrl Pts',(30.646442248032,3.78861027482647,4.56));
#6090=CARTESIAN_POINT('Ctrl Pts',(31.960727026387,6.13895211332517,5.56));
#6091=CARTESIAN_POINT('Ctrl Pts',(33.275011804742,8.48929395182388,6.56));
#6092=CARTESIAN_POINT('Ctrl Pts',(34.589296583097,10.8396357903226,7.56));
#6093=CARTESIAN_POINT('Ctrl Pts',(30.6664469118337,5.38587067656758,4.56));
#6094=CARTESIAN_POINT('Ctrl Pts',(31.9642270512455,7.72666604037044,5.56));
#6095=CARTESIAN_POINT('Ctrl Pts',(33.2619917807354,10.0674285669933,6.56));
#6096=CARTESIAN_POINT('Ctrl Pts',(34.5597719201472,12.4082239307962,7.56));
#6097=CARTESIAN_POINT('Ctrl Pts',(30.6621515703044,6.93134991662863,4.56));
#6098=CARTESIAN_POINT('Ctrl Pts',(31.9515221294902,9.27984865973955,5.56));
#6099=CARTESIAN_POINT('Ctrl Pts',(33.2408766980115,11.6283133281588,6.56000000000001));
#6100=CARTESIAN_POINT('Ctrl Pts',(34.5302472571974,13.9768120712698,7.56));
#6101=CARTESIAN_POINT('Ctrl Pts',(30.634018,8.426032,4.56));
#6102=CARTESIAN_POINT('Ctrl Pts',(31.9229195314159,10.7991547372478,5.56));
#6103=CARTESIAN_POINT('Ctrl Pts',(33.2118210628318,13.1722774744956,6.56));
#6104=CARTESIAN_POINT('Ctrl Pts',(34.5007225942476,15.5454002117434,7.56));
#6105=CARTESIAN_POINT('',(34.5007225942476,15.5454002117435,7.56));
#6106=CARTESIAN_POINT('Ctrl Pts',(34.589296583097,10.8396357903226,7.56));
#6107=CARTESIAN_POINT('Ctrl Pts',(34.5597719201472,12.4082239307962,7.56));
#6108=CARTESIAN_POINT('Ctrl Pts',(34.5302472571974,13.9768120712698,7.56));
#6109=CARTESIAN_POINT('Ctrl Pts',(34.5007225942476,15.5454002117434,7.56));
#6110=CARTESIAN_POINT('',(30.634018,8.426032,4.56));
#6111=CARTESIAN_POINT('',(30.634018,8.426032,4.56));
#6112=CARTESIAN_POINT('Ctrl Pts',(30.634018,8.426032,4.56));
#6113=CARTESIAN_POINT('Ctrl Pts',(30.6341995869196,8.41638463877384,4.56));
#6114=CARTESIAN_POINT('Ctrl Pts',(30.6343803436554,8.40673550849935,4.56));
#6115=CARTESIAN_POINT('Ctrl Pts',(30.634560270207,8.39708460917594,4.56));
#6116=CARTESIAN_POINT('Ctrl Pts',(30.6347393665736,8.38743194080163,4.56));
#6117=CARTESIAN_POINT('Ctrl Pts',(30.6349176327535,8.37777750337305,4.56));
#6118=CARTESIAN_POINT('Origin',(0.185760689395474,3.29264593687408,7.56));
#6119=CARTESIAN_POINT('',(56.7343997197901,29.8280089981488,7.56));
#6120=CARTESIAN_POINT('Origin',(0.185760689395474,3.29264593687408,7.56));
#6121=CARTESIAN_POINT('',(0.185746999999998,-5.81938084379546,7.56));
#6122=CARTESIAN_POINT('',(33.7639344494323,-46.2310318462142,7.56));
#6123=CARTESIAN_POINT('',(28.2621579181729,-50.4189570173954,7.56));
#6124=CARTESIAN_POINT('Ctrl Pts',(56.7343997197901,29.8280089981488,7.56));
#6125=CARTESIAN_POINT('Ctrl Pts',(56.1793102134017,28.2942016240214,7.56));
#6126=CARTESIAN_POINT('Ctrl Pts',(55.3663936657655,26.0779473528523,7.56));
#6127=CARTESIAN_POINT('Ctrl Pts',(54.3325018053733,23.2549423941763,7.56));
#6128=CARTESIAN_POINT('Ctrl Pts',(53.2986099449812,20.4319374355002,7.56));
#6129=CARTESIAN_POINT('Ctrl Pts',(52.0437427718332,17.0021817893171,7.56));
#6130=CARTESIAN_POINT('Ctrl Pts',(50.6707345107755,13.1840696999349,7.56));
#6131=CARTESIAN_POINT('Ctrl Pts',(49.2977262497177,9.36595761055267,7.56));
#6132=CARTESIAN_POINT('Ctrl Pts',(47.8065769007502,5.15948907797133,7.56));
#6133=CARTESIAN_POINT('Ctrl Pts',(46.3239661728606,0.834563526903613,7.56));
#6134=CARTESIAN_POINT('Ctrl Pts',(44.841355444971,-3.4903620241641,7.56));
#6135=CARTESIAN_POINT('Ctrl Pts',(43.3672833381592,-7.9337445937182,7.56));
#6136=CARTESIAN_POINT('Ctrl Pts',(42.0074263751067,-12.268820080329,7.56));
#6137=CARTESIAN_POINT('Ctrl Pts',(40.6475694120542,-16.6038955669397,7.56));
#6138=CARTESIAN_POINT('Ctrl Pts',(39.401927592761,-20.8306639706071,7.56));
#6139=CARTESIAN_POINT('Ctrl Pts',(38.3161493827337,-24.8440653787714,7.56));
#6140=CARTESIAN_POINT('Ctrl Pts',(37.2303711727063,-28.8574667869357,7.56));
#6141=CARTESIAN_POINT('Ctrl Pts',(36.3044565719449,-32.6575011995969,7.56));
#6142=CARTESIAN_POINT('Ctrl Pts',(35.545089484137,-36.2235399049813,7.56));
#6143=CARTESIAN_POINT('Ctrl Pts',(34.785722396329,-39.7895786103658,7.56));
#6144=CARTESIAN_POINT('Ctrl Pts',(34.1929028214745,-43.1216216084736,7.56));
#6145=CARTESIAN_POINT('Ctrl Pts',(33.7639344494323,-46.2310318462142,7.56));
#6146=CARTESIAN_POINT('Origin',(0.185760689395474,3.29264593687408,7.56));
#6147=CARTESIAN_POINT('',(-33.3924369455548,-46.2310706342358,7.56));
#6148=CARTESIAN_POINT('Ctrl Pts',(-33.3924369455548,-46.2310706342358,7.56));
#6149=CARTESIAN_POINT('Ctrl Pts',(-33.8214039410179,-43.121660319073,7.56));
#6150=CARTESIAN_POINT('Ctrl Pts',(-34.414312060912,-39.7894117665053,7.56));
#6151=CARTESIAN_POINT('Ctrl Pts',(-35.1736617573326,-36.2234169164658,7.56));
#6152=CARTESIAN_POINT('Ctrl Pts',(-35.9330114537532,-32.6574220664262,7.56));
#6153=CARTESIAN_POINT('Ctrl Pts',(-36.8588027267003,-28.8576809189149,7.56));
#6154=CARTESIAN_POINT('Ctrl Pts',(-37.9446837436474,-24.8440768813171,7.56));
#6155=CARTESIAN_POINT('Ctrl Pts',(-39.0305647605945,-20.8304728437193,7.56));
#6156=CARTESIAN_POINT('Ctrl Pts',(-40.2765355215415,-16.603005916035,7.56));
#6157=CARTESIAN_POINT('Ctrl Pts',(-41.6362820023528,-12.2681404941257,7.56));
#6158=CARTESIAN_POINT('Ctrl Pts',(-42.996028483164,-7.93327507221636,7.56));
#6159=CARTESIAN_POINT('Ctrl Pts',(-44.4695506838395,-3.491011156082,7.56));
#6160=CARTESIAN_POINT('Ctrl Pts',(-45.9519709709652,0.833520187999162,7.56));
#6161=CARTESIAN_POINT('Ctrl Pts',(-47.4343912580908,5.15805153208032,7.56));
#6162=CARTESIAN_POINT('Ctrl Pts',(-48.9257096316667,9.36485030410828,7.56));
#6163=CARTESIAN_POINT('Ctrl Pts',(-50.2989731781314,13.1834964008948,7.56));
#6164=CARTESIAN_POINT('Ctrl Pts',(-51.6722367245961,17.0021424976813,7.56));
#6165=CARTESIAN_POINT('Ctrl Pts',(-52.9274454439498,20.4326359192264,7.56));
#6166=CARTESIAN_POINT('Ctrl Pts',(-53.961340313612,23.2556505705376,7.56));
#6167=CARTESIAN_POINT('Ctrl Pts',(-54.9952351832742,26.0786652218487,7.56));
#6168=CARTESIAN_POINT('Ctrl Pts',(-55.8078162032449,28.294201102926,7.56));
#6169=CARTESIAN_POINT('Ctrl Pts',(-56.3629063254154,29.8280095560277,7.56));
#6170=CARTESIAN_POINT('',(-33.3924369455548,-46.2310706342358,7.56));
#6171=CARTESIAN_POINT('Origin',(0.185760689395474,3.29264593687408,7.56));
#6172=CARTESIAN_POINT('Ctrl Pts',(-37.8395945690686,48.8330714038627,7.56));
#6173=CARTESIAN_POINT('Ctrl Pts',(-33.0318795346316,43.3237430041519,7.56));
#6174=CARTESIAN_POINT('Ctrl Pts',(-26.0270029020794,34.73092936769,7.56));
#6175=CARTESIAN_POINT('Ctrl Pts',(-17.7285123902229,23.1100733444981,7.56));
#6176=CARTESIAN_POINT('Ctrl Pts',(-13.9501087907039,17.4242162900429,7.56));
#6177=CARTESIAN_POINT('Ctrl Pts',(-12.3288749597046,14.9148860863379,7.56));
#6178=CARTESIAN_POINT('Origin',(0.185760689395474,3.29264593687408,7.56));
#6179=CARTESIAN_POINT('',(0.185746999999991,-1.81427191195354,7.56));
#6180=CARTESIAN_POINT('',(4.70411332895252,1.97774790028423,7.56));
#6181=CARTESIAN_POINT('',(-4.33261946004921,1.97774801030658,7.56));
#6182=CARTESIAN_POINT('',(0.185746999999991,-1.81427191195354,7.56));
#6183=CARTESIAN_POINT('Ctrl Pts',(-7.15841267166298,6.67562222096537,7.56));
#6184=CARTESIAN_POINT('Ctrl Pts',(-6.32700241482031,5.31319649701849,7.56));
#6185=CARTESIAN_POINT('Ctrl Pts',(-5.50074694120858,3.94135667784122,7.56));
#6186=CARTESIAN_POINT('Ctrl Pts',(-4.56380848990697,2.36647355293348,7.56));
#6187=CARTESIAN_POINT('Ctrl Pts',(-4.44821829571086,2.172102861967,7.56));
#6188=CARTESIAN_POINT('Ctrl Pts',(-4.33261946004925,1.97774801030664,7.56));
#6189=CARTESIAN_POINT('Origin',(30.634018,8.426032,4.56));
#6190=CARTESIAN_POINT('',(0.928336999999995,-10.068965,4.56));
#6191=CARTESIAN_POINT('',(0.928336999999995,-10.068965,4.56));
#6192=CARTESIAN_POINT('',(30.634018,8.426032,4.56));
#6193=CARTESIAN_POINT('Origin',(0.928336999999995,-10.068965,4.56));
#6194=CARTESIAN_POINT('',(0.928336999999995,-10.068965,4.56));
#6195=CARTESIAN_POINT('Origin',(-22.061475,-59.883497,4.56));
#6196=CARTESIAN_POINT('',(-37.143759,-48.402544,4.56));
#6197=CARTESIAN_POINT('',(-22.061475,-59.883497,4.56));
#6198=CARTESIAN_POINT('',(-37.143759,-48.402544,4.56));
#6199=CARTESIAN_POINT('Ctrl Pts',(-37.143759,-48.402544,4.56));
#6200=CARTESIAN_POINT('Ctrl Pts',(-35.8933183151849,-47.6787195447453,5.56));
#6201=CARTESIAN_POINT('Ctrl Pts',(-34.6428776303699,-46.9548950894905,6.56));
#6202=CARTESIAN_POINT('Ctrl Pts',(-33.3924369455548,-46.2310706342358,7.56));
#6203=CARTESIAN_POINT('Ctrl Pts',(-37.545044464923,-45.105365183453,4.56));
#6204=CARTESIAN_POINT('Ctrl Pts',(-36.3039354099194,-44.4440407099809,5.56));
#6205=CARTESIAN_POINT('Ctrl Pts',(-35.0625129960214,-43.7829847925451,6.56));
#6206=CARTESIAN_POINT('Ctrl Pts',(-33.8214039410179,-43.1216603190731,7.56));
#6207=CARTESIAN_POINT('Ctrl Pts',(-38.762440605558,-37.8932598458796,4.56));
#6208=CARTESIAN_POINT('Ctrl Pts',(-37.5105664366468,-37.4147993089896,5.56));
#6209=CARTESIAN_POINT('Ctrl Pts',(-36.2590943497172,-36.9356237508277,6.56));
#6210=CARTESIAN_POINT('Ctrl Pts',(-35.0072201808061,-36.4571632139376,7.56));
#6211=CARTESIAN_POINT('Ctrl Pts',(-41.8690366567211,-25.1829050858727,4.56));
#6212=CARTESIAN_POINT('Ctrl Pts',(-40.5076480794281,-25.1410882698807,5.56));
#6213=CARTESIAN_POINT('Ctrl Pts',(-39.1459825769405,-25.0997565873955,6.56));
#6214=CARTESIAN_POINT('Ctrl Pts',(-37.7845939996475,-25.0579397714036,7.56));
#6215=CARTESIAN_POINT('Ctrl Pts',(-46.2152177837954,-10.7650234856086,4.56));
#6216=CARTESIAN_POINT('Ctrl Pts',(-44.6508807122753,-11.3020696616634,5.56));
#6217=CARTESIAN_POINT('Ctrl Pts',(-43.0868433540086,-11.8384928122959,6.56));
#6218=CARTESIAN_POINT('Ctrl Pts',(-41.5225062824885,-12.3755389883507,7.56));
#6219=CARTESIAN_POINT('Ctrl Pts',(-51.3228021282247,4.25753271005156,4.56));
#6220=CARTESIAN_POINT('Ctrl Pts',(-49.5295859569632,3.15549654642554,5.56));
#6221=CARTESIAN_POINT('Ctrl Pts',(-47.7362890557765,2.05328892367838,6.56));
#6222=CARTESIAN_POINT('Ctrl Pts',(-45.943072884515,0.951252760052353,7.56));
#6223=CARTESIAN_POINT('Ctrl Pts',(-56.178561253034,17.706497050896,4.56));
#6224=CARTESIAN_POINT('Ctrl Pts',(-54.2581834053135,16.3285068205142,5.56));
#6225=CARTESIAN_POINT('Ctrl Pts',(-52.337405852963,14.9496393065181,6.56));
#6226=CARTESIAN_POINT('Ctrl Pts',(-50.4170280052425,13.5716490761363,7.56));
#6227=CARTESIAN_POINT('Ctrl Pts',(-59.6934649397364,27.2539384421171,4.56));
#6228=CARTESIAN_POINT('Ctrl Pts',(-57.8562153867258,26.1229739356572,5.56));
#6229=CARTESIAN_POINT('Ctrl Pts',(-56.019903716314,24.9940938472315,6.56000000000001));
#6230=CARTESIAN_POINT('Ctrl Pts',(-54.1826541633034,23.8631293407715,7.56000000000001));
#6231=CARTESIAN_POINT('Ctrl Pts',(-60.7520527606561,30.2009326387137,4.56));
#6232=CARTESIAN_POINT('Ctrl Pts',(-59.1052366049406,29.5681814505756,5.56));
#6233=CARTESIAN_POINT('Ctrl Pts',(-57.4546323589605,28.9269522910642,6.56));
#6234=CARTESIAN_POINT('Ctrl Pts',(-55.807816203245,28.2942011029261,7.56));
#6235=CARTESIAN_POINT('Ctrl Pts',(-60.965044,30.837068,4.56));
#6236=CARTESIAN_POINT('Ctrl Pts',(-59.4309981084718,30.5007151853426,5.56));
#6237=CARTESIAN_POINT('Ctrl Pts',(-57.8969522169436,30.1643623706852,6.56));
#6238=CARTESIAN_POINT('Ctrl Pts',(-56.3629063254155,29.8280095560278,7.56));
#6239=CARTESIAN_POINT('Ctrl Pts',(-60.965044,30.837068,4.56));
#6240=CARTESIAN_POINT('Ctrl Pts',(-60.9054064529837,30.6589500988398,4.56));
#6241=CARTESIAN_POINT('Ctrl Pts',(-60.7445748479901,30.1926562670185,4.56));
#6242=CARTESIAN_POINT('Ctrl Pts',(-60.3786414471889,29.163004206384,4.56));
#6243=CARTESIAN_POINT('Ctrl Pts',(-59.6396877239902,27.1252331034278,4.56));
#6244=CARTESIAN_POINT('Ctrl Pts',(-58.3007531640484,23.4717768378259,4.56));
#6245=CARTESIAN_POINT('Ctrl Pts',(-56.5783342878045,18.775635433902,4.56));
#6246=CARTESIAN_POINT('Ctrl Pts',(-54.5450408137074,13.1903109428109,4.56));
#6247=CARTESIAN_POINT('Ctrl Pts',(-52.2973225531481,6.92120487801844,4.56));
#6248=CARTESIAN_POINT('Ctrl Pts',(-49.9450305280225,0.202966831172401,4.56));
#6249=CARTESIAN_POINT('Ctrl Pts',(-47.59980706538,-6.72541495828509,4.56));
#6250=CARTESIAN_POINT('Ctrl Pts',(-45.3643961121183,-13.6427965787126,4.56));
#6251=CARTESIAN_POINT('Ctrl Pts',(-43.3220069904934,-20.3675684386232,4.56));
#6252=CARTESIAN_POINT('Ctrl Pts',(-41.5234582390894,-26.7830758962654,4.56));
#6253=CARTESIAN_POINT('Ctrl Pts',(-39.9945904926877,-32.8240299845943,4.56));
#6254=CARTESIAN_POINT('Ctrl Pts',(-38.7447193281379,-38.4606162297338,4.56));
#6255=CARTESIAN_POINT('Ctrl Pts',(-37.9675713712448,-42.6407530156379,4.56));
#6256=CARTESIAN_POINT('Ctrl Pts',(-37.5080485375269,-45.592453444026,4.56));
#6257=CARTESIAN_POINT('Ctrl Pts',(-37.2561189301784,-47.4793339313668,4.56));
#6258=CARTESIAN_POINT('Ctrl Pts',(-37.143759,-48.402544,4.56));
#6259=CARTESIAN_POINT('Ctrl Pts',(-37.697731,54.709512,4.56));
#6260=CARTESIAN_POINT('Ctrl Pts',(-37.7450188563562,52.7506984679542,5.56));
#6261=CARTESIAN_POINT('Ctrl Pts',(-37.7923067127124,50.7918849359085,6.56));
#6262=CARTESIAN_POINT('Ctrl Pts',(-37.8395945690686,48.8330714038627,7.56));
#6263=CARTESIAN_POINT('Ctrl Pts',(-32.4506557156373,48.8585737105707,4.56));
#6264=CARTESIAN_POINT('Ctrl Pts',(-32.6432037949669,47.0138471029277,5.56));
#6265=CARTESIAN_POINT('Ctrl Pts',(-32.839331455302,45.1684696117949,6.56));
#6266=CARTESIAN_POINT('Ctrl Pts',(-33.0318795346316,43.3237430041519,7.56));
#6267=CARTESIAN_POINT('Ctrl Pts',(-24.7996094769983,39.7065403255055,4.56));
#6268=CARTESIAN_POINT('Ctrl Pts',(-25.2089726774419,38.0480460768588,5.56));
#6269=CARTESIAN_POINT('Ctrl Pts',(-25.6176397016359,36.3894236163366,6.56));
#6270=CARTESIAN_POINT('Ctrl Pts',(-26.0270029020794,34.73092936769,7.56));
#6271=CARTESIAN_POINT('Ctrl Pts',(-12.7748731931811,23.2094159445904,4.56));
#6272=CARTESIAN_POINT('Ctrl Pts',(-13.5214611688185,21.9099514286628,5.56));
#6273=CARTESIAN_POINT('Ctrl Pts',(-14.2691070392096,20.6106228539659,6.56000000000001));
#6274=CARTESIAN_POINT('Ctrl Pts',(-15.015695014847,19.3111583380382,7.56));
#6275=CARTESIAN_POINT('Ctrl Pts',(-5.99554408761937,12.5660835826751,4.56));
#6276=CARTESIAN_POINT('Ctrl Pts',(-6.91060763123887,11.5075459704978,5.56));
#6277=CARTESIAN_POINT('Ctrl Pts',(-7.82651958523727,10.4473580112769,6.56));
#6278=CARTESIAN_POINT('Ctrl Pts',(-8.74158312885678,9.38882039909959,7.56));
#6279=CARTESIAN_POINT('Ctrl Pts',(-1.49048091420345,5.02374039198445,4.56));
#6280=CARTESIAN_POINT('Ctrl Pts',(-2.51493378112909,4.13797066009983,5.56));
#6281=CARTESIAN_POINT('Ctrl Pts',(-3.53935562298133,3.25224328481811,6.56));
#6282=CARTESIAN_POINT('Ctrl Pts',(-4.56380848990697,2.36647355293348,7.56));
#6283=CARTESIAN_POINT('Ctrl Pts',(-1.36596466963948,4.81475771344187,4.56));
#6284=CARTESIAN_POINT('Ctrl Pts',(-2.39337312234194,3.93388415073026,5.56));
#6285=CARTESIAN_POINT('Ctrl Pts',(-3.42080984300841,3.05297642467862,6.56));
#6286=CARTESIAN_POINT('Ctrl Pts',(-4.44821829571086,2.172102861967,7.56));
#6287=CARTESIAN_POINT('Ctrl Pts',(-1.24155599999999,4.605591,4.56));
#6288=CARTESIAN_POINT('Ctrl Pts',(-2.27191048668308,3.72964333676888,5.56));
#6289=CARTESIAN_POINT('Ctrl Pts',(-3.30226497336616,2.85369567353776,6.56));
#6290=CARTESIAN_POINT('Ctrl Pts',(-4.33261946004925,1.97774801030664,7.56));
#6291=CARTESIAN_POINT('',(-1.24155599999999,4.605591,4.56));
#6292=CARTESIAN_POINT('',(-1.241556,4.605591,4.56));
#6293=CARTESIAN_POINT('Ctrl Pts',(-1.24155599999999,4.605591,4.56));
#6294=CARTESIAN_POINT('Ctrl Pts',(-1.90470529250818,5.72053546839749,4.56));
#6295=CARTESIAN_POINT('Ctrl Pts',(-3.23670969246496,7.94066312408446,4.56));
#6296=CARTESIAN_POINT('Ctrl Pts',(-5.2518329603975,11.2415720932502,4.56));
#6297=CARTESIAN_POINT('Ctrl Pts',(-7.97346724173508,15.5832440245042,4.56));
#6298=CARTESIAN_POINT('Ctrl Pts',(-11.4375006039993,20.9042830402793,4.56));
#6299=CARTESIAN_POINT('Ctrl Pts',(-14.9692489071213,26.1094780302969,4.56));
#6300=CARTESIAN_POINT('Ctrl Pts',(-18.5745327266059,31.1888713856427,4.56));
#6301=CARTESIAN_POINT('Ctrl Pts',(-22.2570500559356,36.1361367262463,4.56));
#6302=CARTESIAN_POINT('Ctrl Pts',(-26.0144410647245,40.9553111560092,4.56));
#6303=CARTESIAN_POINT('Ctrl Pts',(-29.8413400165165,45.6555741633015,4.56));
#6304=CARTESIAN_POINT('Ctrl Pts',(-32.9540489816508,49.3282110903194,4.56));
#6305=CARTESIAN_POINT('Ctrl Pts',(-35.3155661014781,52.0365232441644,4.56));
#6306=CARTESIAN_POINT('Ctrl Pts',(-36.901709555839,53.8218799203292,4.56));
#6307=CARTESIAN_POINT('Ctrl Pts',(-37.697731,54.709512,4.56));
#6308=CARTESIAN_POINT('Origin',(-1.241556,4.605591,4.56));
#6309=CARTESIAN_POINT('',(0.185746999999998,3.407733,4.56));
#6310=CARTESIAN_POINT('',(-1.24155599999999,4.605591,4.56));
#6311=CARTESIAN_POINT('',(0.185747000000001,3.407733,4.56));
#6312=CARTESIAN_POINT('Origin',(0.185747000000001,3.407733,4.56));
#6313=CARTESIAN_POINT('',(0.185747,3.407733,4.56));
#6314=CARTESIAN_POINT('Origin',(38.069222,54.709512,4.56));
#6315=CARTESIAN_POINT('Ctrl Pts',(61.336537,30.837068,4.56));
#6316=CARTESIAN_POINT('Ctrl Pts',(59.80249123993,30.5007149993829,5.56));
#6317=CARTESIAN_POINT('Ctrl Pts',(58.2684454798601,30.1643619987659,6.56));
#6318=CARTESIAN_POINT('Ctrl Pts',(56.7343997197901,29.8280089981488,7.56));
#6319=CARTESIAN_POINT('Ctrl Pts',(61.1235460801888,30.2009325728826,4.56));
#6320=CARTESIAN_POINT('Ctrl Pts',(59.4772318579761,29.5693067956856,5.56));
#6321=CARTESIAN_POINT('Ctrl Pts',(57.8256244356144,28.9258274012185,6.56));
#6322=CARTESIAN_POINT('Ctrl Pts',(56.1793102134017,28.2942016240214,7.56));
#6323=CARTESIAN_POINT('Ctrl Pts',(60.0638028434244,27.2514545951798,4.56));
#6324=CARTESIAN_POINT('Ctrl Pts',(58.2262829161971,26.1198790792502,5.56));
#6325=CARTESIAN_POINT('Ctrl Pts',(56.3909970453565,24.9932685976129,6.56000000000001));
#6326=CARTESIAN_POINT('Ctrl Pts',(54.5534771181292,23.8616930816832,7.56));
#6327=CARTESIAN_POINT('Ctrl Pts',(56.551669986596,17.710068024428,4.56));
#6328=CARTESIAN_POINT('Ctrl Pts',(54.631492812344,16.3325309277946,5.56));
#6329=CARTESIAN_POINT('Ctrl Pts',(52.7090527729373,14.9499632397674,6.56));
#6330=CARTESIAN_POINT('Ctrl Pts',(50.7888755986853,13.572426143134,7.56));
#6331=CARTESIAN_POINT('Ctrl Pts',(51.6953931470666,4.25988020578681,4.56));
#6332=CARTESIAN_POINT('Ctrl Pts',(49.9020196264163,3.15748052968078,5.56));
#6333=CARTESIAN_POINT('Ctrl Pts',(48.1088010724331,2.05542022149602,6.56));
#6334=CARTESIAN_POINT('Ctrl Pts',(46.3154275517827,0.95302054538999,7.56));
#6335=CARTESIAN_POINT('Ctrl Pts',(46.5859276374726,-10.7665380783112,4.56));
#6336=CARTESIAN_POINT('Ctrl Pts',(45.0217451039442,-11.3032537840398,5.56));
#6337=CARTESIAN_POINT('Ctrl Pts',(43.4573937648758,-11.8404114575437,6.56));
#6338=CARTESIAN_POINT('Ctrl Pts',(41.8932112313475,-12.3771271632723,7.56));
#6339=CARTESIAN_POINT('Ctrl Pts',(42.2408843722738,-25.1820340809302,4.56));
#6340=CARTESIAN_POINT('Ctrl Pts',(40.8794861878703,-25.1402442582859,5.56));
#6341=CARTESIAN_POINT('Ctrl Pts',(39.5176839578713,-25.0992221969189,6.56));
#6342=CARTESIAN_POINT('Ctrl Pts',(38.1562857734678,-25.0574323742745,7.56));
#6343=CARTESIAN_POINT('Ctrl Pts',(39.1339231282767,-37.8933346014275,4.56));
#6344=CARTESIAN_POINT('Ctrl Pts',(37.8819837563215,-37.4149856299542,5.56));
#6345=CARTESIAN_POINT('Ctrl Pts',(36.6304813431387,-36.9358845837313,6.56000000000001));
#6346=CARTESIAN_POINT('Ctrl Pts',(35.3785419711835,-36.457535612258,7.56000000000001));
#6347=CARTESIAN_POINT('Ctrl Pts',(37.9165367775471,-45.1053652320589,4.56));
#6348=CARTESIAN_POINT('Ctrl Pts',(36.6754657709639,-44.443962956398,5.56));
#6349=CARTESIAN_POINT('Ctrl Pts',(35.4339738280577,-43.7830238841345,6.56));
#6350=CARTESIAN_POINT('Ctrl Pts',(34.1929028214745,-43.1216216084736,7.56));
#6351=CARTESIAN_POINT('Ctrl Pts',(37.515251,-48.402544,4.56));
#6352=CARTESIAN_POINT('Ctrl Pts',(36.2648121498108,-47.6787066154047,5.56));
#6353=CARTESIAN_POINT('Ctrl Pts',(35.0143732996216,-46.9548692308095,6.56));
#6354=CARTESIAN_POINT('Ctrl Pts',(33.7639344494323,-46.2310318462142,7.56));
#6355=CARTESIAN_POINT('',(37.515251,-48.402544,4.56));
#6356=CARTESIAN_POINT('Ctrl Pts',(37.515251,-48.402544,4.56));
#6357=CARTESIAN_POINT('Ctrl Pts',(37.6276110177132,-47.4793339449765,4.56));
#6358=CARTESIAN_POINT('Ctrl Pts',(37.8795407964535,-45.5924534844489,4.56));
#6359=CARTESIAN_POINT('Ctrl Pts',(38.3390638762261,-42.640753095062,4.56));
#6360=CARTESIAN_POINT('Ctrl Pts',(39.1162121389643,-38.4606163587081,4.56));
#6361=CARTESIAN_POINT('Ctrl Pts',(40.3660836475221,-32.8240301711182,4.56));
#6362=CARTESIAN_POINT('Ctrl Pts',(41.8949516975298,-26.7830761352625,4.56));
#6363=CARTESIAN_POINT('Ctrl Pts',(43.693500709334,-20.3675687236853,4.56));
#6364=CARTESIAN_POINT('Ctrl Pts',(45.7358900447141,-13.6427969015134,4.56));
#6365=CARTESIAN_POINT('Ctrl Pts',(47.9713011615706,-6.72541530730981,4.56));
#6366=CARTESIAN_POINT('Ctrl Pts',(50.3165247335743,0.202966470441094,4.56));
#6367=CARTESIAN_POINT('Ctrl Pts',(52.6688168087873,6.92120452195944,4.56));
#6368=CARTESIAN_POINT('Ctrl Pts',(54.916535054612,13.1903106088789,4.56));
#6369=CARTESIAN_POINT('Ctrl Pts',(56.9498284433245,18.7756351395081,4.56));
#6370=CARTESIAN_POINT('Ctrl Pts',(58.6722471581279,23.4717765993011,4.56));
#6371=CARTESIAN_POINT('Ctrl Pts',(60.011181475956,27.1252329342992,4.56));
#6372=CARTESIAN_POINT('Ctrl Pts',(60.7501349392462,29.1630041005318,4.56));
#6373=CARTESIAN_POINT('Ctrl Pts',(61.1160681082608,30.1926562125845,4.56));
#6374=CARTESIAN_POINT('Ctrl Pts',(61.2768995424529,30.6589500804071,4.56));
#6375=CARTESIAN_POINT('Ctrl Pts',(61.336537,30.837068,4.56));
#6376=CARTESIAN_POINT('',(37.515251,-48.402544,4.56));
#6377=CARTESIAN_POINT('Origin',(37.515251,-48.402544,4.56));
#6378=CARTESIAN_POINT('',(37.515251,-48.402544,4.56));
#6379=CARTESIAN_POINT('Ctrl Pts',(30.634018,8.426032,1.56));
#6380=CARTESIAN_POINT('Ctrl Pts',(30.634018,8.426032,4.56));
#6381=CARTESIAN_POINT('Ctrl Pts',(30.6524159945673,7.44858219351571,1.56));
#6382=CARTESIAN_POINT('Ctrl Pts',(30.6524159945673,7.44858219351571,4.56));
#6383=CARTESIAN_POINT('Ctrl Pts',(30.6721678031965,5.45736293968981,1.56));
#6384=CARTESIAN_POINT('Ctrl Pts',(30.6721678031965,5.45736293968981,4.56));
#6385=CARTESIAN_POINT('Ctrl Pts',(30.6506612767775,2.36157151841882,1.56));
#6386=CARTESIAN_POINT('Ctrl Pts',(30.6506612767775,2.36157151841882,4.56));
#6387=CARTESIAN_POINT('Ctrl Pts',(30.5180495473755,-1.98762956691938,1.56));
#6388=CARTESIAN_POINT('Ctrl Pts',(30.5180495473755,-1.98762956691938,4.56));
#6389=CARTESIAN_POINT('Ctrl Pts',(30.1684816561126,-7.81579934567594,1.56));
#6390=CARTESIAN_POINT('Ctrl Pts',(30.1684816561126,-7.81579934567594,4.56));
#6391=CARTESIAN_POINT('Ctrl Pts',(29.6227107302957,-14.0620604341308,1.56));
#6392=CARTESIAN_POINT('Ctrl Pts',(29.6227107302957,-14.0620604341308,4.56));
#6393=CARTESIAN_POINT('Ctrl Pts',(28.8717940249008,-20.7454690308258,1.56));
#6394=CARTESIAN_POINT('Ctrl Pts',(28.8717940249008,-20.7454690308258,4.56));
#6395=CARTESIAN_POINT('Ctrl Pts',(27.9218416547267,-27.8530050216618,1.56));
#6396=CARTESIAN_POINT('Ctrl Pts',(27.9218416547267,-27.8530050216618,4.56));
#6397=CARTESIAN_POINT('Ctrl Pts',(26.7895266288675,-35.3491396992374,1.56));
#6398=CARTESIAN_POINT('Ctrl Pts',(26.7895266288675,-35.3491396992374,4.56));
#6399=CARTESIAN_POINT('Ctrl Pts',(25.4931761760644,-43.1948193604235,1.56));
#6400=CARTESIAN_POINT('Ctrl Pts',(25.4931761760644,-43.1948193604235,4.56));
#6401=CARTESIAN_POINT('Ctrl Pts',(24.3375575473562,-49.7239576488759,1.56));
#6402=CARTESIAN_POINT('Ctrl Pts',(24.3375575473562,-49.7239576488759,4.56));
#6403=CARTESIAN_POINT('Ctrl Pts',(23.4087540699917,-54.753118609485,1.56));
#6404=CARTESIAN_POINT('Ctrl Pts',(23.4087540699917,-54.753118609485,4.56));
#6405=CARTESIAN_POINT('Ctrl Pts',(22.7624093392522,-58.1637306631404,1.56));
#6406=CARTESIAN_POINT('Ctrl Pts',(22.7624093392522,-58.1637306631404,4.56));
#6407=CARTESIAN_POINT('Ctrl Pts',(22.432451,-59.883497,1.56));
#6408=CARTESIAN_POINT('Ctrl Pts',(22.432451,-59.883497,4.56));
#6409=CARTESIAN_POINT('',(22.432451,-59.883497,1.56));
#6410=CARTESIAN_POINT('',(30.634018,8.426032,1.56));
#6411=CARTESIAN_POINT('Ctrl Pts',(22.432451,-59.883497,1.56));
#6412=CARTESIAN_POINT('Ctrl Pts',(22.7624093392522,-58.1637306631404,1.56));
#6413=CARTESIAN_POINT('Ctrl Pts',(23.4087540699917,-54.753118609485,1.56));
#6414=CARTESIAN_POINT('Ctrl Pts',(24.3375575473562,-49.7239576488759,1.56));
#6415=CARTESIAN_POINT('Ctrl Pts',(25.4931761760644,-43.1948193604235,1.56));
#6416=CARTESIAN_POINT('Ctrl Pts',(26.7895266288675,-35.3491396992374,1.56));
#6417=CARTESIAN_POINT('Ctrl Pts',(27.9218416547267,-27.8530050216618,1.56));
#6418=CARTESIAN_POINT('Ctrl Pts',(28.8717940249008,-20.7454690308258,1.56));
#6419=CARTESIAN_POINT('Ctrl Pts',(29.6227107302957,-14.0620604341308,1.56));
#6420=CARTESIAN_POINT('Ctrl Pts',(30.1684816561126,-7.81579934567594,1.56));
#6421=CARTESIAN_POINT('Ctrl Pts',(30.5180495473755,-1.98762956691938,1.56));
#6422=CARTESIAN_POINT('Ctrl Pts',(30.6506612767775,2.36157151841882,1.56));
#6423=CARTESIAN_POINT('Ctrl Pts',(30.6721678031965,5.45736293968981,1.56));
#6424=CARTESIAN_POINT('Ctrl Pts',(30.6524159945673,7.44858219351571,1.56));
#6425=CARTESIAN_POINT('Ctrl Pts',(30.634018,8.426032,1.56));
#6426=CARTESIAN_POINT('',(22.432451,-59.883497,1.56));
#6427=CARTESIAN_POINT('',(30.634018,8.426032,1.56));
#6428=CARTESIAN_POINT('Origin',(0.928336999999995,-10.068965,1.56));
#6429=CARTESIAN_POINT('',(0.928336999999995,-10.068965,1.56));
#6430=CARTESIAN_POINT('',(30.634018,8.426032,1.56));
#6431=CARTESIAN_POINT('',(0.928336999999995,-10.068965,1.56));
#6432=CARTESIAN_POINT('Origin',(-0.556842999999987,-10.068965,1.56));
#6433=CARTESIAN_POINT('',(-0.556842999999987,-10.068965,1.56));
#6434=CARTESIAN_POINT('',(0.928336999999995,-10.068965,1.56));
#6435=CARTESIAN_POINT('',(-0.556842999999987,-10.068965,1.56));
#6436=CARTESIAN_POINT('Origin',(-30.262524,8.426032,1.56));
#6437=CARTESIAN_POINT('',(-30.262524,8.426032,1.56));
#6438=CARTESIAN_POINT('',(-0.556842999999987,-10.068965,1.56));
#6439=CARTESIAN_POINT('',(-30.262524,8.426032,1.56));
#6440=CARTESIAN_POINT('Ctrl Pts',(-22.061475,-59.883497,1.56));
#6441=CARTESIAN_POINT('Ctrl Pts',(-22.061475,-59.883497,4.56));
#6442=CARTESIAN_POINT('Ctrl Pts',(-22.3914069572104,-58.1637295580128,1.56));
#6443=CARTESIAN_POINT('Ctrl Pts',(-22.3914069572104,-58.1637295580128,4.56));
#6444=CARTESIAN_POINT('Ctrl Pts',(-23.0377002317311,-54.7531153901508,1.56));
#6445=CARTESIAN_POINT('Ctrl Pts',(-23.0377002317311,-54.7531153901508,4.56));
#6446=CARTESIAN_POINT('Ctrl Pts',(-23.966430448153,-49.7239515463474,1.56));
#6447=CARTESIAN_POINT('Ctrl Pts',(-23.966430448153,-49.7239515463474,4.56));
#6448=CARTESIAN_POINT('Ctrl Pts',(-25.1219593732566,-43.1948099996064,1.56));
#6449=CARTESIAN_POINT('Ctrl Pts',(-25.1219593732566,-43.1948099996064,4.56));
#6450=CARTESIAN_POINT('Ctrl Pts',(-26.4182119778543,-35.3491273086697,1.56));
#6451=CARTESIAN_POINT('Ctrl Pts',(-26.4182119778543,-35.3491273086697,4.56));
#6452=CARTESIAN_POINT('Ctrl Pts',(-27.550444972435,-27.8529907417478,1.56));
#6453=CARTESIAN_POINT('Ctrl Pts',(-27.550444972435,-27.8529907417478,4.56));
#6454=CARTESIAN_POINT('Ctrl Pts',(-28.5003329106067,-20.7454540970605,1.56));
#6455=CARTESIAN_POINT('Ctrl Pts',(-28.5003329106067,-20.7454540970605,4.56));
#6456=CARTESIAN_POINT('Ctrl Pts',(-29.2512044136691,-14.0620461495065,1.56));
#6457=CARTESIAN_POINT('Ctrl Pts',(-29.2512044136691,-14.0620461495065,4.56));
#6458=CARTESIAN_POINT('Ctrl Pts',(-29.7969500018767,-7.81578695785656,1.56));
#6459=CARTESIAN_POINT('Ctrl Pts',(-29.7969500018767,-7.81578695785656,4.56));
#6460=CARTESIAN_POINT('Ctrl Pts',(-30.1465115810971,-1.98762021208237,1.56));
#6461=CARTESIAN_POINT('Ctrl Pts',(-30.1465115810971,-1.98762021208237,4.56));
#6462=CARTESIAN_POINT('Ctrl Pts',(-30.2791325284462,2.36157761465003,1.56));
#6463=CARTESIAN_POINT('Ctrl Pts',(-30.2791325284462,2.36157761465003,4.56));
#6464=CARTESIAN_POINT('Ctrl Pts',(-30.3006535340592,5.4573661550526,1.56));
#6465=CARTESIAN_POINT('Ctrl Pts',(-30.3006535340592,5.4573661550526,4.56));
#6466=CARTESIAN_POINT('Ctrl Pts',(-30.2809146867796,7.44858329715651,1.56));
#6467=CARTESIAN_POINT('Ctrl Pts',(-30.2809146867796,7.44858329715651,4.56));
#6468=CARTESIAN_POINT('Ctrl Pts',(-30.262524,8.426032,1.56));
#6469=CARTESIAN_POINT('Ctrl Pts',(-30.262524,8.426032,4.56));
#6470=CARTESIAN_POINT('',(-22.061475,-59.883497,1.56));
#6471=CARTESIAN_POINT('Ctrl Pts',(-22.061475,-59.883497,1.56));
#6472=CARTESIAN_POINT('Ctrl Pts',(-22.3914069572104,-58.1637295580128,1.56));
#6473=CARTESIAN_POINT('Ctrl Pts',(-23.0377002317311,-54.7531153901508,1.56));
#6474=CARTESIAN_POINT('Ctrl Pts',(-23.966430448153,-49.7239515463474,1.56));
#6475=CARTESIAN_POINT('Ctrl Pts',(-25.1219593732566,-43.1948099996064,1.56));
#6476=CARTESIAN_POINT('Ctrl Pts',(-26.4182119778543,-35.3491273086697,1.56));
#6477=CARTESIAN_POINT('Ctrl Pts',(-27.550444972435,-27.8529907417478,1.56));
#6478=CARTESIAN_POINT('Ctrl Pts',(-28.5003329106067,-20.7454540970605,1.56));
#6479=CARTESIAN_POINT('Ctrl Pts',(-29.2512044136691,-14.0620461495065,1.56));
#6480=CARTESIAN_POINT('Ctrl Pts',(-29.7969500018767,-7.81578695785656,1.56));
#6481=CARTESIAN_POINT('Ctrl Pts',(-30.1465115810971,-1.98762021208237,1.56));
#6482=CARTESIAN_POINT('Ctrl Pts',(-30.2791325284462,2.36157761465003,1.56));
#6483=CARTESIAN_POINT('Ctrl Pts',(-30.3006535340592,5.4573661550526,1.56));
#6484=CARTESIAN_POINT('Ctrl Pts',(-30.2809146867796,7.44858329715651,1.56));
#6485=CARTESIAN_POINT('Ctrl Pts',(-30.262524,8.426032,1.56));
#6486=CARTESIAN_POINT('',(-22.061475,-59.883497,1.56));
#6487=CARTESIAN_POINT('Origin',(-37.143759,-48.402544,1.56));
#6488=CARTESIAN_POINT('',(-37.143759,-48.402544,1.56));
#6489=CARTESIAN_POINT('',(-22.061475,-59.883497,1.56));
#6490=CARTESIAN_POINT('',(-37.143759,-48.402544,1.56));
#6491=CARTESIAN_POINT('Ctrl Pts',(-60.965044,30.837068,1.56));
#6492=CARTESIAN_POINT('Ctrl Pts',(-60.965044,30.837068,4.56));
#6493=CARTESIAN_POINT('Ctrl Pts',(-60.9054064529837,30.6589500988398,1.56));
#6494=CARTESIAN_POINT('Ctrl Pts',(-60.9054064529837,30.6589500988398,4.56));
#6495=CARTESIAN_POINT('Ctrl Pts',(-60.7445748479901,30.1926562670185,1.56));
#6496=CARTESIAN_POINT('Ctrl Pts',(-60.7445748479901,30.1926562670185,4.56));
#6497=CARTESIAN_POINT('Ctrl Pts',(-60.3786414471889,29.163004206384,1.56));
#6498=CARTESIAN_POINT('Ctrl Pts',(-60.3786414471889,29.163004206384,4.56));
#6499=CARTESIAN_POINT('Ctrl Pts',(-59.6396877239902,27.1252331034278,1.56));
#6500=CARTESIAN_POINT('Ctrl Pts',(-59.6396877239902,27.1252331034278,4.56));
#6501=CARTESIAN_POINT('Ctrl Pts',(-58.3007531640484,23.4717768378259,1.56));
#6502=CARTESIAN_POINT('Ctrl Pts',(-58.3007531640484,23.4717768378259,4.56));
#6503=CARTESIAN_POINT('Ctrl Pts',(-56.5783342878045,18.775635433902,1.56));
#6504=CARTESIAN_POINT('Ctrl Pts',(-56.5783342878045,18.775635433902,4.56));
#6505=CARTESIAN_POINT('Ctrl Pts',(-54.5450408137074,13.1903109428109,1.56));
#6506=CARTESIAN_POINT('Ctrl Pts',(-54.5450408137074,13.1903109428109,4.56));
#6507=CARTESIAN_POINT('Ctrl Pts',(-52.2973225531481,6.92120487801844,1.56));
#6508=CARTESIAN_POINT('Ctrl Pts',(-52.2973225531481,6.92120487801844,4.56));
#6509=CARTESIAN_POINT('Ctrl Pts',(-49.9450305280225,0.202966831172401,1.56));
#6510=CARTESIAN_POINT('Ctrl Pts',(-49.9450305280225,0.202966831172401,4.56));
#6511=CARTESIAN_POINT('Ctrl Pts',(-47.59980706538,-6.72541495828509,1.56));
#6512=CARTESIAN_POINT('Ctrl Pts',(-47.59980706538,-6.72541495828509,4.56));
#6513=CARTESIAN_POINT('Ctrl Pts',(-45.3643961121183,-13.6427965787126,1.56));
#6514=CARTESIAN_POINT('Ctrl Pts',(-45.3643961121183,-13.6427965787126,4.56));
#6515=CARTESIAN_POINT('Ctrl Pts',(-43.3220069904934,-20.3675684386232,1.56));
#6516=CARTESIAN_POINT('Ctrl Pts',(-43.3220069904934,-20.3675684386232,4.56));
#6517=CARTESIAN_POINT('Ctrl Pts',(-41.5234582390894,-26.7830758962654,1.56));
#6518=CARTESIAN_POINT('Ctrl Pts',(-41.5234582390894,-26.7830758962654,4.56));
#6519=CARTESIAN_POINT('Ctrl Pts',(-39.9945904926877,-32.8240299845943,1.56));
#6520=CARTESIAN_POINT('Ctrl Pts',(-39.9945904926877,-32.8240299845943,4.56));
#6521=CARTESIAN_POINT('Ctrl Pts',(-38.7447193281379,-38.4606162297338,1.56));
#6522=CARTESIAN_POINT('Ctrl Pts',(-38.7447193281379,-38.4606162297338,4.56));
#6523=CARTESIAN_POINT('Ctrl Pts',(-37.9675713712448,-42.6407530156379,1.56));
#6524=CARTESIAN_POINT('Ctrl Pts',(-37.9675713712448,-42.6407530156379,4.56));
#6525=CARTESIAN_POINT('Ctrl Pts',(-37.5080485375269,-45.592453444026,1.56));
#6526=CARTESIAN_POINT('Ctrl Pts',(-37.5080485375269,-45.592453444026,4.56));
#6527=CARTESIAN_POINT('Ctrl Pts',(-37.2561189301784,-47.4793339313668,1.56));
#6528=CARTESIAN_POINT('Ctrl Pts',(-37.2561189301784,-47.4793339313668,4.56));
#6529=CARTESIAN_POINT('Ctrl Pts',(-37.143759,-48.402544,1.56));
#6530=CARTESIAN_POINT('Ctrl Pts',(-37.143759,-48.402544,4.56));
#6531=CARTESIAN_POINT('',(-60.965044,30.837068,1.56));
#6532=CARTESIAN_POINT('Ctrl Pts',(-37.143759,-48.402544,1.56));
#6533=CARTESIAN_POINT('Ctrl Pts',(-37.2561189301784,-47.4793339313668,1.56));
#6534=CARTESIAN_POINT('Ctrl Pts',(-37.5080485375269,-45.592453444026,1.56));
#6535=CARTESIAN_POINT('Ctrl Pts',(-37.9675713712448,-42.6407530156379,1.56));
#6536=CARTESIAN_POINT('Ctrl Pts',(-38.7447193281379,-38.4606162297338,1.56));
#6537=CARTESIAN_POINT('Ctrl Pts',(-39.9945904926877,-32.8240299845943,1.56));
#6538=CARTESIAN_POINT('Ctrl Pts',(-41.5234582390894,-26.7830758962654,1.56));
#6539=CARTESIAN_POINT('Ctrl Pts',(-43.3220069904934,-20.3675684386232,1.56));
#6540=CARTESIAN_POINT('Ctrl Pts',(-45.3643961121183,-13.6427965787126,1.56));
#6541=CARTESIAN_POINT('Ctrl Pts',(-47.59980706538,-6.72541495828509,1.56));
#6542=CARTESIAN_POINT('Ctrl Pts',(-49.9450305280225,0.202966831172401,1.56));
#6543=CARTESIAN_POINT('Ctrl Pts',(-52.2973225531481,6.92120487801844,1.56));
#6544=CARTESIAN_POINT('Ctrl Pts',(-54.5450408137074,13.1903109428109,1.56));
#6545=CARTESIAN_POINT('Ctrl Pts',(-56.5783342878045,18.775635433902,1.56));
#6546=CARTESIAN_POINT('Ctrl Pts',(-58.3007531640484,23.4717768378259,1.56));
#6547=CARTESIAN_POINT('Ctrl Pts',(-59.6396877239902,27.1252331034278,1.56));
#6548=CARTESIAN_POINT('Ctrl Pts',(-60.3786414471889,29.163004206384,1.56));
#6549=CARTESIAN_POINT('Ctrl Pts',(-60.7445748479901,30.1926562670185,1.56));
#6550=CARTESIAN_POINT('Ctrl Pts',(-60.9054064529837,30.6589500988398,1.56));
#6551=CARTESIAN_POINT('Ctrl Pts',(-60.965044,30.837068,1.56));
#6552=CARTESIAN_POINT('',(-60.965044,30.837068,1.56));
#6553=CARTESIAN_POINT('Origin',(-37.697731,54.709512,1.56));
#6554=CARTESIAN_POINT('',(-37.697731,54.709512,1.56));
#6555=CARTESIAN_POINT('',(-37.697731,54.709512,1.56));
#6556=CARTESIAN_POINT('',(-60.965044,30.837068,1.56));
#6557=CARTESIAN_POINT('Ctrl Pts',(-1.24155599999999,4.605591,1.56));
#6558=CARTESIAN_POINT('Ctrl Pts',(-1.24155599999999,4.605591,4.56));
#6559=CARTESIAN_POINT('Ctrl Pts',(-1.90470529250818,5.72053546839749,1.56));
#6560=CARTESIAN_POINT('Ctrl Pts',(-1.90470529250818,5.72053546839749,4.56));
#6561=CARTESIAN_POINT('Ctrl Pts',(-3.23670969246496,7.94066312408446,1.56));
#6562=CARTESIAN_POINT('Ctrl Pts',(-3.23670969246496,7.94066312408446,4.56));
#6563=CARTESIAN_POINT('Ctrl Pts',(-5.2518329603975,11.2415720932502,1.56));
#6564=CARTESIAN_POINT('Ctrl Pts',(-5.2518329603975,11.2415720932502,4.56));
#6565=CARTESIAN_POINT('Ctrl Pts',(-7.97346724173508,15.5832440245042,1.56));
#6566=CARTESIAN_POINT('Ctrl Pts',(-7.97346724173508,15.5832440245042,4.56));
#6567=CARTESIAN_POINT('Ctrl Pts',(-11.4375006039993,20.9042830402793,1.56));
#6568=CARTESIAN_POINT('Ctrl Pts',(-11.4375006039993,20.9042830402793,4.56));
#6569=CARTESIAN_POINT('Ctrl Pts',(-14.9692489071213,26.1094780302969,1.56));
#6570=CARTESIAN_POINT('Ctrl Pts',(-14.9692489071213,26.1094780302969,4.56));
#6571=CARTESIAN_POINT('Ctrl Pts',(-18.5745327266059,31.1888713856427,1.56));
#6572=CARTESIAN_POINT('Ctrl Pts',(-18.5745327266059,31.1888713856427,4.56));
#6573=CARTESIAN_POINT('Ctrl Pts',(-22.2570500559356,36.1361367262463,1.56));
#6574=CARTESIAN_POINT('Ctrl Pts',(-22.2570500559356,36.1361367262463,4.56));
#6575=CARTESIAN_POINT('Ctrl Pts',(-26.0144410647245,40.9553111560092,1.56));
#6576=CARTESIAN_POINT('Ctrl Pts',(-26.0144410647245,40.9553111560092,4.56));
#6577=CARTESIAN_POINT('Ctrl Pts',(-29.8413400165165,45.6555741633015,1.56));
#6578=CARTESIAN_POINT('Ctrl Pts',(-29.8413400165165,45.6555741633015,4.56));
#6579=CARTESIAN_POINT('Ctrl Pts',(-32.9540489816508,49.3282110903194,1.56));
#6580=CARTESIAN_POINT('Ctrl Pts',(-32.9540489816508,49.3282110903194,4.56));
#6581=CARTESIAN_POINT('Ctrl Pts',(-35.3155661014781,52.0365232441644,1.56));
#6582=CARTESIAN_POINT('Ctrl Pts',(-35.3155661014781,52.0365232441644,4.56));
#6583=CARTESIAN_POINT('Ctrl Pts',(-36.901709555839,53.8218799203292,1.56));
#6584=CARTESIAN_POINT('Ctrl Pts',(-36.901709555839,53.8218799203292,4.56));
#6585=CARTESIAN_POINT('Ctrl Pts',(-37.697731,54.709512,1.56));
#6586=CARTESIAN_POINT('Ctrl Pts',(-37.697731,54.709512,4.56));
#6587=CARTESIAN_POINT('',(-1.24155599999999,4.605591,1.56));
#6588=CARTESIAN_POINT('Ctrl Pts',(-37.697731,54.709512,1.56));
#6589=CARTESIAN_POINT('Ctrl Pts',(-36.901709555839,53.8218799203292,1.56));
#6590=CARTESIAN_POINT('Ctrl Pts',(-35.3155661014781,52.0365232441644,1.56));
#6591=CARTESIAN_POINT('Ctrl Pts',(-32.9540489816508,49.3282110903194,1.56));
#6592=CARTESIAN_POINT('Ctrl Pts',(-29.8413400165165,45.6555741633015,1.56));
#6593=CARTESIAN_POINT('Ctrl Pts',(-26.0144410647245,40.9553111560092,1.56));
#6594=CARTESIAN_POINT('Ctrl Pts',(-22.2570500559356,36.1361367262463,1.56));
#6595=CARTESIAN_POINT('Ctrl Pts',(-18.5745327266059,31.1888713856427,1.56));
#6596=CARTESIAN_POINT('Ctrl Pts',(-14.9692489071213,26.1094780302969,1.56));
#6597=CARTESIAN_POINT('Ctrl Pts',(-11.4375006039993,20.9042830402793,1.56));
#6598=CARTESIAN_POINT('Ctrl Pts',(-7.97346724173508,15.5832440245042,1.56));
#6599=CARTESIAN_POINT('Ctrl Pts',(-5.2518329603975,11.2415720932502,1.56));
#6600=CARTESIAN_POINT('Ctrl Pts',(-3.23670969246496,7.94066312408446,1.56));
#6601=CARTESIAN_POINT('Ctrl Pts',(-1.90470529250818,5.72053546839749,1.56));
#6602=CARTESIAN_POINT('Ctrl Pts',(-1.24155599999999,4.605591,1.56));
#6603=CARTESIAN_POINT('',(-1.24155599999999,4.605591,1.56));
#6604=CARTESIAN_POINT('Origin',(0.185747,3.407733,1.56));
#6605=CARTESIAN_POINT('',(0.185747,3.407733,1.56));
#6606=CARTESIAN_POINT('',(-1.24155599999999,4.605591,1.56));
#6607=CARTESIAN_POINT('',(0.185747,3.407733,1.56));
#6608=CARTESIAN_POINT('Origin',(1.61304999999999,4.605591,1.56));
#6609=CARTESIAN_POINT('',(1.61304999999999,4.605591,1.56));
#6610=CARTESIAN_POINT('',(0.185747,3.407733,1.56));
#6611=CARTESIAN_POINT('',(1.61304999999999,4.605591,1.56));
#6612=CARTESIAN_POINT('Ctrl Pts',(38.069222,54.709512,1.56));
#6613=CARTESIAN_POINT('Ctrl Pts',(38.069222,54.709512,4.56));
#6614=CARTESIAN_POINT('Ctrl Pts',(37.2732007744158,53.8218798743122,1.56));
#6615=CARTESIAN_POINT('Ctrl Pts',(37.2732007744158,53.8218798743122,4.56));
#6616=CARTESIAN_POINT('Ctrl Pts',(35.6870577432915,52.0365231100556,1.56));
#6617=CARTESIAN_POINT('Ctrl Pts',(35.6870577432915,52.0365231100556,4.56));
#6618=CARTESIAN_POINT('Ctrl Pts',(33.3255412165693,49.3282108358986,1.56));
#6619=CARTESIAN_POINT('Ctrl Pts',(33.3255412165693,49.3282108358986,4.56));
#6620=CARTESIAN_POINT('Ctrl Pts',(30.2128329573608,45.6555737725121,1.56));
#6621=CARTESIAN_POINT('Ctrl Pts',(30.2128329573608,45.6555737725121,4.56));
#6622=CARTESIAN_POINT('Ctrl Pts',(26.3859347369682,40.9553106376257,1.56));
#6623=CARTESIAN_POINT('Ctrl Pts',(26.3859347369682,40.9553106376257,4.56));
#6624=CARTESIAN_POINT('Ctrl Pts',(22.6285442953089,36.1361361272367,1.56));
#6625=CARTESIAN_POINT('Ctrl Pts',(22.6285442953089,36.1361361272367,4.56));
#6626=CARTESIAN_POINT('Ctrl Pts',(18.9460273557955,31.1888707572247,1.56));
#6627=CARTESIAN_POINT('Ctrl Pts',(18.9460273557955,31.1888707572247,4.56));
#6628=CARTESIAN_POINT('Ctrl Pts',(15.3407437423527,26.1094774267975,1.56));
#6629=CARTESIAN_POINT('Ctrl Pts',(15.3407437423527,26.1094774267975,4.56));
#6630=CARTESIAN_POINT('Ctrl Pts',(11.8089954695739,20.9042825146624,1.56));
#6631=CARTESIAN_POINT('Ctrl Pts',(11.8089954695739,20.9042825146624,4.56));
#6632=CARTESIAN_POINT('Ctrl Pts',(8.34496197554387,15.5832436260852,1.56));
#6633=CARTESIAN_POINT('Ctrl Pts',(8.34496197554387,15.5832436260852,4.56));
#6634=CARTESIAN_POINT('Ctrl Pts',(5.62332746991441,11.2415718329726,1.56));
#6635=CARTESIAN_POINT('Ctrl Pts',(5.62332746991441,11.2415718329726,4.56));
#6636=CARTESIAN_POINT('Ctrl Pts',(3.60820397116806,7.94066298660364,1.56));
#6637=CARTESIAN_POINT('Ctrl Pts',(3.60820397116806,7.94066298660364,4.56));
#6638=CARTESIAN_POINT('Ctrl Pts',(2.27619938997025,5.72053542117206,1.56));
#6639=CARTESIAN_POINT('Ctrl Pts',(2.27619938997025,5.72053542117206,4.56));
#6640=CARTESIAN_POINT('Ctrl Pts',(1.61304999999999,4.605591,1.56));
#6641=CARTESIAN_POINT('Ctrl Pts',(1.61304999999999,4.605591,4.56));
#6642=CARTESIAN_POINT('Ctrl Pts',(38.069222,54.709512,1.56));
#6643=CARTESIAN_POINT('Ctrl Pts',(37.2732007744158,53.8218798743122,1.56));
#6644=CARTESIAN_POINT('Ctrl Pts',(35.6870577432915,52.0365231100556,1.56));
#6645=CARTESIAN_POINT('Ctrl Pts',(33.3255412165693,49.3282108358986,1.56));
#6646=CARTESIAN_POINT('Ctrl Pts',(30.2128329573608,45.6555737725121,1.56));
#6647=CARTESIAN_POINT('Ctrl Pts',(26.3859347369682,40.9553106376257,1.56));
#6648=CARTESIAN_POINT('Ctrl Pts',(22.6285442953089,36.1361361272367,1.56));
#6649=CARTESIAN_POINT('Ctrl Pts',(18.9460273557955,31.1888707572247,1.56));
#6650=CARTESIAN_POINT('Ctrl Pts',(15.3407437423527,26.1094774267975,1.56));
#6651=CARTESIAN_POINT('Ctrl Pts',(11.8089954695739,20.9042825146624,1.56));
#6652=CARTESIAN_POINT('Ctrl Pts',(8.34496197554387,15.5832436260852,1.56));
#6653=CARTESIAN_POINT('Ctrl Pts',(5.62332746991441,11.2415718329726,1.56));
#6654=CARTESIAN_POINT('Ctrl Pts',(3.60820397116806,7.94066298660364,1.56));
#6655=CARTESIAN_POINT('Ctrl Pts',(2.27619938997025,5.72053542117206,1.56));
#6656=CARTESIAN_POINT('Ctrl Pts',(1.61304999999999,4.605591,1.56));
#6657=CARTESIAN_POINT('Ctrl Pts',(37.515251,-48.402544,1.56));
#6658=CARTESIAN_POINT('Ctrl Pts',(37.515251,-48.402544,4.56));
#6659=CARTESIAN_POINT('Ctrl Pts',(37.6276110177132,-47.4793339449765,1.56));
#6660=CARTESIAN_POINT('Ctrl Pts',(37.6276110177132,-47.4793339449765,4.56));
#6661=CARTESIAN_POINT('Ctrl Pts',(37.8795407964535,-45.5924534844489,1.56));
#6662=CARTESIAN_POINT('Ctrl Pts',(37.8795407964535,-45.5924534844489,4.56));
#6663=CARTESIAN_POINT('Ctrl Pts',(38.3390638762261,-42.640753095062,1.56));
#6664=CARTESIAN_POINT('Ctrl Pts',(38.3390638762261,-42.640753095062,4.56));
#6665=CARTESIAN_POINT('Ctrl Pts',(39.1162121389643,-38.4606163587081,1.56));
#6666=CARTESIAN_POINT('Ctrl Pts',(39.1162121389643,-38.4606163587081,4.56));
#6667=CARTESIAN_POINT('Ctrl Pts',(40.3660836475221,-32.8240301711182,1.56));
#6668=CARTESIAN_POINT('Ctrl Pts',(40.3660836475221,-32.8240301711182,4.56));
#6669=CARTESIAN_POINT('Ctrl Pts',(41.8949516975298,-26.7830761352625,1.56));
#6670=CARTESIAN_POINT('Ctrl Pts',(41.8949516975298,-26.7830761352625,4.56));
#6671=CARTESIAN_POINT('Ctrl Pts',(43.693500709334,-20.3675687236853,1.56));
#6672=CARTESIAN_POINT('Ctrl Pts',(43.693500709334,-20.3675687236853,4.56));
#6673=CARTESIAN_POINT('Ctrl Pts',(45.7358900447141,-13.6427969015134,1.56));
#6674=CARTESIAN_POINT('Ctrl Pts',(45.7358900447141,-13.6427969015134,4.56));
#6675=CARTESIAN_POINT('Ctrl Pts',(47.9713011615706,-6.72541530730981,1.56));
#6676=CARTESIAN_POINT('Ctrl Pts',(47.9713011615706,-6.72541530730981,4.56));
#6677=CARTESIAN_POINT('Ctrl Pts',(50.3165247335743,0.202966470441094,1.56));
#6678=CARTESIAN_POINT('Ctrl Pts',(50.3165247335743,0.202966470441094,4.56));
#6679=CARTESIAN_POINT('Ctrl Pts',(52.6688168087873,6.92120452195944,1.56));
#6680=CARTESIAN_POINT('Ctrl Pts',(52.6688168087873,6.92120452195944,4.56));
#6681=CARTESIAN_POINT('Ctrl Pts',(54.916535054612,13.1903106088789,1.56));
#6682=CARTESIAN_POINT('Ctrl Pts',(54.916535054612,13.1903106088789,4.56));
#6683=CARTESIAN_POINT('Ctrl Pts',(56.9498284433245,18.7756351395081,1.56));
#6684=CARTESIAN_POINT('Ctrl Pts',(56.9498284433245,18.7756351395081,4.56));
#6685=CARTESIAN_POINT('Ctrl Pts',(58.6722471581279,23.4717765993011,1.56));
#6686=CARTESIAN_POINT('Ctrl Pts',(58.6722471581279,23.4717765993011,4.56));
#6687=CARTESIAN_POINT('Ctrl Pts',(60.011181475956,27.1252329342992,1.56));
#6688=CARTESIAN_POINT('Ctrl Pts',(60.011181475956,27.1252329342992,4.56));
#6689=CARTESIAN_POINT('Ctrl Pts',(60.7501349392462,29.1630041005318,1.56));
#6690=CARTESIAN_POINT('Ctrl Pts',(60.7501349392462,29.1630041005318,4.56));
#6691=CARTESIAN_POINT('Ctrl Pts',(61.1160681082608,30.1926562125845,1.56));
#6692=CARTESIAN_POINT('Ctrl Pts',(61.1160681082608,30.1926562125845,4.56));
#6693=CARTESIAN_POINT('Ctrl Pts',(61.2768995424529,30.6589500804071,1.56));
#6694=CARTESIAN_POINT('Ctrl Pts',(61.2768995424529,30.6589500804071,4.56));
#6695=CARTESIAN_POINT('Ctrl Pts',(61.336537,30.837068,1.56));
#6696=CARTESIAN_POINT('Ctrl Pts',(61.336537,30.837068,4.56));
#6697=CARTESIAN_POINT('',(37.515251,-48.402544,1.56));
#6698=CARTESIAN_POINT('Ctrl Pts',(37.515251,-48.402544,1.56));
#6699=CARTESIAN_POINT('Ctrl Pts',(37.6276110177132,-47.4793339449765,1.56));
#6700=CARTESIAN_POINT('Ctrl Pts',(37.8795407964535,-45.5924534844489,1.56));
#6701=CARTESIAN_POINT('Ctrl Pts',(38.3390638762261,-42.640753095062,1.56));
#6702=CARTESIAN_POINT('Ctrl Pts',(39.1162121389643,-38.4606163587081,1.56));
#6703=CARTESIAN_POINT('Ctrl Pts',(40.3660836475221,-32.8240301711182,1.56));
#6704=CARTESIAN_POINT('Ctrl Pts',(41.8949516975298,-26.7830761352625,1.56));
#6705=CARTESIAN_POINT('Ctrl Pts',(43.693500709334,-20.3675687236853,1.56));
#6706=CARTESIAN_POINT('Ctrl Pts',(45.7358900447141,-13.6427969015134,1.56));
#6707=CARTESIAN_POINT('Ctrl Pts',(47.9713011615706,-6.72541530730981,1.56));
#6708=CARTESIAN_POINT('Ctrl Pts',(50.3165247335743,0.202966470441094,1.56));
#6709=CARTESIAN_POINT('Ctrl Pts',(52.6688168087873,6.92120452195944,1.56));
#6710=CARTESIAN_POINT('Ctrl Pts',(54.916535054612,13.1903106088789,1.56));
#6711=CARTESIAN_POINT('Ctrl Pts',(56.9498284433245,18.7756351395081,1.56));
#6712=CARTESIAN_POINT('Ctrl Pts',(58.6722471581279,23.4717765993011,1.56));
#6713=CARTESIAN_POINT('Ctrl Pts',(60.011181475956,27.1252329342992,1.56));
#6714=CARTESIAN_POINT('Ctrl Pts',(60.7501349392462,29.1630041005318,1.56));
#6715=CARTESIAN_POINT('Ctrl Pts',(61.1160681082608,30.1926562125845,1.56));
#6716=CARTESIAN_POINT('Ctrl Pts',(61.2768995424529,30.6589500804071,1.56));
#6717=CARTESIAN_POINT('Ctrl Pts',(61.336537,30.837068,1.56));
#6718=CARTESIAN_POINT('',(37.515251,-48.402544,1.56));
#6719=CARTESIAN_POINT('Origin',(22.432451,-59.883497,1.56));
#6720=CARTESIAN_POINT('',(37.515251,-48.402544,1.56));
#6721=CARTESIAN_POINT('Origin',(0.185746500000006,-2.5869925,1.56));
#6722=CARTESIAN_POINT('Origin',(-38.149379,31.474231,2.56));
#6723=CARTESIAN_POINT('',(-32.227259,37.576701,4.56));
#6724=CARTESIAN_POINT('',(-38.149379,31.474231,4.56));
#6725=CARTESIAN_POINT('',(-31.6140850531448,38.2085483140473,4.56));
#6726=CARTESIAN_POINT('',(-38.149379,31.474231,2.56));
#6727=CARTESIAN_POINT('',(-38.149379,31.474231,2.56));
#6728=CARTESIAN_POINT('',(-32.227259,37.576701,2.56));
#6729=CARTESIAN_POINT('',(-35.157654921268,34.5570639109744,2.56));
#6730=CARTESIAN_POINT('',(-32.227259,37.576701,2.56));
#6731=CARTESIAN_POINT('Origin',(-33.795642,27.424869,2.56));
#6732=CARTESIAN_POINT('',(-33.795642,27.424869,4.56));
#6733=CARTESIAN_POINT('',(-22.9401743178189,17.3283201445105,4.56));
#6734=CARTESIAN_POINT('',(-33.795642,27.424869,2.56));
#6735=CARTESIAN_POINT('',(-33.795642,27.424869,2.56));
#6736=CARTESIAN_POINT('',(-19.4043002508387,14.0396432943436,2.56));
#6737=CARTESIAN_POINT('Origin',(-28.294684,33.095321,2.56));
#6738=CARTESIAN_POINT('',(-28.294684,33.095321,4.56));
#6739=CARTESIAN_POINT('',(-24.5567066725153,36.9484718534677,4.56));
#6740=CARTESIAN_POINT('',(-28.294684,33.095321,2.56));
#6741=CARTESIAN_POINT('',(-28.294684,33.095321,2.56));
#6742=CARTESIAN_POINT('',(-28.1002394019188,33.2957567713836,2.56));
#6743=CARTESIAN_POINT('Origin',(-19.151572,22.681491,2.56));
#6744=CARTESIAN_POINT('',(-19.151572,22.681491,4.56));
#6745=CARTESIAN_POINT('',(-14.3833439490133,17.2505702889547,4.56));
#6746=CARTESIAN_POINT('',(-19.151572,22.681491,2.56));
#6747=CARTESIAN_POINT('',(-19.151572,22.681491,2.56));
#6748=CARTESIAN_POINT('',(-10.8679874749621,13.2466463831588,2.56));
#6749=CARTESIAN_POINT('Origin',(-23.67895,18.019755,2.56));
#6750=CARTESIAN_POINT('',(-23.67895,18.019755,4.56));
#6751=CARTESIAN_POINT('',(-17.2861557947932,24.6022667511734,4.56));
#6752=CARTESIAN_POINT('',(-23.67895,18.019755,2.56));
#6753=CARTESIAN_POINT('',(-23.67895,18.019755,2.56));
#6754=CARTESIAN_POINT('',(-20.8298048038918,20.9534536507256,2.56));
#6755=CARTESIAN_POINT('Origin',(-19.325209,13.970389,2.56));
#6756=CARTESIAN_POINT('',(-19.325209,13.970389,4.56));
#6757=CARTESIAN_POINT('',(-15.7038840851022,10.6022350410622,4.56));
#6758=CARTESIAN_POINT('',(-19.325209,13.970389,2.56));
#6759=CARTESIAN_POINT('',(-19.325209,13.970389,2.56));
#6760=CARTESIAN_POINT('',(-12.1680100004557,7.31355794735152,2.56));
#6761=CARTESIAN_POINT('Origin',(-15.219001,18.203723,2.56));
#6762=CARTESIAN_POINT('',(-15.219001,18.203723,4.56));
#6763=CARTESIAN_POINT('',(-10.9301422425149,22.6253625270915,4.56));
#6764=CARTESIAN_POINT('',(-15.219001,18.203723,2.56));
#6765=CARTESIAN_POINT('',(-15.219001,18.203723,2.56));
#6766=CARTESIAN_POINT('',(-14.4736595291965,18.972139843463,2.56));
#6767=CARTESIAN_POINT('Origin',(-6.075896,7.789889,2.56));
#6768=CARTESIAN_POINT('',(-6.075896,7.789889,4.56));
#6769=CARTESIAN_POINT('',(-7.84517424833074,9.8050654611614,4.56));
#6770=CARTESIAN_POINT('',(-6.075896,7.789889,2.56));
#6771=CARTESIAN_POINT('',(-6.075896,7.789889,2.56));
#6772=CARTESIAN_POINT('',(-4.32981829728655,5.80113754771337,2.56));
#6773=CARTESIAN_POINT('Origin',(-9.198172,4.575614,2.56));
#6774=CARTESIAN_POINT('',(-9.198172,4.575614,4.56));
#6775=CARTESIAN_POINT('',(-2.95962657307301,10.9979804410628,4.56));
#6776=CARTESIAN_POINT('',(-9.198172,4.575614,2.56));
#6777=CARTESIAN_POINT('',(-9.198172,4.575614,2.56));
#6778=CARTESIAN_POINT('',(-6.50329678202695,7.34989469819911,2.56));
#6779=CARTESIAN_POINT('Origin',(0.192979,-3.880711,2.56));
#6780=CARTESIAN_POINT('',(0.192978999999998,-3.880711,4.56));
#6781=CARTESIAN_POINT('',(-5.85208096029885,1.56260384700588,4.56));
#6782=CARTESIAN_POINT('',(0.192978999999998,-3.880711,2.56));
#6783=CARTESIAN_POINT('',(0.192978999999998,-3.880711,2.56));
#6784=CARTESIAN_POINT('',(-2.32631568958317,-1.61219517420938,2.56));
#6785=CARTESIAN_POINT('Origin',(9.583612,4.575614,2.56));
#6786=CARTESIAN_POINT('',(9.583612,4.575614,4.56));
#6787=CARTESIAN_POINT('',(10.9295148269339,5.78760809272747,4.56));
#6788=CARTESIAN_POINT('',(9.583612,4.575614,2.56));
#6789=CARTESIAN_POINT('',(9.583612,4.575614,2.56));
#6790=CARTESIAN_POINT('',(7.40372924395795,2.61261565398996,2.56));
#6791=CARTESIAN_POINT('Origin',(6.461839,7.789889,2.56));
#6792=CARTESIAN_POINT('',(6.461839,7.789889,4.56));
#6793=CARTESIAN_POINT('',(1.78129550051717,12.609122799767,4.56));
#6794=CARTESIAN_POINT('',(6.461839,7.789889,2.56));
#6795=CARTESIAN_POINT('',(6.461839,7.789889,2.56));
#6796=CARTESIAN_POINT('',(5.32494908855386,8.96046636744905,2.56));
#6797=CARTESIAN_POINT('Origin',(15.604432,18.203723,2.56));
#6798=CARTESIAN_POINT('',(15.604432,18.203723,4.56));
#6799=CARTESIAN_POINT('',(12.799425818509,15.0086919247874,4.56));
#6800=CARTESIAN_POINT('',(15.604432,18.203723,2.56));
#6801=CARTESIAN_POINT('',(15.604432,18.203723,2.56));
#6802=CARTESIAN_POINT('',(9.28409534755238,11.00456880789,2.56));
#6803=CARTESIAN_POINT('Origin',(19.710657,13.970389,2.56));
#6804=CARTESIAN_POINT('',(19.710657,13.970389,4.56));
#6805=CARTESIAN_POINT('',(13.3653954570084,20.5120693581974,4.56));
#6806=CARTESIAN_POINT('',(19.710657,13.970389,2.56));
#6807=CARTESIAN_POINT('',(19.710657,13.970389,2.56));
#6808=CARTESIAN_POINT('',(16.9089131908196,16.8588613381434,2.56));
#6809=CARTESIAN_POINT('Origin',(24.064386,18.019755,2.56));
#6810=CARTESIAN_POINT('',(24.064386,18.019755,4.56));
#6811=CARTESIAN_POINT('',(18.2625841848576,12.623548895078,4.56));
#6812=CARTESIAN_POINT('',(24.064386,18.019755,2.56));
#6813=CARTESIAN_POINT('',(24.064386,18.019755,2.56));
#6814=CARTESIAN_POINT('',(14.7267093951324,9.33486208113754,2.56));
#6815=CARTESIAN_POINT('Origin',(19.537011,22.681491,2.56));
#6816=CARTESIAN_POINT('',(19.537011,22.681491,4.56));
#6817=CARTESIAN_POINT('',(15.4046285726624,26.9365120502305,4.56));
#6818=CARTESIAN_POINT('',(19.537011,22.681491,2.56));
#6819=CARTESIAN_POINT('',(19.537011,22.681491,2.56));
#6820=CARTESIAN_POINT('',(18.9482775131083,23.2876966026392,2.56));
#6821=CARTESIAN_POINT('Origin',(28.680124,33.095321,2.56));
#6822=CARTESIAN_POINT('',(28.680124,33.095321,4.56));
#6823=CARTESIAN_POINT('',(19.3373969943167,22.454134483592,4.56));
#6824=CARTESIAN_POINT('',(28.680124,33.095321,2.56));
#6825=CARTESIAN_POINT('',(28.680124,33.095321,2.56));
#6826=CARTESIAN_POINT('',(15.8220404705119,18.4502109590447,2.56));
#6827=CARTESIAN_POINT('Origin',(34.181077,27.424869,2.56));
#6828=CARTESIAN_POINT('',(34.181077,27.424869,4.56));
#6829=CARTESIAN_POINT('',(27.6893526168414,34.1166206859225,4.56));
#6830=CARTESIAN_POINT('',(34.181077,27.424869,2.56));
#6831=CARTESIAN_POINT('',(34.181077,27.424869,2.56));
#6832=CARTESIAN_POINT('',(31.2328852485321,30.4639023844871,2.56));
#6833=CARTESIAN_POINT('Origin',(38.534829,31.474231,2.56));
#6834=CARTESIAN_POINT('',(38.534829,31.474231,4.56));
#6835=CARTESIAN_POINT('',(25.4988340056452,19.3496398973532,4.56));
#6836=CARTESIAN_POINT('',(38.534829,31.474231,2.56));
#6837=CARTESIAN_POINT('',(38.534829,31.474231,2.56));
#6838=CARTESIAN_POINT('',(21.9629608200494,16.0609751974414,2.56));
#6839=CARTESIAN_POINT('Origin',(32.612703,37.576701,2.56));
#6840=CARTESIAN_POINT('',(32.612703,37.576701,4.56));
#6841=CARTESIAN_POINT('',(29.0351818970743,41.2631668409786,4.56));
#6842=CARTESIAN_POINT('',(32.612703,37.576701,2.56));
#6843=CARTESIAN_POINT('',(32.612703,37.576701,2.56));
#6844=CARTESIAN_POINT('',(32.5787518728653,37.6116860264594,2.56));
#6845=CARTESIAN_POINT('Origin',(41.755807,47.990018,2.56));
#6846=CARTESIAN_POINT('',(41.755807,47.990018,4.56));
#6847=CARTESIAN_POINT('',(25.8742698123884,29.9021256188253,4.56));
#6848=CARTESIAN_POINT('',(41.755807,47.990018,2.56));
#6849=CARTESIAN_POINT('',(41.755807,47.990018,2.56));
#6850=CARTESIAN_POINT('',(22.3588913306691,25.898370383719,2.56));
#6851=CARTESIAN_POINT('Origin',(48.654611,40.878823,2.56));
#6852=CARTESIAN_POINT('',(48.654611,40.878823,4.56));
#6853=CARTESIAN_POINT('',(42.015916829698,47.7219002624328,4.56));
#6854=CARTESIAN_POINT('',(48.654611,40.878823,2.56));
#6855=CARTESIAN_POINT('',(48.654611,40.878823,2.56));
#6856=CARTESIAN_POINT('',(45.5594521739752,44.0692713687076,2.56));
#6857=CARTESIAN_POINT('Origin',(50.106256,42.228994,2.56));
#6858=CARTESIAN_POINT('',(50.106256,42.228994,4.56));
#6859=CARTESIAN_POINT('',(31.2866066173023,24.7248901545788,4.56));
#6860=CARTESIAN_POINT('',(50.106256,42.228994,2.56));
#6861=CARTESIAN_POINT('',(50.106256,42.228994,2.56));
#6862=CARTESIAN_POINT('',(27.7507302292319,21.4361813044416,2.56));
#6863=CARTESIAN_POINT('Origin',(50.1714488162071,42.2925342806025,2.56));
#6864=CARTESIAN_POINT('',(50.1714488162071,42.2925342806025,4.56));
#6865=CARTESIAN_POINT('',(31.8891624416177,24.4736751810568,4.56));
#6866=CARTESIAN_POINT('',(50.1714488162071,42.2925342806025,2.56));
#6867=CARTESIAN_POINT('',(50.1714488162071,42.2925342806025,2.56));
#6868=CARTESIAN_POINT('',(28.3451661385047,21.0195136237664,2.56));
#6869=CARTESIAN_POINT('Origin',(52.9471447488297,39.4446489224269,2.56));
#6870=CARTESIAN_POINT('',(52.9471447488297,39.4446489224269,4.56));
#6871=CARTESIAN_POINT('',(44.8488392881899,47.7535725607589,4.56));
#6872=CARTESIAN_POINT('',(52.9471447488297,39.4446489224269,2.56));
#6873=CARTESIAN_POINT('',(52.9471447488297,39.4446489224269,2.56));
#6874=CARTESIAN_POINT('',(52.587531716888,39.8136146568358,2.56));
#6875=CARTESIAN_POINT('Origin',(52.879534,39.378752,2.56));
#6876=CARTESIAN_POINT('',(52.879534,39.378752,4.56));
#6877=CARTESIAN_POINT('',(34.6310529998263,21.5928413616674,4.56));
#6878=CARTESIAN_POINT('',(52.879534,39.378752,2.56));
#6879=CARTESIAN_POINT('',(52.879534,39.378752,2.56));
#6880=CARTESIAN_POINT('',(31.0870566967133,18.1386798043768,2.56));
#6881=CARTESIAN_POINT('Origin',(48.453073,35.470372,2.56));
#6882=CARTESIAN_POINT('',(48.453073,35.470372,4.56));
#6883=CARTESIAN_POINT('',(31.159518895816,20.2008867408481,4.56));
#6884=CARTESIAN_POINT('',(48.453073,35.470372,2.56));
#6885=CARTESIAN_POINT('',(48.453073,35.470372,2.56));
#6886=CARTESIAN_POINT('',(27.6416436922824,17.0947500126612,2.56));
#6887=CARTESIAN_POINT('Origin',(41.833848,42.291143,2.56));
#6888=CARTESIAN_POINT('',(41.833848,42.291143,4.56));
#6889=CARTESIAN_POINT('',(37.1982147911035,47.0679246561422,4.56));
#6890=CARTESIAN_POINT('',(41.833848,42.291143,2.56));
#6891=CARTESIAN_POINT('',(41.833848,42.291143,2.56));
#6892=CARTESIAN_POINT('',(40.7417851791361,43.4164575827082,2.56));
#6893=CARTESIAN_POINT('Origin',(37.766916,37.89141,2.56));
#6894=CARTESIAN_POINT('',(37.766916,37.89141,4.56));
#6895=CARTESIAN_POINT('',(24.7559537933978,23.8157481049547,4.56));
#6896=CARTESIAN_POINT('',(37.766916,37.89141,2.56));
#6897=CARTESIAN_POINT('',(37.766916,37.89141,2.56));
#6898=CARTESIAN_POINT('',(21.2217273555789,19.9923124812599,2.56));
#6899=CARTESIAN_POINT('Origin',(43.961358,31.509368,2.56));
#6900=CARTESIAN_POINT('',(43.961358,31.509368,4.56));
#6901=CARTESIAN_POINT('',(36.1138435632816,39.5945460888001,4.56));
#6902=CARTESIAN_POINT('',(43.961358,31.509368,2.56));
#6903=CARTESIAN_POINT('',(43.961358,31.509368,2.56));
#6904=CARTESIAN_POINT('',(39.6574307536813,35.9436406029157,2.56));
#6905=CARTESIAN_POINT('Origin',(33.628656,22.380729,2.56));
#6906=CARTESIAN_POINT('',(33.628656,22.380729,4.56));
#6907=CARTESIAN_POINT('',(23.752127688474,13.6551060671795,4.56));
#6908=CARTESIAN_POINT('',(33.628656,22.380729,2.56));
#6909=CARTESIAN_POINT('',(33.628656,22.380729,2.56));
#6910=CARTESIAN_POINT('',(20.2340002850254,10.5469437469955,2.56));
#6911=CARTESIAN_POINT('Origin',(28.404176,27.764381,2.56));
#6912=CARTESIAN_POINT('',(28.404176,27.764381,4.56));
#6913=CARTESIAN_POINT('',(23.395352468487,32.9258062180269,4.56));
#6914=CARTESIAN_POINT('',(28.404176,27.764381,2.56));
#6915=CARTESIAN_POINT('',(28.404176,27.764381,2.56));
#6916=CARTESIAN_POINT('',(26.9389210006426,29.2742772973924,2.56));
#6917=CARTESIAN_POINT('Origin',(24.337243,23.364646,2.56));
#6918=CARTESIAN_POINT('',(24.337243,23.364646,4.56));
#6919=CARTESIAN_POINT('',(18.0406519518009,16.5527973623539,4.56));
#6920=CARTESIAN_POINT('',(24.337243,23.364646,2.56));
#6921=CARTESIAN_POINT('',(24.337243,23.364646,2.56));
#6922=CARTESIAN_POINT('',(14.5064255718746,12.7293610033863,2.56));
#6923=CARTESIAN_POINT('Origin',(29.136949,18.41973,2.56));
#6924=CARTESIAN_POINT('',(29.136949,18.41973,4.56));
#6925=CARTESIAN_POINT('',(21.6138220370622,26.1704611675054,4.56));
#6926=CARTESIAN_POINT('',(29.136949,18.41973,2.56));
#6927=CARTESIAN_POINT('',(29.136949,18.41973,2.56));
#6928=CARTESIAN_POINT('',(25.1574124345329,22.5196632115682,2.56));
#6929=CARTESIAN_POINT('Origin',(18.804757,9.290572,2.56));
#6930=CARTESIAN_POINT('',(18.804757,9.290572,4.56));
#6931=CARTESIAN_POINT('',(16.3391325823001,7.11203380811968,4.56));
#6932=CARTESIAN_POINT('',(18.804757,9.290572,2.56));
#6933=CARTESIAN_POINT('',(18.804757,9.290572,2.56));
#6934=CARTESIAN_POINT('',(12.8209591374176,4.00350066725889,2.56));
#6935=CARTESIAN_POINT('Origin',(14.97812,13.234,2.56));
#6936=CARTESIAN_POINT('',(14.97812,13.234,4.56));
#6937=CARTESIAN_POINT('',(9.59434243752027,18.7820933220617,4.56));
#6938=CARTESIAN_POINT('',(14.97812,13.234,2.56));
#6939=CARTESIAN_POINT('',(14.97812,13.234,2.56));
#6940=CARTESIAN_POINT('',(13.137905397743,15.1303789323495,2.56));
#6941=CARTESIAN_POINT('Origin',(10.911188,8.834273,2.56));
#6942=CARTESIAN_POINT('',(10.911188,8.834273,4.56));
#6943=CARTESIAN_POINT('',(11.3290282201779,9.28630487523238,4.56));
#6944=CARTESIAN_POINT('',(10.911188,8.834273,2.56));
#6945=CARTESIAN_POINT('',(10.911188,8.834273,2.56));
#6946=CARTESIAN_POINT('',(7.79480140404918,5.46287405636314,2.56));
#6947=CARTESIAN_POINT('Origin',(14.312532,5.329574,2.56));
#6948=CARTESIAN_POINT('',(14.312532,5.329574,4.56));
#6949=CARTESIAN_POINT('',(7.11446298478133,12.7463672674754,4.56));
#6950=CARTESIAN_POINT('',(14.312532,5.329574,2.56));
#6951=CARTESIAN_POINT('',(14.312532,5.329574,2.56));
#6952=CARTESIAN_POINT('',(10.6580397661083,9.09511352720691,2.56));
#6953=CARTESIAN_POINT('Origin',(0.199701000000002,-7.140462,2.56));
#6954=CARTESIAN_POINT('',(0.199701000000001,-7.140462,4.56));
#6955=CARTESIAN_POINT('',(7.03471588601307,-1.10107261815883,4.56));
#6956=CARTESIAN_POINT('',(0.199701000000001,-7.140462,2.56));
#6957=CARTESIAN_POINT('',(0.199701000000001,-7.140462,2.56));
#6958=CARTESIAN_POINT('',(3.51652716734752,-4.20972884571186,2.56));
#6959=CARTESIAN_POINT('Origin',(-13.913134,5.329574,2.56));
#6960=CARTESIAN_POINT('',(-13.913134,5.329574,4.56));
#6961=CARTESIAN_POINT('',(-13.6994469922198,5.14076114420236,4.56));
#6962=CARTESIAN_POINT('',(-13.913134,5.329574,2.56));
#6963=CARTESIAN_POINT('',(-13.913134,5.329574,2.56));
#6964=CARTESIAN_POINT('',(-10.1812583963325,2.03210590622189,2.56));
#6965=CARTESIAN_POINT('Origin',(-10.511275,8.834273,2.56));
#6966=CARTESIAN_POINT('',(-10.511275,8.834273,4.56));
#6967=CARTESIAN_POINT('',(-5.02024867196249,14.4912959632818,4.56));
#6968=CARTESIAN_POINT('',(-10.511275,8.834273,2.56));
#6969=CARTESIAN_POINT('',(-10.511275,8.834273,2.56));
#6970=CARTESIAN_POINT('',(-8.5638414673901,10.8405784801226,2.56));
#6971=CARTESIAN_POINT('Origin',(-14.578208,13.234,2.56));
#6972=CARTESIAN_POINT('',(-14.578208,13.234,4.56));
#6973=CARTESIAN_POINT('',(-12.9690295703512,11.4931437368791,4.56));
#6974=CARTESIAN_POINT('',(-14.578208,13.234,2.56));
#6975=CARTESIAN_POINT('',(-14.578208,13.234,2.56));
#6976=CARTESIAN_POINT('',(-9.43480268601207,7.66971378434408,2.56));
#6977=CARTESIAN_POINT('Origin',(-18.404853,9.290572,2.56));
#6978=CARTESIAN_POINT('',(-18.404853,9.290572,4.56));
#6979=CARTESIAN_POINT('',(-11.1145322672618,16.8033814993031,4.56));
#6980=CARTESIAN_POINT('',(-18.404853,9.290572,2.56));
#6981=CARTESIAN_POINT('',(-18.404853,9.290572,2.56));
#6982=CARTESIAN_POINT('',(-14.65809545013,13.1516745144399,2.56));
#6983=CARTESIAN_POINT('Origin',(-28.737033,18.41973,2.56));
#6984=CARTESIAN_POINT('',(-28.737033,18.41973,4.56));
#6985=CARTESIAN_POINT('',(-21.1131813328165,11.6835575331748,4.56));
#6986=CARTESIAN_POINT('',(-28.737033,18.41973,2.56));
#6987=CARTESIAN_POINT('',(-28.737033,18.41973,2.56));
#6988=CARTESIAN_POINT('',(-17.5950073846851,8.57502033734828,2.56));
#6989=CARTESIAN_POINT('Origin',(-23.937327,23.364646,2.56));
#6990=CARTESIAN_POINT('',(-23.937327,23.364646,4.56));
#6991=CARTESIAN_POINT('',(-18.8208429683145,28.6359238141049,4.56));
#6992=CARTESIAN_POINT('',(-23.937327,23.364646,2.56));
#6993=CARTESIAN_POINT('',(-23.937327,23.364646,2.56));
#6994=CARTESIAN_POINT('',(-22.3644333657853,24.9851258581677,2.56));
#6995=CARTESIAN_POINT('Origin',(-28.004267,27.764381,2.56));
#6996=CARTESIAN_POINT('',(-28.004267,27.764381,4.56));
#6997=CARTESIAN_POINT('',(-19.6806446646705,18.7596421753478,4.56));
#6998=CARTESIAN_POINT('',(-28.004267,27.764381,2.56));
#6999=CARTESIAN_POINT('',(-28.004267,27.764381,2.56));
#7000=CARTESIAN_POINT('',(-16.1464178072663,14.9362118807133,2.56));
#7001=CARTESIAN_POINT('Origin',(-33.229266,22.380729,2.56));
#7002=CARTESIAN_POINT('',(-33.229266,22.380729,4.56));
#7003=CARTESIAN_POINT('',(-25.6140357746901,30.2271897233322,4.56));
#7004=CARTESIAN_POINT('',(-33.229266,22.380729,2.56));
#7005=CARTESIAN_POINT('',(-33.229266,22.380729,2.56));
#7006=CARTESIAN_POINT('',(-29.1576148503575,26.5760126460017,2.56));
#7007=CARTESIAN_POINT('Origin',(-43.56145,31.509368,2.56));
#7008=CARTESIAN_POINT('',(-43.56145,31.509368,4.56));
#7009=CARTESIAN_POINT('',(-28.5269525647345,18.2261647940791,4.56));
#7010=CARTESIAN_POINT('',(-43.56145,31.509368,2.56));
#7011=CARTESIAN_POINT('',(-43.56145,31.509368,2.56));
#7012=CARTESIAN_POINT('',(-25.0088034242724,15.1178274424176,2.56));
#7013=CARTESIAN_POINT('Origin',(-37.366995,37.89141,2.56));
#7014=CARTESIAN_POINT('',(-37.366995,37.89141,4.56));
#7015=CARTESIAN_POINT('',(-32.6234730830497,42.7785802356216,4.56));
#7016=CARTESIAN_POINT('',(-37.366995,37.89141,2.56));
#7017=CARTESIAN_POINT('',(-37.366995,37.89141,2.56));
#7018=CARTESIAN_POINT('',(-36.1670604952565,39.12768218319,2.56));
#7019=CARTESIAN_POINT('Origin',(-41.433932,42.291143,2.56));
#7020=CARTESIAN_POINT('',(-41.433932,42.291143,4.56));
#7021=CARTESIAN_POINT('',(-26.3959396837412,26.0225971514683,4.56));
#7022=CARTESIAN_POINT('',(-41.433932,42.291143,2.56));
#7023=CARTESIAN_POINT('',(-41.433932,42.291143,2.56));
#7024=CARTESIAN_POINT('',(-22.8617129048664,22.1991658594421,2.56));
#7025=CARTESIAN_POINT('Origin',(-48.053166,35.470372,2.56));
#7026=CARTESIAN_POINT('',(-48.053166,35.470372,4.56));
#7027=CARTESIAN_POINT('',(-40.1146904895676,43.6505516923583,4.56));
#7028=CARTESIAN_POINT('',(-48.053166,35.470372,2.56));
#7029=CARTESIAN_POINT('',(-48.053166,35.470372,2.56));
#7030=CARTESIAN_POINT('',(-43.6582610220689,39.9990894348615,2.56));
#7031=CARTESIAN_POINT('Origin',(-48.071253,35.466752,2.56));
#7032=CARTESIAN_POINT('',(-48.071253,35.466752,4.56));
#7033=CARTESIAN_POINT('',(-26.3192555831007,39.8202783254923,4.56));
#7034=CARTESIAN_POINT('',(-48.071253,35.466752,2.56));
#7035=CARTESIAN_POINT('',(-48.071253,35.466752,2.56));
#7036=CARTESIAN_POINT('',(-27.683684957763,39.5471963143087,2.56));
#7037=CARTESIAN_POINT('Origin',(-52.575222592089,39.4450899804649,2.56));
#7038=CARTESIAN_POINT('',(-52.575222592089,39.4450899804649,4.56));
#7039=CARTESIAN_POINT('',(-33.0377293392651,22.1877018339486,4.56));
#7040=CARTESIAN_POINT('',(-52.575222592089,39.4450899804649,2.56));
#7041=CARTESIAN_POINT('',(-52.575222592089,39.4450899804649,2.56));
#7042=CARTESIAN_POINT('',(-29.5196877813028,19.0802300669371,2.56));
#7043=CARTESIAN_POINT('Origin',(-49.7948105736837,42.2978143241099,2.56));
#7044=CARTESIAN_POINT('',(-49.7948105736837,42.2978143241099,4.56));
#7045=CARTESIAN_POINT('',(-43.0868224729909,49.1802622581044,4.56));
#7046=CARTESIAN_POINT('',(-49.7948105736837,42.2978143241099,2.56));
#7047=CARTESIAN_POINT('',(-49.7948105736837,42.2978143241099,2.56));
#7048=CARTESIAN_POINT('',(-40.5822789814422,51.7499433488071,2.56));
#7049=CARTESIAN_POINT('Origin',(-48.269175,40.878823,2.56));
#7050=CARTESIAN_POINT('',(-48.269175,40.878823,4.56));
#7051=CARTESIAN_POINT('',(-30.1789865840111,24.0531662988904,4.56));
#7052=CARTESIAN_POINT('',(-48.269175,40.878823,2.56));
#7053=CARTESIAN_POINT('',(-48.269175,40.878823,2.56));
#7054=CARTESIAN_POINT('',(-26.6431098541491,20.7644527362656,2.56));
#7055=CARTESIAN_POINT('Origin',(-41.370372,47.990018,2.56));
#7056=CARTESIAN_POINT('',(-41.370372,47.990018,4.56));
#7057=CARTESIAN_POINT('',(-38.1843571112533,51.2741200604272,4.56));
#7058=CARTESIAN_POINT('',(-41.370372,47.990018,2.56));
#7059=CARTESIAN_POINT('',(-41.370372,47.990018,2.56));
#7060=CARTESIAN_POINT('',(-41.7278924399603,47.6214906532931,2.56));
#7061=CARTESIAN_POINT('Origin',(-32.227259,37.576701,2.56));
#7062=CARTESIAN_POINT('',(-20.9202086035824,24.6988223045412,4.56));
#7063=CARTESIAN_POINT('',(-17.4048296742446,20.6950705007174,2.56));
#7064=CARTESIAN_POINT('Origin',(0.185961078370367,6.24412,2.56));
#7065=CARTESIAN_POINT('Origin',(0.185961078370371,20.424778,4.56));
#7066=CARTESIAN_POINT('',(0.,0.,0.));
#7067=UNCERTAINTY_MEASURE_WITH_UNIT(LENGTH_MEASURE(0.01),#7073,
'DISTANCE_ACCURACY_VALUE',
'Maximum model space distance between geometric entities at asserted c
onnectivities');
#7068=UNCERTAINTY_MEASURE_WITH_UNIT(LENGTH_MEASURE(0.01),#7073,
'DISTANCE_ACCURACY_VALUE',
'Maximum model space distance between geometric entities at asserted c
onnectivities');
#7069=UNCERTAINTY_MEASURE_WITH_UNIT(LENGTH_MEASURE(0.01),#7073,
'DISTANCE_ACCURACY_VALUE',
'Maximum model space distance between geometric entities at asserted c
onnectivities');
#7070=(
GEOMETRIC_REPRESENTATION_CONTEXT(3)
GLOBAL_UNCERTAINTY_ASSIGNED_CONTEXT((#7067))
GLOBAL_UNIT_ASSIGNED_CONTEXT((#7073,#7075,#7076))
REPRESENTATION_CONTEXT('','3D')
);
#7071=(
GEOMETRIC_REPRESENTATION_CONTEXT(3)
GLOBAL_UNCERTAINTY_ASSIGNED_CONTEXT((#7068))
GLOBAL_UNIT_ASSIGNED_CONTEXT((#7073,#7075,#7076))
REPRESENTATION_CONTEXT('','3D')
);
#7072=(
GEOMETRIC_REPRESENTATION_CONTEXT(3)
GLOBAL_UNCERTAINTY_ASSIGNED_CONTEXT((#7069))
GLOBAL_UNIT_ASSIGNED_CONTEXT((#7073,#7075,#7076))
REPRESENTATION_CONTEXT('','3D')
);
#7073=(
LENGTH_UNIT()
NAMED_UNIT(*)
SI_UNIT(.MILLI.,.METRE.)
);
#7074=(
LENGTH_UNIT()
NAMED_UNIT(*)
SI_UNIT($,.METRE.)
);
#7075=(
NAMED_UNIT(*)
PLANE_ANGLE_UNIT()
SI_UNIT($,.RADIAN.)
);
#7076=(
NAMED_UNIT(*)
SI_UNIT($,.STERADIAN.)
SOLID_ANGLE_UNIT()
);
#7077=SHAPE_DEFINITION_REPRESENTATION(#7079,#7082);
#7078=SHAPE_DEFINITION_REPRESENTATION(#7080,#7083);
#7079=PRODUCT_DEFINITION_SHAPE('',$,#7085);
#7080=PRODUCT_DEFINITION_SHAPE('',$,#7086);
#7081=PRODUCT_DEFINITION_SHAPE($,$,#14);
#7082=SHAPE_REPRESENTATION('',(#4021,#4226),#7070);
#7083=SHAPE_REPRESENTATION('',(#4022),#7071);
#7084=PRODUCT_DEFINITION_CONTEXT('part definition',#7092,'design');
#7085=PRODUCT_DEFINITION('Proto-Pulse-Shell-20X6',
'Proto-Pulse-Shell-20X6 v35',#7087,#7084);
#7086=PRODUCT_DEFINITION('M-Diffuser','M-Diffuser',#7088,#7084);
#7087=PRODUCT_DEFINITION_FORMATION('',$,#7094);
#7088=PRODUCT_DEFINITION_FORMATION('',$,#7095);
#7089=PRODUCT_RELATED_PRODUCT_CATEGORY('Proto-Pulse-Shell-20X6 v35',
'Proto-Pulse-Shell-20X6 v35',(#7094));
#7090=PRODUCT_RELATED_PRODUCT_CATEGORY('M-Diffuser','M-Diffuser',(#7095));
#7091=APPLICATION_PROTOCOL_DEFINITION('international standard',
'automotive_design',2009,#7092);
#7092=APPLICATION_CONTEXT(
'Core Data for Automotive Mechanical Design Process');
#7093=PRODUCT_CONTEXT('part definition',#7092,'mechanical');
#7094=PRODUCT('Proto-Pulse-Shell-20X6','Proto-Pulse-Shell-20X6 v35',$,(#7093));
#7095=PRODUCT('M-Diffuser','M-Diffuser',$,(#7093));
#7096=PRESENTATION_STYLE_ASSIGNMENT((#7100));
#7097=PRESENTATION_STYLE_ASSIGNMENT((#7101));
#7098=PRESENTATION_STYLE_ASSIGNMENT((#7102));
#7099=PRESENTATION_STYLE_ASSIGNMENT((#7103));
#7100=SURFACE_STYLE_USAGE(.BOTH.,#7104);
#7101=SURFACE_STYLE_USAGE(.BOTH.,#7105);
#7102=SURFACE_STYLE_USAGE(.BOTH.,#7106);
#7103=SURFACE_STYLE_USAGE(.BOTH.,#7107);
#7104=SURFACE_SIDE_STYLE('',(#7108));
#7105=SURFACE_SIDE_STYLE('',(#7109));
#7106=SURFACE_SIDE_STYLE('',(#7110));
#7107=SURFACE_SIDE_STYLE('',(#7111));
#7108=SURFACE_STYLE_FILL_AREA(#7112);
#7109=SURFACE_STYLE_FILL_AREA(#7113);
#7110=SURFACE_STYLE_FILL_AREA(#7114);
#7111=SURFACE_STYLE_FILL_AREA(#7115);
#7112=FILL_AREA_STYLE('Steel - Satin',(#7116));
#7113=FILL_AREA_STYLE('Acrylic (Clear)',(#7117));
#7114=FILL_AREA_STYLE('Polycarbonate (Clear) (2)',(#7118));
#7115=FILL_AREA_STYLE('LED (Green)',(#7119));
#7116=FILL_AREA_STYLE_COLOUR('Steel - Satin',#7120);
#7117=FILL_AREA_STYLE_COLOUR('Acrylic (Clear)',#7121);
#7118=FILL_AREA_STYLE_COLOUR('Polycarbonate (Clear) (2)',#7122);
#7119=FILL_AREA_STYLE_COLOUR('LED (Green)',#7123);
#7120=COLOUR_RGB('Steel - Satin',0.627450980392157,0.627450980392157,0.627450980392157);
#7121=COLOUR_RGB('Acrylic (Clear)',0.964705882352941,0.964705882352941,
0.952941176470588);
#7122=COLOUR_RGB('Polycarbonate (Clear) (2)',0.,1.,0.968627450980392);
#7123=COLOUR_RGB('LED (Green)',0.611764705882353,1.,0.619607843137255);
ENDSEC;
END-ISO-10303-21;
