ISO-10303-21;
HEADER;
/* Generated by software containing ST-Developer
 * from STEP Tools, Inc. (www.steptools.com) 
 */

FILE_DESCRIPTION(
/* description */ (''),
/* implementation_level */ '2;1');

FILE_NAME(
/* name */ 'Pulse-Visor.step',
/* time_stamp */ '2026-01-18T21:23:04-05:00',
/* author */ (''),
/* organization */ (''),
/* preprocessor_version */ 'ST-DEVELOPER v20.1',
/* originating_system */ 'Autodesk Translation Framework v14.21.0.0',
/* authorisation */ '');

FILE_SCHEMA (('AUTOMOTIVE_DESIGN { 1 0 10303 214 3 1 1 }'));
ENDSEC;

DATA;
#10=MECHANICAL_DESIGN_GEOMETRIC_PRESENTATION_REPRESENTATION('',(#17),#2526);
#11=ITEM_DEFINED_TRANSFORMATION($,$,#1338,#1450);
#12=(
REPRESENTATION_RELATIONSHIP($,$,#2537,#2536)
REPRESENTATION_RELATIONSHIP_WITH_TRANSFORMATION(#11)
SHAPE_REPRESENTATION_RELATIONSHIP()
);
#13=CONTEXT_DEPENDENT_SHAPE_REPRESENTATION(#12,#2535);
#14=NEXT_ASSEMBLY_USAGE_OCCURRENCE('Visor:1','Visor:1','Visor:1',#2539,
#2540,'Visor:1');
#15=SHAPE_REPRESENTATION_RELATIONSHIP('SRR','None',#2537,#16);
#16=ADVANCED_BREP_SHAPE_REPRESENTATION('',(#18),#2525);
#17=STYLED_ITEM('',(#2552),#18);
#18=MANIFOLD_SOLID_BREP('Body4',#1324);
#19=(
BOUNDED_SURFACE()
B_SPLINE_SURFACE(5,1,((#2401,#2402),(#2403,#2404),(#2405,#2406),(#2407,
#2408),(#2409,#2410),(#2411,#2412),(#2413,#2414),(#2415,#2416),(#2417,#2418),
(#2419,#2420),(#2421,#2422),(#2423,#2424),(#2425,#2426),(#2427,#2428),(#2429,
#2430)),.UNSPECIFIED.,.F.,.F.,.F.)
B_SPLINE_SURFACE_WITH_KNOTS((6,5,1,1,1,1,6),(2,2),(-0.0380065928011013,
0.,0.2,0.4,0.6,0.8,1.),(0.,0.555),.UNSPECIFIED.)
GEOMETRIC_REPRESENTATION_ITEM()
RATIONAL_B_SPLINE_SURFACE(((1.,1.),(1.,1.),(1.,1.),(1.,1.),(1.,1.),(1.,
1.),(1.,1.),(1.,1.),(1.,1.),(1.,1.),(1.,1.),(1.,1.),(1.,1.),(1.,1.),(1.,
1.)))
REPRESENTATION_ITEM('')
SURFACE()
);
#20=(
BOUNDED_SURFACE()
B_SPLINE_SURFACE(5,1,((#2465,#2466),(#2467,#2468),(#2469,#2470),(#2471,
#2472),(#2473,#2474),(#2475,#2476),(#2477,#2478),(#2479,#2480),(#2481,#2482),
(#2483,#2484),(#2485,#2486),(#2487,#2488),(#2489,#2490),(#2491,#2492),(#2493,
#2494)),.UNSPECIFIED.,.F.,.F.,.F.)
B_SPLINE_SURFACE_WITH_KNOTS((6,1,1,1,1,5,6),(2,2),(-1.,-0.8,-0.6,-0.4,-0.2,
0.,0.0387020831624926),(0.,0.555),.UNSPECIFIED.)
GEOMETRIC_REPRESENTATION_ITEM()
RATIONAL_B_SPLINE_SURFACE(((1.,1.),(1.,1.),(1.,1.),(1.,1.),(1.,1.),(1.,
1.),(1.,1.),(1.,1.),(1.,1.),(1.,1.),(1.,1.),(1.,1.),(1.,1.),(1.,1.),(1.,
1.)))
REPRESENTATION_ITEM('')
SURFACE()
);
#21=CONICAL_SURFACE('',#1425,4.66740252163856,0.785398163397449);
#22=CONICAL_SURFACE('',#1429,4.67091336580542,0.785398163397449);
#23=FACE_BOUND('',#156,.T.);
#24=FACE_BOUND('',#157,.T.);
#25=FACE_BOUND('',#158,.T.);
#26=FACE_BOUND('',#159,.T.);
#27=(
BOUNDED_CURVE()
B_SPLINE_CURVE(5,(#1946,#1947,#1948,#1949,#1950,#1951,#1952,#1953,#1954,
#1955),.UNSPECIFIED.,.F.,.F.)
B_SPLINE_CURVE_WITH_KNOTS((6,1,1,1,1,6),(0.0290507045171029,0.2,0.4,0.6,
0.8,0.969873290105873),.UNSPECIFIED.)
CURVE()
GEOMETRIC_REPRESENTATION_ITEM()
RATIONAL_B_SPLINE_CURVE((1.,1.,1.,1.,1.,1.,1.,1.,1.,1.))
REPRESENTATION_ITEM('')
);
#28=(
BOUNDED_CURVE()
B_SPLINE_CURVE(5,(#1962,#1963,#1964,#1965,#1966,#1967,#1968,#1969,#1970,
#1971),.UNSPECIFIED.,.F.,.F.)
B_SPLINE_CURVE_WITH_KNOTS((6,1,1,1,1,6),(0.0285374800588458,0.2,0.4,0.6,
0.8,0.965553526430649),.UNSPECIFIED.)
CURVE()
GEOMETRIC_REPRESENTATION_ITEM()
RATIONAL_B_SPLINE_CURVE((1.,1.,1.,1.,1.,1.,1.,1.,1.,1.))
REPRESENTATION_ITEM('')
);
#29=B_SPLINE_SURFACE_WITH_KNOTS('',3,1,((#1838,#1839),(#1840,#1841),(#1842,
#1843),(#1844,#1845),(#1846,#1847),(#1848,#1849),(#1850,#1851),(#1852,#1853),
(#1854,#1855),(#1856,#1857)),.UNSPECIFIED.,.F.,.F.,.F.,(4,3,3,4),(2,2),
(-1.,-0.563755608148091,-0.42903270232974,-0.423323029353038),(0.,0.405),
 .UNSPECIFIED.);
#30=B_SPLINE_SURFACE_WITH_KNOTS('',3,3,((#2172,#2173,#2174,#2175,#2176),
(#2177,#2178,#2179,#2180,#2181),(#2182,#2183,#2184,#2185,#2186),(#2187,
#2188,#2189,#2190,#2191)),.UNSPECIFIED.,.F.,.F.,.F.,(4,4),(4,1,4),(0.,1.),
(0.426771915371933,0.667811027039068,0.989196509261914),.UNSPECIFIED.);
#31=B_SPLINE_SURFACE_WITH_KNOTS('',3,3,((#2234,#2235,#2236,#2237,#2238),
(#2239,#2240,#2241,#2242,#2243),(#2244,#2245,#2246,#2247,#2248),(#2249,
#2250,#2251,#2252,#2253)),.UNSPECIFIED.,.F.,.F.,.F.,(4,4),(4,1,4),(0.,1.),
(-0.989196612424649,-0.748150042420323,-0.426754615747889),
 .UNSPECIFIED.);
#32=B_SPLINE_SURFACE_WITH_KNOTS('',3,3,((#2273,#2274,#2275,#2276,#2277,
#2278),(#2279,#2280,#2281,#2282,#2283,#2284),(#2285,#2286,#2287,#2288,#2289,
#2290),(#2291,#2292,#2293,#2294,#2295,#2296)),.UNSPECIFIED.,.F.,.F.,.F.,
(4,4),(4,1,1,4),(0.,1.),(0.0342888430302133,0.443912814720817,0.716995462514552,
0.990078110308288),.UNSPECIFIED.);
#33=B_SPLINE_SURFACE_WITH_KNOTS('',3,3,((#2354,#2355,#2356,#2357,#2358),
(#2359,#2360,#2361,#2362,#2363),(#2364,#2365,#2366,#2367,#2368),(#2369,
#2370,#2371,#2372,#2373)),.UNSPECIFIED.,.F.,.F.,.F.,(4,4),(4,1,4),(0.,1.),
(0.0302920414651764,0.425612616941439,0.952706717576455),.UNSPECIFIED.);
#34=B_SPLINE_SURFACE_WITH_KNOTS('',3,1,((#2500,#2501),(#2502,#2503),(#2504,
#2505),(#2506,#2507),(#2508,#2509),(#2510,#2511),(#2512,#2513),(#2514,#2515),
(#2516,#2517),(#2518,#2519)),.UNSPECIFIED.,.F.,.F.,.F.,(4,3,3,4),(2,2),
(0.423305074722085,0.429014925467411,0.774374267205426,1.),(0.,0.405),
 .UNSPECIFIED.);
#35=PLANE('',#1342);
#36=PLANE('',#1346);
#37=PLANE('',#1347);
#38=PLANE('',#1348);
#39=PLANE('',#1369);
#40=PLANE('',#1372);
#41=PLANE('',#1375);
#42=PLANE('',#1378);
#43=PLANE('',#1381);
#44=PLANE('',#1382);
#45=PLANE('',#1385);
#46=PLANE('',#1388);
#47=PLANE('',#1391);
#48=PLANE('',#1394);
#49=PLANE('',#1397);
#50=PLANE('',#1400);
#51=PLANE('',#1403);
#52=PLANE('',#1406);
#53=PLANE('',#1409);
#54=PLANE('',#1412);
#55=PLANE('',#1415);
#56=PLANE('',#1422);
#57=PLANE('',#1423);
#58=PLANE('',#1424);
#59=PLANE('',#1428);
#60=PLANE('',#1433);
#61=PLANE('',#1435);
#62=PLANE('',#1436);
#63=PLANE('',#1437);
#64=PLANE('',#1438);
#65=PLANE('',#1439);
#66=PLANE('',#1440);
#67=PLANE('',#1441);
#68=PLANE('',#1442);
#69=PLANE('',#1443);
#70=PLANE('',#1444);
#71=PLANE('',#1445);
#72=PLANE('',#1446);
#73=PLANE('',#1447);
#74=PLANE('',#1448);
#75=PLANE('',#1449);
#76=FACE_OUTER_BOUND('',#149,.T.);
#77=FACE_OUTER_BOUND('',#150,.T.);
#78=FACE_OUTER_BOUND('',#151,.T.);
#79=FACE_OUTER_BOUND('',#152,.T.);
#80=FACE_OUTER_BOUND('',#153,.T.);
#81=FACE_OUTER_BOUND('',#154,.T.);
#82=FACE_OUTER_BOUND('',#155,.T.);
#83=FACE_OUTER_BOUND('',#160,.T.);
#84=FACE_OUTER_BOUND('',#161,.T.);
#85=FACE_OUTER_BOUND('',#162,.T.);
#86=FACE_OUTER_BOUND('',#163,.T.);
#87=FACE_OUTER_BOUND('',#164,.T.);
#88=FACE_OUTER_BOUND('',#165,.T.);
#89=FACE_OUTER_BOUND('',#166,.T.);
#90=FACE_OUTER_BOUND('',#167,.T.);
#91=FACE_OUTER_BOUND('',#168,.T.);
#92=FACE_OUTER_BOUND('',#169,.T.);
#93=FACE_OUTER_BOUND('',#170,.T.);
#94=FACE_OUTER_BOUND('',#171,.T.);
#95=FACE_OUTER_BOUND('',#172,.T.);
#96=FACE_OUTER_BOUND('',#173,.T.);
#97=FACE_OUTER_BOUND('',#174,.T.);
#98=FACE_OUTER_BOUND('',#175,.T.);
#99=FACE_OUTER_BOUND('',#176,.T.);
#100=FACE_OUTER_BOUND('',#177,.T.);
#101=FACE_OUTER_BOUND('',#178,.T.);
#102=FACE_OUTER_BOUND('',#179,.T.);
#103=FACE_OUTER_BOUND('',#180,.T.);
#104=FACE_OUTER_BOUND('',#181,.T.);
#105=FACE_OUTER_BOUND('',#182,.T.);
#106=FACE_OUTER_BOUND('',#183,.T.);
#107=FACE_OUTER_BOUND('',#184,.T.);
#108=FACE_OUTER_BOUND('',#185,.T.);
#109=FACE_OUTER_BOUND('',#186,.T.);
#110=FACE_OUTER_BOUND('',#187,.T.);
#111=FACE_OUTER_BOUND('',#188,.T.);
#112=FACE_OUTER_BOUND('',#189,.T.);
#113=FACE_OUTER_BOUND('',#190,.T.);
#114=FACE_OUTER_BOUND('',#191,.T.);
#115=FACE_OUTER_BOUND('',#192,.T.);
#116=FACE_OUTER_BOUND('',#193,.T.);
#117=FACE_OUTER_BOUND('',#194,.T.);
#118=FACE_OUTER_BOUND('',#195,.T.);
#119=FACE_OUTER_BOUND('',#196,.T.);
#120=FACE_OUTER_BOUND('',#197,.T.);
#121=FACE_OUTER_BOUND('',#198,.T.);
#122=FACE_OUTER_BOUND('',#199,.T.);
#123=FACE_OUTER_BOUND('',#200,.T.);
#124=FACE_OUTER_BOUND('',#201,.T.);
#125=FACE_OUTER_BOUND('',#202,.T.);
#126=FACE_OUTER_BOUND('',#203,.T.);
#127=FACE_OUTER_BOUND('',#204,.T.);
#128=FACE_OUTER_BOUND('',#205,.T.);
#129=FACE_OUTER_BOUND('',#206,.T.);
#130=FACE_OUTER_BOUND('',#207,.T.);
#131=FACE_OUTER_BOUND('',#208,.T.);
#132=FACE_OUTER_BOUND('',#209,.T.);
#133=FACE_OUTER_BOUND('',#210,.T.);
#134=FACE_OUTER_BOUND('',#211,.T.);
#135=FACE_OUTER_BOUND('',#212,.T.);
#136=FACE_OUTER_BOUND('',#213,.T.);
#137=FACE_OUTER_BOUND('',#214,.T.);
#138=FACE_OUTER_BOUND('',#215,.T.);
#139=FACE_OUTER_BOUND('',#216,.T.);
#140=FACE_OUTER_BOUND('',#217,.T.);
#141=FACE_OUTER_BOUND('',#218,.T.);
#142=FACE_OUTER_BOUND('',#219,.T.);
#143=FACE_OUTER_BOUND('',#220,.T.);
#144=FACE_OUTER_BOUND('',#221,.T.);
#145=FACE_OUTER_BOUND('',#222,.T.);
#146=FACE_OUTER_BOUND('',#223,.T.);
#147=FACE_OUTER_BOUND('',#224,.T.);
#148=FACE_OUTER_BOUND('',#225,.T.);
#149=EDGE_LOOP('',(#847,#848,#849,#850));
#150=EDGE_LOOP('',(#851,#852,#853));
#151=EDGE_LOOP('',(#854,#855,#856,#857));
#152=EDGE_LOOP('',(#858,#859,#860));
#153=EDGE_LOOP('',(#861,#862,#863,#864,#865,#866));
#154=EDGE_LOOP('',(#867,#868,#869,#870,#871,#872,#873,#874,#875,#876));
#155=EDGE_LOOP('',(#877,#878,#879,#880,#881,#882,#883,#884,#885,#886,#887,
#888,#889,#890,#891,#892,#893,#894,#895,#896,#897,#898,#899,#900,#901));
#156=EDGE_LOOP('',(#902,#903,#904,#905,#906,#907,#908,#909,#910,#911));
#157=EDGE_LOOP('',(#912,#913,#914,#915));
#158=EDGE_LOOP('',(#916,#917,#918,#919,#920,#921,#922,#923));
#159=EDGE_LOOP('',(#924,#925,#926,#927,#928,#929,#930,#931));
#160=EDGE_LOOP('',(#932,#933,#934,#935));
#161=EDGE_LOOP('',(#936,#937,#938,#939));
#162=EDGE_LOOP('',(#940,#941,#942,#943));
#163=EDGE_LOOP('',(#944,#945,#946,#947));
#164=EDGE_LOOP('',(#948,#949,#950,#951));
#165=EDGE_LOOP('',(#952,#953,#954,#955));
#166=EDGE_LOOP('',(#956,#957,#958,#959));
#167=EDGE_LOOP('',(#960,#961,#962,#963));
#168=EDGE_LOOP('',(#964,#965,#966,#967,#968,#969,#970,#971));
#169=EDGE_LOOP('',(#972,#973,#974,#975));
#170=EDGE_LOOP('',(#976,#977,#978,#979));
#171=EDGE_LOOP('',(#980,#981,#982,#983));
#172=EDGE_LOOP('',(#984,#985,#986,#987));
#173=EDGE_LOOP('',(#988,#989,#990,#991));
#174=EDGE_LOOP('',(#992,#993,#994,#995));
#175=EDGE_LOOP('',(#996,#997,#998,#999));
#176=EDGE_LOOP('',(#1000,#1001,#1002,#1003));
#177=EDGE_LOOP('',(#1004,#1005,#1006,#1007,#1008,#1009,#1010,#1011));
#178=EDGE_LOOP('',(#1012,#1013,#1014,#1015));
#179=EDGE_LOOP('',(#1016,#1017,#1018,#1019));
#180=EDGE_LOOP('',(#1020,#1021,#1022,#1023));
#181=EDGE_LOOP('',(#1024,#1025,#1026,#1027));
#182=EDGE_LOOP('',(#1028,#1029,#1030,#1031));
#183=EDGE_LOOP('',(#1032,#1033,#1034,#1035));
#184=EDGE_LOOP('',(#1036,#1037,#1038,#1039));
#185=EDGE_LOOP('',(#1040,#1041,#1042,#1043));
#186=EDGE_LOOP('',(#1044,#1045,#1046,#1047));
#187=EDGE_LOOP('',(#1048,#1049,#1050,#1051));
#188=EDGE_LOOP('',(#1052,#1053,#1054,#1055));
#189=EDGE_LOOP('',(#1056,#1057,#1058,#1059));
#190=EDGE_LOOP('',(#1060,#1061,#1062,#1063));
#191=EDGE_LOOP('',(#1064,#1065,#1066,#1067));
#192=EDGE_LOOP('',(#1068,#1069,#1070,#1071));
#193=EDGE_LOOP('',(#1072,#1073,#1074,#1075));
#194=EDGE_LOOP('',(#1076,#1077,#1078,#1079));
#195=EDGE_LOOP('',(#1080,#1081,#1082,#1083));
#196=EDGE_LOOP('',(#1084,#1085,#1086,#1087));
#197=EDGE_LOOP('',(#1088,#1089,#1090,#1091));
#198=EDGE_LOOP('',(#1092,#1093,#1094,#1095));
#199=EDGE_LOOP('',(#1096,#1097,#1098,#1099));
#200=EDGE_LOOP('',(#1100,#1101,#1102,#1103));
#201=EDGE_LOOP('',(#1104,#1105,#1106,#1107));
#202=EDGE_LOOP('',(#1108,#1109,#1110,#1111));
#203=EDGE_LOOP('',(#1112,#1113,#1114,#1115));
#204=EDGE_LOOP('',(#1116,#1117,#1118,#1119));
#205=EDGE_LOOP('',(#1120,#1121,#1122,#1123));
#206=EDGE_LOOP('',(#1124,#1125,#1126,#1127));
#207=EDGE_LOOP('',(#1128,#1129,#1130,#1131));
#208=EDGE_LOOP('',(#1132,#1133,#1134,#1135));
#209=EDGE_LOOP('',(#1136,#1137,#1138,#1139,#1140,#1141,#1142,#1143,#1144,
#1145));
#210=EDGE_LOOP('',(#1146,#1147,#1148,#1149,#1150,#1151,#1152,#1153,#1154));
#211=EDGE_LOOP('',(#1155,#1156,#1157,#1158));
#212=EDGE_LOOP('',(#1159,#1160,#1161,#1162));
#213=EDGE_LOOP('',(#1163,#1164,#1165,#1166));
#214=EDGE_LOOP('',(#1167,#1168,#1169,#1170));
#215=EDGE_LOOP('',(#1171,#1172,#1173,#1174));
#216=EDGE_LOOP('',(#1175,#1176,#1177,#1178));
#217=EDGE_LOOP('',(#1179,#1180,#1181,#1182));
#218=EDGE_LOOP('',(#1183,#1184,#1185,#1186,#1187,#1188,#1189,#1190,#1191,
#1192));
#219=EDGE_LOOP('',(#1193,#1194,#1195,#1196));
#220=EDGE_LOOP('',(#1197,#1198,#1199,#1200));
#221=EDGE_LOOP('',(#1201,#1202,#1203,#1204,#1205,#1206,#1207,#1208,#1209,
#1210));
#222=EDGE_LOOP('',(#1211,#1212,#1213,#1214));
#223=EDGE_LOOP('',(#1215,#1216,#1217,#1218));
#224=EDGE_LOOP('',(#1219,#1220,#1221,#1222));
#225=EDGE_LOOP('',(#1223,#1224,#1225,#1226,#1227,#1228));
#226=LINE('',#1809,#343);
#227=LINE('',#1816,#344);
#228=LINE('',#1822,#345);
#229=LINE('',#1837,#346);
#230=LINE('',#1888,#347);
#231=LINE('',#1890,#348);
#232=LINE('',#1892,#349);
#233=LINE('',#1894,#350);
#234=LINE('',#1896,#351);
#235=LINE('',#1898,#352);
#236=LINE('',#1900,#353);
#237=LINE('',#1909,#354);
#238=LINE('',#1911,#355);
#239=LINE('',#1919,#356);
#240=LINE('',#1923,#357);
#241=LINE('',#1925,#358);
#242=LINE('',#1927,#359);
#243=LINE('',#1928,#360);
#244=LINE('',#1930,#361);
#245=LINE('',#1932,#362);
#246=LINE('',#1933,#363);
#247=LINE('',#1959,#364);
#248=LINE('',#1974,#365);
#249=LINE('',#1976,#366);
#250=LINE('',#1980,#367);
#251=LINE('',#1984,#368);
#252=LINE('',#1986,#369);
#253=LINE('',#1990,#370);
#254=LINE('',#1994,#371);
#255=LINE('',#1998,#372);
#256=LINE('',#2002,#373);
#257=LINE('',#2006,#374);
#258=LINE('',#2010,#375);
#259=LINE('',#2014,#376);
#260=LINE('',#2018,#377);
#261=LINE('',#2022,#378);
#262=LINE('',#2026,#379);
#263=LINE('',#2030,#380);
#264=LINE('',#2034,#381);
#265=LINE('',#2036,#382);
#266=LINE('',#2037,#383);
#267=LINE('',#2041,#384);
#268=LINE('',#2044,#385);
#269=LINE('',#2045,#386);
#270=LINE('',#2049,#387);
#271=LINE('',#2052,#388);
#272=LINE('',#2053,#389);
#273=LINE('',#2056,#390);
#274=LINE('',#2060,#391);
#275=LINE('',#2061,#392);
#276=LINE('',#2067,#393);
#277=LINE('',#2069,#394);
#278=LINE('',#2070,#395);
#279=LINE('',#2074,#396);
#280=LINE('',#2077,#397);
#281=LINE('',#2078,#398);
#282=LINE('',#2082,#399);
#283=LINE('',#2085,#400);
#284=LINE('',#2086,#401);
#285=LINE('',#2089,#402);
#286=LINE('',#2093,#403);
#287=LINE('',#2094,#404);
#288=LINE('',#2102,#405);
#289=LINE('',#2103,#406);
#290=LINE('',#2106,#407);
#291=LINE('',#2107,#408);
#292=LINE('',#2111,#409);
#293=LINE('',#2114,#410);
#294=LINE('',#2115,#411);
#295=LINE('',#2120,#412);
#296=LINE('',#2121,#413);
#297=LINE('',#2124,#414);
#298=LINE('',#2125,#415);
#299=LINE('',#2129,#416);
#300=LINE('',#2132,#417);
#301=LINE('',#2133,#418);
#302=LINE('',#2138,#419);
#303=LINE('',#2139,#420);
#304=LINE('',#2142,#421);
#305=LINE('',#2143,#422);
#306=LINE('',#2147,#423);
#307=LINE('',#2149,#424);
#308=LINE('',#2152,#425);
#309=LINE('',#2155,#426);
#310=LINE('',#2158,#427);
#311=LINE('',#2159,#428);
#312=LINE('',#2162,#429);
#313=LINE('',#2166,#430);
#314=LINE('',#2170,#431);
#315=LINE('',#2215,#432);
#316=LINE('',#2217,#433);
#317=LINE('',#2218,#434);
#318=LINE('',#2221,#435);
#319=LINE('',#2222,#436);
#320=LINE('',#2223,#437);
#321=LINE('',#2226,#438);
#322=LINE('',#2331,#439);
#323=LINE('',#2336,#440);
#324=LINE('',#2337,#441);
#325=LINE('',#2338,#442);
#326=LINE('',#2385,#443);
#327=LINE('',#2393,#444);
#328=LINE('',#2434,#445);
#329=LINE('',#2436,#446);
#330=LINE('',#2438,#447);
#331=LINE('',#2439,#448);
#332=LINE('',#2441,#449);
#333=LINE('',#2443,#450);
#334=LINE('',#2444,#451);
#335=LINE('',#2449,#452);
#336=LINE('',#2450,#453);
#337=LINE('',#2451,#454);
#338=LINE('',#2453,#455);
#339=LINE('',#2455,#456);
#340=LINE('',#2458,#457);
#341=LINE('',#2460,#458);
#342=LINE('',#2462,#459);
#343=VECTOR('',#1461,10.);
#344=VECTOR('',#1464,10.);
#345=VECTOR('',#1469,10.);
#346=VECTOR('',#1474,10.);
#347=VECTOR('',#1477,10.);
#348=VECTOR('',#1478,10.);
#349=VECTOR('',#1479,10.);
#350=VECTOR('',#1480,10.);
#351=VECTOR('',#1481,10.);
#352=VECTOR('',#1482,10.);
#353=VECTOR('',#1483,10.);
#354=VECTOR('',#1486,10.);
#355=VECTOR('',#1487,10.);
#356=VECTOR('',#1494,10.);
#357=VECTOR('',#1497,10.);
#358=VECTOR('',#1498,10.);
#359=VECTOR('',#1499,10.);
#360=VECTOR('',#1500,10.);
#361=VECTOR('',#1501,10.);
#362=VECTOR('',#1502,10.);
#363=VECTOR('',#1503,10.);
#364=VECTOR('',#1506,10.);
#365=VECTOR('',#1509,10.);
#366=VECTOR('',#1510,10.);
#367=VECTOR('',#1513,10.);
#368=VECTOR('',#1516,10.);
#369=VECTOR('',#1517,10.);
#370=VECTOR('',#1520,10.);
#371=VECTOR('',#1523,10.);
#372=VECTOR('',#1526,10.);
#373=VECTOR('',#1529,10.);
#374=VECTOR('',#1532,10.);
#375=VECTOR('',#1535,10.);
#376=VECTOR('',#1538,10.);
#377=VECTOR('',#1541,10.);
#378=VECTOR('',#1544,10.);
#379=VECTOR('',#1547,10.);
#380=VECTOR('',#1550,10.);
#381=VECTOR('',#1555,10.);
#382=VECTOR('',#1556,10.);
#383=VECTOR('',#1557,10.);
#384=VECTOR('',#1562,10.);
#385=VECTOR('',#1565,10.);
#386=VECTOR('',#1566,10.);
#387=VECTOR('',#1571,10.);
#388=VECTOR('',#1574,10.);
#389=VECTOR('',#1575,10.);
#390=VECTOR('',#1578,10.);
#391=VECTOR('',#1583,10.);
#392=VECTOR('',#1584,10.);
#393=VECTOR('',#1593,10.);
#394=VECTOR('',#1594,10.);
#395=VECTOR('',#1595,10.);
#396=VECTOR('',#1600,10.);
#397=VECTOR('',#1603,10.);
#398=VECTOR('',#1604,10.);
#399=VECTOR('',#1609,10.);
#400=VECTOR('',#1612,10.);
#401=VECTOR('',#1613,10.);
#402=VECTOR('',#1616,10.);
#403=VECTOR('',#1621,10.);
#404=VECTOR('',#1622,10.);
#405=VECTOR('',#1633,10.);
#406=VECTOR('',#1634,10.);
#407=VECTOR('',#1637,10.);
#408=VECTOR('',#1638,10.);
#409=VECTOR('',#1643,10.);
#410=VECTOR('',#1646,10.);
#411=VECTOR('',#1647,10.);
#412=VECTOR('',#1652,10.);
#413=VECTOR('',#1653,10.);
#414=VECTOR('',#1656,10.);
#415=VECTOR('',#1657,10.);
#416=VECTOR('',#1662,10.);
#417=VECTOR('',#1665,10.);
#418=VECTOR('',#1666,10.);
#419=VECTOR('',#1671,10.);
#420=VECTOR('',#1672,10.);
#421=VECTOR('',#1675,10.);
#422=VECTOR('',#1676,10.);
#423=VECTOR('',#1681,10.);
#424=VECTOR('',#1684,10.);
#425=VECTOR('',#1687,10.);
#426=VECTOR('',#1690,10.);
#427=VECTOR('',#1693,10.);
#428=VECTOR('',#1694,10.);
#429=VECTOR('',#1697,10.);
#430=VECTOR('',#1702,10.);
#431=VECTOR('',#1707,10.);
#432=VECTOR('',#1712,10.);
#433=VECTOR('',#1713,10.);
#434=VECTOR('',#1714,10.);
#435=VECTOR('',#1717,10.);
#436=VECTOR('',#1718,10.);
#437=VECTOR('',#1719,10.);
#438=VECTOR('',#1722,10.);
#439=VECTOR('',#1727,10.);
#440=VECTOR('',#1732,10.);
#441=VECTOR('',#1733,10.);
#442=VECTOR('',#1734,10.);
#443=VECTOR('',#1743,10.);
#444=VECTOR('',#1746,10.);
#445=VECTOR('',#1753,10.);
#446=VECTOR('',#1754,10.);
#447=VECTOR('',#1755,10.);
#448=VECTOR('',#1756,10.);
#449=VECTOR('',#1759,10.);
#450=VECTOR('',#1762,10.);
#451=VECTOR('',#1763,10.);
#452=VECTOR('',#1768,10.);
#453=VECTOR('',#1769,10.);
#454=VECTOR('',#1770,10.);
#455=VECTOR('',#1773,10.);
#456=VECTOR('',#1776,10.);
#457=VECTOR('',#1781,10.);
#458=VECTOR('',#1784,10.);
#459=VECTOR('',#1787,10.);
#460=B_SPLINE_CURVE_WITH_KNOTS('',3,(#1803,#1804,#1805,#1806),
 .UNSPECIFIED.,.F.,.F.,(4,4),(-0.14,0.),.UNSPECIFIED.);
#461=B_SPLINE_CURVE_WITH_KNOTS('',3,(#1812,#1813,#1814,#1815),
 .UNSPECIFIED.,.F.,.F.,(4,4),(-0.779205276414043,-0.0502036007037368),
 .UNSPECIFIED.);
#462=B_SPLINE_CURVE_WITH_KNOTS('',3,(#1825,#1826,#1827,#1828,#1829,#1830),
 .UNSPECIFIED.,.F.,.F.,(4,2,4),(-0.14,-0.00107710312748155,0.),
 .UNSPECIFIED.);
#463=B_SPLINE_CURVE_WITH_KNOTS('',3,(#1833,#1834,#1835,#1836),
 .UNSPECIFIED.,.F.,.F.,(4,4),(-0.729825099437607,0.),.UNSPECIFIED.);
#464=B_SPLINE_CURVE_WITH_KNOTS('',3,(#1859,#1860,#1861,#1862,#1863,#1864,
#1865,#1866,#1867,#1868),.UNSPECIFIED.,.F.,.F.,(4,3,3,4),(0.426771915375145,
0.42903270232974,0.563755608148091,0.847932850999198),.UNSPECIFIED.);
#465=B_SPLINE_CURVE_WITH_KNOTS('',3,(#1870,#1871,#1872,#1873),
 .UNSPECIFIED.,.F.,.F.,(4,4),(-0.405,-0.0999999999999999),.UNSPECIFIED.);
#466=B_SPLINE_CURVE_WITH_KNOTS('',3,(#1875,#1876,#1877,#1878,#1879),
 .UNSPECIFIED.,.F.,.F.,(4,1,4),(-0.989196509261914,-0.667811027039068,-0.426771915371933),
 .UNSPECIFIED.);
#467=B_SPLINE_CURVE_WITH_KNOTS('',3,(#1880,#1881,#1882,#1883,#1884,#1885),
 .UNSPECIFIED.,.F.,.F.,(4,2,4),(-0.265,-0.2025,-0.1),.UNSPECIFIED.);
#468=B_SPLINE_CURVE_WITH_KNOTS('',3,(#1901,#1902,#1903,#1904,#1905,#1906),
 .UNSPECIFIED.,.F.,.F.,(4,2,4),(0.14,0.2025,0.305),.UNSPECIFIED.);
#469=B_SPLINE_CURVE_WITH_KNOTS('',3,(#1935,#1936,#1937,#1938,#1939,#1940,
#1941,#1942,#1943,#1944),.UNSPECIFIED.,.F.,.F.,(4,3,3,4),(-0.847576039987486,
-0.774374267205426,-0.429014925467411,-0.426754615751113),.UNSPECIFIED.);
#470=B_SPLINE_CURVE_WITH_KNOTS('',3,(#2193,#2194,#2195,#2196,#2197,#2198,
#2199),.UNSPECIFIED.,.F.,.F.,(4,3,4),(0.,0.0191737328951396,0.153491819492075),
 .UNSPECIFIED.);
#471=B_SPLINE_CURVE_WITH_KNOTS('',3,(#2201,#2202,#2203,#2204,#2205),
 .UNSPECIFIED.,.F.,.F.,(4,1,4),(0.435030757499928,0.667811027039068,0.953278895053615),
 .UNSPECIFIED.);
#472=B_SPLINE_CURVE_WITH_KNOTS('',3,(#2206,#2207,#2208,#2209,#2210,#2211,
#2212),.UNSPECIFIED.,.F.,.F.,(4,3,4),(0.,0.11375393521657,0.227524891193693),
 .UNSPECIFIED.);
#473=B_SPLINE_CURVE_WITH_KNOTS('',3,(#2227,#2228,#2229,#2230,#2231,#2232,
#2233),.UNSPECIFIED.,.F.,.F.,(4,3,4),(-0.22752320979291,-0.113239231719147,
0.),.UNSPECIFIED.);
#474=B_SPLINE_CURVE_WITH_KNOTS('',3,(#2255,#2256,#2257,#2258,#2259),
 .UNSPECIFIED.,.F.,.F.,(4,1,4),(0.426754615747889,0.748150042420323,0.989196612424649),
 .UNSPECIFIED.);
#475=B_SPLINE_CURVE_WITH_KNOTS('',3,(#2261,#2262,#2263,#2264,#2265),
 .UNSPECIFIED.,.F.,.F.,(4,1,4),(-0.953275463869894,-0.748150042420323,-0.435020993870905),
 .UNSPECIFIED.);
#476=B_SPLINE_CURVE_WITH_KNOTS('',3,(#2266,#2267,#2268,#2269,#2270,#2271,
#2272),.UNSPECIFIED.,.F.,.F.,(4,3,4),(0.,0.0767846535307707,0.153526029376433),
 .UNSPECIFIED.);
#477=B_SPLINE_CURVE_WITH_KNOTS('',3,(#2298,#2299,#2300,#2301,#2302,#2303),
 .UNSPECIFIED.,.F.,.F.,(4,1,1,4),(-0.990078110308288,-0.716995462514552,
-0.443912814720817,-0.0342888430302133),.UNSPECIFIED.);
#478=B_SPLINE_CURVE_WITH_KNOTS('',3,(#2305,#2306,#2307,#2308,#2309,#2310),
 .UNSPECIFIED.,.F.,.F.,(4,1,1,4),(0.0950491994299902,0.443912814720817,
0.716995462514552,0.905979151391216),.UNSPECIFIED.);
#479=B_SPLINE_CURVE_WITH_KNOTS('',3,(#2311,#2312,#2313,#2314,#2315,#2316,
#2317,#2318,#2319,#2320,#2321,#2322,#2323,#2324,#2325,#2326),
 .UNSPECIFIED.,.F.,.F.,(4,3,3,3,3,4),(0.,0.0809791007663504,0.122185311596867,
0.142980861455597,0.153431452199537,0.163919079263189),.UNSPECIFIED.);
#480=B_SPLINE_CURVE_WITH_KNOTS('',3,(#2344,#2345,#2346,#2347,#2348,#2349,
#2350,#2351,#2352,#2353),.UNSPECIFIED.,.F.,.F.,(4,3,3,4),(-0.162896030213023,
-0.0821559049732941,-0.00895402793456276,0.),.UNSPECIFIED.);
#481=B_SPLINE_CURVE_WITH_KNOTS('',3,(#2374,#2375,#2376,#2377,#2378),
 .UNSPECIFIED.,.F.,.F.,(4,1,4),(-0.952706717576455,-0.425612616941439,-0.0302920414651764),
 .UNSPECIFIED.);
#482=B_SPLINE_CURVE_WITH_KNOTS('',3,(#2379,#2380,#2381,#2382,#2383),
 .UNSPECIFIED.,.F.,.F.,(4,1,4),(0.112634906633502,0.425612616941439,0.891548038726982),
 .UNSPECIFIED.);
#483=B_SPLINE_CURVE_WITH_KNOTS('',3,(#2386,#2387,#2388,#2389,#2390,#2391),
 .UNSPECIFIED.,.F.,.F.,(4,2,4),(-0.555,-0.2775,-0.25),.UNSPECIFIED.);
#484=B_SPLINE_CURVE_WITH_KNOTS('',3,(#2395,#2396,#2397,#2398,#2399,#2400),
 .UNSPECIFIED.,.F.,.F.,(4,2,4),(-0.305,-0.2775,0.),.UNSPECIFIED.);
#485=B_SPLINE_CURVE_WITH_KNOTS('',3,(#2495,#2496,#2497,#2498),
 .UNSPECIFIED.,.F.,.F.,(4,4),(-0.305,0.),.UNSPECIFIED.);
#486=CIRCLE('',#1340,4.);
#487=CIRCLE('',#1341,4.);
#488=CIRCLE('',#1344,4.);
#489=CIRCLE('',#1345,4.);
#490=CIRCLE('',#1349,2.);
#491=CIRCLE('',#1350,2.2);
#492=CIRCLE('',#1351,2.);
#493=CIRCLE('',#1352,2.);
#494=CIRCLE('',#1353,4.16740252163856);
#495=CIRCLE('',#1354,4.17091336580542);
#496=CIRCLE('',#1355,1.);
#497=CIRCLE('',#1356,1.);
#498=CIRCLE('',#1357,1.);
#499=CIRCLE('',#1358,1.);
#500=CIRCLE('',#1359,0.948564673068181);
#501=CIRCLE('',#1360,0.948564673068181);
#502=CIRCLE('',#1361,1.5);
#503=CIRCLE('',#1362,1.5);
#504=CIRCLE('',#1363,1.5);
#505=CIRCLE('',#1364,1.5);
#506=CIRCLE('',#1365,1.5);
#507=CIRCLE('',#1366,1.5);
#508=CIRCLE('',#1367,1.5);
#509=CIRCLE('',#1368,1.5);
#510=CIRCLE('',#1371,1.5);
#511=CIRCLE('',#1374,1.5);
#512=CIRCLE('',#1377,1.5);
#513=CIRCLE('',#1380,1.5);
#514=CIRCLE('',#1384,1.5);
#515=CIRCLE('',#1387,1.5);
#516=CIRCLE('',#1390,1.5);
#517=CIRCLE('',#1393,1.5);
#518=CIRCLE('',#1396,1.);
#519=CIRCLE('',#1399,1.);
#520=CIRCLE('',#1402,1.);
#521=CIRCLE('',#1405,1.);
#522=CIRCLE('',#1408,0.948564673068181);
#523=CIRCLE('',#1411,0.948564673068181);
#524=CIRCLE('',#1414,2.);
#525=CIRCLE('',#1417,2.);
#526=CIRCLE('',#1419,2.2);
#527=CIRCLE('',#1421,2.);
#528=CIRCLE('',#1426,5.16740252163856);
#529=CIRCLE('',#1427,4.16740252163856);
#530=CIRCLE('',#1430,4.17091336580542);
#531=CIRCLE('',#1431,5.17091336580542);
#532=VERTEX_POINT('',#1799);
#533=VERTEX_POINT('',#1800);
#534=VERTEX_POINT('',#1802);
#535=VERTEX_POINT('',#1807);
#536=VERTEX_POINT('',#1811);
#537=VERTEX_POINT('',#1818);
#538=VERTEX_POINT('',#1819);
#539=VERTEX_POINT('',#1821);
#540=VERTEX_POINT('',#1823);
#541=VERTEX_POINT('',#1832);
#542=VERTEX_POINT('',#1858);
#543=VERTEX_POINT('',#1869);
#544=VERTEX_POINT('',#1874);
#545=VERTEX_POINT('',#1887);
#546=VERTEX_POINT('',#1889);
#547=VERTEX_POINT('',#1891);
#548=VERTEX_POINT('',#1893);
#549=VERTEX_POINT('',#1895);
#550=VERTEX_POINT('',#1897);
#551=VERTEX_POINT('',#1899);
#552=VERTEX_POINT('',#1908);
#553=VERTEX_POINT('',#1910);
#554=VERTEX_POINT('',#1912);
#555=VERTEX_POINT('',#1914);
#556=VERTEX_POINT('',#1916);
#557=VERTEX_POINT('',#1918);
#558=VERTEX_POINT('',#1920);
#559=VERTEX_POINT('',#1922);
#560=VERTEX_POINT('',#1924);
#561=VERTEX_POINT('',#1926);
#562=VERTEX_POINT('',#1929);
#563=VERTEX_POINT('',#1931);
#564=VERTEX_POINT('',#1934);
#565=VERTEX_POINT('',#1945);
#566=VERTEX_POINT('',#1956);
#567=VERTEX_POINT('',#1958);
#568=VERTEX_POINT('',#1960);
#569=VERTEX_POINT('',#1972);
#570=VERTEX_POINT('',#1973);
#571=VERTEX_POINT('',#1975);
#572=VERTEX_POINT('',#1977);
#573=VERTEX_POINT('',#1979);
#574=VERTEX_POINT('',#1981);
#575=VERTEX_POINT('',#1983);
#576=VERTEX_POINT('',#1985);
#577=VERTEX_POINT('',#1987);
#578=VERTEX_POINT('',#1989);
#579=VERTEX_POINT('',#1992);
#580=VERTEX_POINT('',#1993);
#581=VERTEX_POINT('',#1995);
#582=VERTEX_POINT('',#1997);
#583=VERTEX_POINT('',#2000);
#584=VERTEX_POINT('',#2001);
#585=VERTEX_POINT('',#2003);
#586=VERTEX_POINT('',#2005);
#587=VERTEX_POINT('',#2007);
#588=VERTEX_POINT('',#2009);
#589=VERTEX_POINT('',#2011);
#590=VERTEX_POINT('',#2013);
#591=VERTEX_POINT('',#2016);
#592=VERTEX_POINT('',#2017);
#593=VERTEX_POINT('',#2019);
#594=VERTEX_POINT('',#2021);
#595=VERTEX_POINT('',#2023);
#596=VERTEX_POINT('',#2025);
#597=VERTEX_POINT('',#2027);
#598=VERTEX_POINT('',#2029);
#599=VERTEX_POINT('',#2033);
#600=VERTEX_POINT('',#2035);
#601=VERTEX_POINT('',#2039);
#602=VERTEX_POINT('',#2043);
#603=VERTEX_POINT('',#2047);
#604=VERTEX_POINT('',#2051);
#605=VERTEX_POINT('',#2055);
#606=VERTEX_POINT('',#2059);
#607=VERTEX_POINT('',#2066);
#608=VERTEX_POINT('',#2068);
#609=VERTEX_POINT('',#2072);
#610=VERTEX_POINT('',#2076);
#611=VERTEX_POINT('',#2080);
#612=VERTEX_POINT('',#2084);
#613=VERTEX_POINT('',#2088);
#614=VERTEX_POINT('',#2092);
#615=VERTEX_POINT('',#2099);
#616=VERTEX_POINT('',#2100);
#617=VERTEX_POINT('',#2105);
#618=VERTEX_POINT('',#2109);
#619=VERTEX_POINT('',#2113);
#620=VERTEX_POINT('',#2117);
#621=VERTEX_POINT('',#2118);
#622=VERTEX_POINT('',#2123);
#623=VERTEX_POINT('',#2127);
#624=VERTEX_POINT('',#2131);
#625=VERTEX_POINT('',#2135);
#626=VERTEX_POINT('',#2136);
#627=VERTEX_POINT('',#2141);
#628=VERTEX_POINT('',#2145);
#629=VERTEX_POINT('',#2151);
#630=VERTEX_POINT('',#2153);
#631=VERTEX_POINT('',#2157);
#632=VERTEX_POINT('',#2161);
#633=VERTEX_POINT('',#2165);
#634=VERTEX_POINT('',#2169);
#635=VERTEX_POINT('',#2192);
#636=VERTEX_POINT('',#2200);
#637=VERTEX_POINT('',#2214);
#638=VERTEX_POINT('',#2216);
#639=VERTEX_POINT('',#2220);
#640=VERTEX_POINT('',#2225);
#641=VERTEX_POINT('',#2254);
#642=VERTEX_POINT('',#2260);
#643=VERTEX_POINT('',#2297);
#644=VERTEX_POINT('',#2304);
#645=VERTEX_POINT('',#2328);
#646=VERTEX_POINT('',#2330);
#647=VERTEX_POINT('',#2334);
#648=VERTEX_POINT('',#2335);
#649=VERTEX_POINT('',#2340);
#650=VERTEX_POINT('',#2342);
#651=VERTEX_POINT('',#2433);
#652=VERTEX_POINT('',#2435);
#653=VERTEX_POINT('',#2437);
#654=VERTEX_POINT('',#2447);
#655=VERTEX_POINT('',#2448);
#656=EDGE_CURVE('',#532,#533,#486,.T.);
#657=EDGE_CURVE('',#534,#532,#460,.T.);
#658=EDGE_CURVE('',#534,#535,#487,.T.);
#659=EDGE_CURVE('',#535,#533,#226,.T.);
#660=EDGE_CURVE('',#536,#534,#461,.T.);
#661=EDGE_CURVE('',#535,#536,#227,.T.);
#662=EDGE_CURVE('',#537,#538,#488,.T.);
#663=EDGE_CURVE('',#539,#537,#228,.T.);
#664=EDGE_CURVE('',#539,#540,#489,.T.);
#665=EDGE_CURVE('',#538,#540,#462,.T.);
#666=EDGE_CURVE('',#540,#541,#463,.T.);
#667=EDGE_CURVE('',#541,#539,#229,.T.);
#668=EDGE_CURVE('',#542,#532,#464,.T.);
#669=EDGE_CURVE('',#542,#543,#465,.T.);
#670=EDGE_CURVE('',#544,#543,#466,.T.);
#671=EDGE_CURVE('',#536,#544,#467,.T.);
#672=EDGE_CURVE('',#545,#537,#230,.T.);
#673=EDGE_CURVE('',#545,#546,#231,.T.);
#674=EDGE_CURVE('',#546,#547,#232,.T.);
#675=EDGE_CURVE('',#547,#548,#233,.T.);
#676=EDGE_CURVE('',#549,#548,#234,.T.);
#677=EDGE_CURVE('',#549,#550,#235,.F.);
#678=EDGE_CURVE('',#551,#550,#236,.T.);
#679=EDGE_CURVE('',#541,#551,#468,.T.);
#680=EDGE_CURVE('',#533,#552,#237,.T.);
#681=EDGE_CURVE('',#552,#553,#238,.T.);
#682=EDGE_CURVE('',#554,#553,#490,.T.);
#683=EDGE_CURVE('',#554,#555,#491,.T.);
#684=EDGE_CURVE('',#556,#555,#492,.T.);
#685=EDGE_CURVE('',#556,#557,#239,.T.);
#686=EDGE_CURVE('',#558,#557,#493,.T.);
#687=EDGE_CURVE('',#558,#559,#240,.T.);
#688=EDGE_CURVE('',#559,#560,#241,.T.);
#689=EDGE_CURVE('',#560,#561,#242,.T.);
#690=EDGE_CURVE('',#561,#549,#243,.T.);
#691=EDGE_CURVE('',#548,#562,#244,.T.);
#692=EDGE_CURVE('',#562,#563,#245,.T.);
#693=EDGE_CURVE('',#563,#545,#246,.T.);
#694=EDGE_CURVE('',#538,#564,#469,.T.);
#695=EDGE_CURVE('',#564,#565,#27,.T.);
#696=EDGE_CURVE('',#565,#566,#494,.T.);
#697=EDGE_CURVE('',#567,#566,#247,.F.);
#698=EDGE_CURVE('',#567,#568,#495,.T.);
#699=EDGE_CURVE('',#542,#568,#28,.T.);
#700=EDGE_CURVE('',#569,#570,#248,.T.);
#701=EDGE_CURVE('',#570,#571,#249,.T.);
#702=EDGE_CURVE('',#572,#571,#496,.T.);
#703=EDGE_CURVE('',#572,#573,#250,.T.);
#704=EDGE_CURVE('',#574,#573,#497,.T.);
#705=EDGE_CURVE('',#574,#575,#251,.T.);
#706=EDGE_CURVE('',#575,#576,#252,.T.);
#707=EDGE_CURVE('',#577,#576,#498,.T.);
#708=EDGE_CURVE('',#577,#578,#253,.T.);
#709=EDGE_CURVE('',#569,#578,#499,.T.);
#710=EDGE_CURVE('',#579,#580,#254,.T.);
#711=EDGE_CURVE('',#581,#580,#500,.T.);
#712=EDGE_CURVE('',#581,#582,#255,.T.);
#713=EDGE_CURVE('',#579,#582,#501,.T.);
#714=EDGE_CURVE('',#583,#584,#256,.T.);
#715=EDGE_CURVE('',#584,#585,#502,.T.);
#716=EDGE_CURVE('',#585,#586,#257,.T.);
#717=EDGE_CURVE('',#586,#587,#503,.T.);
#718=EDGE_CURVE('',#587,#588,#258,.T.);
#719=EDGE_CURVE('',#588,#589,#504,.T.);
#720=EDGE_CURVE('',#589,#590,#259,.T.);
#721=EDGE_CURVE('',#590,#583,#505,.T.);
#722=EDGE_CURVE('',#591,#592,#260,.T.);
#723=EDGE_CURVE('',#592,#593,#506,.T.);
#724=EDGE_CURVE('',#593,#594,#261,.T.);
#725=EDGE_CURVE('',#594,#595,#507,.T.);
#726=EDGE_CURVE('',#595,#596,#262,.T.);
#727=EDGE_CURVE('',#596,#597,#508,.T.);
#728=EDGE_CURVE('',#597,#598,#263,.T.);
#729=EDGE_CURVE('',#598,#591,#509,.T.);
#730=EDGE_CURVE('',#595,#599,#264,.T.);
#731=EDGE_CURVE('',#600,#599,#265,.F.);
#732=EDGE_CURVE('',#596,#600,#266,.T.);
#733=EDGE_CURVE('',#601,#600,#510,.F.);
#734=EDGE_CURVE('',#597,#601,#267,.T.);
#735=EDGE_CURVE('',#602,#601,#268,.F.);
#736=EDGE_CURVE('',#598,#602,#269,.T.);
#737=EDGE_CURVE('',#603,#602,#511,.F.);
#738=EDGE_CURVE('',#591,#603,#270,.T.);
#739=EDGE_CURVE('',#604,#603,#271,.F.);
#740=EDGE_CURVE('',#592,#604,#272,.T.);
#741=EDGE_CURVE('',#594,#605,#273,.T.);
#742=EDGE_CURVE('',#599,#605,#512,.F.);
#743=EDGE_CURVE('',#593,#606,#274,.T.);
#744=EDGE_CURVE('',#605,#606,#275,.F.);
#745=EDGE_CURVE('',#606,#604,#513,.F.);
#746=EDGE_CURVE('',#587,#607,#276,.T.);
#747=EDGE_CURVE('',#608,#607,#277,.F.);
#748=EDGE_CURVE('',#588,#608,#278,.T.);
#749=EDGE_CURVE('',#609,#608,#514,.F.);
#750=EDGE_CURVE('',#589,#609,#279,.T.);
#751=EDGE_CURVE('',#610,#609,#280,.F.);
#752=EDGE_CURVE('',#590,#610,#281,.T.);
#753=EDGE_CURVE('',#611,#610,#515,.F.);
#754=EDGE_CURVE('',#583,#611,#282,.T.);
#755=EDGE_CURVE('',#612,#611,#283,.F.);
#756=EDGE_CURVE('',#584,#612,#284,.T.);
#757=EDGE_CURVE('',#586,#613,#285,.T.);
#758=EDGE_CURVE('',#607,#613,#516,.F.);
#759=EDGE_CURVE('',#585,#614,#286,.T.);
#760=EDGE_CURVE('',#613,#614,#287,.F.);
#761=EDGE_CURVE('',#614,#612,#517,.F.);
#762=EDGE_CURVE('',#615,#616,#518,.T.);
#763=EDGE_CURVE('',#615,#569,#288,.T.);
#764=EDGE_CURVE('',#578,#616,#289,.T.);
#765=EDGE_CURVE('',#617,#577,#290,.T.);
#766=EDGE_CURVE('',#616,#617,#291,.F.);
#767=EDGE_CURVE('',#617,#618,#519,.T.);
#768=EDGE_CURVE('',#576,#618,#292,.T.);
#769=EDGE_CURVE('',#575,#619,#293,.T.);
#770=EDGE_CURVE('',#618,#619,#294,.F.);
#771=EDGE_CURVE('',#620,#621,#520,.T.);
#772=EDGE_CURVE('',#620,#574,#295,.T.);
#773=EDGE_CURVE('',#573,#621,#296,.T.);
#774=EDGE_CURVE('',#622,#572,#297,.T.);
#775=EDGE_CURVE('',#621,#622,#298,.F.);
#776=EDGE_CURVE('',#622,#623,#521,.T.);
#777=EDGE_CURVE('',#571,#623,#299,.T.);
#778=EDGE_CURVE('',#570,#624,#300,.T.);
#779=EDGE_CURVE('',#623,#624,#301,.F.);
#780=EDGE_CURVE('',#625,#626,#522,.T.);
#781=EDGE_CURVE('',#625,#579,#302,.T.);
#782=EDGE_CURVE('',#582,#626,#303,.T.);
#783=EDGE_CURVE('',#627,#581,#304,.T.);
#784=EDGE_CURVE('',#626,#627,#305,.F.);
#785=EDGE_CURVE('',#627,#628,#523,.T.);
#786=EDGE_CURVE('',#580,#628,#306,.T.);
#787=EDGE_CURVE('',#628,#625,#307,.F.);
#788=EDGE_CURVE('',#557,#629,#308,.T.);
#789=EDGE_CURVE('',#629,#630,#524,.F.);
#790=EDGE_CURVE('',#630,#558,#309,.T.);
#791=EDGE_CURVE('',#631,#556,#310,.T.);
#792=EDGE_CURVE('',#631,#629,#311,.T.);
#793=EDGE_CURVE('',#555,#632,#312,.T.);
#794=EDGE_CURVE('',#632,#631,#525,.F.);
#795=EDGE_CURVE('',#633,#554,#313,.T.);
#796=EDGE_CURVE('',#633,#632,#526,.T.);
#797=EDGE_CURVE('',#553,#634,#314,.T.);
#798=EDGE_CURVE('',#634,#633,#527,.F.);
#799=EDGE_CURVE('',#543,#635,#470,.T.);
#800=EDGE_CURVE('',#635,#636,#471,.T.);
#801=EDGE_CURVE('',#636,#544,#472,.T.);
#802=EDGE_CURVE('',#636,#637,#315,.T.);
#803=EDGE_CURVE('',#637,#638,#316,.T.);
#804=EDGE_CURVE('',#638,#544,#317,.T.);
#805=EDGE_CURVE('',#637,#639,#318,.T.);
#806=EDGE_CURVE('',#639,#550,#319,.T.);
#807=EDGE_CURVE('',#550,#638,#320,.T.);
#808=EDGE_CURVE('',#639,#640,#321,.T.);
#809=EDGE_CURVE('',#640,#551,#473,.T.);
#810=EDGE_CURVE('',#641,#551,#474,.T.);
#811=EDGE_CURVE('',#640,#642,#475,.T.);
#812=EDGE_CURVE('',#642,#641,#476,.T.);
#813=EDGE_CURVE('',#643,#641,#477,.T.);
#814=EDGE_CURVE('',#642,#644,#478,.T.);
#815=EDGE_CURVE('',#644,#643,#479,.T.);
#816=EDGE_CURVE('',#644,#645,#528,.T.);
#817=EDGE_CURVE('',#645,#646,#322,.T.);
#818=EDGE_CURVE('',#646,#643,#529,.T.);
#819=EDGE_CURVE('',#647,#648,#323,.T.);
#820=EDGE_CURVE('',#648,#646,#324,.T.);
#821=EDGE_CURVE('',#645,#647,#325,.T.);
#822=EDGE_CURVE('',#649,#648,#530,.T.);
#823=EDGE_CURVE('',#647,#650,#531,.T.);
#824=EDGE_CURVE('',#650,#649,#480,.T.);
#825=EDGE_CURVE('',#543,#649,#481,.T.);
#826=EDGE_CURVE('',#650,#635,#482,.T.);
#827=EDGE_CURVE('',#566,#646,#326,.T.);
#828=EDGE_CURVE('',#565,#643,#483,.T.);
#829=EDGE_CURVE('',#567,#648,#327,.T.);
#830=EDGE_CURVE('',#568,#649,#484,.F.);
#831=EDGE_CURVE('',#634,#651,#328,.F.);
#832=EDGE_CURVE('',#652,#651,#329,.T.);
#833=EDGE_CURVE('',#652,#653,#330,.F.);
#834=EDGE_CURVE('',#653,#630,#331,.F.);
#835=EDGE_CURVE('',#651,#552,#332,.T.);
#836=EDGE_CURVE('',#560,#652,#333,.T.);
#837=EDGE_CURVE('',#559,#653,#334,.T.);
#838=EDGE_CURVE('',#654,#655,#335,.F.);
#839=EDGE_CURVE('',#563,#654,#336,.T.);
#840=EDGE_CURVE('',#562,#655,#337,.T.);
#841=EDGE_CURVE('',#655,#547,#338,.F.);
#842=EDGE_CURVE('',#546,#654,#339,.F.);
#843=EDGE_CURVE('',#561,#638,#340,.F.);
#844=EDGE_CURVE('',#624,#615,#341,.F.);
#845=EDGE_CURVE('',#619,#620,#342,.F.);
#846=EDGE_CURVE('',#564,#641,#485,.F.);
#847=ORIENTED_EDGE('',*,*,#656,.F.);
#848=ORIENTED_EDGE('',*,*,#657,.F.);
#849=ORIENTED_EDGE('',*,*,#658,.T.);
#850=ORIENTED_EDGE('',*,*,#659,.T.);
#851=ORIENTED_EDGE('',*,*,#660,.F.);
#852=ORIENTED_EDGE('',*,*,#661,.F.);
#853=ORIENTED_EDGE('',*,*,#658,.F.);
#854=ORIENTED_EDGE('',*,*,#662,.F.);
#855=ORIENTED_EDGE('',*,*,#663,.F.);
#856=ORIENTED_EDGE('',*,*,#664,.T.);
#857=ORIENTED_EDGE('',*,*,#665,.F.);
#858=ORIENTED_EDGE('',*,*,#666,.F.);
#859=ORIENTED_EDGE('',*,*,#664,.F.);
#860=ORIENTED_EDGE('',*,*,#667,.F.);
#861=ORIENTED_EDGE('',*,*,#660,.T.);
#862=ORIENTED_EDGE('',*,*,#657,.T.);
#863=ORIENTED_EDGE('',*,*,#668,.F.);
#864=ORIENTED_EDGE('',*,*,#669,.T.);
#865=ORIENTED_EDGE('',*,*,#670,.F.);
#866=ORIENTED_EDGE('',*,*,#671,.F.);
#867=ORIENTED_EDGE('',*,*,#667,.T.);
#868=ORIENTED_EDGE('',*,*,#663,.T.);
#869=ORIENTED_EDGE('',*,*,#672,.F.);
#870=ORIENTED_EDGE('',*,*,#673,.T.);
#871=ORIENTED_EDGE('',*,*,#674,.T.);
#872=ORIENTED_EDGE('',*,*,#675,.T.);
#873=ORIENTED_EDGE('',*,*,#676,.F.);
#874=ORIENTED_EDGE('',*,*,#677,.T.);
#875=ORIENTED_EDGE('',*,*,#678,.F.);
#876=ORIENTED_EDGE('',*,*,#679,.F.);
#877=ORIENTED_EDGE('',*,*,#656,.T.);
#878=ORIENTED_EDGE('',*,*,#680,.T.);
#879=ORIENTED_EDGE('',*,*,#681,.T.);
#880=ORIENTED_EDGE('',*,*,#682,.F.);
#881=ORIENTED_EDGE('',*,*,#683,.T.);
#882=ORIENTED_EDGE('',*,*,#684,.F.);
#883=ORIENTED_EDGE('',*,*,#685,.T.);
#884=ORIENTED_EDGE('',*,*,#686,.F.);
#885=ORIENTED_EDGE('',*,*,#687,.T.);
#886=ORIENTED_EDGE('',*,*,#688,.T.);
#887=ORIENTED_EDGE('',*,*,#689,.T.);
#888=ORIENTED_EDGE('',*,*,#690,.T.);
#889=ORIENTED_EDGE('',*,*,#676,.T.);
#890=ORIENTED_EDGE('',*,*,#691,.T.);
#891=ORIENTED_EDGE('',*,*,#692,.T.);
#892=ORIENTED_EDGE('',*,*,#693,.T.);
#893=ORIENTED_EDGE('',*,*,#672,.T.);
#894=ORIENTED_EDGE('',*,*,#662,.T.);
#895=ORIENTED_EDGE('',*,*,#694,.T.);
#896=ORIENTED_EDGE('',*,*,#695,.T.);
#897=ORIENTED_EDGE('',*,*,#696,.T.);
#898=ORIENTED_EDGE('',*,*,#697,.F.);
#899=ORIENTED_EDGE('',*,*,#698,.T.);
#900=ORIENTED_EDGE('',*,*,#699,.F.);
#901=ORIENTED_EDGE('',*,*,#668,.T.);
#902=ORIENTED_EDGE('',*,*,#700,.T.);
#903=ORIENTED_EDGE('',*,*,#701,.T.);
#904=ORIENTED_EDGE('',*,*,#702,.F.);
#905=ORIENTED_EDGE('',*,*,#703,.T.);
#906=ORIENTED_EDGE('',*,*,#704,.F.);
#907=ORIENTED_EDGE('',*,*,#705,.T.);
#908=ORIENTED_EDGE('',*,*,#706,.T.);
#909=ORIENTED_EDGE('',*,*,#707,.F.);
#910=ORIENTED_EDGE('',*,*,#708,.T.);
#911=ORIENTED_EDGE('',*,*,#709,.F.);
#912=ORIENTED_EDGE('',*,*,#710,.T.);
#913=ORIENTED_EDGE('',*,*,#711,.F.);
#914=ORIENTED_EDGE('',*,*,#712,.T.);
#915=ORIENTED_EDGE('',*,*,#713,.F.);
#916=ORIENTED_EDGE('',*,*,#714,.T.);
#917=ORIENTED_EDGE('',*,*,#715,.T.);
#918=ORIENTED_EDGE('',*,*,#716,.T.);
#919=ORIENTED_EDGE('',*,*,#717,.T.);
#920=ORIENTED_EDGE('',*,*,#718,.T.);
#921=ORIENTED_EDGE('',*,*,#719,.T.);
#922=ORIENTED_EDGE('',*,*,#720,.T.);
#923=ORIENTED_EDGE('',*,*,#721,.T.);
#924=ORIENTED_EDGE('',*,*,#722,.T.);
#925=ORIENTED_EDGE('',*,*,#723,.T.);
#926=ORIENTED_EDGE('',*,*,#724,.T.);
#927=ORIENTED_EDGE('',*,*,#725,.T.);
#928=ORIENTED_EDGE('',*,*,#726,.T.);
#929=ORIENTED_EDGE('',*,*,#727,.T.);
#930=ORIENTED_EDGE('',*,*,#728,.T.);
#931=ORIENTED_EDGE('',*,*,#729,.T.);
#932=ORIENTED_EDGE('',*,*,#726,.F.);
#933=ORIENTED_EDGE('',*,*,#730,.T.);
#934=ORIENTED_EDGE('',*,*,#731,.F.);
#935=ORIENTED_EDGE('',*,*,#732,.F.);
#936=ORIENTED_EDGE('',*,*,#727,.F.);
#937=ORIENTED_EDGE('',*,*,#732,.T.);
#938=ORIENTED_EDGE('',*,*,#733,.F.);
#939=ORIENTED_EDGE('',*,*,#734,.F.);
#940=ORIENTED_EDGE('',*,*,#728,.F.);
#941=ORIENTED_EDGE('',*,*,#734,.T.);
#942=ORIENTED_EDGE('',*,*,#735,.F.);
#943=ORIENTED_EDGE('',*,*,#736,.F.);
#944=ORIENTED_EDGE('',*,*,#729,.F.);
#945=ORIENTED_EDGE('',*,*,#736,.T.);
#946=ORIENTED_EDGE('',*,*,#737,.F.);
#947=ORIENTED_EDGE('',*,*,#738,.F.);
#948=ORIENTED_EDGE('',*,*,#722,.F.);
#949=ORIENTED_EDGE('',*,*,#738,.T.);
#950=ORIENTED_EDGE('',*,*,#739,.F.);
#951=ORIENTED_EDGE('',*,*,#740,.F.);
#952=ORIENTED_EDGE('',*,*,#725,.F.);
#953=ORIENTED_EDGE('',*,*,#741,.T.);
#954=ORIENTED_EDGE('',*,*,#742,.F.);
#955=ORIENTED_EDGE('',*,*,#730,.F.);
#956=ORIENTED_EDGE('',*,*,#724,.F.);
#957=ORIENTED_EDGE('',*,*,#743,.T.);
#958=ORIENTED_EDGE('',*,*,#744,.F.);
#959=ORIENTED_EDGE('',*,*,#741,.F.);
#960=ORIENTED_EDGE('',*,*,#723,.F.);
#961=ORIENTED_EDGE('',*,*,#740,.T.);
#962=ORIENTED_EDGE('',*,*,#745,.F.);
#963=ORIENTED_EDGE('',*,*,#743,.F.);
#964=ORIENTED_EDGE('',*,*,#731,.T.);
#965=ORIENTED_EDGE('',*,*,#742,.T.);
#966=ORIENTED_EDGE('',*,*,#744,.T.);
#967=ORIENTED_EDGE('',*,*,#745,.T.);
#968=ORIENTED_EDGE('',*,*,#739,.T.);
#969=ORIENTED_EDGE('',*,*,#737,.T.);
#970=ORIENTED_EDGE('',*,*,#735,.T.);
#971=ORIENTED_EDGE('',*,*,#733,.T.);
#972=ORIENTED_EDGE('',*,*,#718,.F.);
#973=ORIENTED_EDGE('',*,*,#746,.T.);
#974=ORIENTED_EDGE('',*,*,#747,.F.);
#975=ORIENTED_EDGE('',*,*,#748,.F.);
#976=ORIENTED_EDGE('',*,*,#719,.F.);
#977=ORIENTED_EDGE('',*,*,#748,.T.);
#978=ORIENTED_EDGE('',*,*,#749,.F.);
#979=ORIENTED_EDGE('',*,*,#750,.F.);
#980=ORIENTED_EDGE('',*,*,#720,.F.);
#981=ORIENTED_EDGE('',*,*,#750,.T.);
#982=ORIENTED_EDGE('',*,*,#751,.F.);
#983=ORIENTED_EDGE('',*,*,#752,.F.);
#984=ORIENTED_EDGE('',*,*,#721,.F.);
#985=ORIENTED_EDGE('',*,*,#752,.T.);
#986=ORIENTED_EDGE('',*,*,#753,.F.);
#987=ORIENTED_EDGE('',*,*,#754,.F.);
#988=ORIENTED_EDGE('',*,*,#714,.F.);
#989=ORIENTED_EDGE('',*,*,#754,.T.);
#990=ORIENTED_EDGE('',*,*,#755,.F.);
#991=ORIENTED_EDGE('',*,*,#756,.F.);
#992=ORIENTED_EDGE('',*,*,#717,.F.);
#993=ORIENTED_EDGE('',*,*,#757,.T.);
#994=ORIENTED_EDGE('',*,*,#758,.F.);
#995=ORIENTED_EDGE('',*,*,#746,.F.);
#996=ORIENTED_EDGE('',*,*,#716,.F.);
#997=ORIENTED_EDGE('',*,*,#759,.T.);
#998=ORIENTED_EDGE('',*,*,#760,.F.);
#999=ORIENTED_EDGE('',*,*,#757,.F.);
#1000=ORIENTED_EDGE('',*,*,#715,.F.);
#1001=ORIENTED_EDGE('',*,*,#756,.T.);
#1002=ORIENTED_EDGE('',*,*,#761,.F.);
#1003=ORIENTED_EDGE('',*,*,#759,.F.);
#1004=ORIENTED_EDGE('',*,*,#747,.T.);
#1005=ORIENTED_EDGE('',*,*,#758,.T.);
#1006=ORIENTED_EDGE('',*,*,#760,.T.);
#1007=ORIENTED_EDGE('',*,*,#761,.T.);
#1008=ORIENTED_EDGE('',*,*,#755,.T.);
#1009=ORIENTED_EDGE('',*,*,#753,.T.);
#1010=ORIENTED_EDGE('',*,*,#751,.T.);
#1011=ORIENTED_EDGE('',*,*,#749,.T.);
#1012=ORIENTED_EDGE('',*,*,#762,.F.);
#1013=ORIENTED_EDGE('',*,*,#763,.T.);
#1014=ORIENTED_EDGE('',*,*,#709,.T.);
#1015=ORIENTED_EDGE('',*,*,#764,.T.);
#1016=ORIENTED_EDGE('',*,*,#764,.F.);
#1017=ORIENTED_EDGE('',*,*,#708,.F.);
#1018=ORIENTED_EDGE('',*,*,#765,.F.);
#1019=ORIENTED_EDGE('',*,*,#766,.F.);
#1020=ORIENTED_EDGE('',*,*,#767,.F.);
#1021=ORIENTED_EDGE('',*,*,#765,.T.);
#1022=ORIENTED_EDGE('',*,*,#707,.T.);
#1023=ORIENTED_EDGE('',*,*,#768,.T.);
#1024=ORIENTED_EDGE('',*,*,#768,.F.);
#1025=ORIENTED_EDGE('',*,*,#706,.F.);
#1026=ORIENTED_EDGE('',*,*,#769,.T.);
#1027=ORIENTED_EDGE('',*,*,#770,.F.);
#1028=ORIENTED_EDGE('',*,*,#771,.F.);
#1029=ORIENTED_EDGE('',*,*,#772,.T.);
#1030=ORIENTED_EDGE('',*,*,#704,.T.);
#1031=ORIENTED_EDGE('',*,*,#773,.T.);
#1032=ORIENTED_EDGE('',*,*,#773,.F.);
#1033=ORIENTED_EDGE('',*,*,#703,.F.);
#1034=ORIENTED_EDGE('',*,*,#774,.F.);
#1035=ORIENTED_EDGE('',*,*,#775,.F.);
#1036=ORIENTED_EDGE('',*,*,#776,.F.);
#1037=ORIENTED_EDGE('',*,*,#774,.T.);
#1038=ORIENTED_EDGE('',*,*,#702,.T.);
#1039=ORIENTED_EDGE('',*,*,#777,.T.);
#1040=ORIENTED_EDGE('',*,*,#777,.F.);
#1041=ORIENTED_EDGE('',*,*,#701,.F.);
#1042=ORIENTED_EDGE('',*,*,#778,.T.);
#1043=ORIENTED_EDGE('',*,*,#779,.F.);
#1044=ORIENTED_EDGE('',*,*,#780,.F.);
#1045=ORIENTED_EDGE('',*,*,#781,.T.);
#1046=ORIENTED_EDGE('',*,*,#713,.T.);
#1047=ORIENTED_EDGE('',*,*,#782,.T.);
#1048=ORIENTED_EDGE('',*,*,#782,.F.);
#1049=ORIENTED_EDGE('',*,*,#712,.F.);
#1050=ORIENTED_EDGE('',*,*,#783,.F.);
#1051=ORIENTED_EDGE('',*,*,#784,.F.);
#1052=ORIENTED_EDGE('',*,*,#785,.F.);
#1053=ORIENTED_EDGE('',*,*,#783,.T.);
#1054=ORIENTED_EDGE('',*,*,#711,.T.);
#1055=ORIENTED_EDGE('',*,*,#786,.T.);
#1056=ORIENTED_EDGE('',*,*,#781,.F.);
#1057=ORIENTED_EDGE('',*,*,#787,.F.);
#1058=ORIENTED_EDGE('',*,*,#786,.F.);
#1059=ORIENTED_EDGE('',*,*,#710,.F.);
#1060=ORIENTED_EDGE('',*,*,#686,.T.);
#1061=ORIENTED_EDGE('',*,*,#788,.T.);
#1062=ORIENTED_EDGE('',*,*,#789,.T.);
#1063=ORIENTED_EDGE('',*,*,#790,.T.);
#1064=ORIENTED_EDGE('',*,*,#788,.F.);
#1065=ORIENTED_EDGE('',*,*,#685,.F.);
#1066=ORIENTED_EDGE('',*,*,#791,.F.);
#1067=ORIENTED_EDGE('',*,*,#792,.T.);
#1068=ORIENTED_EDGE('',*,*,#684,.T.);
#1069=ORIENTED_EDGE('',*,*,#793,.T.);
#1070=ORIENTED_EDGE('',*,*,#794,.T.);
#1071=ORIENTED_EDGE('',*,*,#791,.T.);
#1072=ORIENTED_EDGE('',*,*,#793,.F.);
#1073=ORIENTED_EDGE('',*,*,#683,.F.);
#1074=ORIENTED_EDGE('',*,*,#795,.F.);
#1075=ORIENTED_EDGE('',*,*,#796,.T.);
#1076=ORIENTED_EDGE('',*,*,#682,.T.);
#1077=ORIENTED_EDGE('',*,*,#797,.T.);
#1078=ORIENTED_EDGE('',*,*,#798,.T.);
#1079=ORIENTED_EDGE('',*,*,#795,.T.);
#1080=ORIENTED_EDGE('',*,*,#670,.T.);
#1081=ORIENTED_EDGE('',*,*,#799,.T.);
#1082=ORIENTED_EDGE('',*,*,#800,.T.);
#1083=ORIENTED_EDGE('',*,*,#801,.T.);
#1084=ORIENTED_EDGE('',*,*,#802,.T.);
#1085=ORIENTED_EDGE('',*,*,#803,.T.);
#1086=ORIENTED_EDGE('',*,*,#804,.T.);
#1087=ORIENTED_EDGE('',*,*,#801,.F.);
#1088=ORIENTED_EDGE('',*,*,#805,.T.);
#1089=ORIENTED_EDGE('',*,*,#806,.T.);
#1090=ORIENTED_EDGE('',*,*,#807,.T.);
#1091=ORIENTED_EDGE('',*,*,#803,.F.);
#1092=ORIENTED_EDGE('',*,*,#808,.T.);
#1093=ORIENTED_EDGE('',*,*,#809,.T.);
#1094=ORIENTED_EDGE('',*,*,#678,.T.);
#1095=ORIENTED_EDGE('',*,*,#806,.F.);
#1096=ORIENTED_EDGE('',*,*,#810,.T.);
#1097=ORIENTED_EDGE('',*,*,#809,.F.);
#1098=ORIENTED_EDGE('',*,*,#811,.T.);
#1099=ORIENTED_EDGE('',*,*,#812,.T.);
#1100=ORIENTED_EDGE('',*,*,#813,.T.);
#1101=ORIENTED_EDGE('',*,*,#812,.F.);
#1102=ORIENTED_EDGE('',*,*,#814,.T.);
#1103=ORIENTED_EDGE('',*,*,#815,.T.);
#1104=ORIENTED_EDGE('',*,*,#816,.T.);
#1105=ORIENTED_EDGE('',*,*,#817,.T.);
#1106=ORIENTED_EDGE('',*,*,#818,.T.);
#1107=ORIENTED_EDGE('',*,*,#815,.F.);
#1108=ORIENTED_EDGE('',*,*,#819,.T.);
#1109=ORIENTED_EDGE('',*,*,#820,.T.);
#1110=ORIENTED_EDGE('',*,*,#817,.F.);
#1111=ORIENTED_EDGE('',*,*,#821,.T.);
#1112=ORIENTED_EDGE('',*,*,#822,.T.);
#1113=ORIENTED_EDGE('',*,*,#819,.F.);
#1114=ORIENTED_EDGE('',*,*,#823,.T.);
#1115=ORIENTED_EDGE('',*,*,#824,.T.);
#1116=ORIENTED_EDGE('',*,*,#825,.T.);
#1117=ORIENTED_EDGE('',*,*,#824,.F.);
#1118=ORIENTED_EDGE('',*,*,#826,.T.);
#1119=ORIENTED_EDGE('',*,*,#799,.F.);
#1120=ORIENTED_EDGE('',*,*,#818,.F.);
#1121=ORIENTED_EDGE('',*,*,#827,.F.);
#1122=ORIENTED_EDGE('',*,*,#696,.F.);
#1123=ORIENTED_EDGE('',*,*,#828,.T.);
#1124=ORIENTED_EDGE('',*,*,#820,.F.);
#1125=ORIENTED_EDGE('',*,*,#829,.F.);
#1126=ORIENTED_EDGE('',*,*,#697,.T.);
#1127=ORIENTED_EDGE('',*,*,#827,.T.);
#1128=ORIENTED_EDGE('',*,*,#822,.F.);
#1129=ORIENTED_EDGE('',*,*,#830,.F.);
#1130=ORIENTED_EDGE('',*,*,#698,.F.);
#1131=ORIENTED_EDGE('',*,*,#829,.T.);
#1132=ORIENTED_EDGE('',*,*,#825,.F.);
#1133=ORIENTED_EDGE('',*,*,#669,.F.);
#1134=ORIENTED_EDGE('',*,*,#699,.T.);
#1135=ORIENTED_EDGE('',*,*,#830,.T.);
#1136=ORIENTED_EDGE('',*,*,#800,.F.);
#1137=ORIENTED_EDGE('',*,*,#826,.F.);
#1138=ORIENTED_EDGE('',*,*,#823,.F.);
#1139=ORIENTED_EDGE('',*,*,#821,.F.);
#1140=ORIENTED_EDGE('',*,*,#816,.F.);
#1141=ORIENTED_EDGE('',*,*,#814,.F.);
#1142=ORIENTED_EDGE('',*,*,#811,.F.);
#1143=ORIENTED_EDGE('',*,*,#808,.F.);
#1144=ORIENTED_EDGE('',*,*,#805,.F.);
#1145=ORIENTED_EDGE('',*,*,#802,.F.);
#1146=ORIENTED_EDGE('',*,*,#831,.T.);
#1147=ORIENTED_EDGE('',*,*,#832,.F.);
#1148=ORIENTED_EDGE('',*,*,#833,.T.);
#1149=ORIENTED_EDGE('',*,*,#834,.T.);
#1150=ORIENTED_EDGE('',*,*,#789,.F.);
#1151=ORIENTED_EDGE('',*,*,#792,.F.);
#1152=ORIENTED_EDGE('',*,*,#794,.F.);
#1153=ORIENTED_EDGE('',*,*,#796,.F.);
#1154=ORIENTED_EDGE('',*,*,#798,.F.);
#1155=ORIENTED_EDGE('',*,*,#797,.F.);
#1156=ORIENTED_EDGE('',*,*,#681,.F.);
#1157=ORIENTED_EDGE('',*,*,#835,.F.);
#1158=ORIENTED_EDGE('',*,*,#831,.F.);
#1159=ORIENTED_EDGE('',*,*,#833,.F.);
#1160=ORIENTED_EDGE('',*,*,#836,.F.);
#1161=ORIENTED_EDGE('',*,*,#688,.F.);
#1162=ORIENTED_EDGE('',*,*,#837,.T.);
#1163=ORIENTED_EDGE('',*,*,#790,.F.);
#1164=ORIENTED_EDGE('',*,*,#834,.F.);
#1165=ORIENTED_EDGE('',*,*,#837,.F.);
#1166=ORIENTED_EDGE('',*,*,#687,.F.);
#1167=ORIENTED_EDGE('',*,*,#838,.F.);
#1168=ORIENTED_EDGE('',*,*,#839,.F.);
#1169=ORIENTED_EDGE('',*,*,#692,.F.);
#1170=ORIENTED_EDGE('',*,*,#840,.T.);
#1171=ORIENTED_EDGE('',*,*,#841,.F.);
#1172=ORIENTED_EDGE('',*,*,#840,.F.);
#1173=ORIENTED_EDGE('',*,*,#691,.F.);
#1174=ORIENTED_EDGE('',*,*,#675,.F.);
#1175=ORIENTED_EDGE('',*,*,#842,.F.);
#1176=ORIENTED_EDGE('',*,*,#673,.F.);
#1177=ORIENTED_EDGE('',*,*,#693,.F.);
#1178=ORIENTED_EDGE('',*,*,#839,.T.);
#1179=ORIENTED_EDGE('',*,*,#674,.F.);
#1180=ORIENTED_EDGE('',*,*,#842,.T.);
#1181=ORIENTED_EDGE('',*,*,#838,.T.);
#1182=ORIENTED_EDGE('',*,*,#841,.T.);
#1183=ORIENTED_EDGE('',*,*,#661,.T.);
#1184=ORIENTED_EDGE('',*,*,#671,.T.);
#1185=ORIENTED_EDGE('',*,*,#804,.F.);
#1186=ORIENTED_EDGE('',*,*,#843,.F.);
#1187=ORIENTED_EDGE('',*,*,#689,.F.);
#1188=ORIENTED_EDGE('',*,*,#836,.T.);
#1189=ORIENTED_EDGE('',*,*,#832,.T.);
#1190=ORIENTED_EDGE('',*,*,#835,.T.);
#1191=ORIENTED_EDGE('',*,*,#680,.F.);
#1192=ORIENTED_EDGE('',*,*,#659,.F.);
#1193=ORIENTED_EDGE('',*,*,#763,.F.);
#1194=ORIENTED_EDGE('',*,*,#844,.F.);
#1195=ORIENTED_EDGE('',*,*,#778,.F.);
#1196=ORIENTED_EDGE('',*,*,#700,.F.);
#1197=ORIENTED_EDGE('',*,*,#772,.F.);
#1198=ORIENTED_EDGE('',*,*,#845,.F.);
#1199=ORIENTED_EDGE('',*,*,#769,.F.);
#1200=ORIENTED_EDGE('',*,*,#705,.F.);
#1201=ORIENTED_EDGE('',*,*,#762,.T.);
#1202=ORIENTED_EDGE('',*,*,#766,.T.);
#1203=ORIENTED_EDGE('',*,*,#767,.T.);
#1204=ORIENTED_EDGE('',*,*,#770,.T.);
#1205=ORIENTED_EDGE('',*,*,#845,.T.);
#1206=ORIENTED_EDGE('',*,*,#771,.T.);
#1207=ORIENTED_EDGE('',*,*,#775,.T.);
#1208=ORIENTED_EDGE('',*,*,#776,.T.);
#1209=ORIENTED_EDGE('',*,*,#779,.T.);
#1210=ORIENTED_EDGE('',*,*,#844,.T.);
#1211=ORIENTED_EDGE('',*,*,#780,.T.);
#1212=ORIENTED_EDGE('',*,*,#784,.T.);
#1213=ORIENTED_EDGE('',*,*,#785,.T.);
#1214=ORIENTED_EDGE('',*,*,#787,.T.);
#1215=ORIENTED_EDGE('',*,*,#813,.F.);
#1216=ORIENTED_EDGE('',*,*,#828,.F.);
#1217=ORIENTED_EDGE('',*,*,#695,.F.);
#1218=ORIENTED_EDGE('',*,*,#846,.T.);
#1219=ORIENTED_EDGE('',*,*,#807,.F.);
#1220=ORIENTED_EDGE('',*,*,#677,.F.);
#1221=ORIENTED_EDGE('',*,*,#690,.F.);
#1222=ORIENTED_EDGE('',*,*,#843,.T.);
#1223=ORIENTED_EDGE('',*,*,#666,.T.);
#1224=ORIENTED_EDGE('',*,*,#679,.T.);
#1225=ORIENTED_EDGE('',*,*,#810,.F.);
#1226=ORIENTED_EDGE('',*,*,#846,.F.);
#1227=ORIENTED_EDGE('',*,*,#694,.F.);
#1228=ORIENTED_EDGE('',*,*,#665,.T.);
#1229=CYLINDRICAL_SURFACE('',#1339,4.);
#1230=CYLINDRICAL_SURFACE('',#1343,4.);
#1231=CYLINDRICAL_SURFACE('',#1370,1.5);
#1232=CYLINDRICAL_SURFACE('',#1373,1.5);
#1233=CYLINDRICAL_SURFACE('',#1376,1.5);
#1234=CYLINDRICAL_SURFACE('',#1379,1.5);
#1235=CYLINDRICAL_SURFACE('',#1383,1.5);
#1236=CYLINDRICAL_SURFACE('',#1386,1.5);
#1237=CYLINDRICAL_SURFACE('',#1389,1.5);
#1238=CYLINDRICAL_SURFACE('',#1392,1.5);
#1239=CYLINDRICAL_SURFACE('',#1395,1.);
#1240=CYLINDRICAL_SURFACE('',#1398,1.);
#1241=CYLINDRICAL_SURFACE('',#1401,1.);
#1242=CYLINDRICAL_SURFACE('',#1404,1.);
#1243=CYLINDRICAL_SURFACE('',#1407,0.948564673068181);
#1244=CYLINDRICAL_SURFACE('',#1410,0.948564673068181);
#1245=CYLINDRICAL_SURFACE('',#1413,2.);
#1246=CYLINDRICAL_SURFACE('',#1416,2.);
#1247=CYLINDRICAL_SURFACE('',#1418,2.2);
#1248=CYLINDRICAL_SURFACE('',#1420,2.);
#1249=CYLINDRICAL_SURFACE('',#1432,4.16740252163856);
#1250=CYLINDRICAL_SURFACE('',#1434,4.17091336580542);
#1251=ADVANCED_FACE('',(#76),#1229,.T.);
#1252=ADVANCED_FACE('',(#77),#35,.T.);
#1253=ADVANCED_FACE('',(#78),#1230,.T.);
#1254=ADVANCED_FACE('',(#79),#36,.T.);
#1255=ADVANCED_FACE('',(#80),#29,.T.);
#1256=ADVANCED_FACE('',(#81),#37,.T.);
#1257=ADVANCED_FACE('',(#82,#23,#24,#25,#26),#38,.F.);
#1258=ADVANCED_FACE('',(#83),#39,.F.);
#1259=ADVANCED_FACE('',(#84),#1231,.F.);
#1260=ADVANCED_FACE('',(#85),#40,.F.);
#1261=ADVANCED_FACE('',(#86),#1232,.F.);
#1262=ADVANCED_FACE('',(#87),#41,.F.);
#1263=ADVANCED_FACE('',(#88),#1233,.F.);
#1264=ADVANCED_FACE('',(#89),#42,.F.);
#1265=ADVANCED_FACE('',(#90),#1234,.F.);
#1266=ADVANCED_FACE('',(#91),#43,.F.);
#1267=ADVANCED_FACE('',(#92),#44,.F.);
#1268=ADVANCED_FACE('',(#93),#1235,.F.);
#1269=ADVANCED_FACE('',(#94),#45,.F.);
#1270=ADVANCED_FACE('',(#95),#1236,.F.);
#1271=ADVANCED_FACE('',(#96),#46,.F.);
#1272=ADVANCED_FACE('',(#97),#1237,.F.);
#1273=ADVANCED_FACE('',(#98),#47,.F.);
#1274=ADVANCED_FACE('',(#99),#1238,.F.);
#1275=ADVANCED_FACE('',(#100),#48,.F.);
#1276=ADVANCED_FACE('',(#101),#1239,.F.);
#1277=ADVANCED_FACE('',(#102),#49,.F.);
#1278=ADVANCED_FACE('',(#103),#1240,.F.);
#1279=ADVANCED_FACE('',(#104),#50,.F.);
#1280=ADVANCED_FACE('',(#105),#1241,.F.);
#1281=ADVANCED_FACE('',(#106),#51,.F.);
#1282=ADVANCED_FACE('',(#107),#1242,.F.);
#1283=ADVANCED_FACE('',(#108),#52,.F.);
#1284=ADVANCED_FACE('',(#109),#1243,.F.);
#1285=ADVANCED_FACE('',(#110),#53,.F.);
#1286=ADVANCED_FACE('',(#111),#1244,.F.);
#1287=ADVANCED_FACE('',(#112),#54,.F.);
#1288=ADVANCED_FACE('',(#113),#1245,.T.);
#1289=ADVANCED_FACE('',(#114),#55,.F.);
#1290=ADVANCED_FACE('',(#115),#1246,.T.);
#1291=ADVANCED_FACE('',(#116),#1247,.F.);
#1292=ADVANCED_FACE('',(#117),#1248,.T.);
#1293=ADVANCED_FACE('',(#118),#30,.T.);
#1294=ADVANCED_FACE('',(#119),#56,.T.);
#1295=ADVANCED_FACE('',(#120),#57,.T.);
#1296=ADVANCED_FACE('',(#121),#58,.T.);
#1297=ADVANCED_FACE('',(#122),#31,.T.);
#1298=ADVANCED_FACE('',(#123),#32,.T.);
#1299=ADVANCED_FACE('',(#124),#21,.F.);
#1300=ADVANCED_FACE('',(#125),#59,.T.);
#1301=ADVANCED_FACE('',(#126),#22,.F.);
#1302=ADVANCED_FACE('',(#127),#33,.T.);
#1303=ADVANCED_FACE('',(#128),#1249,.F.);
#1304=ADVANCED_FACE('',(#129),#60,.T.);
#1305=ADVANCED_FACE('',(#130),#1250,.F.);
#1306=ADVANCED_FACE('',(#131),#19,.T.);
#1307=ADVANCED_FACE('',(#132),#61,.T.);
#1308=ADVANCED_FACE('',(#133),#62,.T.);
#1309=ADVANCED_FACE('',(#134),#63,.F.);
#1310=ADVANCED_FACE('',(#135),#64,.F.);
#1311=ADVANCED_FACE('',(#136),#65,.F.);
#1312=ADVANCED_FACE('',(#137),#66,.F.);
#1313=ADVANCED_FACE('',(#138),#67,.F.);
#1314=ADVANCED_FACE('',(#139),#68,.F.);
#1315=ADVANCED_FACE('',(#140),#69,.F.);
#1316=ADVANCED_FACE('',(#141),#70,.T.);
#1317=ADVANCED_FACE('',(#142),#71,.F.);
#1318=ADVANCED_FACE('',(#143),#72,.F.);
#1319=ADVANCED_FACE('',(#144),#73,.F.);
#1320=ADVANCED_FACE('',(#145),#74,.F.);
#1321=ADVANCED_FACE('',(#146),#20,.T.);
#1322=ADVANCED_FACE('',(#147),#75,.T.);
#1323=ADVANCED_FACE('',(#148),#34,.T.);
#1324=CLOSED_SHELL('',(#1251,#1252,#1253,#1254,#1255,#1256,#1257,#1258,
#1259,#1260,#1261,#1262,#1263,#1264,#1265,#1266,#1267,#1268,#1269,#1270,
#1271,#1272,#1273,#1274,#1275,#1276,#1277,#1278,#1279,#1280,#1281,#1282,
#1283,#1284,#1285,#1286,#1287,#1288,#1289,#1290,#1291,#1292,#1293,#1294,
#1295,#1296,#1297,#1298,#1299,#1300,#1301,#1302,#1303,#1304,#1305,#1306,
#1307,#1308,#1309,#1310,#1311,#1312,#1313,#1314,#1315,#1316,#1317,#1318,
#1319,#1320,#1321,#1322,#1323));
#1325=DERIVED_UNIT_ELEMENT(#1327,1.);
#1326=DERIVED_UNIT_ELEMENT(#2528,-3.);
#1327=(
MASS_UNIT()
NAMED_UNIT(*)
SI_UNIT(.KILO.,.GRAM.)
);
#1328=DERIVED_UNIT((#1325,#1326));
#1329=MEASURE_REPRESENTATION_ITEM('density measure',
POSITIVE_RATIO_MEASURE(7850.),#1328);
#1330=PROPERTY_DEFINITION_REPRESENTATION(#1335,#1332);
#1331=PROPERTY_DEFINITION_REPRESENTATION(#1336,#1333);
#1332=REPRESENTATION('material name',(#1334),#2525);
#1333=REPRESENTATION('density',(#1329),#2525);
#1334=DESCRIPTIVE_REPRESENTATION_ITEM('Steel','Steel');
#1335=PROPERTY_DEFINITION('material property','material name',#2540);
#1336=PROPERTY_DEFINITION('material property','density of part',#2540);
#1337=AXIS2_PLACEMENT_3D('',#1796,#1451,#1452);
#1338=AXIS2_PLACEMENT_3D('',#1797,#1453,#1454);
#1339=AXIS2_PLACEMENT_3D('',#1798,#1455,#1456);
#1340=AXIS2_PLACEMENT_3D('',#1801,#1457,#1458);
#1341=AXIS2_PLACEMENT_3D('',#1808,#1459,#1460);
#1342=AXIS2_PLACEMENT_3D('',#1810,#1462,#1463);
#1343=AXIS2_PLACEMENT_3D('',#1817,#1465,#1466);
#1344=AXIS2_PLACEMENT_3D('',#1820,#1467,#1468);
#1345=AXIS2_PLACEMENT_3D('',#1824,#1470,#1471);
#1346=AXIS2_PLACEMENT_3D('',#1831,#1472,#1473);
#1347=AXIS2_PLACEMENT_3D('',#1886,#1475,#1476);
#1348=AXIS2_PLACEMENT_3D('',#1907,#1484,#1485);
#1349=AXIS2_PLACEMENT_3D('',#1913,#1488,#1489);
#1350=AXIS2_PLACEMENT_3D('',#1915,#1490,#1491);
#1351=AXIS2_PLACEMENT_3D('',#1917,#1492,#1493);
#1352=AXIS2_PLACEMENT_3D('',#1921,#1495,#1496);
#1353=AXIS2_PLACEMENT_3D('',#1957,#1504,#1505);
#1354=AXIS2_PLACEMENT_3D('',#1961,#1507,#1508);
#1355=AXIS2_PLACEMENT_3D('',#1978,#1511,#1512);
#1356=AXIS2_PLACEMENT_3D('',#1982,#1514,#1515);
#1357=AXIS2_PLACEMENT_3D('',#1988,#1518,#1519);
#1358=AXIS2_PLACEMENT_3D('',#1991,#1521,#1522);
#1359=AXIS2_PLACEMENT_3D('',#1996,#1524,#1525);
#1360=AXIS2_PLACEMENT_3D('',#1999,#1527,#1528);
#1361=AXIS2_PLACEMENT_3D('',#2004,#1530,#1531);
#1362=AXIS2_PLACEMENT_3D('',#2008,#1533,#1534);
#1363=AXIS2_PLACEMENT_3D('',#2012,#1536,#1537);
#1364=AXIS2_PLACEMENT_3D('',#2015,#1539,#1540);
#1365=AXIS2_PLACEMENT_3D('',#2020,#1542,#1543);
#1366=AXIS2_PLACEMENT_3D('',#2024,#1545,#1546);
#1367=AXIS2_PLACEMENT_3D('',#2028,#1548,#1549);
#1368=AXIS2_PLACEMENT_3D('',#2031,#1551,#1552);
#1369=AXIS2_PLACEMENT_3D('',#2032,#1553,#1554);
#1370=AXIS2_PLACEMENT_3D('',#2038,#1558,#1559);
#1371=AXIS2_PLACEMENT_3D('',#2040,#1560,#1561);
#1372=AXIS2_PLACEMENT_3D('',#2042,#1563,#1564);
#1373=AXIS2_PLACEMENT_3D('',#2046,#1567,#1568);
#1374=AXIS2_PLACEMENT_3D('',#2048,#1569,#1570);
#1375=AXIS2_PLACEMENT_3D('',#2050,#1572,#1573);
#1376=AXIS2_PLACEMENT_3D('',#2054,#1576,#1577);
#1377=AXIS2_PLACEMENT_3D('',#2057,#1579,#1580);
#1378=AXIS2_PLACEMENT_3D('',#2058,#1581,#1582);
#1379=AXIS2_PLACEMENT_3D('',#2062,#1585,#1586);
#1380=AXIS2_PLACEMENT_3D('',#2063,#1587,#1588);
#1381=AXIS2_PLACEMENT_3D('',#2064,#1589,#1590);
#1382=AXIS2_PLACEMENT_3D('',#2065,#1591,#1592);
#1383=AXIS2_PLACEMENT_3D('',#2071,#1596,#1597);
#1384=AXIS2_PLACEMENT_3D('',#2073,#1598,#1599);
#1385=AXIS2_PLACEMENT_3D('',#2075,#1601,#1602);
#1386=AXIS2_PLACEMENT_3D('',#2079,#1605,#1606);
#1387=AXIS2_PLACEMENT_3D('',#2081,#1607,#1608);
#1388=AXIS2_PLACEMENT_3D('',#2083,#1610,#1611);
#1389=AXIS2_PLACEMENT_3D('',#2087,#1614,#1615);
#1390=AXIS2_PLACEMENT_3D('',#2090,#1617,#1618);
#1391=AXIS2_PLACEMENT_3D('',#2091,#1619,#1620);
#1392=AXIS2_PLACEMENT_3D('',#2095,#1623,#1624);
#1393=AXIS2_PLACEMENT_3D('',#2096,#1625,#1626);
#1394=AXIS2_PLACEMENT_3D('',#2097,#1627,#1628);
#1395=AXIS2_PLACEMENT_3D('',#2098,#1629,#1630);
#1396=AXIS2_PLACEMENT_3D('',#2101,#1631,#1632);
#1397=AXIS2_PLACEMENT_3D('',#2104,#1635,#1636);
#1398=AXIS2_PLACEMENT_3D('',#2108,#1639,#1640);
#1399=AXIS2_PLACEMENT_3D('',#2110,#1641,#1642);
#1400=AXIS2_PLACEMENT_3D('',#2112,#1644,#1645);
#1401=AXIS2_PLACEMENT_3D('',#2116,#1648,#1649);
#1402=AXIS2_PLACEMENT_3D('',#2119,#1650,#1651);
#1403=AXIS2_PLACEMENT_3D('',#2122,#1654,#1655);
#1404=AXIS2_PLACEMENT_3D('',#2126,#1658,#1659);
#1405=AXIS2_PLACEMENT_3D('',#2128,#1660,#1661);
#1406=AXIS2_PLACEMENT_3D('',#2130,#1663,#1664);
#1407=AXIS2_PLACEMENT_3D('',#2134,#1667,#1668);
#1408=AXIS2_PLACEMENT_3D('',#2137,#1669,#1670);
#1409=AXIS2_PLACEMENT_3D('',#2140,#1673,#1674);
#1410=AXIS2_PLACEMENT_3D('',#2144,#1677,#1678);
#1411=AXIS2_PLACEMENT_3D('',#2146,#1679,#1680);
#1412=AXIS2_PLACEMENT_3D('',#2148,#1682,#1683);
#1413=AXIS2_PLACEMENT_3D('',#2150,#1685,#1686);
#1414=AXIS2_PLACEMENT_3D('',#2154,#1688,#1689);
#1415=AXIS2_PLACEMENT_3D('',#2156,#1691,#1692);
#1416=AXIS2_PLACEMENT_3D('',#2160,#1695,#1696);
#1417=AXIS2_PLACEMENT_3D('',#2163,#1698,#1699);
#1418=AXIS2_PLACEMENT_3D('',#2164,#1700,#1701);
#1419=AXIS2_PLACEMENT_3D('',#2167,#1703,#1704);
#1420=AXIS2_PLACEMENT_3D('',#2168,#1705,#1706);
#1421=AXIS2_PLACEMENT_3D('',#2171,#1708,#1709);
#1422=AXIS2_PLACEMENT_3D('',#2213,#1710,#1711);
#1423=AXIS2_PLACEMENT_3D('',#2219,#1715,#1716);
#1424=AXIS2_PLACEMENT_3D('',#2224,#1720,#1721);
#1425=AXIS2_PLACEMENT_3D('',#2327,#1723,#1724);
#1426=AXIS2_PLACEMENT_3D('',#2329,#1725,#1726);
#1427=AXIS2_PLACEMENT_3D('',#2332,#1728,#1729);
#1428=AXIS2_PLACEMENT_3D('',#2333,#1730,#1731);
#1429=AXIS2_PLACEMENT_3D('',#2339,#1735,#1736);
#1430=AXIS2_PLACEMENT_3D('',#2341,#1737,#1738);
#1431=AXIS2_PLACEMENT_3D('',#2343,#1739,#1740);
#1432=AXIS2_PLACEMENT_3D('',#2384,#1741,#1742);
#1433=AXIS2_PLACEMENT_3D('',#2392,#1744,#1745);
#1434=AXIS2_PLACEMENT_3D('',#2394,#1747,#1748);
#1435=AXIS2_PLACEMENT_3D('',#2431,#1749,#1750);
#1436=AXIS2_PLACEMENT_3D('',#2432,#1751,#1752);
#1437=AXIS2_PLACEMENT_3D('',#2440,#1757,#1758);
#1438=AXIS2_PLACEMENT_3D('',#2442,#1760,#1761);
#1439=AXIS2_PLACEMENT_3D('',#2445,#1764,#1765);
#1440=AXIS2_PLACEMENT_3D('',#2446,#1766,#1767);
#1441=AXIS2_PLACEMENT_3D('',#2452,#1771,#1772);
#1442=AXIS2_PLACEMENT_3D('',#2454,#1774,#1775);
#1443=AXIS2_PLACEMENT_3D('',#2456,#1777,#1778);
#1444=AXIS2_PLACEMENT_3D('',#2457,#1779,#1780);
#1445=AXIS2_PLACEMENT_3D('',#2459,#1782,#1783);
#1446=AXIS2_PLACEMENT_3D('',#2461,#1785,#1786);
#1447=AXIS2_PLACEMENT_3D('',#2463,#1788,#1789);
#1448=AXIS2_PLACEMENT_3D('',#2464,#1790,#1791);
#1449=AXIS2_PLACEMENT_3D('',#2499,#1792,#1793);
#1450=AXIS2_PLACEMENT_3D('',#2520,#1794,#1795);
#1451=DIRECTION('axis',(0.,0.,1.));
#1452=DIRECTION('refdir',(1.,0.,0.));
#1453=DIRECTION('axis',(0.,0.,1.));
#1454=DIRECTION('refdir',(1.,0.,0.));
#1455=DIRECTION('center_axis',(0.,0.,1.));
#1456=DIRECTION('ref_axis',(-0.999491141685224,-0.0318976126499834,0.));
#1457=DIRECTION('center_axis',(0.,0.,-1.));
#1458=DIRECTION('ref_axis',(-0.999491141685224,-0.0318976126499834,0.));
#1459=DIRECTION('center_axis',(0.,0.,-1.));
#1460=DIRECTION('ref_axis',(-0.999491141685224,-0.0318976126499834,0.));
#1461=DIRECTION('',(0.,0.,-1.));
#1462=DIRECTION('center_axis',(0.,0.,-1.));
#1463=DIRECTION('ref_axis',(1.,0.,0.));
#1464=DIRECTION('',(-0.848909642094561,0.528538002000693,0.));
#1465=DIRECTION('center_axis',(0.,0.,1.));
#1466=DIRECTION('ref_axis',(-0.528538002000693,0.848909642094561,0.));
#1467=DIRECTION('center_axis',(0.,0.,-1.));
#1468=DIRECTION('ref_axis',(-0.528538002000693,0.848909642094561,0.));
#1469=DIRECTION('',(0.,0.,-1.));
#1470=DIRECTION('center_axis',(0.,0.,-1.));
#1471=DIRECTION('ref_axis',(-0.528538002000693,0.848909642094561,0.));
#1472=DIRECTION('center_axis',(0.,0.,-1.));
#1473=DIRECTION('ref_axis',(1.,0.,0.));
#1474=DIRECTION('',(-0.848909642094561,-0.528538002000694,0.));
#1475=DIRECTION('center_axis',(-0.528538002000694,0.848909642094561,0.));
#1476=DIRECTION('ref_axis',(-0.848909642094561,-0.528538002000694,0.));
#1477=DIRECTION('',(0.848909642094561,0.528538002000694,0.));
#1478=DIRECTION('',(0.,0.,1.));
#1479=DIRECTION('',(-0.848909642094561,-0.528538002000694,0.));
#1480=DIRECTION('',(0.,0.,-1.));
#1481=DIRECTION('',(0.848909642094561,0.528538002000694,0.));
#1482=DIRECTION('',(0.,0.,-1.));
#1483=DIRECTION('',(-0.848909642094561,-0.528538002000694,0.));
#1484=DIRECTION('center_axis',(0.,0.,1.));
#1485=DIRECTION('ref_axis',(1.,0.,0.));
#1486=DIRECTION('',(0.848909642094561,-0.528538002000693,0.));
#1487=DIRECTION('',(-0.529919264233249,-0.848048096156399,0.));
#1488=DIRECTION('center_axis',(0.,0.,1.));
#1489=DIRECTION('ref_axis',(0.493402561578835,-0.86980107623953,0.));
#1490=DIRECTION('center_axis',(0.,0.,1.));
#1491=DIRECTION('ref_axis',(1.,0.,0.));
#1492=DIRECTION('center_axis',(0.,0.,1.));
#1493=DIRECTION('ref_axis',(-0.973027331547229,0.230689861203477,0.));
#1494=DIRECTION('',(0.529919264233249,0.848048096156399,0.));
#1495=DIRECTION('center_axis',(0.,0.,1.));
#1496=DIRECTION('ref_axis',(-0.224951054343813,0.974370064785247,0.));
#1497=DIRECTION('',(0.848048096156398,-0.529919264233249,0.));
#1498=DIRECTION('',(0.529919264233249,0.848048096156398,0.));
#1499=DIRECTION('',(0.848909642094561,-0.528538002000693,0.));
#1500=DIRECTION('',(1.,0.,0.));
#1501=DIRECTION('',(0.529919264233249,-0.848048096156399,0.));
#1502=DIRECTION('',(0.848048096156399,0.529919264233249,0.));
#1503=DIRECTION('',(-0.529919264233251,0.848048096156397,0.));
#1504=DIRECTION('center_axis',(0.,0.,1.));
#1505=DIRECTION('ref_axis',(0.950845695455286,0.309665082684751,0.));
#1506=DIRECTION('',(-0.999999999999964,2.6899008647896E-7,0.));
#1507=DIRECTION('center_axis',(0.,0.,1.));
#1508=DIRECTION('ref_axis',(2.68990086424325E-7,0.999999999999964,0.));
#1509=DIRECTION('',(-0.972339237938913,0.233573128515191,0.));
#1510=DIRECTION('',(-1.,0.,0.));
#1511=DIRECTION('center_axis',(0.,0.,-1.));
#1512=DIRECTION('ref_axis',(-0.707106781186547,0.707106781186548,0.));
#1513=DIRECTION('',(0.,-1.,0.));
#1514=DIRECTION('center_axis',(0.,0.,-1.));
#1515=DIRECTION('ref_axis',(-0.707106781186546,-0.707106781186549,0.));
#1516=DIRECTION('',(1.,0.,0.));
#1517=DIRECTION('',(0.996817365094955,0.0797191360035446,0.));
#1518=DIRECTION('center_axis',(0.,0.,-1.));
#1519=DIRECTION('ref_axis',(0.734751364749854,-0.678336518254935,0.));
#1520=DIRECTION('',(1.39475254349894E-16,1.,0.));
#1521=DIRECTION('center_axis',(0.,0.,-1.));
#1522=DIRECTION('ref_axis',(0.785357602788433,0.6190423537549,0.));
#1523=DIRECTION('',(1.,0.,0.));
#1524=DIRECTION('center_axis',(0.,0.,-1.));
#1525=DIRECTION('ref_axis',(0.,-1.,0.));
#1526=DIRECTION('',(-1.,0.,0.));
#1527=DIRECTION('center_axis',(0.,0.,-1.));
#1528=DIRECTION('ref_axis',(0.,1.,0.));
#1529=DIRECTION('',(0.,1.,0.));
#1530=DIRECTION('center_axis',(0.,0.,1.));
#1531=DIRECTION('ref_axis',(1.,0.,0.));
#1532=DIRECTION('',(-1.,-7.65671051465625E-17,0.));
#1533=DIRECTION('center_axis',(0.,0.,1.));
#1534=DIRECTION('ref_axis',(0.,1.,0.));
#1535=DIRECTION('',(0.,-1.,0.));
#1536=DIRECTION('center_axis',(0.,0.,1.));
#1537=DIRECTION('ref_axis',(-1.,0.,0.));
#1538=DIRECTION('',(1.,0.,0.));
#1539=DIRECTION('center_axis',(0.,0.,1.));
#1540=DIRECTION('ref_axis',(0.,-1.,0.));
#1541=DIRECTION('',(1.,0.,0.));
#1542=DIRECTION('center_axis',(0.,0.,1.));
#1543=DIRECTION('ref_axis',(0.,-1.,0.));
#1544=DIRECTION('',(0.,1.,0.));
#1545=DIRECTION('center_axis',(0.,0.,1.));
#1546=DIRECTION('ref_axis',(1.,0.,0.));
#1547=DIRECTION('',(-1.,7.65671051465625E-17,0.));
#1548=DIRECTION('center_axis',(0.,0.,1.));
#1549=DIRECTION('ref_axis',(0.,1.,0.));
#1550=DIRECTION('',(0.,-1.,0.));
#1551=DIRECTION('center_axis',(0.,0.,1.));
#1552=DIRECTION('ref_axis',(-1.,0.,0.));
#1553=DIRECTION('center_axis',(7.65671051465625E-17,1.,0.));
#1554=DIRECTION('ref_axis',(-1.,7.65671051465625E-17,0.));
#1555=DIRECTION('',(0.,0.,1.));
#1556=DIRECTION('',(-1.,7.65671051465625E-17,0.));
#1557=DIRECTION('',(0.,0.,1.));
#1558=DIRECTION('center_axis',(0.,0.,1.));
#1559=DIRECTION('ref_axis',(0.,1.,0.));
#1560=DIRECTION('center_axis',(0.,0.,1.));
#1561=DIRECTION('ref_axis',(0.,1.,0.));
#1562=DIRECTION('',(0.,0.,1.));
#1563=DIRECTION('center_axis',(-1.,0.,0.));
#1564=DIRECTION('ref_axis',(0.,-1.,0.));
#1565=DIRECTION('',(0.,-1.,0.));
#1566=DIRECTION('',(0.,0.,1.));
#1567=DIRECTION('center_axis',(0.,0.,1.));
#1568=DIRECTION('ref_axis',(-1.,0.,0.));
#1569=DIRECTION('center_axis',(0.,0.,1.));
#1570=DIRECTION('ref_axis',(-1.,0.,0.));
#1571=DIRECTION('',(0.,0.,1.));
#1572=DIRECTION('center_axis',(0.,-1.,0.));
#1573=DIRECTION('ref_axis',(1.,0.,0.));
#1574=DIRECTION('',(1.,0.,0.));
#1575=DIRECTION('',(0.,0.,1.));
#1576=DIRECTION('center_axis',(0.,0.,1.));
#1577=DIRECTION('ref_axis',(1.,0.,0.));
#1578=DIRECTION('',(0.,0.,1.));
#1579=DIRECTION('center_axis',(0.,0.,1.));
#1580=DIRECTION('ref_axis',(1.,0.,0.));
#1581=DIRECTION('center_axis',(1.,0.,0.));
#1582=DIRECTION('ref_axis',(0.,1.,0.));
#1583=DIRECTION('',(0.,0.,1.));
#1584=DIRECTION('',(0.,1.,0.));
#1585=DIRECTION('center_axis',(0.,0.,1.));
#1586=DIRECTION('ref_axis',(0.,-1.,0.));
#1587=DIRECTION('center_axis',(0.,0.,1.));
#1588=DIRECTION('ref_axis',(0.,-1.,0.));
#1589=DIRECTION('center_axis',(0.,0.,1.));
#1590=DIRECTION('ref_axis',(1.,0.,0.));
#1591=DIRECTION('center_axis',(-1.,0.,0.));
#1592=DIRECTION('ref_axis',(0.,-1.,0.));
#1593=DIRECTION('',(0.,0.,1.));
#1594=DIRECTION('',(0.,-1.,0.));
#1595=DIRECTION('',(0.,0.,1.));
#1596=DIRECTION('center_axis',(0.,0.,1.));
#1597=DIRECTION('ref_axis',(-1.,0.,0.));
#1598=DIRECTION('center_axis',(0.,0.,1.));
#1599=DIRECTION('ref_axis',(-1.,0.,0.));
#1600=DIRECTION('',(0.,0.,1.));
#1601=DIRECTION('center_axis',(0.,-1.,0.));
#1602=DIRECTION('ref_axis',(1.,0.,0.));
#1603=DIRECTION('',(1.,0.,0.));
#1604=DIRECTION('',(0.,0.,1.));
#1605=DIRECTION('center_axis',(0.,0.,1.));
#1606=DIRECTION('ref_axis',(0.,-1.,0.));
#1607=DIRECTION('center_axis',(0.,0.,1.));
#1608=DIRECTION('ref_axis',(0.,-1.,0.));
#1609=DIRECTION('',(0.,0.,1.));
#1610=DIRECTION('center_axis',(1.,0.,0.));
#1611=DIRECTION('ref_axis',(0.,1.,0.));
#1612=DIRECTION('',(0.,1.,0.));
#1613=DIRECTION('',(0.,0.,1.));
#1614=DIRECTION('center_axis',(0.,0.,1.));
#1615=DIRECTION('ref_axis',(0.,1.,0.));
#1616=DIRECTION('',(0.,0.,1.));
#1617=DIRECTION('center_axis',(0.,0.,1.));
#1618=DIRECTION('ref_axis',(0.,1.,0.));
#1619=DIRECTION('center_axis',(-7.65671051465625E-17,1.,0.));
#1620=DIRECTION('ref_axis',(-1.,-7.65671051465625E-17,0.));
#1621=DIRECTION('',(0.,0.,1.));
#1622=DIRECTION('',(-1.,-7.65671051465625E-17,0.));
#1623=DIRECTION('center_axis',(0.,0.,1.));
#1624=DIRECTION('ref_axis',(1.,0.,0.));
#1625=DIRECTION('center_axis',(0.,0.,1.));
#1626=DIRECTION('ref_axis',(1.,0.,0.));
#1627=DIRECTION('center_axis',(0.,0.,1.));
#1628=DIRECTION('ref_axis',(1.,0.,0.));
#1629=DIRECTION('center_axis',(0.,0.,1.));
#1630=DIRECTION('ref_axis',(0.785357602788433,0.6190423537549,0.));
#1631=DIRECTION('center_axis',(0.,0.,-1.));
#1632=DIRECTION('ref_axis',(0.785357602788433,0.6190423537549,0.));
#1633=DIRECTION('',(0.,0.,-1.));
#1634=DIRECTION('',(0.,0.,1.));
#1635=DIRECTION('center_axis',(1.,-1.39475254349894E-16,0.));
#1636=DIRECTION('ref_axis',(1.39475254349894E-16,1.,0.));
#1637=DIRECTION('',(0.,0.,-1.));
#1638=DIRECTION('',(1.39475254349894E-16,1.,0.));
#1639=DIRECTION('center_axis',(0.,0.,1.));
#1640=DIRECTION('ref_axis',(0.734751364749854,-0.678336518254935,0.));
#1641=DIRECTION('center_axis',(0.,0.,-1.));
#1642=DIRECTION('ref_axis',(0.734751364749854,-0.678336518254935,0.));
#1643=DIRECTION('',(0.,0.,1.));
#1644=DIRECTION('center_axis',(0.0797191360035446,-0.996817365094955,0.));
#1645=DIRECTION('ref_axis',(0.996817365094955,0.0797191360035446,0.));
#1646=DIRECTION('',(0.,0.,1.));
#1647=DIRECTION('',(0.996817365094955,0.0797191360035446,0.));
#1648=DIRECTION('center_axis',(0.,0.,1.));
#1649=DIRECTION('ref_axis',(-0.707106781186546,-0.707106781186549,0.));
#1650=DIRECTION('center_axis',(0.,0.,-1.));
#1651=DIRECTION('ref_axis',(-0.707106781186546,-0.707106781186549,0.));
#1652=DIRECTION('',(0.,0.,-1.));
#1653=DIRECTION('',(0.,0.,1.));
#1654=DIRECTION('center_axis',(-1.,0.,0.));
#1655=DIRECTION('ref_axis',(0.,-1.,0.));
#1656=DIRECTION('',(0.,0.,-1.));
#1657=DIRECTION('',(0.,-1.,0.));
#1658=DIRECTION('center_axis',(0.,0.,1.));
#1659=DIRECTION('ref_axis',(-0.707106781186547,0.707106781186548,0.));
#1660=DIRECTION('center_axis',(0.,0.,-1.));
#1661=DIRECTION('ref_axis',(-0.707106781186547,0.707106781186548,0.));
#1662=DIRECTION('',(0.,0.,1.));
#1663=DIRECTION('center_axis',(0.,1.,0.));
#1664=DIRECTION('ref_axis',(-1.,0.,0.));
#1665=DIRECTION('',(0.,0.,1.));
#1666=DIRECTION('',(-1.,0.,0.));
#1667=DIRECTION('center_axis',(0.,0.,1.));
#1668=DIRECTION('ref_axis',(0.,1.,0.));
#1669=DIRECTION('center_axis',(0.,0.,-1.));
#1670=DIRECTION('ref_axis',(0.,1.,0.));
#1671=DIRECTION('',(0.,0.,-1.));
#1672=DIRECTION('',(0.,0.,1.));
#1673=DIRECTION('center_axis',(0.,1.,0.));
#1674=DIRECTION('ref_axis',(-1.,0.,0.));
#1675=DIRECTION('',(0.,0.,-1.));
#1676=DIRECTION('',(-1.,0.,0.));
#1677=DIRECTION('center_axis',(0.,0.,1.));
#1678=DIRECTION('ref_axis',(0.,-1.,0.));
#1679=DIRECTION('center_axis',(0.,0.,-1.));
#1680=DIRECTION('ref_axis',(0.,-1.,0.));
#1681=DIRECTION('',(0.,0.,1.));
#1682=DIRECTION('center_axis',(0.,-1.,0.));
#1683=DIRECTION('ref_axis',(1.,0.,0.));
#1684=DIRECTION('',(1.,0.,0.));
#1685=DIRECTION('center_axis',(0.,0.,1.));
#1686=DIRECTION('ref_axis',(-0.224951054343813,0.974370064785247,0.));
#1687=DIRECTION('',(0.,0.,1.));
#1688=DIRECTION('center_axis',(0.,0.,1.));
#1689=DIRECTION('ref_axis',(-0.224951054343813,0.974370064785247,0.));
#1690=DIRECTION('',(0.,0.,-1.));
#1691=DIRECTION('center_axis',(0.848048096156399,-0.529919264233249,0.));
#1692=DIRECTION('ref_axis',(-0.529919264233249,-0.848048096156399,0.));
#1693=DIRECTION('',(0.,0.,-1.));
#1694=DIRECTION('',(0.529919264233249,0.848048096156399,0.));
#1695=DIRECTION('center_axis',(0.,0.,-1.));
#1696=DIRECTION('ref_axis',(-0.973027331547229,0.230689861203477,0.));
#1697=DIRECTION('',(0.,0.,1.));
#1698=DIRECTION('center_axis',(0.,0.,1.));
#1699=DIRECTION('ref_axis',(-0.973027331547229,0.230689861203477,0.));
#1700=DIRECTION('center_axis',(0.,0.,1.));
#1701=DIRECTION('ref_axis',(-0.666183984108604,-0.745787435746398,0.));
#1702=DIRECTION('',(0.,0.,-1.));
#1703=DIRECTION('center_axis',(0.,0.,1.));
#1704=DIRECTION('ref_axis',(1.,0.,0.));
#1705=DIRECTION('center_axis',(0.,0.,1.));
#1706=DIRECTION('ref_axis',(0.493402561578835,-0.86980107623953,0.));
#1707=DIRECTION('',(0.,0.,1.));
#1708=DIRECTION('center_axis',(0.,0.,1.));
#1709=DIRECTION('ref_axis',(0.493402561578835,-0.86980107623953,0.));
#1710=DIRECTION('center_axis',(0.373732805329479,0.600269764539708,0.707106781186549));
#1711=DIRECTION('ref_axis',(0.884107149502782,0.,-0.467284226352727));
#1712=DIRECTION('',(0.848909642094561,-0.528538002000693,0.));
#1713=DIRECTION('',(0.198129670450543,0.693088967480784,-0.693088967480785));
#1714=DIRECTION('',(-0.848909642094561,0.528538002000693,0.));
#1715=DIRECTION('center_axis',(0.,0.707106781186548,0.707106781186547));
#1716=DIRECTION('ref_axis',(1.,0.,0.));
#1717=DIRECTION('',(1.,0.,0.));
#1718=DIRECTION('',(-0.198129670450537,0.693088967480784,-0.693088967480786));
#1719=DIRECTION('',(-1.,0.,0.));
#1720=DIRECTION('center_axis',(-0.37373280532948,0.60026976453971,0.707106781186546));
#1721=DIRECTION('ref_axis',(0.88410714950278,0.,0.46728422635273));
#1722=DIRECTION('',(0.848909642094561,0.528538002000694,0.));
#1723=DIRECTION('center_axis',(0.,0.,1.));
#1724=DIRECTION('ref_axis',(0.950845695455286,0.30966508268475,0.));
#1725=DIRECTION('center_axis',(0.,0.,1.));
#1726=DIRECTION('ref_axis',(0.950845695455286,0.30966508268475,0.));
#1727=DIRECTION('',(-1.9020471528371E-7,-0.707106781186523,-0.707106781186547));
#1728=DIRECTION('center_axis',(0.,0.,-1.));
#1729=DIRECTION('ref_axis',(0.950845695455286,0.309665082684751,0.));
#1730=DIRECTION('center_axis',(-1.90204714221228E-7,-0.707106781186521,
0.707106781186548));
#1731=DIRECTION('ref_axis',(0.999999999999964,0.,2.68990086478949E-7));
#1732=DIRECTION('',(-1.90204713713617E-7,-0.707106781186523,-0.707106781186547));
#1733=DIRECTION('',(0.999999999999964,-2.6899008647896E-7,0.));
#1734=DIRECTION('',(-0.999999999999964,2.6899008647896E-7,0.));
#1735=DIRECTION('center_axis',(0.,0.,1.));
#1736=DIRECTION('ref_axis',(2.68990086424325E-7,0.999999999999964,0.));
#1737=DIRECTION('center_axis',(0.,0.,-1.));
#1738=DIRECTION('ref_axis',(2.68990086424325E-7,0.999999999999964,0.));
#1739=DIRECTION('center_axis',(0.,0.,1.));
#1740=DIRECTION('ref_axis',(2.68990086424325E-7,0.999999999999964,0.));
#1741=DIRECTION('center_axis',(0.,0.,1.));
#1742=DIRECTION('ref_axis',(0.950845695455286,0.309665082684751,0.));
#1743=DIRECTION('',(0.,0.,1.));
#1744=DIRECTION('center_axis',(-2.6899008647896E-7,-0.999999999999964,0.));
#1745=DIRECTION('ref_axis',(0.999999999999964,-2.6899008647896E-7,0.));
#1746=DIRECTION('',(0.,0.,1.));
#1747=DIRECTION('center_axis',(0.,0.,1.));
#1748=DIRECTION('ref_axis',(2.68990086424325E-7,0.999999999999964,0.));
#1749=DIRECTION('center_axis',(0.,0.,1.));
#1750=DIRECTION('ref_axis',(1.,0.,0.));
#1751=DIRECTION('center_axis',(0.,0.,-1.));
#1752=DIRECTION('ref_axis',(-1.,0.,0.));
#1753=DIRECTION('',(-0.529919264233249,-0.848048096156399,0.));
#1754=DIRECTION('',(-0.848909642094561,0.528538002000693,0.));
#1755=DIRECTION('',(0.529919264233249,0.848048096156398,0.));
#1756=DIRECTION('',(0.848048096156398,-0.529919264233249,0.));
#1757=DIRECTION('center_axis',(-0.848048096156399,0.529919264233249,0.));
#1758=DIRECTION('ref_axis',(-0.529919264233249,-0.848048096156399,0.));
#1759=DIRECTION('',(0.,0.,-1.));
#1760=DIRECTION('center_axis',(0.848048096156398,-0.529919264233249,0.));
#1761=DIRECTION('ref_axis',(0.529919264233249,0.848048096156398,0.));
#1762=DIRECTION('',(0.,0.,1.));
#1763=DIRECTION('',(0.,0.,1.));
#1764=DIRECTION('center_axis',(-0.529919264233249,-0.848048096156398,0.));
#1765=DIRECTION('ref_axis',(0.848048096156398,-0.529919264233249,0.));
#1766=DIRECTION('center_axis',(0.529919264233249,-0.848048096156399,0.));
#1767=DIRECTION('ref_axis',(0.848048096156399,0.529919264233249,0.));
#1768=DIRECTION('',(0.848048096156399,0.529919264233249,0.));
#1769=DIRECTION('',(0.,0.,1.));
#1770=DIRECTION('',(0.,0.,1.));
#1771=DIRECTION('center_axis',(-0.848048096156399,-0.529919264233249,0.));
#1772=DIRECTION('ref_axis',(0.529919264233249,-0.848048096156399,0.));
#1773=DIRECTION('',(0.529919264233249,-0.848048096156399,0.));
#1774=DIRECTION('center_axis',(0.848048096156397,0.529919264233251,0.));
#1775=DIRECTION('ref_axis',(-0.529919264233251,0.848048096156397,0.));
#1776=DIRECTION('',(-0.529919264233251,0.848048096156397,0.));
#1777=DIRECTION('center_axis',(0.,0.,1.));
#1778=DIRECTION('ref_axis',(1.,0.,0.));
#1779=DIRECTION('center_axis',(0.528538002000694,0.848909642094561,0.));
#1780=DIRECTION('ref_axis',(-0.848909642094561,0.528538002000693,0.));
#1781=DIRECTION('',(0.,0.,-1.));
#1782=DIRECTION('center_axis',(0.233573128515191,0.972339237938913,0.));
#1783=DIRECTION('ref_axis',(-0.972339237938913,0.233573128515191,0.));
#1784=DIRECTION('',(-0.972339237938913,0.233573128515191,0.));
#1785=DIRECTION('center_axis',(0.,-1.,0.));
#1786=DIRECTION('ref_axis',(1.,0.,0.));
#1787=DIRECTION('',(1.,0.,0.));
#1788=DIRECTION('center_axis',(0.,0.,1.));
#1789=DIRECTION('ref_axis',(1.,0.,0.));
#1790=DIRECTION('center_axis',(0.,0.,1.));
#1791=DIRECTION('ref_axis',(1.,0.,0.));
#1792=DIRECTION('center_axis',(0.,1.,0.));
#1793=DIRECTION('ref_axis',(-1.,0.,0.));
#1794=DIRECTION('',(0.,0.,1.));
#1795=DIRECTION('',(1.,0.,0.));
#1796=CARTESIAN_POINT('',(0.,0.,0.));
#1797=CARTESIAN_POINT('',(0.,0.,0.));
#1798=CARTESIAN_POINT('Origin',(-25.9001525414461,0.602276821630479,1.56));
#1799=CARTESIAN_POINT('',(-29.8995867234432,0.534999605029766,1.56));
#1800=CARTESIAN_POINT('',(-23.7860005334483,3.9979153900118,1.56));
#1801=CARTESIAN_POINT('Origin',(-25.9001525414461,0.602276821630479,1.56));
#1802=CARTESIAN_POINT('',(-29.8995867234432,0.534999605029766,2.96));
#1803=CARTESIAN_POINT('Ctrl Pts',(-29.8995867234432,0.534999605030298,2.96));
#1804=CARTESIAN_POINT('Ctrl Pts',(-29.8995867234432,0.534999605030298,2.49333333333333));
#1805=CARTESIAN_POINT('Ctrl Pts',(-29.8995867234432,0.534999605030298,2.02666666666667));
#1806=CARTESIAN_POINT('Ctrl Pts',(-29.8995867234432,0.534999605030298,1.56));
#1807=CARTESIAN_POINT('',(-23.7860005334483,3.9979153900118,2.96));
#1808=CARTESIAN_POINT('Origin',(-25.9001525414461,0.602276821630479,2.96));
#1809=CARTESIAN_POINT('',(-23.7860005334419,3.99791539001095,1.56));
#1810=CARTESIAN_POINT('Origin',(-26.8949952681043,4.19073966651762,2.96));
#1811=CARTESIAN_POINT('',(-29.9673599861039,7.84647972800548,2.96));
#1812=CARTESIAN_POINT('Ctrl Pts',(-29.9673799602963,7.84652543353801,2.96));
#1813=CARTESIAN_POINT('Ctrl Pts',(-30.0020992783974,5.53217053090116,2.96));
#1814=CARTESIAN_POINT('Ctrl Pts',(-29.9811908748526,3.09863487256729,2.96));
#1815=CARTESIAN_POINT('Ctrl Pts',(-29.9003330771539,0.536826424169132,2.96));
#1816=CARTESIAN_POINT('',(-13.4121370287833,-2.46093584444052,2.96));
#1817=CARTESIAN_POINT('Origin',(26.2797152960152,0.60214903417,1.56));
#1818=CARTESIAN_POINT('',(24.1655632880124,3.99778760254824,1.56));
#1819=CARTESIAN_POINT('',(30.2787783948528,0.515579226988995,1.56));
#1820=CARTESIAN_POINT('Origin',(26.2797152960152,0.60214903417,1.56));
#1821=CARTESIAN_POINT('',(24.1655632880124,3.99778760254824,2.96));
#1822=CARTESIAN_POINT('',(24.1655632880124,3.99778760254823,1.56));
#1823=CARTESIAN_POINT('',(30.2787783948528,0.515579226988995,2.96));
#1824=CARTESIAN_POINT('Origin',(26.2797152960152,0.60214903417,2.96));
#1825=CARTESIAN_POINT('Ctrl Pts',(30.2787783948528,0.515579226989484,1.56));
#1826=CARTESIAN_POINT('Ctrl Pts',(30.2787783948528,0.515579226989484,2.0230763229084));
#1827=CARTESIAN_POINT('Ctrl Pts',(30.2787783948528,0.51557922698997,2.48615264581679));
#1828=CARTESIAN_POINT('Ctrl Pts',(30.2787783948528,0.51557922698997,2.95281931248346));
#1829=CARTESIAN_POINT('Ctrl Pts',(30.2787783948528,0.51557922698997,2.95640965624173));
#1830=CARTESIAN_POINT('Ctrl Pts',(30.2787783948528,0.51557922698997,2.96));
#1831=CARTESIAN_POINT('Origin',(27.2784470120643,4.18103066254751,2.96));
#1832=CARTESIAN_POINT('',(30.3471317928193,7.84648209810602,2.96));
#1833=CARTESIAN_POINT('Ctrl Pts',(30.2790464726139,0.516174305984903,2.96));
#1834=CARTESIAN_POINT('Ctrl Pts',(30.3604411903179,3.08525111776192,2.96));
#1835=CARTESIAN_POINT('Ctrl Pts',(30.3819148669638,5.52617603983211,2.96));
#1836=CARTESIAN_POINT('Ctrl Pts',(30.3471454320451,7.84651232798223,2.96));
#1837=CARTESIAN_POINT('',(28.6438947465343,6.78603295165732,2.96));
#1838=CARTESIAN_POINT('Ctrl Pts',(-29.9584400864785,8.37542650206396,1.56));
#1839=CARTESIAN_POINT('Ctrl Pts',(-29.9584400864785,8.37542650206396,5.61));
#1840=CARTESIAN_POINT('Ctrl Pts',(-30.0918564447659,1.28446530475049,1.56));
#1841=CARTESIAN_POINT('Ctrl Pts',(-30.0918564447659,1.28446530475049,5.61));
#1842=CARTESIAN_POINT('Ctrl Pts',(-29.6979190473072,-6.93645760290686,1.56));
#1843=CARTESIAN_POINT('Ctrl Pts',(-29.6979190473072,-6.93645760290686,5.61));
#1844=CARTESIAN_POINT('Ctrl Pts',(-28.6493508508932,-16.555110601984,1.56));
#1845=CARTESIAN_POINT('Ctrl Pts',(-28.6493508508932,-16.555110601984,5.61));
#1846=CARTESIAN_POINT('Ctrl Pts',(-28.3255274229978,-19.5255851944322,1.56));
#1847=CARTESIAN_POINT('Ctrl Pts',(-28.3255274229978,-19.5255851944322,5.61));
#1848=CARTESIAN_POINT('Ctrl Pts',(-27.9400667195764,-22.6277804309835,1.56));
#1849=CARTESIAN_POINT('Ctrl Pts',(-27.9400667195764,-22.6277804309835,5.61));
#1850=CARTESIAN_POINT('Ctrl Pts',(-27.4976020886082,-25.8517684831045,1.56));
#1851=CARTESIAN_POINT('Ctrl Pts',(-27.4976020886082,-25.8517684831045,5.61));
#1852=CARTESIAN_POINT('Ctrl Pts',(-27.4788500558248,-25.9884038781517,1.56));
#1853=CARTESIAN_POINT('Ctrl Pts',(-27.4788500558248,-25.9884038781517,5.61));
#1854=CARTESIAN_POINT('Ctrl Pts',(-27.4599963649574,-26.1252564621929,1.56));
#1855=CARTESIAN_POINT('Ctrl Pts',(-27.4599963649574,-26.1252564621929,5.61));
#1856=CARTESIAN_POINT('Ctrl Pts',(-27.4410415347561,-26.2623251221767,1.56));
#1857=CARTESIAN_POINT('Ctrl Pts',(-27.4410415347561,-26.2623251221767,5.61));
#1858=CARTESIAN_POINT('',(-27.4752792909807,-26.0141759330402,1.56));
#1859=CARTESIAN_POINT('Ctrl Pts',(-27.4752792909099,-26.0141759330305,1.56));
#1860=CARTESIAN_POINT('Ctrl Pts',(-27.482736140187,-25.9600061110808,1.56));
#1861=CARTESIAN_POINT('Ctrl Pts',(-27.4901770834876,-25.9058702714064,1.56));
#1862=CARTESIAN_POINT('Ctrl Pts',(-27.4976020886082,-25.8517684831045,1.56));
#1863=CARTESIAN_POINT('Ctrl Pts',(-27.9400667195764,-22.6277804309835,1.56));
#1864=CARTESIAN_POINT('Ctrl Pts',(-28.3255274229978,-19.5255851944322,1.56));
#1865=CARTESIAN_POINT('Ctrl Pts',(-28.6493508508932,-16.555110601984,1.56));
#1866=CARTESIAN_POINT('Ctrl Pts',(-29.3324065521558,-10.2893514535038,1.56));
#1867=CARTESIAN_POINT('Ctrl Pts',(-29.7376730816844,-4.61671179317299,1.56));
#1868=CARTESIAN_POINT('Ctrl Pts',(-29.9003330771539,0.53682642416912,1.56));
#1869=CARTESIAN_POINT('',(-27.4752792909807,-26.0141759330402,4.61));
#1870=CARTESIAN_POINT('Ctrl Pts',(-27.4752792909807,-26.0141759330402,1.56));
#1871=CARTESIAN_POINT('Ctrl Pts',(-27.4752792909807,-26.0141759330402,2.57666666666667));
#1872=CARTESIAN_POINT('Ctrl Pts',(-27.4752792909807,-26.0141759330402,3.59333333333334));
#1873=CARTESIAN_POINT('Ctrl Pts',(-27.4752792909807,-26.0141759330402,4.61));
#1874=CARTESIAN_POINT('',(-29.9673599861037,7.84647972802091,4.61));
#1875=CARTESIAN_POINT('Ctrl Pts',(-29.9673599861037,7.84647972802091,4.61));
#1876=CARTESIAN_POINT('Ctrl Pts',(-30.0459707495618,2.58028120781083,4.61));
#1877=CARTESIAN_POINT('Ctrl Pts',(-29.6853806457353,-7.70311292583343,4.61));
#1878=CARTESIAN_POINT('Ctrl Pts',(-28.270308790045,-20.2387331283403,4.61));
#1879=CARTESIAN_POINT('Ctrl Pts',(-27.4752792909807,-26.0141759330402,4.61));
#1880=CARTESIAN_POINT('Ctrl Pts',(-29.9673599861037,7.84647972802091,2.96));
#1881=CARTESIAN_POINT('Ctrl Pts',(-29.9673599861037,7.84647972802091,3.16833333333333));
#1882=CARTESIAN_POINT('Ctrl Pts',(-29.9673599861037,7.84647972802091,3.37666666666667));
#1883=CARTESIAN_POINT('Ctrl Pts',(-29.9673599861037,7.84647972802091,3.92666666666667));
#1884=CARTESIAN_POINT('Ctrl Pts',(-29.9673599861037,7.84647972802091,4.26833333333333));
#1885=CARTESIAN_POINT('Ctrl Pts',(-29.9673599861037,7.84647972802091,4.61));
#1886=CARTESIAN_POINT('Origin',(30.7967164006002,8.12639710737163,1.56));
#1887=CARTESIAN_POINT('',(21.6972706893101,2.46100868783085,1.56));
#1888=CARTESIAN_POINT('',(15.6613316438568,-1.29701572971551,1.56));
#1889=CARTESIAN_POINT('',(21.6972706893101,2.46100868783085,3.795));
#1890=CARTESIAN_POINT('',(21.6972706893101,2.46100868783085,1.56));
#1891=CARTESIAN_POINT('',(17.7922811612775,0.029730657005861,3.795));
#1892=CARTESIAN_POINT('',(17.9315158042513,0.116419270678641,3.795));
#1893=CARTESIAN_POINT('',(17.7922811612775,0.029730657005861,1.56));
#1894=CARTESIAN_POINT('',(17.7922811612775,0.0297306570058575,1.56));
#1895=CARTESIAN_POINT('',(1.01823341029794,-10.413927,1.56));
#1896=CARTESIAN_POINT('',(15.6613316438568,-1.29701572971551,1.56));
#1897=CARTESIAN_POINT('',(1.01823341029794,-10.413927,4.61));
#1898=CARTESIAN_POINT('',(1.01823341029794,-10.413927,1.56));
#1899=CARTESIAN_POINT('',(30.3471317928192,7.84648209811278,4.61));
#1900=CARTESIAN_POINT('',(15.6613316438568,-1.29701572971551,4.61));
#1901=CARTESIAN_POINT('Ctrl Pts',(30.3471317928192,7.84648209811278,2.96));
#1902=CARTESIAN_POINT('Ctrl Pts',(30.3471317928192,7.84648209811278,3.16833333333333));
#1903=CARTESIAN_POINT('Ctrl Pts',(30.3471317928192,7.84648209811278,3.37666666666667));
#1904=CARTESIAN_POINT('Ctrl Pts',(30.3471317928192,7.84648209811278,3.92666666666667));
#1905=CARTESIAN_POINT('Ctrl Pts',(30.3471317928192,7.84648209811278,4.26833333333334));
#1906=CARTESIAN_POINT('Ctrl Pts',(30.3471317928192,7.84648209811278,4.61));
#1907=CARTESIAN_POINT('Origin',(0.189894134568613,-10.1806785,1.56));
#1908=CARTESIAN_POINT('',(-22.2533387180361,3.04366776047689,1.56));
#1909=CARTESIAN_POINT('',(-0.428715840404405,-10.544518776904,1.56));
#1910=CARTESIAN_POINT('',(-24.5865668570881,-0.690277794577766,1.56));
#1911=CARTESIAN_POINT('',(-22.073637856976,3.3312492533297,1.56));
#1912=CARTESIAN_POINT('',(-26.2432582639719,-1.63005104415352,1.56));
#1913=CARTESIAN_POINT('Origin',(-26.2826630494009,0.36956073388873,1.56));
#1914=CARTESIAN_POINT('',(-24.0094061867749,-3.62546743945251,1.56));
#1915=CARTESIAN_POINT('Origin',(-26.199913,-3.829624,1.56));
#1916=CARTESIAN_POINT('',(-23.7141325488831,-2.38003203776102,1.56));
#1917=CARTESIAN_POINT('Origin',(-22.0180363565703,-3.43987056622752,1.56));
#1918=CARTESIAN_POINT('',(-22.9798648660758,-1.20495811140561,1.56));
#1919=CARTESIAN_POINT('',(-21.2135753192944,1.62169603859253,1.56));
#1920=CARTESIAN_POINT('',(-20.2239301452965,-0.568700447559319,1.56));
#1921=CARTESIAN_POINT('Origin',(-21.283768673763,-2.26479663987211,1.56));
#1922=CARTESIAN_POINT('',(-19.4058177902263,-1.07991378466113,1.56));
#1923=CARTESIAN_POINT('',(-12.2649234673034,-5.54203979227945,1.56));
#1924=CARTESIAN_POINT('',(-18.3483491900035,0.612389729651899,1.56));
#1925=CARTESIAN_POINT('',(-18.6993667719114,0.0506441730242246,1.56));
#1926=CARTESIAN_POINT('',(-0.638465410297928,-10.413927,1.56));
#1927=CARTESIAN_POINT('',(-0.428715840404405,-10.544518776904,1.56));
#1928=CARTESIAN_POINT('',(0.561184067284307,-10.413927,1.56));
#1929=CARTESIAN_POINT('',(18.7477597902267,-1.49935478466213,1.56));
#1930=CARTESIAN_POINT('',(17.6150427915297,0.313371339984151,1.56));
#1931=CARTESIAN_POINT('',(22.6487810325461,0.938273830810816,1.56));
#1932=CARTESIAN_POINT('',(10.12380464662,-6.88820004614335,1.56));
#1933=CARTESIAN_POINT('',(21.9938033483237,1.98645723462313,1.56));
#1934=CARTESIAN_POINT('',(27.8547936941949,-26.0154309571371,1.56));
#1935=CARTESIAN_POINT('Ctrl Pts',(30.2790464725411,0.516174303686379,1.56));
#1936=CARTESIAN_POINT('Ctrl Pts',(30.2369746355693,-0.811747013539509,1.56));
#1937=CARTESIAN_POINT('Ctrl Pts',(30.1788935902364,-2.17390689317961,1.56));
#1938=CARTESIAN_POINT('Ctrl Pts',(30.1042954237399,-3.57134980181482,1.56));
#1939=CARTESIAN_POINT('Ctrl Pts',(29.7523480227825,-10.1643590241405,1.56));
#1940=CARTESIAN_POINT('Ctrl Pts',(29.0114791823886,-17.5883504203945,1.56));
#1941=CARTESIAN_POINT('Ctrl Pts',(27.8771140574495,-25.8530562409785,1.56));
#1942=CARTESIAN_POINT('Ctrl Pts',(27.8696898583506,-25.9071471330175,1.56));
#1943=CARTESIAN_POINT('Ctrl Pts',(27.862249726513,-25.961272061419,1.56));
#1944=CARTESIAN_POINT('Ctrl Pts',(27.8547936941243,-26.0154309571265,1.56));
#1945=CARTESIAN_POINT('',(18.8484830009516,-28.6805533444964,1.56));
#1946=CARTESIAN_POINT('Ctrl Pts',(27.8547936941949,-26.0154309571372,1.56));
#1947=CARTESIAN_POINT('Ctrl Pts',(27.4815634829207,-26.1565284631641,1.56));
#1948=CARTESIAN_POINT('Ctrl Pts',(26.6896966436441,-26.4500142774429,1.56));
#1949=CARTESIAN_POINT('Ctrl Pts',(25.5298012438896,-26.8600626405352,1.56));
#1950=CARTESIAN_POINT('Ctrl Pts',(24.0649635079926,-27.338607123078,1.56));
#1951=CARTESIAN_POINT('Ctrl Pts',(22.3606958184652,-27.8377607115761,1.56));
#1952=CARTESIAN_POINT('Ctrl Pts',(20.9617863070557,-28.2020467362679,1.56));
#1953=CARTESIAN_POINT('Ctrl Pts',(19.8927158181678,-28.4539073731061,1.56));
#1954=CARTESIAN_POINT('Ctrl Pts',(19.1799500027886,-28.6102466228764,1.56));
#1955=CARTESIAN_POINT('Ctrl Pts',(18.8484830009516,-28.6805533444964,1.56));
#1956=CARTESIAN_POINT('',(14.875957080697,-25.772624,1.56));
#1957=CARTESIAN_POINT('Origin',(14.8759559597071,-29.9400265216384,1.56));
#1958=CARTESIAN_POINT('',(-14.864915919303,-25.772616,1.56));
#1959=CARTESIAN_POINT('',(-7.33751298940603,-25.7726180247968,1.56));
#1960=CARTESIAN_POINT('',(-18.8165313057741,-28.608889710556,1.56));
#1961=CARTESIAN_POINT('Origin',(-14.8649170412373,-29.9435293658053,1.56));
#1962=CARTESIAN_POINT('Ctrl Pts',(-27.4752792909807,-26.0141759330402,1.56));
#1963=CARTESIAN_POINT('Ctrl Pts',(-27.0944961740188,-26.1582792827676,1.56));
#1964=CARTESIAN_POINT('Ctrl Pts',(-26.2902882372163,-26.4572183946691,1.56));
#1965=CARTESIAN_POINT('Ctrl Pts',(-25.1209287534094,-26.8736149362756,1.56));
#1966=CARTESIAN_POINT('Ctrl Pts',(-23.6621728237264,-27.3564825100272,1.56));
#1967=CARTESIAN_POINT('Ctrl Pts',(-22.0098267507517,-27.8482596975731,1.56));
#1968=CARTESIAN_POINT('Ctrl Pts',(-20.6984994938045,-28.1924587605156,1.56));
#1969=CARTESIAN_POINT('Ctrl Pts',(-19.7300996132346,-28.4178554851588,1.56));
#1970=CARTESIAN_POINT('Ctrl Pts',(-19.1017010305092,-28.5511065074448,1.56));
#1971=CARTESIAN_POINT('Ctrl Pts',(-18.8165313057713,-28.6088897105565,1.56));
#1972=CARTESIAN_POINT('',(3.38365912851519,-17.8837006735778,1.56));
#1973=CARTESIAN_POINT('',(-1.23277364946613,-16.7747516520215,1.56));
#1974=CARTESIAN_POINT('',(1.38238462781598,-17.4029590477057,1.56));
#1975=CARTESIAN_POINT('',(-2.19388733710305,-16.7747516520215,1.56));
#1976=CARTESIAN_POINT('',(-0.521439757448759,-16.7747516520215,1.56));
#1977=CARTESIAN_POINT('',(-3.19388733710305,-17.7747516520215,1.56));
#1978=CARTESIAN_POINT('Origin',(-2.19388733710305,-17.7747516520215,1.56));
#1979=CARTESIAN_POINT('',(-3.19388733710305,-21.4782970034471,1.56));
#1980=CARTESIAN_POINT('',(-3.19388733710305,-13.4777150760107,1.56));
#1981=CARTESIAN_POINT('',(-2.19388733710305,-22.4782970034471,1.56));
#1982=CARTESIAN_POINT('Origin',(-2.19388733710305,-21.4782970034471,1.56));
#1983=CARTESIAN_POINT('',(-1.23277364946613,-22.4782970034471,1.56));
#1984=CARTESIAN_POINT('',(-1.50199660126722,-22.4782970034471,1.56));
#1985=CARTESIAN_POINT('',(3.22980513600354,-22.1214082316594,1.56));
#1986=CARTESIAN_POINT('',(-0.0373426802320181,-22.3826940100039,1.56));
#1987=CARTESIAN_POINT('',(4.150086,-21.1245908665645,1.56));
#1988=CARTESIAN_POINT('Origin',(3.150086,-21.1245908665645,1.56));
#1989=CARTESIAN_POINT('',(4.150086,-18.8560399115167,1.56));
#1990=CARTESIAN_POINT('',(4.150086,-16.11424425,1.56));
#1991=CARTESIAN_POINT('Origin',(3.150086,-18.8560399115167,1.56));
#1992=CARTESIAN_POINT('',(20.4150180783668,-4.60443530298677,1.56));
#1993=CARTESIAN_POINT('',(21.4900882219032,-4.60443530298677,1.56));
#1994=CARTESIAN_POINT('',(9.82817376993362,-4.60443530298677,1.56));
#1995=CARTESIAN_POINT('',(21.4900882219032,-2.70730595685041,1.56));
#1996=CARTESIAN_POINT('Origin',(21.4900882219032,-3.65587062991859,1.56));
#1997=CARTESIAN_POINT('',(20.4150180783668,-2.70730595685041,1.56));
#1998=CARTESIAN_POINT('',(11.31427351477,-2.70730595685041,1.56));
#1999=CARTESIAN_POINT('Origin',(20.4150180783668,-3.65587062991859,1.56));
#2000=CARTESIAN_POINT('',(24.812203,-22.349282,1.56));
#2001=CARTESIAN_POINT('',(24.812203,-7.849282,1.56));
#2002=CARTESIAN_POINT('',(24.812203,-16.26498025,1.56));
#2003=CARTESIAN_POINT('',(23.312203,-6.349282,1.56));
#2004=CARTESIAN_POINT('Origin',(23.312203,-7.849282,1.56));
#2005=CARTESIAN_POINT('',(8.812203,-6.349282,1.56));
#2006=CARTESIAN_POINT('',(11.7510485672843,-6.349282,1.56));
#2007=CARTESIAN_POINT('',(7.312203,-7.849282,1.56));
#2008=CARTESIAN_POINT('Origin',(8.812203,-7.849282,1.56));
#2009=CARTESIAN_POINT('',(7.312203,-22.349282,1.56));
#2010=CARTESIAN_POINT('',(7.312203,-9.01498025,1.56));
#2011=CARTESIAN_POINT('',(8.812203,-23.849282,1.56));
#2012=CARTESIAN_POINT('Origin',(8.812203,-22.349282,1.56));
#2013=CARTESIAN_POINT('',(23.312203,-23.849282,1.56));
#2014=CARTESIAN_POINT('',(4.50104856728431,-23.849282,1.56));
#2015=CARTESIAN_POINT('Origin',(23.312203,-22.349282,1.56));
#2016=CARTESIAN_POINT('',(-22.949914,-23.849282,1.56));
#2017=CARTESIAN_POINT('',(-8.449914,-23.849282,1.56));
#2018=CARTESIAN_POINT('',(-11.3800099327157,-23.849282,1.56));
#2019=CARTESIAN_POINT('',(-6.949914,-22.349282,1.56));
#2020=CARTESIAN_POINT('Origin',(-8.449914,-22.349282,1.56));
#2021=CARTESIAN_POINT('',(-6.949914,-7.949282,1.56));
#2022=CARTESIAN_POINT('',(-6.949914,-16.26498025,1.56));
#2023=CARTESIAN_POINT('',(-8.449914,-6.449282,1.56));
#2024=CARTESIAN_POINT('Origin',(-8.449914,-7.949282,1.56));
#2025=CARTESIAN_POINT('',(-22.949914,-6.449282,1.56));
#2026=CARTESIAN_POINT('',(-4.13000993271569,-6.449282,1.56));
#2027=CARTESIAN_POINT('',(-24.449914,-7.949282,1.56));
#2028=CARTESIAN_POINT('Origin',(-22.949914,-7.949282,1.56));
#2029=CARTESIAN_POINT('',(-24.449914,-22.349282,1.56));
#2030=CARTESIAN_POINT('',(-24.449914,-9.06498025,1.56));
#2031=CARTESIAN_POINT('Origin',(-22.949914,-22.349282,1.56));
#2032=CARTESIAN_POINT('Origin',(-8.449914,-6.449282,1.51));
#2033=CARTESIAN_POINT('',(-8.449914,-6.449282,4.81));
#2034=CARTESIAN_POINT('',(-8.449914,-6.449282,1.51));
#2035=CARTESIAN_POINT('',(-22.949914,-6.449282,4.81));
#2036=CARTESIAN_POINT('',(-4.13438475,-6.449282,4.81));
#2037=CARTESIAN_POINT('',(-22.949914,-6.449282,1.51));
#2038=CARTESIAN_POINT('Origin',(-22.949914,-7.949282,1.51));
#2039=CARTESIAN_POINT('',(-24.449914,-7.949282,4.81));
#2040=CARTESIAN_POINT('Origin',(-22.949914,-7.949282,4.81));
#2041=CARTESIAN_POINT('',(-24.449914,-7.949282,1.51));
#2042=CARTESIAN_POINT('Origin',(-24.449914,-7.949282,1.51));
#2043=CARTESIAN_POINT('',(-24.449914,-22.349282,4.81));
#2044=CARTESIAN_POINT('',(-24.449914,-11.524282,4.81));
#2045=CARTESIAN_POINT('',(-24.449914,-22.349282,1.51));
#2046=CARTESIAN_POINT('Origin',(-22.949914,-22.349282,1.51));
#2047=CARTESIAN_POINT('',(-22.949914,-23.849282,4.81));
#2048=CARTESIAN_POINT('Origin',(-22.949914,-22.349282,4.81));
#2049=CARTESIAN_POINT('',(-22.949914,-23.849282,1.51));
#2050=CARTESIAN_POINT('Origin',(-22.949914,-23.849282,1.51));
#2051=CARTESIAN_POINT('',(-8.449914,-23.849282,4.81));
#2052=CARTESIAN_POINT('',(-11.38438475,-23.849282,4.81));
#2053=CARTESIAN_POINT('',(-8.449914,-23.849282,1.51));
#2054=CARTESIAN_POINT('Origin',(-8.449914,-7.949282,1.51));
#2055=CARTESIAN_POINT('',(-6.949914,-7.949282,4.81));
#2056=CARTESIAN_POINT('',(-6.949914,-7.949282,1.51));
#2057=CARTESIAN_POINT('Origin',(-8.449914,-7.949282,4.81));
#2058=CARTESIAN_POINT('Origin',(-6.949914,-22.349282,1.51));
#2059=CARTESIAN_POINT('',(-6.949914,-22.349282,4.81));
#2060=CARTESIAN_POINT('',(-6.949914,-22.349282,1.51));
#2061=CARTESIAN_POINT('',(-6.949914,-18.724282,4.81));
#2062=CARTESIAN_POINT('Origin',(-8.449914,-22.349282,1.51));
#2063=CARTESIAN_POINT('Origin',(-8.449914,-22.349282,4.81));
#2064=CARTESIAN_POINT('Origin',(0.181144500000001,-15.099282,4.81));
#2065=CARTESIAN_POINT('Origin',(7.312203,-7.849282,1.51));
#2066=CARTESIAN_POINT('',(7.312203,-7.849282,4.81));
#2067=CARTESIAN_POINT('',(7.312203,-7.849282,1.51));
#2068=CARTESIAN_POINT('',(7.312203,-22.349282,4.81));
#2069=CARTESIAN_POINT('',(7.312203,-11.474282,4.81));
#2070=CARTESIAN_POINT('',(7.312203,-22.349282,1.51));
#2071=CARTESIAN_POINT('Origin',(8.812203,-22.349282,1.51));
#2072=CARTESIAN_POINT('',(8.812203,-23.849282,4.81));
#2073=CARTESIAN_POINT('Origin',(8.812203,-22.349282,4.81));
#2074=CARTESIAN_POINT('',(8.812203,-23.849282,1.51));
#2075=CARTESIAN_POINT('Origin',(8.812203,-23.849282,1.51));
#2076=CARTESIAN_POINT('',(23.312203,-23.849282,4.81));
#2077=CARTESIAN_POINT('',(4.49667375,-23.849282,4.81));
#2078=CARTESIAN_POINT('',(23.312203,-23.849282,1.51));
#2079=CARTESIAN_POINT('Origin',(23.312203,-22.349282,1.51));
#2080=CARTESIAN_POINT('',(24.812203,-22.349282,4.81));
#2081=CARTESIAN_POINT('Origin',(23.312203,-22.349282,4.81));
#2082=CARTESIAN_POINT('',(24.812203,-22.349282,1.51));
#2083=CARTESIAN_POINT('Origin',(24.812203,-22.349282,1.51));
#2084=CARTESIAN_POINT('',(24.812203,-7.849282,4.81));
#2085=CARTESIAN_POINT('',(24.812203,-18.724282,4.81));
#2086=CARTESIAN_POINT('',(24.812203,-7.849282,1.51));
#2087=CARTESIAN_POINT('Origin',(8.812203,-7.849282,1.51));
#2088=CARTESIAN_POINT('',(8.812203,-6.349282,4.81));
#2089=CARTESIAN_POINT('',(8.812203,-6.349282,1.51));
#2090=CARTESIAN_POINT('Origin',(8.812203,-7.849282,4.81));
#2091=CARTESIAN_POINT('Origin',(23.312203,-6.349282,1.51));
#2092=CARTESIAN_POINT('',(23.312203,-6.349282,4.81));
#2093=CARTESIAN_POINT('',(23.312203,-6.349282,1.51));
#2094=CARTESIAN_POINT('',(11.74667375,-6.349282,4.81));
#2095=CARTESIAN_POINT('Origin',(23.312203,-7.849282,1.51));
#2096=CARTESIAN_POINT('Origin',(23.312203,-7.849282,4.81));
#2097=CARTESIAN_POINT('Origin',(0.181144500000001,-15.099282,4.81));
#2098=CARTESIAN_POINT('Origin',(3.150086,-18.8560399115167,1.56));
#2099=CARTESIAN_POINT('',(3.38365912851519,-17.8837006735778,2.595));
#2100=CARTESIAN_POINT('',(4.150086,-18.8560399115167,2.595));
#2101=CARTESIAN_POINT('Origin',(3.150086,-18.8560399115167,2.595));
#2102=CARTESIAN_POINT('',(3.38365912851519,-17.8837006735778,1.56));
#2103=CARTESIAN_POINT('',(4.150086,-18.8560399115167,1.56));
#2104=CARTESIAN_POINT('Origin',(4.150086,-22.04781,1.56));
#2105=CARTESIAN_POINT('',(4.150086,-21.1245908665645,2.595));
#2106=CARTESIAN_POINT('',(4.150086,-21.1245908665645,1.56));
#2107=CARTESIAN_POINT('',(4.150086,-17.3203057400744,2.595));
#2108=CARTESIAN_POINT('Origin',(3.150086,-21.1245908665645,1.56));
#2109=CARTESIAN_POINT('',(3.22980513600354,-22.1214082316594,2.595));
#2110=CARTESIAN_POINT('Origin',(3.150086,-21.1245908665645,2.595));
#2111=CARTESIAN_POINT('',(3.22980513600354,-22.1214082316594,1.56));
#2112=CARTESIAN_POINT('Origin',(-1.23277364946613,-22.4782970034471,1.56));
#2113=CARTESIAN_POINT('',(-1.23277364946613,-22.4782970034471,2.595));
#2114=CARTESIAN_POINT('',(-1.23277364946613,-22.4782970034471,1.56));
#2115=CARTESIAN_POINT('',(4.55308906419882,-22.0155803687659,2.595));
#2116=CARTESIAN_POINT('Origin',(-2.19388733710305,-21.4782970034471,1.56));
#2117=CARTESIAN_POINT('',(-2.19388733710305,-22.4782970034471,2.595));
#2118=CARTESIAN_POINT('',(-3.19388733710305,-21.4782970034471,2.595));
#2119=CARTESIAN_POINT('Origin',(-2.19388733710305,-21.4782970034471,2.595));
#2120=CARTESIAN_POINT('',(-2.19388733710305,-22.4782970034471,1.56));
#2121=CARTESIAN_POINT('',(-3.19388733710305,-21.4782970034471,1.56));
#2122=CARTESIAN_POINT('Origin',(-3.19388733710305,-16.7747516520215,1.56));
#2123=CARTESIAN_POINT('',(-3.19388733710305,-17.7747516520215,2.595));
#2124=CARTESIAN_POINT('',(-3.19388733710305,-17.7747516520215,1.56));
#2125=CARTESIAN_POINT('',(-3.19388733710305,-14.6837765660851,2.595));
#2126=CARTESIAN_POINT('Origin',(-2.19388733710305,-17.7747516520215,1.56));
#2127=CARTESIAN_POINT('',(-2.19388733710305,-16.7747516520215,2.595));
#2128=CARTESIAN_POINT('Origin',(-2.19388733710305,-17.7747516520215,2.595));
#2129=CARTESIAN_POINT('',(-2.19388733710305,-16.7747516520215,1.56));
#2130=CARTESIAN_POINT('Origin',(-1.23277364946613,-16.7747516520215,1.56));
#2131=CARTESIAN_POINT('',(-1.23277364946613,-16.7747516520215,2.595));
#2132=CARTESIAN_POINT('',(-1.23277364946613,-16.7747516520215,1.56));
#2133=CARTESIAN_POINT('',(4.19480456473401,-16.7747516520215,2.595));
#2134=CARTESIAN_POINT('Origin',(20.4150180783668,-3.65587062991859,1.56));
#2135=CARTESIAN_POINT('',(20.4150180783668,-4.60443530298677,2.595));
#2136=CARTESIAN_POINT('',(20.4150180783668,-2.70730595685041,2.595));
#2137=CARTESIAN_POINT('Origin',(20.4150180783668,-3.65587062991859,2.595));
#2138=CARTESIAN_POINT('',(20.4150180783668,-4.60443530298677,1.56));
#2139=CARTESIAN_POINT('',(20.4150180783668,-2.70730595685041,1.56));
#2140=CARTESIAN_POINT('Origin',(22.4386528949714,-2.70730595685041,1.56));
#2141=CARTESIAN_POINT('',(21.4900882219032,-2.70730595685041,2.595));
#2142=CARTESIAN_POINT('',(21.4900882219032,-2.70730595685041,1.56));
#2143=CARTESIAN_POINT('',(16.0305178369528,-2.70730595685041,2.595));
#2144=CARTESIAN_POINT('Origin',(21.4900882219032,-3.65587062991859,1.56));
#2145=CARTESIAN_POINT('',(21.4900882219032,-4.60443530298677,2.595));
#2146=CARTESIAN_POINT('Origin',(21.4900882219032,-3.65587062991859,2.595));
#2147=CARTESIAN_POINT('',(21.4900882219032,-4.60443530298677,1.56));
#2148=CARTESIAN_POINT('Origin',(19.4664534052986,-4.60443530298677,1.56));
#2149=CARTESIAN_POINT('',(14.5444180921164,-4.60443530298677,2.595));
#2150=CARTESIAN_POINT('Origin',(-21.283768673763,-2.26479663987211,2.6775));
#2151=CARTESIAN_POINT('',(-22.9798648660758,-1.20495811140561,3.795));
#2152=CARTESIAN_POINT('',(-22.9798648660758,-1.20495811140561,2.6775));
#2153=CARTESIAN_POINT('',(-20.2239301452965,-0.56870044755932,3.795));
#2154=CARTESIAN_POINT('Origin',(-21.283768673763,-2.26479663987211,3.795));
#2155=CARTESIAN_POINT('',(-20.2239301452965,-0.568700447559319,2.6775));
#2156=CARTESIAN_POINT('Origin',(-21.9200263376093,0.49113808090718,3.795));
#2157=CARTESIAN_POINT('',(-23.7141325488831,-2.38003203776102,3.795));
#2158=CARTESIAN_POINT('',(-23.7141325488831,-2.38003203776102,1.56));
#2159=CARTESIAN_POINT('',(-24.138960799518,-3.05989935616403,3.795));
#2160=CARTESIAN_POINT('Origin',(-22.0180363565703,-3.43987056622752,1.56));
#2161=CARTESIAN_POINT('',(-24.0094061867749,-3.62546743945251,3.795));
#2162=CARTESIAN_POINT('',(-24.0094061867749,-3.62546743945251,1.56));
#2163=CARTESIAN_POINT('Origin',(-22.0180363565703,-3.43987056622752,3.795));
#2164=CARTESIAN_POINT('Origin',(-26.199913,-3.829624,1.56));
#2165=CARTESIAN_POINT('',(-26.2432582639719,-1.63005104415352,3.795));
#2166=CARTESIAN_POINT('',(-26.2432582639719,-1.63005104415352,1.56));
#2167=CARTESIAN_POINT('Origin',(-26.199913,-3.829624,3.795));
#2168=CARTESIAN_POINT('Origin',(-26.2826630494009,0.36956073388873,1.56));
#2169=CARTESIAN_POINT('',(-24.5865668570881,-0.690277794577767,3.795));
#2170=CARTESIAN_POINT('',(-24.5865668570881,-0.690277794577768,1.56));
#2171=CARTESIAN_POINT('Origin',(-26.2826630494009,0.36956073388873,3.795));
#2172=CARTESIAN_POINT('Ctrl Pts',(-27.4752792909807,-26.0141759330402,4.61));
#2173=CARTESIAN_POINT('Ctrl Pts',(-28.270308790045,-20.2387331283403,4.61));
#2174=CARTESIAN_POINT('Ctrl Pts',(-29.6853806457353,-7.70311292583343,4.61));
#2175=CARTESIAN_POINT('Ctrl Pts',(-30.0459707495618,2.58028120781083,4.61));
#2176=CARTESIAN_POINT('Ctrl Pts',(-29.9673599861037,7.84647972802091,4.61));
#2177=CARTESIAN_POINT('Ctrl Pts',(-27.1450600064118,-25.9687189730685,4.94333333333333));
#2178=CARTESIAN_POINT('Ctrl Pts',(-27.9394322508204,-20.1980507543133,4.94333333333333));
#2179=CARTESIAN_POINT('Ctrl Pts',(-29.3527944636904,-7.67697410402757,4.94333333333334));
#2180=CARTESIAN_POINT('Ctrl Pts',(-29.7124842878058,2.58805163953699,4.94333333333333));
#2181=CARTESIAN_POINT('Ctrl Pts',(-29.6340637845489,7.84150447523442,4.94333333333333));
#2182=CARTESIAN_POINT('Ctrl Pts',(-26.8148407218428,-25.9232620130967,5.27666666666667));
#2183=CARTESIAN_POINT('Ctrl Pts',(-27.6085557115958,-20.1573683802862,5.27666666666667));
#2184=CARTESIAN_POINT('Ctrl Pts',(-29.0202082816455,-7.65083528222168,5.27666666666667));
#2185=CARTESIAN_POINT('Ctrl Pts',(-29.3789978260498,2.59582207126317,5.27666666666667));
#2186=CARTESIAN_POINT('Ctrl Pts',(-29.3007675829942,7.83652922244792,5.27666666666667));
#2187=CARTESIAN_POINT('Ctrl Pts',(-26.4846214372738,-25.877805053125,5.61));
#2188=CARTESIAN_POINT('Ctrl Pts',(-27.2776791723711,-20.1166860062592,5.61));
#2189=CARTESIAN_POINT('Ctrl Pts',(-28.6876220996006,-7.62469646041582,5.61));
#2190=CARTESIAN_POINT('Ctrl Pts',(-29.0455113642938,2.60359250298933,5.61));
#2191=CARTESIAN_POINT('Ctrl Pts',(-28.9674713814394,7.83155396966143,5.61));
#2192=CARTESIAN_POINT('',(-26.5654929329714,-25.2870544931967,5.61));
#2193=CARTESIAN_POINT('Ctrl Pts',(-27.4752792909807,-26.0141759330402,4.61));
#2194=CARTESIAN_POINT('Ctrl Pts',(-27.437379302475,-25.9839698646802,4.65166514938961));
#2195=CARTESIAN_POINT('Ctrl Pts',(-27.3994814113058,-25.953755777564,4.69332693724536));
#2196=CARTESIAN_POINT('Ctrl Pts',(-27.3615861587977,-25.9235339410438,4.73498477926967));
#2197=CARTESIAN_POINT('Ctrl Pts',(-27.096117883224,-25.7118203807764,5.0268111890285));
#2198=CARTESIAN_POINT('Ctrl Pts',(-26.8306869592522,-25.4996530794758,5.31854523094426));
#2199=CARTESIAN_POINT('Ctrl Pts',(-26.5654667946139,-25.2871131896671,5.61));
#2200=CARTESIAN_POINT('',(-28.982733887107,6.05546189091633,5.61));
#2201=CARTESIAN_POINT('Ctrl Pts',(-26.5654751114767,-25.2870520677315,5.61));
#2202=CARTESIAN_POINT('Ctrl Pts',(-27.3188605213538,-19.7503005222948,5.61));
#2203=CARTESIAN_POINT('Ctrl Pts',(-28.6038221480961,-8.27014245369914,5.61));
#2204=CARTESIAN_POINT('Ctrl Pts',(-28.9955095846643,1.28796032762229,5.61));
#2205=CARTESIAN_POINT('Ctrl Pts',(-28.9829641173467,6.0554624943508,5.61));
#2206=CARTESIAN_POINT('Ctrl Pts',(-28.9829626040578,6.05603714862344,5.61));
#2207=CARTESIAN_POINT('Ctrl Pts',(-29.1480813918372,6.35413837135815,5.44409707934362));
#2208=CARTESIAN_POINT('Ctrl Pts',(-29.3126926188005,6.65240685770708,5.27780526014746));
#2209=CARTESIAN_POINT('Ctrl Pts',(-29.4767412070304,6.95077207674481,5.1111625629041));
#2210=CARTESIAN_POINT('Ctrl Pts',(-29.6408143415033,7.24918193953873,4.94449493126667));
#2211=CARTESIAN_POINT('Ctrl Pts',(-29.8043733874901,7.54777724862157,4.77742680369556));
#2212=CARTESIAN_POINT('Ctrl Pts',(-29.9673599861037,7.84647972802091,4.61));
#2213=CARTESIAN_POINT('Origin',(-0.692984841404752,-10.9689735979512,5.11));
#2214=CARTESIAN_POINT('',(-0.924330111291075,-11.413927,5.61));
#2215=CARTESIAN_POINT('',(-0.957253842405099,-11.3934284189985,5.61));
#2216=CARTESIAN_POINT('',(-0.638465410297928,-10.413927,4.61));
#2217=CARTESIAN_POINT('',(-0.924330111291075,-11.413927,5.61));
#2218=CARTESIAN_POINT('',(-0.428715840404404,-10.544518776904,4.61));
#2219=CARTESIAN_POINT('Origin',(0.561184067284307,-10.913927,5.11));
#2220=CARTESIAN_POINT('',(1.30409811129107,-11.413927,5.61));
#2221=CARTESIAN_POINT('',(0.561184067284307,-11.413927,5.61));
#2222=CARTESIAN_POINT('',(1.30409811129108,-11.413927,5.61));
#2223=CARTESIAN_POINT('',(0.561184067284307,-10.413927,4.61));
#2224=CARTESIAN_POINT('Origin',(15.9256006448571,-1.72147055076279,5.11));
#2225=CARTESIAN_POINT('',(29.3625171191771,6.05547137452623,5.61));
#2226=CARTESIAN_POINT('',(16.1898696458575,-2.14592537181007,5.61));
#2227=CARTESIAN_POINT('Ctrl Pts',(29.3628472939309,6.05623804113084,5.61));
#2228=CARTESIAN_POINT('Ctrl Pts',(29.5287040268853,6.35567438027593,5.44332287660009));
#2229=CARTESIAN_POINT('Ctrl Pts',(29.6940539331842,6.65528687027696,5.27625306998321));
#2230=CARTESIAN_POINT('Ctrl Pts',(29.8588434707932,6.95501045837629,5.10882913882518));
#2231=CARTESIAN_POINT('Ctrl Pts',(30.0221265569152,7.25199407249731,4.94293574190914));
#2232=CARTESIAN_POINT('Ctrl Pts',(30.1849077321075,7.54917460701357,4.77664561493608));
#2233=CARTESIAN_POINT('Ctrl Pts',(30.3471317928192,7.84648209811278,4.61000000000001));
#2234=CARTESIAN_POINT('Ctrl Pts',(30.3471317928192,7.84648209811279,4.61));
#2235=CARTESIAN_POINT('Ctrl Pts',(30.4061196789216,3.89670786928288,4.61));
#2236=CARTESIAN_POINT('Ctrl Pts',(30.1742441062846,-6.11149379180621,4.61));
#2237=CARTESIAN_POINT('Ctrl Pts',(28.9149734943922,-18.3145299467799,4.61));
#2238=CARTESIAN_POINT('Ctrl Pts',(27.8547936941949,-26.0154309571372,4.61));
#2239=CARTESIAN_POINT('Ctrl Pts',(30.0138356264622,7.8415044879608,4.94333333333333));
#2240=CARTESIAN_POINT('Ctrl Pts',(30.0726807300568,3.90129084363162,4.94333333333333));
#2241=CARTESIAN_POINT('Ctrl Pts',(29.8413932753441,-6.08781763244749,4.94333333333334));
#2242=CARTESIAN_POINT('Ctrl Pts',(28.5838782674756,-18.2754356293599,4.94333333333333));
#2243=CARTESIAN_POINT('Ctrl Pts',(27.5245749756958,-25.9699698851757,4.94333333333333));
#2244=CARTESIAN_POINT('Ctrl Pts',(29.6805394601052,7.83652687780882,5.27666666666667));
#2245=CARTESIAN_POINT('Ctrl Pts',(29.739241781192,3.90587381798034,5.27666666666667));
#2246=CARTESIAN_POINT('Ctrl Pts',(29.5085424444036,-6.0641414730888,5.27666666666667));
#2247=CARTESIAN_POINT('Ctrl Pts',(28.252783040559,-18.23634131194,5.27666666666667));
#2248=CARTESIAN_POINT('Ctrl Pts',(27.1943562571966,-25.9245088132143,5.27666666666667));
#2249=CARTESIAN_POINT('Ctrl Pts',(29.3472432937481,7.83154926765684,5.61));
#2250=CARTESIAN_POINT('Ctrl Pts',(29.4058028323272,3.91045679232907,5.61));
#2251=CARTESIAN_POINT('Ctrl Pts',(29.1756916134631,-6.04046531373009,5.61));
#2252=CARTESIAN_POINT('Ctrl Pts',(27.9216878136423,-18.19724699452,5.61));
#2253=CARTESIAN_POINT('Ctrl Pts',(26.8641375386974,-25.8790477412528,5.61));
#2254=CARTESIAN_POINT('',(27.8547936941949,-26.0154309571372,4.61));
#2255=CARTESIAN_POINT('Ctrl Pts',(27.8547936941949,-26.0154309571372,4.61));
#2256=CARTESIAN_POINT('Ctrl Pts',(28.9149734943922,-18.3145299467799,4.61));
#2257=CARTESIAN_POINT('Ctrl Pts',(30.1742441062846,-6.11149379180621,4.61));
#2258=CARTESIAN_POINT('Ctrl Pts',(30.4061196789216,3.89670786928288,4.61));
#2259=CARTESIAN_POINT('Ctrl Pts',(30.3471317928192,7.84648209811279,4.61));
#2260=CARTESIAN_POINT('',(26.9450874984113,-25.287775683142,5.61));
#2261=CARTESIAN_POINT('Ctrl Pts',(29.362849393992,6.05547228067066,5.61));
#2262=CARTESIAN_POINT('Ctrl Pts',(29.372233705954,2.63040002260322,5.61));
#2263=CARTESIAN_POINT('Ctrl Pts',(29.0999460025549,-6.66855302407065,5.61));
#2264=CARTESIAN_POINT('Ctrl Pts',(27.9583275792614,-17.8403797762021,5.61));
#2265=CARTESIAN_POINT('Ctrl Pts',(26.9450623957784,-25.2877722667562,5.61));
#2266=CARTESIAN_POINT('Ctrl Pts',(26.9450511089165,-25.2878552239345,5.61));
#2267=CARTESIAN_POINT('Ctrl Pts',(27.0966155985165,-25.4094609869283,5.44342492135288));
#2268=CARTESIAN_POINT('Ctrl Pts',(27.2482357130408,-25.5309082585007,5.27677596606985));
#2269=CARTESIAN_POINT('Ctrl Pts',(27.3999019866078,-25.6522009569615,5.1100628127028));
#2270=CARTESIAN_POINT('Ctrl Pts',(27.5514827774003,-25.7734252919283,4.94344362289518));
#2271=CARTESIAN_POINT('Ctrl Pts',(27.7031185867641,-25.8945023542164,4.77675051057079));
#2272=CARTESIAN_POINT('Ctrl Pts',(27.8547936941949,-26.0154309571372,4.61));
#2273=CARTESIAN_POINT('Ctrl Pts',(27.8547936941949,-26.0154309571372,4.61));
#2274=CARTESIAN_POINT('Ctrl Pts',(26.5849396277142,-26.4954918857177,4.61));
#2275=CARTESIAN_POINT('Ctrl Pts',(24.5127396897971,-27.2162883934621,4.61));
#2276=CARTESIAN_POINT('Ctrl Pts',(21.472567883413,-28.0836444032499,4.61));
#2277=CARTESIAN_POINT('Ctrl Pts',(19.7401241527022,-28.4914293415228,4.61));
#2278=CARTESIAN_POINT('Ctrl Pts',(18.8484830009516,-28.6805533444964,4.61));
#2279=CARTESIAN_POINT('Ctrl Pts',(27.7369208207629,-25.7036343939425,4.94333333333333));
#2280=CARTESIAN_POINT('Ctrl Pts',(26.4724531058108,-26.1816590437216,4.94333333333333));
#2281=CARTESIAN_POINT('Ctrl Pts',(24.4114670386475,-26.8985190038233,4.94333333333334));
#2282=CARTESIAN_POINT('Ctrl Pts',(21.388613431792,-27.7609350448492,4.94333333333333));
#2283=CARTESIAN_POINT('Ctrl Pts',(19.6661629139226,-28.1663679681793,4.94333333333333));
#2284=CARTESIAN_POINT('Ctrl Pts',(18.7793191306437,-28.3544744120964,4.94333333333333));
#2285=CARTESIAN_POINT('Ctrl Pts',(27.6190479473308,-25.3918378307479,5.27666666666667));
#2286=CARTESIAN_POINT('Ctrl Pts',(26.3599665839075,-25.8678262017255,5.27666666666667));
#2287=CARTESIAN_POINT('Ctrl Pts',(24.310194387498,-26.5807496141844,5.27666666666667));
#2288=CARTESIAN_POINT('Ctrl Pts',(21.304658980171,-27.4382256864485,5.27666666666667));
#2289=CARTESIAN_POINT('Ctrl Pts',(19.592201675143,-27.8413065948358,5.27666666666667));
#2290=CARTESIAN_POINT('Ctrl Pts',(18.7101552603359,-28.0283954796963,5.27666666666667));
#2291=CARTESIAN_POINT('Ctrl Pts',(27.5011750738988,-25.0800412675532,5.61));
#2292=CARTESIAN_POINT('Ctrl Pts',(26.2474800620042,-25.5539933597294,5.61));
#2293=CARTESIAN_POINT('Ctrl Pts',(24.2089217363485,-26.2629802245456,5.61));
#2294=CARTESIAN_POINT('Ctrl Pts',(21.22070452855,-27.1155163280478,5.61));
#2295=CARTESIAN_POINT('Ctrl Pts',(19.5182404363634,-27.5162452214922,5.61));
#2296=CARTESIAN_POINT('Ctrl Pts',(18.640991390028,-27.7023165472963,5.61));
#2297=CARTESIAN_POINT('',(18.8484830009516,-28.6805533444964,4.61));
#2298=CARTESIAN_POINT('Ctrl Pts',(18.8484830009516,-28.6805533444964,4.61));
#2299=CARTESIAN_POINT('Ctrl Pts',(19.7401241527022,-28.4914293415228,4.61));
#2300=CARTESIAN_POINT('Ctrl Pts',(21.472567883413,-28.0836444032499,4.61));
#2301=CARTESIAN_POINT('Ctrl Pts',(24.5127396897971,-27.2162883934621,4.61));
#2302=CARTESIAN_POINT('Ctrl Pts',(26.5849396277142,-26.4954918857177,4.61));
#2303=CARTESIAN_POINT('Ctrl Pts',(27.8547936941949,-26.0154309571372,4.61));
#2304=CARTESIAN_POINT('',(19.4448441524597,-27.5260444374542,5.61));
#2305=CARTESIAN_POINT('Ctrl Pts',(26.9450904738958,-25.2877837459732,5.61));
#2306=CARTESIAN_POINT('Ctrl Pts',(25.8838603892631,-25.6793995716045,5.61));
#2307=CARTESIAN_POINT('Ctrl Pts',(24.0189581651286,-26.3171766873705,5.61));
#2308=CARTESIAN_POINT('Ctrl Pts',(21.483634825842,-27.0405025136032,5.61));
#2309=CARTESIAN_POINT('Ctrl Pts',(20.0426545894315,-27.3907867540808,5.61));
#2310=CARTESIAN_POINT('Ctrl Pts',(19.4448630079233,-27.5261277400326,5.61));
#2311=CARTESIAN_POINT('Ctrl Pts',(19.4440227596301,-27.5263179671361,5.61));
#2312=CARTESIAN_POINT('Ctrl Pts',(19.355912081936,-27.7183344780482,5.4421768416642));
#2313=CARTESIAN_POINT('Ctrl Pts',(19.2631765645716,-27.9101171299864,5.27518247559863));
#2314=CARTESIAN_POINT('Ctrl Pts',(19.1655942781107,-28.1002218818838,5.11040835846467));
#2315=CARTESIAN_POINT('Ctrl Pts',(19.1159395371816,-28.196956674101,5.0265630583097));
#2316=CARTESIAN_POINT('Ctrl Pts',(19.0649076407184,-28.2934947012284,4.94308672170268));
#2317=CARTESIAN_POINT('Ctrl Pts',(19.0124658381307,-28.3896074207253,4.86019950663446));
#2318=CARTESIAN_POINT('Ctrl Pts',(18.9860000190608,-28.4381126535547,4.8183687927964));
#2319=CARTESIAN_POINT('Ctrl Pts',(18.9591560529948,-28.4865444572104,4.77665804017479));
#2320=CARTESIAN_POINT('Ctrl Pts',(18.931929470995,-28.5348704240345,4.73509846215406));
#2321=CARTESIAN_POINT('Ctrl Pts',(18.9182470308686,-28.5591561440571,4.71421312157226));
#2322=CARTESIAN_POINT('Ctrl Pts',(18.9044652851137,-28.5834198855469,4.69336187512699));
#2323=CARTESIAN_POINT('Ctrl Pts',(18.8905836489074,-28.6076573206193,4.67254889082177));
#2324=CARTESIAN_POINT('Ctrl Pts',(18.8766528169447,-28.6319806518307,4.6516621464431));
#2325=CARTESIAN_POINT('Ctrl Pts',(18.8626194688234,-28.6562808359915,4.63081106248839));
#2326=CARTESIAN_POINT('Ctrl Pts',(18.8484830009516,-28.6805533444964,4.61));
#2327=CARTESIAN_POINT('Origin',(14.8759559597071,-29.9400265216384,5.11));
#2328=CARTESIAN_POINT('',(14.8759573496871,-24.772624,5.61));
#2329=CARTESIAN_POINT('Origin',(14.8759559597071,-29.9400265216384,5.61));
#2330=CARTESIAN_POINT('',(14.875957080697,-25.772624,4.61));
#2331=CARTESIAN_POINT('',(14.8759573496871,-24.772624,5.61));
#2332=CARTESIAN_POINT('Origin',(14.8759559597071,-29.9400265216384,4.61));
#2333=CARTESIAN_POINT('Origin',(-7.33751285491099,-25.2726180247968,5.11));
#2334=CARTESIAN_POINT('',(-14.8649156503129,-24.772616,5.61));
#2335=CARTESIAN_POINT('',(-14.864915919303,-25.772616,4.61));
#2336=CARTESIAN_POINT('',(-14.8649156503129,-24.772616,5.61));
#2337=CARTESIAN_POINT('',(-7.33751298940603,-25.7726180247968,4.61));
#2338=CARTESIAN_POINT('',(-7.33751272041594,-24.7726180247968,5.61));
#2339=CARTESIAN_POINT('Origin',(-14.8649170412373,-29.9435293658053,5.11));
#2340=CARTESIAN_POINT('',(-18.8165313057741,-28.608889710556,4.61));
#2341=CARTESIAN_POINT('Origin',(-14.8649170412373,-29.9435293658053,4.61));
#2342=CARTESIAN_POINT('',(-19.4013675103436,-27.4618037206119,5.61));
#2343=CARTESIAN_POINT('Origin',(-14.8649170412373,-29.9435293658053,5.61));
#2344=CARTESIAN_POINT('Ctrl Pts',(-19.4014889562432,-27.4616691159405,5.61));
#2345=CARTESIAN_POINT('Ctrl Pts',(-19.3147064491469,-27.6532565253491,5.44199211669769));
#2346=CARTESIAN_POINT('Ctrl Pts',(-19.22334017706,-27.8444929007603,5.27474040130606));
#2347=CARTESIAN_POINT('Ctrl Pts',(-19.1271769223779,-28.033982106762,5.10953175308831));
#2348=CARTESIAN_POINT('Ctrl Pts',(-19.03999188614,-28.2057797788206,4.95974770065263));
#2349=CARTESIAN_POINT('Ctrl Pts',(-18.9483565575713,-28.3771447685451,4.81076779935673));
#2350=CARTESIAN_POINT('Ctrl Pts',(-18.8520724245244,-28.5467380075234,4.66382732065483));
#2351=CARTESIAN_POINT('Ctrl Pts',(-18.8402949831276,-28.5674825930552,4.64585361281782));
#2352=CARTESIAN_POINT('Ctrl Pts',(-18.8284480471335,-28.5882006497889,4.62791041901873));
#2353=CARTESIAN_POINT('Ctrl Pts',(-18.8165313057741,-28.608889710556,4.61));
#2354=CARTESIAN_POINT('Ctrl Pts',(-18.8165313057741,-28.608889710556,4.61));
#2355=CARTESIAN_POINT('Ctrl Pts',(-20.1064355095835,-28.3475197608816,4.61));
#2356=CARTESIAN_POINT('Ctrl Pts',(-23.0587263379363,-27.592026999623,4.61));
#2357=CARTESIAN_POINT('Ctrl Pts',(-25.8578029018225,-26.6262927927433,4.61));
#2358=CARTESIAN_POINT('Ctrl Pts',(-27.4752792909808,-26.0141759330402,4.61));
#2359=CARTESIAN_POINT('Ctrl Pts',(-18.7503341231585,-28.282195596552,4.94333333333333));
#2360=CARTESIAN_POINT('Ctrl Pts',(-20.0295616985064,-28.0229890244644,4.94333333333333));
#2361=CARTESIAN_POINT('Ctrl Pts',(-22.9606925516156,-27.2730270998309,4.94333333333334));
#2362=CARTESIAN_POINT('Ctrl Pts',(-25.7458937686024,-26.3122392937311,4.94333333333333));
#2363=CARTESIAN_POINT('Ctrl Pts',(-27.357298606333,-25.7024201485531,4.94333333333333));
#2364=CARTESIAN_POINT('Ctrl Pts',(-18.684136940543,-27.9555014825479,5.27666666666667));
#2365=CARTESIAN_POINT('Ctrl Pts',(-19.9526878874293,-27.6984582880472,5.27666666666667));
#2366=CARTESIAN_POINT('Ctrl Pts',(-22.8626587652949,-26.9540272000387,5.27666666666667));
#2367=CARTESIAN_POINT('Ctrl Pts',(-25.6339846353824,-25.9981857947188,5.27666666666667));
#2368=CARTESIAN_POINT('Ctrl Pts',(-27.2393179216852,-25.390664364066,5.27666666666667));
#2369=CARTESIAN_POINT('Ctrl Pts',(-18.6179397579274,-27.6288073685439,5.61));
#2370=CARTESIAN_POINT('Ctrl Pts',(-19.8758140763521,-27.37392755163,5.61));
#2371=CARTESIAN_POINT('Ctrl Pts',(-22.7646249789743,-26.6350273002465,5.61));
#2372=CARTESIAN_POINT('Ctrl Pts',(-25.5220755021623,-25.6841322957066,5.61));
#2373=CARTESIAN_POINT('Ctrl Pts',(-27.1213372370374,-25.0789085795789,5.61));
#2374=CARTESIAN_POINT('Ctrl Pts',(-27.4752792909808,-26.0141759330402,4.61));
#2375=CARTESIAN_POINT('Ctrl Pts',(-25.8578029018225,-26.6262927927433,4.61));
#2376=CARTESIAN_POINT('Ctrl Pts',(-23.0587263379363,-27.592026999623,4.61));
#2377=CARTESIAN_POINT('Ctrl Pts',(-20.1064355095835,-28.3475197608816,4.61));
#2378=CARTESIAN_POINT('Ctrl Pts',(-18.8165313057741,-28.608889710556,4.61));
#2379=CARTESIAN_POINT('Ctrl Pts',(-19.4013446366878,-27.4617014157094,5.61));
#2380=CARTESIAN_POINT('Ctrl Pts',(-20.3905287284764,-27.2403166822778,5.61));
#2381=CARTESIAN_POINT('Ctrl Pts',(-22.820020551001,-26.6003879367016,5.61));
#2382=CARTESIAN_POINT('Ctrl Pts',(-25.1558446344199,-25.8092943626132,5.61));
#2383=CARTESIAN_POINT('Ctrl Pts',(-26.5654990358443,-25.2870709668763,5.61));
#2384=CARTESIAN_POINT('Origin',(14.8759559597071,-29.9400265216384,1.56));
#2385=CARTESIAN_POINT('',(14.875957080697,-25.772624,1.56));
#2386=CARTESIAN_POINT('Ctrl Pts',(18.8484830009516,-28.6805533444964,1.56));
#2387=CARTESIAN_POINT('Ctrl Pts',(18.8484830009516,-28.6805533444964,2.485));
#2388=CARTESIAN_POINT('Ctrl Pts',(18.8484830009516,-28.6805533444964,3.41));
#2389=CARTESIAN_POINT('Ctrl Pts',(18.8484830009516,-28.6805533444964,4.42666666666667));
#2390=CARTESIAN_POINT('Ctrl Pts',(18.8484830009516,-28.6805533444964,4.51833333333333));
#2391=CARTESIAN_POINT('Ctrl Pts',(18.8484830009516,-28.6805533444964,4.61));
#2392=CARTESIAN_POINT('Origin',(-14.864915919303,-25.772616,1.56));
#2393=CARTESIAN_POINT('',(-14.864915919303,-25.772616,1.56));
#2394=CARTESIAN_POINT('Origin',(-14.8649170412373,-29.9435293658053,1.56));
#2395=CARTESIAN_POINT('Ctrl Pts',(-18.8165313057741,-28.608889710556,4.61));
#2396=CARTESIAN_POINT('Ctrl Pts',(-18.8165313057741,-28.608889710556,4.51833333333333));
#2397=CARTESIAN_POINT('Ctrl Pts',(-18.8165313057741,-28.608889710556,4.42666666666667));
#2398=CARTESIAN_POINT('Ctrl Pts',(-18.8165313057741,-28.608889710556,3.41));
#2399=CARTESIAN_POINT('Ctrl Pts',(-18.8165313057741,-28.608889710556,2.485));
#2400=CARTESIAN_POINT('Ctrl Pts',(-18.8165313057741,-28.608889710556,1.56));
#2401=CARTESIAN_POINT('Ctrl Pts',(-28.223924238296,-25.7283228423251,1.56));
#2402=CARTESIAN_POINT('Ctrl Pts',(-28.223924238296,-25.7283228423251,7.11));
#2403=CARTESIAN_POINT('Ctrl Pts',(-28.1381026112595,-25.7611699839201,1.56));
#2404=CARTESIAN_POINT('Ctrl Pts',(-28.1381026112595,-25.7611699839201,7.11));
#2405=CARTESIAN_POINT('Ctrl Pts',(-28.0522809842229,-25.7940171255152,1.56));
#2406=CARTESIAN_POINT('Ctrl Pts',(-28.0522809842229,-25.7940171255152,7.11));
#2407=CARTESIAN_POINT('Ctrl Pts',(-27.9664593571864,-25.8268642671102,1.56));
#2408=CARTESIAN_POINT('Ctrl Pts',(-27.9664593571864,-25.8268642671102,7.11));
#2409=CARTESIAN_POINT('Ctrl Pts',(-27.8806377301498,-25.8597114087052,1.56));
#2410=CARTESIAN_POINT('Ctrl Pts',(-27.8806377301498,-25.8597114087052,7.11));
#2411=CARTESIAN_POINT('Ctrl Pts',(-27.7948161031133,-25.8925585503002,1.56));
#2412=CARTESIAN_POINT('Ctrl Pts',(-27.7948161031133,-25.8925585503002,7.11));
#2413=CARTESIAN_POINT('Ctrl Pts',(-27.3432016819749,-26.0654082543867,1.56));
#2414=CARTESIAN_POINT('Ctrl Pts',(-27.3432016819749,-26.0654082543867,7.11));
#2415=CARTESIAN_POINT('Ctrl Pts',(-26.4661418847281,-26.3943956136026,1.56));
#2416=CARTESIAN_POINT('Ctrl Pts',(-26.4661418847281,-26.3943956136026,7.11));
#2417=CARTESIAN_POINT('Ctrl Pts',(-25.2289861841896,-26.8377843365916,1.56));
#2418=CARTESIAN_POINT('Ctrl Pts',(-25.2289861841896,-26.8377843365916,7.11));
#2419=CARTESIAN_POINT('Ctrl Pts',(-23.712496180824,-27.3415050912974,1.56));
#2420=CARTESIAN_POINT('Ctrl Pts',(-23.712496180824,-27.3415050912974,7.11));
#2421=CARTESIAN_POINT('Ctrl Pts',(-21.9490833989697,-27.8663383526382,1.56));
#2422=CARTESIAN_POINT('Ctrl Pts',(-21.9490833989697,-27.8663383526382,7.11));
#2423=CARTESIAN_POINT('Ctrl Pts',(-20.5805700789212,-28.223316993016,1.56));
#2424=CARTESIAN_POINT('Ctrl Pts',(-20.5805700789212,-28.223316993016,7.11));
#2425=CARTESIAN_POINT('Ctrl Pts',(-19.5531501979889,-28.4587197216617,1.56));
#2426=CARTESIAN_POINT('Ctrl Pts',(-19.5531501979889,-28.4587197216617,7.11));
#2427=CARTESIAN_POINT('Ctrl Pts',(-18.8647030106233,-28.6006680653896,1.56));
#2428=CARTESIAN_POINT('Ctrl Pts',(-18.8647030106233,-28.6006680653896,7.11));
#2429=CARTESIAN_POINT('Ctrl Pts',(-18.519602,-28.667893,1.56));
#2430=CARTESIAN_POINT('Ctrl Pts',(-18.519602,-28.667893,7.11));
#2431=CARTESIAN_POINT('Origin',(0.189894134568613,-10.1806785,5.61));
#2432=CARTESIAN_POINT('Origin',(-26.199913,-3.829624,3.795));
#2433=CARTESIAN_POINT('',(-22.2533387180361,3.04366776047689,3.795));
#2434=CARTESIAN_POINT('',(-19.6854126889119,7.15320845290716,3.795));
#2435=CARTESIAN_POINT('',(-18.3483491900035,0.612389729651899,3.795));
#2436=CARTESIAN_POINT('',(-3.07286070216054,-8.89825282239697,3.795));
#2437=CARTESIAN_POINT('',(-19.4058177902263,-1.07991378466113,3.795));
#2438=CARTESIAN_POINT('',(-16.3111416038473,3.87260337260168,3.795));
#2439=CARTESIAN_POINT('',(-14.9126102026517,-3.88758149790322,3.795));
#2440=CARTESIAN_POINT('Origin',(-22.2533387180361,3.04366776047689,1.56));
#2441=CARTESIAN_POINT('',(-22.2533387180361,3.04366776047688,1.56));
#2442=CARTESIAN_POINT('Origin',(-19.4058177902263,-1.07991378466113,1.56));
#2443=CARTESIAN_POINT('',(-18.3483491900035,0.612389729651898,1.56));
#2444=CARTESIAN_POINT('',(-19.4058177902263,-1.07991378466113,1.56));
#2445=CARTESIAN_POINT('Origin',(-23.3068390325457,1.35771483081181,1.56));
#2446=CARTESIAN_POINT('Origin',(18.7477597902267,-1.49935478466213,1.56));
#2447=CARTESIAN_POINT('',(22.6487810325461,0.938273830810816,3.795));
#2448=CARTESIAN_POINT('',(18.7477597902267,-1.49935478466213,3.795));
#2449=CARTESIAN_POINT('',(12.3982893498861,-5.46694426368562,3.795));
#2450=CARTESIAN_POINT('',(22.6487810325461,0.938273830810816,1.56));
#2451=CARTESIAN_POINT('',(18.7477597902267,-1.49935478466213,1.56));
#2452=CARTESIAN_POINT('Origin',(17.7922811612775,0.029730657005861,1.56));
#2453=CARTESIAN_POINT('',(15.0810965209794,4.36853305148012,3.795));
#2454=CARTESIAN_POINT('Origin',(22.6487810325461,0.938273830810816,1.56));
#2455=CARTESIAN_POINT('',(19.4598570777734,6.04161894611908,3.795));
#2456=CARTESIAN_POINT('Origin',(-0.329028999999794,0.772156487907378,3.795));
#2457=CARTESIAN_POINT('Origin',(-0.711267400600193,-10.3685998926284,1.56));
#2458=CARTESIAN_POINT('',(-0.638465410297928,-10.413927,1.56));
#2459=CARTESIAN_POINT('Origin',(4.150086,-18.06781,1.56));
#2460=CARTESIAN_POINT('',(6.11523902864426,-18.5398746077027,2.595));
#2461=CARTESIAN_POINT('Origin',(-3.19388733710305,-22.4782970034471,1.56));
#2462=CARTESIAN_POINT('',(3.21424772091556,-22.4782970034471,2.595));
#2463=CARTESIAN_POINT('Origin',(9.62238277893416,-12.5928014801488,2.595));
#2464=CARTESIAN_POINT('Origin',(9.62238277893416,-12.5928014801488,2.595));
#2465=CARTESIAN_POINT('Ctrl Pts',(18.553259,-28.742427,1.56));
#2466=CARTESIAN_POINT('Ctrl Pts',(18.553259,-28.742427,7.11));
#2467=CARTESIAN_POINT('Ctrl Pts',(18.9469647328891,-28.6608997739525,1.56));
#2468=CARTESIAN_POINT('Ctrl Pts',(18.9469647328891,-28.6608997739525,7.11));
#2469=CARTESIAN_POINT('Ctrl Pts',(19.7228784608957,-28.493703475649,1.56));
#2470=CARTESIAN_POINT('Ctrl Pts',(19.7228784608957,-28.493703475649,7.11));
#2471=CARTESIAN_POINT('Ctrl Pts',(20.8522953493281,-28.230489605661,1.56));
#2472=CARTESIAN_POINT('Ctrl Pts',(20.8522953493281,-28.230489605661,7.11));
#2473=CARTESIAN_POINT('Ctrl Pts',(22.3061223217712,-27.8537444428169,1.56));
#2474=CARTESIAN_POINT('Ctrl Pts',(22.3061223217712,-27.8537444428169,7.11));
#2475=CARTESIAN_POINT('Ctrl Pts',(24.1175878580294,-27.3231942666795,1.56));
#2476=CARTESIAN_POINT('Ctrl Pts',(24.1175878580294,-27.3231942666795,7.11));
#2477=CARTESIAN_POINT('Ctrl Pts',(25.6402934543906,-26.8238991625603,1.56));
#2478=CARTESIAN_POINT('Ctrl Pts',(25.6402934543906,-26.8238991625603,7.11));
#2479=CARTESIAN_POINT('Ctrl Pts',(26.8673359573253,-26.3869882492283,1.56));
#2480=CARTESIAN_POINT('Ctrl Pts',(26.8673359573253,-26.3869882492283,7.11));
#2481=CARTESIAN_POINT('Ctrl Pts',(27.7310430912323,-26.063588529234,1.56));
#2482=CARTESIAN_POINT('Ctrl Pts',(27.7310430912323,-26.063588529234,7.11));
#2483=CARTESIAN_POINT('Ctrl Pts',(28.1743275616675,-25.8938500261733,1.56));
#2484=CARTESIAN_POINT('Ctrl Pts',(28.1743275616675,-25.8938500261733,7.11));
#2485=CARTESIAN_POINT('Ctrl Pts',(28.2601077238646,-25.8610038578666,1.56));
#2486=CARTESIAN_POINT('Ctrl Pts',(28.2601077238646,-25.8610038578666,7.11));
#2487=CARTESIAN_POINT('Ctrl Pts',(28.3458878860617,-25.8281576895599,1.56));
#2488=CARTESIAN_POINT('Ctrl Pts',(28.3458878860617,-25.8281576895599,7.11));
#2489=CARTESIAN_POINT('Ctrl Pts',(28.4316680482588,-25.7953115212533,1.56));
#2490=CARTESIAN_POINT('Ctrl Pts',(28.4316680482588,-25.7953115212533,7.11));
#2491=CARTESIAN_POINT('Ctrl Pts',(28.517448210456,-25.7624653529466,1.56));
#2492=CARTESIAN_POINT('Ctrl Pts',(28.517448210456,-25.7624653529466,7.11));
#2493=CARTESIAN_POINT('Ctrl Pts',(28.6032283726531,-25.72961918464,1.56));
#2494=CARTESIAN_POINT('Ctrl Pts',(28.6032283726531,-25.72961918464,7.11));
#2495=CARTESIAN_POINT('Ctrl Pts',(27.8547936941949,-26.0154309571372,4.61));
#2496=CARTESIAN_POINT('Ctrl Pts',(27.8547936941949,-26.0154309571372,3.59333333333333));
#2497=CARTESIAN_POINT('Ctrl Pts',(27.8547936941949,-26.0154309571372,2.57666666666667));
#2498=CARTESIAN_POINT('Ctrl Pts',(27.8547936941949,-26.0154309571372,1.56));
#2499=CARTESIAN_POINT('Origin',(0.932474,-10.413927,1.56));
#2500=CARTESIAN_POINT('Ctrl Pts',(27.8205459387444,-26.2636296439015,1.56));
#2501=CARTESIAN_POINT('Ctrl Pts',(27.8205459387444,-26.2636296439015,5.61));
#2502=CARTESIAN_POINT('Ctrl Pts',(27.8395033050251,-26.1265553865988,1.56));
#2503=CARTESIAN_POINT('Ctrl Pts',(27.8395033050251,-26.1265553865988,5.61));
#2504=CARTESIAN_POINT('Ctrl Pts',(27.8583595175506,-25.9896972145572,1.56));
#2505=CARTESIAN_POINT('Ctrl Pts',(27.8583595175506,-25.9896972145572,5.61));
#2506=CARTESIAN_POINT('Ctrl Pts',(27.8771140574495,-25.8530562409785,1.56));
#2507=CARTESIAN_POINT('Ctrl Pts',(27.8771140574495,-25.8530562409785,5.61));
#2508=CARTESIAN_POINT('Ctrl Pts',(29.0114791823886,-17.5883504203945,1.56));
#2509=CARTESIAN_POINT('Ctrl Pts',(29.0114791823886,-17.5883504203945,5.61));
#2510=CARTESIAN_POINT('Ctrl Pts',(29.7523480227825,-10.1643590241405,1.56));
#2511=CARTESIAN_POINT('Ctrl Pts',(29.7523480227825,-10.1643590241405,5.61));
#2512=CARTESIAN_POINT('Ctrl Pts',(30.1042954237399,-3.57134980181482,1.56));
#2513=CARTESIAN_POINT('Ctrl Pts',(30.1042954237399,-3.57134980181482,5.61));
#2514=CARTESIAN_POINT('Ctrl Pts',(30.3342251828323,0.735910368483557,1.56));
#2515=CARTESIAN_POINT('Ctrl Pts',(30.3342251828323,0.735910368483557,5.61));
#2516=CARTESIAN_POINT('Ctrl Pts',(30.4072385128029,4.70797369281508,1.56));
#2517=CARTESIAN_POINT('Ctrl Pts',(30.4072385128029,4.70797369281508,5.61));
#2518=CARTESIAN_POINT('Ctrl Pts',(30.338208128545,8.37542426671027,1.56));
#2519=CARTESIAN_POINT('Ctrl Pts',(30.338208128545,8.37542426671027,5.61));
#2520=CARTESIAN_POINT('',(0.,0.,0.));
#2521=UNCERTAINTY_MEASURE_WITH_UNIT(LENGTH_MEASURE(0.01),#2527,
'DISTANCE_ACCURACY_VALUE',
'Maximum model space distance between geometric entities at asserted c
onnectivities');
#2522=UNCERTAINTY_MEASURE_WITH_UNIT(LENGTH_MEASURE(0.01),#2527,
'DISTANCE_ACCURACY_VALUE',
'Maximum model space distance between geometric entities at asserted c
onnectivities');
#2523=UNCERTAINTY_MEASURE_WITH_UNIT(LENGTH_MEASURE(0.01),#2527,
'DISTANCE_ACCURACY_VALUE',
'Maximum model space distance between geometric entities at asserted c
onnectivities');
#2524=(
GEOMETRIC_REPRESENTATION_CONTEXT(3)
GLOBAL_UNCERTAINTY_ASSIGNED_CONTEXT((#2521))
GLOBAL_UNIT_ASSIGNED_CONTEXT((#2527,#2529,#2530))
REPRESENTATION_CONTEXT('','3D')
);
#2525=(
GEOMETRIC_REPRESENTATION_CONTEXT(3)
GLOBAL_UNCERTAINTY_ASSIGNED_CONTEXT((#2522))
GLOBAL_UNIT_ASSIGNED_CONTEXT((#2527,#2529,#2530))
REPRESENTATION_CONTEXT('','3D')
);
#2526=(
GEOMETRIC_REPRESENTATION_CONTEXT(3)
GLOBAL_UNCERTAINTY_ASSIGNED_CONTEXT((#2523))
GLOBAL_UNIT_ASSIGNED_CONTEXT((#2527,#2529,#2530))
REPRESENTATION_CONTEXT('','3D')
);
#2527=(
LENGTH_UNIT()
NAMED_UNIT(*)
SI_UNIT(.MILLI.,.METRE.)
);
#2528=(
LENGTH_UNIT()
NAMED_UNIT(*)
SI_UNIT($,.METRE.)
);
#2529=(
NAMED_UNIT(*)
PLANE_ANGLE_UNIT()
SI_UNIT($,.RADIAN.)
);
#2530=(
NAMED_UNIT(*)
SI_UNIT($,.STERADIAN.)
SOLID_ANGLE_UNIT()
);
#2531=SHAPE_DEFINITION_REPRESENTATION(#2533,#2536);
#2532=SHAPE_DEFINITION_REPRESENTATION(#2534,#2537);
#2533=PRODUCT_DEFINITION_SHAPE('',$,#2539);
#2534=PRODUCT_DEFINITION_SHAPE('',$,#2540);
#2535=PRODUCT_DEFINITION_SHAPE($,$,#14);
#2536=SHAPE_REPRESENTATION('',(#1337,#1450),#2524);
#2537=SHAPE_REPRESENTATION('',(#1338),#2525);
#2538=PRODUCT_DEFINITION_CONTEXT('part definition',#2546,'design');
#2539=PRODUCT_DEFINITION('Proto-Pulse-Shell-20X6',
'Proto-Pulse-Shell-20X6 v35',#2541,#2538);
#2540=PRODUCT_DEFINITION('Visor','Visor',#2542,#2538);
#2541=PRODUCT_DEFINITION_FORMATION('',$,#2548);
#2542=PRODUCT_DEFINITION_FORMATION('',$,#2549);
#2543=PRODUCT_RELATED_PRODUCT_CATEGORY('Proto-Pulse-Shell-20X6 v35',
'Proto-Pulse-Shell-20X6 v35',(#2548));
#2544=PRODUCT_RELATED_PRODUCT_CATEGORY('Visor','Visor',(#2549));
#2545=APPLICATION_PROTOCOL_DEFINITION('international standard',
'automotive_design',2009,#2546);
#2546=APPLICATION_CONTEXT(
'Core Data for Automotive Mechanical Design Process');
#2547=PRODUCT_CONTEXT('part definition',#2546,'mechanical');
#2548=PRODUCT('Proto-Pulse-Shell-20X6','Proto-Pulse-Shell-20X6 v35',$,(#2547));
#2549=PRODUCT('Visor','Visor',$,(#2547));
#2550=PRESENTATION_STYLE_ASSIGNMENT((#2553));
#2551=PRESENTATION_STYLE_ASSIGNMENT((#2554));
#2552=PRESENTATION_STYLE_ASSIGNMENT((#2555));
#2553=SURFACE_STYLE_USAGE(.BOTH.,#2556);
#2554=SURFACE_STYLE_USAGE(.BOTH.,#2557);
#2555=SURFACE_STYLE_USAGE(.BOTH.,#2558);
#2556=SURFACE_SIDE_STYLE('',(#2559));
#2557=SURFACE_SIDE_STYLE('',(#2560));
#2558=SURFACE_SIDE_STYLE('',(#2561));
#2559=SURFACE_STYLE_FILL_AREA(#2562);
#2560=SURFACE_STYLE_FILL_AREA(#2563);
#2561=SURFACE_STYLE_FILL_AREA(#2564);
#2562=FILL_AREA_STYLE('Steel - Satin',(#2565));
#2563=FILL_AREA_STYLE('Acrylic (Clear)',(#2566));
#2564=FILL_AREA_STYLE('Polycarbonate (Clear) (1)',(#2567));
#2565=FILL_AREA_STYLE_COLOUR('Steel - Satin',#2568);
#2566=FILL_AREA_STYLE_COLOUR('Acrylic (Clear)',#2569);
#2567=FILL_AREA_STYLE_COLOUR('Polycarbonate (Clear) (1)',#2570);
#2568=COLOUR_RGB('Steel - Satin',0.627450980392157,0.627450980392157,0.627450980392157);
#2569=COLOUR_RGB('Acrylic (Clear)',0.964705882352941,0.964705882352941,
0.952941176470588);
#2570=COLOUR_RGB('Polycarbonate (Clear) (1)',0.427450980392157,0.427450980392157,
0.427450980392157);
ENDSEC;
END-ISO-10303-21;
