ISO-10303-21;
HEADER;
/* Generated by software containing ST-Developer
 * from STEP Tools, Inc. (www.steptools.com) 
 */

FILE_DESCRIPTION(
/* description */ (''),
/* implementation_level */ '2;1');

FILE_NAME(
/* name */ 'Wub-Tank-Proto.step',
/* time_stamp */ '2025-12-23T13:33:53-05:00',
/* author */ (''),
/* organization */ (''),
/* preprocessor_version */ 'ST-DEVELOPER v20.1',
/* originating_system */ 'Autodesk Translation Framework v14.21.0.0',
/* authorisation */ '');

FILE_SCHEMA (('AUTOMOTIVE_DESIGN { 1 0 10303 214 3 1 1 }'));
ENDSEC;

DATA;
#10=MECHANICAL_DESIGN_GEOMETRIC_PRESENTATION_REPRESENTATION('',(#21),#10633);
#11=SHAPE_REPRESENTATION_RELATIONSHIP('SRR','None',#10647,#12);
#12=ADVANCED_BREP_SHAPE_REPRESENTATION('',(#22),#10631);
#13=ITEM_DEFINED_TRANSFORMATION($,$,#3893,#4086);
#14=ITEM_DEFINED_TRANSFORMATION($,$,#3892,#4087);
#15=(
REPRESENTATION_RELATIONSHIP($,$,#10648,#10647)
REPRESENTATION_RELATIONSHIP_WITH_TRANSFORMATION(#13)
SHAPE_REPRESENTATION_RELATIONSHIP()
);
#16=(
REPRESENTATION_RELATIONSHIP($,$,#10647,#10646)
REPRESENTATION_RELATIONSHIP_WITH_TRANSFORMATION(#14)
SHAPE_REPRESENTATION_RELATIONSHIP()
);
#17=CONTEXT_DEPENDENT_SHAPE_REPRESENTATION(#15,#10644);
#18=CONTEXT_DEPENDENT_SHAPE_REPRESENTATION(#16,#10645);
#19=NEXT_ASSEMBLY_USAGE_OCCURRENCE('Cutout:1','Cutout:1','Cutout:1',#10651,
#10652,'Cutout:1');
#20=NEXT_ASSEMBLY_USAGE_OCCURRENCE('Shell:1','Shell:1','Shell:1',#10650,
#10651,'Shell:1');
#21=STYLED_ITEM('',(#10665),#22);
#22=MANIFOLD_SOLID_BREP('Body1',#3878);
#23=CONICAL_SURFACE('',#3939,5.1,0.785398163397449);
#24=CONICAL_SURFACE('',#3957,3.6,0.785398163397449);
#25=CONICAL_SURFACE('',#4000,3.3,0.785398163397448);
#26=CONICAL_SURFACE('',#4059,3.3,0.785398163397448);
#27=FACE_BOUND('',#434,.T.);
#28=FACE_BOUND('',#435,.T.);
#29=FACE_BOUND('',#436,.T.);
#30=FACE_BOUND('',#437,.T.);
#31=FACE_BOUND('',#441,.T.);
#32=FACE_BOUND('',#442,.T.);
#33=FACE_BOUND('',#445,.T.);
#34=FACE_BOUND('',#452,.T.);
#35=B_SPLINE_SURFACE_WITH_KNOTS('',3,1,((#4828,#4829),(#4830,#4831),(#4832,
#4833),(#4834,#4835),(#4836,#4837),(#4838,#4839),(#4840,#4841),(#4842,#4843),
(#4844,#4845),(#4846,#4847),(#4848,#4849),(#4850,#4851),(#4852,#4853)),
 .UNSPECIFIED.,.F.,.F.,.F.,(4,3,3,3,4),(2,2),(0.,0.430430456764582,0.90820200021915,
1.,1.14857638245579),(-1.75,0.161),.UNSPECIFIED.);
#36=B_SPLINE_SURFACE_WITH_KNOTS('',3,3,((#4971,#4972,#4973,#4974,#4975,
#4976,#4977,#4978,#4979,#4980,#4981,#4982),(#4983,#4984,#4985,#4986,#4987,
#4988,#4989,#4990,#4991,#4992,#4993,#4994),(#4995,#4996,#4997,#4998,#4999,
#5000,#5001,#5002,#5003,#5004,#5005,#5006),(#5007,#5008,#5009,#5010,#5011,
#5012,#5013,#5014,#5015,#5016,#5017,#5018)),.UNSPECIFIED.,.F.,.F.,.F.,(4,
4),(4,3,1,1,1,1,1,4),(0.,1.),(-0.00998063104086715,-3.12250225675825E-17,
0.142857142857143,0.285714285714286,0.571428571428571,0.714285714285714,
0.857142857142857,1.),.UNSPECIFIED.);
#37=B_SPLINE_SURFACE_WITH_KNOTS('',3,3,((#5111,#5112,#5113,#5114,#5115,
#5116,#5117,#5118,#5119,#5120,#5121,#5122,#5123,#5124,#5125,#5126),(#5127,
#5128,#5129,#5130,#5131,#5132,#5133,#5134,#5135,#5136,#5137,#5138,#5139,
#5140,#5141,#5142),(#5143,#5144,#5145,#5146,#5147,#5148,#5149,#5150,#5151,
#5152,#5153,#5154,#5155,#5156,#5157,#5158),(#5159,#5160,#5161,#5162,#5163,
#5164,#5165,#5166,#5167,#5168,#5169,#5170,#5171,#5172,#5173,#5174)),
 .UNSPECIFIED.,.F.,.F.,.F.,(4,4),(4,3,1,1,1,1,1,1,3,4),(0.,1.),(-0.0063743282521555,
0.,0.142857142857143,0.285714285714286,0.428571428571429,0.571428571428571,
0.714285714285714,0.857142857142857,1.,1.00397677194915),.UNSPECIFIED.);
#38=B_SPLINE_SURFACE_WITH_KNOTS('',3,3,((#5261,#5262,#5263,#5264,#5265,
#5266,#5267,#5268,#5269,#5270),(#5271,#5272,#5273,#5274,#5275,#5276,#5277,
#5278,#5279,#5280),(#5281,#5282,#5283,#5284,#5285,#5286,#5287,#5288,#5289,
#5290),(#5291,#5292,#5293,#5294,#5295,#5296,#5297,#5298,#5299,#5300)),
 .UNSPECIFIED.,.F.,.F.,.F.,(4,4),(4,3,1,1,1,4),(0.,1.),(-0.0346231310399847,
-4.3441398180243E-15,0.131918367748039,0.395755103244125,0.659591838740212,
0.923428574236298),.UNSPECIFIED.);
#39=B_SPLINE_SURFACE_WITH_KNOTS('',3,3,((#5329,#5330,#5331,#5332,#5333,
#5334,#5335,#5336),(#5337,#5338,#5339,#5340,#5341,#5342,#5343,#5344),(#5345,
#5346,#5347,#5348,#5349,#5350,#5351,#5352),(#5353,#5354,#5355,#5356,#5357,
#5358,#5359,#5360)),.UNSPECIFIED.,.F.,.F.,.F.,(4,4),(4,1,1,1,1,4),(0.,1.),
(0.023611069405951,0.163095202347958,0.442063468231972,0.721031734115986,
0.860515867057993,1.),.UNSPECIFIED.);
#40=B_SPLINE_SURFACE_WITH_KNOTS('',3,3,((#5389,#5390,#5391,#5392,#5393,
#5394),(#5395,#5396,#5397,#5398,#5399,#5400),(#5401,#5402,#5403,#5404,#5405,
#5406),(#5407,#5408,#5409,#5410,#5411,#5412)),.UNSPECIFIED.,.F.,.F.,.F.,
(4,4),(4,2,4),(0.,1.),(0.,0.11719334201608,0.273598139064673),
 .UNSPECIFIED.);
#41=B_SPLINE_SURFACE_WITH_KNOTS('',3,3,((#5428,#5429,#5430,#5431,#5432,
#5433,#5434,#5435,#5436,#5437,#5438,#5439),(#5440,#5441,#5442,#5443,#5444,
#5445,#5446,#5447,#5448,#5449,#5450,#5451),(#5452,#5453,#5454,#5455,#5456,
#5457,#5458,#5459,#5460,#5461,#5462,#5463),(#5464,#5465,#5466,#5467,#5468,
#5469,#5470,#5471,#5472,#5473,#5474,#5475)),.UNSPECIFIED.,.F.,.F.,.F.,(4,
4),(4,1,1,1,1,1,3,4),(0.,1.),(-1.47959692657557E-15,0.142857142857142,0.428571428571428,
0.571428571428571,0.714285714285714,0.857142857142857,1.,1.00895715604912),
 .UNSPECIFIED.);
#42=B_SPLINE_SURFACE_WITH_KNOTS('',3,3,((#5520,#5521,#5522,#5523,#5524,
#5525,#5526,#5527,#5528,#5529,#5530,#5531,#5532,#5533,#5534,#5535,#5536,
#5537,#5538),(#5539,#5540,#5541,#5542,#5543,#5544,#5545,#5546,#5547,#5548,
#5549,#5550,#5551,#5552,#5553,#5554,#5555,#5556,#5557),(#5558,#5559,#5560,
#5561,#5562,#5563,#5564,#5565,#5566,#5567,#5568,#5569,#5570,#5571,#5572,
#5573,#5574,#5575,#5576),(#5577,#5578,#5579,#5580,#5581,#5582,#5583,#5584,
#5585,#5586,#5587,#5588,#5589,#5590,#5591,#5592,#5593,#5594,#5595)),
 .UNSPECIFIED.,.F.,.F.,.F.,(4,4),(4,3,1,1,1,1,1,1,1,1,1,3,4),(0.,1.),(-0.00468528541314639,
0.,0.142857142857143,0.214285714285714,0.285714285714286,0.357142857142857,
0.428571428571429,0.571428571428571,0.642857142857143,0.714285714285714,
0.857142857142857,1.,1.00351856687042),.UNSPECIFIED.);
#43=B_SPLINE_SURFACE_WITH_KNOTS('',3,3,((#5654,#5655,#5656,#5657,#5658,
#5659,#5660,#5661,#5662),(#5663,#5664,#5665,#5666,#5667,#5668,#5669,#5670,
#5671),(#5672,#5673,#5674,#5675,#5676,#5677,#5678,#5679,#5680),(#5681,#5682,
#5683,#5684,#5685,#5686,#5687,#5688,#5689)),.UNSPECIFIED.,.F.,.F.,.F.,(4,
4),(4,1,1,3,4),(0.,1.),(0.0782047346317519,0.473259848361001,0.736629924180501,
1.,1.0338623140596),.UNSPECIFIED.);
#44=B_SPLINE_SURFACE_WITH_KNOTS('',3,3,((#5708,#5709,#5710,#5711,#5712,
#5713,#5714,#5715),(#5716,#5717,#5718,#5719,#5720,#5721,#5722,#5723),(#5724,
#5725,#5726,#5727,#5728,#5729,#5730,#5731),(#5732,#5733,#5734,#5735,#5736,
#5737,#5738,#5739)),.UNSPECIFIED.,.F.,.F.,.F.,(4,4),(4,2,2,4),(0.,1.),(0.,
0.117193342016081,0.195395623782937,0.273597905549792),.UNSPECIFIED.);
#45=B_SPLINE_SURFACE_WITH_KNOTS('',3,3,((#5759,#5760,#5761,#5762,#5763,
#5764,#5765,#5766),(#5767,#5768,#5769,#5770,#5771,#5772,#5773,#5774),(#5775,
#5776,#5777,#5778,#5779,#5780,#5781,#5782),(#5783,#5784,#5785,#5786,#5787,
#5788,#5789,#5790)),.UNSPECIFIED.,.F.,.F.,.F.,(4,4),(4,1,1,1,1,4),(0.,1.),
(-2.04387946541165E-15,0.139863733742299,0.279727467484601,0.559454934969204,
0.699318668711505,0.979046136196108),.UNSPECIFIED.);
#46=B_SPLINE_SURFACE_WITH_KNOTS('',3,1,((#5871,#5872),(#5873,#5874),(#5875,
#5876),(#5877,#5878),(#5879,#5880),(#5881,#5882),(#5883,#5884),(#5885,#5886),
(#5887,#5888),(#5889,#5890),(#5891,#5892),(#5893,#5894),(#5895,#5896)),
 .UNSPECIFIED.,.F.,.F.,.F.,(4,3,3,3,4),(2,2),(0.,0.447862391760419,0.849474990098705,
1.,1.07596789600458),(-1.,0.161),.UNSPECIFIED.);
#47=B_SPLINE_SURFACE_WITH_KNOTS('',3,1,((#6057,#6058),(#6059,#6060),(#6061,
#6062),(#6063,#6064),(#6065,#6066),(#6067,#6068),(#6069,#6070),(#6071,#6072),
(#6073,#6074),(#6075,#6076),(#6077,#6078),(#6079,#6080),(#6081,#6082),(#6083,
#6084),(#6085,#6086),(#6087,#6088),(#6089,#6090),(#6091,#6092),(#6093,#6094)),
 .UNSPECIFIED.,.F.,.F.,.F.,(4,3,3,3,3,3,4),(2,2),(-0.0248547858711312,0.,
0.286203954305918,0.643101977152959,0.950554988081907,1.,1.06781494201681),
(-1.,0.161),.UNSPECIFIED.);
#48=B_SPLINE_SURFACE_WITH_KNOTS('',3,3,((#6112,#6113,#6114,#6115),(#6116,
#6117,#6118,#6119),(#6120,#6121,#6122,#6123),(#6124,#6125,#6126,#6127)),
 .UNSPECIFIED.,.F.,.F.,.F.,(4,4),(4,4),(0.,1.),(0.1,1.061),
 .UNSPECIFIED.);
#49=B_SPLINE_SURFACE_WITH_KNOTS('',3,1,((#6139,#6140),(#6141,#6142),(#6143,
#6144),(#6145,#6146),(#6147,#6148),(#6149,#6150),(#6151,#6152),(#6153,#6154),
(#6155,#6156),(#6157,#6158),(#6159,#6160),(#6161,#6162),(#6163,#6164)),
 .UNSPECIFIED.,.F.,.F.,.F.,(4,3,3,3,4),(2,2),(-0.0890389457720187,0.,0.295084235592132,
0.724837447618041,1.),(-1.,0.161),.UNSPECIFIED.);
#50=B_SPLINE_SURFACE_WITH_KNOTS('',3,1,((#6195,#6196),(#6197,#6198),(#6199,
#6200),(#6201,#6202),(#6203,#6204),(#6205,#6206),(#6207,#6208),(#6209,#6210),
(#6211,#6212),(#6213,#6214),(#6215,#6216),(#6217,#6218),(#6219,#6220),(#6221,
#6222),(#6223,#6224),(#6225,#6226),(#6227,#6228),(#6229,#6230),(#6231,#6232),
(#6233,#6234),(#6235,#6236),(#6237,#6238),(#6239,#6240),(#6241,#6242),(#6243,
#6244)),.UNSPECIFIED.,.F.,.F.,.F.,(4,3,3,3,3,3,3,3,4),(2,2),(-0.0107185659330359,
0.,0.189439085138842,0.347192639480809,0.523602758481503,0.669256385975567,
0.86068750083998,1.,1.01),(-1.,0.161),.UNSPECIFIED.);
#51=B_SPLINE_SURFACE_WITH_KNOTS('',3,1,((#6305,#6306),(#6307,#6308),(#6309,
#6310),(#6311,#6312),(#6313,#6314),(#6315,#6316),(#6317,#6318),(#6319,#6320),
(#6321,#6322),(#6323,#6324),(#6325,#6326),(#6327,#6328),(#6329,#6330)),
 .UNSPECIFIED.,.F.,.F.,.F.,(4,3,3,3,4),(2,2),(0.,0.303335213153179,0.742752176944387,
1.,1.07799982782686),(-1.,0.161),.UNSPECIFIED.);
#52=B_SPLINE_SURFACE_WITH_KNOTS('',3,3,((#6569,#6570,#6571,#6572),(#6573,
#6574,#6575,#6576),(#6577,#6578,#6579,#6580),(#6581,#6582,#6583,#6584)),
 .UNSPECIFIED.,.F.,.F.,.F.,(4,4),(4,4),(0.,1.),(-1.2143064331838E-17,0.161000000000001),
 .UNSPECIFIED.);
#53=B_SPLINE_SURFACE_WITH_KNOTS('',3,1,((#6605,#6606),(#6607,#6608),(#6609,
#6610),(#6611,#6612),(#6613,#6614),(#6615,#6616),(#6617,#6618),(#6619,#6620),
(#6621,#6622),(#6623,#6624),(#6625,#6626),(#6627,#6628),(#6629,#6630),(#6631,
#6632),(#6633,#6634),(#6635,#6636),(#6637,#6638),(#6639,#6640),(#6641,#6642)),
 .UNSPECIFIED.,.F.,.F.,.F.,(4,3,3,3,3,3,4),(2,2),(-0.01,0.,0.285884842014192,
0.642942421007096,0.950769414450995,1.,1.01151862278402),(0.,2.661),
 .UNSPECIFIED.);
#54=B_SPLINE_SURFACE_WITH_KNOTS('',3,3,((#6681,#6682,#6683,#6684),(#6685,
#6686,#6687,#6688),(#6689,#6690,#6691,#6692),(#6693,#6694,#6695,#6696)),
 .UNSPECIFIED.,.F.,.F.,.F.,(4,4),(4,4),(0.,1.),(-6.76542155630955E-17,0.161),
 .UNSPECIFIED.);
#55=B_SPLINE_SURFACE_WITH_KNOTS('',3,1,((#6717,#6718),(#6719,#6720),(#6721,
#6722),(#6723,#6724),(#6725,#6726),(#6727,#6728),(#6729,#6730),(#6731,#6732),
(#6733,#6734),(#6735,#6736),(#6737,#6738),(#6739,#6740),(#6741,#6742),(#6743,
#6744),(#6745,#6746),(#6747,#6748)),.UNSPECIFIED.,.F.,.F.,.F.,(4,3,3,3,
3,4),(2,2),(0.,0.294474097931246,0.670892988158862,0.962282589734496,1.,
1.01318244703822),(0.,2.661),.UNSPECIFIED.);
#56=B_SPLINE_SURFACE_WITH_KNOTS('',3,1,((#6790,#6791),(#6792,#6793),(#6794,
#6795),(#6796,#6797),(#6798,#6799),(#6800,#6801),(#6802,#6803),(#6804,#6805),
(#6806,#6807),(#6808,#6809),(#6810,#6811),(#6812,#6813),(#6814,#6815)),
 .UNSPECIFIED.,.F.,.F.,.F.,(4,3,3,3,4),(2,2),(0.,0.251943001735936,0.625971500867968,
0.886050336385833,1.),(-1.75,0.161),.UNSPECIFIED.);
#57=B_SPLINE_SURFACE_WITH_KNOTS('',3,1,((#6848,#6849),(#6850,#6851),(#6852,
#6853),(#6854,#6855),(#6856,#6857),(#6858,#6859),(#6860,#6861),(#6862,#6863),
(#6864,#6865),(#6866,#6867),(#6868,#6869),(#6870,#6871),(#6872,#6873),(#6874,
#6875),(#6876,#6877),(#6878,#6879)),.UNSPECIFIED.,.F.,.F.,.F.,(4,3,3,3,
3,4),(2,2),(-0.0444594756550348,0.,0.284581844766946,0.642290922383473,
0.931377430240119,1.),(-1.75,0.161),.UNSPECIFIED.);
#58=B_SPLINE_SURFACE_WITH_KNOTS('',3,1,((#6907,#6908),(#6909,#6910),(#6911,
#6912),(#6913,#6914),(#6915,#6916),(#6917,#6918),(#6919,#6920),(#6921,#6922),
(#6923,#6924),(#6925,#6926),(#6927,#6928),(#6929,#6930),(#6931,#6932),(#6933,
#6934),(#6935,#6936),(#6937,#6938),(#6939,#6940),(#6941,#6942),(#6943,#6944),
(#6945,#6946),(#6947,#6948),(#6949,#6950)),.UNSPECIFIED.,.F.,.F.,.F.,(4,
3,3,3,3,3,3,4),(2,2),(0.,0.158488313819519,0.34179128621617,0.467512241437612,
0.604697146831598,0.776233577476528,0.957215132368163,1.),(-1.75,0.161),
 .UNSPECIFIED.);
#59=B_SPLINE_SURFACE_WITH_KNOTS('',3,1,((#6982,#6983),(#6984,#6985),(#6986,
#6987),(#6988,#6989),(#6990,#6991),(#6992,#6993),(#6994,#6995),(#6996,#6997),
(#6998,#6999),(#7000,#7001),(#7002,#7003),(#7004,#7005),(#7006,#7007),(#7008,
#7009),(#7010,#7011),(#7012,#7013)),.UNSPECIFIED.,.F.,.F.,.F.,(4,3,3,3,
3,4),(2,2),(0.,0.289932596428081,0.648077200630481,0.932902100875127,1.,
1.03955591103805),(-1.75,0.161),.UNSPECIFIED.);
#60=B_SPLINE_SURFACE_WITH_KNOTS('',3,1,((#7030,#7031),(#7032,#7033),(#7034,
#7035),(#7036,#7037),(#7038,#7039),(#7040,#7041),(#7042,#7043),(#7044,#7045),
(#7046,#7047),(#7048,#7049),(#7050,#7051),(#7052,#7053),(#7054,#7055)),
 .UNSPECIFIED.,.F.,.F.,.F.,(4,3,3,3,4),(2,2),(0.,0.285640612834626,0.642820306417313,
0.950918990959108,1.),(-1.75,0.161),.UNSPECIFIED.);
#61=B_SPLINE_SURFACE_WITH_KNOTS('',3,1,((#7074,#7075),(#7076,#7077),(#7078,
#7079),(#7080,#7081),(#7082,#7083),(#7084,#7085),(#7086,#7087),(#7088,#7089),
(#7090,#7091),(#7092,#7093)),.UNSPECIFIED.,.F.,.F.,.F.,(4,3,3,4),(2,2),
(-0.152306770161384,0.,0.487619771564657,1.),(-1.75,0.161),
 .UNSPECIFIED.);
#62=B_SPLINE_SURFACE_WITH_KNOTS('',3,1,((#7140,#7141),(#7142,#7143),(#7144,
#7145),(#7146,#7147),(#7148,#7149),(#7150,#7151),(#7152,#7153),(#7154,#7155),
(#7156,#7157),(#7158,#7159),(#7160,#7161),(#7162,#7163),(#7164,#7165)),
 .UNSPECIFIED.,.F.,.F.,.F.,(4,3,3,3,4),(2,2),(-1.,-0.76569828489044,-0.462043665032209,
-0.183544828816294,0.),(-1.75,0.161),.UNSPECIFIED.);
#63=B_SPLINE_SURFACE_WITH_KNOTS('',3,3,((#7547,#7548,#7549,#7550,#7551,
#7552,#7553,#7554),(#7555,#7556,#7557,#7558,#7559,#7560,#7561,#7562),(#7563,
#7564,#7565,#7566,#7567,#7568,#7569,#7570),(#7571,#7572,#7573,#7574,#7575,
#7576,#7577,#7578)),.UNSPECIFIED.,.F.,.F.,.F.,(4,4),(4,1,1,2,4),(0.,1.),
(-0.178004634322231,0.222725995941627,0.423091311073556,0.823821941337414,
0.838664744222599),.UNSPECIFIED.);
#64=B_SPLINE_SURFACE_WITH_KNOTS('',3,3,((#7624,#7625,#7626,#7627,#7628,
#7629,#7630,#7631,#7632,#7633,#7634,#7635),(#7636,#7637,#7638,#7639,#7640,
#7641,#7642,#7643,#7644,#7645,#7646,#7647),(#7648,#7649,#7650,#7651,#7652,
#7653,#7654,#7655,#7656,#7657,#7658,#7659),(#7660,#7661,#7662,#7663,#7664,
#7665,#7666,#7667,#7668,#7669,#7670,#7671)),.UNSPECIFIED.,.F.,.F.,.F.,(4,
4),(4,1,1,1,1,1,1,1,1,4),(0.,1.),(-0.975983070683826,-0.841568256278621,
-0.707153441873417,-0.639946034670815,-0.572738627468213,-0.438323813063008,
-0.371116405860406,-0.303908998657804,-0.1694941842526,-0.0350793698473952),
 .UNSPECIFIED.);
#65=B_SPLINE_SURFACE_WITH_KNOTS('',3,3,((#7727,#7728,#7729,#7730),(#7731,
#7732,#7733,#7734),(#7735,#7736,#7737,#7738),(#7739,#7740,#7741,#7742)),
 .UNSPECIFIED.,.F.,.F.,.F.,(4,4),(4,4),(0.,1.),(0.41605638928428,0.657677359484375),
 .UNSPECIFIED.);
#66=B_SPLINE_SURFACE_WITH_KNOTS('',3,3,((#7747,#7748,#7749,#7750),(#7751,
#7752,#7753,#7754),(#7755,#7756,#7757,#7758),(#7759,#7760,#7761,#7762)),
 .UNSPECIFIED.,.F.,.F.,.F.,(4,4),(4,4),(-4.96939058737839E-14,1.),(0.164764277247346,
0.41605638928428),.UNSPECIFIED.);
#67=B_SPLINE_SURFACE_WITH_KNOTS('',3,1,((#7767,#7768),(#7769,#7770),(#7771,
#7772),(#7773,#7774),(#7775,#7776),(#7777,#7778),(#7779,#7780),(#7781,#7782),
(#7783,#7784),(#7785,#7786),(#7787,#7788),(#7789,#7790),(#7791,#7792)),
 .UNSPECIFIED.,.F.,.F.,.F.,(4,3,3,3,4),(2,2),(-0.0757921501179147,0.,0.34154337748746,
0.776925514725527,1.),(-1.,0.161),.UNSPECIFIED.);
#68=B_SPLINE_SURFACE_WITH_KNOTS('',3,3,((#7835,#7836,#7837,#7838,#7839,
#7840,#7841,#7842,#7843,#7844,#7845,#7846,#7847),(#7848,#7849,#7850,#7851,
#7852,#7853,#7854,#7855,#7856,#7857,#7858,#7859,#7860),(#7861,#7862,#7863,
#7864,#7865,#7866,#7867,#7868,#7869,#7870,#7871,#7872,#7873),(#7874,#7875,
#7876,#7877,#7878,#7879,#7880,#7881,#7882,#7883,#7884,#7885,#7886)),
 .UNSPECIFIED.,.F.,.F.,.F.,(4,4),(4,3,1,1,1,1,1,1,4),(0.,1.),(-1.00932095664903,
-1.,-0.857142857142857,-0.714285714285714,-0.571428571428571,-0.428571428571427,
-0.285714285714284,-0.142857142857141,2.06875345806264E-15),
 .UNSPECIFIED.);
#69=B_SPLINE_SURFACE_WITH_KNOTS('',3,3,((#7923,#7924,#7925,#7926,#7927,
#7928,#7929,#7930),(#7931,#7932,#7933,#7934,#7935,#7936,#7937,#7938),(#7939,
#7940,#7941,#7942,#7943,#7944,#7945,#7946),(#7947,#7948,#7949,#7950,#7951,
#7952,#7953,#7954)),.UNSPECIFIED.,.F.,.F.,.F.,(4,4),(4,2,2,4),(0.,1.),(4.77808936219226E-15,
0.117193342016081,0.195395740540381,0.273598139064678),.UNSPECIFIED.);
#70=B_SPLINE_SURFACE_WITH_KNOTS('',3,3,((#7973,#7974,#7975,#7976,#7977,
#7978,#7979,#7980,#7981),(#7982,#7983,#7984,#7985,#7986,#7987,#7988,#7989,
#7990),(#7991,#7992,#7993,#7994,#7995,#7996,#7997,#7998,#7999),(#8000,#8001,
#8002,#8003,#8004,#8005,#8006,#8007,#8008)),.UNSPECIFIED.,.F.,.F.,.F.,(4,
4),(4,1,1,1,1,1,4),(0.,1.),(-1.,-0.860515867059552,-0.721031734119104,-0.581547601178655,
-0.302579335297758,-0.16309520235731,-0.0236110694168614),.UNSPECIFIED.);
#71=B_SPLINE_SURFACE_WITH_KNOTS('',3,1,((#8030,#8031),(#8032,#8033),(#8034,
#8035),(#8036,#8037),(#8038,#8039),(#8040,#8041),(#8042,#8043),(#8044,#8045),
(#8046,#8047),(#8048,#8049),(#8050,#8051),(#8052,#8053),(#8054,#8055),(#8056,
#8057),(#8058,#8059),(#8060,#8061),(#8062,#8063),(#8064,#8065),(#8066,#8067)),
 .UNSPECIFIED.,.F.,.F.,.F.,(4,3,3,3,3,3,4),(2,2),(-0.0575462677799627,0.,
0.262109684564115,0.592581814399795,0.858307338181656,1.,1.02236128203714),
(-1.,0.161),.UNSPECIFIED.);
#72=B_SPLINE_SURFACE_WITH_KNOTS('',3,3,((#8081,#8082,#8083,#8084),(#8085,
#8086,#8087,#8088),(#8089,#8090,#8091,#8092),(#8093,#8094,#8095,#8096)),
 .UNSPECIFIED.,.F.,.F.,.F.,(4,4),(4,4),(0.,1.),(0.0999999999999997,1.061),
 .UNSPECIFIED.);
#73=B_SPLINE_SURFACE_WITH_KNOTS('',3,3,((#8109,#8110,#8111,#8112,#8113,
#8114,#8115,#8116),(#8117,#8118,#8119,#8120,#8121,#8122,#8123,#8124),(#8125,
#8126,#8127,#8128,#8129,#8130,#8131,#8132),(#8133,#8134,#8135,#8136,#8137,
#8138,#8139,#8140)),.UNSPECIFIED.,.F.,.F.,.F.,(4,4),(4,1,1,1,1,4),(0.,1.),
(-0.979046136219478,-0.839182402473838,-0.559454934982558,-0.279727467491278,
-0.139863733745638,2.24191658530977E-15),.UNSPECIFIED.);
#74=B_SPLINE_SURFACE_WITH_KNOTS('',3,3,((#8151,#8152,#8153,#8154,#8155,
#8156),(#8157,#8158,#8159,#8160,#8161,#8162),(#8163,#8164,#8165,#8166,#8167,
#8168),(#8169,#8170,#8171,#8172,#8173,#8174)),.UNSPECIFIED.,.F.,.F.,.F.,
(4,4),(4,2,4),(0.,1.),(4.83537161721329E-35,0.195395623782936,0.273597905549791),
 .UNSPECIFIED.);
#75=B_SPLINE_SURFACE_WITH_KNOTS('',3,3,((#8183,#8184,#8185,#8186,#8187,
#8188,#8189,#8190,#8191,#8192,#8193,#8194),(#8195,#8196,#8197,#8198,#8199,
#8200,#8201,#8202,#8203,#8204,#8205,#8206),(#8207,#8208,#8209,#8210,#8211,
#8212,#8213,#8214,#8215,#8216,#8217,#8218),(#8219,#8220,#8221,#8222,#8223,
#8224,#8225,#8226,#8227,#8228,#8229,#8230)),.UNSPECIFIED.,.F.,.F.,.F.,(4,
4),(4,1,1,1,1,1,3,4),(0.,1.),(-1.,-0.714285714285716,-0.571428571428573,
-0.42857142857143,-0.285714285714287,-0.142857142857143,-3.71230823859037E-16,
0.00998063104086696),.UNSPECIFIED.);
#76=B_SPLINE_SURFACE_WITH_KNOTS('',3,3,((#8250,#8251,#8252,#8253,#8254,
#8255,#8256),(#8257,#8258,#8259,#8260,#8261,#8262,#8263),(#8264,#8265,#8266,
#8267,#8268,#8269,#8270),(#8271,#8272,#8273,#8274,#8275,#8276,#8277)),
 .UNSPECIFIED.,.F.,.F.,.F.,(4,4),(4,3,4),(0.,1.),(-1.0338623140596,-1.,
-0.967585762711886),.UNSPECIFIED.);
#77=B_SPLINE_SURFACE_WITH_KNOTS('',3,3,((#8287,#8288,#8289,#8290,#8291,
#8292,#8293,#8294,#8295,#8296,#8297,#8298,#8299,#8300),(#8301,#8302,#8303,
#8304,#8305,#8306,#8307,#8308,#8309,#8310,#8311,#8312,#8313,#8314),(#8315,
#8316,#8317,#8318,#8319,#8320,#8321,#8322,#8323,#8324,#8325,#8326,#8327,
#8328),(#8329,#8330,#8331,#8332,#8333,#8334,#8335,#8336,#8337,#8338,#8339,
#8340,#8341,#8342)),.UNSPECIFIED.,.F.,.F.,.F.,(4,4),(4,2,2,2,2,2,4),(0.,
1.),(3.76896983956714E-16,0.0781288946773852,0.156257789354771,0.234386684032156,
0.312515578709542,0.373478750349232,0.423680021048836),.UNSPECIFIED.);
#78=B_SPLINE_SURFACE_WITH_KNOTS('',3,1,((#8396,#8397),(#8398,#8399),(#8400,
#8401),(#8402,#8403),(#8404,#8405),(#8406,#8407),(#8408,#8409),(#8410,#8411),
(#8412,#8413),(#8414,#8415),(#8416,#8417),(#8418,#8419),(#8420,#8421)),
 .UNSPECIFIED.,.F.,.F.,.F.,(4,3,3,3,4),(2,2),(0.,0.466619029456939,0.965956546267647,
1.,1.01384539814417),(0.,2.661),.UNSPECIFIED.);
#79=B_SPLINE_SURFACE_WITH_KNOTS('',3,3,((#8481,#8482,#8483,#8484,#8485,
#8486,#8487,#8488),(#8489,#8490,#8491,#8492,#8493,#8494,#8495,#8496),(#8497,
#8498,#8499,#8500,#8501,#8502,#8503,#8504),(#8505,#8506,#8507,#8508,#8509,
#8510,#8511,#8512)),.UNSPECIFIED.,.F.,.F.,.F.,(4,4),(4,1,1,2,4),(0.,1.),
(-1.10766475894882E-15,0.114883045795175,0.172324568692763,0.287207614487939,
0.322045366347107),.UNSPECIFIED.);
#80=B_SPLINE_SURFACE_WITH_KNOTS('',3,1,((#8561,#8562),(#8563,#8564),(#8565,
#8566),(#8567,#8568),(#8569,#8570),(#8571,#8572),(#8573,#8574)),
 .UNSPECIFIED.,.F.,.F.,.F.,(4,3,4),(2,2),(-0.00468528541312777,9.09574672122455E-6,
0.048585762841226),(0.,0.33275),.UNSPECIFIED.);
#81=B_SPLINE_SURFACE_WITH_KNOTS('',3,3,((#8580,#8581,#8582,#8583,#8584,
#8585,#8586,#8587),(#8588,#8589,#8590,#8591,#8592,#8593,#8594,#8595),(#8596,
#8597,#8598,#8599,#8600,#8601,#8602,#8603),(#8604,#8605,#8606,#8607,#8608,
#8609,#8610,#8611)),.UNSPECIFIED.,.F.,.F.,.F.,(4,4),(4,2,1,1,4),(0.,1.),
(-9.32587340685131E-15,0.0192020924705473,0.0822427412247982,0.113763065601924,
0.176803714356175),.UNSPECIFIED.);
#82=B_SPLINE_SURFACE_WITH_KNOTS('',3,3,((#8705,#8706,#8707,#8708),(#8709,
#8710,#8711,#8712),(#8713,#8714,#8715,#8716),(#8717,#8718,#8719,#8720),
(#8721,#8722,#8723,#8724),(#8725,#8726,#8727,#8728),(#8729,#8730,#8731,
#8732),(#8733,#8734,#8735,#8736),(#8737,#8738,#8739,#8740),(#8741,#8742,
#8743,#8744),(#8745,#8746,#8747,#8748),(#8749,#8750,#8751,#8752),(#8753,
#8754,#8755,#8756),(#8757,#8758,#8759,#8760),(#8761,#8762,#8763,#8764),
(#8765,#8766,#8767,#8768)),.UNSPECIFIED.,.F.,.F.,.F.,(4,3,1,1,1,1,1,1,3,
4),(4,4),(-0.00661142461670154,0.,0.142857142857143,0.285714285714286,0.428571428571429,
0.571428571428571,0.714285714285714,0.857142857142857,1.,1.00597057923503),
(-1.16104420900944,-0.0999999999999995),.UNSPECIFIED.);
#83=B_SPLINE_SURFACE_WITH_KNOTS('',3,1,((#8861,#8862),(#8863,#8864),(#8865,
#8866),(#8867,#8868)),.UNSPECIFIED.,.F.,.F.,.F.,(4,4),(2,2),(0.,0.018506197345558),
(0.,0.33275),.UNSPECIFIED.);
#84=B_SPLINE_SURFACE_WITH_KNOTS('',3,1,((#8944,#8945),(#8946,#8947),(#8948,
#8949),(#8950,#8951),(#8952,#8953),(#8954,#8955),(#8956,#8957)),
 .UNSPECIFIED.,.F.,.F.,.F.,(4,3,4),(2,2),(0.96303533767478,0.999998743472085,
1.00351856687042),(0.,0.33275),.UNSPECIFIED.);
#85=B_SPLINE_SURFACE_WITH_KNOTS('',3,1,((#8961,#8962),(#8963,#8964),(#8965,
#8966),(#8967,#8968)),.UNSPECIFIED.,.F.,.F.,.F.,(4,4),(2,2),(0.,0.0189339529981278),
(0.,0.33275),.UNSPECIFIED.);
#86=B_SPLINE_SURFACE_WITH_KNOTS('',3,1,((#8975,#8976),(#8977,#8978),(#8979,
#8980),(#8981,#8982)),.UNSPECIFIED.,.F.,.F.,.F.,(4,4),(2,2),(1.5094465644317,
1.56811559506319),(0.,0.33275),.UNSPECIFIED.);
#87=B_SPLINE_SURFACE_WITH_KNOTS('',3,3,((#9000,#9001,#9002,#9003,#9004,
#9005,#9006,#9007,#9008,#9009,#9010,#9011,#9012,#9013,#9014,#9015,#9016,
#9017,#9018,#9019,#9020,#9021,#9022,#9023,#9024,#9025,#9026,#9027,#9028,
#9029,#9030,#9031,#9032,#9033,#9034,#9035,#9036,#9037,#9038,#9039,#9040,
#9041,#9042,#9043,#9044,#9045,#9046,#9047,#9048,#9049,#9050,#9051,#9052,
#9053,#9054,#9055,#9056,#9057,#9058,#9059,#9060,#9061,#9062,#9063,#9064,
#9065,#9066,#9067,#9068,#9069,#9070,#9071,#9072,#9073,#9074,#9075,#9076,
#9077,#9078,#9079,#9080,#9081,#9082,#9083,#9084,#9085,#9086,#9087,#9088,
#9089,#9090,#9091,#9092,#9093,#9094,#9095,#9096,#9097,#9098,#9099,#9100,
#9101,#9102,#9103,#9104,#9105,#9106,#9107,#9108,#9109,#9110,#9111,#9112,
#9113,#9114,#9115,#9116,#9117,#9118,#9119,#9120,#9121,#9122,#9123,#9124,
#9125,#9126,#9127,#9128,#9129,#9130,#9131,#9132,#9133,#9134),(#9135,#9136,
#9137,#9138,#9139,#9140,#9141,#9142,#9143,#9144,#9145,#9146,#9147,#9148,
#9149,#9150,#9151,#9152,#9153,#9154,#9155,#9156,#9157,#9158,#9159,#9160,
#9161,#9162,#9163,#9164,#9165,#9166,#9167,#9168,#9169,#9170,#9171,#9172,
#9173,#9174,#9175,#9176,#9177,#9178,#9179,#9180,#9181,#9182,#9183,#9184,
#9185,#9186,#9187,#9188,#9189,#9190,#9191,#9192,#9193,#9194,#9195,#9196,
#9197,#9198,#9199,#9200,#9201,#9202,#9203,#9204,#9205,#9206,#9207,#9208,
#9209,#9210,#9211,#9212,#9213,#9214,#9215,#9216,#9217,#9218,#9219,#9220,
#9221,#9222,#9223,#9224,#9225,#9226,#9227,#9228,#9229,#9230,#9231,#9232,
#9233,#9234,#9235,#9236,#9237,#9238,#9239,#9240,#9241,#9242,#9243,#9244,
#9245,#9246,#9247,#9248,#9249,#9250,#9251,#9252,#9253,#9254,#9255,#9256,
#9257,#9258,#9259,#9260,#9261,#9262,#9263,#9264,#9265,#9266,#9267,#9268,
#9269),(#9270,#9271,#9272,#9273,#9274,#9275,#9276,#9277,#9278,#9279,#9280,
#9281,#9282,#9283,#9284,#9285,#9286,#9287,#9288,#9289,#9290,#9291,#9292,
#9293,#9294,#9295,#9296,#9297,#9298,#9299,#9300,#9301,#9302,#9303,#9304,
#9305,#9306,#9307,#9308,#9309,#9310,#9311,#9312,#9313,#9314,#9315,#9316,
#9317,#9318,#9319,#9320,#9321,#9322,#9323,#9324,#9325,#9326,#9327,#9328,
#9329,#9330,#9331,#9332,#9333,#9334,#9335,#9336,#9337,#9338,#9339,#9340,
#9341,#9342,#9343,#9344,#9345,#9346,#9347,#9348,#9349,#9350,#9351,#9352,
#9353,#9354,#9355,#9356,#9357,#9358,#9359,#9360,#9361,#9362,#9363,#9364,
#9365,#9366,#9367,#9368,#9369,#9370,#9371,#9372,#9373,#9374,#9375,#9376,
#9377,#9378,#9379,#9380,#9381,#9382,#9383,#9384,#9385,#9386,#9387,#9388,
#9389,#9390,#9391,#9392,#9393,#9394,#9395,#9396,#9397,#9398,#9399,#9400,
#9401,#9402,#9403,#9404),(#9405,#9406,#9407,#9408,#9409,#9410,#9411,#9412,
#9413,#9414,#9415,#9416,#9417,#9418,#9419,#9420,#9421,#9422,#9423,#9424,
#9425,#9426,#9427,#9428,#9429,#9430,#9431,#9432,#9433,#9434,#9435,#9436,
#9437,#9438,#9439,#9440,#9441,#9442,#9443,#9444,#9445,#9446,#9447,#9448,
#9449,#9450,#9451,#9452,#9453,#9454,#9455,#9456,#9457,#9458,#9459,#9460,
#9461,#9462,#9463,#9464,#9465,#9466,#9467,#9468,#9469,#9470,#9471,#9472,
#9473,#9474,#9475,#9476,#9477,#9478,#9479,#9480,#9481,#9482,#9483,#9484,
#9485,#9486,#9487,#9488,#9489,#9490,#9491,#9492,#9493,#9494,#9495,#9496,
#9497,#9498,#9499,#9500,#9501,#9502,#9503,#9504,#9505,#9506,#9507,#9508,
#9509,#9510,#9511,#9512,#9513,#9514,#9515,#9516,#9517,#9518,#9519,#9520,
#9521,#9522,#9523,#9524,#9525,#9526,#9527,#9528,#9529,#9530,#9531,#9532,
#9533,#9534,#9535,#9536,#9537,#9538,#9539)),.UNSPECIFIED.,.F.,.F.,.F.,(4,
4),(4,1,1,1,1,1,1,1,1,1,1,1,1,1,1,1,1,1,1,1,1,1,1,1,1,1,1,1,1,1,1,1,1,1,
1,1,1,1,1,1,1,1,1,1,1,1,1,1,1,1,1,1,1,1,1,1,1,1,1,1,1,1,1,1,1,1,1,1,1,1,
1,1,1,1,1,1,1,1,1,1,1,1,1,1,1,1,1,1,1,1,1,1,1,1,1,1,1,1,1,1,1,1,1,1,1,1,
1,1,1,1,1,1,1,1,1,1,1,1,1,1,1,1,1,1,1,1,1,1,1,1,1,1,4),(0.,1.),(0.160635937417912,
0.243566235715404,0.28503138486415,0.295397672151337,0.305763959438523,
0.326496534012896,0.336862821300082,0.347229108587269,0.367961683161642,
0.409426832310388,0.414609975953981,0.417201547775778,0.419793119597574,
0.424976263241167,0.430159406884761,0.440525694171947,0.44570883781554,
0.450891981459134,0.46125826874632,0.466441412389913,0.46903298421171,0.471624556033507,
0.472272448988956,0.472920341944405,0.474216127855303,0.4768076996771,0.479399271498896,
0.481990843320693,0.487173986964286,0.487497933442011,0.487821879919736,
0.488469772875185,0.489765558786083,0.49235713060788,0.494948702429676,
0.497540274251473,0.50013184607327,0.502723417895066,0.507906561538659,
0.513089705182253,0.518272848825846,0.523455992469439,0.524751778380337,
0.526047564291236,0.527343350202134,0.528639136113032,0.531230707934829,
0.532526493845727,0.533822279756626,0.539005423400219,0.544188567043812,
0.54548435295471,0.546132245910159,0.546780138865609,0.549371710687405,
0.551963282509202,0.554554854330998,0.562329569796388,0.564921141618185,
0.567512713439982,0.570104285261778,0.575287428905371,0.577879000727168,
0.580470572548965,0.581766358459863,0.583062144370761,0.583710037326211,
0.58435793028166,0.585653716192558,0.590836859836151,0.593428431657948,
0.594724217568846,0.596020003479744,0.601203147123338,0.602498933034236,
0.603794718945134,0.605090504856033,0.606386290766931,0.616752578054117,
0.619344149875914,0.621935721697711,0.623231507608609,0.624527293519507,
0.625823079430405,0.627118865341304,0.6297104371631,0.632302008984897,0.634893580806694,
0.636189366717592,0.63748515262849,0.642668296272084,0.64525986809388,0.647851439915677,
0.650443011737473,0.65303458355927,0.658217727202863,0.663400870846456,
0.66858401449005,0.673767158133643,0.67635872995544,0.677654515866338,0.678950301777236,
0.689316589064423,0.694499732708016,0.699682876351609,0.720415450925982,
0.730781738213169,0.735964881856762,0.741148025500355,0.751514312787542,
0.761880600074728,0.772246887361914,0.782613174649101,0.824078323797847,
0.84481089837222,0.865543472946593,0.886276047520966,0.907008622095339,
0.948473771244084,0.958840058531271,0.969206345818457,0.979572633105644,
0.98993892039283,1.07286921869032,1.11433436783907,1.13506694241344,1.15579951698781,
1.48752071017778,1.81924190336775,2.15096309655772,2.3168236931527,2.35828884230144,
2.48268428974768),.UNSPECIFIED.);
#88=B_SPLINE_SURFACE_WITH_KNOTS('',3,3,((#9792,#9793,#9794,#9795),(#9796,
#9797,#9798,#9799),(#9800,#9801,#9802,#9803),(#9804,#9805,#9806,#9807),
(#9808,#9809,#9810,#9811)),.UNSPECIFIED.,.F.,.F.,.F.,(4,1,4),(4,4),(0.,
0.571428571428571,1.),(-0.00087268714800301,0.320319279893456),
 .UNSPECIFIED.);
#89=B_SPLINE_SURFACE_WITH_KNOTS('',3,3,((#9862,#9863,#9864,#9865,#9866,
#9867,#9868,#9869,#9870,#9871),(#9872,#9873,#9874,#9875,#9876,#9877,#9878,
#9879,#9880,#9881),(#9882,#9883,#9884,#9885,#9886,#9887,#9888,#9889,#9890,
#9891),(#9892,#9893,#9894,#9895,#9896,#9897,#9898,#9899,#9900,#9901),(#9902,
#9903,#9904,#9905,#9906,#9907,#9908,#9909,#9910,#9911)),.UNSPECIFIED.,.F.,
 .F.,.F.,(4,1,4),(4,1,1,1,1,1,1,4),(0.,0.571428571428571,1.),(0.,0.242461597917344,
0.484923195834688,0.727384793752033,0.969846391669377,1.21230798958672,
1.45476958750407,1.69723118542141),.UNSPECIFIED.);
#90=B_SPLINE_SURFACE_WITH_KNOTS('',3,3,((#9924,#9925,#9926,#9927),(#9928,
#9929,#9930,#9931),(#9932,#9933,#9934,#9935),(#9936,#9937,#9938,#9939),
(#9940,#9941,#9942,#9943)),.UNSPECIFIED.,.F.,.F.,.F.,(4,1,4),(4,4),(0.,
0.571428571428571,1.),(9.92992391715991E-17,0.321191925885367),
 .UNSPECIFIED.);
#91=B_SPLINE_SURFACE_WITH_KNOTS('',3,3,((#9963,#9964,#9965,#9966),(#9967,
#9968,#9969,#9970),(#9971,#9972,#9973,#9974),(#9975,#9976,#9977,#9978),
(#9979,#9980,#9981,#9982)),.UNSPECIFIED.,.F.,.F.,.F.,(4,1,4),(4,4),(0.,
0.571428571428571,1.),(-0.000872686981204223,0.413555483605782),
 .UNSPECIFIED.);
#92=B_SPLINE_SURFACE_WITH_KNOTS('',3,3,((#9989,#9990,#9991,#9992,#9993,
#9994,#9995,#9996,#9997,#9998,#9999),(#10000,#10001,#10002,#10003,#10004,
#10005,#10006,#10007,#10008,#10009,#10010),(#10011,#10012,#10013,#10014,
#10015,#10016,#10017,#10018,#10019,#10020,#10021),(#10022,#10023,#10024,
#10025,#10026,#10027,#10028,#10029,#10030,#10031,#10032),(#10033,#10034,
#10035,#10036,#10037,#10038,#10039,#10040,#10041,#10042,#10043)),
 .UNSPECIFIED.,.F.,.F.,.F.,(4,1,4),(4,1,1,1,1,1,1,1,4),(0.,0.571428571428571,
1.),(0.,0.151541468844308,0.202055291792411,0.404110583584822,0.606165875377233,
0.808221167169644,1.01027645896205,1.21233175075447,1.41438704254688),
 .UNSPECIFIED.);
#93=B_SPLINE_SURFACE_WITH_KNOTS('',3,3,((#10057,#10058,#10059,#10060),(#10061,
#10062,#10063,#10064),(#10065,#10066,#10067,#10068),(#10069,#10070,#10071,
#10072),(#10073,#10074,#10075,#10076)),.UNSPECIFIED.,.F.,.F.,.F.,(4,1,4),
(4,4),(0.,0.571428571428571,1.),(0.,0.414428086216108),.UNSPECIFIED.);
#94=B_SPLINE_SURFACE_WITH_KNOTS('',3,3,((#10151,#10152,#10153,#10154),(#10155,
#10156,#10157,#10158),(#10159,#10160,#10161,#10162),(#10163,#10164,#10165,
#10166),(#10167,#10168,#10169,#10170),(#10171,#10172,#10173,#10174),(#10175,
#10176,#10177,#10178)),.UNSPECIFIED.,.F.,.F.,.F.,(4,1,1,1,4),(4,4),(0.,
0.285714285714286,0.571428571428571,0.785714285714286,1.),(0.1,0.661000000000001),
 .UNSPECIFIED.);
#95=B_SPLINE_SURFACE_WITH_KNOTS('',3,3,((#10184,#10185,#10186,#10187),(#10188,
#10189,#10190,#10191),(#10192,#10193,#10194,#10195),(#10196,#10197,#10198,
#10199),(#10200,#10201,#10202,#10203)),.UNSPECIFIED.,.F.,.F.,.F.,(4,1,4),
(4,4),(0.,0.571428571428571,1.),(-1.161,-0.5),.UNSPECIFIED.);
#96=B_SPLINE_SURFACE_WITH_KNOTS('',3,1,((#10208,#10209),(#10210,#10211),
(#10212,#10213),(#10214,#10215),(#10216,#10217),(#10218,#10219),(#10220,
#10221),(#10222,#10223),(#10224,#10225),(#10226,#10227),(#10228,#10229),
(#10230,#10231),(#10232,#10233)),.UNSPECIFIED.,.F.,.F.,.F.,(4,3,3,3,4),
(2,2),(0.,0.466619029456939,0.965956546267647,1.,1.01384539814417),(0.,
2.661),.UNSPECIFIED.);
#97=B_SPLINE_SURFACE_WITH_KNOTS('',3,1,((#10256,#10257),(#10258,#10259),
(#10260,#10261),(#10262,#10263),(#10264,#10265),(#10266,#10267),(#10268,
#10269),(#10270,#10271),(#10272,#10273),(#10274,#10275),(#10276,#10277),
(#10278,#10279),(#10280,#10281)),.UNSPECIFIED.,.F.,.F.,.F.,(4,3,3,3,4),
(2,2),(-0.0140926789406582,0.,0.469165070936746,0.92757164822347,1.),(0.,
2.661),.UNSPECIFIED.);
#98=B_SPLINE_SURFACE_WITH_KNOTS('',3,1,((#10286,#10287),(#10288,#10289),
(#10290,#10291),(#10292,#10293),(#10294,#10295),(#10296,#10297),(#10298,
#10299),(#10300,#10301),(#10302,#10303),(#10304,#10305),(#10306,#10307),
(#10308,#10309),(#10310,#10311),(#10312,#10313),(#10314,#10315),(#10316,
#10317),(#10318,#10319),(#10320,#10321),(#10322,#10323)),.UNSPECIFIED.,
 .F.,.F.,.F.,(4,3,3,3,3,3,4),(2,2),(-0.01,0.,0.256172429439991,0.601495274673534,
0.865608814889102,1.,1.01),(0.,2.661),.UNSPECIFIED.);
#99=B_SPLINE_SURFACE_WITH_KNOTS('',3,1,((#10329,#10330),(#10331,#10332),
(#10333,#10334),(#10335,#10336),(#10337,#10338),(#10339,#10340),(#10341,
#10342),(#10343,#10344),(#10345,#10346),(#10347,#10348),(#10349,#10350),
(#10351,#10352),(#10353,#10354),(#10355,#10356),(#10357,#10358),(#10359,
#10360),(#10361,#10362),(#10363,#10364),(#10365,#10366),(#10367,#10368),
(#10369,#10370),(#10371,#10372),(#10373,#10374),(#10375,#10376),(#10377,
#10378),(#10379,#10380),(#10381,#10382),(#10383,#10384)),.UNSPECIFIED.,
 .F.,.F.,.F.,(4,3,3,3,3,3,3,3,3,4),(2,2),(-0.01,0.,0.169129940187028,0.341096509993061,
0.475601205206825,0.620484100098249,0.787750808197744,0.978342411850257,
1.,1.01),(0.,2.661),.UNSPECIFIED.);
#100=B_SPLINE_SURFACE_WITH_KNOTS('',3,1,((#10394,#10395),(#10396,#10397),
(#10398,#10399),(#10400,#10401),(#10402,#10403),(#10404,#10405),(#10406,
#10407),(#10408,#10409),(#10410,#10411),(#10412,#10413),(#10414,#10415),
(#10416,#10417),(#10418,#10419),(#10420,#10421),(#10422,#10423),(#10424,
#10425)),.UNSPECIFIED.,.F.,.F.,.F.,(4,3,3,3,3,4),(2,2),(-0.015015734993891,
0.,0.2953091052069,0.676794596379468,0.967213289941658,1.),(0.,2.661),
 .UNSPECIFIED.);
#101=B_SPLINE_SURFACE_WITH_KNOTS('',3,1,((#10444,#10445),(#10446,#10447),
(#10448,#10449),(#10450,#10451),(#10452,#10453),(#10454,#10455),(#10456,
#10457),(#10458,#10459),(#10460,#10461),(#10462,#10463),(#10464,#10465),
(#10466,#10467),(#10468,#10469),(#10470,#10471),(#10472,#10473),(#10474,
#10475),(#10476,#10477),(#10478,#10479),(#10480,#10481)),.UNSPECIFIED.,
 .F.,.F.,.F.,(4,3,3,3,3,3,4),(2,2),(-1.01,-1.,-0.757199664490843,-0.428577017464526,
-0.150177336566809,0.,0.01),(0.,2.661),.UNSPECIFIED.);
#102=B_SPLINE_SURFACE_WITH_KNOTS('',3,1,((#10486,#10487),(#10488,#10489),
(#10490,#10491),(#10492,#10493),(#10494,#10495),(#10496,#10497),(#10498,
#10499),(#10500,#10501),(#10502,#10503),(#10504,#10505),(#10506,#10507),
(#10508,#10509),(#10510,#10511),(#10512,#10513),(#10514,#10515),(#10516,
#10517),(#10518,#10519),(#10520,#10521),(#10522,#10523)),.UNSPECIFIED.,
 .F.,.F.,.F.,(4,3,3,3,3,3,4),(2,2),(-1.01,-1.,-0.757199664490843,-0.428577017464526,
-0.150177336566809,0.,0.01),(0.,2.661),.UNSPECIFIED.);
#103=B_SPLINE_SURFACE_WITH_KNOTS('',3,1,((#10562,#10563),(#10564,#10565),
(#10566,#10567),(#10568,#10569),(#10570,#10571),(#10572,#10573),(#10574,
#10575),(#10576,#10577),(#10578,#10579),(#10580,#10581),(#10582,#10583),
(#10584,#10585),(#10586,#10587),(#10588,#10589),(#10590,#10591),(#10592,
#10593),(#10594,#10595),(#10596,#10597),(#10598,#10599)),.UNSPECIFIED.,
 .F.,.F.,.F.,(4,3,3,3,3,3,4),(2,2),(-1.01,-1.,-0.757199664490843,-0.428577017464526,
-0.150177336566809,0.,0.01),(0.,2.661),.UNSPECIFIED.);
#104=CIRCLE('',#3896,1.8);
#105=CIRCLE('',#3898,1.79999999999999);
#106=CIRCLE('',#3899,3.3);
#107=CIRCLE('',#3900,3.3);
#108=CIRCLE('',#3926,1.);
#109=CIRCLE('',#3927,1.);
#110=CIRCLE('',#3928,1.);
#111=CIRCLE('',#3929,1.);
#112=CIRCLE('',#3930,1.);
#113=CIRCLE('',#3931,1.);
#114=CIRCLE('',#3932,1.);
#115=CIRCLE('',#3933,1.);
#116=CIRCLE('',#3934,1.);
#117=CIRCLE('',#3935,1.);
#118=CIRCLE('',#3936,1.);
#119=CIRCLE('',#3937,1.);
#120=CIRCLE('',#3938,1.2645);
#121=CIRCLE('',#3940,6.1);
#122=CIRCLE('',#3941,4.1);
#123=CIRCLE('',#3943,4.1);
#124=CIRCLE('',#3945,1.);
#125=CIRCLE('',#3946,1.);
#126=CIRCLE('',#3947,1.);
#127=CIRCLE('',#3948,1.);
#128=CIRCLE('',#3949,1.);
#129=CIRCLE('',#3950,1.);
#130=CIRCLE('',#3951,1.);
#131=CIRCLE('',#3952,1.);
#132=CIRCLE('',#3953,1.);
#133=CIRCLE('',#3954,1.);
#134=CIRCLE('',#3955,1.);
#135=CIRCLE('',#3956,1.);
#136=CIRCLE('',#3958,3.1);
#137=CIRCLE('',#3960,1.6);
#138=CIRCLE('',#3962,1.2645);
#139=CIRCLE('',#3964,1.6);
#140=CIRCLE('',#3989,10.);
#141=CIRCLE('',#3990,10.);
#142=CIRCLE('',#3994,10.);
#143=CIRCLE('',#4004,1.);
#144=CIRCLE('',#4030,10.);
#145=CIRCLE('',#4032,1.);
#146=CIRCLE('',#4033,1.);
#147=CIRCLE('',#4034,1.);
#148=CIRCLE('',#4037,0.999999999999999);
#149=CIRCLE('',#4038,0.999999999999997);
#150=CIRCLE('',#4042,0.999999999999999);
#151=CIRCLE('',#4043,1.);
#152=CIRCLE('',#4046,3.5);
#153=CIRCLE('',#4064,1.);
#154=CIRCLE('',#4066,1.);
#155=CYLINDRICAL_SURFACE('',#3895,1.8);
#156=CYLINDRICAL_SURFACE('',#3942,4.1);
#157=CYLINDRICAL_SURFACE('',#3961,1.2645);
#158=CYLINDRICAL_SURFACE('',#3965,1.6);
#159=CYLINDRICAL_SURFACE('',#3973,1.);
#160=CYLINDRICAL_SURFACE('',#3975,1.);
#161=CYLINDRICAL_SURFACE('',#3980,1.79999999999999);
#162=CYLINDRICAL_SURFACE('',#3982,1.);
#163=CYLINDRICAL_SURFACE('',#3984,1.);
#164=CYLINDRICAL_SURFACE('',#3986,1.);
#165=CYLINDRICAL_SURFACE('',#3988,10.);
#166=CYLINDRICAL_SURFACE('',#3991,1.);
#167=CYLINDRICAL_SURFACE('',#3997,1.);
#168=CYLINDRICAL_SURFACE('',#4035,1.);
#169=CYLINDRICAL_SURFACE('',#4040,4.398204);
#170=CYLINDRICAL_SURFACE('',#4045,3.5);
#171=CYLINDRICAL_SURFACE('',#4050,10.);
#172=CYLINDRICAL_SURFACE('',#4051,1.);
#173=CYLINDRICAL_SURFACE('',#4053,1.);
#174=CYLINDRICAL_SURFACE('',#4055,1.);
#175=CYLINDRICAL_SURFACE('',#4057,1.);
#176=CYLINDRICAL_SURFACE('',#4063,1.);
#177=CYLINDRICAL_SURFACE('',#4068,1.);
#178=CYLINDRICAL_SURFACE('',#4070,1.);
#179=FACE_OUTER_BOUND('',#389,.T.);
#180=FACE_OUTER_BOUND('',#390,.T.);
#181=FACE_OUTER_BOUND('',#391,.T.);
#182=FACE_OUTER_BOUND('',#392,.T.);
#183=FACE_OUTER_BOUND('',#393,.T.);
#184=FACE_OUTER_BOUND('',#394,.T.);
#185=FACE_OUTER_BOUND('',#395,.T.);
#186=FACE_OUTER_BOUND('',#396,.T.);
#187=FACE_OUTER_BOUND('',#397,.T.);
#188=FACE_OUTER_BOUND('',#398,.T.);
#189=FACE_OUTER_BOUND('',#399,.T.);
#190=FACE_OUTER_BOUND('',#400,.T.);
#191=FACE_OUTER_BOUND('',#401,.T.);
#192=FACE_OUTER_BOUND('',#402,.T.);
#193=FACE_OUTER_BOUND('',#403,.T.);
#194=FACE_OUTER_BOUND('',#404,.T.);
#195=FACE_OUTER_BOUND('',#405,.T.);
#196=FACE_OUTER_BOUND('',#406,.T.);
#197=FACE_OUTER_BOUND('',#407,.T.);
#198=FACE_OUTER_BOUND('',#408,.T.);
#199=FACE_OUTER_BOUND('',#409,.T.);
#200=FACE_OUTER_BOUND('',#410,.T.);
#201=FACE_OUTER_BOUND('',#411,.T.);
#202=FACE_OUTER_BOUND('',#412,.T.);
#203=FACE_OUTER_BOUND('',#413,.T.);
#204=FACE_OUTER_BOUND('',#414,.T.);
#205=FACE_OUTER_BOUND('',#415,.T.);
#206=FACE_OUTER_BOUND('',#416,.T.);
#207=FACE_OUTER_BOUND('',#417,.T.);
#208=FACE_OUTER_BOUND('',#418,.T.);
#209=FACE_OUTER_BOUND('',#419,.T.);
#210=FACE_OUTER_BOUND('',#420,.T.);
#211=FACE_OUTER_BOUND('',#421,.T.);
#212=FACE_OUTER_BOUND('',#422,.T.);
#213=FACE_OUTER_BOUND('',#423,.T.);
#214=FACE_OUTER_BOUND('',#424,.T.);
#215=FACE_OUTER_BOUND('',#425,.T.);
#216=FACE_OUTER_BOUND('',#426,.T.);
#217=FACE_OUTER_BOUND('',#427,.T.);
#218=FACE_OUTER_BOUND('',#428,.T.);
#219=FACE_OUTER_BOUND('',#429,.T.);
#220=FACE_OUTER_BOUND('',#430,.T.);
#221=FACE_OUTER_BOUND('',#431,.T.);
#222=FACE_OUTER_BOUND('',#432,.T.);
#223=FACE_OUTER_BOUND('',#433,.T.);
#224=FACE_OUTER_BOUND('',#438,.T.);
#225=FACE_OUTER_BOUND('',#439,.T.);
#226=FACE_OUTER_BOUND('',#440,.T.);
#227=FACE_OUTER_BOUND('',#443,.T.);
#228=FACE_OUTER_BOUND('',#444,.T.);
#229=FACE_OUTER_BOUND('',#446,.T.);
#230=FACE_OUTER_BOUND('',#447,.T.);
#231=FACE_OUTER_BOUND('',#448,.T.);
#232=FACE_OUTER_BOUND('',#449,.T.);
#233=FACE_OUTER_BOUND('',#450,.T.);
#234=FACE_OUTER_BOUND('',#451,.T.);
#235=FACE_OUTER_BOUND('',#453,.T.);
#236=FACE_OUTER_BOUND('',#454,.T.);
#237=FACE_OUTER_BOUND('',#455,.T.);
#238=FACE_OUTER_BOUND('',#456,.T.);
#239=FACE_OUTER_BOUND('',#457,.T.);
#240=FACE_OUTER_BOUND('',#458,.T.);
#241=FACE_OUTER_BOUND('',#459,.T.);
#242=FACE_OUTER_BOUND('',#460,.T.);
#243=FACE_OUTER_BOUND('',#461,.T.);
#244=FACE_OUTER_BOUND('',#462,.T.);
#245=FACE_OUTER_BOUND('',#463,.T.);
#246=FACE_OUTER_BOUND('',#464,.T.);
#247=FACE_OUTER_BOUND('',#465,.T.);
#248=FACE_OUTER_BOUND('',#466,.T.);
#249=FACE_OUTER_BOUND('',#467,.T.);
#250=FACE_OUTER_BOUND('',#468,.T.);
#251=FACE_OUTER_BOUND('',#469,.T.);
#252=FACE_OUTER_BOUND('',#470,.T.);
#253=FACE_OUTER_BOUND('',#471,.T.);
#254=FACE_OUTER_BOUND('',#472,.T.);
#255=FACE_OUTER_BOUND('',#473,.T.);
#256=FACE_OUTER_BOUND('',#474,.T.);
#257=FACE_OUTER_BOUND('',#475,.T.);
#258=FACE_OUTER_BOUND('',#476,.T.);
#259=FACE_OUTER_BOUND('',#477,.T.);
#260=FACE_OUTER_BOUND('',#478,.T.);
#261=FACE_OUTER_BOUND('',#479,.T.);
#262=FACE_OUTER_BOUND('',#480,.T.);
#263=FACE_OUTER_BOUND('',#481,.T.);
#264=FACE_OUTER_BOUND('',#482,.T.);
#265=FACE_OUTER_BOUND('',#483,.T.);
#266=FACE_OUTER_BOUND('',#484,.T.);
#267=FACE_OUTER_BOUND('',#485,.T.);
#268=FACE_OUTER_BOUND('',#486,.T.);
#269=FACE_OUTER_BOUND('',#487,.T.);
#270=FACE_OUTER_BOUND('',#488,.T.);
#271=FACE_OUTER_BOUND('',#489,.T.);
#272=FACE_OUTER_BOUND('',#490,.T.);
#273=FACE_OUTER_BOUND('',#491,.T.);
#274=FACE_OUTER_BOUND('',#492,.T.);
#275=FACE_OUTER_BOUND('',#493,.T.);
#276=FACE_OUTER_BOUND('',#494,.T.);
#277=FACE_OUTER_BOUND('',#495,.T.);
#278=FACE_OUTER_BOUND('',#496,.T.);
#279=FACE_OUTER_BOUND('',#497,.T.);
#280=FACE_OUTER_BOUND('',#498,.T.);
#281=FACE_OUTER_BOUND('',#499,.T.);
#282=FACE_OUTER_BOUND('',#500,.T.);
#283=FACE_OUTER_BOUND('',#501,.T.);
#284=FACE_OUTER_BOUND('',#502,.T.);
#285=FACE_OUTER_BOUND('',#503,.T.);
#286=FACE_OUTER_BOUND('',#504,.T.);
#287=FACE_OUTER_BOUND('',#505,.T.);
#288=FACE_OUTER_BOUND('',#506,.T.);
#289=FACE_OUTER_BOUND('',#507,.T.);
#290=FACE_OUTER_BOUND('',#508,.T.);
#291=FACE_OUTER_BOUND('',#509,.T.);
#292=FACE_OUTER_BOUND('',#510,.T.);
#293=FACE_OUTER_BOUND('',#511,.T.);
#294=FACE_OUTER_BOUND('',#512,.T.);
#295=FACE_OUTER_BOUND('',#513,.T.);
#296=FACE_OUTER_BOUND('',#514,.T.);
#297=FACE_OUTER_BOUND('',#515,.T.);
#298=FACE_OUTER_BOUND('',#516,.T.);
#299=FACE_OUTER_BOUND('',#517,.T.);
#300=FACE_OUTER_BOUND('',#518,.T.);
#301=FACE_OUTER_BOUND('',#519,.T.);
#302=FACE_OUTER_BOUND('',#520,.T.);
#303=FACE_OUTER_BOUND('',#521,.T.);
#304=FACE_OUTER_BOUND('',#522,.T.);
#305=FACE_OUTER_BOUND('',#523,.T.);
#306=FACE_OUTER_BOUND('',#524,.T.);
#307=FACE_OUTER_BOUND('',#525,.T.);
#308=FACE_OUTER_BOUND('',#526,.T.);
#309=FACE_OUTER_BOUND('',#527,.T.);
#310=FACE_OUTER_BOUND('',#528,.T.);
#311=FACE_OUTER_BOUND('',#529,.T.);
#312=FACE_OUTER_BOUND('',#530,.T.);
#313=FACE_OUTER_BOUND('',#531,.T.);
#314=FACE_OUTER_BOUND('',#532,.T.);
#315=FACE_OUTER_BOUND('',#533,.T.);
#316=FACE_OUTER_BOUND('',#534,.T.);
#317=FACE_OUTER_BOUND('',#535,.T.);
#318=FACE_OUTER_BOUND('',#536,.T.);
#319=FACE_OUTER_BOUND('',#537,.T.);
#320=FACE_OUTER_BOUND('',#538,.T.);
#321=FACE_OUTER_BOUND('',#539,.T.);
#322=FACE_OUTER_BOUND('',#540,.T.);
#323=FACE_OUTER_BOUND('',#541,.T.);
#324=FACE_OUTER_BOUND('',#542,.T.);
#325=FACE_OUTER_BOUND('',#543,.T.);
#326=FACE_OUTER_BOUND('',#544,.T.);
#327=FACE_OUTER_BOUND('',#545,.T.);
#328=FACE_OUTER_BOUND('',#546,.T.);
#329=FACE_OUTER_BOUND('',#547,.T.);
#330=FACE_OUTER_BOUND('',#548,.T.);
#331=FACE_OUTER_BOUND('',#549,.T.);
#332=FACE_OUTER_BOUND('',#550,.T.);
#333=FACE_OUTER_BOUND('',#551,.T.);
#334=FACE_OUTER_BOUND('',#552,.T.);
#335=FACE_OUTER_BOUND('',#553,.T.);
#336=FACE_OUTER_BOUND('',#554,.T.);
#337=FACE_OUTER_BOUND('',#555,.T.);
#338=FACE_OUTER_BOUND('',#556,.T.);
#339=FACE_OUTER_BOUND('',#557,.T.);
#340=FACE_OUTER_BOUND('',#558,.T.);
#341=FACE_OUTER_BOUND('',#559,.T.);
#342=FACE_OUTER_BOUND('',#560,.T.);
#343=FACE_OUTER_BOUND('',#561,.T.);
#344=FACE_OUTER_BOUND('',#562,.T.);
#345=FACE_OUTER_BOUND('',#563,.T.);
#346=FACE_OUTER_BOUND('',#564,.T.);
#347=FACE_OUTER_BOUND('',#565,.T.);
#348=FACE_OUTER_BOUND('',#566,.T.);
#349=FACE_OUTER_BOUND('',#567,.T.);
#350=FACE_OUTER_BOUND('',#568,.T.);
#351=FACE_OUTER_BOUND('',#569,.T.);
#352=FACE_OUTER_BOUND('',#570,.T.);
#353=FACE_OUTER_BOUND('',#571,.T.);
#354=FACE_OUTER_BOUND('',#572,.T.);
#355=FACE_OUTER_BOUND('',#573,.T.);
#356=FACE_OUTER_BOUND('',#574,.T.);
#357=FACE_OUTER_BOUND('',#575,.T.);
#358=FACE_OUTER_BOUND('',#576,.T.);
#359=FACE_OUTER_BOUND('',#577,.T.);
#360=FACE_OUTER_BOUND('',#578,.T.);
#361=FACE_OUTER_BOUND('',#579,.T.);
#362=FACE_OUTER_BOUND('',#580,.T.);
#363=FACE_OUTER_BOUND('',#581,.T.);
#364=FACE_OUTER_BOUND('',#582,.T.);
#365=FACE_OUTER_BOUND('',#583,.T.);
#366=FACE_OUTER_BOUND('',#584,.T.);
#367=FACE_OUTER_BOUND('',#585,.T.);
#368=FACE_OUTER_BOUND('',#586,.T.);
#369=FACE_OUTER_BOUND('',#587,.T.);
#370=FACE_OUTER_BOUND('',#588,.T.);
#371=FACE_OUTER_BOUND('',#589,.T.);
#372=FACE_OUTER_BOUND('',#590,.T.);
#373=FACE_OUTER_BOUND('',#591,.T.);
#374=FACE_OUTER_BOUND('',#592,.T.);
#375=FACE_OUTER_BOUND('',#593,.T.);
#376=FACE_OUTER_BOUND('',#594,.T.);
#377=FACE_OUTER_BOUND('',#595,.T.);
#378=FACE_OUTER_BOUND('',#596,.T.);
#379=FACE_OUTER_BOUND('',#597,.T.);
#380=FACE_OUTER_BOUND('',#598,.T.);
#381=FACE_OUTER_BOUND('',#599,.T.);
#382=FACE_OUTER_BOUND('',#600,.T.);
#383=FACE_OUTER_BOUND('',#601,.T.);
#384=FACE_OUTER_BOUND('',#602,.T.);
#385=FACE_OUTER_BOUND('',#603,.T.);
#386=FACE_OUTER_BOUND('',#604,.T.);
#387=FACE_OUTER_BOUND('',#605,.T.);
#388=FACE_OUTER_BOUND('',#606,.T.);
#389=EDGE_LOOP('',(#2389,#2390,#2391,#2392));
#390=EDGE_LOOP('',(#2393,#2394,#2395,#2396));
#391=EDGE_LOOP('',(#2397,#2398,#2399,#2400,#2401,#2402,#2403,#2404,#2405,
#2406,#2407));
#392=EDGE_LOOP('',(#2408,#2409,#2410,#2411,#2412,#2413,#2414,#2415,#2416,
#2417,#2418,#2419,#2420));
#393=EDGE_LOOP('',(#2421,#2422,#2423,#2424));
#394=EDGE_LOOP('',(#2425,#2426,#2427,#2428));
#395=EDGE_LOOP('',(#2429,#2430,#2431,#2432));
#396=EDGE_LOOP('',(#2433,#2434,#2435,#2436));
#397=EDGE_LOOP('',(#2437,#2438,#2439,#2440,#2441));
#398=EDGE_LOOP('',(#2442,#2443,#2444,#2445));
#399=EDGE_LOOP('',(#2446,#2447,#2448,#2449));
#400=EDGE_LOOP('',(#2450,#2451,#2452,#2453));
#401=EDGE_LOOP('',(#2454,#2455,#2456,#2457));
#402=EDGE_LOOP('',(#2458,#2459,#2460,#2461,#2462));
#403=EDGE_LOOP('',(#2463,#2464,#2465,#2466));
#404=EDGE_LOOP('',(#2467,#2468,#2469,#2470));
#405=EDGE_LOOP('',(#2471,#2472,#2473,#2474));
#406=EDGE_LOOP('',(#2475,#2476,#2477,#2478));
#407=EDGE_LOOP('',(#2479,#2480,#2481,#2482));
#408=EDGE_LOOP('',(#2483,#2484,#2485,#2486));
#409=EDGE_LOOP('',(#2487,#2488,#2489,#2490));
#410=EDGE_LOOP('',(#2491,#2492,#2493,#2494));
#411=EDGE_LOOP('',(#2495,#2496,#2497,#2498));
#412=EDGE_LOOP('',(#2499,#2500,#2501,#2502));
#413=EDGE_LOOP('',(#2503,#2504,#2505,#2506));
#414=EDGE_LOOP('',(#2507,#2508,#2509,#2510));
#415=EDGE_LOOP('',(#2511,#2512,#2513,#2514));
#416=EDGE_LOOP('',(#2515,#2516,#2517,#2518));
#417=EDGE_LOOP('',(#2519,#2520,#2521,#2522));
#418=EDGE_LOOP('',(#2523,#2524,#2525,#2526));
#419=EDGE_LOOP('',(#2527,#2528,#2529,#2530,#2531,#2532,#2533,#2534));
#420=EDGE_LOOP('',(#2535,#2536,#2537,#2538));
#421=EDGE_LOOP('',(#2539,#2540,#2541,#2542));
#422=EDGE_LOOP('',(#2543,#2544,#2545,#2546,#2547,#2548,#2549,#2550));
#423=EDGE_LOOP('',(#2551,#2552,#2553,#2554));
#424=EDGE_LOOP('',(#2555,#2556,#2557,#2558,#2559,#2560,#2561));
#425=EDGE_LOOP('',(#2562,#2563,#2564,#2565,#2566,#2567,#2568));
#426=EDGE_LOOP('',(#2569,#2570,#2571,#2572));
#427=EDGE_LOOP('',(#2573,#2574,#2575,#2576));
#428=EDGE_LOOP('',(#2577,#2578,#2579,#2580));
#429=EDGE_LOOP('',(#2581,#2582,#2583,#2584,#2585,#2586,#2587));
#430=EDGE_LOOP('',(#2588,#2589,#2590,#2591,#2592,#2593,#2594,#2595));
#431=EDGE_LOOP('',(#2596,#2597,#2598,#2599,#2600,#2601,#2602));
#432=EDGE_LOOP('',(#2603,#2604,#2605,#2606));
#433=EDGE_LOOP('',(#2607,#2608,#2609,#2610,#2611,#2612,#2613,#2614,#2615,
#2616,#2617,#2618,#2619,#2620,#2621,#2622,#2623,#2624,#2625,#2626,#2627,
#2628,#2629,#2630,#2631,#2632));
#434=EDGE_LOOP('',(#2633,#2634,#2635,#2636,#2637,#2638,#2639,#2640));
#435=EDGE_LOOP('',(#2641,#2642,#2643,#2644,#2645,#2646,#2647,#2648));
#436=EDGE_LOOP('',(#2649,#2650,#2651,#2652,#2653,#2654,#2655,#2656));
#437=EDGE_LOOP('',(#2657));
#438=EDGE_LOOP('',(#2658,#2659,#2660,#2661));
#439=EDGE_LOOP('',(#2662,#2663,#2664,#2665));
#440=EDGE_LOOP('',(#2666,#2667,#2668,#2669,#2670,#2671,#2672,#2673,#2674,
#2675,#2676,#2677,#2678,#2679,#2680,#2681,#2682,#2683,#2684,#2685,#2686,
#2687,#2688,#2689,#2690,#2691,#2692,#2693,#2694,#2695,#2696,#2697));
#441=EDGE_LOOP('',(#2698,#2699,#2700,#2701,#2702,#2703,#2704,#2705));
#442=EDGE_LOOP('',(#2706));
#443=EDGE_LOOP('',(#2707,#2708,#2709,#2710));
#444=EDGE_LOOP('',(#2711));
#445=EDGE_LOOP('',(#2712));
#446=EDGE_LOOP('',(#2713,#2714,#2715,#2716));
#447=EDGE_LOOP('',(#2717,#2718,#2719,#2720));
#448=EDGE_LOOP('',(#2721,#2722,#2723,#2724));
#449=EDGE_LOOP('',(#2725,#2726,#2727,#2728));
#450=EDGE_LOOP('',(#2729,#2730,#2731,#2732));
#451=EDGE_LOOP('',(#2733));
#452=EDGE_LOOP('',(#2734));
#453=EDGE_LOOP('',(#2735,#2736,#2737,#2738));
#454=EDGE_LOOP('',(#2739,#2740,#2741,#2742,#2743,#2744));
#455=EDGE_LOOP('',(#2745,#2746,#2747,#2748));
#456=EDGE_LOOP('',(#2749,#2750,#2751,#2752));
#457=EDGE_LOOP('',(#2753,#2754,#2755,#2756));
#458=EDGE_LOOP('',(#2757,#2758,#2759,#2760));
#459=EDGE_LOOP('',(#2761,#2762,#2763,#2764));
#460=EDGE_LOOP('',(#2765,#2766,#2767,#2768));
#461=EDGE_LOOP('',(#2769,#2770,#2771,#2772,#2773,#2774,#2775,#2776));
#462=EDGE_LOOP('',(#2777,#2778,#2779,#2780));
#463=EDGE_LOOP('',(#2781,#2782,#2783,#2784));
#464=EDGE_LOOP('',(#2785,#2786,#2787,#2788,#2789,#2790,#2791,#2792,#2793,
#2794,#2795,#2796));
#465=EDGE_LOOP('',(#2797,#2798,#2799,#2800,#2801,#2802,#2803,#2804));
#466=EDGE_LOOP('',(#2805,#2806,#2807,#2808));
#467=EDGE_LOOP('',(#2809,#2810,#2811,#2812));
#468=EDGE_LOOP('',(#2813,#2814,#2815,#2816));
#469=EDGE_LOOP('',(#2817,#2818,#2819,#2820));
#470=EDGE_LOOP('',(#2821,#2822,#2823,#2824));
#471=EDGE_LOOP('',(#2825,#2826,#2827,#2828,#2829,#2830,#2831,#2832));
#472=EDGE_LOOP('',(#2833,#2834,#2835,#2836,#2837));
#473=EDGE_LOOP('',(#2838,#2839,#2840,#2841,#2842,#2843,#2844,#2845,#2846));
#474=EDGE_LOOP('',(#2847,#2848,#2849,#2850));
#475=EDGE_LOOP('',(#2851,#2852,#2853,#2854,#2855));
#476=EDGE_LOOP('',(#2856,#2857,#2858,#2859,#2860,#2861));
#477=EDGE_LOOP('',(#2862,#2863,#2864,#2865));
#478=EDGE_LOOP('',(#2866,#2867,#2868,#2869));
#479=EDGE_LOOP('',(#2870,#2871,#2872,#2873));
#480=EDGE_LOOP('',(#2874,#2875,#2876,#2877));
#481=EDGE_LOOP('',(#2878,#2879,#2880,#2881));
#482=EDGE_LOOP('',(#2882,#2883,#2884,#2885));
#483=EDGE_LOOP('',(#2886,#2887,#2888,#2889));
#484=EDGE_LOOP('',(#2890,#2891,#2892,#2893));
#485=EDGE_LOOP('',(#2894,#2895,#2896,#2897,#2898,#2899,#2900,#2901,#2902,
#2903,#2904,#2905,#2906,#2907,#2908,#2909,#2910,#2911,#2912,#2913,#2914,
#2915,#2916,#2917));
#486=EDGE_LOOP('',(#2918,#2919,#2920,#2921,#2922,#2923,#2924,#2925,#2926,
#2927,#2928));
#487=EDGE_LOOP('',(#2929,#2930,#2931,#2932));
#488=EDGE_LOOP('',(#2933,#2934,#2935,#2936,#2937,#2938,#2939,#2940));
#489=EDGE_LOOP('',(#2941,#2942,#2943,#2944));
#490=EDGE_LOOP('',(#2945,#2946,#2947,#2948));
#491=EDGE_LOOP('',(#2949,#2950,#2951,#2952));
#492=EDGE_LOOP('',(#2953,#2954,#2955,#2956,#2957));
#493=EDGE_LOOP('',(#2958,#2959,#2960,#2961,#2962,#2963));
#494=EDGE_LOOP('',(#2964,#2965,#2966,#2967));
#495=EDGE_LOOP('',(#2968,#2969,#2970,#2971));
#496=EDGE_LOOP('',(#2972,#2973,#2974,#2975));
#497=EDGE_LOOP('',(#2976,#2977,#2978,#2979,#2980,#2981));
#498=EDGE_LOOP('',(#2982,#2983,#2984,#2985,#2986,#2987,#2988,#2989,#2990));
#499=EDGE_LOOP('',(#2991,#2992,#2993,#2994));
#500=EDGE_LOOP('',(#2995,#2996,#2997,#2998,#2999));
#501=EDGE_LOOP('',(#3000,#3001,#3002,#3003));
#502=EDGE_LOOP('',(#3004,#3005,#3006,#3007,#3008));
#503=EDGE_LOOP('',(#3009,#3010,#3011,#3012));
#504=EDGE_LOOP('',(#3013,#3014,#3015,#3016));
#505=EDGE_LOOP('',(#3017,#3018,#3019,#3020));
#506=EDGE_LOOP('',(#3021,#3022,#3023,#3024,#3025,#3026));
#507=EDGE_LOOP('',(#3027,#3028,#3029,#3030));
#508=EDGE_LOOP('',(#3031,#3032,#3033,#3034));
#509=EDGE_LOOP('',(#3035,#3036,#3037,#3038));
#510=EDGE_LOOP('',(#3039,#3040,#3041,#3042));
#511=EDGE_LOOP('',(#3043,#3044,#3045,#3046));
#512=EDGE_LOOP('',(#3047,#3048,#3049,#3050));
#513=EDGE_LOOP('',(#3051,#3052,#3053,#3054));
#514=EDGE_LOOP('',(#3055,#3056,#3057,#3058,#3059));
#515=EDGE_LOOP('',(#3060,#3061,#3062,#3063,#3064,#3065,#3066,#3067,#3068,
#3069,#3070,#3071));
#516=EDGE_LOOP('',(#3072,#3073,#3074,#3075,#3076,#3077,#3078,#3079,#3080,
#3081,#3082,#3083));
#517=EDGE_LOOP('',(#3084,#3085,#3086,#3087));
#518=EDGE_LOOP('',(#3088,#3089,#3090,#3091));
#519=EDGE_LOOP('',(#3092,#3093,#3094,#3095));
#520=EDGE_LOOP('',(#3096,#3097,#3098,#3099,#3100,#3101));
#521=EDGE_LOOP('',(#3102,#3103,#3104,#3105));
#522=EDGE_LOOP('',(#3106,#3107,#3108,#3109));
#523=EDGE_LOOP('',(#3110,#3111,#3112,#3113,#3114,#3115));
#524=EDGE_LOOP('',(#3116,#3117,#3118,#3119,#3120,#3121));
#525=EDGE_LOOP('',(#3122,#3123,#3124,#3125,#3126));
#526=EDGE_LOOP('',(#3127,#3128,#3129,#3130));
#527=EDGE_LOOP('',(#3131,#3132,#3133,#3134));
#528=EDGE_LOOP('',(#3135,#3136,#3137,#3138,#3139,#3140,#3141,#3142));
#529=EDGE_LOOP('',(#3143,#3144,#3145,#3146,#3147));
#530=EDGE_LOOP('',(#3148,#3149,#3150,#3151,#3152,#3153,#3154,#3155,#3156,
#3157,#3158,#3159,#3160,#3161,#3162,#3163));
#531=EDGE_LOOP('',(#3164,#3165,#3166));
#532=EDGE_LOOP('',(#3167,#3168,#3169));
#533=EDGE_LOOP('',(#3170,#3171,#3172,#3173,#3174,#3175,#3176,#3177));
#534=EDGE_LOOP('',(#3178,#3179,#3180,#3181));
#535=EDGE_LOOP('',(#3182,#3183,#3184,#3185));
#536=EDGE_LOOP('',(#3186,#3187,#3188,#3189,#3190));
#537=EDGE_LOOP('',(#3191,#3192,#3193,#3194,#3195,#3196,#3197,#3198,#3199));
#538=EDGE_LOOP('',(#3200,#3201,#3202,#3203));
#539=EDGE_LOOP('',(#3204,#3205,#3206,#3207,#3208,#3209,#3210));
#540=EDGE_LOOP('',(#3211,#3212,#3213,#3214));
#541=EDGE_LOOP('',(#3215,#3216,#3217,#3218));
#542=EDGE_LOOP('',(#3219,#3220,#3221,#3222,#3223,#3224,#3225));
#543=EDGE_LOOP('',(#3226,#3227,#3228,#3229,#3230,#3231));
#544=EDGE_LOOP('',(#3232,#3233,#3234,#3235));
#545=EDGE_LOOP('',(#3236,#3237,#3238,#3239,#3240,#3241));
#546=EDGE_LOOP('',(#3242,#3243,#3244,#3245,#3246,#3247,#3248,#3249,#3250,
#3251,#3252,#3253,#3254,#3255));
#547=EDGE_LOOP('',(#3256,#3257,#3258,#3259));
#548=EDGE_LOOP('',(#3260,#3261,#3262,#3263,#3264,#3265));
#549=EDGE_LOOP('',(#3266,#3267,#3268,#3269));
#550=EDGE_LOOP('',(#3270,#3271,#3272,#3273));
#551=EDGE_LOOP('',(#3274,#3275,#3276,#3277));
#552=EDGE_LOOP('',(#3278,#3279,#3280,#3281,#3282,#3283));
#553=EDGE_LOOP('',(#3284,#3285,#3286,#3287));
#554=EDGE_LOOP('',(#3288,#3289,#3290,#3291,#3292,#3293));
#555=EDGE_LOOP('',(#3294,#3295,#3296,#3297));
#556=EDGE_LOOP('',(#3298,#3299,#3300,#3301));
#557=EDGE_LOOP('',(#3302,#3303,#3304,#3305));
#558=EDGE_LOOP('',(#3306,#3307,#3308,#3309));
#559=EDGE_LOOP('',(#3310,#3311,#3312,#3313));
#560=EDGE_LOOP('',(#3314,#3315,#3316,#3317));
#561=EDGE_LOOP('',(#3318,#3319,#3320,#3321,#3322,#3323,#3324));
#562=EDGE_LOOP('',(#3325,#3326,#3327,#3328));
#563=EDGE_LOOP('',(#3329,#3330,#3331,#3332,#3333,#3334,#3335,#3336));
#564=EDGE_LOOP('',(#3337,#3338,#3339,#3340));
#565=EDGE_LOOP('',(#3341,#3342,#3343,#3344,#3345,#3346,#3347,#3348));
#566=EDGE_LOOP('',(#3349,#3350,#3351,#3352));
#567=EDGE_LOOP('',(#3353,#3354,#3355,#3356));
#568=EDGE_LOOP('',(#3357,#3358,#3359,#3360));
#569=EDGE_LOOP('',(#3361,#3362,#3363,#3364));
#570=EDGE_LOOP('',(#3365,#3366,#3367,#3368));
#571=EDGE_LOOP('',(#3369,#3370,#3371,#3372));
#572=EDGE_LOOP('',(#3373,#3374,#3375,#3376));
#573=EDGE_LOOP('',(#3377,#3378,#3379,#3380));
#574=EDGE_LOOP('',(#3381,#3382,#3383,#3384));
#575=EDGE_LOOP('',(#3385,#3386,#3387,#3388,#3389));
#576=EDGE_LOOP('',(#3390,#3391,#3392,#3393));
#577=EDGE_LOOP('',(#3394,#3395,#3396,#3397));
#578=EDGE_LOOP('',(#3398,#3399,#3400,#3401));
#579=EDGE_LOOP('',(#3402,#3403,#3404,#3405,#3406,#3407,#3408));
#580=EDGE_LOOP('',(#3409,#3410,#3411,#3412,#3413,#3414));
#581=EDGE_LOOP('',(#3415,#3416,#3417,#3418,#3419,#3420,#3421));
#582=EDGE_LOOP('',(#3422,#3423,#3424,#3425));
#583=EDGE_LOOP('',(#3426,#3427,#3428,#3429));
#584=EDGE_LOOP('',(#3430,#3431,#3432,#3433,#3434));
#585=EDGE_LOOP('',(#3435,#3436,#3437,#3438));
#586=EDGE_LOOP('',(#3439,#3440,#3441,#3442));
#587=EDGE_LOOP('',(#3443,#3444,#3445,#3446));
#588=EDGE_LOOP('',(#3447,#3448,#3449,#3450));
#589=EDGE_LOOP('',(#3451,#3452,#3453,#3454,#3455,#3456,#3457,#3458));
#590=EDGE_LOOP('',(#3459,#3460,#3461,#3462));
#591=EDGE_LOOP('',(#3463,#3464,#3465,#3466));
#592=EDGE_LOOP('',(#3467,#3468,#3469,#3470,#3471,#3472,#3473,#3474));
#593=EDGE_LOOP('',(#3475,#3476,#3477,#3478,#3479,#3480,#3481,#3482));
#594=EDGE_LOOP('',(#3483,#3484,#3485,#3486));
#595=EDGE_LOOP('',(#3487,#3488,#3489,#3490,#3491,#3492,#3493));
#596=EDGE_LOOP('',(#3494,#3495,#3496,#3497,#3498));
#597=EDGE_LOOP('',(#3499,#3500,#3501,#3502,#3503,#3504));
#598=EDGE_LOOP('',(#3505,#3506,#3507,#3508));
#599=EDGE_LOOP('',(#3509,#3510,#3511,#3512));
#600=EDGE_LOOP('',(#3513,#3514,#3515,#3516));
#601=EDGE_LOOP('',(#3517,#3518,#3519,#3520));
#602=EDGE_LOOP('',(#3521,#3522,#3523,#3524,#3525,#3526));
#603=EDGE_LOOP('',(#3527,#3528,#3529,#3530,#3531,#3532,#3533,#3534));
#604=EDGE_LOOP('',(#3535,#3536,#3537,#3538,#3539,#3540));
#605=EDGE_LOOP('',(#3541,#3542,#3543,#3544));
#606=EDGE_LOOP('',(#3545,#3546,#3547,#3548,#3549,#3550,#3551,#3552,#3553,
#3554));
#607=LINE('',#4785,#899);
#608=LINE('',#4787,#900);
#609=LINE('',#4788,#901);
#610=LINE('',#4826,#902);
#611=LINE('',#4943,#903);
#612=LINE('',#4947,#904);
#613=LINE('',#4949,#905);
#614=LINE('',#4956,#906);
#615=LINE('',#4960,#907);
#616=LINE('',#4970,#908);
#617=LINE('',#5034,#909);
#618=LINE('',#5057,#910);
#619=LINE('',#5059,#911);
#620=LINE('',#5061,#912);
#621=LINE('',#5071,#913);
#622=LINE('',#5073,#914);
#623=LINE('',#5075,#915);
#624=LINE('',#5076,#916);
#625=LINE('',#5080,#917);
#626=LINE('',#5082,#918);
#627=LINE('',#5084,#919);
#628=LINE('',#5085,#920);
#629=LINE('',#5089,#921);
#630=LINE('',#5103,#922);
#631=LINE('',#5104,#923);
#632=LINE('',#5107,#924);
#633=LINE('',#5109,#925);
#634=LINE('',#5110,#926);
#635=LINE('',#5218,#927);
#636=LINE('',#5220,#928);
#637=LINE('',#5222,#929);
#638=LINE('',#5223,#930);
#639=LINE('',#5226,#931);
#640=LINE('',#5228,#932);
#641=LINE('',#5229,#933);
#642=LINE('',#5232,#934);
#643=LINE('',#5233,#935);
#644=LINE('',#5239,#936);
#645=LINE('',#5240,#937);
#646=LINE('',#5243,#938);
#647=LINE('',#5245,#939);
#648=LINE('',#5246,#940);
#649=LINE('',#5249,#941);
#650=LINE('',#5251,#942);
#651=LINE('',#5259,#943);
#652=LINE('',#5260,#944);
#653=LINE('',#5372,#945);
#654=LINE('',#5415,#946);
#655=LINE('',#5502,#947);
#656=LINE('',#5504,#948);
#657=LINE('',#5505,#949);
#658=LINE('',#5508,#950);
#659=LINE('',#5510,#951);
#660=LINE('',#5518,#952);
#661=LINE('',#5519,#953);
#662=LINE('',#5644,#954);
#663=LINE('',#5646,#955);
#664=LINE('',#5742,#956);
#665=LINE('',#5809,#957);
#666=LINE('',#5811,#958);
#667=LINE('',#5813,#959);
#668=LINE('',#5815,#960);
#669=LINE('',#5817,#961);
#670=LINE('',#5825,#962);
#671=LINE('',#5828,#963);
#672=LINE('',#5829,#964);
#673=LINE('',#5832,#965);
#674=LINE('',#5833,#966);
#675=LINE('',#5836,#967);
#676=LINE('',#5838,#968);
#677=LINE('',#5840,#969);
#678=LINE('',#5842,#970);
#679=LINE('',#5844,#971);
#680=LINE('',#5845,#972);
#681=LINE('',#5848,#973);
#682=LINE('',#5849,#974);
#683=LINE('',#5869,#975);
#684=LINE('',#5870,#976);
#685=LINE('',#6189,#977);
#686=LINE('',#6191,#978);
#687=LINE('',#6193,#979);
#688=LINE('',#6194,#980);
#689=LINE('',#6299,#981);
#690=LINE('',#6301,#982);
#691=LINE('',#6303,#983);
#692=LINE('',#6304,#984);
#693=LINE('',#6350,#985);
#694=LINE('',#6354,#986);
#695=LINE('',#6358,#987);
#696=LINE('',#6361,#988);
#697=LINE('',#6366,#989);
#698=LINE('',#6370,#990);
#699=LINE('',#6374,#991);
#700=LINE('',#6377,#992);
#701=LINE('',#6382,#993);
#702=LINE('',#6386,#994);
#703=LINE('',#6390,#995);
#704=LINE('',#6393,#996);
#705=LINE('',#6400,#997);
#706=LINE('',#6404,#998);
#707=LINE('',#6409,#999);
#708=LINE('',#6431,#1000);
#709=LINE('',#6433,#1001);
#710=LINE('',#6449,#1002);
#711=LINE('',#6451,#1003);
#712=LINE('',#6478,#1004);
#713=LINE('',#6482,#1005);
#714=LINE('',#6486,#1006);
#715=LINE('',#6490,#1007);
#716=LINE('',#6494,#1008);
#717=LINE('',#6496,#1009);
#718=LINE('',#6530,#1010);
#719=LINE('',#6532,#1011);
#720=LINE('',#6536,#1012);
#721=LINE('',#6540,#1013);
#722=LINE('',#6544,#1014);
#723=LINE('',#6548,#1015);
#724=LINE('',#6552,#1016);
#725=LINE('',#6556,#1017);
#726=LINE('',#6560,#1018);
#727=LINE('',#6564,#1019);
#728=LINE('',#6784,#1020);
#729=LINE('',#6789,#1021);
#730=LINE('',#6900,#1022);
#731=LINE('',#6906,#1023);
#732=LINE('',#6980,#1024);
#733=LINE('',#6981,#1025);
#734=LINE('',#7131,#1026);
#735=LINE('',#7132,#1027);
#736=LINE('',#7135,#1028);
#737=LINE('',#7299,#1029);
#738=LINE('',#7301,#1030);
#739=LINE('',#7303,#1031);
#740=LINE('',#7305,#1032);
#741=LINE('',#7306,#1033);
#742=LINE('',#7307,#1034);
#743=LINE('',#7309,#1035);
#744=LINE('',#7311,#1036);
#745=LINE('',#7312,#1037);
#746=LINE('',#7314,#1038);
#747=LINE('',#7316,#1039);
#748=LINE('',#7318,#1040);
#749=LINE('',#7321,#1041);
#750=LINE('',#7323,#1042);
#751=LINE('',#7325,#1043);
#752=LINE('',#7327,#1044);
#753=LINE('',#7329,#1045);
#754=LINE('',#7331,#1046);
#755=LINE('',#7332,#1047);
#756=LINE('',#7335,#1048);
#757=LINE('',#7345,#1049);
#758=LINE('',#7376,#1050);
#759=LINE('',#7378,#1051);
#760=LINE('',#7381,#1052);
#761=LINE('',#7387,#1053);
#762=LINE('',#7389,#1054);
#763=LINE('',#7390,#1055);
#764=LINE('',#7392,#1056);
#765=LINE('',#7394,#1057);
#766=LINE('',#7396,#1058);
#767=LINE('',#7398,#1059);
#768=LINE('',#7400,#1060);
#769=LINE('',#7411,#1061);
#770=LINE('',#7428,#1062);
#771=LINE('',#7458,#1063);
#772=LINE('',#7483,#1064);
#773=LINE('',#7484,#1065);
#774=LINE('',#7502,#1066);
#775=LINE('',#7515,#1067);
#776=LINE('',#7517,#1068);
#777=LINE('',#7531,#1069);
#778=LINE('',#7540,#1070);
#779=LINE('',#7543,#1071);
#780=LINE('',#7544,#1072);
#781=LINE('',#7546,#1073);
#782=LINE('',#7596,#1074);
#783=LINE('',#7597,#1075);
#784=LINE('',#7615,#1076);
#785=LINE('',#7702,#1077);
#786=LINE('',#7726,#1078);
#787=LINE('',#7823,#1079);
#788=LINE('',#7825,#1080);
#789=LINE('',#7826,#1081);
#790=LINE('',#7829,#1082);
#791=LINE('',#7831,#1083);
#792=LINE('',#7834,#1084);
#793=LINE('',#7902,#1085);
#794=LINE('',#7956,#1086);
#795=LINE('',#8028,#1087);
#796=LINE('',#8029,#1088);
#797=LINE('',#8099,#1089);
#798=LINE('',#8101,#1090);
#799=LINE('',#8150,#1091);
#800=LINE('',#8176,#1092);
#801=LINE('',#8286,#1093);
#802=LINE('',#8438,#1094);
#803=LINE('',#8440,#1095);
#804=LINE('',#8479,#1096);
#805=LINE('',#8480,#1097);
#806=LINE('',#8559,#1098);
#807=LINE('',#8560,#1099);
#808=LINE('',#8575,#1100);
#809=LINE('',#8578,#1101);
#810=LINE('',#8579,#1102);
#811=LINE('',#8657,#1103);
#812=LINE('',#8658,#1104);
#813=LINE('',#8661,#1105);
#814=LINE('',#8663,#1106);
#815=LINE('',#8669,#1107);
#816=LINE('',#8671,#1108);
#817=LINE('',#8675,#1109);
#818=LINE('',#8677,#1110);
#819=LINE('',#8679,#1111);
#820=LINE('',#8681,#1112);
#821=LINE('',#8682,#1113);
#822=LINE('',#8684,#1114);
#823=LINE('',#8685,#1115);
#824=LINE('',#8688,#1116);
#825=LINE('',#8690,#1117);
#826=LINE('',#8691,#1118);
#827=LINE('',#8694,#1119);
#828=LINE('',#8701,#1120);
#829=LINE('',#8702,#1121);
#830=LINE('',#8704,#1122);
#831=LINE('',#8857,#1123);
#832=LINE('',#8858,#1124);
#833=LINE('',#8859,#1125);
#834=LINE('',#8875,#1126);
#835=LINE('',#8881,#1127);
#836=LINE('',#8892,#1128);
#837=LINE('',#8894,#1129);
#838=LINE('',#8896,#1130);
#839=LINE('',#8898,#1131);
#840=LINE('',#8900,#1132);
#841=LINE('',#8958,#1133);
#842=LINE('',#8960,#1134);
#843=LINE('',#8970,#1135);
#844=LINE('',#8989,#1136);
#845=LINE('',#8995,#1137);
#846=LINE('',#8997,#1138);
#847=LINE('',#8999,#1139);
#848=LINE('',#9711,#1140);
#849=LINE('',#9723,#1141);
#850=LINE('',#9727,#1142);
#851=LINE('',#9730,#1143);
#852=LINE('',#9732,#1144);
#853=LINE('',#9779,#1145);
#854=LINE('',#9791,#1146);
#855=LINE('',#9953,#1147);
#856=LINE('',#9955,#1148);
#857=LINE('',#9958,#1149);
#858=LINE('',#10124,#1150);
#859=LINE('',#10126,#1151);
#860=LINE('',#10127,#1152);
#861=LINE('',#10130,#1153);
#862=LINE('',#10133,#1154);
#863=LINE('',#10147,#1155);
#864=LINE('',#10148,#1156);
#865=LINE('',#10150,#1157);
#866=LINE('',#10239,#1158);
#867=LINE('',#10241,#1159);
#868=LINE('',#10243,#1160);
#869=LINE('',#10245,#1161);
#870=LINE('',#10247,#1162);
#871=LINE('',#10249,#1163);
#872=LINE('',#10252,#1164);
#873=LINE('',#10254,#1165);
#874=LINE('',#10429,#1166);
#875=LINE('',#10432,#1167);
#876=LINE('',#10435,#1168);
#877=LINE('',#10437,#1169);
#878=LINE('',#10439,#1170);
#879=LINE('',#10442,#1171);
#880=LINE('',#10538,#1172);
#881=LINE('',#10540,#1173);
#882=LINE('',#10542,#1174);
#883=LINE('',#10543,#1175);
#884=LINE('',#10546,#1176);
#885=LINE('',#10548,#1177);
#886=LINE('',#10549,#1178);
#887=LINE('',#10551,#1179);
#888=LINE('',#10553,#1180);
#889=LINE('',#10554,#1181);
#890=LINE('',#10556,#1182);
#891=LINE('',#10605,#1183);
#892=LINE('',#10607,#1184);
#893=LINE('',#10611,#1185);
#894=LINE('',#10612,#1186);
#895=LINE('',#10615,#1187);
#896=LINE('',#10616,#1188);
#897=LINE('',#10618,#1189);
#898=LINE('',#10621,#1190);
#899=VECTOR('',#4096,10.);
#900=VECTOR('',#4097,10.);
#901=VECTOR('',#4098,10.);
#902=VECTOR('',#4101,10.);
#903=VECTOR('',#4106,10.);
#904=VECTOR('',#4109,10.);
#905=VECTOR('',#4110,10.);
#906=VECTOR('',#4111,10.);
#907=VECTOR('',#4114,10.);
#908=VECTOR('',#4117,10.);
#909=VECTOR('',#4118,10.);
#910=VECTOR('',#4121,10.);
#911=VECTOR('',#4122,10.);
#912=VECTOR('',#4123,10.);
#913=VECTOR('',#4126,10.);
#914=VECTOR('',#4127,10.);
#915=VECTOR('',#4128,10.);
#916=VECTOR('',#4129,10.);
#917=VECTOR('',#4132,10.);
#918=VECTOR('',#4133,10.);
#919=VECTOR('',#4134,10.);
#920=VECTOR('',#4135,10.);
#921=VECTOR('',#4138,10.);
#922=VECTOR('',#4139,10.);
#923=VECTOR('',#4140,10.);
#924=VECTOR('',#4143,10.);
#925=VECTOR('',#4144,10.);
#926=VECTOR('',#4145,10.);
#927=VECTOR('',#4148,10.);
#928=VECTOR('',#4149,10.);
#929=VECTOR('',#4150,10.);
#930=VECTOR('',#4151,10.);
#931=VECTOR('',#4154,10.);
#932=VECTOR('',#4155,10.);
#933=VECTOR('',#4156,10.);
#934=VECTOR('',#4159,10.);
#935=VECTOR('',#4160,10.);
#936=VECTOR('',#4163,10.);
#937=VECTOR('',#4164,10.);
#938=VECTOR('',#4167,10.);
#939=VECTOR('',#4168,10.);
#940=VECTOR('',#4169,10.);
#941=VECTOR('',#4172,10.);
#942=VECTOR('',#4173,10.);
#943=VECTOR('',#4176,10.);
#944=VECTOR('',#4177,10.);
#945=VECTOR('',#4178,10.);
#946=VECTOR('',#4179,10.);
#947=VECTOR('',#4182,10.);
#948=VECTOR('',#4183,10.);
#949=VECTOR('',#4184,10.);
#950=VECTOR('',#4187,10.);
#951=VECTOR('',#4188,10.);
#952=VECTOR('',#4191,10.);
#953=VECTOR('',#4192,10.);
#954=VECTOR('',#4195,10.);
#955=VECTOR('',#4196,10.);
#956=VECTOR('',#4197,10.);
#957=VECTOR('',#4200,10.);
#958=VECTOR('',#4201,10.);
#959=VECTOR('',#4202,10.);
#960=VECTOR('',#4203,10.);
#961=VECTOR('',#4204,10.);
#962=VECTOR('',#4205,10.);
#963=VECTOR('',#4208,10.);
#964=VECTOR('',#4209,10.);
#965=VECTOR('',#4212,10.);
#966=VECTOR('',#4213,10.);
#967=VECTOR('',#4216,10.);
#968=VECTOR('',#4217,10.);
#969=VECTOR('',#4218,10.);
#970=VECTOR('',#4219,10.);
#971=VECTOR('',#4220,10.);
#972=VECTOR('',#4221,10.);
#973=VECTOR('',#4224,10.);
#974=VECTOR('',#4225,10.);
#975=VECTOR('',#4228,10.);
#976=VECTOR('',#4229,10.);
#977=VECTOR('',#4232,10.);
#978=VECTOR('',#4233,10.);
#979=VECTOR('',#4234,10.);
#980=VECTOR('',#4235,10.);
#981=VECTOR('',#4238,10.);
#982=VECTOR('',#4239,10.);
#983=VECTOR('',#4240,10.);
#984=VECTOR('',#4241,10.);
#985=VECTOR('',#4246,10.);
#986=VECTOR('',#4249,10.);
#987=VECTOR('',#4252,10.);
#988=VECTOR('',#4255,10.);
#989=VECTOR('',#4258,10.);
#990=VECTOR('',#4261,10.);
#991=VECTOR('',#4264,10.);
#992=VECTOR('',#4267,10.);
#993=VECTOR('',#4270,10.);
#994=VECTOR('',#4273,10.);
#995=VECTOR('',#4276,10.);
#996=VECTOR('',#4279,10.);
#997=VECTOR('',#4286,5.1);
#998=VECTOR('',#4291,4.1);
#999=VECTOR('',#4296,10.);
#1000=VECTOR('',#4297,10.);
#1001=VECTOR('',#4298,10.);
#1002=VECTOR('',#4299,10.);
#1003=VECTOR('',#4300,10.);
#1004=VECTOR('',#4301,10.);
#1005=VECTOR('',#4304,10.);
#1006=VECTOR('',#4307,10.);
#1007=VECTOR('',#4310,10.);
#1008=VECTOR('',#4313,10.);
#1009=VECTOR('',#4314,10.);
#1010=VECTOR('',#4315,10.);
#1011=VECTOR('',#4316,10.);
#1012=VECTOR('',#4319,10.);
#1013=VECTOR('',#4322,10.);
#1014=VECTOR('',#4325,10.);
#1015=VECTOR('',#4328,10.);
#1016=VECTOR('',#4331,10.);
#1017=VECTOR('',#4334,10.);
#1018=VECTOR('',#4337,10.);
#1019=VECTOR('',#4342,3.6);
#1020=VECTOR('',#4353,1.2645);
#1021=VECTOR('',#4360,1.6);
#1022=VECTOR('',#4363,10.);
#1023=VECTOR('',#4364,10.);
#1024=VECTOR('',#4367,10.);
#1025=VECTOR('',#4368,10.);
#1026=VECTOR('',#4371,10.);
#1027=VECTOR('',#4372,10.);
#1028=VECTOR('',#4375,10.);
#1029=VECTOR('',#4378,10.);
#1030=VECTOR('',#4379,10.);
#1031=VECTOR('',#4380,10.);
#1032=VECTOR('',#4381,10.);
#1033=VECTOR('',#4382,10.);
#1034=VECTOR('',#4383,10.);
#1035=VECTOR('',#4386,10.);
#1036=VECTOR('',#4389,10.);
#1037=VECTOR('',#4390,10.);
#1038=VECTOR('',#4393,10.);
#1039=VECTOR('',#4396,10.);
#1040=VECTOR('',#4399,10.);
#1041=VECTOR('',#4402,10.);
#1042=VECTOR('',#4403,10.);
#1043=VECTOR('',#4404,10.);
#1044=VECTOR('',#4405,10.);
#1045=VECTOR('',#4406,10.);
#1046=VECTOR('',#4407,1.);
#1047=VECTOR('',#4408,10.);
#1048=VECTOR('',#4411,10.);
#1049=VECTOR('',#4412,10.);
#1050=VECTOR('',#4417,10.);
#1051=VECTOR('',#4420,10.);
#1052=VECTOR('',#4423,10.);
#1053=VECTOR('',#4424,10.);
#1054=VECTOR('',#4427,10.);
#1055=VECTOR('',#4428,10.);
#1056=VECTOR('',#4431,10.);
#1057=VECTOR('',#4434,10.);
#1058=VECTOR('',#4437,10.);
#1059=VECTOR('',#4440,10.);
#1060=VECTOR('',#4443,10.);
#1061=VECTOR('',#4452,10.);
#1062=VECTOR('',#4455,10.);
#1063=VECTOR('',#4456,10.);
#1064=VECTOR('',#4457,10.);
#1065=VECTOR('',#4458,10.);
#1066=VECTOR('',#4461,10.);
#1067=VECTOR('',#4462,10.);
#1068=VECTOR('',#4463,10.);
#1069=VECTOR('',#4468,10.);
#1070=VECTOR('',#4469,10.);
#1071=VECTOR('',#4474,10.);
#1072=VECTOR('',#4475,10.);
#1073=VECTOR('',#4478,10.);
#1074=VECTOR('',#4481,10.);
#1075=VECTOR('',#4482,10.);
#1076=VECTOR('',#4485,10.);
#1077=VECTOR('',#4488,10.);
#1078=VECTOR('',#4489,10.);
#1079=VECTOR('',#4492,10.);
#1080=VECTOR('',#4493,10.);
#1081=VECTOR('',#4494,10.);
#1082=VECTOR('',#4497,10.);
#1083=VECTOR('',#4498,10.);
#1084=VECTOR('',#4503,10.);
#1085=VECTOR('',#4504,10.);
#1086=VECTOR('',#4505,10.);
#1087=VECTOR('',#4508,10.);
#1088=VECTOR('',#4509,10.);
#1089=VECTOR('',#4512,10.);
#1090=VECTOR('',#4513,10.);
#1091=VECTOR('',#4514,10.);
#1092=VECTOR('',#4515,10.);
#1093=VECTOR('',#4516,10.);
#1094=VECTOR('',#4519,10.);
#1095=VECTOR('',#4520,10.);
#1096=VECTOR('',#4523,10.);
#1097=VECTOR('',#4524,10.);
#1098=VECTOR('',#4527,10.);
#1099=VECTOR('',#4528,10.);
#1100=VECTOR('',#4529,10.);
#1101=VECTOR('',#4532,10.);
#1102=VECTOR('',#4533,10.);
#1103=VECTOR('',#4536,10.);
#1104=VECTOR('',#4537,10.);
#1105=VECTOR('',#4540,10.);
#1106=VECTOR('',#4541,10.);
#1107=VECTOR('',#4542,10.);
#1108=VECTOR('',#4545,10.);
#1109=VECTOR('',#4548,10.);
#1110=VECTOR('',#4549,10.);
#1111=VECTOR('',#4550,10.);
#1112=VECTOR('',#4551,10.);
#1113=VECTOR('',#4552,10.);
#1114=VECTOR('',#4555,10.);
#1115=VECTOR('',#4556,10.);
#1116=VECTOR('',#4559,10.);
#1117=VECTOR('',#4560,10.);
#1118=VECTOR('',#4561,10.);
#1119=VECTOR('',#4564,10.);
#1120=VECTOR('',#4565,10.);
#1121=VECTOR('',#4566,10.);
#1122=VECTOR('',#4569,10.);
#1123=VECTOR('',#4576,10.);
#1124=VECTOR('',#4577,10.);
#1125=VECTOR('',#4578,10.);
#1126=VECTOR('',#4581,10.);
#1127=VECTOR('',#4584,10.);
#1128=VECTOR('',#4587,10.);
#1129=VECTOR('',#4588,10.);
#1130=VECTOR('',#4589,10.);
#1131=VECTOR('',#4590,10.);
#1132=VECTOR('',#4591,10.);
#1133=VECTOR('',#4592,10.);
#1134=VECTOR('',#4595,10.);
#1135=VECTOR('',#4596,10.);
#1136=VECTOR('',#4597,10.);
#1137=VECTOR('',#4598,10.);
#1138=VECTOR('',#4601,10.);
#1139=VECTOR('',#4604,10.);
#1140=VECTOR('',#4613,10.);
#1141=VECTOR('',#4614,10.);
#1142=VECTOR('',#4617,10.);
#1143=VECTOR('',#4620,10.);
#1144=VECTOR('',#4623,10.);
#1145=VECTOR('',#4626,10.);
#1146=VECTOR('',#4627,10.);
#1147=VECTOR('',#4634,10.);
#1148=VECTOR('',#4637,10.);
#1149=VECTOR('',#4640,10.);
#1150=VECTOR('',#4647,10.);
#1151=VECTOR('',#4648,10.);
#1152=VECTOR('',#4649,10.);
#1153=VECTOR('',#4652,10.);
#1154=VECTOR('',#4657,10.);
#1155=VECTOR('',#4660,10.);
#1156=VECTOR('',#4661,10.);
#1157=VECTOR('',#4664,10.);
#1158=VECTOR('',#4669,10.);
#1159=VECTOR('',#4672,10.);
#1160=VECTOR('',#4675,10.);
#1161=VECTOR('',#4678,10.);
#1162=VECTOR('',#4681,10.);
#1163=VECTOR('',#4684,10.);
#1164=VECTOR('',#4689,10.);
#1165=VECTOR('',#4692,10.);
#1166=VECTOR('',#4703,10.);
#1167=VECTOR('',#4706,10.);
#1168=VECTOR('',#4709,10.);
#1169=VECTOR('',#4712,10.);
#1170=VECTOR('',#4715,10.);
#1171=VECTOR('',#4720,10.);
#1172=VECTOR('',#4725,10.);
#1173=VECTOR('',#4726,10.);
#1174=VECTOR('',#4727,10.);
#1175=VECTOR('',#4728,10.);
#1176=VECTOR('',#4731,10.);
#1177=VECTOR('',#4732,10.);
#1178=VECTOR('',#4733,10.);
#1179=VECTOR('',#4734,10.);
#1180=VECTOR('',#4735,10.);
#1181=VECTOR('',#4736,10.);
#1182=VECTOR('',#4739,10.);
#1183=VECTOR('',#4744,10.);
#1184=VECTOR('',#4747,10.);
#1185=VECTOR('',#4752,10.);
#1186=VECTOR('',#4753,10.);
#1187=VECTOR('',#4756,10.);
#1188=VECTOR('',#4757,10.);
#1189=VECTOR('',#4760,10.);
#1190=VECTOR('',#4765,10.);
#1191=B_SPLINE_CURVE_WITH_KNOTS('',3,(#4780,#4781,#4782,#4783),
 .UNSPECIFIED.,.F.,.F.,(4,4),(-0.174243604618391,-0.0604443923647811),
 .UNSPECIFIED.);
#1192=B_SPLINE_CURVE_WITH_KNOTS('',3,(#4791,#4792,#4793,#4794,#4795,#4796,
#4797,#4798,#4799,#4800,#4801,#4802,#4803,#4804,#4805,#4806,#4807,#4808,
#4809,#4810,#4811,#4812,#4813,#4814,#4815,#4816,#4817,#4818,#4819,#4820,
#4821,#4822,#4823,#4824),.UNSPECIFIED.,.F.,.F.,(4,3,3,3,3,3,3,3,3,3,3,4),
(1.32669080504664,1.34212575095401,1.37758077214418,1.41303579333434,1.45607606304103,
1.48376011608908,1.49740236499802,1.53725984796553,1.54760178617791,1.58126874077052,
1.58475237662028,1.61072925235997),.UNSPECIFIED.);
#1193=B_SPLINE_CURVE_WITH_KNOTS('',3,(#4855,#4856,#4857,#4858,#4859,#4860),
 .UNSPECIFIED.,.F.,.F.,(4,2,4),(0.2465,0.4305,0.51),.UNSPECIFIED.);
#1194=B_SPLINE_CURVE_WITH_KNOTS('',3,(#4862,#4863,#4864,#4865,#4866,#4867,
#4868),.UNSPECIFIED.,.F.,.F.,(4,3,4),(0.152969208746211,0.268439254433402,
0.863656301700301),.UNSPECIFIED.);
#1195=B_SPLINE_CURVE_WITH_KNOTS('',3,(#4870,#4871,#4872,#4873),
 .UNSPECIFIED.,.F.,.F.,(4,4),(0.161,0.6145),.UNSPECIFIED.);
#1196=B_SPLINE_CURVE_WITH_KNOTS('',3,(#4875,#4876,#4877,#4878,#4879,#4880,
#4881),.UNSPECIFIED.,.F.,.F.,(4,3,4),(0.,0.11770622767457,0.149298287063002),
 .UNSPECIFIED.);
#1197=B_SPLINE_CURVE_WITH_KNOTS('',3,(#4883,#4884,#4885,#4886),
 .UNSPECIFIED.,.F.,.F.,(4,4),(0.161,0.861),.UNSPECIFIED.);
#1198=B_SPLINE_CURVE_WITH_KNOTS('',3,(#4888,#4889,#4890,#4891,#4892,#4893,
#4894,#4895,#4896,#4897,#4898,#4899,#4900),.UNSPECIFIED.,.F.,.F.,(4,3,3,
3,4),(0.0406865949610664,0.761769695895365,1.5978790165959,1.75852726844336,
1.86103685783876),.UNSPECIFIED.);
#1199=B_SPLINE_CURVE_WITH_KNOTS('',3,(#4902,#4903,#4904,#4905),
 .UNSPECIFIED.,.F.,.F.,(4,4),(-0.861,-0.460284870555912),.UNSPECIFIED.);
#1200=B_SPLINE_CURVE_WITH_KNOTS('',3,(#4907,#4908,#4909,#4910,#4911,#4912,
#4913,#4914,#4915,#4916,#4917,#4918,#4919,#4920,#4921,#4922,#4923,#4924,
#4925,#4926,#4927,#4928,#4929,#4930,#4931,#4932,#4933,#4934),
 .UNSPECIFIED.,.F.,.F.,(4,3,3,3,3,3,3,3,3,4),(0.738105460522168,0.740353172106674,
0.76877868534169,0.770716103913495,0.79996598567261,0.812373731002201,0.844899658363151,
0.881735541462739,0.88663679501185,0.906233052215611),.UNSPECIFIED.);
#1201=B_SPLINE_CURVE_WITH_KNOTS('',3,(#4935,#4936,#4937,#4938,#4939,#4940),
 .UNSPECIFIED.,.F.,.F.,(4,2,4),(0.534497778612956,0.719334694587371,1.35636483434066),
 .UNSPECIFIED.);
#1202=B_SPLINE_CURVE_WITH_KNOTS('',3,(#4951,#4952,#4953,#4954),
 .UNSPECIFIED.,.F.,.F.,(4,4),(0.0620269049522549,0.0837010792747574),
 .UNSPECIFIED.);
#1203=B_SPLINE_CURVE_WITH_KNOTS('',3,(#4964,#4965,#4966,#4967,#4968,#4969),
 .UNSPECIFIED.,.F.,.F.,(4,2,4),(0.,0.0213164834899743,0.105856030023663),
 .UNSPECIFIED.);
#1204=B_SPLINE_CURVE_WITH_KNOTS('',3,(#5021,#5022,#5023,#5024,#5025,#5026,
#5027,#5028,#5029,#5030,#5031,#5032),.UNSPECIFIED.,.F.,.F.,(4,3,1,1,1,1,
1,4),(-0.00665375402724511,-3.12250225675825E-17,0.142857142857143,0.285714285714286,
0.571428571428571,0.714285714285714,0.857142857142857,1.),.UNSPECIFIED.);
#1205=B_SPLINE_CURVE_WITH_KNOTS('',3,(#5036,#5037,#5038,#5039,#5040,#5041,
#5042,#5043,#5044,#5045,#5046,#5047),.UNSPECIFIED.,.F.,.F.,(4,1,1,1,1,1,
3,4),(-1.,-0.857142857142857,-0.714285714285714,-0.571428571428571,-0.285714285714286,
-0.142857142857143,3.12250225675825E-17,0.00998063104086715),
 .UNSPECIFIED.);
#1206=B_SPLINE_CURVE_WITH_KNOTS('',3,(#5048,#5049,#5050,#5051,#5052,#5053),
 .UNSPECIFIED.,.F.,.F.,(4,2,4),(-0.144290369805237,-0.0721436265218666,
0.),.UNSPECIFIED.);
#1207=B_SPLINE_CURVE_WITH_KNOTS('',3,(#5062,#5063,#5064,#5065,#5066,#5067),
 .UNSPECIFIED.,.F.,.F.,(4,2,4),(0.,0.0835612362619042,0.167040943118097),
 .UNSPECIFIED.);
#1208=B_SPLINE_CURVE_WITH_KNOTS('',3,(#5091,#5092,#5093,#5094),
 .UNSPECIFIED.,.F.,.F.,(4,4),(-0.395879624894777,-0.395861360425985),
 .UNSPECIFIED.);
#1209=B_SPLINE_CURVE_WITH_KNOTS('',3,(#5096,#5097,#5098,#5099,#5100,#5101),
 .UNSPECIFIED.,.F.,.F.,(4,2,4),(-0.142096674389622,-0.0710481612529568,
0.),.UNSPECIFIED.);
#1210=B_SPLINE_CURVE_WITH_KNOTS('',3,(#5176,#5177,#5178,#5179,#5180,#5181,
#5182,#5183,#5184,#5185,#5186,#5187,#5188,#5189,#5190,#5191),
 .UNSPECIFIED.,.F.,.F.,(4,3,1,1,1,1,1,1,3,4),(-0.0063743282521555,0.,0.142857142857143,
0.285714285714286,0.428571428571429,0.571428571428571,0.714285714285714,
0.857142857142857,1.,1.00397677194915),.UNSPECIFIED.);
#1211=B_SPLINE_CURVE_WITH_KNOTS('',3,(#5193,#5194,#5195,#5196,#5197,#5198),
 .UNSPECIFIED.,.F.,.F.,(4,2,4),(0.,0.0709744052919149,0.141948951876244),
 .UNSPECIFIED.);
#1212=B_SPLINE_CURVE_WITH_KNOTS('',3,(#5199,#5200,#5201,#5202,#5203,#5204,
#5205,#5206,#5207,#5208,#5209,#5210,#5211,#5212,#5213,#5214),
 .UNSPECIFIED.,.F.,.F.,(4,3,1,1,1,1,1,1,3,4),(-1.00249847872539,-1.,-0.857142857142857,
-0.714285714285714,-0.571428571428571,-0.428571428571429,-0.285714285714286,
-0.142857142857143,0.,0.00404261166560574),.UNSPECIFIED.);
#1213=B_SPLINE_CURVE_WITH_KNOTS('',3,(#5234,#5235,#5236,#5237),
 .UNSPECIFIED.,.F.,.F.,(4,4),(-0.0253144354951691,-0.0253009789023447),
 .UNSPECIFIED.);
#1214=B_SPLINE_CURVE_WITH_KNOTS('',3,(#5252,#5253,#5254,#5255,#5256,#5257),
 .UNSPECIFIED.,.F.,.F.,(4,2,4),(0.,0.0831749652735891,0.166485511353312),
 .UNSPECIFIED.);
#1215=B_SPLINE_CURVE_WITH_KNOTS('',3,(#5302,#5303,#5304,#5305,#5306,#5307,
#5308,#5309,#5310,#5311),.UNSPECIFIED.,.F.,.F.,(4,3,1,1,1,4),(-0.0230820873599869,
-4.3441398180243E-15,0.131918367748039,0.395755103244125,0.659591838740212,
0.923428574037227),.UNSPECIFIED.);
#1216=B_SPLINE_CURVE_WITH_KNOTS('',3,(#5313,#5314,#5315,#5316,#5317,#5318,
#5319,#5320,#5321,#5322),.UNSPECIFIED.,.F.,.F.,(4,1,1,1,3,4),(-0.886277147444,
-0.659591838740212,-0.395755103244125,-0.131918367748039,4.3441398180243E-15,
0.0346231310399847),.UNSPECIFIED.);
#1217=B_SPLINE_CURVE_WITH_KNOTS('',3,(#5323,#5324,#5325,#5326,#5327,#5328),
 .UNSPECIFIED.,.F.,.F.,(4,2,4),(0.,0.0720396947667363,0.144082527253317),
 .UNSPECIFIED.);
#1218=B_SPLINE_CURVE_WITH_KNOTS('',3,(#5363,#5364,#5365,#5366,#5367,#5368,
#5369,#5370),.UNSPECIFIED.,.F.,.F.,(4,1,1,1,1,4),(0.023611069405951,0.163095202347958,
0.442063468231972,0.721031734115986,0.860515867057993,1.),.UNSPECIFIED.);
#1219=B_SPLINE_CURVE_WITH_KNOTS('',3,(#5374,#5375,#5376,#5377,#5378,#5379,
#5380,#5381),.UNSPECIFIED.,.F.,.F.,(4,1,1,1,1,4),(-1.,-0.860515867057993,
-0.721031734115986,-0.442063468231972,-0.163095202347958,-0.035507609112301),
 .UNSPECIFIED.);
#1220=B_SPLINE_CURVE_WITH_KNOTS('',3,(#5382,#5383,#5384,#5385,#5386,#5387,
#5388),.UNSPECIFIED.,.F.,.F.,(4,3,4),(-0.149732337349084,-0.0748707961623248,
0.),.UNSPECIFIED.);
#1221=B_SPLINE_CURVE_WITH_KNOTS('',3,(#5416,#5417,#5418,#5419,#5420,#5421),
 .UNSPECIFIED.,.F.,.F.,(4,2,4),(-0.273598139064673,-0.11719334201608,0.),
 .UNSPECIFIED.);
#1222=B_SPLINE_CURVE_WITH_KNOTS('',3,(#5422,#5423,#5424,#5425,#5426,#5427),
 .UNSPECIFIED.,.F.,.F.,(4,2,4),(0.,0.11719334201608,0.273598139064673),
 .UNSPECIFIED.);
#1223=B_SPLINE_CURVE_WITH_KNOTS('',3,(#5476,#5477,#5478,#5479,#5480,#5481,
#5482,#5483,#5484,#5485,#5486,#5487),.UNSPECIFIED.,.F.,.F.,(4,3,1,1,1,1,
1,4),(-1.00895715604912,-1.,-0.857142857142857,-0.714285714285714,-0.571428571428571,
-0.428571428571428,-0.142857142857142,1.47959692657557E-15),
 .UNSPECIFIED.);
#1224=B_SPLINE_CURVE_WITH_KNOTS('',3,(#5488,#5489,#5490,#5491,#5492,#5493,
#5494,#5495,#5496,#5497,#5498,#5499),.UNSPECIFIED.,.F.,.F.,(4,1,1,1,1,1,
3,4),(-1.47959692657557E-15,0.142857142857142,0.428571428571428,0.571428571428571,
0.714285714285714,0.857142857142857,1.,1.00597143736608),.UNSPECIFIED.);
#1225=B_SPLINE_CURVE_WITH_KNOTS('',3,(#5511,#5512,#5513,#5514,#5515,#5516),
 .UNSPECIFIED.,.F.,.F.,(4,2,4),(-0.141576688482933,-0.0707883148159604,
0.),.UNSPECIFIED.);
#1226=B_SPLINE_CURVE_WITH_KNOTS('',3,(#5597,#5598,#5599,#5600,#5601,#5602,
#5603,#5604,#5605,#5606,#5607,#5608,#5609,#5610,#5611,#5612,#5613,#5614,
#5615),.UNSPECIFIED.,.F.,.F.,(4,3,1,1,1,1,1,1,1,1,1,3,4),(-0.00312352360876289,
0.,0.142857142857143,0.214285714285714,0.285714285714286,0.357142857142857,
0.428571428571429,0.571428571428571,0.642857142857143,0.714285714285714,
0.857142857142857,1.,1.00234571124695),.UNSPECIFIED.);
#1227=B_SPLINE_CURVE_WITH_KNOTS('',3,(#5617,#5618,#5619,#5620,#5621,#5622,
#5623,#5624,#5625,#5626,#5627,#5628,#5629,#5630,#5631,#5632,#5633,#5634,
#5635),.UNSPECIFIED.,.F.,.F.,(4,3,1,1,1,1,1,1,1,1,1,3,4),(-1.00351856687042,
-1.,-0.857142857142857,-0.714285714285714,-0.642857142857143,-0.571428571428571,
-0.428571428571429,-0.357142857142857,-0.285714285714286,-0.214285714285714,
-0.142857142857143,0.,0.00468528541314639),.UNSPECIFIED.);
#1228=B_SPLINE_CURVE_WITH_KNOTS('',3,(#5636,#5637,#5638,#5639,#5640,#5641),
 .UNSPECIFIED.,.F.,.F.,(4,2,4),(0.,0.0708106095962684,0.14162132357587),
 .UNSPECIFIED.);
#1229=B_SPLINE_CURVE_WITH_KNOTS('',3,(#5647,#5648,#5649,#5650,#5651,#5652,
#5653),.UNSPECIFIED.,.F.,.F.,(4,3,4),(0.,0.0748455773980085,0.149718522341016),
 .UNSPECIFIED.);
#1230=B_SPLINE_CURVE_WITH_KNOTS('',3,(#5690,#5691,#5692,#5693,#5694,#5695,
#5696,#5697,#5698),.UNSPECIFIED.,.F.,.F.,(4,3,1,1,4),(-1.0338623140596,
-1.,-0.736629924180501,-0.473259848361001,-0.11609349676143),
 .UNSPECIFIED.);
#1231=B_SPLINE_CURVE_WITH_KNOTS('',3,(#5699,#5700,#5701,#5702,#5703,#5704,
#5705,#5706,#5707),.UNSPECIFIED.,.F.,.F.,(4,1,1,3,4),(0.0782047346317519,
0.473259848361001,0.736629924180501,1.,1.02257487603973),.UNSPECIFIED.);
#1232=B_SPLINE_CURVE_WITH_KNOTS('',3,(#5743,#5744,#5745,#5746,#5747,#5748,
#5749,#5750),.UNSPECIFIED.,.F.,.F.,(4,2,2,4),(-0.273597905549792,-0.195395623782937,
-0.117193342016081,0.),.UNSPECIFIED.);
#1233=B_SPLINE_CURVE_WITH_KNOTS('',3,(#5751,#5752,#5753,#5754,#5755,#5756,
#5757,#5758),.UNSPECIFIED.,.F.,.F.,(4,2,2,4),(0.,0.117193342016081,0.195395623782937,
0.273597905549792),.UNSPECIFIED.);
#1234=B_SPLINE_CURVE_WITH_KNOTS('',3,(#5791,#5792,#5793,#5794,#5795,#5796,
#5797,#5798),.UNSPECIFIED.,.F.,.F.,(4,1,1,1,1,4),(-0.968512992465233,-0.699318668711505,
-0.559454934969204,-0.279727467484601,-0.139863733742299,2.04387946541165E-15),
 .UNSPECIFIED.);
#1235=B_SPLINE_CURVE_WITH_KNOTS('',3,(#5799,#5800,#5801,#5802,#5803,#5804,
#5805,#5806),.UNSPECIFIED.,.F.,.F.,(4,1,1,1,1,4),(-2.04387946541165E-15,
0.139863733742299,0.279727467484601,0.559454934969204,0.699318668711505,
0.979046136196108),.UNSPECIFIED.);
#1236=B_SPLINE_CURVE_WITH_KNOTS('',3,(#5819,#5820,#5821,#5822,#5823,#5824),
 .UNSPECIFIED.,.F.,.F.,(4,2,4),(-0.985478531635007,-0.580523615881102,0.),
 .UNSPECIFIED.);
#1237=B_SPLINE_CURVE_WITH_KNOTS('',3,(#5852,#5853,#5854,#5855),
 .UNSPECIFIED.,.F.,.F.,(4,4),(0.1,0.5),.UNSPECIFIED.);
#1238=B_SPLINE_CURVE_WITH_KNOTS('',3,(#5857,#5858,#5859,#5860,#5861,#5862),
 .UNSPECIFIED.,.F.,.F.,(4,2,4),(0.5,0.5805,0.7),.UNSPECIFIED.);
#1239=B_SPLINE_CURVE_WITH_KNOTS('',3,(#5864,#5865,#5866,#5867),
 .UNSPECIFIED.,.F.,.F.,(4,4),(0.7,1.161),.UNSPECIFIED.);
#1240=B_SPLINE_CURVE_WITH_KNOTS('',3,(#5898,#5899,#5900,#5901,#5902,#5903),
 .UNSPECIFIED.,.F.,.F.,(4,2,4),(0.1,0.5805,1.061),.UNSPECIFIED.);
#1241=B_SPLINE_CURVE_WITH_KNOTS('',3,(#5905,#5906,#5907,#5908,#5909,#5910,
#5911),.UNSPECIFIED.,.F.,.F.,(4,3,4),(0.967585762711886,1.,1.0338623140596),
 .UNSPECIFIED.);
#1242=B_SPLINE_CURVE_WITH_KNOTS('',3,(#5913,#5914,#5915,#5916),
 .UNSPECIFIED.,.F.,.F.,(4,4),(-0.461,-0.1),.UNSPECIFIED.);
#1243=B_SPLINE_CURVE_WITH_KNOTS('',3,(#5918,#5919,#5920,#5921),
 .UNSPECIFIED.,.F.,.F.,(4,4),(0.461,0.661000000000001),.UNSPECIFIED.);
#1244=B_SPLINE_CURVE_WITH_KNOTS('',3,(#5922,#5923,#5924,#5925,#5926,#5927,
#5928,#5929,#5930,#5931,#5932,#5933,#5934,#5935,#5936,#5937,#5938,#5939,
#5940,#5941,#5942,#5943,#5944,#5945,#5946,#5947,#5948,#5949,#5950,#5951,
#5952,#5953,#5954,#5955,#5956,#5957,#5958,#5959,#5960,#5961,#5962,#5963,
#5964,#5965,#5966,#5967,#5968,#5969,#5970,#5971,#5972,#5973,#5974,#5975,
#5976,#5977,#5978,#5979,#5980,#5981,#5982,#5983,#5984,#5985,#5986,#5987,
#5988,#5989,#5990,#5991,#5992,#5993,#5994,#5995,#5996,#5997,#5998,#5999,
#6000,#6001,#6002,#6003,#6004,#6005,#6006,#6007,#6008,#6009,#6010,#6011,
#6012,#6013,#6014,#6015,#6016,#6017,#6018,#6019,#6020,#6021,#6022,#6023,
#6024,#6025,#6026,#6027,#6028,#6029,#6030,#6031,#6032,#6033,#6034,#6035,
#6036,#6037,#6038,#6039,#6040,#6041,#6042,#6043,#6044,#6045,#6046,#6047,
#6048,#6049,#6050,#6051,#6052,#6053,#6054,#6055,#6056),.UNSPECIFIED.,.F.,
 .F.,(4,1,1,1,1,1,1,1,1,1,1,1,1,1,1,1,1,1,1,1,1,1,1,1,1,1,1,1,1,1,1,1,1,
1,1,1,1,1,1,1,1,1,1,1,1,1,1,1,1,1,1,1,1,1,1,1,1,1,1,1,1,1,1,1,1,1,1,1,1,
1,1,1,1,1,1,1,1,1,1,1,1,1,1,1,1,1,1,1,1,1,1,1,1,1,1,1,1,1,1,1,1,1,1,1,1,
1,1,1,1,1,1,1,1,1,1,1,1,1,1,1,1,1,1,1,1,1,1,1,1,1,1,1,4),(-2.48268428974768,
-2.35828884230144,-2.3168236931527,-2.15096309655772,-1.81924190336775,
-1.48752071017778,-1.15579951698781,-1.13506694241344,-1.11433436783907,
-1.07286921869032,-0.98993892039283,-0.979572633105644,-0.969206345818457,
-0.958840058531271,-0.948473771244084,-0.907008622095339,-0.886276047520966,
-0.865543472946593,-0.84481089837222,-0.824078323797847,-0.782613174649101,
-0.772246887361914,-0.761880600074728,-0.751514312787542,-0.741148025500355,
-0.735964881856762,-0.730781738213169,-0.720415450925982,-0.699682876351609,
-0.694499732708016,-0.689316589064423,-0.678950301777236,-0.677654515866338,
-0.67635872995544,-0.673767158133643,-0.66858401449005,-0.663400870846456,
-0.658217727202863,-0.65303458355927,-0.650443011737473,-0.647851439915677,
-0.64525986809388,-0.642668296272084,-0.63748515262849,-0.636189366717592,
-0.634893580806694,-0.632302008984897,-0.6297104371631,-0.627118865341304,
-0.625823079430405,-0.624527293519507,-0.623231507608609,-0.621935721697711,
-0.619344149875914,-0.616752578054117,-0.606386290766931,-0.605090504856033,
-0.603794718945134,-0.602498933034236,-0.601203147123338,-0.596020003479744,
-0.594724217568846,-0.593428431657948,-0.590836859836151,-0.585653716192558,
-0.58435793028166,-0.583710037326211,-0.583062144370761,-0.581766358459863,
-0.580470572548965,-0.577879000727168,-0.575287428905371,-0.570104285261778,
-0.567512713439982,-0.564921141618185,-0.562329569796388,-0.554554854330998,
-0.551963282509202,-0.549371710687405,-0.546780138865609,-0.546132245910159,
-0.54548435295471,-0.544188567043812,-0.539005423400219,-0.533822279756626,
-0.532526493845727,-0.531230707934829,-0.528639136113032,-0.527343350202134,
-0.526047564291236,-0.524751778380337,-0.523455992469439,-0.518272848825846,
-0.513089705182253,-0.507906561538659,-0.502723417895066,-0.50013184607327,
-0.497540274251473,-0.494948702429676,-0.49235713060788,-0.489765558786083,
-0.488469772875185,-0.487821879919736,-0.487497933442011,-0.487173986964286,
-0.481990843320693,-0.479399271498896,-0.4768076996771,-0.474216127855303,
-0.472920341944405,-0.472272448988956,-0.471624556033507,-0.46903298421171,
-0.466441412389913,-0.46125826874632,-0.450891981459134,-0.44570883781554,
-0.440525694171947,-0.430159406884761,-0.424976263241167,-0.419793119597574,
-0.417201547775778,-0.414609975953981,-0.409426832310388,-0.367961683161642,
-0.347229108587269,-0.336862821300082,-0.326496534012896,-0.305763959438523,
-0.295397672151337,-0.28503138486415,-0.243566235715404,-0.160635937417912),
 .UNSPECIFIED.);
#1245=B_SPLINE_CURVE_WITH_KNOTS('',3,(#6096,#6097,#6098,#6099),
 .UNSPECIFIED.,.F.,.F.,(4,4),(-1.061,-0.1),.UNSPECIFIED.);
#1246=B_SPLINE_CURVE_WITH_KNOTS('',3,(#6100,#6101,#6102,#6103,#6104,#6105,
#6106,#6107,#6108,#6109,#6110,#6111),.UNSPECIFIED.,.F.,.F.,(4,3,1,1,1,1,
1,4),(-0.00998063104086696,3.71230823859037E-16,0.142857142857143,0.285714285714287,
0.42857142857143,0.571428571428573,0.714285714285716,1.),.UNSPECIFIED.);
#1247=B_SPLINE_CURVE_WITH_KNOTS('',3,(#6129,#6130,#6131,#6132),
 .UNSPECIFIED.,.F.,.F.,(4,4),(0.1,1.061),.UNSPECIFIED.);
#1248=B_SPLINE_CURVE_WITH_KNOTS('',3,(#6133,#6134,#6135,#6136,#6137,#6138),
 .UNSPECIFIED.,.F.,.F.,(4,2,4),(-0.273597905549791,-0.195395623782936,-4.83537161721329E-35),
 .UNSPECIFIED.);
#1249=B_SPLINE_CURVE_WITH_KNOTS('',3,(#6166,#6167,#6168,#6169,#6170,#6171),
 .UNSPECIFIED.,.F.,.F.,(4,2,4),(0.1,0.5805,1.061),.UNSPECIFIED.);
#1250=B_SPLINE_CURVE_WITH_KNOTS('',3,(#6172,#6173,#6174,#6175,#6176,#6177,
#6178,#6179),.UNSPECIFIED.,.F.,.F.,(4,1,1,1,1,4),(-2.24191658530977E-15,
0.139863733745638,0.279727467491278,0.559454934982558,0.839182402473838,
0.968514722562486),.UNSPECIFIED.);
#1251=B_SPLINE_CURVE_WITH_KNOTS('',3,(#6182,#6183,#6184,#6185,#6186,#6187),
 .UNSPECIFIED.,.F.,.F.,(4,2,4),(0.,0.5805,1.061),.UNSPECIFIED.);
#1252=B_SPLINE_CURVE_WITH_KNOTS('',3,(#6246,#6247,#6248,#6249,#6250,#6251),
 .UNSPECIFIED.,.F.,.F.,(4,2,4),(-1.161,-0.5805,-0.1),.UNSPECIFIED.);
#1253=B_SPLINE_CURVE_WITH_KNOTS('',3,(#6253,#6254,#6255,#6256,#6257,#6258,
#6259),.UNSPECIFIED.,.F.,.F.,(4,3,4),(-1.00351856687042,-1.,-0.963035337674781),
 .UNSPECIFIED.);
#1254=B_SPLINE_CURVE_WITH_KNOTS('',3,(#6261,#6262,#6263,#6264),
 .UNSPECIFIED.,.F.,.F.,(4,4),(-0.0999999999999999,0.),.UNSPECIFIED.);
#1255=B_SPLINE_CURVE_WITH_KNOTS('',3,(#6266,#6267,#6268,#6269,#6270,#6271,
#6272,#6273,#6274,#6275,#6276,#6277),.UNSPECIFIED.,.F.,.F.,(4,1,1,1,1,1,
1,1,1,4),(0.0485773968382479,0.1694941842526,0.303908998657804,0.371116405860406,
0.438323813063008,0.572738627468213,0.639946034670815,0.707153441873417,
0.841568256278621,0.963039546512101),.UNSPECIFIED.);
#1256=B_SPLINE_CURVE_WITH_KNOTS('',3,(#6279,#6280,#6281,#6282),
 .UNSPECIFIED.,.F.,.F.,(4,4),(-0.35,-0.25),.UNSPECIFIED.);
#1257=B_SPLINE_CURVE_WITH_KNOTS('',3,(#6283,#6284,#6285,#6286,#6287,#6288,
#6289),.UNSPECIFIED.,.F.,.F.,(4,3,4),(-0.0485857628412266,0.,0.00468528541312169),
 .UNSPECIFIED.);
#1258=B_SPLINE_CURVE_WITH_KNOTS('',3,(#6292,#6293,#6294,#6295,#6296,#6297),
 .UNSPECIFIED.,.F.,.F.,(4,2,4),(-1.061,-0.5805,-0.1),.UNSPECIFIED.);
#1259=B_SPLINE_CURVE_WITH_KNOTS('',3,(#6332,#6333,#6334,#6335),
 .UNSPECIFIED.,.F.,.F.,(4,4),(-1.061,-0.0999999999999997),.UNSPECIFIED.);
#1260=B_SPLINE_CURVE_WITH_KNOTS('',3,(#6336,#6337,#6338,#6339,#6340,#6341,
#6342,#6343,#6344),.UNSPECIFIED.,.F.,.F.,(4,1,1,1,1,1,4),(0.0355058722932026,
0.16309520235731,0.302579335297758,0.581547601178655,0.721031734119104,
0.860515867059552,1.),.UNSPECIFIED.);
#1261=B_SPLINE_CURVE_WITH_KNOTS('',3,(#6411,#6412,#6413,#6414,#6415,#6416,
#6417,#6418,#6419,#6420,#6421,#6422,#6423),.UNSPECIFIED.,.F.,.F.,(4,3,3,
3,4),(0.612633033709272,1.09620134365724,2.06597090690153,2.84970079805206,
2.99180075891599),.UNSPECIFIED.);
#1262=B_SPLINE_CURVE_WITH_KNOTS('',3,(#6424,#6425,#6426,#6427,#6428,#6429),
 .UNSPECIFIED.,.F.,.F.,(4,2,4),(0.0740592971740393,3.26653716647374,5.94159615656843),
 .UNSPECIFIED.);
#1263=B_SPLINE_CURVE_WITH_KNOTS('',3,(#6435,#6436,#6437,#6438,#6439,#6440,
#6441,#6442,#6443,#6444,#6445,#6446,#6447),.UNSPECIFIED.,.F.,.F.,(4,3,3,
3,4),(0.0227984684591007,2.14751325122426,4.92352649188936,7.46956533432867,
9.11962286383069),.UNSPECIFIED.);
#1264=B_SPLINE_CURVE_WITH_KNOTS('',3,(#6453,#6454,#6455,#6456,#6457,#6458,
#6459,#6460,#6461,#6462),.UNSPECIFIED.,.F.,.F.,(4,3,3,4),(0.218697943315966,
0.365932202883477,1.5650667186793,2.78128602249849),.UNSPECIFIED.);
#1265=B_SPLINE_CURVE_WITH_KNOTS('',3,(#6464,#6465,#6466,#6467,#6468,#6469),
 .UNSPECIFIED.,.F.,.F.,(4,2,4),(0.0437094143509286,3.987529433514,7.73909942275974),
 .UNSPECIFIED.);
#1266=B_SPLINE_CURVE_WITH_KNOTS('',3,(#6471,#6472,#6473,#6474,#6475,#6476),
 .UNSPECIFIED.,.F.,.F.,(4,2,4),(0.0747388593013371,2.44603061506381,5.21358808522294),
 .UNSPECIFIED.);
#1267=B_SPLINE_CURVE_WITH_KNOTS('',3,(#6498,#6499,#6500,#6501,#6502,#6503,
#6504,#6505,#6506,#6507,#6508,#6509,#6510,#6511,#6512,#6513,#6514,#6515,
#6516,#6517,#6518,#6519,#6520,#6521,#6522,#6523,#6524,#6525,#6526,#6527,
#6528),.UNSPECIFIED.,.F.,.F.,(4,3,3,3,3,3,3,3,3,3,4),(0.0111458034366302,
0.869553110526683,1.4211370756949,1.95518955894494,3.18229341085035,3.64245735531487,
3.91067051221638,4.64890412580392,4.97707793993388,5.29098236290649,6.86360496656655),
 .UNSPECIFIED.);
#1268=B_SPLINE_CURVE_WITH_KNOTS('',3,(#6587,#6588,#6589,#6590),
 .UNSPECIFIED.,.F.,.F.,(4,4),(0.,0.184287219381386),.UNSPECIFIED.);
#1269=B_SPLINE_CURVE_WITH_KNOTS('',3,(#6592,#6593,#6594,#6595),
 .UNSPECIFIED.,.F.,.F.,(4,4),(-1.2143064331838E-17,0.161000000000001),
 .UNSPECIFIED.);
#1270=B_SPLINE_CURVE_WITH_KNOTS('',3,(#6597,#6598,#6599,#6600),
 .UNSPECIFIED.,.F.,.F.,(4,4),(0.,0.184287219381386),.UNSPECIFIED.);
#1271=B_SPLINE_CURVE_WITH_KNOTS('',3,(#6601,#6602,#6603,#6604),
 .UNSPECIFIED.,.F.,.F.,(4,4),(-0.161000000000001,1.2143064331838E-17),
 .UNSPECIFIED.);
#1272=B_SPLINE_CURVE_WITH_KNOTS('',3,(#6644,#6645,#6646,#6647,#6648,#6649,
#6650,#6651,#6652,#6653,#6654,#6655,#6656,#6657,#6658,#6659),
 .UNSPECIFIED.,.F.,.F.,(4,3,3,3,3,4),(-0.00166343850681559,0.,0.285884842014192,
0.642942421007096,0.950769414450995,0.985922672603584),.UNSPECIFIED.);
#1273=B_SPLINE_CURVE_WITH_KNOTS('',3,(#6661,#6662,#6663,#6664),
 .UNSPECIFIED.,.F.,.F.,(4,4),(0.,0.161),.UNSPECIFIED.);
#1274=B_SPLINE_CURVE_WITH_KNOTS('',3,(#6665,#6666,#6667,#6668,#6669,#6670,
#6671,#6672,#6673,#6674,#6675,#6676,#6677,#6678,#6679,#6680),
 .UNSPECIFIED.,.F.,.F.,(4,3,3,3,3,4),(0.0919947785976686,0.175827355988154,
0.909925178123252,1.76142682254708,2.44319757161656,2.44716449658129),
 .UNSPECIFIED.);
#1275=B_SPLINE_CURVE_WITH_KNOTS('',3,(#6699,#6700,#6701,#6702),
 .UNSPECIFIED.,.F.,.F.,(4,4),(0.,0.184023382748328),.UNSPECIFIED.);
#1276=B_SPLINE_CURVE_WITH_KNOTS('',3,(#6704,#6705,#6706,#6707),
 .UNSPECIFIED.,.F.,.F.,(4,4),(-6.76542155630955E-17,0.161),
 .UNSPECIFIED.);
#1277=B_SPLINE_CURVE_WITH_KNOTS('',3,(#6709,#6710,#6711,#6712),
 .UNSPECIFIED.,.F.,.F.,(4,4),(0.,0.18402338274833),.UNSPECIFIED.);
#1278=B_SPLINE_CURVE_WITH_KNOTS('',3,(#6713,#6714,#6715,#6716),
 .UNSPECIFIED.,.F.,.F.,(4,4),(-0.161,6.76542155630955E-17),
 .UNSPECIFIED.);
#1279=B_SPLINE_CURVE_WITH_KNOTS('',3,(#6750,#6751,#6752,#6753,#6754,#6755,
#6756,#6757,#6758,#6759,#6760,#6761,#6762),.UNSPECIFIED.,.F.,.F.,(4,3,3,
3,4),(0.00587884118777606,0.294474097931246,0.670892988158862,0.962282589734496,
0.983792403710668),.UNSPECIFIED.);
#1280=B_SPLINE_CURVE_WITH_KNOTS('',3,(#6764,#6765,#6766,#6767),
 .UNSPECIFIED.,.F.,.F.,(4,4),(-0.161,0.),.UNSPECIFIED.);
#1281=B_SPLINE_CURVE_WITH_KNOTS('',3,(#6768,#6769,#6770,#6771,#6772,#6773,
#6774,#6775,#6776,#6777,#6778,#6779,#6780),.UNSPECIFIED.,.F.,.F.,(4,3,3,
3,4),(0.0947007129066037,0.140391277901015,0.759353187298911,1.55893201155647,
2.17195824925097),.UNSPECIFIED.);
#1282=B_SPLINE_CURVE_WITH_KNOTS('',3,(#6817,#6818,#6819,#6820,#6821,#6822,
#6823,#6824),.UNSPECIFIED.,.F.,.F.,(4,2,2,4),(0.,0.0732982130758066,0.132706588675809,
0.14063353225173),.UNSPECIFIED.);
#1283=B_SPLINE_CURVE_WITH_KNOTS('',3,(#6826,#6827,#6828,#6829),
 .UNSPECIFIED.,.F.,.F.,(4,4),(1.05,1.75),.UNSPECIFIED.);
#1284=B_SPLINE_CURVE_WITH_KNOTS('',3,(#6831,#6832,#6833,#6834,#6835,#6836,
#6837,#6838,#6839,#6840,#6841,#6842,#6843),.UNSPECIFIED.,.F.,.F.,(4,3,3,
3,4),(0.0553478486258618,1.30496298475617,4.45010778542955,8.9732508816619,
11.8765902193054),.UNSPECIFIED.);
#1285=B_SPLINE_CURVE_WITH_KNOTS('',3,(#6844,#6845,#6846,#6847),
 .UNSPECIFIED.,.F.,.F.,(4,4),(0.0500000000000014,0.239500000000002),
 .UNSPECIFIED.);
#1286=B_SPLINE_CURVE_WITH_KNOTS('',3,(#6881,#6882,#6883,#6884,#6885,#6886,
#6887,#6888,#6889,#6890,#6891,#6892,#6893),.UNSPECIFIED.,.F.,.F.,(4,3,3,
3,4),(0.,0.284268853360434,1.85210881718742,3.79211837165957,4.75948956693667),
 .UNSPECIFIED.);
#1287=B_SPLINE_CURVE_WITH_KNOTS('',3,(#6894,#6895,#6896,#6897),
 .UNSPECIFIED.,.F.,.F.,(4,4),(0.05,0.75),.UNSPECIFIED.);
#1288=B_SPLINE_CURVE_WITH_KNOTS('',3,(#6902,#6903,#6904,#6905),
 .UNSPECIFIED.,.F.,.F.,(4,4),(1.05,1.75),.UNSPECIFIED.);
#1289=B_SPLINE_CURVE_WITH_KNOTS('',3,(#6952,#6953,#6954,#6955,#6956,#6957,
#6958,#6959,#6960,#6961,#6962,#6963,#6964,#6965,#6966,#6967,#6968,#6969,
#6970,#6971,#6972,#6973),.UNSPECIFIED.,.F.,.F.,(4,3,3,3,3,3,3,4),(0.,0.0356821693675438,
0.193296830306822,0.342685846060517,0.462158531343869,0.571647400207077,
0.731283755750376,0.867198705719641),.UNSPECIFIED.);
#1290=B_SPLINE_CURVE_WITH_KNOTS('',3,(#6974,#6975,#6976,#6977),
 .UNSPECIFIED.,.F.,.F.,(4,4),(-0.861,-0.161),.UNSPECIFIED.);
#1291=B_SPLINE_CURVE_WITH_KNOTS('',3,(#7016,#7017,#7018,#7019,#7020,#7021),
 .UNSPECIFIED.,.F.,.F.,(4,2,4),(0.456881895845167,1.4623000933252,2.34275586800711),
 .UNSPECIFIED.);
#1292=B_SPLINE_CURVE_WITH_KNOTS('',3,(#7022,#7023,#7024,#7025),
 .UNSPECIFIED.,.F.,.F.,(4,4),(0.,0.700000000000001),.UNSPECIFIED.);
#1293=B_SPLINE_CURVE_WITH_KNOTS('',3,(#7026,#7027,#7028,#7029),
 .UNSPECIFIED.,.F.,.F.,(4,4),(-0.861,-0.161),.UNSPECIFIED.);
#1294=B_SPLINE_CURVE_WITH_KNOTS('',3,(#7057,#7058,#7059,#7060,#7061,#7062,
#7063,#7064,#7065,#7066,#7067,#7068,#7069),.UNSPECIFIED.,.F.,.F.,(4,3,3,
3,4),(0.,0.182833803091061,1.79211749886244,3.65776472873647,5.1231434357243),
 .UNSPECIFIED.);
#1295=B_SPLINE_CURVE_WITH_KNOTS('',3,(#7070,#7071,#7072,#7073),
 .UNSPECIFIED.,.F.,.F.,(4,4),(1.05,1.75),.UNSPECIFIED.);
#1296=B_SPLINE_CURVE_WITH_KNOTS('',3,(#7096,#7097,#7098,#7099,#7100,#7101,
#7102),.UNSPECIFIED.,.F.,.F.,(4,3,4),(1.94249507938971,2.12219742449386,
2.29243433004465),.UNSPECIFIED.);
#1297=B_SPLINE_CURVE_WITH_KNOTS('',3,(#7104,#7105,#7106,#7107),
 .UNSPECIFIED.,.F.,.F.,(4,4),(0.000274795495753821,0.300274795495754),
 .UNSPECIFIED.);
#1298=B_SPLINE_CURVE_WITH_KNOTS('',3,(#7109,#7110,#7111,#7112,#7113,#7114,
#7115),.UNSPECIFIED.,.F.,.F.,(4,3,4),(0.0842599407495787,1.0495232093907,
1.94249507938971),.UNSPECIFIED.);
#1299=B_SPLINE_CURVE_WITH_KNOTS('',3,(#7117,#7118,#7119,#7120),
 .UNSPECIFIED.,.F.,.F.,(4,4),(0.000274795495753978,0.300274795495754),
 .UNSPECIFIED.);
#1300=B_SPLINE_CURVE_WITH_KNOTS('',3,(#7121,#7122,#7123,#7124),
 .UNSPECIFIED.,.F.,.F.,(4,4),(0.,0.0842599407495798),.UNSPECIFIED.);
#1301=B_SPLINE_CURVE_WITH_KNOTS('',3,(#7125,#7126,#7127,#7128),
 .UNSPECIFIED.,.F.,.F.,(4,4),(-1.75,-1.05),.UNSPECIFIED.);
#1302=B_SPLINE_CURVE_WITH_KNOTS('',3,(#7136,#7137,#7138,#7139),
 .UNSPECIFIED.,.F.,.F.,(4,4),(1.05,1.75),.UNSPECIFIED.);
#1303=B_SPLINE_CURVE_WITH_KNOTS('',3,(#7168,#7169,#7170,#7171,#7172,#7173,
#7174),.UNSPECIFIED.,.F.,.F.,(4,3,4),(7.47247930598756,10.155565726404,
14.4579607175912),.UNSPECIFIED.);
#1304=B_SPLINE_CURVE_WITH_KNOTS('',3,(#7176,#7177,#7178,#7179),
 .UNSPECIFIED.,.F.,.F.,(4,4),(0.0501124264809769,0.210292026480977),
 .UNSPECIFIED.);
#1305=B_SPLINE_CURVE_WITH_KNOTS('',3,(#7181,#7182,#7183,#7184,#7185,#7186,
#7187,#7188,#7189,#7190,#7191,#7192,#7193,#7194,#7195,#7196,#7197,#7198,
#7199,#7200,#7201,#7202,#7203,#7204,#7205,#7206,#7207,#7208,#7209,#7210,
#7211,#7212,#7213,#7214,#7215,#7216,#7217,#7218,#7219,#7220,#7221,#7222,
#7223,#7224,#7225,#7226,#7227,#7228,#7229,#7230,#7231,#7232,#7233,#7234,
#7235,#7236,#7237,#7238,#7239,#7240,#7241,#7242,#7243,#7244,#7245,#7246,
#7247,#7248,#7249,#7250,#7251,#7252,#7253,#7254,#7255,#7256),
 .UNSPECIFIED.,.F.,.F.,(4,3,3,3,3,3,3,3,3,3,3,3,3,3,3,3,3,3,3,3,3,3,3,3,
3,4),(0.,0.0576598643541678,0.112608937795596,0.174494255491723,0.23959771928661,
0.285824174273157,0.391217052491882,0.447835719878354,0.51181100240328,
0.571692214717057,0.608803021111033,0.65518834295681,0.681917190572177,
0.704498149846444,0.731224244025523,0.77887232167173,0.836335664546851,
0.876889766078018,0.944120149846828,1.00927133319254,1.09229576014765,1.15678244488766,
1.21628038578932,1.27476010140344,1.3299042456948,1.38504838998615),
 .UNSPECIFIED.);
#1306=B_SPLINE_CURVE_WITH_KNOTS('',3,(#7258,#7259,#7260,#7261),
 .UNSPECIFIED.,.F.,.F.,(4,4),(0.161,0.3211796),.UNSPECIFIED.);
#1307=B_SPLINE_CURVE_WITH_KNOTS('',3,(#7263,#7264,#7265,#7266,#7267,#7268,
#7269),.UNSPECIFIED.,.F.,.F.,(4,3,4),(3.94869611866946,4.84512625846833,
5.28519835889405),.UNSPECIFIED.);
#1308=B_SPLINE_CURVE_WITH_KNOTS('',3,(#7271,#7272,#7273,#7274),
 .UNSPECIFIED.,.F.,.F.,(4,4),(0.05,0.653500000000001),.UNSPECIFIED.);
#1309=B_SPLINE_CURVE_WITH_KNOTS('',3,(#7276,#7277,#7278,#7279),
 .UNSPECIFIED.,.F.,.F.,(4,4),(0.124276643701911,1.64819452514575),
 .UNSPECIFIED.);
#1310=B_SPLINE_CURVE_WITH_KNOTS('',3,(#7281,#7282,#7283,#7284),
 .UNSPECIFIED.,.F.,.F.,(4,4),(0.161,0.764500000000001),.UNSPECIFIED.);
#1311=B_SPLINE_CURVE_WITH_KNOTS('',3,(#7285,#7286,#7287,#7288,#7289,#7290,
#7291),.UNSPECIFIED.,.F.,.F.,(4,3,4),(0.,1.5891764652429,1.78784891412075),
 .UNSPECIFIED.);
#1312=B_SPLINE_CURVE_WITH_KNOTS('',3,(#7292,#7293,#7294,#7295),
 .UNSPECIFIED.,.F.,.F.,(4,4),(-0.861,-0.161),.UNSPECIFIED.);
#1313=B_SPLINE_CURVE_WITH_KNOTS('',3,(#7337,#7338,#7339,#7340,#7341,#7342,
#7343,#7344),.UNSPECIFIED.,.F.,.F.,(4,1,1,2,4),(-0.178004634322231,0.222725995941627,
0.423091311073556,0.823821941337414,0.838664744222599),.UNSPECIFIED.);
#1314=B_SPLINE_CURVE_WITH_KNOTS('',3,(#7348,#7349,#7350,#7351),
 .UNSPECIFIED.,.F.,.F.,(4,4),(0.41605638928428,0.513341221289508),
 .UNSPECIFIED.);
#1315=B_SPLINE_CURVE_WITH_KNOTS('',3,(#7353,#7354,#7355,#7356),
 .UNSPECIFIED.,.F.,.F.,(4,4),(0.356986460846262,0.41605638928428),
 .UNSPECIFIED.);
#1316=B_SPLINE_CURVE_WITH_KNOTS('',3,(#7358,#7359,#7360,#7361),
 .UNSPECIFIED.,.F.,.F.,(4,4),(-0.549456051490285,-0.375476420698689),
 .UNSPECIFIED.);
#1317=B_SPLINE_CURVE_WITH_KNOTS('',3,(#7363,#7364,#7365,#7366,#7367,#7368),
 .UNSPECIFIED.,.F.,.F.,(4,2,4),(-0.424118348251177,-0.367653057937723,-0.3465),
 .UNSPECIFIED.);
#1318=B_SPLINE_CURVE_WITH_KNOTS('',3,(#7369,#7370,#7371,#7372,#7373,#7374),
 .UNSPECIFIED.,.F.,.F.,(4,2,4),(0.,0.141588751941937,0.283189182865668),
 .UNSPECIFIED.);
#1319=B_SPLINE_CURVE_WITH_KNOTS('',3,(#7383,#7384,#7385,#7386),
 .UNSPECIFIED.,.F.,.F.,(4,4),(-2.661,-2.5),.UNSPECIFIED.);
#1320=B_SPLINE_CURVE_WITH_KNOTS('',3,(#7405,#7406,#7407,#7408),
 .UNSPECIFIED.,.F.,.F.,(4,4),(0.161,0.461),.UNSPECIFIED.);
#1321=B_SPLINE_CURVE_WITH_KNOTS('',3,(#7414,#7415,#7416,#7417,#7418,#7419,
#7420,#7421,#7422,#7423,#7424,#7425,#7426),.UNSPECIFIED.,.F.,.F.,(4,3,3,
3,4),(0.018459805931842,0.2953091052069,0.676794596379468,0.967213289941658,
0.994776455030472),.UNSPECIFIED.);
#1322=B_SPLINE_CURVE_WITH_KNOTS('',3,(#7430,#7431,#7432,#7433,#7434,#7435,
#7436,#7437,#7438,#7439,#7440,#7441,#7442,#7443,#7444,#7445,#7446,#7447,
#7448,#7449,#7450,#7451,#7452,#7453,#7454,#7455,#7456,#7457),
 .UNSPECIFIED.,.F.,.F.,(4,3,3,3,3,3,3,3,3,4),(-0.000780880902209159,0.,
0.169129940187028,0.341096509993061,0.475601205206825,0.620484100098249,
0.787750808197744,0.978342411850257,1.,1.00058642781174),.UNSPECIFIED.);
#1323=B_SPLINE_CURVE_WITH_KNOTS('',3,(#7460,#7461,#7462,#7463,#7464,#7465,
#7466,#7467,#7468,#7469,#7470,#7471,#7472,#7473,#7474,#7475),
 .UNSPECIFIED.,.F.,.F.,(4,3,3,3,3,4),(0.0118595837259236,0.256172429439991,
0.601495274673534,0.865608814889102,1.,1.00149285934152),.UNSPECIFIED.);
#1324=B_SPLINE_CURVE_WITH_KNOTS('',3,(#7476,#7477,#7478,#7479,#7480,#7481,
#7482),.UNSPECIFIED.,.F.,.F.,(4,3,4),(-0.0057705218399791,0.,0.0248369777132299),
 .UNSPECIFIED.);
#1325=B_SPLINE_CURVE_WITH_KNOTS('',3,(#7486,#7487,#7488,#7489),
 .UNSPECIFIED.,.F.,.F.,(4,4),(0.229705017058634,0.326480624130532),
 .UNSPECIFIED.);
#1326=B_SPLINE_CURVE_WITH_KNOTS('',3,(#7490,#7491,#7492,#7493,#7494,#7495,
#7496,#7497,#7498,#7499),.UNSPECIFIED.,.F.,.F.,(4,3,3,4),(0.891069150884559,
0.965956546267647,1.,1.00564371900994),.UNSPECIFIED.);
#1327=B_SPLINE_CURVE_WITH_KNOTS('',3,(#7504,#7505,#7506,#7507,#7508,#7509,
#7510,#7511,#7512,#7513),.UNSPECIFIED.,.F.,.F.,(4,3,3,4),(-0.208929314850243,
-0.150177336566809,0.,0.00101065291640166),.UNSPECIFIED.);
#1328=B_SPLINE_CURVE_WITH_KNOTS('',3,(#7519,#7520,#7521,#7522),
 .UNSPECIFIED.,.F.,.F.,(4,4),(0.0198550785277766,0.121686785381566),
 .UNSPECIFIED.);
#1329=B_SPLINE_CURVE_WITH_KNOTS('',3,(#7524,#7525,#7526,#7527),
 .UNSPECIFIED.,.F.,.F.,(4,4),(0.,0.0126752019464256),.UNSPECIFIED.);
#1330=B_SPLINE_CURVE_WITH_KNOTS('',3,(#7533,#7534,#7535,#7536,#7537,#7538,
#7539),.UNSPECIFIED.,.F.,.F.,(4,3,4),(-0.494927983942748,-0.428577017464526,
-0.398750130533768),.UNSPECIFIED.);
#1331=B_SPLINE_CURVE_WITH_KNOTS('',3,(#7580,#7581,#7582,#7583,#7584,#7585,
#7586,#7587),.UNSPECIFIED.,.F.,.F.,(4,2,1,1,4),(-0.823822543417395,-0.823821941337414,
-0.423091311073556,-0.222725995941627,2.21734609867483E-5),
 .UNSPECIFIED.);
#1332=B_SPLINE_CURVE_WITH_KNOTS('',3,(#7588,#7589,#7590,#7591,#7592,#7593),
 .UNSPECIFIED.,.F.,.F.,(4,2,4),(-0.333299818895375,-0.166341068262219,0.),
 .UNSPECIFIED.);
#1333=B_SPLINE_CURVE_WITH_KNOTS('',3,(#7601,#7602,#7603,#7604),
 .UNSPECIFIED.,.F.,.F.,(4,4),(0.381380221595044,0.383093135772683),
 .UNSPECIFIED.);
#1334=B_SPLINE_CURVE_WITH_KNOTS('',3,(#7606,#7607,#7608,#7609),
 .UNSPECIFIED.,.F.,.F.,(4,4),(-0.41605638928428,-0.337916726284688),
 .UNSPECIFIED.);
#1335=B_SPLINE_CURVE_WITH_KNOTS('',3,(#7610,#7611,#7612,#7613),
 .UNSPECIFIED.,.F.,.F.,(4,4),(-0.65767735831788,-0.41605638928428),
 .UNSPECIFIED.);
#1336=B_SPLINE_CURVE_WITH_KNOTS('',3,(#7616,#7617,#7618,#7619,#7620,#7621,
#7622,#7623),.UNSPECIFIED.,.F.,.F.,(4,2,2,4),(-1.59158126421291,-1.39271681782282,
-1.25820246977496,-1.18686326605449),.UNSPECIFIED.);
#1337=B_SPLINE_CURVE_WITH_KNOTS('',3,(#7673,#7674,#7675,#7676,#7677,#7678,
#7679),.UNSPECIFIED.,.F.,.F.,(4,3,4),(0.,0.0793531383726455,0.159030878519691),
 .UNSPECIFIED.);
#1338=B_SPLINE_CURVE_WITH_KNOTS('',3,(#7681,#7682,#7683,#7684,#7685,#7686,
#7687),.UNSPECIFIED.,.F.,.F.,(4,3,4),(0.,0.080865391429791,0.161389400700157),
 .UNSPECIFIED.);
#1339=B_SPLINE_CURVE_WITH_KNOTS('',3,(#7688,#7689,#7690,#7691,#7692,#7693,
#7694,#7695,#7696,#7697,#7698,#7699),.UNSPECIFIED.,.F.,.F.,(4,1,1,1,1,1,
1,1,1,4),(-0.975983070683826,-0.841568256278621,-0.707153441873417,-0.639946034670815,
-0.572738627468213,-0.438323813063008,-0.371116405860406,-0.303908998657804,
-0.1694941842526,-0.0350793698473952),.UNSPECIFIED.);
#1340=B_SPLINE_CURVE_WITH_KNOTS('',3,(#7704,#7705,#7706,#7707,#7708,#7709,
#7710,#7711,#7712,#7713,#7714,#7715,#7716,#7717,#7718,#7719,#7720,#7721,
#7722,#7723,#7724,#7725),.UNSPECIFIED.,.F.,.F.,(4,3,3,3,3,3,3,4),(0.0189339529981287,
0.0472251332490568,0.33582885419073,0.589112804910782,0.808502021251609,
1.01217602776027,1.27257675356602,1.5094465644317),.UNSPECIFIED.);
#1341=B_SPLINE_CURVE_WITH_KNOTS('',3,(#7743,#7744,#7745,#7746),
 .UNSPECIFIED.,.F.,.F.,(4,4),(-1.,0.),.UNSPECIFIED.);
#1342=B_SPLINE_CURVE_WITH_KNOTS('',3,(#7763,#7764,#7765,#7766),
 .UNSPECIFIED.,.F.,.F.,(4,4),(0.131895894154862,0.141154523545062),
 .UNSPECIFIED.);
#1343=B_SPLINE_CURVE_WITH_KNOTS('',3,(#7793,#7794,#7795,#7796),
 .UNSPECIFIED.,.F.,.F.,(4,4),(-1.061,-0.8145),.UNSPECIFIED.);
#1344=B_SPLINE_CURVE_WITH_KNOTS('',3,(#7798,#7799,#7800,#7801,#7802,#7803),
 .UNSPECIFIED.,.F.,.F.,(4,2,4),(-0.799461924828301,-0.459458332995699,-0.156311716772902),
 .UNSPECIFIED.);
#1345=B_SPLINE_CURVE_WITH_KNOTS('',3,(#7805,#7806,#7807,#7808,#7809,#7810,
#7811,#7812,#7813,#7814),.UNSPECIFIED.,.F.,.F.,(4,2,2,2,4),(-0.616714109472355,
-0.538986559925482,-0.392884379570383,-0.200651376438432,0.),
 .UNSPECIFIED.);
#1346=B_SPLINE_CURVE_WITH_KNOTS('',3,(#7815,#7816,#7817,#7818,#7819,#7820),
 .UNSPECIFIED.,.F.,.F.,(4,2,4),(0.425693884124835,0.5805,1.061),
 .UNSPECIFIED.);
#1347=B_SPLINE_CURVE_WITH_KNOTS('',3,(#7888,#7889,#7890,#7891,#7892,#7893,
#7894,#7895,#7896,#7897,#7898,#7899,#7900),.UNSPECIFIED.,.F.,.F.,(4,3,1,
1,1,1,1,1,4),(-1.00932095664903,-1.,-0.857142857142857,-0.714285714285714,
-0.571428571428571,-0.428571428571427,-0.285714285714284,-0.142857142857141,
2.06875345806264E-15),.UNSPECIFIED.);
#1348=B_SPLINE_CURVE_WITH_KNOTS('',3,(#7904,#7905,#7906,#7907,#7908,#7909,
#7910,#7911,#7912,#7913,#7914,#7915,#7916),.UNSPECIFIED.,.F.,.F.,(4,1,1,
1,1,1,1,3,4),(-2.06875345806264E-15,0.142857142857141,0.285714285714284,
0.428571428571427,0.571428571428571,0.714285714285714,0.857142857142857,
1.,1.00840411130591),.UNSPECIFIED.);
#1349=B_SPLINE_CURVE_WITH_KNOTS('',3,(#7917,#7918,#7919,#7920,#7921,#7922),
 .UNSPECIFIED.,.F.,.F.,(4,2,4),(0.,0.0707375438396779,0.123329118373941),
 .UNSPECIFIED.);
#1350=B_SPLINE_CURVE_WITH_KNOTS('',3,(#7957,#7958,#7959,#7960,#7961,#7962,
#7963,#7964),.UNSPECIFIED.,.F.,.F.,(4,2,2,4),(-0.273598139064678,-0.195395740540381,
-0.117193342016081,-4.77808936219226E-15),.UNSPECIFIED.);
#1351=B_SPLINE_CURVE_WITH_KNOTS('',3,(#7965,#7966,#7967,#7968,#7969,#7970,
#7971,#7972),.UNSPECIFIED.,.F.,.F.,(4,2,2,4),(4.77808936219226E-15,0.117193342016081,
0.195395740540381,0.273598139064678),.UNSPECIFIED.);
#1352=B_SPLINE_CURVE_WITH_KNOTS('',3,(#8010,#8011,#8012,#8013,#8014,#8015,
#8016,#8017,#8018),.UNSPECIFIED.,.F.,.F.,(4,1,1,1,1,1,4),(-1.,-0.860515867059552,
-0.721031734119104,-0.581547601178655,-0.302579335297758,-0.16309520235731,
-0.0236110694168614),.UNSPECIFIED.);
#1353=B_SPLINE_CURVE_WITH_KNOTS('',3,(#8019,#8020,#8021,#8022,#8023,#8024,
#8025),.UNSPECIFIED.,.F.,.F.,(4,3,4),(-0.149733244054415,-0.0748510553615835,
0.),.UNSPECIFIED.);
#1354=B_SPLINE_CURVE_WITH_KNOTS('',3,(#8069,#8070,#8071,#8072),
 .UNSPECIFIED.,.F.,.F.,(4,4),(-0.0755434463759494,0.),.UNSPECIFIED.);
#1355=B_SPLINE_CURVE_WITH_KNOTS('',3,(#8073,#8074,#8075,#8076),
 .UNSPECIFIED.,.F.,.F.,(4,4),(-0.350500000000001,-0.1),.UNSPECIFIED.);
#1356=B_SPLINE_CURVE_WITH_KNOTS('',3,(#8077,#8078,#8079,#8080),
 .UNSPECIFIED.,.F.,.F.,(4,4),(0.0999999999999997,1.061),.UNSPECIFIED.);
#1357=B_SPLINE_CURVE_WITH_KNOTS('',3,(#8102,#8103,#8104,#8105,#8106,#8107,
#8108),.UNSPECIFIED.,.F.,.F.,(4,3,4),(0.,0.0748638875819642,0.149717959331891),
 .UNSPECIFIED.);
#1358=B_SPLINE_CURVE_WITH_KNOTS('',3,(#8142,#8143,#8144,#8145,#8146,#8147,
#8148,#8149),.UNSPECIFIED.,.F.,.F.,(4,1,1,1,1,4),(-0.979046136219478,-0.839182402473838,
-0.559454934982558,-0.279727467491278,-0.139863733745638,2.24191658530977E-15),
 .UNSPECIFIED.);
#1359=B_SPLINE_CURVE_WITH_KNOTS('',3,(#8177,#8178,#8179,#8180,#8181,#8182),
 .UNSPECIFIED.,.F.,.F.,(4,2,4),(4.83537161721329E-35,0.195395623782936,
0.273597905549791),.UNSPECIFIED.);
#1360=B_SPLINE_CURVE_WITH_KNOTS('',3,(#8232,#8233,#8234,#8235,#8236,#8237,
#8238,#8239,#8240,#8241,#8242,#8243),.UNSPECIFIED.,.F.,.F.,(4,1,1,1,1,1,
3,4),(-1.,-0.714285714285716,-0.571428571428573,-0.42857142857143,-0.285714285714287,
-0.142857142857143,-3.71230823859037E-16,0.00665375402724534),
 .UNSPECIFIED.);
#1361=B_SPLINE_CURVE_WITH_KNOTS('',3,(#8244,#8245,#8246,#8247,#8248,#8249),
 .UNSPECIFIED.,.F.,.F.,(4,2,4),(0.,0.0721446412906759,0.144290369805236),
 .UNSPECIFIED.);
#1362=B_SPLINE_CURVE_WITH_KNOTS('',3,(#8279,#8280,#8281,#8282,#8283,#8284,
#8285),.UNSPECIFIED.,.F.,.F.,(4,3,4),(-1.02257487603973,-1.,-0.967585762711886),
 .UNSPECIFIED.);
#1363=B_SPLINE_CURVE_WITH_KNOTS('',3,(#8345,#8346,#8347,#8348,#8349,#8350,
#8351,#8352,#8353,#8354,#8355,#8356,#8357,#8358,#8359,#8360,#8361,#8362,
#8363,#8364,#8365,#8366,#8367,#8368,#8369),.UNSPECIFIED.,.F.,.F.,(4,3,3,
3,3,3,3,3,4),(0.,0.01499305995529,0.0401137680446097,0.0558818758543161,
0.0684097525306404,0.0883439233251979,0.107607099518523,0.126255020060765,
0.141700639606774),.UNSPECIFIED.);
#1364=B_SPLINE_CURVE_WITH_KNOTS('',3,(#8370,#8371,#8372,#8373,#8374,#8375,
#8376,#8377,#8378,#8379,#8380,#8381),.UNSPECIFIED.,.F.,.F.,(4,2,2,2,2,4),
(-0.373478749817575,-0.312515578709542,-0.234386684032156,-0.156257789354771,
-0.0781288946773852,-3.76896983956714E-16),.UNSPECIFIED.);
#1365=B_SPLINE_CURVE_WITH_KNOTS('',3,(#8382,#8383,#8384,#8385,#8386,#8387,
#8388,#8389,#8390,#8391,#8392,#8393,#8394,#8395),.UNSPECIFIED.,.F.,.F.,
(4,2,2,2,2,2,4),(3.76896983956714E-16,0.0781288946773852,0.156257789354771,
0.234386684032156,0.312515578709542,0.373478750349232,0.423680021048836),
 .UNSPECIFIED.);
#1366=B_SPLINE_CURVE_WITH_KNOTS('',3,(#8422,#8423,#8424,#8425,#8426,#8427,
#8428,#8429,#8430,#8431),.UNSPECIFIED.,.F.,.F.,(4,3,3,4),(0.,0.00851735933936601,
0.0598948868315548,0.108624902497418),.UNSPECIFIED.);
#1367=B_SPLINE_CURVE_WITH_KNOTS('',3,(#8432,#8433,#8434,#8435),
 .UNSPECIFIED.,.F.,.F.,(4,4),(0.1,0.161),.UNSPECIFIED.);
#1368=B_SPLINE_CURVE_WITH_KNOTS('',3,(#8441,#8442,#8443,#8444,#8445,#8446,
#8447,#8448,#8449,#8450,#8451,#8452,#8453),.UNSPECIFIED.,.F.,.F.,(4,3,3,
3,4),(0.,0.150498538027708,1.73622313286281,3.81918452389858,5.330818425137),
 .UNSPECIFIED.);
#1369=B_SPLINE_CURVE_WITH_KNOTS('',3,(#8456,#8457,#8458,#8459,#8460,#8461),
 .UNSPECIFIED.,.F.,.F.,(4,2,4),(0.,0.0372224972047845,0.0720821186516312),
 .UNSPECIFIED.);
#1370=B_SPLINE_CURVE_WITH_KNOTS('',3,(#8462,#8463,#8464,#8465,#8466,#8467,
#8468,#8469,#8470,#8471,#8472,#8473,#8474,#8475,#8476,#8477),
 .UNSPECIFIED.,.F.,.F.,(4,3,3,3,3,4),(0.,0.0114629409619676,1.0433875020299,
3.07138694882505,5.72295315981052,7.59891270177716),.UNSPECIFIED.);
#1371=B_SPLINE_CURVE_WITH_KNOTS('',3,(#8514,#8515,#8516,#8517,#8518,#8519,
#8520,#8521),.UNSPECIFIED.,.F.,.F.,(4,2,1,1,4),(-0.322045366347107,-0.287207614487939,
-0.172324568692763,-0.114883045795175,1.10766475894882E-15),
 .UNSPECIFIED.);
#1372=B_SPLINE_CURVE_WITH_KNOTS('',3,(#8523,#8524,#8525,#8526,#8527,#8528,
#8529,#8530,#8531,#8532,#8533,#8534,#8535,#8536,#8537,#8538,#8539,#8540,
#8541),.UNSPECIFIED.,.F.,.F.,(4,3,3,3,3,3,4),(0.,0.0595164316215274,0.105776407116624,
0.119032863243055,0.163220518197939,0.219725867805729,0.238977739400121),
 .UNSPECIFIED.);
#1373=B_SPLINE_CURVE_WITH_KNOTS('',3,(#8543,#8544,#8545,#8546,#8547,#8548,
#8549,#8550),.UNSPECIFIED.,.F.,.F.,(4,1,1,2,4),(0.112629483777888,0.114883045795175,
0.172324568692763,0.287207614487939,0.30431700460581),.UNSPECIFIED.);
#1374=B_SPLINE_CURVE_WITH_KNOTS('',3,(#8551,#8552,#8553,#8554,#8555,#8556),
 .UNSPECIFIED.,.F.,.F.,(4,2,4),(0.,0.106213729475523,0.212431985363885),
 .UNSPECIFIED.);
#1375=B_SPLINE_CURVE_WITH_KNOTS('',3,(#8614,#8615,#8616,#8617,#8618,#8619,
#8620),.UNSPECIFIED.,.F.,.F.,(4,2,1,4),(0.00973051853406416,0.0192020924705473,
0.0822427412247982,0.0999179002346732),.UNSPECIFIED.);
#1376=B_SPLINE_CURVE_WITH_KNOTS('',3,(#8622,#8623,#8624,#8625,#8626,#8627,
#8628,#8629,#8630,#8631,#8632,#8633,#8634,#8635,#8636,#8637,#8638,#8639,
#8640),.UNSPECIFIED.,.F.,.F.,(4,3,3,3,3,3,4),(0.,0.0387540218570522,0.0422272122723466,
0.107855234058914,0.12160883648194,0.185748410231969,0.242640730651039),
 .UNSPECIFIED.);
#1377=B_SPLINE_CURVE_WITH_KNOTS('',3,(#8641,#8642,#8643,#8644,#8645,#8646,
#8647,#8648),.UNSPECIFIED.,.F.,.F.,(4,1,1,2,4),(-0.176803714356175,-0.113763065601924,
-0.0822427412247982,-0.0192020924705473,9.32587340685131E-15),
 .UNSPECIFIED.);
#1378=B_SPLINE_CURVE_WITH_KNOTS('',3,(#8649,#8650,#8651,#8652,#8653,#8654),
 .UNSPECIFIED.,.F.,.F.,(4,2,4),(0.,0.106180732247653,0.212365032724471),
 .UNSPECIFIED.);
#1379=B_SPLINE_CURVE_WITH_KNOTS('',3,(#8665,#8666,#8667,#8668),
 .UNSPECIFIED.,.F.,.F.,(4,4),(0.,0.0202838963603623),.UNSPECIFIED.);
#1380=B_SPLINE_CURVE_WITH_KNOTS('',3,(#8696,#8697,#8698,#8699),
 .UNSPECIFIED.,.F.,.F.,(4,4),(-1.16104671814549,-0.966020521534766),
 .UNSPECIFIED.);
#1381=B_SPLINE_CURVE_WITH_KNOTS('',3,(#8769,#8770,#8771,#8772),
 .UNSPECIFIED.,.F.,.F.,(4,4),(0.101525801562285,0.177115070642365),
 .UNSPECIFIED.);
#1382=B_SPLINE_CURVE_WITH_KNOTS('',3,(#8774,#8775,#8776,#8777,#8778,#8779,
#8780,#8781,#8782,#8783),.UNSPECIFIED.,.F.,.F.,(4,3,3,4),(0.0761345369822029,
0.104777493472059,0.751009069231694,1.18991224104735),.UNSPECIFIED.);
#1383=B_SPLINE_CURVE_WITH_KNOTS('',3,(#8785,#8786,#8787,#8788),
 .UNSPECIFIED.,.F.,.F.,(4,4),(-0.413555483605782,-3.59832151054784E-12),
 .UNSPECIFIED.);
#1384=B_SPLINE_CURVE_WITH_KNOTS('',3,(#8790,#8791,#8792,#8793,#8794,#8795,
#8796,#8797,#8798,#8799,#8800),.UNSPECIFIED.,.F.,.F.,(4,1,1,1,1,1,1,1,4),
(-1.41438704254688,-1.21233175075447,-1.01027645896205,-0.808221167169644,
-0.606165875377233,-0.404110583584822,-0.202055291792411,-0.151541468844308,
0.),.UNSPECIFIED.);
#1385=B_SPLINE_CURVE_WITH_KNOTS('',3,(#8802,#8803,#8804,#8805),
 .UNSPECIFIED.,.F.,.F.,(4,4),(-0.41355539940903,0.),.UNSPECIFIED.);
#1386=B_SPLINE_CURVE_WITH_KNOTS('',3,(#8807,#8808,#8809,#8810,#8811,#8812,
#8813),.UNSPECIFIED.,.F.,.F.,(4,3,4),(1.63191523092731,1.85524693414811,
2.05188723984741),.UNSPECIFIED.);
#1387=B_SPLINE_CURVE_WITH_KNOTS('',3,(#8815,#8816,#8817,#8818),
 .UNSPECIFIED.,.F.,.F.,(4,4),(-0.320319279893456,-3.59866715420043E-12),
 .UNSPECIFIED.);
#1388=B_SPLINE_CURVE_WITH_KNOTS('',3,(#8820,#8821,#8822,#8823,#8824,#8825,
#8826,#8827,#8828,#8829),.UNSPECIFIED.,.F.,.F.,(4,1,1,1,1,1,1,4),(0.,0.242461597917344,
0.484923195834688,0.727384793752033,0.969846391669377,1.21230798958672,
1.45476958750407,1.69723118542141),.UNSPECIFIED.);
#1389=B_SPLINE_CURVE_WITH_KNOTS('',3,(#8831,#8832,#8833,#8834),
 .UNSPECIFIED.,.F.,.F.,(4,4),(-0.32031923884564,-9.92992391715991E-17),
 .UNSPECIFIED.);
#1390=B_SPLINE_CURVE_WITH_KNOTS('',3,(#8835,#8836,#8837,#8838,#8839,#8840,
#8841,#8842,#8843,#8844,#8845,#8846,#8847),.UNSPECIFIED.,.F.,.F.,(4,3,3,
3,4),(2.62946399903704,3.10724555014882,3.92229126591378,4.73733698167875,
4.77121107504713),.UNSPECIFIED.);
#1391=B_SPLINE_CURVE_WITH_KNOTS('',3,(#8848,#8849,#8850,#8851,#8852,#8853),
 .UNSPECIFIED.,.F.,.F.,(4,2,4),(0.777341623800092,0.872601024068376,1.64369613755301),
 .UNSPECIFIED.);
#1392=B_SPLINE_CURVE_WITH_KNOTS('',3,(#8870,#8871,#8872,#8873),
 .UNSPECIFIED.,.F.,.F.,(4,4),(0.,0.0203187728507433),.UNSPECIFIED.);
#1393=B_SPLINE_CURVE_WITH_KNOTS('',3,(#8876,#8877,#8878,#8879),
 .UNSPECIFIED.,.F.,.F.,(4,4),(0.,0.018506197345558),.UNSPECIFIED.);
#1394=B_SPLINE_CURVE_WITH_KNOTS('',3,(#8884,#8885,#8886,#8887,#8888,#8889,
#8890),.UNSPECIFIED.,.F.,.F.,(4,3,4),(0.01850619734556,0.412521709278305,
0.56818359215113),.UNSPECIFIED.);
#1395=B_SPLINE_CURVE_WITH_KNOTS('',3,(#8901,#8902,#8903,#8904,#8905,#8906,
#8907,#8908,#8909,#8910,#8911,#8912,#8913,#8914,#8915,#8916,#8917,#8918,
#8919,#8920,#8921,#8922,#8923,#8924,#8925,#8926,#8927,#8928,#8929,#8930,
#8931,#8932,#8933,#8934,#8935,#8936,#8937,#8938,#8939,#8940,#8941,#8942,
#8943),.UNSPECIFIED.,.F.,.F.,(4,3,3,3,3,3,3,3,3,3,3,3,3,3,4),(0.,0.0131486828833975,
0.0265606160410012,0.0390630315632288,0.0524656239152295,0.0656932648078056,
0.0709195336736498,0.0781266099680893,0.0913219915095974,0.104812457727164,
0.117191650037656,0.130619478535942,0.141275917300515,0.154503844959405,
0.165360275293522),.UNSPECIFIED.);
#1396=B_SPLINE_CURVE_WITH_KNOTS('',3,(#8971,#8972,#8973,#8974),
 .UNSPECIFIED.,.F.,.F.,(4,4),(0.,0.0189339529981278),.UNSPECIFIED.);
#1397=B_SPLINE_CURVE_WITH_KNOTS('',3,(#8985,#8986,#8987,#8988),
 .UNSPECIFIED.,.F.,.F.,(4,4),(0.,0.0410224717475453),.UNSPECIFIED.);
#1398=B_SPLINE_CURVE_WITH_KNOTS('',3,(#8991,#8992,#8993,#8994),
 .UNSPECIFIED.,.F.,.F.,(4,4),(1.5094465644317,1.56811559506319),
 .UNSPECIFIED.);
#1399=B_SPLINE_CURVE_WITH_KNOTS('',3,(#9541,#9542,#9543,#9544,#9545,#9546,
#9547,#9548),.UNSPECIFIED.,.F.,.F.,(4,2,2,4),(-0.291802237998252,-0.220250625994696,
-0.144894148726527,0.),.UNSPECIFIED.);
#1400=B_SPLINE_CURVE_WITH_KNOTS('',3,(#9550,#9551,#9552,#9553,#9554,#9555,
#9556,#9557,#9558,#9559,#9560,#9561),.UNSPECIFIED.,.F.,.F.,(4,2,2,2,2,4),
(-0.387030826841829,-0.295428505380203,-0.208102075444176,-0.123393864857979,
-0.0580394298129768,0.),.UNSPECIFIED.);
#1401=B_SPLINE_CURVE_WITH_KNOTS('',3,(#9562,#9563,#9564,#9565,#9566,#9567,
#9568,#9569,#9570,#9571,#9572,#9573,#9574,#9575,#9576,#9577,#9578,#9579,
#9580,#9581,#9582,#9583,#9584,#9585,#9586,#9587,#9588,#9589,#9590,#9591,
#9592,#9593,#9594,#9595,#9596,#9597,#9598,#9599,#9600,#9601,#9602,#9603,
#9604,#9605,#9606,#9607,#9608,#9609,#9610,#9611,#9612,#9613,#9614,#9615,
#9616,#9617,#9618,#9619,#9620,#9621,#9622,#9623,#9624,#9625,#9626,#9627,
#9628,#9629,#9630,#9631,#9632,#9633,#9634,#9635,#9636,#9637,#9638,#9639,
#9640,#9641,#9642,#9643,#9644,#9645,#9646,#9647,#9648,#9649,#9650,#9651,
#9652,#9653,#9654,#9655,#9656,#9657,#9658,#9659,#9660,#9661,#9662,#9663,
#9664,#9665,#9666,#9667,#9668,#9669,#9670,#9671,#9672,#9673,#9674,#9675,
#9676,#9677,#9678,#9679,#9680,#9681,#9682,#9683,#9684,#9685,#9686,#9687,
#9688,#9689,#9690,#9691,#9692),.UNSPECIFIED.,.F.,.F.,(4,1,1,1,1,1,1,1,1,
1,1,1,1,1,1,1,1,1,1,1,1,1,1,1,1,1,1,1,1,1,1,1,1,1,1,1,1,1,1,1,1,1,1,1,1,
1,1,1,1,1,1,1,1,1,1,1,1,1,1,1,1,1,1,1,1,1,1,1,1,1,1,1,1,1,1,1,1,1,1,1,1,
1,1,1,1,1,1,1,1,1,1,1,1,1,1,1,1,1,1,1,1,1,1,1,1,1,1,1,1,1,1,1,1,1,1,1,1,
1,1,1,1,1,1,1,1,1,1,1,4),(0.323885012698808,0.326496534012896,0.336862821300082,
0.347229108587269,0.367961683161642,0.409426832310388,0.414609975953981,
0.417201547775778,0.419793119597574,0.424976263241167,0.430159406884761,
0.440525694171947,0.44570883781554,0.450891981459134,0.46125826874632,0.466441412389913,
0.46903298421171,0.471624556033507,0.472272448988956,0.472920341944405,
0.474216127855303,0.4768076996771,0.479399271498896,0.481990843320693,0.487173986964286,
0.487497933442011,0.487821879919736,0.488469772875185,0.489765558786083,
0.49235713060788,0.494948702429676,0.497540274251473,0.50013184607327,0.502723417895066,
0.507906561538659,0.513089705182253,0.518272848825846,0.523455992469439,
0.524751778380337,0.526047564291236,0.527343350202134,0.528639136113032,
0.531230707934829,0.532526493845727,0.533822279756626,0.539005423400219,
0.544188567043812,0.54548435295471,0.546132245910159,0.546780138865609,
0.549371710687405,0.551963282509202,0.554554854330998,0.562329569796388,
0.564921141618185,0.567512713439982,0.570104285261778,0.575287428905371,
0.577879000727168,0.580470572548965,0.581766358459863,0.583062144370761,
0.583710037326211,0.58435793028166,0.585653716192558,0.590836859836151,
0.593428431657948,0.594724217568846,0.596020003479744,0.601203147123338,
0.602498933034236,0.603794718945134,0.605090504856033,0.606386290766931,
0.616752578054117,0.619344149875914,0.621935721697711,0.623231507608609,
0.624527293519507,0.625823079430405,0.627118865341304,0.6297104371631,0.632302008984897,
0.634893580806694,0.636189366717592,0.63748515262849,0.642668296272084,
0.64525986809388,0.647851439915677,0.650443011737473,0.65303458355927,0.658217727202863,
0.663400870846456,0.66858401449005,0.673767158133643,0.67635872995544,0.677654515866338,
0.678950301777236,0.689316589064423,0.694499732708016,0.699682876351609,
0.720415450925982,0.730781738213169,0.735964881856762,0.741148025500355,
0.751514312787542,0.761880600074728,0.772246887361914,0.782613174649101,
0.824078323797847,0.84481089837222,0.865543472946593,0.886276047520966,
0.907008622095339,0.948473771244084,0.958840058531271,0.969206345818457,
0.979572633105644,0.98993892039283,1.07286921869032,1.11433436783907,1.13506694241344,
1.15579951698781,1.48752071017778,1.81924190336775,2.15096309655772,2.3168236931527,
2.35828884230144,2.4426104403729),.UNSPECIFIED.);
#1402=B_SPLINE_CURVE_WITH_KNOTS('',3,(#9696,#9697,#9698,#9699),
 .UNSPECIFIED.,.F.,.F.,(4,4),(0.,0.0694655503980204),.UNSPECIFIED.);
#1403=B_SPLINE_CURVE_WITH_KNOTS('',3,(#9700,#9701,#9702,#9703,#9704,#9705,
#9706),.UNSPECIFIED.,.F.,.F.,(4,3,4),(0.322953306050887,0.336004507081508,
0.47044217260622),.UNSPECIFIED.);
#1404=B_SPLINE_CURVE_WITH_KNOTS('',3,(#9713,#9714,#9715,#9716,#9717,#9718,
#9719,#9720,#9721,#9722),.UNSPECIFIED.,.F.,.F.,(4,3,3,4),(-1.00062461968135,
-1.,-0.757199664490843,-0.61873054302188),.UNSPECIFIED.);
#1405=B_SPLINE_CURVE_WITH_KNOTS('',3,(#9735,#9736,#9737,#9738,#9739,#9740,
#9741,#9742,#9743,#9744,#9745,#9746,#9747,#9748,#9749,#9750,#9751,#9752,
#9753,#9754,#9755,#9756,#9757,#9758,#9759,#9760,#9761,#9762,#9763,#9764,
#9765,#9766,#9767,#9768,#9769,#9770,#9771,#9772,#9773,#9774,#9775,#9776,
#9777),.UNSPECIFIED.,.F.,.F.,(4,3,3,3,3,3,3,3,3,3,3,3,3,3,4),(0.,0.0130326404850681,
0.0264906405799247,0.0390673583321143,0.0525129007122268,0.0658939313489166,
0.0781339455882238,0.0915496084604055,0.0951047166954061,0.108481336308598,
0.117198978460738,0.130580486703476,0.141772267137603,0.155068936661954,
0.166345497461175),.UNSPECIFIED.);
#1406=B_SPLINE_CURVE_WITH_KNOTS('',3,(#9781,#9782,#9783,#9784,#9785,#9786,
#9787,#9788,#9789,#9790),.UNSPECIFIED.,.F.,.F.,(4,3,3,4),(8.7237156355513E-6,
1.5521952500718,4.27389526053376,4.28089701112727),.UNSPECIFIED.);
#1407=B_SPLINE_CURVE_WITH_KNOTS('',3,(#9813,#9814,#9815,#9816,#9817,#9818,
#9819,#9820,#9821,#9822,#9823,#9824,#9825,#9826,#9827,#9828,#9829,#9830,
#9831,#9832,#9833,#9834,#9835,#9836,#9837,#9838,#9839,#9840,#9841,#9842,
#9843,#9844,#9845,#9846,#9847,#9848,#9849,#9850,#9851,#9852,#9853,#9854,
#9855),.UNSPECIFIED.,.F.,.F.,(4,3,3,3,3,3,3,3,3,3,3,3,3,3,4),(0.,0.0131427949036554,
0.0265575905140935,0.0390630327697422,0.052468831940457,0.0656876977970956,
0.072078238006591,0.0781265267252477,0.0913018379142101,0.104795297019428,
0.117191447644057,0.130631773583354,0.142629216370113,0.155862277440376,
0.1680670886255),.UNSPECIFIED.);
#1408=B_SPLINE_CURVE_WITH_KNOTS('',3,(#9857,#9858,#9859,#9860),
 .UNSPECIFIED.,.F.,.F.,(4,4),(-0.00087268714800301,0.320319279893456),
 .UNSPECIFIED.);
#1409=B_SPLINE_CURVE_WITH_KNOTS('',3,(#9913,#9914,#9915,#9916,#9917,#9918,
#9919,#9920,#9921,#9922),.UNSPECIFIED.,.F.,.F.,(4,1,1,1,1,1,1,4),(-1.69723118542141,
-1.45476958750407,-1.21230798958672,-0.969846391669377,-0.727384793752033,
-0.484923195834688,-0.242461597917344,0.),.UNSPECIFIED.);
#1410=B_SPLINE_CURVE_WITH_KNOTS('',3,(#9944,#9945,#9946,#9947),
 .UNSPECIFIED.,.F.,.F.,(4,4),(9.92992391715991E-17,0.321191925885367),
 .UNSPECIFIED.);
#1411=B_SPLINE_CURVE_WITH_KNOTS('',3,(#9949,#9950,#9951,#9952),
 .UNSPECIFIED.,.F.,.F.,(4,4),(-1.161,-1.),.UNSPECIFIED.);
#1412=B_SPLINE_CURVE_WITH_KNOTS('',3,(#9959,#9960,#9961,#9962),
 .UNSPECIFIED.,.F.,.F.,(4,4),(-0.161,0.),.UNSPECIFIED.);
#1413=B_SPLINE_CURVE_WITH_KNOTS('',3,(#9984,#9985,#9986,#9987),
 .UNSPECIFIED.,.F.,.F.,(4,4),(-0.000872686981204223,0.413555483605782),
 .UNSPECIFIED.);
#1414=B_SPLINE_CURVE_WITH_KNOTS('',3,(#10046,#10047,#10048,#10049,#10050,
#10051,#10052,#10053,#10054,#10055,#10056),.UNSPECIFIED.,.F.,.F.,(4,1,1,
1,1,1,1,1,4),(0.,0.151541468844308,0.202055291792411,0.404110583584822,
0.606165875377233,0.808221167169644,1.01027645896205,1.21233175075447,1.41438704254688),
 .UNSPECIFIED.);
#1415=B_SPLINE_CURVE_WITH_KNOTS('',3,(#10078,#10079,#10080,#10081,#10082,
#10083,#10084,#10085,#10086,#10087,#10088,#10089,#10090,#10091,#10092,#10093,
#10094,#10095,#10096,#10097,#10098,#10099,#10100,#10101,#10102,#10103,#10104,
#10105,#10106,#10107,#10108,#10109,#10110,#10111,#10112,#10113,#10114,#10115,
#10116,#10117),.UNSPECIFIED.,.F.,.F.,(4,3,3,3,3,3,3,3,3,3,3,3,3,4),(0.,
0.0130495096531587,0.0265055108377715,0.0390673368548726,0.052511791422062,
0.065867582421945,0.0781339026960219,0.0917001023876775,0.105075739192547,
0.117198923450787,0.130572518497112,0.138796716517972,0.152083249377298,
0.160394452638045),.UNSPECIFIED.);
#1416=B_SPLINE_CURVE_WITH_KNOTS('',3,(#10118,#10119,#10120,#10121),
 .UNSPECIFIED.,.F.,.F.,(4,4),(0.,0.414428086216108),.UNSPECIFIED.);
#1417=B_SPLINE_CURVE_WITH_KNOTS('',3,(#10136,#10137,#10138,#10139,#10140),
 .UNSPECIFIED.,.F.,.F.,(4,1,4),(-0.955295585400319,-0.571428571428571,0.),
 .UNSPECIFIED.);
#1418=B_SPLINE_CURVE_WITH_KNOTS('',3,(#10142,#10143,#10144,#10145),
 .UNSPECIFIED.,.F.,.F.,(4,4),(0.000627828676205785,0.234152062756144),
 .UNSPECIFIED.);
#1419=B_SPLINE_CURVE_WITH_KNOTS('',3,(#10180,#10181,#10182,#10183),
 .UNSPECIFIED.,.F.,.F.,(4,4),(0.7,1.),.UNSPECIFIED.);
#1420=B_SPLINE_CURVE_WITH_KNOTS('',3,(#10204,#10205,#10206,#10207),
 .UNSPECIFIED.,.F.,.F.,(4,4),(0.,0.161),.UNSPECIFIED.);
#1421=B_SPLINE_CURVE_WITH_KNOTS('',3,(#10234,#10235,#10236,#10237),
 .UNSPECIFIED.,.F.,.F.,(4,4),(-0.161,0.),.UNSPECIFIED.);
#1422=B_SPLINE_CURVE_WITH_KNOTS('',3,(#10282,#10283,#10284,#10285),
 .UNSPECIFIED.,.F.,.F.,(4,4),(-2.661,-2.5),.UNSPECIFIED.);
#1423=B_SPLINE_CURVE_WITH_KNOTS('',3,(#10325,#10326,#10327,#10328),
 .UNSPECIFIED.,.F.,.F.,(4,4),(0.,0.161),.UNSPECIFIED.);
#1424=B_SPLINE_CURVE_WITH_KNOTS('',3,(#10385,#10386,#10387,#10388),
 .UNSPECIFIED.,.F.,.F.,(4,4),(-2.661,-2.5),.UNSPECIFIED.);
#1425=B_SPLINE_CURVE_WITH_KNOTS('',3,(#10390,#10391,#10392,#10393),
 .UNSPECIFIED.,.F.,.F.,(4,4),(2.5,2.661),.UNSPECIFIED.);
#1426=B_SPLINE_CURVE_WITH_KNOTS('',3,(#10482,#10483,#10484,#10485),
 .UNSPECIFIED.,.F.,.F.,(4,4),(-2.661,-2.5),.UNSPECIFIED.);
#1427=B_SPLINE_CURVE_WITH_KNOTS('',3,(#10525,#10526,#10527,#10528,#10529,
#10530,#10531),.UNSPECIFIED.,.F.,.F.,(4,3,4),(0.,0.204014652521151,0.65785247346827),
 .UNSPECIFIED.);
#1428=B_SPLINE_CURVE_WITH_KNOTS('',3,(#10532,#10533,#10534,#10535),
 .UNSPECIFIED.,.F.,.F.,(4,4),(-1.161,-1.),.UNSPECIFIED.);
#1429=B_SPLINE_CURVE_WITH_KNOTS('',3,(#10558,#10559,#10560,#10561),
 .UNSPECIFIED.,.F.,.F.,(4,4),(0.,0.161),.UNSPECIFIED.);
#1430=B_SPLINE_CURVE_WITH_KNOTS('',3,(#10600,#10601,#10602,#10603),
 .UNSPECIFIED.,.F.,.F.,(4,4),(-0.161,0.),.UNSPECIFIED.);
#1431=VERTEX_POINT('',#4778);
#1432=VERTEX_POINT('',#4779);
#1433=VERTEX_POINT('',#4784);
#1434=VERTEX_POINT('',#4786);
#1435=VERTEX_POINT('',#4790);
#1436=VERTEX_POINT('',#4825);
#1437=VERTEX_POINT('',#4854);
#1438=VERTEX_POINT('',#4861);
#1439=VERTEX_POINT('',#4869);
#1440=VERTEX_POINT('',#4874);
#1441=VERTEX_POINT('',#4882);
#1442=VERTEX_POINT('',#4887);
#1443=VERTEX_POINT('',#4901);
#1444=VERTEX_POINT('',#4906);
#1445=VERTEX_POINT('',#4942);
#1446=VERTEX_POINT('',#4944);
#1447=VERTEX_POINT('',#4946);
#1448=VERTEX_POINT('',#4948);
#1449=VERTEX_POINT('',#4950);
#1450=VERTEX_POINT('',#4955);
#1451=VERTEX_POINT('',#4957);
#1452=VERTEX_POINT('',#4959);
#1453=VERTEX_POINT('',#4961);
#1454=VERTEX_POINT('',#4963);
#1455=VERTEX_POINT('',#5019);
#1456=VERTEX_POINT('',#5020);
#1457=VERTEX_POINT('',#5033);
#1458=VERTEX_POINT('',#5035);
#1459=VERTEX_POINT('',#5055);
#1460=VERTEX_POINT('',#5056);
#1461=VERTEX_POINT('',#5058);
#1462=VERTEX_POINT('',#5060);
#1463=VERTEX_POINT('',#5069);
#1464=VERTEX_POINT('',#5070);
#1465=VERTEX_POINT('',#5072);
#1466=VERTEX_POINT('',#5074);
#1467=VERTEX_POINT('',#5078);
#1468=VERTEX_POINT('',#5079);
#1469=VERTEX_POINT('',#5081);
#1470=VERTEX_POINT('',#5083);
#1471=VERTEX_POINT('',#5087);
#1472=VERTEX_POINT('',#5088);
#1473=VERTEX_POINT('',#5090);
#1474=VERTEX_POINT('',#5095);
#1475=VERTEX_POINT('',#5102);
#1476=VERTEX_POINT('',#5106);
#1477=VERTEX_POINT('',#5108);
#1478=VERTEX_POINT('',#5175);
#1479=VERTEX_POINT('',#5192);
#1480=VERTEX_POINT('',#5216);
#1481=VERTEX_POINT('',#5217);
#1482=VERTEX_POINT('',#5219);
#1483=VERTEX_POINT('',#5221);
#1484=VERTEX_POINT('',#5225);
#1485=VERTEX_POINT('',#5227);
#1486=VERTEX_POINT('',#5231);
#1487=VERTEX_POINT('',#5242);
#1488=VERTEX_POINT('',#5244);
#1489=VERTEX_POINT('',#5248);
#1490=VERTEX_POINT('',#5250);
#1491=VERTEX_POINT('',#5301);
#1492=VERTEX_POINT('',#5312);
#1493=VERTEX_POINT('',#5361);
#1494=VERTEX_POINT('',#5362);
#1495=VERTEX_POINT('',#5371);
#1496=VERTEX_POINT('',#5373);
#1497=VERTEX_POINT('',#5413);
#1498=VERTEX_POINT('',#5414);
#1499=VERTEX_POINT('',#5501);
#1500=VERTEX_POINT('',#5503);
#1501=VERTEX_POINT('',#5507);
#1502=VERTEX_POINT('',#5509);
#1503=VERTEX_POINT('',#5596);
#1504=VERTEX_POINT('',#5616);
#1505=VERTEX_POINT('',#5643);
#1506=VERTEX_POINT('',#5645);
#1507=VERTEX_POINT('',#5740);
#1508=VERTEX_POINT('',#5741);
#1509=VERTEX_POINT('',#5808);
#1510=VERTEX_POINT('',#5810);
#1511=VERTEX_POINT('',#5812);
#1512=VERTEX_POINT('',#5814);
#1513=VERTEX_POINT('',#5816);
#1514=VERTEX_POINT('',#5818);
#1515=VERTEX_POINT('',#5827);
#1516=VERTEX_POINT('',#5831);
#1517=VERTEX_POINT('',#5835);
#1518=VERTEX_POINT('',#5837);
#1519=VERTEX_POINT('',#5839);
#1520=VERTEX_POINT('',#5841);
#1521=VERTEX_POINT('',#5843);
#1522=VERTEX_POINT('',#5847);
#1523=VERTEX_POINT('',#5851);
#1524=VERTEX_POINT('',#5856);
#1525=VERTEX_POINT('',#5863);
#1526=VERTEX_POINT('',#5868);
#1527=VERTEX_POINT('',#5897);
#1528=VERTEX_POINT('',#5904);
#1529=VERTEX_POINT('',#5912);
#1530=VERTEX_POINT('',#5917);
#1531=VERTEX_POINT('',#6095);
#1532=VERTEX_POINT('',#6128);
#1533=VERTEX_POINT('',#6165);
#1534=VERTEX_POINT('',#6181);
#1535=VERTEX_POINT('',#6188);
#1536=VERTEX_POINT('',#6190);
#1537=VERTEX_POINT('',#6192);
#1538=VERTEX_POINT('',#6245);
#1539=VERTEX_POINT('',#6252);
#1540=VERTEX_POINT('',#6260);
#1541=VERTEX_POINT('',#6265);
#1542=VERTEX_POINT('',#6278);
#1543=VERTEX_POINT('',#6291);
#1544=VERTEX_POINT('',#6298);
#1545=VERTEX_POINT('',#6300);
#1546=VERTEX_POINT('',#6302);
#1547=VERTEX_POINT('',#6331);
#1548=VERTEX_POINT('',#6346);
#1549=VERTEX_POINT('',#6347);
#1550=VERTEX_POINT('',#6349);
#1551=VERTEX_POINT('',#6351);
#1552=VERTEX_POINT('',#6353);
#1553=VERTEX_POINT('',#6355);
#1554=VERTEX_POINT('',#6357);
#1555=VERTEX_POINT('',#6359);
#1556=VERTEX_POINT('',#6362);
#1557=VERTEX_POINT('',#6363);
#1558=VERTEX_POINT('',#6365);
#1559=VERTEX_POINT('',#6367);
#1560=VERTEX_POINT('',#6369);
#1561=VERTEX_POINT('',#6371);
#1562=VERTEX_POINT('',#6373);
#1563=VERTEX_POINT('',#6375);
#1564=VERTEX_POINT('',#6378);
#1565=VERTEX_POINT('',#6379);
#1566=VERTEX_POINT('',#6381);
#1567=VERTEX_POINT('',#6383);
#1568=VERTEX_POINT('',#6385);
#1569=VERTEX_POINT('',#6387);
#1570=VERTEX_POINT('',#6389);
#1571=VERTEX_POINT('',#6391);
#1572=VERTEX_POINT('',#6394);
#1573=VERTEX_POINT('',#6397);
#1574=VERTEX_POINT('',#6399);
#1575=VERTEX_POINT('',#6403);
#1576=VERTEX_POINT('',#6407);
#1577=VERTEX_POINT('',#6408);
#1578=VERTEX_POINT('',#6410);
#1579=VERTEX_POINT('',#6430);
#1580=VERTEX_POINT('',#6432);
#1581=VERTEX_POINT('',#6434);
#1582=VERTEX_POINT('',#6448);
#1583=VERTEX_POINT('',#6450);
#1584=VERTEX_POINT('',#6452);
#1585=VERTEX_POINT('',#6463);
#1586=VERTEX_POINT('',#6470);
#1587=VERTEX_POINT('',#6477);
#1588=VERTEX_POINT('',#6479);
#1589=VERTEX_POINT('',#6481);
#1590=VERTEX_POINT('',#6483);
#1591=VERTEX_POINT('',#6485);
#1592=VERTEX_POINT('',#6487);
#1593=VERTEX_POINT('',#6489);
#1594=VERTEX_POINT('',#6491);
#1595=VERTEX_POINT('',#6493);
#1596=VERTEX_POINT('',#6495);
#1597=VERTEX_POINT('',#6497);
#1598=VERTEX_POINT('',#6529);
#1599=VERTEX_POINT('',#6531);
#1600=VERTEX_POINT('',#6533);
#1601=VERTEX_POINT('',#6535);
#1602=VERTEX_POINT('',#6537);
#1603=VERTEX_POINT('',#6539);
#1604=VERTEX_POINT('',#6541);
#1605=VERTEX_POINT('',#6543);
#1606=VERTEX_POINT('',#6546);
#1607=VERTEX_POINT('',#6547);
#1608=VERTEX_POINT('',#6549);
#1609=VERTEX_POINT('',#6551);
#1610=VERTEX_POINT('',#6553);
#1611=VERTEX_POINT('',#6555);
#1612=VERTEX_POINT('',#6557);
#1613=VERTEX_POINT('',#6559);
#1614=VERTEX_POINT('',#6563);
#1615=VERTEX_POINT('',#6567);
#1616=VERTEX_POINT('',#6585);
#1617=VERTEX_POINT('',#6586);
#1618=VERTEX_POINT('',#6591);
#1619=VERTEX_POINT('',#6596);
#1620=VERTEX_POINT('',#6643);
#1621=VERTEX_POINT('',#6660);
#1622=VERTEX_POINT('',#6697);
#1623=VERTEX_POINT('',#6698);
#1624=VERTEX_POINT('',#6703);
#1625=VERTEX_POINT('',#6708);
#1626=VERTEX_POINT('',#6749);
#1627=VERTEX_POINT('',#6763);
#1628=VERTEX_POINT('',#6782);
#1629=VERTEX_POINT('',#6786);
#1630=VERTEX_POINT('',#6816);
#1631=VERTEX_POINT('',#6825);
#1632=VERTEX_POINT('',#6830);
#1633=VERTEX_POINT('',#6880);
#1634=VERTEX_POINT('',#6899);
#1635=VERTEX_POINT('',#6901);
#1636=VERTEX_POINT('',#6951);
#1637=VERTEX_POINT('',#6979);
#1638=VERTEX_POINT('',#7014);
#1639=VERTEX_POINT('',#7015);
#1640=VERTEX_POINT('',#7056);
#1641=VERTEX_POINT('',#7094);
#1642=VERTEX_POINT('',#7095);
#1643=VERTEX_POINT('',#7103);
#1644=VERTEX_POINT('',#7108);
#1645=VERTEX_POINT('',#7116);
#1646=VERTEX_POINT('',#7130);
#1647=VERTEX_POINT('',#7134);
#1648=VERTEX_POINT('',#7166);
#1649=VERTEX_POINT('',#7167);
#1650=VERTEX_POINT('',#7175);
#1651=VERTEX_POINT('',#7180);
#1652=VERTEX_POINT('',#7257);
#1653=VERTEX_POINT('',#7262);
#1654=VERTEX_POINT('',#7270);
#1655=VERTEX_POINT('',#7275);
#1656=VERTEX_POINT('',#7280);
#1657=VERTEX_POINT('',#7297);
#1658=VERTEX_POINT('',#7298);
#1659=VERTEX_POINT('',#7300);
#1660=VERTEX_POINT('',#7302);
#1661=VERTEX_POINT('',#7304);
#1662=VERTEX_POINT('',#7320);
#1663=VERTEX_POINT('',#7322);
#1664=VERTEX_POINT('',#7324);
#1665=VERTEX_POINT('',#7326);
#1666=VERTEX_POINT('',#7328);
#1667=VERTEX_POINT('',#7330);
#1668=VERTEX_POINT('',#7334);
#1669=VERTEX_POINT('',#7336);
#1670=VERTEX_POINT('',#7347);
#1671=VERTEX_POINT('',#7352);
#1672=VERTEX_POINT('',#7357);
#1673=VERTEX_POINT('',#7362);
#1674=VERTEX_POINT('',#7380);
#1675=VERTEX_POINT('',#7382);
#1676=VERTEX_POINT('',#7402);
#1677=VERTEX_POINT('',#7404);
#1678=VERTEX_POINT('',#7413);
#1679=VERTEX_POINT('',#7427);
#1680=VERTEX_POINT('',#7429);
#1681=VERTEX_POINT('',#7459);
#1682=VERTEX_POINT('',#7485);
#1683=VERTEX_POINT('',#7501);
#1684=VERTEX_POINT('',#7503);
#1685=VERTEX_POINT('',#7514);
#1686=VERTEX_POINT('',#7516);
#1687=VERTEX_POINT('',#7518);
#1688=VERTEX_POINT('',#7523);
#1689=VERTEX_POINT('',#7530);
#1690=VERTEX_POINT('',#7532);
#1691=VERTEX_POINT('',#7579);
#1692=VERTEX_POINT('',#7595);
#1693=VERTEX_POINT('',#7599);
#1694=VERTEX_POINT('',#7600);
#1695=VERTEX_POINT('',#7605);
#1696=VERTEX_POINT('',#7614);
#1697=VERTEX_POINT('',#7672);
#1698=VERTEX_POINT('',#7680);
#1699=VERTEX_POINT('',#7701);
#1700=VERTEX_POINT('',#7703);
#1701=VERTEX_POINT('',#7797);
#1702=VERTEX_POINT('',#7804);
#1703=VERTEX_POINT('',#7822);
#1704=VERTEX_POINT('',#7824);
#1705=VERTEX_POINT('',#7828);
#1706=VERTEX_POINT('',#7830);
#1707=VERTEX_POINT('',#7887);
#1708=VERTEX_POINT('',#7901);
#1709=VERTEX_POINT('',#7903);
#1710=VERTEX_POINT('',#7955);
#1711=VERTEX_POINT('',#8009);
#1712=VERTEX_POINT('',#8027);
#1713=VERTEX_POINT('',#8068);
#1714=VERTEX_POINT('',#8098);
#1715=VERTEX_POINT('',#8100);
#1716=VERTEX_POINT('',#8141);
#1717=VERTEX_POINT('',#8175);
#1718=VERTEX_POINT('',#8231);
#1719=VERTEX_POINT('',#8278);
#1720=VERTEX_POINT('',#8343);
#1721=VERTEX_POINT('',#8344);
#1722=VERTEX_POINT('',#8437);
#1723=VERTEX_POINT('',#8439);
#1724=VERTEX_POINT('',#8455);
#1725=VERTEX_POINT('',#8478);
#1726=VERTEX_POINT('',#8513);
#1727=VERTEX_POINT('',#8522);
#1728=VERTEX_POINT('',#8542);
#1729=VERTEX_POINT('',#8558);
#1730=VERTEX_POINT('',#8577);
#1731=VERTEX_POINT('',#8612);
#1732=VERTEX_POINT('',#8613);
#1733=VERTEX_POINT('',#8621);
#1734=VERTEX_POINT('',#8656);
#1735=VERTEX_POINT('',#8660);
#1736=VERTEX_POINT('',#8662);
#1737=VERTEX_POINT('',#8664);
#1738=VERTEX_POINT('',#8673);
#1739=VERTEX_POINT('',#8674);
#1740=VERTEX_POINT('',#8676);
#1741=VERTEX_POINT('',#8678);
#1742=VERTEX_POINT('',#8680);
#1743=VERTEX_POINT('',#8687);
#1744=VERTEX_POINT('',#8689);
#1745=VERTEX_POINT('',#8693);
#1746=VERTEX_POINT('',#8695);
#1747=VERTEX_POINT('',#8700);
#1748=VERTEX_POINT('',#8773);
#1749=VERTEX_POINT('',#8784);
#1750=VERTEX_POINT('',#8789);
#1751=VERTEX_POINT('',#8801);
#1752=VERTEX_POINT('',#8806);
#1753=VERTEX_POINT('',#8814);
#1754=VERTEX_POINT('',#8819);
#1755=VERTEX_POINT('',#8830);
#1756=VERTEX_POINT('',#8869);
#1757=VERTEX_POINT('',#8874);
#1758=VERTEX_POINT('',#8883);
#1759=VERTEX_POINT('',#8891);
#1760=VERTEX_POINT('',#8893);
#1761=VERTEX_POINT('',#8895);
#1762=VERTEX_POINT('',#8897);
#1763=VERTEX_POINT('',#8899);
#1764=VERTEX_POINT('',#8969);
#1765=VERTEX_POINT('',#8983);
#1766=VERTEX_POINT('',#8984);
#1767=VERTEX_POINT('',#8990);
#1768=VERTEX_POINT('',#9540);
#1769=VERTEX_POINT('',#9549);
#1770=VERTEX_POINT('',#9694);
#1771=VERTEX_POINT('',#9708);
#1772=VERTEX_POINT('',#9710);
#1773=VERTEX_POINT('',#9712);
#1774=VERTEX_POINT('',#9724);
#1775=VERTEX_POINT('',#9726);
#1776=VERTEX_POINT('',#9728);
#1777=VERTEX_POINT('',#9734);
#1778=VERTEX_POINT('',#9778);
#1779=VERTEX_POINT('',#9780);
#1780=VERTEX_POINT('',#9812);
#1781=VERTEX_POINT('',#9856);
#1782=VERTEX_POINT('',#9912);
#1783=VERTEX_POINT('',#9957);
#1784=VERTEX_POINT('',#9983);
#1785=VERTEX_POINT('',#10044);
#1786=VERTEX_POINT('',#10077);
#1787=VERTEX_POINT('',#10123);
#1788=VERTEX_POINT('',#10125);
#1789=VERTEX_POINT('',#10129);
#1790=VERTEX_POINT('',#10135);
#1791=VERTEX_POINT('',#10141);
#1792=VERTEX_POINT('',#10146);
#1793=VERTEX_POINT('',#10427);
#1794=VERTEX_POINT('',#10431);
#1795=VERTEX_POINT('',#10433);
#1796=VERTEX_POINT('',#10524);
#1797=VERTEX_POINT('',#10537);
#1798=VERTEX_POINT('',#10539);
#1799=VERTEX_POINT('',#10541);
#1800=VERTEX_POINT('',#10545);
#1801=VERTEX_POINT('',#10547);
#1802=VERTEX_POINT('',#10550);
#1803=VERTEX_POINT('',#10552);
#1804=VERTEX_POINT('',#10610);
#1805=VERTEX_POINT('',#10614);
#1806=EDGE_CURVE('',#1431,#1432,#1191,.T.);
#1807=EDGE_CURVE('',#1433,#1431,#607,.T.);
#1808=EDGE_CURVE('',#1434,#1433,#608,.T.);
#1809=EDGE_CURVE('',#1432,#1434,#609,.T.);
#1810=EDGE_CURVE('',#1431,#1435,#1192,.T.);
#1811=EDGE_CURVE('',#1436,#1435,#610,.T.);
#1812=EDGE_CURVE('',#1436,#1433,#104,.F.);
#1813=EDGE_CURVE('',#1437,#1432,#1193,.T.);
#1814=EDGE_CURVE('',#1438,#1437,#1194,.T.);
#1815=EDGE_CURVE('',#1439,#1438,#1195,.T.);
#1816=EDGE_CURVE('',#1440,#1439,#1196,.T.);
#1817=EDGE_CURVE('',#1441,#1440,#1197,.F.);
#1818=EDGE_CURVE('',#1442,#1441,#1198,.T.);
#1819=EDGE_CURVE('',#1442,#1443,#1199,.T.);
#1820=EDGE_CURVE('',#1444,#1443,#1200,.T.);
#1821=EDGE_CURVE('',#1435,#1444,#1201,.T.);
#1822=EDGE_CURVE('',#1445,#1436,#611,.F.);
#1823=EDGE_CURVE('',#1446,#1445,#105,.F.);
#1824=EDGE_CURVE('',#1447,#1446,#612,.F.);
#1825=EDGE_CURVE('',#1448,#1447,#613,.T.);
#1826=EDGE_CURVE('',#1449,#1448,#1202,.T.);
#1827=EDGE_CURVE('',#1449,#1450,#614,.T.);
#1828=EDGE_CURVE('',#1450,#1451,#106,.T.);
#1829=EDGE_CURVE('',#1451,#1452,#615,.T.);
#1830=EDGE_CURVE('',#1452,#1453,#107,.T.);
#1831=EDGE_CURVE('',#1454,#1453,#1203,.F.);
#1832=EDGE_CURVE('',#1454,#1434,#616,.T.);
#1833=EDGE_CURVE('',#1455,#1456,#1204,.T.);
#1834=EDGE_CURVE('',#1456,#1457,#617,.T.);
#1835=EDGE_CURVE('',#1457,#1458,#1205,.T.);
#1836=EDGE_CURVE('',#1458,#1455,#1206,.T.);
#1837=EDGE_CURVE('',#1459,#1460,#618,.T.);
#1838=EDGE_CURVE('',#1460,#1461,#619,.T.);
#1839=EDGE_CURVE('',#1461,#1462,#620,.T.);
#1840=EDGE_CURVE('',#1462,#1459,#1207,.T.);
#1841=EDGE_CURVE('',#1463,#1464,#621,.T.);
#1842=EDGE_CURVE('',#1464,#1465,#622,.T.);
#1843=EDGE_CURVE('',#1465,#1466,#623,.T.);
#1844=EDGE_CURVE('',#1466,#1463,#624,.T.);
#1845=EDGE_CURVE('',#1467,#1468,#625,.T.);
#1846=EDGE_CURVE('',#1468,#1469,#626,.T.);
#1847=EDGE_CURVE('',#1469,#1470,#627,.T.);
#1848=EDGE_CURVE('',#1470,#1467,#628,.T.);
#1849=EDGE_CURVE('',#1471,#1472,#629,.T.);
#1850=EDGE_CURVE('',#1472,#1473,#1208,.T.);
#1851=EDGE_CURVE('',#1473,#1474,#1209,.T.);
#1852=EDGE_CURVE('',#1474,#1475,#630,.T.);
#1853=EDGE_CURVE('',#1475,#1471,#631,.T.);
#1854=EDGE_CURVE('',#1468,#1476,#632,.T.);
#1855=EDGE_CURVE('',#1476,#1477,#633,.T.);
#1856=EDGE_CURVE('',#1477,#1469,#634,.T.);
#1857=EDGE_CURVE('',#1473,#1478,#1210,.T.);
#1858=EDGE_CURVE('',#1478,#1479,#1211,.T.);
#1859=EDGE_CURVE('',#1479,#1474,#1212,.T.);
#1860=EDGE_CURVE('',#1480,#1481,#635,.T.);
#1861=EDGE_CURVE('',#1481,#1482,#636,.T.);
#1862=EDGE_CURVE('',#1482,#1483,#637,.T.);
#1863=EDGE_CURVE('',#1483,#1480,#638,.T.);
#1864=EDGE_CURVE('',#1484,#1482,#639,.T.);
#1865=EDGE_CURVE('',#1481,#1485,#640,.T.);
#1866=EDGE_CURVE('',#1485,#1484,#641,.T.);
#1867=EDGE_CURVE('',#1486,#1480,#642,.T.);
#1868=EDGE_CURVE('',#1483,#1479,#643,.T.);
#1869=EDGE_CURVE('',#1478,#1486,#1213,.T.);
#1870=EDGE_CURVE('',#1476,#1484,#644,.T.);
#1871=EDGE_CURVE('',#1485,#1477,#645,.T.);
#1872=EDGE_CURVE('',#1487,#1471,#646,.T.);
#1873=EDGE_CURVE('',#1475,#1488,#647,.T.);
#1874=EDGE_CURVE('',#1488,#1487,#648,.T.);
#1875=EDGE_CURVE('',#1489,#1467,#649,.T.);
#1876=EDGE_CURVE('',#1470,#1490,#650,.T.);
#1877=EDGE_CURVE('',#1490,#1489,#1214,.T.);
#1878=EDGE_CURVE('',#1464,#1487,#651,.T.);
#1879=EDGE_CURVE('',#1488,#1465,#652,.T.);
#1880=EDGE_CURVE('',#1491,#1489,#1215,.T.);
#1881=EDGE_CURVE('',#1490,#1492,#1216,.T.);
#1882=EDGE_CURVE('',#1492,#1491,#1217,.T.);
#1883=EDGE_CURVE('',#1493,#1494,#1218,.T.);
#1884=EDGE_CURVE('',#1494,#1495,#653,.T.);
#1885=EDGE_CURVE('',#1495,#1496,#1219,.T.);
#1886=EDGE_CURVE('',#1496,#1493,#1220,.T.);
#1887=EDGE_CURVE('',#1497,#1498,#654,.T.);
#1888=EDGE_CURVE('',#1498,#1495,#1221,.T.);
#1889=EDGE_CURVE('',#1494,#1497,#1222,.T.);
#1890=EDGE_CURVE('',#1492,#1498,#1223,.T.);
#1891=EDGE_CURVE('',#1497,#1491,#1224,.T.);
#1892=EDGE_CURVE('',#1499,#1463,#655,.T.);
#1893=EDGE_CURVE('',#1466,#1500,#656,.T.);
#1894=EDGE_CURVE('',#1500,#1499,#657,.T.);
#1895=EDGE_CURVE('',#1501,#1493,#658,.T.);
#1896=EDGE_CURVE('',#1496,#1502,#659,.T.);
#1897=EDGE_CURVE('',#1502,#1501,#1225,.T.);
#1898=EDGE_CURVE('',#1460,#1499,#660,.T.);
#1899=EDGE_CURVE('',#1500,#1461,#661,.T.);
#1900=EDGE_CURVE('',#1503,#1501,#1226,.T.);
#1901=EDGE_CURVE('',#1502,#1504,#1227,.T.);
#1902=EDGE_CURVE('',#1504,#1503,#1228,.T.);
#1903=EDGE_CURVE('',#1505,#1503,#662,.T.);
#1904=EDGE_CURVE('',#1504,#1506,#663,.T.);
#1905=EDGE_CURVE('',#1506,#1505,#1229,.T.);
#1906=EDGE_CURVE('',#1458,#1459,#1230,.T.);
#1907=EDGE_CURVE('',#1462,#1455,#1231,.T.);
#1908=EDGE_CURVE('',#1507,#1508,#664,.T.);
#1909=EDGE_CURVE('',#1508,#1457,#1232,.T.);
#1910=EDGE_CURVE('',#1456,#1507,#1233,.T.);
#1911=EDGE_CURVE('',#1506,#1508,#1234,.T.);
#1912=EDGE_CURVE('',#1507,#1505,#1235,.T.);
#1913=EDGE_CURVE('',#1509,#1487,#665,.T.);
#1914=EDGE_CURVE('',#1510,#1509,#666,.T.);
#1915=EDGE_CURVE('',#1510,#1511,#667,.T.);
#1916=EDGE_CURVE('',#1512,#1511,#668,.T.);
#1917=EDGE_CURVE('',#1513,#1512,#669,.T.);
#1918=EDGE_CURVE('',#1514,#1513,#1236,.T.);
#1919=EDGE_CURVE('',#1471,#1514,#670,.T.);
#1920=EDGE_CURVE('',#1464,#1515,#671,.T.);
#1921=EDGE_CURVE('',#1509,#1515,#672,.T.);
#1922=EDGE_CURVE('',#1463,#1516,#673,.T.);
#1923=EDGE_CURVE('',#1515,#1516,#674,.T.);
#1924=EDGE_CURVE('',#1517,#1499,#675,.T.);
#1925=EDGE_CURVE('',#1518,#1517,#676,.F.);
#1926=EDGE_CURVE('',#1519,#1518,#677,.T.);
#1927=EDGE_CURVE('',#1519,#1520,#678,.T.);
#1928=EDGE_CURVE('',#1520,#1521,#679,.T.);
#1929=EDGE_CURVE('',#1516,#1521,#680,.T.);
#1930=EDGE_CURVE('',#1460,#1522,#681,.T.);
#1931=EDGE_CURVE('',#1517,#1522,#682,.T.);
#1932=EDGE_CURVE('',#1459,#1523,#1237,.T.);
#1933=EDGE_CURVE('',#1523,#1524,#1238,.T.);
#1934=EDGE_CURVE('',#1524,#1525,#1239,.T.);
#1935=EDGE_CURVE('',#1525,#1526,#683,.T.);
#1936=EDGE_CURVE('',#1522,#1526,#684,.T.);
#1937=EDGE_CURVE('',#1458,#1527,#1240,.T.);
#1938=EDGE_CURVE('',#1528,#1527,#1241,.T.);
#1939=EDGE_CURVE('',#1529,#1528,#1242,.T.);
#1940=EDGE_CURVE('',#1529,#1530,#1243,.T.);
#1941=EDGE_CURVE('',#1523,#1530,#1244,.T.);
#1942=EDGE_CURVE('',#1531,#1457,#1245,.T.);
#1943=EDGE_CURVE('',#1527,#1531,#1246,.T.);
#1944=EDGE_CURVE('',#1508,#1532,#1247,.T.);
#1945=EDGE_CURVE('',#1531,#1532,#1248,.T.);
#1946=EDGE_CURVE('',#1506,#1533,#1249,.F.);
#1947=EDGE_CURVE('',#1532,#1533,#1250,.T.);
#1948=EDGE_CURVE('',#1504,#1534,#1251,.F.);
#1949=EDGE_CURVE('',#1534,#1535,#685,.T.);
#1950=EDGE_CURVE('',#1536,#1535,#686,.T.);
#1951=EDGE_CURVE('',#1537,#1536,#687,.T.);
#1952=EDGE_CURVE('',#1533,#1537,#688,.T.);
#1953=EDGE_CURVE('',#1502,#1538,#1252,.F.);
#1954=EDGE_CURVE('',#1538,#1539,#1253,.T.);
#1955=EDGE_CURVE('',#1540,#1539,#1254,.T.);
#1956=EDGE_CURVE('',#1541,#1540,#1255,.T.);
#1957=EDGE_CURVE('',#1542,#1541,#1256,.T.);
#1958=EDGE_CURVE('',#1542,#1534,#1257,.T.);
#1959=EDGE_CURVE('',#1496,#1543,#1258,.F.);
#1960=EDGE_CURVE('',#1544,#1543,#689,.T.);
#1961=EDGE_CURVE('',#1544,#1545,#690,.T.);
#1962=EDGE_CURVE('',#1546,#1545,#691,.T.);
#1963=EDGE_CURVE('',#1538,#1546,#692,.T.);
#1964=EDGE_CURVE('',#1547,#1495,#1259,.T.);
#1965=EDGE_CURVE('',#1543,#1547,#1260,.T.);
#1966=EDGE_CURVE('',#1548,#1549,#108,.T.);
#1967=EDGE_CURVE('',#1549,#1550,#693,.T.);
#1968=EDGE_CURVE('',#1550,#1551,#109,.T.);
#1969=EDGE_CURVE('',#1551,#1552,#694,.T.);
#1970=EDGE_CURVE('',#1552,#1553,#110,.T.);
#1971=EDGE_CURVE('',#1553,#1554,#695,.T.);
#1972=EDGE_CURVE('',#1554,#1555,#111,.T.);
#1973=EDGE_CURVE('',#1555,#1548,#696,.T.);
#1974=EDGE_CURVE('',#1556,#1557,#112,.T.);
#1975=EDGE_CURVE('',#1557,#1558,#697,.T.);
#1976=EDGE_CURVE('',#1558,#1559,#113,.T.);
#1977=EDGE_CURVE('',#1559,#1560,#698,.T.);
#1978=EDGE_CURVE('',#1560,#1561,#114,.T.);
#1979=EDGE_CURVE('',#1561,#1562,#699,.T.);
#1980=EDGE_CURVE('',#1562,#1563,#115,.T.);
#1981=EDGE_CURVE('',#1563,#1556,#700,.T.);
#1982=EDGE_CURVE('',#1564,#1565,#116,.T.);
#1983=EDGE_CURVE('',#1565,#1566,#701,.T.);
#1984=EDGE_CURVE('',#1566,#1567,#117,.T.);
#1985=EDGE_CURVE('',#1567,#1568,#702,.T.);
#1986=EDGE_CURVE('',#1568,#1569,#118,.T.);
#1987=EDGE_CURVE('',#1569,#1570,#703,.T.);
#1988=EDGE_CURVE('',#1570,#1571,#119,.T.);
#1989=EDGE_CURVE('',#1571,#1564,#704,.T.);
#1990=EDGE_CURVE('',#1572,#1572,#120,.T.);
#1991=EDGE_CURVE('',#1573,#1573,#121,.T.);
#1992=EDGE_CURVE('',#1573,#1574,#705,.T.);
#1993=EDGE_CURVE('',#1574,#1574,#122,.T.);
#1994=EDGE_CURVE('',#1574,#1575,#706,.T.);
#1995=EDGE_CURVE('',#1575,#1575,#123,.T.);
#1996=EDGE_CURVE('',#1576,#1577,#707,.T.);
#1997=EDGE_CURVE('',#1576,#1578,#1261,.T.);
#1998=EDGE_CURVE('',#1578,#1442,#1262,.T.);
#1999=EDGE_CURVE('',#1579,#1441,#708,.T.);
#2000=EDGE_CURVE('',#1580,#1579,#709,.F.);
#2001=EDGE_CURVE('',#1581,#1580,#1263,.F.);
#2002=EDGE_CURVE('',#1582,#1581,#710,.T.);
#2003=EDGE_CURVE('',#1583,#1582,#711,.F.);
#2004=EDGE_CURVE('',#1583,#1584,#1264,.T.);
#2005=EDGE_CURVE('',#1584,#1585,#1265,.T.);
#2006=EDGE_CURVE('',#1585,#1586,#1266,.T.);
#2007=EDGE_CURVE('',#1587,#1586,#712,.T.);
#2008=EDGE_CURVE('',#1588,#1587,#124,.T.);
#2009=EDGE_CURVE('',#1589,#1588,#713,.T.);
#2010=EDGE_CURVE('',#1590,#1589,#125,.T.);
#2011=EDGE_CURVE('',#1591,#1590,#714,.T.);
#2012=EDGE_CURVE('',#1592,#1591,#126,.T.);
#2013=EDGE_CURVE('',#1593,#1592,#715,.T.);
#2014=EDGE_CURVE('',#1594,#1593,#127,.T.);
#2015=EDGE_CURVE('',#1595,#1594,#716,.T.);
#2016=EDGE_CURVE('',#1596,#1595,#717,.F.);
#2017=EDGE_CURVE('',#1596,#1597,#1267,.T.);
#2018=EDGE_CURVE('',#1598,#1597,#718,.F.);
#2019=EDGE_CURVE('',#1599,#1598,#719,.T.);
#2020=EDGE_CURVE('',#1600,#1599,#128,.T.);
#2021=EDGE_CURVE('',#1601,#1600,#720,.T.);
#2022=EDGE_CURVE('',#1602,#1601,#129,.T.);
#2023=EDGE_CURVE('',#1603,#1602,#721,.T.);
#2024=EDGE_CURVE('',#1604,#1603,#130,.T.);
#2025=EDGE_CURVE('',#1605,#1604,#722,.T.);
#2026=EDGE_CURVE('',#1577,#1605,#131,.T.);
#2027=EDGE_CURVE('',#1606,#1607,#723,.T.);
#2028=EDGE_CURVE('',#1608,#1606,#132,.T.);
#2029=EDGE_CURVE('',#1609,#1608,#724,.T.);
#2030=EDGE_CURVE('',#1610,#1609,#133,.T.);
#2031=EDGE_CURVE('',#1611,#1610,#725,.T.);
#2032=EDGE_CURVE('',#1612,#1611,#134,.T.);
#2033=EDGE_CURVE('',#1613,#1612,#726,.T.);
#2034=EDGE_CURVE('',#1607,#1613,#135,.T.);
#2035=EDGE_CURVE('',#1575,#1614,#727,.T.);
#2036=EDGE_CURVE('',#1614,#1614,#136,.T.);
#2037=EDGE_CURVE('',#1615,#1615,#137,.T.);
#2038=EDGE_CURVE('',#1616,#1617,#1268,.T.);
#2039=EDGE_CURVE('',#1616,#1618,#1269,.T.);
#2040=EDGE_CURVE('',#1618,#1619,#1270,.T.);
#2041=EDGE_CURVE('',#1619,#1617,#1271,.T.);
#2042=EDGE_CURVE('',#1620,#1616,#1272,.T.);
#2043=EDGE_CURVE('',#1620,#1621,#1273,.T.);
#2044=EDGE_CURVE('',#1618,#1621,#1274,.T.);
#2045=EDGE_CURVE('',#1622,#1623,#1275,.T.);
#2046=EDGE_CURVE('',#1622,#1624,#1276,.T.);
#2047=EDGE_CURVE('',#1624,#1625,#1277,.T.);
#2048=EDGE_CURVE('',#1625,#1623,#1278,.T.);
#2049=EDGE_CURVE('',#1626,#1622,#1279,.T.);
#2050=EDGE_CURVE('',#1626,#1627,#1280,.F.);
#2051=EDGE_CURVE('',#1624,#1627,#1281,.T.);
#2052=EDGE_CURVE('',#1628,#1628,#138,.T.);
#2053=EDGE_CURVE('',#1628,#1572,#728,.T.);
#2054=EDGE_CURVE('',#1629,#1629,#139,.T.);
#2055=EDGE_CURVE('',#1629,#1615,#729,.T.);
#2056=EDGE_CURVE('',#1443,#1630,#1282,.T.);
#2057=EDGE_CURVE('',#1578,#1631,#1283,.T.);
#2058=EDGE_CURVE('',#1632,#1631,#1284,.T.);
#2059=EDGE_CURVE('',#1630,#1632,#1285,.T.);
#2060=EDGE_CURVE('',#1631,#1633,#1286,.T.);
#2061=EDGE_CURVE('',#1633,#1576,#1287,.T.);
#2062=EDGE_CURVE('',#1598,#1634,#730,.T.);
#2063=EDGE_CURVE('',#1597,#1635,#1288,.T.);
#2064=EDGE_CURVE('',#1634,#1635,#731,.T.);
#2065=EDGE_CURVE('',#1635,#1636,#1289,.T.);
#2066=EDGE_CURVE('',#1596,#1636,#1290,.T.);
#2067=EDGE_CURVE('',#1636,#1637,#732,.T.);
#2068=EDGE_CURVE('',#1637,#1595,#733,.T.);
#2069=EDGE_CURVE('',#1638,#1639,#1291,.T.);
#2070=EDGE_CURVE('',#1586,#1638,#1292,.T.);
#2071=EDGE_CURVE('',#1585,#1639,#1293,.T.);
#2072=EDGE_CURVE('',#1639,#1640,#1294,.T.);
#2073=EDGE_CURVE('',#1584,#1640,#1295,.T.);
#2074=EDGE_CURVE('',#1641,#1642,#1296,.T.);
#2075=EDGE_CURVE('',#1643,#1641,#1297,.T.);
#2076=EDGE_CURVE('',#1644,#1643,#1298,.T.);
#2077=EDGE_CURVE('',#1645,#1644,#1299,.T.);
#2078=EDGE_CURVE('',#1640,#1645,#1300,.T.);
#2079=EDGE_CURVE('',#1583,#1642,#1301,.F.);
#2080=EDGE_CURVE('',#1642,#1646,#734,.T.);
#2081=EDGE_CURVE('',#1582,#1646,#735,.F.);
#2082=EDGE_CURVE('',#1646,#1647,#736,.T.);
#2083=EDGE_CURVE('',#1581,#1647,#1302,.T.);
#2084=EDGE_CURVE('',#1648,#1649,#1303,.T.);
#2085=EDGE_CURVE('',#1650,#1648,#1304,.T.);
#2086=EDGE_CURVE('',#1651,#1650,#1305,.T.);
#2087=EDGE_CURVE('',#1652,#1651,#1306,.T.);
#2088=EDGE_CURVE('',#1653,#1652,#1307,.T.);
#2089=EDGE_CURVE('',#1654,#1653,#1308,.T.);
#2090=EDGE_CURVE('',#1655,#1654,#1309,.T.);
#2091=EDGE_CURVE('',#1656,#1655,#1310,.T.);
#2092=EDGE_CURVE('',#1647,#1656,#1311,.T.);
#2093=EDGE_CURVE('',#1580,#1649,#1312,.T.);
#2094=EDGE_CURVE('',#1657,#1658,#737,.T.);
#2095=EDGE_CURVE('',#1659,#1657,#738,.T.);
#2096=EDGE_CURVE('',#1660,#1659,#739,.T.);
#2097=EDGE_CURVE('',#1661,#1660,#740,.T.);
#2098=EDGE_CURVE('',#1649,#1661,#741,.T.);
#2099=EDGE_CURVE('',#1579,#1658,#742,.F.);
#2100=EDGE_CURVE('',#1658,#1440,#743,.T.);
#2101=EDGE_CURVE('',#1610,#1548,#744,.T.);
#2102=EDGE_CURVE('',#1555,#1611,#745,.T.);
#2103=EDGE_CURVE('',#1549,#1609,#746,.T.);
#2104=EDGE_CURVE('',#1608,#1550,#747,.T.);
#2105=EDGE_CURVE('',#1551,#1606,#748,.T.);
#2106=EDGE_CURVE('',#1438,#1662,#749,.T.);
#2107=EDGE_CURVE('',#1662,#1663,#750,.T.);
#2108=EDGE_CURVE('',#1663,#1664,#751,.T.);
#2109=EDGE_CURVE('',#1665,#1664,#752,.T.);
#2110=EDGE_CURVE('',#1666,#1665,#753,.T.);
#2111=EDGE_CURVE('',#1667,#1666,#754,.T.);
#2112=EDGE_CURVE('',#1667,#1439,#755,.T.);
#2113=EDGE_CURVE('',#1437,#1668,#756,.F.);
#2114=EDGE_CURVE('',#1669,#1668,#1313,.T.);
#2115=EDGE_CURVE('',#1662,#1669,#757,.T.);
#2116=EDGE_CURVE('',#1670,#1454,#1314,.T.);
#2117=EDGE_CURVE('',#1671,#1670,#1315,.T.);
#2118=EDGE_CURVE('',#1672,#1671,#1316,.F.);
#2119=EDGE_CURVE('',#1672,#1673,#1317,.T.);
#2120=EDGE_CURVE('',#1673,#1668,#1318,.T.);
#2121=EDGE_CURVE('',#1444,#1445,#758,.T.);
#2122=EDGE_CURVE('',#1630,#1446,#759,.T.);
#2123=EDGE_CURVE('',#1632,#1674,#760,.T.);
#2124=EDGE_CURVE('',#1674,#1675,#1319,.T.);
#2125=EDGE_CURVE('',#1447,#1675,#761,.T.);
#2126=EDGE_CURVE('',#1567,#1605,#762,.T.);
#2127=EDGE_CURVE('',#1577,#1566,#763,.T.);
#2128=EDGE_CURVE('',#1604,#1568,#764,.T.);
#2129=EDGE_CURVE('',#1569,#1603,#765,.T.);
#2130=EDGE_CURVE('',#1602,#1570,#766,.T.);
#2131=EDGE_CURVE('',#1571,#1601,#767,.T.);
#2132=EDGE_CURVE('',#1600,#1564,#768,.T.);
#2133=EDGE_CURVE('',#1644,#1676,#140,.T.);
#2134=EDGE_CURVE('',#1677,#1676,#1320,.T.);
#2135=EDGE_CURVE('',#1677,#1645,#141,.T.);
#2136=EDGE_CURVE('',#1565,#1599,#769,.T.);
#2137=EDGE_CURVE('',#1617,#1678,#1321,.T.);
#2138=EDGE_CURVE('',#1679,#1678,#770,.F.);
#2139=EDGE_CURVE('',#1679,#1680,#1322,.T.);
#2140=EDGE_CURVE('',#1626,#1680,#771,.F.);
#2141=EDGE_CURVE('',#1623,#1681,#1323,.T.);
#2142=EDGE_CURVE('',#1681,#1674,#1324,.T.);
#2143=EDGE_CURVE('',#1634,#1633,#772,.T.);
#2144=EDGE_CURVE('',#1638,#1637,#773,.T.);
#2145=EDGE_CURVE('',#1682,#1677,#1325,.T.);
#2146=EDGE_CURVE('',#1682,#1620,#1326,.T.);
#2147=EDGE_CURVE('',#1683,#1656,#774,.T.);
#2148=EDGE_CURVE('',#1684,#1683,#1327,.F.);
#2149=EDGE_CURVE('',#1685,#1684,#775,.F.);
#2150=EDGE_CURVE('',#1686,#1685,#776,.F.);
#2151=EDGE_CURVE('',#1686,#1687,#1328,.T.);
#2152=EDGE_CURVE('',#1688,#1687,#1329,.T.);
#2153=EDGE_CURVE('',#1641,#1688,#142,.T.);
#2154=EDGE_CURVE('',#1689,#1652,#777,.T.);
#2155=EDGE_CURVE('',#1690,#1689,#1330,.F.);
#2156=EDGE_CURVE('',#1653,#1690,#778,.T.);
#2157=EDGE_CURVE('',#1559,#1593,#779,.T.);
#2158=EDGE_CURVE('',#1594,#1558,#780,.T.);
#2159=EDGE_CURVE('',#1592,#1560,#781,.T.);
#2160=EDGE_CURVE('',#1673,#1691,#1331,.T.);
#2161=EDGE_CURVE('',#1691,#1669,#1332,.T.);
#2162=EDGE_CURVE('',#1691,#1692,#782,.T.);
#2163=EDGE_CURVE('',#1692,#1663,#783,.T.);
#2164=EDGE_CURVE('',#1693,#1694,#1333,.T.);
#2165=EDGE_CURVE('',#1695,#1693,#1334,.T.);
#2166=EDGE_CURVE('',#1453,#1695,#1335,.T.);
#2167=EDGE_CURVE('',#1452,#1696,#784,.T.);
#2168=EDGE_CURVE('',#1694,#1696,#1336,.T.);
#2169=EDGE_CURVE('',#1541,#1697,#1337,.T.);
#2170=EDGE_CURVE('',#1540,#1698,#1338,.F.);
#2171=EDGE_CURVE('',#1698,#1697,#1339,.T.);
#2172=EDGE_CURVE('',#1698,#1699,#785,.T.);
#2173=EDGE_CURVE('',#1699,#1700,#1340,.T.);
#2174=EDGE_CURVE('',#1700,#1697,#786,.T.);
#2175=EDGE_CURVE('',#1670,#1695,#1341,.T.);
#2176=EDGE_CURVE('',#1694,#1672,#1342,.T.);
#2177=EDGE_CURVE('',#1490,#1691,#1343,.T.);
#2178=EDGE_CURVE('',#1696,#1701,#1344,.T.);
#2179=EDGE_CURVE('',#1701,#1702,#1345,.T.);
#2180=EDGE_CURVE('',#1492,#1702,#1346,.F.);
#2181=EDGE_CURVE('',#1664,#1703,#787,.T.);
#2182=EDGE_CURVE('',#1703,#1704,#788,.F.);
#2183=EDGE_CURVE('',#1704,#1665,#789,.T.);
#2184=EDGE_CURVE('',#1704,#1705,#790,.T.);
#2185=EDGE_CURVE('',#1705,#1706,#791,.T.);
#2186=EDGE_CURVE('',#1666,#1706,#143,.T.);
#2187=EDGE_CURVE('',#1526,#1518,#792,.T.);
#2188=EDGE_CURVE('',#1448,#1707,#1347,.T.);
#2189=EDGE_CURVE('',#1707,#1708,#793,.T.);
#2190=EDGE_CURVE('',#1708,#1709,#1348,.T.);
#2191=EDGE_CURVE('',#1709,#1449,#1349,.T.);
#2192=EDGE_CURVE('',#1710,#1547,#794,.T.);
#2193=EDGE_CURVE('',#1547,#1708,#1350,.T.);
#2194=EDGE_CURVE('',#1707,#1710,#1351,.T.);
#2195=EDGE_CURVE('',#1710,#1711,#1352,.T.);
#2196=EDGE_CURVE('',#1711,#1543,#1353,.T.);
#2197=EDGE_CURVE('',#1711,#1712,#795,.T.);
#2198=EDGE_CURVE('',#1712,#1544,#796,.F.);
#2199=EDGE_CURVE('',#1702,#1713,#1354,.T.);
#2200=EDGE_CURVE('',#1713,#1709,#1355,.T.);
#2201=EDGE_CURVE('',#1498,#1708,#1356,.T.);
#2202=EDGE_CURVE('',#1537,#1714,#797,.F.);
#2203=EDGE_CURVE('',#1714,#1715,#798,.T.);
#2204=EDGE_CURVE('',#1715,#1533,#1357,.T.);
#2205=EDGE_CURVE('',#1715,#1716,#1358,.T.);
#2206=EDGE_CURVE('',#1716,#1532,#799,.T.);
#2207=EDGE_CURVE('',#1717,#1531,#800,.T.);
#2208=EDGE_CURVE('',#1716,#1717,#1359,.T.);
#2209=EDGE_CURVE('',#1717,#1718,#1360,.T.);
#2210=EDGE_CURVE('',#1718,#1527,#1361,.T.);
#2211=EDGE_CURVE('',#1718,#1719,#1362,.T.);
#2212=EDGE_CURVE('',#1719,#1528,#801,.T.);
#2213=EDGE_CURVE('',#1720,#1721,#1363,.T.);
#2214=EDGE_CURVE('',#1721,#1528,#1364,.T.);
#2215=EDGE_CURVE('',#1719,#1720,#1365,.T.);
#2216=EDGE_CURVE('',#1621,#1720,#1366,.T.);
#2217=EDGE_CURVE('',#1721,#1682,#1367,.T.);
#2218=EDGE_CURVE('',#1714,#1722,#802,.T.);
#2219=EDGE_CURVE('',#1722,#1723,#803,.T.);
#2220=EDGE_CURVE('',#1723,#1619,#1368,.T.);
#2221=EDGE_CURVE('',#1675,#1724,#1369,.T.);
#2222=EDGE_CURVE('',#1724,#1625,#1370,.T.);
#2223=EDGE_CURVE('',#1627,#1725,#804,.T.);
#2224=EDGE_CURVE('',#1725,#1712,#805,.T.);
#2225=EDGE_CURVE('',#1535,#1726,#1371,.T.);
#2226=EDGE_CURVE('',#1726,#1727,#1372,.T.);
#2227=EDGE_CURVE('',#1727,#1728,#1373,.T.);
#2228=EDGE_CURVE('',#1728,#1535,#1374,.T.);
#2229=EDGE_CURVE('',#1728,#1729,#806,.T.);
#2230=EDGE_CURVE('',#1729,#1536,#807,.T.);
#2231=EDGE_CURVE('',#1542,#1726,#808,.T.);
#2232=EDGE_CURVE('',#1729,#1730,#809,.T.);
#2233=EDGE_CURVE('',#1722,#1730,#810,.T.);
#2234=EDGE_CURVE('',#1731,#1732,#1375,.T.);
#2235=EDGE_CURVE('',#1732,#1733,#1376,.T.);
#2236=EDGE_CURVE('',#1733,#1546,#1377,.T.);
#2237=EDGE_CURVE('',#1546,#1731,#1378,.T.);
#2238=EDGE_CURVE('',#1545,#1734,#811,.T.);
#2239=EDGE_CURVE('',#1734,#1731,#812,.T.);
#2240=EDGE_CURVE('',#1735,#1734,#813,.T.);
#2241=EDGE_CURVE('',#1736,#1735,#814,.T.);
#2242=EDGE_CURVE('',#1737,#1736,#1379,.T.);
#2243=EDGE_CURVE('',#1732,#1737,#815,.T.);
#2244=EDGE_CURVE('',#1725,#1735,#816,.T.);
#2245=EDGE_CURVE('',#1738,#1739,#817,.T.);
#2246=EDGE_CURVE('',#1739,#1740,#818,.T.);
#2247=EDGE_CURVE('',#1740,#1741,#819,.T.);
#2248=EDGE_CURVE('',#1741,#1742,#820,.T.);
#2249=EDGE_CURVE('',#1742,#1738,#821,.T.);
#2250=EDGE_CURVE('',#1481,#1742,#822,.T.);
#2251=EDGE_CURVE('',#1741,#1485,#823,.T.);
#2252=EDGE_CURVE('',#1743,#1738,#824,.T.);
#2253=EDGE_CURVE('',#1744,#1743,#825,.T.);
#2254=EDGE_CURVE('',#1739,#1744,#826,.T.);
#2255=EDGE_CURVE('',#1745,#1480,#827,.T.);
#2256=EDGE_CURVE('',#1746,#1745,#1380,.T.);
#2257=EDGE_CURVE('',#1747,#1746,#828,.T.);
#2258=EDGE_CURVE('',#1747,#1743,#829,.T.);
#2259=EDGE_CURVE('',#1521,#1510,#830,.T.);
#2260=EDGE_CURVE('',#1472,#1514,#1381,.T.);
#2261=EDGE_CURVE('',#1513,#1748,#1382,.T.);
#2262=EDGE_CURVE('',#1749,#1748,#1383,.T.);
#2263=EDGE_CURVE('',#1750,#1749,#1384,.T.);
#2264=EDGE_CURVE('',#1751,#1750,#1385,.T.);
#2265=EDGE_CURVE('',#1751,#1752,#1386,.T.);
#2266=EDGE_CURVE('',#1753,#1752,#1387,.T.);
#2267=EDGE_CURVE('',#1754,#1753,#1388,.T.);
#2268=EDGE_CURVE('',#1755,#1754,#1389,.T.);
#2269=EDGE_CURVE('',#1755,#1746,#1390,.T.);
#2270=EDGE_CURVE('',#1486,#1745,#1391,.F.);
#2271=EDGE_CURVE('',#1477,#1740,#831,.T.);
#2272=EDGE_CURVE('',#1705,#1744,#832,.T.);
#2273=EDGE_CURVE('',#1469,#1703,#833,.T.);
#2274=EDGE_CURVE('',#1511,#1756,#1392,.T.);
#2275=EDGE_CURVE('',#1757,#1756,#834,.T.);
#2276=EDGE_CURVE('',#1757,#1512,#1393,.T.);
#2277=EDGE_CURVE('',#1756,#1520,#835,.T.);
#2278=EDGE_CURVE('',#1512,#1758,#1394,.T.);
#2279=EDGE_CURVE('',#1758,#1759,#836,.T.);
#2280=EDGE_CURVE('',#1759,#1760,#837,.T.);
#2281=EDGE_CURVE('',#1760,#1761,#838,.T.);
#2282=EDGE_CURVE('',#1761,#1762,#839,.T.);
#2283=EDGE_CURVE('',#1762,#1763,#840,.T.);
#2284=EDGE_CURVE('',#1748,#1763,#1395,.T.);
#2285=EDGE_CURVE('',#1539,#1733,#841,.T.);
#2286=EDGE_CURVE('',#1699,#1737,#842,.T.);
#2287=EDGE_CURVE('',#1764,#1736,#843,.T.);
#2288=EDGE_CURVE('',#1764,#1699,#1396,.T.);
#2289=EDGE_CURVE('',#1765,#1766,#1397,.T.);
#2290=EDGE_CURVE('',#1700,#1766,#844,.T.);
#2291=EDGE_CURVE('',#1700,#1767,#1398,.T.);
#2292=EDGE_CURVE('',#1767,#1765,#845,.T.);
#2293=EDGE_CURVE('',#1766,#1727,#846,.T.);
#2294=EDGE_CURVE('',#1730,#1765,#847,.T.);
#2295=EDGE_CURVE('',#1523,#1768,#1399,.T.);
#2296=EDGE_CURVE('',#1530,#1769,#1400,.F.);
#2297=EDGE_CURVE('',#1769,#1768,#1401,.T.);
#2298=EDGE_CURVE('',#1770,#1643,#144,.T.);
#2299=EDGE_CURVE('',#1768,#1770,#1402,.F.);
#2300=EDGE_CURVE('',#1676,#1769,#1403,.F.);
#2301=EDGE_CURVE('',#1667,#1771,#145,.T.);
#2302=EDGE_CURVE('',#1772,#1771,#848,.F.);
#2303=EDGE_CURVE('',#1773,#1772,#1404,.F.);
#2304=EDGE_CURVE('',#1648,#1773,#849,.T.);
#2305=EDGE_CURVE('',#1661,#1774,#146,.F.);
#2306=EDGE_CURVE('',#1775,#1774,#850,.T.);
#2307=EDGE_CURVE('',#1775,#1776,#147,.F.);
#2308=EDGE_CURVE('',#1657,#1776,#851,.T.);
#2309=EDGE_CURVE('',#1771,#1706,#852,.F.);
#2310=EDGE_CURVE('',#1777,#1755,#1405,.T.);
#2311=EDGE_CURVE('',#1777,#1778,#853,.T.);
#2312=EDGE_CURVE('',#1778,#1779,#1406,.T.);
#2313=EDGE_CURVE('',#1779,#1747,#854,.T.);
#2314=EDGE_CURVE('',#1752,#1780,#1407,.T.);
#2315=EDGE_CURVE('',#1780,#1781,#1408,.T.);
#2316=EDGE_CURVE('',#1781,#1753,#148,.T.);
#2317=EDGE_CURVE('',#1781,#1782,#1409,.T.);
#2318=EDGE_CURVE('',#1782,#1754,#149,.T.);
#2319=EDGE_CURVE('',#1782,#1777,#1410,.T.);
#2320=EDGE_CURVE('',#1773,#1778,#1411,.T.);
#2321=EDGE_CURVE('',#1650,#1782,#855,.T.);
#2322=EDGE_CURVE('',#1781,#1651,#856,.T.);
#2323=EDGE_CURVE('',#1783,#1780,#857,.T.);
#2324=EDGE_CURVE('',#1783,#1689,#1412,.T.);
#2325=EDGE_CURVE('',#1763,#1784,#1413,.T.);
#2326=EDGE_CURVE('',#1784,#1749,#150,.T.);
#2327=EDGE_CURVE('',#1785,#1750,#151,.T.);
#2328=EDGE_CURVE('',#1784,#1785,#1414,.T.);
#2329=EDGE_CURVE('',#1786,#1751,#1415,.T.);
#2330=EDGE_CURVE('',#1785,#1786,#1416,.T.);
#2331=EDGE_CURVE('',#1787,#1785,#858,.T.);
#2332=EDGE_CURVE('',#1787,#1788,#859,.T.);
#2333=EDGE_CURVE('',#1786,#1788,#860,.T.);
#2334=EDGE_CURVE('',#1789,#1784,#861,.T.);
#2335=EDGE_CURVE('',#1789,#1787,#152,.T.);
#2336=EDGE_CURVE('',#1762,#1789,#862,.T.);
#2337=EDGE_CURVE('',#1790,#1525,#1417,.T.);
#2338=EDGE_CURVE('',#1790,#1791,#1418,.T.);
#2339=EDGE_CURVE('',#1791,#1792,#863,.T.);
#2340=EDGE_CURVE('',#1792,#1519,#864,.T.);
#2341=EDGE_CURVE('',#1607,#1552,#865,.T.);
#2342=EDGE_CURVE('',#1770,#1688,#1419,.T.);
#2343=EDGE_CURVE('',#1687,#1790,#1420,.T.);
#2344=EDGE_CURVE('',#1686,#1791,#1421,.F.);
#2345=EDGE_CURVE('',#1561,#1591,#866,.T.);
#2346=EDGE_CURVE('',#1590,#1562,#867,.T.);
#2347=EDGE_CURVE('',#1563,#1589,#868,.T.);
#2348=EDGE_CURVE('',#1588,#1556,#869,.T.);
#2349=EDGE_CURVE('',#1553,#1613,#870,.T.);
#2350=EDGE_CURVE('',#1612,#1554,#871,.T.);
#2351=EDGE_CURVE('',#1451,#1701,#872,.T.);
#2352=EDGE_CURVE('',#1450,#1713,#873,.T.);
#2353=EDGE_CURVE('',#1681,#1724,#1422,.T.);
#2354=EDGE_CURVE('',#1680,#1764,#1423,.T.);
#2355=EDGE_CURVE('',#1679,#1767,#1424,.T.);
#2356=EDGE_CURVE('',#1678,#1723,#1425,.F.);
#2357=EDGE_CURVE('',#1793,#1660,#153,.T.);
#2358=EDGE_CURVE('',#1774,#1793,#874,.T.);
#2359=EDGE_CURVE('',#1659,#1794,#875,.F.);
#2360=EDGE_CURVE('',#1794,#1795,#154,.T.);
#2361=EDGE_CURVE('',#1795,#1793,#876,.F.);
#2362=EDGE_CURVE('',#1795,#1775,#877,.T.);
#2363=EDGE_CURVE('',#1776,#1794,#878,.T.);
#2364=EDGE_CURVE('',#1557,#1587,#879,.T.);
#2365=EDGE_CURVE('',#1772,#1779,#1426,.T.);
#2366=EDGE_CURVE('',#1796,#1783,#1427,.T.);
#2367=EDGE_CURVE('',#1690,#1796,#1428,.T.);
#2368=EDGE_CURVE('',#1788,#1797,#880,.T.);
#2369=EDGE_CURVE('',#1761,#1798,#881,.T.);
#2370=EDGE_CURVE('',#1799,#1798,#882,.F.);
#2371=EDGE_CURVE('',#1797,#1799,#883,.T.);
#2372=EDGE_CURVE('',#1654,#1800,#884,.F.);
#2373=EDGE_CURVE('',#1800,#1801,#885,.F.);
#2374=EDGE_CURVE('',#1801,#1799,#886,.F.);
#2375=EDGE_CURVE('',#1798,#1802,#887,.F.);
#2376=EDGE_CURVE('',#1802,#1803,#888,.F.);
#2377=EDGE_CURVE('',#1803,#1655,#889,.F.);
#2378=EDGE_CURVE('',#1685,#1792,#890,.F.);
#2379=EDGE_CURVE('',#1684,#1757,#1429,.T.);
#2380=EDGE_CURVE('',#1758,#1683,#1430,.T.);
#2381=EDGE_CURVE('',#1803,#1759,#891,.T.);
#2382=EDGE_CURVE('',#1760,#1802,#892,.T.);
#2383=EDGE_CURVE('',#1797,#1804,#893,.T.);
#2384=EDGE_CURVE('',#1804,#1801,#894,.T.);
#2385=EDGE_CURVE('',#1804,#1805,#895,.T.);
#2386=EDGE_CURVE('',#1805,#1800,#896,.T.);
#2387=EDGE_CURVE('',#1805,#1796,#897,.T.);
#2388=EDGE_CURVE('',#1470,#1692,#898,.F.);
#2389=ORIENTED_EDGE('',*,*,#1806,.F.);
#2390=ORIENTED_EDGE('',*,*,#1807,.F.);
#2391=ORIENTED_EDGE('',*,*,#1808,.F.);
#2392=ORIENTED_EDGE('',*,*,#1809,.F.);
#2393=ORIENTED_EDGE('',*,*,#1807,.T.);
#2394=ORIENTED_EDGE('',*,*,#1810,.T.);
#2395=ORIENTED_EDGE('',*,*,#1811,.F.);
#2396=ORIENTED_EDGE('',*,*,#1812,.T.);
#2397=ORIENTED_EDGE('',*,*,#1806,.T.);
#2398=ORIENTED_EDGE('',*,*,#1813,.F.);
#2399=ORIENTED_EDGE('',*,*,#1814,.F.);
#2400=ORIENTED_EDGE('',*,*,#1815,.F.);
#2401=ORIENTED_EDGE('',*,*,#1816,.F.);
#2402=ORIENTED_EDGE('',*,*,#1817,.F.);
#2403=ORIENTED_EDGE('',*,*,#1818,.F.);
#2404=ORIENTED_EDGE('',*,*,#1819,.T.);
#2405=ORIENTED_EDGE('',*,*,#1820,.F.);
#2406=ORIENTED_EDGE('',*,*,#1821,.F.);
#2407=ORIENTED_EDGE('',*,*,#1810,.F.);
#2408=ORIENTED_EDGE('',*,*,#1808,.T.);
#2409=ORIENTED_EDGE('',*,*,#1812,.F.);
#2410=ORIENTED_EDGE('',*,*,#1822,.F.);
#2411=ORIENTED_EDGE('',*,*,#1823,.F.);
#2412=ORIENTED_EDGE('',*,*,#1824,.F.);
#2413=ORIENTED_EDGE('',*,*,#1825,.F.);
#2414=ORIENTED_EDGE('',*,*,#1826,.F.);
#2415=ORIENTED_EDGE('',*,*,#1827,.T.);
#2416=ORIENTED_EDGE('',*,*,#1828,.T.);
#2417=ORIENTED_EDGE('',*,*,#1829,.T.);
#2418=ORIENTED_EDGE('',*,*,#1830,.T.);
#2419=ORIENTED_EDGE('',*,*,#1831,.F.);
#2420=ORIENTED_EDGE('',*,*,#1832,.T.);
#2421=ORIENTED_EDGE('',*,*,#1833,.T.);
#2422=ORIENTED_EDGE('',*,*,#1834,.T.);
#2423=ORIENTED_EDGE('',*,*,#1835,.T.);
#2424=ORIENTED_EDGE('',*,*,#1836,.T.);
#2425=ORIENTED_EDGE('',*,*,#1837,.T.);
#2426=ORIENTED_EDGE('',*,*,#1838,.T.);
#2427=ORIENTED_EDGE('',*,*,#1839,.T.);
#2428=ORIENTED_EDGE('',*,*,#1840,.T.);
#2429=ORIENTED_EDGE('',*,*,#1841,.T.);
#2430=ORIENTED_EDGE('',*,*,#1842,.T.);
#2431=ORIENTED_EDGE('',*,*,#1843,.T.);
#2432=ORIENTED_EDGE('',*,*,#1844,.T.);
#2433=ORIENTED_EDGE('',*,*,#1845,.T.);
#2434=ORIENTED_EDGE('',*,*,#1846,.T.);
#2435=ORIENTED_EDGE('',*,*,#1847,.T.);
#2436=ORIENTED_EDGE('',*,*,#1848,.T.);
#2437=ORIENTED_EDGE('',*,*,#1849,.T.);
#2438=ORIENTED_EDGE('',*,*,#1850,.T.);
#2439=ORIENTED_EDGE('',*,*,#1851,.T.);
#2440=ORIENTED_EDGE('',*,*,#1852,.T.);
#2441=ORIENTED_EDGE('',*,*,#1853,.T.);
#2442=ORIENTED_EDGE('',*,*,#1854,.T.);
#2443=ORIENTED_EDGE('',*,*,#1855,.T.);
#2444=ORIENTED_EDGE('',*,*,#1856,.T.);
#2445=ORIENTED_EDGE('',*,*,#1846,.F.);
#2446=ORIENTED_EDGE('',*,*,#1857,.T.);
#2447=ORIENTED_EDGE('',*,*,#1858,.T.);
#2448=ORIENTED_EDGE('',*,*,#1859,.T.);
#2449=ORIENTED_EDGE('',*,*,#1851,.F.);
#2450=ORIENTED_EDGE('',*,*,#1860,.T.);
#2451=ORIENTED_EDGE('',*,*,#1861,.T.);
#2452=ORIENTED_EDGE('',*,*,#1862,.T.);
#2453=ORIENTED_EDGE('',*,*,#1863,.T.);
#2454=ORIENTED_EDGE('',*,*,#1864,.T.);
#2455=ORIENTED_EDGE('',*,*,#1861,.F.);
#2456=ORIENTED_EDGE('',*,*,#1865,.T.);
#2457=ORIENTED_EDGE('',*,*,#1866,.T.);
#2458=ORIENTED_EDGE('',*,*,#1867,.T.);
#2459=ORIENTED_EDGE('',*,*,#1863,.F.);
#2460=ORIENTED_EDGE('',*,*,#1868,.T.);
#2461=ORIENTED_EDGE('',*,*,#1858,.F.);
#2462=ORIENTED_EDGE('',*,*,#1869,.T.);
#2463=ORIENTED_EDGE('',*,*,#1870,.T.);
#2464=ORIENTED_EDGE('',*,*,#1866,.F.);
#2465=ORIENTED_EDGE('',*,*,#1871,.T.);
#2466=ORIENTED_EDGE('',*,*,#1855,.F.);
#2467=ORIENTED_EDGE('',*,*,#1872,.T.);
#2468=ORIENTED_EDGE('',*,*,#1853,.F.);
#2469=ORIENTED_EDGE('',*,*,#1873,.T.);
#2470=ORIENTED_EDGE('',*,*,#1874,.T.);
#2471=ORIENTED_EDGE('',*,*,#1875,.T.);
#2472=ORIENTED_EDGE('',*,*,#1848,.F.);
#2473=ORIENTED_EDGE('',*,*,#1876,.T.);
#2474=ORIENTED_EDGE('',*,*,#1877,.T.);
#2475=ORIENTED_EDGE('',*,*,#1878,.T.);
#2476=ORIENTED_EDGE('',*,*,#1874,.F.);
#2477=ORIENTED_EDGE('',*,*,#1879,.T.);
#2478=ORIENTED_EDGE('',*,*,#1842,.F.);
#2479=ORIENTED_EDGE('',*,*,#1880,.T.);
#2480=ORIENTED_EDGE('',*,*,#1877,.F.);
#2481=ORIENTED_EDGE('',*,*,#1881,.T.);
#2482=ORIENTED_EDGE('',*,*,#1882,.T.);
#2483=ORIENTED_EDGE('',*,*,#1883,.T.);
#2484=ORIENTED_EDGE('',*,*,#1884,.T.);
#2485=ORIENTED_EDGE('',*,*,#1885,.T.);
#2486=ORIENTED_EDGE('',*,*,#1886,.T.);
#2487=ORIENTED_EDGE('',*,*,#1887,.T.);
#2488=ORIENTED_EDGE('',*,*,#1888,.T.);
#2489=ORIENTED_EDGE('',*,*,#1884,.F.);
#2490=ORIENTED_EDGE('',*,*,#1889,.T.);
#2491=ORIENTED_EDGE('',*,*,#1890,.T.);
#2492=ORIENTED_EDGE('',*,*,#1887,.F.);
#2493=ORIENTED_EDGE('',*,*,#1891,.T.);
#2494=ORIENTED_EDGE('',*,*,#1882,.F.);
#2495=ORIENTED_EDGE('',*,*,#1892,.T.);
#2496=ORIENTED_EDGE('',*,*,#1844,.F.);
#2497=ORIENTED_EDGE('',*,*,#1893,.T.);
#2498=ORIENTED_EDGE('',*,*,#1894,.T.);
#2499=ORIENTED_EDGE('',*,*,#1895,.T.);
#2500=ORIENTED_EDGE('',*,*,#1886,.F.);
#2501=ORIENTED_EDGE('',*,*,#1896,.T.);
#2502=ORIENTED_EDGE('',*,*,#1897,.T.);
#2503=ORIENTED_EDGE('',*,*,#1898,.T.);
#2504=ORIENTED_EDGE('',*,*,#1894,.F.);
#2505=ORIENTED_EDGE('',*,*,#1899,.T.);
#2506=ORIENTED_EDGE('',*,*,#1838,.F.);
#2507=ORIENTED_EDGE('',*,*,#1900,.T.);
#2508=ORIENTED_EDGE('',*,*,#1897,.F.);
#2509=ORIENTED_EDGE('',*,*,#1901,.T.);
#2510=ORIENTED_EDGE('',*,*,#1902,.T.);
#2511=ORIENTED_EDGE('',*,*,#1903,.T.);
#2512=ORIENTED_EDGE('',*,*,#1902,.F.);
#2513=ORIENTED_EDGE('',*,*,#1904,.T.);
#2514=ORIENTED_EDGE('',*,*,#1905,.T.);
#2515=ORIENTED_EDGE('',*,*,#1906,.T.);
#2516=ORIENTED_EDGE('',*,*,#1840,.F.);
#2517=ORIENTED_EDGE('',*,*,#1907,.T.);
#2518=ORIENTED_EDGE('',*,*,#1836,.F.);
#2519=ORIENTED_EDGE('',*,*,#1908,.T.);
#2520=ORIENTED_EDGE('',*,*,#1909,.T.);
#2521=ORIENTED_EDGE('',*,*,#1834,.F.);
#2522=ORIENTED_EDGE('',*,*,#1910,.T.);
#2523=ORIENTED_EDGE('',*,*,#1911,.T.);
#2524=ORIENTED_EDGE('',*,*,#1908,.F.);
#2525=ORIENTED_EDGE('',*,*,#1912,.T.);
#2526=ORIENTED_EDGE('',*,*,#1905,.F.);
#2527=ORIENTED_EDGE('',*,*,#1872,.F.);
#2528=ORIENTED_EDGE('',*,*,#1913,.F.);
#2529=ORIENTED_EDGE('',*,*,#1914,.F.);
#2530=ORIENTED_EDGE('',*,*,#1915,.T.);
#2531=ORIENTED_EDGE('',*,*,#1916,.F.);
#2532=ORIENTED_EDGE('',*,*,#1917,.F.);
#2533=ORIENTED_EDGE('',*,*,#1918,.F.);
#2534=ORIENTED_EDGE('',*,*,#1919,.F.);
#2535=ORIENTED_EDGE('',*,*,#1878,.F.);
#2536=ORIENTED_EDGE('',*,*,#1920,.T.);
#2537=ORIENTED_EDGE('',*,*,#1921,.F.);
#2538=ORIENTED_EDGE('',*,*,#1913,.T.);
#2539=ORIENTED_EDGE('',*,*,#1841,.F.);
#2540=ORIENTED_EDGE('',*,*,#1922,.T.);
#2541=ORIENTED_EDGE('',*,*,#1923,.F.);
#2542=ORIENTED_EDGE('',*,*,#1920,.F.);
#2543=ORIENTED_EDGE('',*,*,#1892,.F.);
#2544=ORIENTED_EDGE('',*,*,#1924,.F.);
#2545=ORIENTED_EDGE('',*,*,#1925,.F.);
#2546=ORIENTED_EDGE('',*,*,#1926,.F.);
#2547=ORIENTED_EDGE('',*,*,#1927,.T.);
#2548=ORIENTED_EDGE('',*,*,#1928,.T.);
#2549=ORIENTED_EDGE('',*,*,#1929,.F.);
#2550=ORIENTED_EDGE('',*,*,#1922,.F.);
#2551=ORIENTED_EDGE('',*,*,#1898,.F.);
#2552=ORIENTED_EDGE('',*,*,#1930,.T.);
#2553=ORIENTED_EDGE('',*,*,#1931,.F.);
#2554=ORIENTED_EDGE('',*,*,#1924,.T.);
#2555=ORIENTED_EDGE('',*,*,#1837,.F.);
#2556=ORIENTED_EDGE('',*,*,#1932,.T.);
#2557=ORIENTED_EDGE('',*,*,#1933,.T.);
#2558=ORIENTED_EDGE('',*,*,#1934,.T.);
#2559=ORIENTED_EDGE('',*,*,#1935,.T.);
#2560=ORIENTED_EDGE('',*,*,#1936,.F.);
#2561=ORIENTED_EDGE('',*,*,#1930,.F.);
#2562=ORIENTED_EDGE('',*,*,#1906,.F.);
#2563=ORIENTED_EDGE('',*,*,#1937,.T.);
#2564=ORIENTED_EDGE('',*,*,#1938,.F.);
#2565=ORIENTED_EDGE('',*,*,#1939,.F.);
#2566=ORIENTED_EDGE('',*,*,#1940,.T.);
#2567=ORIENTED_EDGE('',*,*,#1941,.F.);
#2568=ORIENTED_EDGE('',*,*,#1932,.F.);
#2569=ORIENTED_EDGE('',*,*,#1835,.F.);
#2570=ORIENTED_EDGE('',*,*,#1942,.F.);
#2571=ORIENTED_EDGE('',*,*,#1943,.F.);
#2572=ORIENTED_EDGE('',*,*,#1937,.F.);
#2573=ORIENTED_EDGE('',*,*,#1909,.F.);
#2574=ORIENTED_EDGE('',*,*,#1944,.T.);
#2575=ORIENTED_EDGE('',*,*,#1945,.F.);
#2576=ORIENTED_EDGE('',*,*,#1942,.T.);
#2577=ORIENTED_EDGE('',*,*,#1911,.F.);
#2578=ORIENTED_EDGE('',*,*,#1946,.T.);
#2579=ORIENTED_EDGE('',*,*,#1947,.F.);
#2580=ORIENTED_EDGE('',*,*,#1944,.F.);
#2581=ORIENTED_EDGE('',*,*,#1904,.F.);
#2582=ORIENTED_EDGE('',*,*,#1948,.T.);
#2583=ORIENTED_EDGE('',*,*,#1949,.T.);
#2584=ORIENTED_EDGE('',*,*,#1950,.F.);
#2585=ORIENTED_EDGE('',*,*,#1951,.F.);
#2586=ORIENTED_EDGE('',*,*,#1952,.F.);
#2587=ORIENTED_EDGE('',*,*,#1946,.F.);
#2588=ORIENTED_EDGE('',*,*,#1901,.F.);
#2589=ORIENTED_EDGE('',*,*,#1953,.T.);
#2590=ORIENTED_EDGE('',*,*,#1954,.T.);
#2591=ORIENTED_EDGE('',*,*,#1955,.F.);
#2592=ORIENTED_EDGE('',*,*,#1956,.F.);
#2593=ORIENTED_EDGE('',*,*,#1957,.F.);
#2594=ORIENTED_EDGE('',*,*,#1958,.T.);
#2595=ORIENTED_EDGE('',*,*,#1948,.F.);
#2596=ORIENTED_EDGE('',*,*,#1896,.F.);
#2597=ORIENTED_EDGE('',*,*,#1959,.T.);
#2598=ORIENTED_EDGE('',*,*,#1960,.F.);
#2599=ORIENTED_EDGE('',*,*,#1961,.T.);
#2600=ORIENTED_EDGE('',*,*,#1962,.F.);
#2601=ORIENTED_EDGE('',*,*,#1963,.F.);
#2602=ORIENTED_EDGE('',*,*,#1953,.F.);
#2603=ORIENTED_EDGE('',*,*,#1885,.F.);
#2604=ORIENTED_EDGE('',*,*,#1964,.F.);
#2605=ORIENTED_EDGE('',*,*,#1965,.F.);
#2606=ORIENTED_EDGE('',*,*,#1959,.F.);
#2607=ORIENTED_EDGE('',*,*,#1883,.F.);
#2608=ORIENTED_EDGE('',*,*,#1895,.F.);
#2609=ORIENTED_EDGE('',*,*,#1900,.F.);
#2610=ORIENTED_EDGE('',*,*,#1903,.F.);
#2611=ORIENTED_EDGE('',*,*,#1912,.F.);
#2612=ORIENTED_EDGE('',*,*,#1910,.F.);
#2613=ORIENTED_EDGE('',*,*,#1833,.F.);
#2614=ORIENTED_EDGE('',*,*,#1907,.F.);
#2615=ORIENTED_EDGE('',*,*,#1839,.F.);
#2616=ORIENTED_EDGE('',*,*,#1899,.F.);
#2617=ORIENTED_EDGE('',*,*,#1893,.F.);
#2618=ORIENTED_EDGE('',*,*,#1843,.F.);
#2619=ORIENTED_EDGE('',*,*,#1879,.F.);
#2620=ORIENTED_EDGE('',*,*,#1873,.F.);
#2621=ORIENTED_EDGE('',*,*,#1852,.F.);
#2622=ORIENTED_EDGE('',*,*,#1859,.F.);
#2623=ORIENTED_EDGE('',*,*,#1868,.F.);
#2624=ORIENTED_EDGE('',*,*,#1862,.F.);
#2625=ORIENTED_EDGE('',*,*,#1864,.F.);
#2626=ORIENTED_EDGE('',*,*,#1870,.F.);
#2627=ORIENTED_EDGE('',*,*,#1854,.F.);
#2628=ORIENTED_EDGE('',*,*,#1845,.F.);
#2629=ORIENTED_EDGE('',*,*,#1875,.F.);
#2630=ORIENTED_EDGE('',*,*,#1880,.F.);
#2631=ORIENTED_EDGE('',*,*,#1891,.F.);
#2632=ORIENTED_EDGE('',*,*,#1889,.F.);
#2633=ORIENTED_EDGE('',*,*,#1966,.T.);
#2634=ORIENTED_EDGE('',*,*,#1967,.T.);
#2635=ORIENTED_EDGE('',*,*,#1968,.T.);
#2636=ORIENTED_EDGE('',*,*,#1969,.T.);
#2637=ORIENTED_EDGE('',*,*,#1970,.T.);
#2638=ORIENTED_EDGE('',*,*,#1971,.T.);
#2639=ORIENTED_EDGE('',*,*,#1972,.T.);
#2640=ORIENTED_EDGE('',*,*,#1973,.T.);
#2641=ORIENTED_EDGE('',*,*,#1974,.T.);
#2642=ORIENTED_EDGE('',*,*,#1975,.T.);
#2643=ORIENTED_EDGE('',*,*,#1976,.T.);
#2644=ORIENTED_EDGE('',*,*,#1977,.T.);
#2645=ORIENTED_EDGE('',*,*,#1978,.T.);
#2646=ORIENTED_EDGE('',*,*,#1979,.T.);
#2647=ORIENTED_EDGE('',*,*,#1980,.T.);
#2648=ORIENTED_EDGE('',*,*,#1981,.T.);
#2649=ORIENTED_EDGE('',*,*,#1982,.T.);
#2650=ORIENTED_EDGE('',*,*,#1983,.T.);
#2651=ORIENTED_EDGE('',*,*,#1984,.T.);
#2652=ORIENTED_EDGE('',*,*,#1985,.T.);
#2653=ORIENTED_EDGE('',*,*,#1986,.T.);
#2654=ORIENTED_EDGE('',*,*,#1987,.T.);
#2655=ORIENTED_EDGE('',*,*,#1988,.T.);
#2656=ORIENTED_EDGE('',*,*,#1989,.T.);
#2657=ORIENTED_EDGE('',*,*,#1990,.T.);
#2658=ORIENTED_EDGE('',*,*,#1991,.T.);
#2659=ORIENTED_EDGE('',*,*,#1992,.T.);
#2660=ORIENTED_EDGE('',*,*,#1993,.T.);
#2661=ORIENTED_EDGE('',*,*,#1992,.F.);
#2662=ORIENTED_EDGE('',*,*,#1993,.F.);
#2663=ORIENTED_EDGE('',*,*,#1994,.T.);
#2664=ORIENTED_EDGE('',*,*,#1995,.F.);
#2665=ORIENTED_EDGE('',*,*,#1994,.F.);
#2666=ORIENTED_EDGE('',*,*,#1996,.F.);
#2667=ORIENTED_EDGE('',*,*,#1997,.T.);
#2668=ORIENTED_EDGE('',*,*,#1998,.T.);
#2669=ORIENTED_EDGE('',*,*,#1818,.T.);
#2670=ORIENTED_EDGE('',*,*,#1999,.F.);
#2671=ORIENTED_EDGE('',*,*,#2000,.F.);
#2672=ORIENTED_EDGE('',*,*,#2001,.F.);
#2673=ORIENTED_EDGE('',*,*,#2002,.F.);
#2674=ORIENTED_EDGE('',*,*,#2003,.F.);
#2675=ORIENTED_EDGE('',*,*,#2004,.T.);
#2676=ORIENTED_EDGE('',*,*,#2005,.T.);
#2677=ORIENTED_EDGE('',*,*,#2006,.T.);
#2678=ORIENTED_EDGE('',*,*,#2007,.F.);
#2679=ORIENTED_EDGE('',*,*,#2008,.F.);
#2680=ORIENTED_EDGE('',*,*,#2009,.F.);
#2681=ORIENTED_EDGE('',*,*,#2010,.F.);
#2682=ORIENTED_EDGE('',*,*,#2011,.F.);
#2683=ORIENTED_EDGE('',*,*,#2012,.F.);
#2684=ORIENTED_EDGE('',*,*,#2013,.F.);
#2685=ORIENTED_EDGE('',*,*,#2014,.F.);
#2686=ORIENTED_EDGE('',*,*,#2015,.F.);
#2687=ORIENTED_EDGE('',*,*,#2016,.F.);
#2688=ORIENTED_EDGE('',*,*,#2017,.T.);
#2689=ORIENTED_EDGE('',*,*,#2018,.F.);
#2690=ORIENTED_EDGE('',*,*,#2019,.F.);
#2691=ORIENTED_EDGE('',*,*,#2020,.F.);
#2692=ORIENTED_EDGE('',*,*,#2021,.F.);
#2693=ORIENTED_EDGE('',*,*,#2022,.F.);
#2694=ORIENTED_EDGE('',*,*,#2023,.F.);
#2695=ORIENTED_EDGE('',*,*,#2024,.F.);
#2696=ORIENTED_EDGE('',*,*,#2025,.F.);
#2697=ORIENTED_EDGE('',*,*,#2026,.F.);
#2698=ORIENTED_EDGE('',*,*,#2027,.F.);
#2699=ORIENTED_EDGE('',*,*,#2028,.F.);
#2700=ORIENTED_EDGE('',*,*,#2029,.F.);
#2701=ORIENTED_EDGE('',*,*,#2030,.F.);
#2702=ORIENTED_EDGE('',*,*,#2031,.F.);
#2703=ORIENTED_EDGE('',*,*,#2032,.F.);
#2704=ORIENTED_EDGE('',*,*,#2033,.F.);
#2705=ORIENTED_EDGE('',*,*,#2034,.F.);
#2706=ORIENTED_EDGE('',*,*,#1991,.F.);
#2707=ORIENTED_EDGE('',*,*,#1995,.T.);
#2708=ORIENTED_EDGE('',*,*,#2035,.T.);
#2709=ORIENTED_EDGE('',*,*,#2036,.T.);
#2710=ORIENTED_EDGE('',*,*,#2035,.F.);
#2711=ORIENTED_EDGE('',*,*,#2036,.F.);
#2712=ORIENTED_EDGE('',*,*,#2037,.F.);
#2713=ORIENTED_EDGE('',*,*,#2038,.F.);
#2714=ORIENTED_EDGE('',*,*,#2039,.T.);
#2715=ORIENTED_EDGE('',*,*,#2040,.T.);
#2716=ORIENTED_EDGE('',*,*,#2041,.T.);
#2717=ORIENTED_EDGE('',*,*,#2039,.F.);
#2718=ORIENTED_EDGE('',*,*,#2042,.F.);
#2719=ORIENTED_EDGE('',*,*,#2043,.T.);
#2720=ORIENTED_EDGE('',*,*,#2044,.F.);
#2721=ORIENTED_EDGE('',*,*,#2045,.F.);
#2722=ORIENTED_EDGE('',*,*,#2046,.T.);
#2723=ORIENTED_EDGE('',*,*,#2047,.T.);
#2724=ORIENTED_EDGE('',*,*,#2048,.T.);
#2725=ORIENTED_EDGE('',*,*,#2046,.F.);
#2726=ORIENTED_EDGE('',*,*,#2049,.F.);
#2727=ORIENTED_EDGE('',*,*,#2050,.T.);
#2728=ORIENTED_EDGE('',*,*,#2051,.F.);
#2729=ORIENTED_EDGE('',*,*,#2052,.F.);
#2730=ORIENTED_EDGE('',*,*,#2053,.T.);
#2731=ORIENTED_EDGE('',*,*,#1990,.F.);
#2732=ORIENTED_EDGE('',*,*,#2053,.F.);
#2733=ORIENTED_EDGE('',*,*,#2054,.F.);
#2734=ORIENTED_EDGE('',*,*,#2052,.T.);
#2735=ORIENTED_EDGE('',*,*,#2054,.T.);
#2736=ORIENTED_EDGE('',*,*,#2055,.T.);
#2737=ORIENTED_EDGE('',*,*,#2037,.T.);
#2738=ORIENTED_EDGE('',*,*,#2055,.F.);
#2739=ORIENTED_EDGE('',*,*,#2056,.F.);
#2740=ORIENTED_EDGE('',*,*,#1819,.F.);
#2741=ORIENTED_EDGE('',*,*,#1998,.F.);
#2742=ORIENTED_EDGE('',*,*,#2057,.T.);
#2743=ORIENTED_EDGE('',*,*,#2058,.F.);
#2744=ORIENTED_EDGE('',*,*,#2059,.F.);
#2745=ORIENTED_EDGE('',*,*,#2060,.F.);
#2746=ORIENTED_EDGE('',*,*,#2057,.F.);
#2747=ORIENTED_EDGE('',*,*,#1997,.F.);
#2748=ORIENTED_EDGE('',*,*,#2061,.F.);
#2749=ORIENTED_EDGE('',*,*,#2062,.F.);
#2750=ORIENTED_EDGE('',*,*,#2018,.T.);
#2751=ORIENTED_EDGE('',*,*,#2063,.T.);
#2752=ORIENTED_EDGE('',*,*,#2064,.F.);
#2753=ORIENTED_EDGE('',*,*,#2065,.F.);
#2754=ORIENTED_EDGE('',*,*,#2063,.F.);
#2755=ORIENTED_EDGE('',*,*,#2017,.F.);
#2756=ORIENTED_EDGE('',*,*,#2066,.T.);
#2757=ORIENTED_EDGE('',*,*,#2067,.F.);
#2758=ORIENTED_EDGE('',*,*,#2066,.F.);
#2759=ORIENTED_EDGE('',*,*,#2016,.T.);
#2760=ORIENTED_EDGE('',*,*,#2068,.F.);
#2761=ORIENTED_EDGE('',*,*,#2069,.F.);
#2762=ORIENTED_EDGE('',*,*,#2070,.F.);
#2763=ORIENTED_EDGE('',*,*,#2006,.F.);
#2764=ORIENTED_EDGE('',*,*,#2071,.T.);
#2765=ORIENTED_EDGE('',*,*,#2072,.F.);
#2766=ORIENTED_EDGE('',*,*,#2071,.F.);
#2767=ORIENTED_EDGE('',*,*,#2005,.F.);
#2768=ORIENTED_EDGE('',*,*,#2073,.T.);
#2769=ORIENTED_EDGE('',*,*,#2074,.F.);
#2770=ORIENTED_EDGE('',*,*,#2075,.F.);
#2771=ORIENTED_EDGE('',*,*,#2076,.F.);
#2772=ORIENTED_EDGE('',*,*,#2077,.F.);
#2773=ORIENTED_EDGE('',*,*,#2078,.F.);
#2774=ORIENTED_EDGE('',*,*,#2073,.F.);
#2775=ORIENTED_EDGE('',*,*,#2004,.F.);
#2776=ORIENTED_EDGE('',*,*,#2079,.T.);
#2777=ORIENTED_EDGE('',*,*,#2080,.F.);
#2778=ORIENTED_EDGE('',*,*,#2079,.F.);
#2779=ORIENTED_EDGE('',*,*,#2003,.T.);
#2780=ORIENTED_EDGE('',*,*,#2081,.T.);
#2781=ORIENTED_EDGE('',*,*,#2082,.F.);
#2782=ORIENTED_EDGE('',*,*,#2081,.F.);
#2783=ORIENTED_EDGE('',*,*,#2002,.T.);
#2784=ORIENTED_EDGE('',*,*,#2083,.T.);
#2785=ORIENTED_EDGE('',*,*,#2084,.F.);
#2786=ORIENTED_EDGE('',*,*,#2085,.F.);
#2787=ORIENTED_EDGE('',*,*,#2086,.F.);
#2788=ORIENTED_EDGE('',*,*,#2087,.F.);
#2789=ORIENTED_EDGE('',*,*,#2088,.F.);
#2790=ORIENTED_EDGE('',*,*,#2089,.F.);
#2791=ORIENTED_EDGE('',*,*,#2090,.F.);
#2792=ORIENTED_EDGE('',*,*,#2091,.F.);
#2793=ORIENTED_EDGE('',*,*,#2092,.F.);
#2794=ORIENTED_EDGE('',*,*,#2083,.F.);
#2795=ORIENTED_EDGE('',*,*,#2001,.T.);
#2796=ORIENTED_EDGE('',*,*,#2093,.T.);
#2797=ORIENTED_EDGE('',*,*,#2094,.F.);
#2798=ORIENTED_EDGE('',*,*,#2095,.F.);
#2799=ORIENTED_EDGE('',*,*,#2096,.F.);
#2800=ORIENTED_EDGE('',*,*,#2097,.F.);
#2801=ORIENTED_EDGE('',*,*,#2098,.F.);
#2802=ORIENTED_EDGE('',*,*,#2093,.F.);
#2803=ORIENTED_EDGE('',*,*,#2000,.T.);
#2804=ORIENTED_EDGE('',*,*,#2099,.T.);
#2805=ORIENTED_EDGE('',*,*,#2100,.F.);
#2806=ORIENTED_EDGE('',*,*,#2099,.F.);
#2807=ORIENTED_EDGE('',*,*,#1999,.T.);
#2808=ORIENTED_EDGE('',*,*,#1817,.T.);
#2809=ORIENTED_EDGE('',*,*,#2031,.T.);
#2810=ORIENTED_EDGE('',*,*,#2101,.T.);
#2811=ORIENTED_EDGE('',*,*,#1973,.F.);
#2812=ORIENTED_EDGE('',*,*,#2102,.T.);
#2813=ORIENTED_EDGE('',*,*,#2030,.T.);
#2814=ORIENTED_EDGE('',*,*,#2103,.F.);
#2815=ORIENTED_EDGE('',*,*,#1966,.F.);
#2816=ORIENTED_EDGE('',*,*,#2101,.F.);
#2817=ORIENTED_EDGE('',*,*,#2029,.T.);
#2818=ORIENTED_EDGE('',*,*,#2104,.T.);
#2819=ORIENTED_EDGE('',*,*,#1967,.F.);
#2820=ORIENTED_EDGE('',*,*,#2103,.T.);
#2821=ORIENTED_EDGE('',*,*,#2028,.T.);
#2822=ORIENTED_EDGE('',*,*,#2105,.F.);
#2823=ORIENTED_EDGE('',*,*,#1968,.F.);
#2824=ORIENTED_EDGE('',*,*,#2104,.F.);
#2825=ORIENTED_EDGE('',*,*,#1815,.T.);
#2826=ORIENTED_EDGE('',*,*,#2106,.T.);
#2827=ORIENTED_EDGE('',*,*,#2107,.T.);
#2828=ORIENTED_EDGE('',*,*,#2108,.T.);
#2829=ORIENTED_EDGE('',*,*,#2109,.F.);
#2830=ORIENTED_EDGE('',*,*,#2110,.F.);
#2831=ORIENTED_EDGE('',*,*,#2111,.F.);
#2832=ORIENTED_EDGE('',*,*,#2112,.T.);
#2833=ORIENTED_EDGE('',*,*,#1814,.T.);
#2834=ORIENTED_EDGE('',*,*,#2113,.T.);
#2835=ORIENTED_EDGE('',*,*,#2114,.F.);
#2836=ORIENTED_EDGE('',*,*,#2115,.F.);
#2837=ORIENTED_EDGE('',*,*,#2106,.F.);
#2838=ORIENTED_EDGE('',*,*,#1809,.T.);
#2839=ORIENTED_EDGE('',*,*,#1832,.F.);
#2840=ORIENTED_EDGE('',*,*,#2116,.F.);
#2841=ORIENTED_EDGE('',*,*,#2117,.F.);
#2842=ORIENTED_EDGE('',*,*,#2118,.F.);
#2843=ORIENTED_EDGE('',*,*,#2119,.T.);
#2844=ORIENTED_EDGE('',*,*,#2120,.T.);
#2845=ORIENTED_EDGE('',*,*,#2113,.F.);
#2846=ORIENTED_EDGE('',*,*,#1813,.T.);
#2847=ORIENTED_EDGE('',*,*,#1821,.T.);
#2848=ORIENTED_EDGE('',*,*,#2121,.T.);
#2849=ORIENTED_EDGE('',*,*,#1822,.T.);
#2850=ORIENTED_EDGE('',*,*,#1811,.T.);
#2851=ORIENTED_EDGE('',*,*,#1820,.T.);
#2852=ORIENTED_EDGE('',*,*,#2056,.T.);
#2853=ORIENTED_EDGE('',*,*,#2122,.T.);
#2854=ORIENTED_EDGE('',*,*,#1823,.T.);
#2855=ORIENTED_EDGE('',*,*,#2121,.F.);
#2856=ORIENTED_EDGE('',*,*,#2059,.T.);
#2857=ORIENTED_EDGE('',*,*,#2123,.T.);
#2858=ORIENTED_EDGE('',*,*,#2124,.T.);
#2859=ORIENTED_EDGE('',*,*,#2125,.F.);
#2860=ORIENTED_EDGE('',*,*,#1824,.T.);
#2861=ORIENTED_EDGE('',*,*,#2122,.F.);
#2862=ORIENTED_EDGE('',*,*,#2026,.T.);
#2863=ORIENTED_EDGE('',*,*,#2126,.F.);
#2864=ORIENTED_EDGE('',*,*,#1984,.F.);
#2865=ORIENTED_EDGE('',*,*,#2127,.F.);
#2866=ORIENTED_EDGE('',*,*,#2025,.T.);
#2867=ORIENTED_EDGE('',*,*,#2128,.T.);
#2868=ORIENTED_EDGE('',*,*,#1985,.F.);
#2869=ORIENTED_EDGE('',*,*,#2126,.T.);
#2870=ORIENTED_EDGE('',*,*,#2024,.T.);
#2871=ORIENTED_EDGE('',*,*,#2129,.F.);
#2872=ORIENTED_EDGE('',*,*,#1986,.F.);
#2873=ORIENTED_EDGE('',*,*,#2128,.F.);
#2874=ORIENTED_EDGE('',*,*,#2023,.T.);
#2875=ORIENTED_EDGE('',*,*,#2130,.T.);
#2876=ORIENTED_EDGE('',*,*,#1987,.F.);
#2877=ORIENTED_EDGE('',*,*,#2129,.T.);
#2878=ORIENTED_EDGE('',*,*,#2022,.T.);
#2879=ORIENTED_EDGE('',*,*,#2131,.F.);
#2880=ORIENTED_EDGE('',*,*,#1988,.F.);
#2881=ORIENTED_EDGE('',*,*,#2130,.F.);
#2882=ORIENTED_EDGE('',*,*,#2021,.T.);
#2883=ORIENTED_EDGE('',*,*,#2132,.T.);
#2884=ORIENTED_EDGE('',*,*,#1989,.F.);
#2885=ORIENTED_EDGE('',*,*,#2131,.T.);
#2886=ORIENTED_EDGE('',*,*,#2077,.T.);
#2887=ORIENTED_EDGE('',*,*,#2133,.T.);
#2888=ORIENTED_EDGE('',*,*,#2134,.F.);
#2889=ORIENTED_EDGE('',*,*,#2135,.T.);
#2890=ORIENTED_EDGE('',*,*,#2020,.T.);
#2891=ORIENTED_EDGE('',*,*,#2136,.F.);
#2892=ORIENTED_EDGE('',*,*,#1982,.F.);
#2893=ORIENTED_EDGE('',*,*,#2132,.F.);
#2894=ORIENTED_EDGE('',*,*,#2038,.T.);
#2895=ORIENTED_EDGE('',*,*,#2137,.T.);
#2896=ORIENTED_EDGE('',*,*,#2138,.F.);
#2897=ORIENTED_EDGE('',*,*,#2139,.T.);
#2898=ORIENTED_EDGE('',*,*,#2140,.F.);
#2899=ORIENTED_EDGE('',*,*,#2049,.T.);
#2900=ORIENTED_EDGE('',*,*,#2045,.T.);
#2901=ORIENTED_EDGE('',*,*,#2141,.T.);
#2902=ORIENTED_EDGE('',*,*,#2142,.T.);
#2903=ORIENTED_EDGE('',*,*,#2123,.F.);
#2904=ORIENTED_EDGE('',*,*,#2058,.T.);
#2905=ORIENTED_EDGE('',*,*,#2060,.T.);
#2906=ORIENTED_EDGE('',*,*,#2143,.F.);
#2907=ORIENTED_EDGE('',*,*,#2064,.T.);
#2908=ORIENTED_EDGE('',*,*,#2065,.T.);
#2909=ORIENTED_EDGE('',*,*,#2067,.T.);
#2910=ORIENTED_EDGE('',*,*,#2144,.F.);
#2911=ORIENTED_EDGE('',*,*,#2069,.T.);
#2912=ORIENTED_EDGE('',*,*,#2072,.T.);
#2913=ORIENTED_EDGE('',*,*,#2078,.T.);
#2914=ORIENTED_EDGE('',*,*,#2135,.F.);
#2915=ORIENTED_EDGE('',*,*,#2145,.F.);
#2916=ORIENTED_EDGE('',*,*,#2146,.T.);
#2917=ORIENTED_EDGE('',*,*,#2042,.T.);
#2918=ORIENTED_EDGE('',*,*,#2092,.T.);
#2919=ORIENTED_EDGE('',*,*,#2147,.F.);
#2920=ORIENTED_EDGE('',*,*,#2148,.F.);
#2921=ORIENTED_EDGE('',*,*,#2149,.F.);
#2922=ORIENTED_EDGE('',*,*,#2150,.F.);
#2923=ORIENTED_EDGE('',*,*,#2151,.T.);
#2924=ORIENTED_EDGE('',*,*,#2152,.F.);
#2925=ORIENTED_EDGE('',*,*,#2153,.F.);
#2926=ORIENTED_EDGE('',*,*,#2074,.T.);
#2927=ORIENTED_EDGE('',*,*,#2080,.T.);
#2928=ORIENTED_EDGE('',*,*,#2082,.T.);
#2929=ORIENTED_EDGE('',*,*,#2088,.T.);
#2930=ORIENTED_EDGE('',*,*,#2154,.F.);
#2931=ORIENTED_EDGE('',*,*,#2155,.F.);
#2932=ORIENTED_EDGE('',*,*,#2156,.F.);
#2933=ORIENTED_EDGE('',*,*,#2061,.T.);
#2934=ORIENTED_EDGE('',*,*,#1996,.T.);
#2935=ORIENTED_EDGE('',*,*,#2127,.T.);
#2936=ORIENTED_EDGE('',*,*,#1983,.F.);
#2937=ORIENTED_EDGE('',*,*,#2136,.T.);
#2938=ORIENTED_EDGE('',*,*,#2019,.T.);
#2939=ORIENTED_EDGE('',*,*,#2062,.T.);
#2940=ORIENTED_EDGE('',*,*,#2143,.T.);
#2941=ORIENTED_EDGE('',*,*,#2014,.T.);
#2942=ORIENTED_EDGE('',*,*,#2157,.F.);
#2943=ORIENTED_EDGE('',*,*,#1976,.F.);
#2944=ORIENTED_EDGE('',*,*,#2158,.F.);
#2945=ORIENTED_EDGE('',*,*,#2013,.T.);
#2946=ORIENTED_EDGE('',*,*,#2159,.T.);
#2947=ORIENTED_EDGE('',*,*,#1977,.F.);
#2948=ORIENTED_EDGE('',*,*,#2157,.T.);
#2949=ORIENTED_EDGE('',*,*,#2114,.T.);
#2950=ORIENTED_EDGE('',*,*,#2120,.F.);
#2951=ORIENTED_EDGE('',*,*,#2160,.T.);
#2952=ORIENTED_EDGE('',*,*,#2161,.T.);
#2953=ORIENTED_EDGE('',*,*,#2162,.T.);
#2954=ORIENTED_EDGE('',*,*,#2163,.T.);
#2955=ORIENTED_EDGE('',*,*,#2107,.F.);
#2956=ORIENTED_EDGE('',*,*,#2115,.T.);
#2957=ORIENTED_EDGE('',*,*,#2161,.F.);
#2958=ORIENTED_EDGE('',*,*,#2164,.F.);
#2959=ORIENTED_EDGE('',*,*,#2165,.F.);
#2960=ORIENTED_EDGE('',*,*,#2166,.F.);
#2961=ORIENTED_EDGE('',*,*,#1830,.F.);
#2962=ORIENTED_EDGE('',*,*,#2167,.T.);
#2963=ORIENTED_EDGE('',*,*,#2168,.F.);
#2964=ORIENTED_EDGE('',*,*,#2169,.F.);
#2965=ORIENTED_EDGE('',*,*,#1956,.T.);
#2966=ORIENTED_EDGE('',*,*,#2170,.T.);
#2967=ORIENTED_EDGE('',*,*,#2171,.T.);
#2968=ORIENTED_EDGE('',*,*,#2171,.F.);
#2969=ORIENTED_EDGE('',*,*,#2172,.T.);
#2970=ORIENTED_EDGE('',*,*,#2173,.T.);
#2971=ORIENTED_EDGE('',*,*,#2174,.T.);
#2972=ORIENTED_EDGE('',*,*,#2175,.F.);
#2973=ORIENTED_EDGE('',*,*,#2116,.T.);
#2974=ORIENTED_EDGE('',*,*,#1831,.T.);
#2975=ORIENTED_EDGE('',*,*,#2166,.T.);
#2976=ORIENTED_EDGE('',*,*,#2175,.T.);
#2977=ORIENTED_EDGE('',*,*,#2165,.T.);
#2978=ORIENTED_EDGE('',*,*,#2164,.T.);
#2979=ORIENTED_EDGE('',*,*,#2176,.T.);
#2980=ORIENTED_EDGE('',*,*,#2118,.T.);
#2981=ORIENTED_EDGE('',*,*,#2117,.T.);
#2982=ORIENTED_EDGE('',*,*,#1881,.F.);
#2983=ORIENTED_EDGE('',*,*,#2177,.T.);
#2984=ORIENTED_EDGE('',*,*,#2160,.F.);
#2985=ORIENTED_EDGE('',*,*,#2119,.F.);
#2986=ORIENTED_EDGE('',*,*,#2176,.F.);
#2987=ORIENTED_EDGE('',*,*,#2168,.T.);
#2988=ORIENTED_EDGE('',*,*,#2178,.T.);
#2989=ORIENTED_EDGE('',*,*,#2179,.T.);
#2990=ORIENTED_EDGE('',*,*,#2180,.F.);
#2991=ORIENTED_EDGE('',*,*,#2109,.T.);
#2992=ORIENTED_EDGE('',*,*,#2181,.T.);
#2993=ORIENTED_EDGE('',*,*,#2182,.T.);
#2994=ORIENTED_EDGE('',*,*,#2183,.T.);
#2995=ORIENTED_EDGE('',*,*,#2183,.F.);
#2996=ORIENTED_EDGE('',*,*,#2184,.T.);
#2997=ORIENTED_EDGE('',*,*,#2185,.T.);
#2998=ORIENTED_EDGE('',*,*,#2186,.F.);
#2999=ORIENTED_EDGE('',*,*,#2110,.T.);
#3000=ORIENTED_EDGE('',*,*,#1936,.T.);
#3001=ORIENTED_EDGE('',*,*,#2187,.T.);
#3002=ORIENTED_EDGE('',*,*,#1925,.T.);
#3003=ORIENTED_EDGE('',*,*,#1931,.T.);
#3004=ORIENTED_EDGE('',*,*,#1826,.T.);
#3005=ORIENTED_EDGE('',*,*,#2188,.T.);
#3006=ORIENTED_EDGE('',*,*,#2189,.T.);
#3007=ORIENTED_EDGE('',*,*,#2190,.T.);
#3008=ORIENTED_EDGE('',*,*,#2191,.T.);
#3009=ORIENTED_EDGE('',*,*,#2192,.T.);
#3010=ORIENTED_EDGE('',*,*,#2193,.T.);
#3011=ORIENTED_EDGE('',*,*,#2189,.F.);
#3012=ORIENTED_EDGE('',*,*,#2194,.T.);
#3013=ORIENTED_EDGE('',*,*,#1965,.T.);
#3014=ORIENTED_EDGE('',*,*,#2192,.F.);
#3015=ORIENTED_EDGE('',*,*,#2195,.T.);
#3016=ORIENTED_EDGE('',*,*,#2196,.T.);
#3017=ORIENTED_EDGE('',*,*,#2197,.T.);
#3018=ORIENTED_EDGE('',*,*,#2198,.T.);
#3019=ORIENTED_EDGE('',*,*,#1960,.T.);
#3020=ORIENTED_EDGE('',*,*,#2196,.F.);
#3021=ORIENTED_EDGE('',*,*,#1890,.F.);
#3022=ORIENTED_EDGE('',*,*,#2180,.T.);
#3023=ORIENTED_EDGE('',*,*,#2199,.T.);
#3024=ORIENTED_EDGE('',*,*,#2200,.T.);
#3025=ORIENTED_EDGE('',*,*,#2190,.F.);
#3026=ORIENTED_EDGE('',*,*,#2201,.F.);
#3027=ORIENTED_EDGE('',*,*,#1888,.F.);
#3028=ORIENTED_EDGE('',*,*,#2201,.T.);
#3029=ORIENTED_EDGE('',*,*,#2193,.F.);
#3030=ORIENTED_EDGE('',*,*,#1964,.T.);
#3031=ORIENTED_EDGE('',*,*,#1952,.T.);
#3032=ORIENTED_EDGE('',*,*,#2202,.T.);
#3033=ORIENTED_EDGE('',*,*,#2203,.T.);
#3034=ORIENTED_EDGE('',*,*,#2204,.T.);
#3035=ORIENTED_EDGE('',*,*,#2205,.T.);
#3036=ORIENTED_EDGE('',*,*,#2206,.T.);
#3037=ORIENTED_EDGE('',*,*,#1947,.T.);
#3038=ORIENTED_EDGE('',*,*,#2204,.F.);
#3039=ORIENTED_EDGE('',*,*,#2207,.T.);
#3040=ORIENTED_EDGE('',*,*,#1945,.T.);
#3041=ORIENTED_EDGE('',*,*,#2206,.F.);
#3042=ORIENTED_EDGE('',*,*,#2208,.T.);
#3043=ORIENTED_EDGE('',*,*,#1943,.T.);
#3044=ORIENTED_EDGE('',*,*,#2207,.F.);
#3045=ORIENTED_EDGE('',*,*,#2209,.T.);
#3046=ORIENTED_EDGE('',*,*,#2210,.T.);
#3047=ORIENTED_EDGE('',*,*,#2211,.T.);
#3048=ORIENTED_EDGE('',*,*,#2212,.T.);
#3049=ORIENTED_EDGE('',*,*,#1938,.T.);
#3050=ORIENTED_EDGE('',*,*,#2210,.F.);
#3051=ORIENTED_EDGE('',*,*,#2213,.T.);
#3052=ORIENTED_EDGE('',*,*,#2214,.T.);
#3053=ORIENTED_EDGE('',*,*,#2212,.F.);
#3054=ORIENTED_EDGE('',*,*,#2215,.T.);
#3055=ORIENTED_EDGE('',*,*,#2213,.F.);
#3056=ORIENTED_EDGE('',*,*,#2216,.F.);
#3057=ORIENTED_EDGE('',*,*,#2043,.F.);
#3058=ORIENTED_EDGE('',*,*,#2146,.F.);
#3059=ORIENTED_EDGE('',*,*,#2217,.F.);
#3060=ORIENTED_EDGE('',*,*,#2215,.F.);
#3061=ORIENTED_EDGE('',*,*,#2211,.F.);
#3062=ORIENTED_EDGE('',*,*,#2209,.F.);
#3063=ORIENTED_EDGE('',*,*,#2208,.F.);
#3064=ORIENTED_EDGE('',*,*,#2205,.F.);
#3065=ORIENTED_EDGE('',*,*,#2203,.F.);
#3066=ORIENTED_EDGE('',*,*,#2218,.T.);
#3067=ORIENTED_EDGE('',*,*,#2219,.T.);
#3068=ORIENTED_EDGE('',*,*,#2220,.T.);
#3069=ORIENTED_EDGE('',*,*,#2040,.F.);
#3070=ORIENTED_EDGE('',*,*,#2044,.T.);
#3071=ORIENTED_EDGE('',*,*,#2216,.T.);
#3072=ORIENTED_EDGE('',*,*,#2188,.F.);
#3073=ORIENTED_EDGE('',*,*,#1825,.T.);
#3074=ORIENTED_EDGE('',*,*,#2125,.T.);
#3075=ORIENTED_EDGE('',*,*,#2221,.T.);
#3076=ORIENTED_EDGE('',*,*,#2222,.T.);
#3077=ORIENTED_EDGE('',*,*,#2047,.F.);
#3078=ORIENTED_EDGE('',*,*,#2051,.T.);
#3079=ORIENTED_EDGE('',*,*,#2223,.T.);
#3080=ORIENTED_EDGE('',*,*,#2224,.T.);
#3081=ORIENTED_EDGE('',*,*,#2197,.F.);
#3082=ORIENTED_EDGE('',*,*,#2195,.F.);
#3083=ORIENTED_EDGE('',*,*,#2194,.F.);
#3084=ORIENTED_EDGE('',*,*,#2225,.T.);
#3085=ORIENTED_EDGE('',*,*,#2226,.T.);
#3086=ORIENTED_EDGE('',*,*,#2227,.T.);
#3087=ORIENTED_EDGE('',*,*,#2228,.T.);
#3088=ORIENTED_EDGE('',*,*,#2229,.T.);
#3089=ORIENTED_EDGE('',*,*,#2230,.T.);
#3090=ORIENTED_EDGE('',*,*,#1950,.T.);
#3091=ORIENTED_EDGE('',*,*,#2228,.F.);
#3092=ORIENTED_EDGE('',*,*,#2225,.F.);
#3093=ORIENTED_EDGE('',*,*,#1949,.F.);
#3094=ORIENTED_EDGE('',*,*,#1958,.F.);
#3095=ORIENTED_EDGE('',*,*,#2231,.T.);
#3096=ORIENTED_EDGE('',*,*,#2230,.F.);
#3097=ORIENTED_EDGE('',*,*,#2232,.T.);
#3098=ORIENTED_EDGE('',*,*,#2233,.F.);
#3099=ORIENTED_EDGE('',*,*,#2218,.F.);
#3100=ORIENTED_EDGE('',*,*,#2202,.F.);
#3101=ORIENTED_EDGE('',*,*,#1951,.T.);
#3102=ORIENTED_EDGE('',*,*,#2234,.T.);
#3103=ORIENTED_EDGE('',*,*,#2235,.T.);
#3104=ORIENTED_EDGE('',*,*,#2236,.T.);
#3105=ORIENTED_EDGE('',*,*,#2237,.T.);
#3106=ORIENTED_EDGE('',*,*,#1962,.T.);
#3107=ORIENTED_EDGE('',*,*,#2238,.T.);
#3108=ORIENTED_EDGE('',*,*,#2239,.T.);
#3109=ORIENTED_EDGE('',*,*,#2237,.F.);
#3110=ORIENTED_EDGE('',*,*,#2234,.F.);
#3111=ORIENTED_EDGE('',*,*,#2239,.F.);
#3112=ORIENTED_EDGE('',*,*,#2240,.F.);
#3113=ORIENTED_EDGE('',*,*,#2241,.F.);
#3114=ORIENTED_EDGE('',*,*,#2242,.F.);
#3115=ORIENTED_EDGE('',*,*,#2243,.F.);
#3116=ORIENTED_EDGE('',*,*,#2238,.F.);
#3117=ORIENTED_EDGE('',*,*,#1961,.F.);
#3118=ORIENTED_EDGE('',*,*,#2198,.F.);
#3119=ORIENTED_EDGE('',*,*,#2224,.F.);
#3120=ORIENTED_EDGE('',*,*,#2244,.T.);
#3121=ORIENTED_EDGE('',*,*,#2240,.T.);
#3122=ORIENTED_EDGE('',*,*,#2245,.T.);
#3123=ORIENTED_EDGE('',*,*,#2246,.T.);
#3124=ORIENTED_EDGE('',*,*,#2247,.T.);
#3125=ORIENTED_EDGE('',*,*,#2248,.T.);
#3126=ORIENTED_EDGE('',*,*,#2249,.T.);
#3127=ORIENTED_EDGE('',*,*,#1865,.F.);
#3128=ORIENTED_EDGE('',*,*,#2250,.T.);
#3129=ORIENTED_EDGE('',*,*,#2248,.F.);
#3130=ORIENTED_EDGE('',*,*,#2251,.T.);
#3131=ORIENTED_EDGE('',*,*,#2245,.F.);
#3132=ORIENTED_EDGE('',*,*,#2252,.F.);
#3133=ORIENTED_EDGE('',*,*,#2253,.F.);
#3134=ORIENTED_EDGE('',*,*,#2254,.F.);
#3135=ORIENTED_EDGE('',*,*,#1860,.F.);
#3136=ORIENTED_EDGE('',*,*,#2255,.F.);
#3137=ORIENTED_EDGE('',*,*,#2256,.F.);
#3138=ORIENTED_EDGE('',*,*,#2257,.F.);
#3139=ORIENTED_EDGE('',*,*,#2258,.T.);
#3140=ORIENTED_EDGE('',*,*,#2252,.T.);
#3141=ORIENTED_EDGE('',*,*,#2249,.F.);
#3142=ORIENTED_EDGE('',*,*,#2250,.F.);
#3143=ORIENTED_EDGE('',*,*,#1923,.T.);
#3144=ORIENTED_EDGE('',*,*,#1929,.T.);
#3145=ORIENTED_EDGE('',*,*,#2259,.T.);
#3146=ORIENTED_EDGE('',*,*,#1914,.T.);
#3147=ORIENTED_EDGE('',*,*,#1921,.T.);
#3148=ORIENTED_EDGE('',*,*,#1850,.F.);
#3149=ORIENTED_EDGE('',*,*,#2260,.T.);
#3150=ORIENTED_EDGE('',*,*,#1918,.T.);
#3151=ORIENTED_EDGE('',*,*,#2261,.T.);
#3152=ORIENTED_EDGE('',*,*,#2262,.F.);
#3153=ORIENTED_EDGE('',*,*,#2263,.F.);
#3154=ORIENTED_EDGE('',*,*,#2264,.F.);
#3155=ORIENTED_EDGE('',*,*,#2265,.T.);
#3156=ORIENTED_EDGE('',*,*,#2266,.F.);
#3157=ORIENTED_EDGE('',*,*,#2267,.F.);
#3158=ORIENTED_EDGE('',*,*,#2268,.F.);
#3159=ORIENTED_EDGE('',*,*,#2269,.T.);
#3160=ORIENTED_EDGE('',*,*,#2256,.T.);
#3161=ORIENTED_EDGE('',*,*,#2270,.F.);
#3162=ORIENTED_EDGE('',*,*,#1869,.F.);
#3163=ORIENTED_EDGE('',*,*,#1857,.F.);
#3164=ORIENTED_EDGE('',*,*,#1849,.F.);
#3165=ORIENTED_EDGE('',*,*,#1919,.T.);
#3166=ORIENTED_EDGE('',*,*,#2260,.F.);
#3167=ORIENTED_EDGE('',*,*,#1867,.F.);
#3168=ORIENTED_EDGE('',*,*,#2270,.T.);
#3169=ORIENTED_EDGE('',*,*,#2255,.T.);
#3170=ORIENTED_EDGE('',*,*,#1856,.F.);
#3171=ORIENTED_EDGE('',*,*,#2271,.T.);
#3172=ORIENTED_EDGE('',*,*,#2246,.F.);
#3173=ORIENTED_EDGE('',*,*,#2254,.T.);
#3174=ORIENTED_EDGE('',*,*,#2272,.F.);
#3175=ORIENTED_EDGE('',*,*,#2184,.F.);
#3176=ORIENTED_EDGE('',*,*,#2182,.F.);
#3177=ORIENTED_EDGE('',*,*,#2273,.F.);
#3178=ORIENTED_EDGE('',*,*,#1871,.F.);
#3179=ORIENTED_EDGE('',*,*,#2251,.F.);
#3180=ORIENTED_EDGE('',*,*,#2247,.F.);
#3181=ORIENTED_EDGE('',*,*,#2271,.F.);
#3182=ORIENTED_EDGE('',*,*,#2274,.T.);
#3183=ORIENTED_EDGE('',*,*,#2275,.F.);
#3184=ORIENTED_EDGE('',*,*,#2276,.T.);
#3185=ORIENTED_EDGE('',*,*,#1916,.T.);
#3186=ORIENTED_EDGE('',*,*,#2259,.F.);
#3187=ORIENTED_EDGE('',*,*,#1928,.F.);
#3188=ORIENTED_EDGE('',*,*,#2277,.F.);
#3189=ORIENTED_EDGE('',*,*,#2274,.F.);
#3190=ORIENTED_EDGE('',*,*,#1915,.F.);
#3191=ORIENTED_EDGE('',*,*,#1917,.T.);
#3192=ORIENTED_EDGE('',*,*,#2278,.T.);
#3193=ORIENTED_EDGE('',*,*,#2279,.T.);
#3194=ORIENTED_EDGE('',*,*,#2280,.T.);
#3195=ORIENTED_EDGE('',*,*,#2281,.T.);
#3196=ORIENTED_EDGE('',*,*,#2282,.T.);
#3197=ORIENTED_EDGE('',*,*,#2283,.T.);
#3198=ORIENTED_EDGE('',*,*,#2284,.F.);
#3199=ORIENTED_EDGE('',*,*,#2261,.F.);
#3200=ORIENTED_EDGE('',*,*,#2236,.F.);
#3201=ORIENTED_EDGE('',*,*,#2285,.F.);
#3202=ORIENTED_EDGE('',*,*,#1954,.F.);
#3203=ORIENTED_EDGE('',*,*,#1963,.T.);
#3204=ORIENTED_EDGE('',*,*,#2235,.F.);
#3205=ORIENTED_EDGE('',*,*,#2243,.T.);
#3206=ORIENTED_EDGE('',*,*,#2286,.F.);
#3207=ORIENTED_EDGE('',*,*,#2172,.F.);
#3208=ORIENTED_EDGE('',*,*,#2170,.F.);
#3209=ORIENTED_EDGE('',*,*,#1955,.T.);
#3210=ORIENTED_EDGE('',*,*,#2285,.T.);
#3211=ORIENTED_EDGE('',*,*,#2242,.T.);
#3212=ORIENTED_EDGE('',*,*,#2287,.F.);
#3213=ORIENTED_EDGE('',*,*,#2288,.T.);
#3214=ORIENTED_EDGE('',*,*,#2286,.T.);
#3215=ORIENTED_EDGE('',*,*,#2289,.T.);
#3216=ORIENTED_EDGE('',*,*,#2290,.F.);
#3217=ORIENTED_EDGE('',*,*,#2291,.T.);
#3218=ORIENTED_EDGE('',*,*,#2292,.T.);
#3219=ORIENTED_EDGE('',*,*,#2226,.F.);
#3220=ORIENTED_EDGE('',*,*,#2231,.F.);
#3221=ORIENTED_EDGE('',*,*,#1957,.T.);
#3222=ORIENTED_EDGE('',*,*,#2169,.T.);
#3223=ORIENTED_EDGE('',*,*,#2174,.F.);
#3224=ORIENTED_EDGE('',*,*,#2290,.T.);
#3225=ORIENTED_EDGE('',*,*,#2293,.T.);
#3226=ORIENTED_EDGE('',*,*,#2227,.F.);
#3227=ORIENTED_EDGE('',*,*,#2293,.F.);
#3228=ORIENTED_EDGE('',*,*,#2289,.F.);
#3229=ORIENTED_EDGE('',*,*,#2294,.F.);
#3230=ORIENTED_EDGE('',*,*,#2232,.F.);
#3231=ORIENTED_EDGE('',*,*,#2229,.F.);
#3232=ORIENTED_EDGE('',*,*,#2295,.F.);
#3233=ORIENTED_EDGE('',*,*,#1941,.T.);
#3234=ORIENTED_EDGE('',*,*,#2296,.T.);
#3235=ORIENTED_EDGE('',*,*,#2297,.T.);
#3236=ORIENTED_EDGE('',*,*,#2076,.T.);
#3237=ORIENTED_EDGE('',*,*,#2298,.F.);
#3238=ORIENTED_EDGE('',*,*,#2299,.F.);
#3239=ORIENTED_EDGE('',*,*,#2297,.F.);
#3240=ORIENTED_EDGE('',*,*,#2300,.F.);
#3241=ORIENTED_EDGE('',*,*,#2133,.F.);
#3242=ORIENTED_EDGE('',*,*,#1816,.T.);
#3243=ORIENTED_EDGE('',*,*,#2112,.F.);
#3244=ORIENTED_EDGE('',*,*,#2301,.T.);
#3245=ORIENTED_EDGE('',*,*,#2302,.F.);
#3246=ORIENTED_EDGE('',*,*,#2303,.F.);
#3247=ORIENTED_EDGE('',*,*,#2304,.F.);
#3248=ORIENTED_EDGE('',*,*,#2084,.T.);
#3249=ORIENTED_EDGE('',*,*,#2098,.T.);
#3250=ORIENTED_EDGE('',*,*,#2305,.T.);
#3251=ORIENTED_EDGE('',*,*,#2306,.F.);
#3252=ORIENTED_EDGE('',*,*,#2307,.T.);
#3253=ORIENTED_EDGE('',*,*,#2308,.F.);
#3254=ORIENTED_EDGE('',*,*,#2094,.T.);
#3255=ORIENTED_EDGE('',*,*,#2100,.T.);
#3256=ORIENTED_EDGE('',*,*,#2301,.F.);
#3257=ORIENTED_EDGE('',*,*,#2111,.T.);
#3258=ORIENTED_EDGE('',*,*,#2186,.T.);
#3259=ORIENTED_EDGE('',*,*,#2309,.F.);
#3260=ORIENTED_EDGE('',*,*,#2257,.T.);
#3261=ORIENTED_EDGE('',*,*,#2269,.F.);
#3262=ORIENTED_EDGE('',*,*,#2310,.F.);
#3263=ORIENTED_EDGE('',*,*,#2311,.T.);
#3264=ORIENTED_EDGE('',*,*,#2312,.T.);
#3265=ORIENTED_EDGE('',*,*,#2313,.T.);
#3266=ORIENTED_EDGE('',*,*,#2314,.T.);
#3267=ORIENTED_EDGE('',*,*,#2315,.T.);
#3268=ORIENTED_EDGE('',*,*,#2316,.T.);
#3269=ORIENTED_EDGE('',*,*,#2266,.T.);
#3270=ORIENTED_EDGE('',*,*,#2316,.F.);
#3271=ORIENTED_EDGE('',*,*,#2317,.T.);
#3272=ORIENTED_EDGE('',*,*,#2318,.T.);
#3273=ORIENTED_EDGE('',*,*,#2267,.T.);
#3274=ORIENTED_EDGE('',*,*,#2310,.T.);
#3275=ORIENTED_EDGE('',*,*,#2268,.T.);
#3276=ORIENTED_EDGE('',*,*,#2318,.F.);
#3277=ORIENTED_EDGE('',*,*,#2319,.T.);
#3278=ORIENTED_EDGE('',*,*,#2085,.T.);
#3279=ORIENTED_EDGE('',*,*,#2304,.T.);
#3280=ORIENTED_EDGE('',*,*,#2320,.T.);
#3281=ORIENTED_EDGE('',*,*,#2311,.F.);
#3282=ORIENTED_EDGE('',*,*,#2319,.F.);
#3283=ORIENTED_EDGE('',*,*,#2321,.F.);
#3284=ORIENTED_EDGE('',*,*,#2086,.T.);
#3285=ORIENTED_EDGE('',*,*,#2321,.T.);
#3286=ORIENTED_EDGE('',*,*,#2317,.F.);
#3287=ORIENTED_EDGE('',*,*,#2322,.T.);
#3288=ORIENTED_EDGE('',*,*,#2087,.T.);
#3289=ORIENTED_EDGE('',*,*,#2322,.F.);
#3290=ORIENTED_EDGE('',*,*,#2315,.F.);
#3291=ORIENTED_EDGE('',*,*,#2323,.F.);
#3292=ORIENTED_EDGE('',*,*,#2324,.T.);
#3293=ORIENTED_EDGE('',*,*,#2154,.T.);
#3294=ORIENTED_EDGE('',*,*,#2284,.T.);
#3295=ORIENTED_EDGE('',*,*,#2325,.T.);
#3296=ORIENTED_EDGE('',*,*,#2326,.T.);
#3297=ORIENTED_EDGE('',*,*,#2262,.T.);
#3298=ORIENTED_EDGE('',*,*,#2327,.T.);
#3299=ORIENTED_EDGE('',*,*,#2263,.T.);
#3300=ORIENTED_EDGE('',*,*,#2326,.F.);
#3301=ORIENTED_EDGE('',*,*,#2328,.T.);
#3302=ORIENTED_EDGE('',*,*,#2329,.T.);
#3303=ORIENTED_EDGE('',*,*,#2264,.T.);
#3304=ORIENTED_EDGE('',*,*,#2327,.F.);
#3305=ORIENTED_EDGE('',*,*,#2330,.T.);
#3306=ORIENTED_EDGE('',*,*,#2330,.F.);
#3307=ORIENTED_EDGE('',*,*,#2331,.F.);
#3308=ORIENTED_EDGE('',*,*,#2332,.T.);
#3309=ORIENTED_EDGE('',*,*,#2333,.F.);
#3310=ORIENTED_EDGE('',*,*,#2328,.F.);
#3311=ORIENTED_EDGE('',*,*,#2334,.F.);
#3312=ORIENTED_EDGE('',*,*,#2335,.T.);
#3313=ORIENTED_EDGE('',*,*,#2331,.T.);
#3314=ORIENTED_EDGE('',*,*,#2325,.F.);
#3315=ORIENTED_EDGE('',*,*,#2283,.F.);
#3316=ORIENTED_EDGE('',*,*,#2336,.T.);
#3317=ORIENTED_EDGE('',*,*,#2334,.T.);
#3318=ORIENTED_EDGE('',*,*,#2187,.F.);
#3319=ORIENTED_EDGE('',*,*,#1935,.F.);
#3320=ORIENTED_EDGE('',*,*,#2337,.F.);
#3321=ORIENTED_EDGE('',*,*,#2338,.T.);
#3322=ORIENTED_EDGE('',*,*,#2339,.T.);
#3323=ORIENTED_EDGE('',*,*,#2340,.T.);
#3324=ORIENTED_EDGE('',*,*,#1926,.T.);
#3325=ORIENTED_EDGE('',*,*,#2027,.T.);
#3326=ORIENTED_EDGE('',*,*,#2341,.T.);
#3327=ORIENTED_EDGE('',*,*,#1969,.F.);
#3328=ORIENTED_EDGE('',*,*,#2105,.T.);
#3329=ORIENTED_EDGE('',*,*,#2214,.F.);
#3330=ORIENTED_EDGE('',*,*,#2217,.T.);
#3331=ORIENTED_EDGE('',*,*,#2145,.T.);
#3332=ORIENTED_EDGE('',*,*,#2134,.T.);
#3333=ORIENTED_EDGE('',*,*,#2300,.T.);
#3334=ORIENTED_EDGE('',*,*,#2296,.F.);
#3335=ORIENTED_EDGE('',*,*,#1940,.F.);
#3336=ORIENTED_EDGE('',*,*,#1939,.T.);
#3337=ORIENTED_EDGE('',*,*,#2075,.T.);
#3338=ORIENTED_EDGE('',*,*,#2153,.T.);
#3339=ORIENTED_EDGE('',*,*,#2342,.F.);
#3340=ORIENTED_EDGE('',*,*,#2298,.T.);
#3341=ORIENTED_EDGE('',*,*,#2299,.T.);
#3342=ORIENTED_EDGE('',*,*,#2342,.T.);
#3343=ORIENTED_EDGE('',*,*,#2152,.T.);
#3344=ORIENTED_EDGE('',*,*,#2343,.T.);
#3345=ORIENTED_EDGE('',*,*,#2337,.T.);
#3346=ORIENTED_EDGE('',*,*,#1934,.F.);
#3347=ORIENTED_EDGE('',*,*,#1933,.F.);
#3348=ORIENTED_EDGE('',*,*,#2295,.T.);
#3349=ORIENTED_EDGE('',*,*,#2343,.F.);
#3350=ORIENTED_EDGE('',*,*,#2151,.F.);
#3351=ORIENTED_EDGE('',*,*,#2344,.T.);
#3352=ORIENTED_EDGE('',*,*,#2338,.F.);
#3353=ORIENTED_EDGE('',*,*,#2012,.T.);
#3354=ORIENTED_EDGE('',*,*,#2345,.F.);
#3355=ORIENTED_EDGE('',*,*,#1978,.F.);
#3356=ORIENTED_EDGE('',*,*,#2159,.F.);
#3357=ORIENTED_EDGE('',*,*,#2011,.T.);
#3358=ORIENTED_EDGE('',*,*,#2346,.T.);
#3359=ORIENTED_EDGE('',*,*,#1979,.F.);
#3360=ORIENTED_EDGE('',*,*,#2345,.T.);
#3361=ORIENTED_EDGE('',*,*,#2010,.T.);
#3362=ORIENTED_EDGE('',*,*,#2347,.F.);
#3363=ORIENTED_EDGE('',*,*,#1980,.F.);
#3364=ORIENTED_EDGE('',*,*,#2346,.F.);
#3365=ORIENTED_EDGE('',*,*,#2009,.T.);
#3366=ORIENTED_EDGE('',*,*,#2348,.T.);
#3367=ORIENTED_EDGE('',*,*,#1981,.F.);
#3368=ORIENTED_EDGE('',*,*,#2347,.T.);
#3369=ORIENTED_EDGE('',*,*,#2034,.T.);
#3370=ORIENTED_EDGE('',*,*,#2349,.F.);
#3371=ORIENTED_EDGE('',*,*,#1970,.F.);
#3372=ORIENTED_EDGE('',*,*,#2341,.F.);
#3373=ORIENTED_EDGE('',*,*,#2033,.T.);
#3374=ORIENTED_EDGE('',*,*,#2350,.T.);
#3375=ORIENTED_EDGE('',*,*,#1971,.F.);
#3376=ORIENTED_EDGE('',*,*,#2349,.T.);
#3377=ORIENTED_EDGE('',*,*,#2032,.T.);
#3378=ORIENTED_EDGE('',*,*,#2102,.F.);
#3379=ORIENTED_EDGE('',*,*,#1972,.F.);
#3380=ORIENTED_EDGE('',*,*,#2350,.F.);
#3381=ORIENTED_EDGE('',*,*,#2178,.F.);
#3382=ORIENTED_EDGE('',*,*,#2167,.F.);
#3383=ORIENTED_EDGE('',*,*,#1829,.F.);
#3384=ORIENTED_EDGE('',*,*,#2351,.T.);
#3385=ORIENTED_EDGE('',*,*,#2179,.F.);
#3386=ORIENTED_EDGE('',*,*,#2351,.F.);
#3387=ORIENTED_EDGE('',*,*,#1828,.F.);
#3388=ORIENTED_EDGE('',*,*,#2352,.T.);
#3389=ORIENTED_EDGE('',*,*,#2199,.F.);
#3390=ORIENTED_EDGE('',*,*,#2191,.F.);
#3391=ORIENTED_EDGE('',*,*,#2200,.F.);
#3392=ORIENTED_EDGE('',*,*,#2352,.F.);
#3393=ORIENTED_EDGE('',*,*,#1827,.F.);
#3394=ORIENTED_EDGE('',*,*,#2221,.F.);
#3395=ORIENTED_EDGE('',*,*,#2124,.F.);
#3396=ORIENTED_EDGE('',*,*,#2142,.F.);
#3397=ORIENTED_EDGE('',*,*,#2353,.T.);
#3398=ORIENTED_EDGE('',*,*,#2048,.F.);
#3399=ORIENTED_EDGE('',*,*,#2222,.F.);
#3400=ORIENTED_EDGE('',*,*,#2353,.F.);
#3401=ORIENTED_EDGE('',*,*,#2141,.F.);
#3402=ORIENTED_EDGE('',*,*,#2223,.F.);
#3403=ORIENTED_EDGE('',*,*,#2050,.F.);
#3404=ORIENTED_EDGE('',*,*,#2140,.T.);
#3405=ORIENTED_EDGE('',*,*,#2354,.T.);
#3406=ORIENTED_EDGE('',*,*,#2287,.T.);
#3407=ORIENTED_EDGE('',*,*,#2241,.T.);
#3408=ORIENTED_EDGE('',*,*,#2244,.F.);
#3409=ORIENTED_EDGE('',*,*,#2288,.F.);
#3410=ORIENTED_EDGE('',*,*,#2354,.F.);
#3411=ORIENTED_EDGE('',*,*,#2139,.F.);
#3412=ORIENTED_EDGE('',*,*,#2355,.T.);
#3413=ORIENTED_EDGE('',*,*,#2291,.F.);
#3414=ORIENTED_EDGE('',*,*,#2173,.F.);
#3415=ORIENTED_EDGE('',*,*,#2355,.F.);
#3416=ORIENTED_EDGE('',*,*,#2138,.T.);
#3417=ORIENTED_EDGE('',*,*,#2356,.T.);
#3418=ORIENTED_EDGE('',*,*,#2219,.F.);
#3419=ORIENTED_EDGE('',*,*,#2233,.T.);
#3420=ORIENTED_EDGE('',*,*,#2294,.T.);
#3421=ORIENTED_EDGE('',*,*,#2292,.F.);
#3422=ORIENTED_EDGE('',*,*,#2041,.F.);
#3423=ORIENTED_EDGE('',*,*,#2220,.F.);
#3424=ORIENTED_EDGE('',*,*,#2356,.F.);
#3425=ORIENTED_EDGE('',*,*,#2137,.F.);
#3426=ORIENTED_EDGE('',*,*,#2097,.T.);
#3427=ORIENTED_EDGE('',*,*,#2357,.F.);
#3428=ORIENTED_EDGE('',*,*,#2358,.F.);
#3429=ORIENTED_EDGE('',*,*,#2305,.F.);
#3430=ORIENTED_EDGE('',*,*,#2096,.T.);
#3431=ORIENTED_EDGE('',*,*,#2359,.T.);
#3432=ORIENTED_EDGE('',*,*,#2360,.T.);
#3433=ORIENTED_EDGE('',*,*,#2361,.T.);
#3434=ORIENTED_EDGE('',*,*,#2357,.T.);
#3435=ORIENTED_EDGE('',*,*,#2358,.T.);
#3436=ORIENTED_EDGE('',*,*,#2361,.F.);
#3437=ORIENTED_EDGE('',*,*,#2362,.T.);
#3438=ORIENTED_EDGE('',*,*,#2306,.T.);
#3439=ORIENTED_EDGE('',*,*,#2360,.F.);
#3440=ORIENTED_EDGE('',*,*,#2363,.F.);
#3441=ORIENTED_EDGE('',*,*,#2307,.F.);
#3442=ORIENTED_EDGE('',*,*,#2362,.F.);
#3443=ORIENTED_EDGE('',*,*,#2095,.T.);
#3444=ORIENTED_EDGE('',*,*,#2308,.T.);
#3445=ORIENTED_EDGE('',*,*,#2363,.T.);
#3446=ORIENTED_EDGE('',*,*,#2359,.F.);
#3447=ORIENTED_EDGE('',*,*,#2008,.T.);
#3448=ORIENTED_EDGE('',*,*,#2364,.F.);
#3449=ORIENTED_EDGE('',*,*,#1974,.F.);
#3450=ORIENTED_EDGE('',*,*,#2348,.F.);
#3451=ORIENTED_EDGE('',*,*,#2070,.T.);
#3452=ORIENTED_EDGE('',*,*,#2144,.T.);
#3453=ORIENTED_EDGE('',*,*,#2068,.T.);
#3454=ORIENTED_EDGE('',*,*,#2015,.T.);
#3455=ORIENTED_EDGE('',*,*,#2158,.T.);
#3456=ORIENTED_EDGE('',*,*,#1975,.F.);
#3457=ORIENTED_EDGE('',*,*,#2364,.T.);
#3458=ORIENTED_EDGE('',*,*,#2007,.T.);
#3459=ORIENTED_EDGE('',*,*,#2312,.F.);
#3460=ORIENTED_EDGE('',*,*,#2320,.F.);
#3461=ORIENTED_EDGE('',*,*,#2303,.T.);
#3462=ORIENTED_EDGE('',*,*,#2365,.T.);
#3463=ORIENTED_EDGE('',*,*,#2366,.F.);
#3464=ORIENTED_EDGE('',*,*,#2367,.F.);
#3465=ORIENTED_EDGE('',*,*,#2155,.T.);
#3466=ORIENTED_EDGE('',*,*,#2324,.F.);
#3467=ORIENTED_EDGE('',*,*,#2368,.F.);
#3468=ORIENTED_EDGE('',*,*,#2332,.F.);
#3469=ORIENTED_EDGE('',*,*,#2335,.F.);
#3470=ORIENTED_EDGE('',*,*,#2336,.F.);
#3471=ORIENTED_EDGE('',*,*,#2282,.F.);
#3472=ORIENTED_EDGE('',*,*,#2369,.T.);
#3473=ORIENTED_EDGE('',*,*,#2370,.F.);
#3474=ORIENTED_EDGE('',*,*,#2371,.F.);
#3475=ORIENTED_EDGE('',*,*,#2090,.T.);
#3476=ORIENTED_EDGE('',*,*,#2372,.T.);
#3477=ORIENTED_EDGE('',*,*,#2373,.T.);
#3478=ORIENTED_EDGE('',*,*,#2374,.T.);
#3479=ORIENTED_EDGE('',*,*,#2370,.T.);
#3480=ORIENTED_EDGE('',*,*,#2375,.T.);
#3481=ORIENTED_EDGE('',*,*,#2376,.T.);
#3482=ORIENTED_EDGE('',*,*,#2377,.T.);
#3483=ORIENTED_EDGE('',*,*,#2339,.F.);
#3484=ORIENTED_EDGE('',*,*,#2344,.F.);
#3485=ORIENTED_EDGE('',*,*,#2150,.T.);
#3486=ORIENTED_EDGE('',*,*,#2378,.T.);
#3487=ORIENTED_EDGE('',*,*,#2340,.F.);
#3488=ORIENTED_EDGE('',*,*,#2378,.F.);
#3489=ORIENTED_EDGE('',*,*,#2149,.T.);
#3490=ORIENTED_EDGE('',*,*,#2379,.T.);
#3491=ORIENTED_EDGE('',*,*,#2275,.T.);
#3492=ORIENTED_EDGE('',*,*,#2277,.T.);
#3493=ORIENTED_EDGE('',*,*,#1927,.F.);
#3494=ORIENTED_EDGE('',*,*,#2276,.F.);
#3495=ORIENTED_EDGE('',*,*,#2379,.F.);
#3496=ORIENTED_EDGE('',*,*,#2148,.T.);
#3497=ORIENTED_EDGE('',*,*,#2380,.F.);
#3498=ORIENTED_EDGE('',*,*,#2278,.F.);
#3499=ORIENTED_EDGE('',*,*,#2091,.T.);
#3500=ORIENTED_EDGE('',*,*,#2377,.F.);
#3501=ORIENTED_EDGE('',*,*,#2381,.T.);
#3502=ORIENTED_EDGE('',*,*,#2279,.F.);
#3503=ORIENTED_EDGE('',*,*,#2380,.T.);
#3504=ORIENTED_EDGE('',*,*,#2147,.T.);
#3505=ORIENTED_EDGE('',*,*,#2280,.F.);
#3506=ORIENTED_EDGE('',*,*,#2381,.F.);
#3507=ORIENTED_EDGE('',*,*,#2376,.F.);
#3508=ORIENTED_EDGE('',*,*,#2382,.F.);
#3509=ORIENTED_EDGE('',*,*,#2281,.F.);
#3510=ORIENTED_EDGE('',*,*,#2382,.T.);
#3511=ORIENTED_EDGE('',*,*,#2375,.F.);
#3512=ORIENTED_EDGE('',*,*,#2369,.F.);
#3513=ORIENTED_EDGE('',*,*,#2383,.F.);
#3514=ORIENTED_EDGE('',*,*,#2371,.T.);
#3515=ORIENTED_EDGE('',*,*,#2374,.F.);
#3516=ORIENTED_EDGE('',*,*,#2384,.F.);
#3517=ORIENTED_EDGE('',*,*,#2385,.F.);
#3518=ORIENTED_EDGE('',*,*,#2384,.T.);
#3519=ORIENTED_EDGE('',*,*,#2373,.F.);
#3520=ORIENTED_EDGE('',*,*,#2386,.F.);
#3521=ORIENTED_EDGE('',*,*,#2089,.T.);
#3522=ORIENTED_EDGE('',*,*,#2156,.T.);
#3523=ORIENTED_EDGE('',*,*,#2367,.T.);
#3524=ORIENTED_EDGE('',*,*,#2387,.F.);
#3525=ORIENTED_EDGE('',*,*,#2386,.T.);
#3526=ORIENTED_EDGE('',*,*,#2372,.F.);
#3527=ORIENTED_EDGE('',*,*,#2313,.F.);
#3528=ORIENTED_EDGE('',*,*,#2365,.F.);
#3529=ORIENTED_EDGE('',*,*,#2302,.T.);
#3530=ORIENTED_EDGE('',*,*,#2309,.T.);
#3531=ORIENTED_EDGE('',*,*,#2185,.F.);
#3532=ORIENTED_EDGE('',*,*,#2272,.T.);
#3533=ORIENTED_EDGE('',*,*,#2253,.T.);
#3534=ORIENTED_EDGE('',*,*,#2258,.F.);
#3535=ORIENTED_EDGE('',*,*,#1847,.F.);
#3536=ORIENTED_EDGE('',*,*,#2273,.T.);
#3537=ORIENTED_EDGE('',*,*,#2181,.F.);
#3538=ORIENTED_EDGE('',*,*,#2108,.F.);
#3539=ORIENTED_EDGE('',*,*,#2163,.F.);
#3540=ORIENTED_EDGE('',*,*,#2388,.F.);
#3541=ORIENTED_EDGE('',*,*,#1876,.F.);
#3542=ORIENTED_EDGE('',*,*,#2388,.T.);
#3543=ORIENTED_EDGE('',*,*,#2162,.F.);
#3544=ORIENTED_EDGE('',*,*,#2177,.F.);
#3545=ORIENTED_EDGE('',*,*,#2314,.F.);
#3546=ORIENTED_EDGE('',*,*,#2265,.F.);
#3547=ORIENTED_EDGE('',*,*,#2329,.F.);
#3548=ORIENTED_EDGE('',*,*,#2333,.T.);
#3549=ORIENTED_EDGE('',*,*,#2368,.T.);
#3550=ORIENTED_EDGE('',*,*,#2383,.T.);
#3551=ORIENTED_EDGE('',*,*,#2385,.T.);
#3552=ORIENTED_EDGE('',*,*,#2387,.T.);
#3553=ORIENTED_EDGE('',*,*,#2366,.T.);
#3554=ORIENTED_EDGE('',*,*,#2323,.T.);
#3555=PLANE('',#3894);
#3556=PLANE('',#3897);
#3557=PLANE('',#3901);
#3558=PLANE('',#3902);
#3559=PLANE('',#3903);
#3560=PLANE('',#3904);
#3561=PLANE('',#3905);
#3562=PLANE('',#3906);
#3563=PLANE('',#3907);
#3564=PLANE('',#3908);
#3565=PLANE('',#3909);
#3566=PLANE('',#3910);
#3567=PLANE('',#3911);
#3568=PLANE('',#3912);
#3569=PLANE('',#3913);
#3570=PLANE('',#3914);
#3571=PLANE('',#3915);
#3572=PLANE('',#3916);
#3573=PLANE('',#3917);
#3574=PLANE('',#3918);
#3575=PLANE('',#3919);
#3576=PLANE('',#3920);
#3577=PLANE('',#3921);
#3578=PLANE('',#3922);
#3579=PLANE('',#3923);
#3580=PLANE('',#3924);
#3581=PLANE('',#3925);
#3582=PLANE('',#3944);
#3583=PLANE('',#3959);
#3584=PLANE('',#3963);
#3585=PLANE('',#3966);
#3586=PLANE('',#3967);
#3587=PLANE('',#3968);
#3588=PLANE('',#3969);
#3589=PLANE('',#3970);
#3590=PLANE('',#3971);
#3591=PLANE('',#3972);
#3592=PLANE('',#3974);
#3593=PLANE('',#3976);
#3594=PLANE('',#3977);
#3595=PLANE('',#3978);
#3596=PLANE('',#3979);
#3597=PLANE('',#3981);
#3598=PLANE('',#3983);
#3599=PLANE('',#3985);
#3600=PLANE('',#3987);
#3601=PLANE('',#3992);
#3602=PLANE('',#3993);
#3603=PLANE('',#3995);
#3604=PLANE('',#3996);
#3605=PLANE('',#3998);
#3606=PLANE('',#3999);
#3607=PLANE('',#4001);
#3608=PLANE('',#4002);
#3609=PLANE('',#4003);
#3610=PLANE('',#4005);
#3611=PLANE('',#4006);
#3612=PLANE('',#4007);
#3613=PLANE('',#4008);
#3614=PLANE('',#4009);
#3615=PLANE('',#4010);
#3616=PLANE('',#4011);
#3617=PLANE('',#4012);
#3618=PLANE('',#4013);
#3619=PLANE('',#4014);
#3620=PLANE('',#4015);
#3621=PLANE('',#4016);
#3622=PLANE('',#4017);
#3623=PLANE('',#4018);
#3624=PLANE('',#4019);
#3625=PLANE('',#4020);
#3626=PLANE('',#4021);
#3627=PLANE('',#4022);
#3628=PLANE('',#4023);
#3629=PLANE('',#4024);
#3630=PLANE('',#4025);
#3631=PLANE('',#4026);
#3632=PLANE('',#4027);
#3633=PLANE('',#4028);
#3634=PLANE('',#4029);
#3635=PLANE('',#4031);
#3636=PLANE('',#4036);
#3637=PLANE('',#4039);
#3638=PLANE('',#4041);
#3639=PLANE('',#4044);
#3640=PLANE('',#4047);
#3641=PLANE('',#4048);
#3642=PLANE('',#4049);
#3643=PLANE('',#4052);
#3644=PLANE('',#4054);
#3645=PLANE('',#4056);
#3646=PLANE('',#4058);
#3647=PLANE('',#4060);
#3648=PLANE('',#4061);
#3649=PLANE('',#4062);
#3650=PLANE('',#4065);
#3651=PLANE('',#4067);
#3652=PLANE('',#4069);
#3653=PLANE('',#4071);
#3654=PLANE('',#4072);
#3655=PLANE('',#4073);
#3656=PLANE('',#4074);
#3657=PLANE('',#4075);
#3658=PLANE('',#4076);
#3659=PLANE('',#4077);
#3660=PLANE('',#4078);
#3661=PLANE('',#4079);
#3662=PLANE('',#4080);
#3663=PLANE('',#4081);
#3664=PLANE('',#4082);
#3665=PLANE('',#4083);
#3666=PLANE('',#4084);
#3667=PLANE('',#4085);
#3668=ADVANCED_FACE('',(#179),#3555,.F.);
#3669=ADVANCED_FACE('',(#180),#155,.F.);
#3670=ADVANCED_FACE('',(#181),#35,.F.);
#3671=ADVANCED_FACE('',(#182),#3556,.T.);
#3672=ADVANCED_FACE('',(#183),#36,.T.);
#3673=ADVANCED_FACE('',(#184),#3557,.T.);
#3674=ADVANCED_FACE('',(#185),#3558,.T.);
#3675=ADVANCED_FACE('',(#186),#3559,.T.);
#3676=ADVANCED_FACE('',(#187),#3560,.T.);
#3677=ADVANCED_FACE('',(#188),#3561,.T.);
#3678=ADVANCED_FACE('',(#189),#37,.T.);
#3679=ADVANCED_FACE('',(#190),#3562,.T.);
#3680=ADVANCED_FACE('',(#191),#3563,.T.);
#3681=ADVANCED_FACE('',(#192),#3564,.T.);
#3682=ADVANCED_FACE('',(#193),#3565,.T.);
#3683=ADVANCED_FACE('',(#194),#3566,.T.);
#3684=ADVANCED_FACE('',(#195),#3567,.T.);
#3685=ADVANCED_FACE('',(#196),#3568,.T.);
#3686=ADVANCED_FACE('',(#197),#38,.T.);
#3687=ADVANCED_FACE('',(#198),#39,.T.);
#3688=ADVANCED_FACE('',(#199),#40,.T.);
#3689=ADVANCED_FACE('',(#200),#41,.T.);
#3690=ADVANCED_FACE('',(#201),#3569,.T.);
#3691=ADVANCED_FACE('',(#202),#3570,.T.);
#3692=ADVANCED_FACE('',(#203),#3571,.T.);
#3693=ADVANCED_FACE('',(#204),#42,.T.);
#3694=ADVANCED_FACE('',(#205),#3572,.T.);
#3695=ADVANCED_FACE('',(#206),#43,.T.);
#3696=ADVANCED_FACE('',(#207),#44,.T.);
#3697=ADVANCED_FACE('',(#208),#45,.T.);
#3698=ADVANCED_FACE('',(#209),#3573,.T.);
#3699=ADVANCED_FACE('',(#210),#3574,.T.);
#3700=ADVANCED_FACE('',(#211),#3575,.T.);
#3701=ADVANCED_FACE('',(#212),#3576,.T.);
#3702=ADVANCED_FACE('',(#213),#3577,.T.);
#3703=ADVANCED_FACE('',(#214),#3578,.T.);
#3704=ADVANCED_FACE('',(#215),#46,.T.);
#3705=ADVANCED_FACE('',(#216),#47,.T.);
#3706=ADVANCED_FACE('',(#217),#48,.F.);
#3707=ADVANCED_FACE('',(#218),#49,.T.);
#3708=ADVANCED_FACE('',(#219),#3579,.T.);
#3709=ADVANCED_FACE('',(#220),#50,.T.);
#3710=ADVANCED_FACE('',(#221),#3580,.T.);
#3711=ADVANCED_FACE('',(#222),#51,.T.);
#3712=ADVANCED_FACE('',(#223,#27,#28,#29,#30),#3581,.T.);
#3713=ADVANCED_FACE('',(#224),#23,.T.);
#3714=ADVANCED_FACE('',(#225),#156,.T.);
#3715=ADVANCED_FACE('',(#226,#31,#32),#3582,.F.);
#3716=ADVANCED_FACE('',(#227),#24,.T.);
#3717=ADVANCED_FACE('',(#228,#33),#3583,.F.);
#3718=ADVANCED_FACE('',(#229),#52,.T.);
#3719=ADVANCED_FACE('',(#230),#53,.F.);
#3720=ADVANCED_FACE('',(#231),#54,.T.);
#3721=ADVANCED_FACE('',(#232),#55,.F.);
#3722=ADVANCED_FACE('',(#233),#157,.F.);
#3723=ADVANCED_FACE('',(#234,#34),#3584,.F.);
#3724=ADVANCED_FACE('',(#235),#158,.F.);
#3725=ADVANCED_FACE('',(#236),#56,.F.);
#3726=ADVANCED_FACE('',(#237),#57,.F.);
#3727=ADVANCED_FACE('',(#238),#3585,.F.);
#3728=ADVANCED_FACE('',(#239),#58,.F.);
#3729=ADVANCED_FACE('',(#240),#3586,.F.);
#3730=ADVANCED_FACE('',(#241),#59,.F.);
#3731=ADVANCED_FACE('',(#242),#60,.F.);
#3732=ADVANCED_FACE('',(#243),#61,.F.);
#3733=ADVANCED_FACE('',(#244),#3587,.F.);
#3734=ADVANCED_FACE('',(#245),#3588,.F.);
#3735=ADVANCED_FACE('',(#246),#62,.F.);
#3736=ADVANCED_FACE('',(#247),#3589,.F.);
#3737=ADVANCED_FACE('',(#248),#3590,.F.);
#3738=ADVANCED_FACE('',(#249),#3591,.F.);
#3739=ADVANCED_FACE('',(#250),#159,.F.);
#3740=ADVANCED_FACE('',(#251),#3592,.F.);
#3741=ADVANCED_FACE('',(#252),#160,.F.);
#3742=ADVANCED_FACE('',(#253),#3593,.F.);
#3743=ADVANCED_FACE('',(#254),#3594,.F.);
#3744=ADVANCED_FACE('',(#255),#3595,.F.);
#3745=ADVANCED_FACE('',(#256),#3596,.F.);
#3746=ADVANCED_FACE('',(#257),#161,.F.);
#3747=ADVANCED_FACE('',(#258),#3597,.F.);
#3748=ADVANCED_FACE('',(#259),#162,.F.);
#3749=ADVANCED_FACE('',(#260),#3598,.F.);
#3750=ADVANCED_FACE('',(#261),#163,.F.);
#3751=ADVANCED_FACE('',(#262),#3599,.F.);
#3752=ADVANCED_FACE('',(#263),#164,.F.);
#3753=ADVANCED_FACE('',(#264),#3600,.F.);
#3754=ADVANCED_FACE('',(#265),#165,.F.);
#3755=ADVANCED_FACE('',(#266),#166,.F.);
#3756=ADVANCED_FACE('',(#267),#3601,.F.);
#3757=ADVANCED_FACE('',(#268),#3602,.F.);
#3758=ADVANCED_FACE('',(#269),#3603,.F.);
#3759=ADVANCED_FACE('',(#270),#3604,.F.);
#3760=ADVANCED_FACE('',(#271),#167,.F.);
#3761=ADVANCED_FACE('',(#272),#3605,.F.);
#3762=ADVANCED_FACE('',(#273),#63,.T.);
#3763=ADVANCED_FACE('',(#274),#3606,.T.);
#3764=ADVANCED_FACE('',(#275),#25,.F.);
#3765=ADVANCED_FACE('',(#276),#64,.T.);
#3766=ADVANCED_FACE('',(#277),#3607,.T.);
#3767=ADVANCED_FACE('',(#278),#65,.T.);
#3768=ADVANCED_FACE('',(#279),#66,.T.);
#3769=ADVANCED_FACE('',(#280),#67,.T.);
#3770=ADVANCED_FACE('',(#281),#3608,.T.);
#3771=ADVANCED_FACE('',(#282),#3609,.T.);
#3772=ADVANCED_FACE('',(#283),#3610,.T.);
#3773=ADVANCED_FACE('',(#284),#68,.T.);
#3774=ADVANCED_FACE('',(#285),#69,.T.);
#3775=ADVANCED_FACE('',(#286),#70,.T.);
#3776=ADVANCED_FACE('',(#287),#3611,.T.);
#3777=ADVANCED_FACE('',(#288),#71,.T.);
#3778=ADVANCED_FACE('',(#289),#72,.F.);
#3779=ADVANCED_FACE('',(#290),#3612,.T.);
#3780=ADVANCED_FACE('',(#291),#73,.T.);
#3781=ADVANCED_FACE('',(#292),#74,.T.);
#3782=ADVANCED_FACE('',(#293),#75,.T.);
#3783=ADVANCED_FACE('',(#294),#76,.T.);
#3784=ADVANCED_FACE('',(#295),#77,.T.);
#3785=ADVANCED_FACE('',(#296),#78,.F.);
#3786=ADVANCED_FACE('',(#297),#3613,.T.);
#3787=ADVANCED_FACE('',(#298),#3614,.T.);
#3788=ADVANCED_FACE('',(#299),#79,.T.);
#3789=ADVANCED_FACE('',(#300),#3615,.T.);
#3790=ADVANCED_FACE('',(#301),#80,.T.);
#3791=ADVANCED_FACE('',(#302),#3616,.T.);
#3792=ADVANCED_FACE('',(#303),#81,.T.);
#3793=ADVANCED_FACE('',(#304),#3617,.T.);
#3794=ADVANCED_FACE('',(#305),#3618,.T.);
#3795=ADVANCED_FACE('',(#306),#3619,.T.);
#3796=ADVANCED_FACE('',(#307),#3620,.T.);
#3797=ADVANCED_FACE('',(#308),#3621,.T.);
#3798=ADVANCED_FACE('',(#309),#3622,.T.);
#3799=ADVANCED_FACE('',(#310),#3623,.T.);
#3800=ADVANCED_FACE('',(#311),#3624,.T.);
#3801=ADVANCED_FACE('',(#312),#82,.T.);
#3802=ADVANCED_FACE('',(#313),#3625,.T.);
#3803=ADVANCED_FACE('',(#314),#3626,.T.);
#3804=ADVANCED_FACE('',(#315),#3627,.T.);
#3805=ADVANCED_FACE('',(#316),#3628,.T.);
#3806=ADVANCED_FACE('',(#317),#83,.T.);
#3807=ADVANCED_FACE('',(#318),#3629,.T.);
#3808=ADVANCED_FACE('',(#319),#3630,.T.);
#3809=ADVANCED_FACE('',(#320),#84,.T.);
#3810=ADVANCED_FACE('',(#321),#3631,.T.);
#3811=ADVANCED_FACE('',(#322),#85,.T.);
#3812=ADVANCED_FACE('',(#323),#86,.T.);
#3813=ADVANCED_FACE('',(#324),#3632,.T.);
#3814=ADVANCED_FACE('',(#325),#3633,.T.);
#3815=ADVANCED_FACE('',(#326),#87,.T.);
#3816=ADVANCED_FACE('',(#327),#3634,.F.);
#3817=ADVANCED_FACE('',(#328),#3635,.F.);
#3818=ADVANCED_FACE('',(#329),#168,.T.);
#3819=ADVANCED_FACE('',(#330),#3636,.T.);
#3820=ADVANCED_FACE('',(#331),#88,.F.);
#3821=ADVANCED_FACE('',(#332),#89,.F.);
#3822=ADVANCED_FACE('',(#333),#90,.F.);
#3823=ADVANCED_FACE('',(#334),#3637,.F.);
#3824=ADVANCED_FACE('',(#335),#169,.F.);
#3825=ADVANCED_FACE('',(#336),#3638,.F.);
#3826=ADVANCED_FACE('',(#337),#91,.F.);
#3827=ADVANCED_FACE('',(#338),#92,.F.);
#3828=ADVANCED_FACE('',(#339),#93,.F.);
#3829=ADVANCED_FACE('',(#340),#3639,.F.);
#3830=ADVANCED_FACE('',(#341),#170,.F.);
#3831=ADVANCED_FACE('',(#342),#3640,.F.);
#3832=ADVANCED_FACE('',(#343),#3641,.T.);
#3833=ADVANCED_FACE('',(#344),#3642,.F.);
#3834=ADVANCED_FACE('',(#345),#94,.F.);
#3835=ADVANCED_FACE('',(#346),#171,.F.);
#3836=ADVANCED_FACE('',(#347),#95,.F.);
#3837=ADVANCED_FACE('',(#348),#96,.F.);
#3838=ADVANCED_FACE('',(#349),#172,.F.);
#3839=ADVANCED_FACE('',(#350),#3643,.F.);
#3840=ADVANCED_FACE('',(#351),#173,.F.);
#3841=ADVANCED_FACE('',(#352),#3644,.F.);
#3842=ADVANCED_FACE('',(#353),#174,.F.);
#3843=ADVANCED_FACE('',(#354),#3645,.F.);
#3844=ADVANCED_FACE('',(#355),#175,.F.);
#3845=ADVANCED_FACE('',(#356),#3646,.F.);
#3846=ADVANCED_FACE('',(#357),#26,.F.);
#3847=ADVANCED_FACE('',(#358),#3647,.F.);
#3848=ADVANCED_FACE('',(#359),#97,.F.);
#3849=ADVANCED_FACE('',(#360),#98,.F.);
#3850=ADVANCED_FACE('',(#361),#3648,.F.);
#3851=ADVANCED_FACE('',(#362),#99,.F.);
#3852=ADVANCED_FACE('',(#363),#3649,.F.);
#3853=ADVANCED_FACE('',(#364),#100,.F.);
#3854=ADVANCED_FACE('',(#365),#176,.F.);
#3855=ADVANCED_FACE('',(#366),#3650,.F.);
#3856=ADVANCED_FACE('',(#367),#3651,.F.);
#3857=ADVANCED_FACE('',(#368),#177,.F.);
#3858=ADVANCED_FACE('',(#369),#3652,.F.);
#3859=ADVANCED_FACE('',(#370),#178,.F.);
#3860=ADVANCED_FACE('',(#371),#3653,.F.);
#3861=ADVANCED_FACE('',(#372),#101,.F.);
#3862=ADVANCED_FACE('',(#373),#102,.F.);
#3863=ADVANCED_FACE('',(#374),#3654,.F.);
#3864=ADVANCED_FACE('',(#375),#3655,.F.);
#3865=ADVANCED_FACE('',(#376),#3656,.F.);
#3866=ADVANCED_FACE('',(#377),#3657,.F.);
#3867=ADVANCED_FACE('',(#378),#103,.F.);
#3868=ADVANCED_FACE('',(#379),#3658,.F.);
#3869=ADVANCED_FACE('',(#380),#3659,.F.);
#3870=ADVANCED_FACE('',(#381),#3660,.F.);
#3871=ADVANCED_FACE('',(#382),#3661,.F.);
#3872=ADVANCED_FACE('',(#383),#3662,.F.);
#3873=ADVANCED_FACE('',(#384),#3663,.F.);
#3874=ADVANCED_FACE('',(#385),#3664,.F.);
#3875=ADVANCED_FACE('',(#386),#3665,.T.);
#3876=ADVANCED_FACE('',(#387),#3666,.T.);
#3877=ADVANCED_FACE('',(#388),#3667,.T.);
#3878=CLOSED_SHELL('',(#3668,#3669,#3670,#3671,#3672,#3673,#3674,#3675,
#3676,#3677,#3678,#3679,#3680,#3681,#3682,#3683,#3684,#3685,#3686,#3687,
#3688,#3689,#3690,#3691,#3692,#3693,#3694,#3695,#3696,#3697,#3698,#3699,
#3700,#3701,#3702,#3703,#3704,#3705,#3706,#3707,#3708,#3709,#3710,#3711,
#3712,#3713,#3714,#3715,#3716,#3717,#3718,#3719,#3720,#3721,#3722,#3723,
#3724,#3725,#3726,#3727,#3728,#3729,#3730,#3731,#3732,#3733,#3734,#3735,
#3736,#3737,#3738,#3739,#3740,#3741,#3742,#3743,#3744,#3745,#3746,#3747,
#3748,#3749,#3750,#3751,#3752,#3753,#3754,#3755,#3756,#3757,#3758,#3759,
#3760,#3761,#3762,#3763,#3764,#3765,#3766,#3767,#3768,#3769,#3770,#3771,
#3772,#3773,#3774,#3775,#3776,#3777,#3778,#3779,#3780,#3781,#3782,#3783,
#3784,#3785,#3786,#3787,#3788,#3789,#3790,#3791,#3792,#3793,#3794,#3795,
#3796,#3797,#3798,#3799,#3800,#3801,#3802,#3803,#3804,#3805,#3806,#3807,
#3808,#3809,#3810,#3811,#3812,#3813,#3814,#3815,#3816,#3817,#3818,#3819,
#3820,#3821,#3822,#3823,#3824,#3825,#3826,#3827,#3828,#3829,#3830,#3831,
#3832,#3833,#3834,#3835,#3836,#3837,#3838,#3839,#3840,#3841,#3842,#3843,
#3844,#3845,#3846,#3847,#3848,#3849,#3850,#3851,#3852,#3853,#3854,#3855,
#3856,#3857,#3858,#3859,#3860,#3861,#3862,#3863,#3864,#3865,#3866,#3867,
#3868,#3869,#3870,#3871,#3872,#3873,#3874,#3875,#3876,#3877));
#3879=DERIVED_UNIT_ELEMENT(#3881,1.);
#3880=DERIVED_UNIT_ELEMENT(#10635,-3.);
#3881=(
MASS_UNIT()
NAMED_UNIT(*)
SI_UNIT(.KILO.,.GRAM.)
);
#3882=DERIVED_UNIT((#3879,#3880));
#3883=MEASURE_REPRESENTATION_ITEM('density measure',
POSITIVE_RATIO_MEASURE(7850.),#3882);
#3884=PROPERTY_DEFINITION_REPRESENTATION(#3889,#3886);
#3885=PROPERTY_DEFINITION_REPRESENTATION(#3890,#3887);
#3886=REPRESENTATION('material name',(#3888),#10632);
#3887=REPRESENTATION('density',(#3883),#10632);
#3888=DESCRIPTIVE_REPRESENTATION_ITEM('Steel','Steel');
#3889=PROPERTY_DEFINITION('material property','material name',#10652);
#3890=PROPERTY_DEFINITION('material property','density of part',#10652);
#3891=AXIS2_PLACEMENT_3D('',#4774,#4088,#4089);
#3892=AXIS2_PLACEMENT_3D('',#4775,#4090,#4091);
#3893=AXIS2_PLACEMENT_3D('',#4776,#4092,#4093);
#3894=AXIS2_PLACEMENT_3D('',#4777,#4094,#4095);
#3895=AXIS2_PLACEMENT_3D('',#4789,#4099,#4100);
#3896=AXIS2_PLACEMENT_3D('',#4827,#4102,#4103);
#3897=AXIS2_PLACEMENT_3D('',#4941,#4104,#4105);
#3898=AXIS2_PLACEMENT_3D('',#4945,#4107,#4108);
#3899=AXIS2_PLACEMENT_3D('',#4958,#4112,#4113);
#3900=AXIS2_PLACEMENT_3D('',#4962,#4115,#4116);
#3901=AXIS2_PLACEMENT_3D('',#5054,#4119,#4120);
#3902=AXIS2_PLACEMENT_3D('',#5068,#4124,#4125);
#3903=AXIS2_PLACEMENT_3D('',#5077,#4130,#4131);
#3904=AXIS2_PLACEMENT_3D('',#5086,#4136,#4137);
#3905=AXIS2_PLACEMENT_3D('',#5105,#4141,#4142);
#3906=AXIS2_PLACEMENT_3D('',#5215,#4146,#4147);
#3907=AXIS2_PLACEMENT_3D('',#5224,#4152,#4153);
#3908=AXIS2_PLACEMENT_3D('',#5230,#4157,#4158);
#3909=AXIS2_PLACEMENT_3D('',#5238,#4161,#4162);
#3910=AXIS2_PLACEMENT_3D('',#5241,#4165,#4166);
#3911=AXIS2_PLACEMENT_3D('',#5247,#4170,#4171);
#3912=AXIS2_PLACEMENT_3D('',#5258,#4174,#4175);
#3913=AXIS2_PLACEMENT_3D('',#5500,#4180,#4181);
#3914=AXIS2_PLACEMENT_3D('',#5506,#4185,#4186);
#3915=AXIS2_PLACEMENT_3D('',#5517,#4189,#4190);
#3916=AXIS2_PLACEMENT_3D('',#5642,#4193,#4194);
#3917=AXIS2_PLACEMENT_3D('',#5807,#4198,#4199);
#3918=AXIS2_PLACEMENT_3D('',#5826,#4206,#4207);
#3919=AXIS2_PLACEMENT_3D('',#5830,#4210,#4211);
#3920=AXIS2_PLACEMENT_3D('',#5834,#4214,#4215);
#3921=AXIS2_PLACEMENT_3D('',#5846,#4222,#4223);
#3922=AXIS2_PLACEMENT_3D('',#5850,#4226,#4227);
#3923=AXIS2_PLACEMENT_3D('',#6180,#4230,#4231);
#3924=AXIS2_PLACEMENT_3D('',#6290,#4236,#4237);
#3925=AXIS2_PLACEMENT_3D('',#6345,#4242,#4243);
#3926=AXIS2_PLACEMENT_3D('',#6348,#4244,#4245);
#3927=AXIS2_PLACEMENT_3D('',#6352,#4247,#4248);
#3928=AXIS2_PLACEMENT_3D('',#6356,#4250,#4251);
#3929=AXIS2_PLACEMENT_3D('',#6360,#4253,#4254);
#3930=AXIS2_PLACEMENT_3D('',#6364,#4256,#4257);
#3931=AXIS2_PLACEMENT_3D('',#6368,#4259,#4260);
#3932=AXIS2_PLACEMENT_3D('',#6372,#4262,#4263);
#3933=AXIS2_PLACEMENT_3D('',#6376,#4265,#4266);
#3934=AXIS2_PLACEMENT_3D('',#6380,#4268,#4269);
#3935=AXIS2_PLACEMENT_3D('',#6384,#4271,#4272);
#3936=AXIS2_PLACEMENT_3D('',#6388,#4274,#4275);
#3937=AXIS2_PLACEMENT_3D('',#6392,#4277,#4278);
#3938=AXIS2_PLACEMENT_3D('',#6395,#4280,#4281);
#3939=AXIS2_PLACEMENT_3D('',#6396,#4282,#4283);
#3940=AXIS2_PLACEMENT_3D('',#6398,#4284,#4285);
#3941=AXIS2_PLACEMENT_3D('',#6401,#4287,#4288);
#3942=AXIS2_PLACEMENT_3D('',#6402,#4289,#4290);
#3943=AXIS2_PLACEMENT_3D('',#6405,#4292,#4293);
#3944=AXIS2_PLACEMENT_3D('',#6406,#4294,#4295);
#3945=AXIS2_PLACEMENT_3D('',#6480,#4302,#4303);
#3946=AXIS2_PLACEMENT_3D('',#6484,#4305,#4306);
#3947=AXIS2_PLACEMENT_3D('',#6488,#4308,#4309);
#3948=AXIS2_PLACEMENT_3D('',#6492,#4311,#4312);
#3949=AXIS2_PLACEMENT_3D('',#6534,#4317,#4318);
#3950=AXIS2_PLACEMENT_3D('',#6538,#4320,#4321);
#3951=AXIS2_PLACEMENT_3D('',#6542,#4323,#4324);
#3952=AXIS2_PLACEMENT_3D('',#6545,#4326,#4327);
#3953=AXIS2_PLACEMENT_3D('',#6550,#4329,#4330);
#3954=AXIS2_PLACEMENT_3D('',#6554,#4332,#4333);
#3955=AXIS2_PLACEMENT_3D('',#6558,#4335,#4336);
#3956=AXIS2_PLACEMENT_3D('',#6561,#4338,#4339);
#3957=AXIS2_PLACEMENT_3D('',#6562,#4340,#4341);
#3958=AXIS2_PLACEMENT_3D('',#6565,#4343,#4344);
#3959=AXIS2_PLACEMENT_3D('',#6566,#4345,#4346);
#3960=AXIS2_PLACEMENT_3D('',#6568,#4347,#4348);
#3961=AXIS2_PLACEMENT_3D('',#6781,#4349,#4350);
#3962=AXIS2_PLACEMENT_3D('',#6783,#4351,#4352);
#3963=AXIS2_PLACEMENT_3D('',#6785,#4354,#4355);
#3964=AXIS2_PLACEMENT_3D('',#6787,#4356,#4357);
#3965=AXIS2_PLACEMENT_3D('',#6788,#4358,#4359);
#3966=AXIS2_PLACEMENT_3D('',#6898,#4361,#4362);
#3967=AXIS2_PLACEMENT_3D('',#6978,#4365,#4366);
#3968=AXIS2_PLACEMENT_3D('',#7129,#4369,#4370);
#3969=AXIS2_PLACEMENT_3D('',#7133,#4373,#4374);
#3970=AXIS2_PLACEMENT_3D('',#7296,#4376,#4377);
#3971=AXIS2_PLACEMENT_3D('',#7308,#4384,#4385);
#3972=AXIS2_PLACEMENT_3D('',#7310,#4387,#4388);
#3973=AXIS2_PLACEMENT_3D('',#7313,#4391,#4392);
#3974=AXIS2_PLACEMENT_3D('',#7315,#4394,#4395);
#3975=AXIS2_PLACEMENT_3D('',#7317,#4397,#4398);
#3976=AXIS2_PLACEMENT_3D('',#7319,#4400,#4401);
#3977=AXIS2_PLACEMENT_3D('',#7333,#4409,#4410);
#3978=AXIS2_PLACEMENT_3D('',#7346,#4413,#4414);
#3979=AXIS2_PLACEMENT_3D('',#7375,#4415,#4416);
#3980=AXIS2_PLACEMENT_3D('',#7377,#4418,#4419);
#3981=AXIS2_PLACEMENT_3D('',#7379,#4421,#4422);
#3982=AXIS2_PLACEMENT_3D('',#7388,#4425,#4426);
#3983=AXIS2_PLACEMENT_3D('',#7391,#4429,#4430);
#3984=AXIS2_PLACEMENT_3D('',#7393,#4432,#4433);
#3985=AXIS2_PLACEMENT_3D('',#7395,#4435,#4436);
#3986=AXIS2_PLACEMENT_3D('',#7397,#4438,#4439);
#3987=AXIS2_PLACEMENT_3D('',#7399,#4441,#4442);
#3988=AXIS2_PLACEMENT_3D('',#7401,#4444,#4445);
#3989=AXIS2_PLACEMENT_3D('',#7403,#4446,#4447);
#3990=AXIS2_PLACEMENT_3D('',#7409,#4448,#4449);
#3991=AXIS2_PLACEMENT_3D('',#7410,#4450,#4451);
#3992=AXIS2_PLACEMENT_3D('',#7412,#4453,#4454);
#3993=AXIS2_PLACEMENT_3D('',#7500,#4459,#4460);
#3994=AXIS2_PLACEMENT_3D('',#7528,#4464,#4465);
#3995=AXIS2_PLACEMENT_3D('',#7529,#4466,#4467);
#3996=AXIS2_PLACEMENT_3D('',#7541,#4470,#4471);
#3997=AXIS2_PLACEMENT_3D('',#7542,#4472,#4473);
#3998=AXIS2_PLACEMENT_3D('',#7545,#4476,#4477);
#3999=AXIS2_PLACEMENT_3D('',#7594,#4479,#4480);
#4000=AXIS2_PLACEMENT_3D('',#7598,#4483,#4484);
#4001=AXIS2_PLACEMENT_3D('',#7700,#4486,#4487);
#4002=AXIS2_PLACEMENT_3D('',#7821,#4490,#4491);
#4003=AXIS2_PLACEMENT_3D('',#7827,#4495,#4496);
#4004=AXIS2_PLACEMENT_3D('',#7832,#4499,#4500);
#4005=AXIS2_PLACEMENT_3D('',#7833,#4501,#4502);
#4006=AXIS2_PLACEMENT_3D('',#8026,#4506,#4507);
#4007=AXIS2_PLACEMENT_3D('',#8097,#4510,#4511);
#4008=AXIS2_PLACEMENT_3D('',#8436,#4517,#4518);
#4009=AXIS2_PLACEMENT_3D('',#8454,#4521,#4522);
#4010=AXIS2_PLACEMENT_3D('',#8557,#4525,#4526);
#4011=AXIS2_PLACEMENT_3D('',#8576,#4530,#4531);
#4012=AXIS2_PLACEMENT_3D('',#8655,#4534,#4535);
#4013=AXIS2_PLACEMENT_3D('',#8659,#4538,#4539);
#4014=AXIS2_PLACEMENT_3D('',#8670,#4543,#4544);
#4015=AXIS2_PLACEMENT_3D('',#8672,#4546,#4547);
#4016=AXIS2_PLACEMENT_3D('',#8683,#4553,#4554);
#4017=AXIS2_PLACEMENT_3D('',#8686,#4557,#4558);
#4018=AXIS2_PLACEMENT_3D('',#8692,#4562,#4563);
#4019=AXIS2_PLACEMENT_3D('',#8703,#4567,#4568);
#4020=AXIS2_PLACEMENT_3D('',#8854,#4570,#4571);
#4021=AXIS2_PLACEMENT_3D('',#8855,#4572,#4573);
#4022=AXIS2_PLACEMENT_3D('',#8856,#4574,#4575);
#4023=AXIS2_PLACEMENT_3D('',#8860,#4579,#4580);
#4024=AXIS2_PLACEMENT_3D('',#8880,#4582,#4583);
#4025=AXIS2_PLACEMENT_3D('',#8882,#4585,#4586);
#4026=AXIS2_PLACEMENT_3D('',#8959,#4593,#4594);
#4027=AXIS2_PLACEMENT_3D('',#8996,#4599,#4600);
#4028=AXIS2_PLACEMENT_3D('',#8998,#4602,#4603);
#4029=AXIS2_PLACEMENT_3D('',#9693,#4605,#4606);
#4030=AXIS2_PLACEMENT_3D('',#9695,#4607,#4608);
#4031=AXIS2_PLACEMENT_3D('',#9707,#4609,#4610);
#4032=AXIS2_PLACEMENT_3D('',#9709,#4611,#4612);
#4033=AXIS2_PLACEMENT_3D('',#9725,#4615,#4616);
#4034=AXIS2_PLACEMENT_3D('',#9729,#4618,#4619);
#4035=AXIS2_PLACEMENT_3D('',#9731,#4621,#4622);
#4036=AXIS2_PLACEMENT_3D('',#9733,#4624,#4625);
#4037=AXIS2_PLACEMENT_3D('',#9861,#4628,#4629);
#4038=AXIS2_PLACEMENT_3D('',#9923,#4630,#4631);
#4039=AXIS2_PLACEMENT_3D('',#9948,#4632,#4633);
#4040=AXIS2_PLACEMENT_3D('',#9954,#4635,#4636);
#4041=AXIS2_PLACEMENT_3D('',#9956,#4638,#4639);
#4042=AXIS2_PLACEMENT_3D('',#9988,#4641,#4642);
#4043=AXIS2_PLACEMENT_3D('',#10045,#4643,#4644);
#4044=AXIS2_PLACEMENT_3D('',#10122,#4645,#4646);
#4045=AXIS2_PLACEMENT_3D('',#10128,#4650,#4651);
#4046=AXIS2_PLACEMENT_3D('',#10131,#4653,#4654);
#4047=AXIS2_PLACEMENT_3D('',#10132,#4655,#4656);
#4048=AXIS2_PLACEMENT_3D('',#10134,#4658,#4659);
#4049=AXIS2_PLACEMENT_3D('',#10149,#4662,#4663);
#4050=AXIS2_PLACEMENT_3D('',#10179,#4665,#4666);
#4051=AXIS2_PLACEMENT_3D('',#10238,#4667,#4668);
#4052=AXIS2_PLACEMENT_3D('',#10240,#4670,#4671);
#4053=AXIS2_PLACEMENT_3D('',#10242,#4673,#4674);
#4054=AXIS2_PLACEMENT_3D('',#10244,#4676,#4677);
#4055=AXIS2_PLACEMENT_3D('',#10246,#4679,#4680);
#4056=AXIS2_PLACEMENT_3D('',#10248,#4682,#4683);
#4057=AXIS2_PLACEMENT_3D('',#10250,#4685,#4686);
#4058=AXIS2_PLACEMENT_3D('',#10251,#4687,#4688);
#4059=AXIS2_PLACEMENT_3D('',#10253,#4690,#4691);
#4060=AXIS2_PLACEMENT_3D('',#10255,#4693,#4694);
#4061=AXIS2_PLACEMENT_3D('',#10324,#4695,#4696);
#4062=AXIS2_PLACEMENT_3D('',#10389,#4697,#4698);
#4063=AXIS2_PLACEMENT_3D('',#10426,#4699,#4700);
#4064=AXIS2_PLACEMENT_3D('',#10428,#4701,#4702);
#4065=AXIS2_PLACEMENT_3D('',#10430,#4704,#4705);
#4066=AXIS2_PLACEMENT_3D('',#10434,#4707,#4708);
#4067=AXIS2_PLACEMENT_3D('',#10436,#4710,#4711);
#4068=AXIS2_PLACEMENT_3D('',#10438,#4713,#4714);
#4069=AXIS2_PLACEMENT_3D('',#10440,#4716,#4717);
#4070=AXIS2_PLACEMENT_3D('',#10441,#4718,#4719);
#4071=AXIS2_PLACEMENT_3D('',#10443,#4721,#4722);
#4072=AXIS2_PLACEMENT_3D('',#10536,#4723,#4724);
#4073=AXIS2_PLACEMENT_3D('',#10544,#4729,#4730);
#4074=AXIS2_PLACEMENT_3D('',#10555,#4737,#4738);
#4075=AXIS2_PLACEMENT_3D('',#10557,#4740,#4741);
#4076=AXIS2_PLACEMENT_3D('',#10604,#4742,#4743);
#4077=AXIS2_PLACEMENT_3D('',#10606,#4745,#4746);
#4078=AXIS2_PLACEMENT_3D('',#10608,#4748,#4749);
#4079=AXIS2_PLACEMENT_3D('',#10609,#4750,#4751);
#4080=AXIS2_PLACEMENT_3D('',#10613,#4754,#4755);
#4081=AXIS2_PLACEMENT_3D('',#10617,#4758,#4759);
#4082=AXIS2_PLACEMENT_3D('',#10619,#4761,#4762);
#4083=AXIS2_PLACEMENT_3D('',#10620,#4763,#4764);
#4084=AXIS2_PLACEMENT_3D('',#10622,#4766,#4767);
#4085=AXIS2_PLACEMENT_3D('',#10623,#4768,#4769);
#4086=AXIS2_PLACEMENT_3D('',#10624,#4770,#4771);
#4087=AXIS2_PLACEMENT_3D('',#10625,#4772,#4773);
#4088=DIRECTION('axis',(0.,0.,1.));
#4089=DIRECTION('refdir',(1.,0.,0.));
#4090=DIRECTION('axis',(0.,0.,1.));
#4091=DIRECTION('refdir',(1.,0.,0.));
#4092=DIRECTION('axis',(0.,0.,1.));
#4093=DIRECTION('refdir',(1.,0.,0.));
#4094=DIRECTION('center_axis',(0.,0.,-1.));
#4095=DIRECTION('ref_axis',(-1.,0.,0.));
#4096=DIRECTION('',(-0.707106781186547,-0.707106781186547,0.));
#4097=DIRECTION('',(0.707106781186548,-0.707106781186548,0.));
#4098=DIRECTION('',(0.500000000000191,0.866025403784329,0.));
#4099=DIRECTION('center_axis',(0.707106781186548,0.707106781186548,0.));
#4100=DIRECTION('ref_axis',(1.18518765808445E-32,1.18518765808445E-32,-1.));
#4101=DIRECTION('',(-0.707106781186547,-0.707106781186548,1.22948286226485E-16));
#4102=DIRECTION('center_axis',(-0.707106781186548,-0.707106781186548,1.22464679914736E-16));
#4103=DIRECTION('ref_axis',(1.18518765808445E-32,1.18518765808445E-32,-1.));
#4104=DIRECTION('center_axis',(0.707106781186548,0.707106781186548,-1.22464679914736E-16));
#4105=DIRECTION('ref_axis',(-0.707106781186548,0.707106781186548,1.44911397382711E-46));
#4106=DIRECTION('',(0.707106781186548,-0.707106781186548,0.));
#4107=DIRECTION('center_axis',(-0.707106781186548,-0.707106781186548,1.22464679914736E-16));
#4108=DIRECTION('ref_axis',(0.707106781186547,-0.707106781186547,5.33761069531329E-15));
#4109=DIRECTION('',(3.48270134862438E-15,-3.30951013737728E-15,1.));
#4110=DIRECTION('',(-0.707106781186548,0.707106781186548,0.));
#4111=DIRECTION('',(-3.01645824095482E-15,2.84326702970772E-15,-1.));
#4112=DIRECTION('center_axis',(0.707106781186548,0.707106781186548,-1.22464679914736E-16));
#4113=DIRECTION('ref_axis',(0.707106781186548,-0.707106781186548,-5.04646829375071E-16));
#4114=DIRECTION('',(-0.707106781186548,0.707106781186548,6.99353086378054E-16));
#4115=DIRECTION('center_axis',(0.707106781186548,0.707106781186548,-1.22464679914736E-16));
#4116=DIRECTION('ref_axis',(-8.659560562355E-17,-8.659560562355E-17,-1.));
#4117=DIRECTION('',(6.33923830286562E-17,1.09798828218444E-16,1.));
#4118=DIRECTION('',(-0.667741221918021,-0.232640625324606,0.70710678118655));
#4119=DIRECTION('center_axis',(-0.665276698947088,-0.239597399481018,-0.707106781186547));
#4120=DIRECTION('ref_axis',(-0.728321075244005,0.,0.685236026019806));
#4121=DIRECTION('',(-0.338841891855379,0.940843330381774,0.));
#4122=DIRECTION('',(0.745473484540611,-0.161242112562781,-0.646738173438967));
#4123=DIRECTION('',(0.338841891855379,-0.940843330381774,0.));
#4124=DIRECTION('center_axis',(-0.506795679058471,0.4931106769151,-0.707106781186544));
#4125=DIRECTION('ref_axis',(-0.812797632430025,0.,0.582546142993107));
#4126=DIRECTION('',(0.697363807044308,0.716717322676569,0.));
#4127=DIRECTION('',(0.279750928512681,-0.68178245010902,-0.675952741483925));
#4128=DIRECTION('',(-0.697363807044308,-0.716717322676569,0.));
#4129=DIRECTION('',(-0.741429147194577,0.169158214293361,0.64935992964411));
#4130=DIRECTION('center_axis',(0.506795614304935,0.493110743465685,-0.70710678118655));
#4131=DIRECTION('ref_axis',(-0.812797667673093,0.,-0.582546093820206));
#4132=DIRECTION('',(-0.697363901161054,0.716717231101245,0.));
#4133=DIRECTION('',(0.74142906175864,0.169158434323388,0.649359969875695));
#4134=DIRECTION('',(0.697363901161054,-0.716717231101245,0.));
#4135=DIRECTION('',(-0.74547357948625,-0.161241981157768,-0.646738096759635));
#4136=DIRECTION('center_axis',(-0.506795679058469,0.493110676915103,-0.707106781186544));
#4137=DIRECTION('ref_axis',(-0.812797632430026,0.,0.582546142993106));
#4138=DIRECTION('',(0.697363807044312,0.716717322676565,0.));
#4139=DIRECTION('',(-0.697363807044312,-0.716717322676565,0.));
#4140=DIRECTION('',(0.0167948551021133,0.825738525330924,0.563802998064404));
#4141=DIRECTION('center_axis',(0.670520723265336,-0.224503807699848,-0.707106781186548));
#4142=DIRECTION('ref_axis',(-0.725629778934855,0.,-0.688085331861502));
#4143=DIRECTION('',(0.317496329653527,0.948259500694056,0.));
#4144=DIRECTION('',(0.741429061758639,0.169158434323396,0.649359969875694));
#4145=DIRECTION('',(-0.317496329653527,-0.948259500694056,0.));
#4146=DIRECTION('center_axis',(-0.526427275457507,0.47209567214113,-0.707106781186548));
#4147=DIRECTION('ref_axis',(-0.802120051440765,0.,0.597162811196967));
#4148=DIRECTION('',(0.667644102279628,0.744480592555125,0.));
#4149=DIRECTION('',(0.307242013121627,-0.669843443141884,-0.67595274025097));
#4150=DIRECTION('',(-0.667644102279628,-0.744480592555125,0.));
#4151=DIRECTION('',(-0.0167949763954376,0.825738527211654,0.56380299169675));
#4152=DIRECTION('center_axis',(-0.0143791110850561,0.706960565494574,-0.707106781186544));
#4153=DIRECTION('ref_axis',(-0.999793305266139,0.,0.0203309307462639));
#4154=DIRECTION('',(-0.999793219785375,-0.0203351339113556,0.));
#4155=DIRECTION('',(0.999793219785375,0.0203351339113556,0.));
#4156=DIRECTION('',(-0.279750834140133,-0.68178249005464,-0.67595274025097));
#4157=DIRECTION('center_axis',(0.506795614304935,0.493110743465685,-0.70710678118655));
#4158=DIRECTION('ref_axis',(-0.812797667673093,0.,-0.582546093820206));
#4159=DIRECTION('',(0.697363901161054,-0.716717231101245,0.));
#4160=DIRECTION('',(-0.697363901161054,0.716717231101245,0.));
#4161=DIRECTION('center_axis',(0.506795614304932,0.493110743465683,-0.707106781186554));
#4162=DIRECTION('ref_axis',(-0.812797667673096,0.,-0.582546093820202));
#4163=DIRECTION('',(-0.697363901161054,0.716717231101245,0.));
#4164=DIRECTION('',(0.697363901161054,-0.716717231101245,0.));
#4165=DIRECTION('center_axis',(0.526427198859543,0.472095757554438,-0.707106781186545));
#4166=DIRECTION('ref_axis',(-0.802120093060922,0.,-0.597162755292004));
#4167=DIRECTION('',(0.667644223072284,-0.744480484229242,0.));
#4168=DIRECTION('',(-0.667644223072284,0.744480484229242,0.));
#4169=DIRECTION('',(0.307241909147717,0.669843489588153,0.675952741483924));
#4170=DIRECTION('center_axis',(0.665276574180253,-0.239597745913838,-0.707106781186543));
#4171=DIRECTION('ref_axis',(-0.728321139379744,0.,-0.685235957851448));
#4172=DIRECTION('',(0.338842381785371,0.940843153934819,0.));
#4173=DIRECTION('',(-0.338842381785371,-0.940843153934819,0.));
#4174=DIRECTION('center_axis',(0.0143790073147883,0.706960567605179,-0.707106781186551));
#4175=DIRECTION('ref_axis',(-0.999793308248526,0.,-0.0203307840839235));
#4176=DIRECTION('',(0.99979322277023,-0.0203349871580356,0.));
#4177=DIRECTION('',(-0.99979322277023,0.0203349871580356,0.));
#4178=DIRECTION('',(0.226130436872623,-0.669973899133239,0.707106781186549));
#4179=DIRECTION('',(0.667741363396144,-0.232640219243919,0.707106781186548));
#4180=DIRECTION('center_axis',(-0.670520614869095,-0.224504131444329,-0.707106781186547));
#4181=DIRECTION('ref_axis',(-0.725629834474324,0.,0.688085273291592));
#4182=DIRECTION('',(-0.317496787497361,0.948259347398619,0.));
#4183=DIRECTION('',(0.317496787497361,-0.948259347398619,0.));
#4184=DIRECTION('',(-0.741429147194578,0.169158214293365,0.649359929644108));
#4185=DIRECTION('center_axis',(0.427070019734498,-0.563570047326845,-0.707106781186543));
#4186=DIRECTION('ref_axis',(-0.855990720217664,0.,-0.51699118648314));
#4187=DIRECTION('',(0.797008404276866,0.603968213991468,0.));
#4188=DIRECTION('',(-0.797008404276866,-0.603968213991468,0.));
#4189=DIRECTION('center_axis',(-0.506795679058469,0.493110676915103,-0.707106781186544));
#4190=DIRECTION('ref_axis',(-0.812797632430026,0.,0.582546142993106));
#4191=DIRECTION('',(0.697363807044312,0.716717322676565,0.));
#4192=DIRECTION('',(-0.697363807044312,-0.716717322676565,0.));
#4193=DIRECTION('center_axis',(-0.427070109264385,-0.563569979481615,-0.707106781186546));
#4194=DIRECTION('ref_axis',(-0.855990672254891,0.,0.516991265895876));
#4195=DIRECTION('',(0.797008308329225,-0.603968340605852,0.));
#4196=DIRECTION('',(-0.797008308329225,0.603968340605852,0.));
#4197=DIRECTION('',(-0.226130548736737,-0.669973861376711,0.707106781186549));
#4198=DIRECTION('center_axis',(0.744480484229242,0.667644223072284,0.));
#4199=DIRECTION('ref_axis',(-0.667644223072284,0.744480484229242,0.));
#4200=DIRECTION('',(0.,0.,-1.));
#4201=DIRECTION('',(-0.472642305732409,0.5270366468831,-0.706287210470479));
#4202=DIRECTION('',(0.667644223072284,-0.744480484229242,0.));
#4203=DIRECTION('',(0.,0.,1.));
#4204=DIRECTION('',(0.667644223072284,-0.744480484229242,0.));
#4205=DIRECTION('',(0.,0.,1.));
#4206=DIRECTION('center_axis',(0.0203349871580356,0.99979322277023,0.));
#4207=DIRECTION('ref_axis',(0.,0.,1.));
#4208=DIRECTION('',(0.,0.,1.));
#4209=DIRECTION('',(-0.807231564902247,0.0164184384650711,-0.590006470730481));
#4210=DIRECTION('center_axis',(-0.716717322676569,0.697363807044308,0.));
#4211=DIRECTION('ref_axis',(-0.697363807044308,-0.716717322676569,0.));
#4212=DIRECTION('',(0.,0.,1.));
#4213=DIRECTION('',(-0.697363807044308,-0.716717322676569,0.));
#4214=DIRECTION('center_axis',(-0.948259347398619,-0.317496787497361,0.));
#4215=DIRECTION('ref_axis',(0.317496787497361,-0.948259347398619,0.));
#4216=DIRECTION('',(0.,0.,-1.));
#4217=DIRECTION('',(0.237306148741599,-0.708756064945249,0.664342255296738));
#4218=DIRECTION('',(-0.317496787497361,0.948259347398619,0.));
#4219=DIRECTION('',(0.,0.,1.));
#4220=DIRECTION('',(-0.317496787497361,0.948259347398619,0.));
#4221=DIRECTION('',(0.2373061487416,-0.708756064945254,0.664342255296733));
#4222=DIRECTION('center_axis',(-0.716717322676565,0.697363807044312,0.));
#4223=DIRECTION('ref_axis',(-0.697363807044312,-0.716717322676565,0.));
#4224=DIRECTION('',(0.,0.,1.));
#4225=DIRECTION('',(-0.697363807044312,-0.716717322676565,0.));
#4226=DIRECTION('center_axis',(-0.940843330381774,-0.338841891855379,0.));
#4227=DIRECTION('ref_axis',(0.338841891855379,-0.940843330381774,0.));
#4228=DIRECTION('',(-0.338841891855379,0.940843330381774,0.));
#4229=DIRECTION('',(0.251988970027265,-0.699683679847691,0.668538934647334));
#4230=DIRECTION('center_axis',(-0.603968340605852,-0.797008308329225,0.));
#4231=DIRECTION('ref_axis',(0.797008308329225,-0.603968340605852,0.));
#4232=DIRECTION('',(0.,0.,1.));
#4233=DIRECTION('',(0.797008308329225,-0.603968340605852,0.));
#4234=DIRECTION('',(0.,0.,1.));
#4235=DIRECTION('',(0.797008308329225,-0.603968340605852,0.));
#4236=DIRECTION('center_axis',(0.603968213991468,-0.797008404276866,0.));
#4237=DIRECTION('ref_axis',(0.797008404276866,0.603968213991468,0.));
#4238=DIRECTION('',(0.797008404276866,0.603968213991468,0.));
#4239=DIRECTION('',(0.,0.,1.));
#4240=DIRECTION('',(0.797008404276866,0.603968213991468,0.));
#4241=DIRECTION('',(0.,0.,1.));
#4242=DIRECTION('center_axis',(0.,0.,-1.));
#4243=DIRECTION('ref_axis',(-1.,0.,0.));
#4244=DIRECTION('center_axis',(0.,0.,1.));
#4245=DIRECTION('ref_axis',(0.707106781186551,-0.707106781186544,0.));
#4246=DIRECTION('',(-2.35079778651243E-16,1.,0.));
#4247=DIRECTION('center_axis',(0.,0.,1.));
#4248=DIRECTION('ref_axis',(0.707106781186551,0.707106781186544,0.));
#4249=DIRECTION('',(-1.,1.50544839061286E-16,0.));
#4250=DIRECTION('center_axis',(0.,0.,1.));
#4251=DIRECTION('ref_axis',(-0.707106781186551,0.707106781186544,0.));
#4252=DIRECTION('',(4.70159557302486E-16,-1.,0.));
#4253=DIRECTION('center_axis',(0.,0.,1.));
#4254=DIRECTION('ref_axis',(-0.707106781186551,-0.707106781186544,0.));
#4255=DIRECTION('',(1.,-1.50544839061286E-16,0.));
#4256=DIRECTION('center_axis',(0.,0.,1.));
#4257=DIRECTION('ref_axis',(-0.82903757255525,-0.559192903470438,0.));
#4258=DIRECTION('',(0.981627183447591,-0.19080899537692,0.));
#4259=DIRECTION('center_axis',(0.,0.,1.));
#4260=DIRECTION('ref_axis',(0.559192903470429,-0.829037572555256,0.));
#4261=DIRECTION('',(0.190808995376921,0.981627183447591,0.));
#4262=DIRECTION('center_axis',(0.,0.,1.));
#4263=DIRECTION('ref_axis',(0.829037572555256,0.559192903470429,0.));
#4264=DIRECTION('',(-0.981627183447591,0.190808995376921,0.));
#4265=DIRECTION('center_axis',(0.,0.,1.));
#4266=DIRECTION('ref_axis',(-0.559192903470428,0.829037572555257,0.));
#4267=DIRECTION('',(-0.19080899537692,-0.981627183447591,0.));
#4268=DIRECTION('center_axis',(0.,0.,1.));
#4269=DIRECTION('ref_axis',(-0.555765839313865,-0.831338879069033,0.));
#4270=DIRECTION('',(0.979917996522242,0.199400902936359,0.));
#4271=DIRECTION('center_axis',(0.,0.,1.));
#4272=DIRECTION('ref_axis',(0.831478958000286,-0.555556245939831,0.));
#4273=DIRECTION('',(-0.19080899537692,0.981627183447591,0.));
#4274=DIRECTION('center_axis',(0.,0.,1.));
#4275=DIRECTION('ref_axis',(0.559192903470429,0.829037572555256,0.));
#4276=DIRECTION('',(-0.981627183447591,-0.190808995376921,0.));
#4277=DIRECTION('center_axis',(0.,0.,1.));
#4278=DIRECTION('ref_axis',(-0.828896576921284,0.559401881269787,0.));
#4279=DIRECTION('',(0.19031404609057,-0.981723262360955,0.));
#4280=DIRECTION('center_axis',(0.,0.,1.));
#4281=DIRECTION('ref_axis',(1.,0.,0.));
#4282=DIRECTION('center_axis',(0.,0.,-1.));
#4283=DIRECTION('ref_axis',(-1.,0.,0.));
#4284=DIRECTION('center_axis',(0.,0.,1.));
#4285=DIRECTION('ref_axis',(-1.,0.,0.));
#4286=DIRECTION('',(-0.707106781186548,8.65956056235494E-17,0.707106781186547));
#4287=DIRECTION('center_axis',(0.,0.,-1.));
#4288=DIRECTION('ref_axis',(-1.,0.,0.));
#4289=DIRECTION('center_axis',(0.,0.,-1.));
#4290=DIRECTION('ref_axis',(-1.,0.,0.));
#4291=DIRECTION('',(0.,0.,1.));
#4292=DIRECTION('center_axis',(0.,0.,1.));
#4293=DIRECTION('ref_axis',(-1.,0.,0.));
#4294=DIRECTION('center_axis',(0.,0.,-1.));
#4295=DIRECTION('ref_axis',(-1.,0.,0.));
#4296=DIRECTION('',(0.979917996522242,0.199400902936359,0.));
#4297=DIRECTION('',(-0.338842381785371,-0.940843153934819,0.));
#4298=DIRECTION('',(-0.697363901161054,0.716717231101245,0.));
#4299=DIRECTION('',(0.697363807044312,0.716717322676565,0.));
#4300=DIRECTION('',(0.338841891855379,-0.940843330381774,0.));
#4301=DIRECTION('',(0.981627183447591,-0.19080899537692,0.));
#4302=DIRECTION('center_axis',(0.,0.,1.));
#4303=DIRECTION('ref_axis',(-0.82903757255525,-0.559192903470438,0.));
#4304=DIRECTION('',(-0.19080899537692,-0.981627183447591,0.));
#4305=DIRECTION('center_axis',(0.,0.,1.));
#4306=DIRECTION('ref_axis',(-0.559192903470428,0.829037572555257,0.));
#4307=DIRECTION('',(-0.981627183447591,0.190808995376921,0.));
#4308=DIRECTION('center_axis',(0.,0.,1.));
#4309=DIRECTION('ref_axis',(0.829037572555256,0.559192903470429,0.));
#4310=DIRECTION('',(0.190808995376921,0.981627183447591,0.));
#4311=DIRECTION('center_axis',(0.,0.,1.));
#4312=DIRECTION('ref_axis',(0.559192903470429,-0.829037572555256,0.));
#4313=DIRECTION('',(0.981627183447591,-0.19080899537692,0.));
#4314=DIRECTION('',(0.797008308329225,-0.603968340605852,0.));
#4315=DIRECTION('',(0.797008404276866,0.603968213991468,0.));
#4316=DIRECTION('',(0.979917996522242,0.199400902936359,0.));
#4317=DIRECTION('center_axis',(0.,0.,1.));
#4318=DIRECTION('ref_axis',(-0.555765839313865,-0.831338879069033,0.));
#4319=DIRECTION('',(0.19031404609057,-0.981723262360955,0.));
#4320=DIRECTION('center_axis',(0.,0.,1.));
#4321=DIRECTION('ref_axis',(-0.828896576921284,0.559401881269787,0.));
#4322=DIRECTION('',(-0.981627183447591,-0.190808995376921,0.));
#4323=DIRECTION('center_axis',(0.,0.,1.));
#4324=DIRECTION('ref_axis',(0.559192903470429,0.829037572555256,0.));
#4325=DIRECTION('',(-0.19080899537692,0.981627183447591,0.));
#4326=DIRECTION('center_axis',(0.,0.,1.));
#4327=DIRECTION('ref_axis',(0.831478958000286,-0.555556245939831,0.));
#4328=DIRECTION('',(-1.,1.50544839061286E-16,0.));
#4329=DIRECTION('center_axis',(0.,0.,1.));
#4330=DIRECTION('ref_axis',(0.707106781186551,0.707106781186544,0.));
#4331=DIRECTION('',(-2.35079778651243E-16,1.,0.));
#4332=DIRECTION('center_axis',(0.,0.,1.));
#4333=DIRECTION('ref_axis',(0.707106781186551,-0.707106781186544,0.));
#4334=DIRECTION('',(1.,-1.50544839061286E-16,0.));
#4335=DIRECTION('center_axis',(0.,0.,1.));
#4336=DIRECTION('ref_axis',(-0.707106781186551,-0.707106781186544,0.));
#4337=DIRECTION('',(4.70159557302486E-16,-1.,0.));
#4338=DIRECTION('center_axis',(0.,0.,1.));
#4339=DIRECTION('ref_axis',(-0.707106781186551,0.707106781186544,0.));
#4340=DIRECTION('center_axis',(0.,0.,-1.));
#4341=DIRECTION('ref_axis',(-1.,0.,0.));
#4342=DIRECTION('',(-0.707106781186548,8.65956056235494E-17,0.707106781186547));
#4343=DIRECTION('center_axis',(0.,0.,-1.));
#4344=DIRECTION('ref_axis',(-1.,0.,0.));
#4345=DIRECTION('center_axis',(0.,0.,-1.));
#4346=DIRECTION('ref_axis',(-1.,0.,0.));
#4347=DIRECTION('center_axis',(0.,0.,1.));
#4348=DIRECTION('ref_axis',(-1.,0.,0.));
#4349=DIRECTION('center_axis',(0.,0.,-1.));
#4350=DIRECTION('ref_axis',(1.,0.,0.));
#4351=DIRECTION('center_axis',(0.,0.,-1.));
#4352=DIRECTION('ref_axis',(1.,0.,0.));
#4353=DIRECTION('',(0.,0.,-1.));
#4354=DIRECTION('center_axis',(0.,0.,-1.));
#4355=DIRECTION('ref_axis',(-1.,0.,0.));
#4356=DIRECTION('center_axis',(0.,0.,-1.));
#4357=DIRECTION('ref_axis',(-1.,0.,0.));
#4358=DIRECTION('center_axis',(0.,0.,-1.));
#4359=DIRECTION('ref_axis',(-1.,0.,0.));
#4360=DIRECTION('',(0.,0.,1.));
#4361=DIRECTION('center_axis',(0.603968213991468,-0.797008404276866,0.));
#4362=DIRECTION('ref_axis',(0.797008404276866,0.603968213991468,0.));
#4363=DIRECTION('',(0.,0.,1.));
#4364=DIRECTION('',(-0.797008404276866,-0.603968213991468,0.));
#4365=DIRECTION('center_axis',(-0.603968340605852,-0.797008308329225,0.));
#4366=DIRECTION('ref_axis',(0.797008308329225,-0.603968340605852,0.));
#4367=DIRECTION('',(-0.797008308329225,0.603968340605852,0.));
#4368=DIRECTION('',(0.,0.,-1.));
#4369=DIRECTION('center_axis',(-0.940843330381774,-0.338841891855379,0.));
#4370=DIRECTION('ref_axis',(0.338841891855379,-0.940843330381774,0.));
#4371=DIRECTION('',(-0.338841891855379,0.940843330381774,0.));
#4372=DIRECTION('',(0.,0.,-1.));
#4373=DIRECTION('center_axis',(-0.716717322676565,0.697363807044312,0.));
#4374=DIRECTION('ref_axis',(-0.697363807044312,-0.716717322676565,0.));
#4375=DIRECTION('',(0.697363807044312,0.716717322676565,0.));
#4376=DIRECTION('center_axis',(0.716717231101245,0.697363901161054,0.));
#4377=DIRECTION('ref_axis',(-0.697363901161054,0.716717231101245,0.));
#4378=DIRECTION('',(0.697363901161054,-0.716717231101245,0.));
#4379=DIRECTION('',(0.,0.,1.));
#4380=DIRECTION('',(0.697363901161054,-0.716717231101245,-1.6759133270032E-18));
#4381=DIRECTION('',(0.,0.,-1.));
#4382=DIRECTION('',(0.697363901161054,-0.716717231101245,0.));
#4383=DIRECTION('',(0.,0.,-1.));
#4384=DIRECTION('center_axis',(0.940843153934819,-0.338842381785371,0.));
#4385=DIRECTION('ref_axis',(0.338842381785371,0.940843153934819,0.));
#4386=DIRECTION('',(-0.338842381785371,-0.940843153934819,0.));
#4387=DIRECTION('center_axis',(-1.50544839061286E-16,-1.,0.));
#4388=DIRECTION('ref_axis',(-1.,1.50544839061286E-16,-3.48153322824672E-20));
#4389=DIRECTION('',(0.,0.,-1.));
#4390=DIRECTION('',(0.,0.,1.));
#4391=DIRECTION('center_axis',(0.,0.,-1.));
#4392=DIRECTION('ref_axis',(0.707106781186551,-0.707106781186544,0.));
#4393=DIRECTION('',(0.,0.,1.));
#4394=DIRECTION('center_axis',(1.,2.35079778651243E-16,0.));
#4395=DIRECTION('ref_axis',(2.35079778651243E-16,-1.,-1.94529090929035E-18));
#4396=DIRECTION('',(0.,0.,-1.));
#4397=DIRECTION('center_axis',(0.,0.,-1.));
#4398=DIRECTION('ref_axis',(0.707106781186551,0.707106781186544,0.));
#4399=DIRECTION('',(0.,0.,1.));
#4400=DIRECTION('center_axis',(-0.866025403784329,0.500000000000191,0.));
#4401=DIRECTION('ref_axis',(0.500000000000191,0.866025403784328,-6.78776996875384E-18));
#4402=DIRECTION('',(0.50000000000019,0.866025403784329,0.));
#4403=DIRECTION('',(0.492349178801569,0.852773792748698,-0.174267451161773));
#4404=DIRECTION('',(0.,0.,1.));
#4405=DIRECTION('',(0.360280601892029,0.624024307458173,-0.69339134087589));
#4406=DIRECTION('',(0.500000000000191,0.866025403784328,0.));
#4407=DIRECTION('',(0.,0.,1.));
#4408=DIRECTION('',(-0.500000000000191,-0.866025403784328,0.));
#4409=DIRECTION('center_axis',(-1.16743491188739E-16,-2.02205658191763E-16,
-1.));
#4410=DIRECTION('ref_axis',(-1.,0.,1.16743491188739E-16));
#4411=DIRECTION('',(-0.500000000000191,-0.866025403784329,2.33486982377389E-16));
#4412=DIRECTION('',(-0.338842381785371,-0.940843153934819,2.29801451808936E-16));
#4413=DIRECTION('center_axis',(0.866025403784329,-0.500000000000191,0.));
#4414=DIRECTION('ref_axis',(-0.500000000000191,-0.866025403784329,6.78776996875384E-18));
#4415=DIRECTION('center_axis',(0.,0.,-1.));
#4416=DIRECTION('ref_axis',(-0.707106781186548,0.707106781186548,0.));
#4417=DIRECTION('',(0.707106781186548,0.707106781186548,0.));
#4418=DIRECTION('center_axis',(0.707106781186548,0.707106781186548,0.));
#4419=DIRECTION('ref_axis',(0.707106781186547,-0.707106781186547,5.33761069531329E-15));
#4420=DIRECTION('',(0.707106781186548,0.707106781186548,0.));
#4421=DIRECTION('center_axis',(0.707106781186548,-0.707106781186548,-4.80281880100492E-15));
#4422=DIRECTION('ref_axis',(-3.48270134862438E-15,3.30951013737728E-15,
-1.));
#4423=DIRECTION('',(0.707106781186548,0.707106781186548,0.));
#4424=DIRECTION('',(-0.707106781186548,-0.707106781186548,0.));
#4425=DIRECTION('center_axis',(0.,0.,-1.));
#4426=DIRECTION('ref_axis',(0.831478958000286,-0.555556245939831,0.));
#4427=DIRECTION('',(0.,0.,1.));
#4428=DIRECTION('',(0.,0.,-1.));
#4429=DIRECTION('center_axis',(0.981627183447591,0.19080899537692,0.));
#4430=DIRECTION('ref_axis',(0.19080899537692,-0.981627183447591,-3.48204801048592E-20));
#4431=DIRECTION('',(0.,0.,-1.));
#4432=DIRECTION('center_axis',(0.,0.,-1.));
#4433=DIRECTION('ref_axis',(0.559192903470429,0.829037572555256,0.));
#4434=DIRECTION('',(0.,0.,1.));
#4435=DIRECTION('center_axis',(-0.190808995376921,0.981627183447591,0.));
#4436=DIRECTION('ref_axis',(0.981627183447591,0.190808995376921,1.94534281613158E-18));
#4437=DIRECTION('',(0.,0.,-1.));
#4438=DIRECTION('center_axis',(0.,0.,-1.));
#4439=DIRECTION('ref_axis',(-0.828896576921284,0.559401881269787,0.));
#4440=DIRECTION('',(0.,0.,1.));
#4441=DIRECTION('center_axis',(-0.981723262360955,-0.19031404609057,0.));
#4442=DIRECTION('ref_axis',(-0.19031404609057,0.981723262360955,3.49850760070576E-20));
#4443=DIRECTION('',(0.,0.,-1.));
#4444=DIRECTION('center_axis',(0.,0.,-1.));
#4445=DIRECTION('ref_axis',(-1.,0.,0.));
#4446=DIRECTION('center_axis',(0.,0.,-1.));
#4447=DIRECTION('ref_axis',(-1.,0.,0.));
#4448=DIRECTION('center_axis',(0.,0.,1.));
#4449=DIRECTION('ref_axis',(-1.,0.,0.));
#4450=DIRECTION('center_axis',(0.,0.,-1.));
#4451=DIRECTION('ref_axis',(-0.555765839313865,-0.831338879069033,0.));
#4452=DIRECTION('',(0.,0.,1.));
#4453=DIRECTION('center_axis',(0.,0.,-1.));
#4454=DIRECTION('ref_axis',(-1.,0.,0.));
#4455=DIRECTION('',(0.797008308329225,-0.603968340605852,0.));
#4456=DIRECTION('',(0.797008404276866,0.603968213991468,0.));
#4457=DIRECTION('',(0.979917996522242,0.199400902936359,0.));
#4458=DIRECTION('',(0.981627183447591,-0.19080899537692,0.));
#4459=DIRECTION('center_axis',(0.,0.,-1.));
#4460=DIRECTION('ref_axis',(-1.,0.,0.));
#4461=DIRECTION('',(0.258819045102985,-0.965925826288944,0.));
#4462=DIRECTION('',(-0.697363807044312,-0.716717322676565,0.));
#4463=DIRECTION('',(0.338841891855379,-0.940843330381774,0.));
#4464=DIRECTION('center_axis',(0.,0.,1.));
#4465=DIRECTION('ref_axis',(-1.,0.,0.));
#4466=DIRECTION('center_axis',(0.,0.,-1.));
#4467=DIRECTION('ref_axis',(-1.,0.,0.));
#4468=DIRECTION('',(-2.21924610103667E-16,-1.,0.));
#4469=DIRECTION('',(-0.258819045102985,0.965925826288944,0.));
#4470=DIRECTION('center_axis',(0.199400902936359,-0.979917996522242,0.));
#4471=DIRECTION('ref_axis',(-0.979917996522242,-0.199400902936359,-1.94302138326297E-18));
#4472=DIRECTION('center_axis',(0.,0.,-1.));
#4473=DIRECTION('ref_axis',(0.559192903470429,-0.829037572555256,0.));
#4474=DIRECTION('',(0.,0.,1.));
#4475=DIRECTION('',(0.,0.,-1.));
#4476=DIRECTION('center_axis',(0.981627183447591,-0.190808995376921,0.));
#4477=DIRECTION('ref_axis',(-0.190808995376921,-0.981627183447591,3.48153322824669E-20));
#4478=DIRECTION('',(0.,0.,-1.));
#4479=DIRECTION('center_axis',(0.665276574180247,-0.239597745913836,0.70710678118655));
#4480=DIRECTION('ref_axis',(0.728321139379751,0.,-0.685235957851441));
#4481=DIRECTION('',(0.338842381785371,0.940843153934819,-2.29801451808936E-16));
#4482=DIRECTION('',(-0.518613519928479,0.533006147000097,0.668539052118501));
#4483=DIRECTION('center_axis',(0.707106781186546,0.707106781186549,0.));
#4484=DIRECTION('ref_axis',(-8.659560562355E-17,-8.659560562355E-17,-1.));
#4485=DIRECTION('',(0.499999999999999,0.5,-0.707106781186548));
#4486=DIRECTION('center_axis',(0.,0.,1.));
#4487=DIRECTION('ref_axis',(1.,0.,0.));
#4488=DIRECTION('',(0.188425569603451,0.982087473048921,0.));
#4489=DIRECTION('',(0.188410921967732,-0.982090283264868,0.));
#4490=DIRECTION('center_axis',(0.506795614304932,0.493110743465683,0.707106781186553));
#4491=DIRECTION('ref_axis',(0.812797667673096,0.,-0.582546093820202));
#4492=DIRECTION('',(-0.697363901161054,0.716717231101245,0.));
#4493=DIRECTION('',(0.237305825515519,0.708756236208155,-0.664342188042012));
#4494=DIRECTION('',(0.697363901161054,-0.716717231101245,0.));
#4495=DIRECTION('center_axis',(0.,0.,1.));
#4496=DIRECTION('ref_axis',(1.,0.,0.));
#4497=DIRECTION('',(-0.317496329653527,-0.948259500694056,0.));
#4498=DIRECTION('',(0.697363901161054,-0.716717231101245,0.));
#4499=DIRECTION('center_axis',(0.,0.,-1.));
#4500=DIRECTION('ref_axis',(-0.711445721749442,-0.702741051173486,0.));
#4501=DIRECTION('center_axis',(-0.506795679058469,0.493110676915103,0.707106781186544));
#4502=DIRECTION('ref_axis',(0.812797632430026,0.,0.582546142993106));
#4503=DIRECTION('',(0.697363807044312,0.716717322676565,0.));
#4504=DIRECTION('',(0.667741363396156,-0.232640219243904,-0.707106781186542));
#4505=DIRECTION('',(0.226130436872623,-0.669973899133238,-0.707106781186549));
#4506=DIRECTION('center_axis',(0.427070019734498,-0.563570047326845,0.707106781186543));
#4507=DIRECTION('ref_axis',(0.855990720217664,0.,-0.51699118648314));
#4508=DIRECTION('',(-0.797008404276866,-0.603968213991468,0.));
#4509=DIRECTION('',(0.0981285439264728,0.806276647881778,0.583342743117109));
#4510=DIRECTION('center_axis',(-0.427070109264385,-0.563569979481615,0.707106781186546));
#4511=DIRECTION('ref_axis',(0.855990672254891,0.,0.516991265895876));
#4512=DIRECTION('',(0.0981284692287724,-0.806276674146426,-0.583342719380465));
#4513=DIRECTION('',(-0.797008308329225,0.603968340605852,0.));
#4514=DIRECTION('',(-0.226130548736722,-0.669973861376723,-0.707106781186542));
#4515=DIRECTION('',(-0.667741221918029,-0.232640625324582,-0.707106781186552));
#4516=DIRECTION('',(-0.60011909150987,0.373974699686186,-0.707106781186544));
#4517=DIRECTION('center_axis',(0.,0.,1.));
#4518=DIRECTION('ref_axis',(1.,0.,0.));
#4519=DIRECTION('',(-0.120814224861047,0.992675134709853,0.));
#4520=DIRECTION('',(-0.797008308329225,0.603968340605852,0.));
#4521=DIRECTION('center_axis',(0.,0.,1.));
#4522=DIRECTION('ref_axis',(1.,0.,0.));
#4523=DIRECTION('',(-0.797008404276866,-0.603968213991468,0.));
#4524=DIRECTION('',(-0.120814319363435,-0.992675123208369,0.));
#4525=DIRECTION('center_axis',(-0.427070109264061,-0.563569979481187,0.707106781187084));
#4526=DIRECTION('ref_axis',(0.855990672255238,0.,0.5169912658953));
#4527=DIRECTION('',(-0.797008308329225,0.603968340605852,0.));
#4528=DIRECTION('',(0.0981284692288232,-0.806276674146843,-0.58334271937988));
#4529=DIRECTION('',(0.,0.,1.));
#4530=DIRECTION('center_axis',(-0.992675134709853,-0.120814224861047,0.));
#4531=DIRECTION('ref_axis',(0.120814224861047,-0.992675134709853,0.));
#4532=DIRECTION('',(-0.120814224861047,0.992675134709853,0.));
#4533=DIRECTION('',(0.,0.,1.));
#4534=DIRECTION('center_axis',(0.427070019734208,-0.563570047326462,0.707106781187023));
#4535=DIRECTION('ref_axis',(0.855990720217975,0.,-0.516991186482626));
#4536=DIRECTION('',(0.0981285439265182,0.806276647882151,0.583342743116586));
#4537=DIRECTION('',(-0.797008404276866,-0.603968213991468,0.));
#4538=DIRECTION('center_axis',(0.,0.,1.));
#4539=DIRECTION('ref_axis',(1.,0.,0.));
#4540=DIRECTION('',(-0.120814319363435,-0.992675123208369,0.));
#4541=DIRECTION('',(0.797008404275115,0.603968213993779,0.));
#4542=DIRECTION('',(0.188425569603451,0.982087473048921,0.));
#4543=DIRECTION('center_axis',(0.992675123208369,-0.120814319363435,0.));
#4544=DIRECTION('ref_axis',(0.120814319363435,0.992675123208369,0.));
#4545=DIRECTION('',(0.,0.,1.));
#4546=DIRECTION('center_axis',(0.506795614304936,0.493110743465686,0.707106781186548));
#4547=DIRECTION('ref_axis',(0.812797667673092,0.,-0.582546093820208));
#4548=DIRECTION('',(0.697363901161054,-0.716717231101245,0.));
#4549=DIRECTION('',(0.237305825515518,0.70875623620815,-0.664342188042018));
#4550=DIRECTION('',(-0.697363901161054,0.716717231101245,0.));
#4551=DIRECTION('',(-0.807231558432046,-0.0164185568709015,0.590006476287885));
#4552=DIRECTION('',(-0.472642220717266,-0.527036724123995,0.706287209724273));
#4553=DIRECTION('center_axis',(-0.0203351339113556,0.999793219785375,0.));
#4554=DIRECTION('ref_axis',(0.,0.,1.));
#4555=DIRECTION('',(0.,0.,1.));
#4556=DIRECTION('',(0.,0.,-1.));
#4557=DIRECTION('center_axis',(0.,0.,1.));
#4558=DIRECTION('ref_axis',(1.,0.,0.));
#4559=DIRECTION('',(0.667644102279628,0.744480592555125,0.));
#4560=DIRECTION('',(-0.697363901161055,0.716717231101245,0.));
#4561=DIRECTION('',(-0.317496329653527,-0.948259500694056,0.));
#4562=DIRECTION('center_axis',(-0.744480592555125,0.667644102279628,0.));
#4563=DIRECTION('ref_axis',(-0.667644102279628,-0.744480592555125,0.));
#4564=DIRECTION('',(0.,0.,-1.));
#4565=DIRECTION('',(0.667644102279628,0.744480592555125,0.));
#4566=DIRECTION('',(0.,0.,1.));
#4567=DIRECTION('center_axis',(-0.506795679058469,0.493110676915098,0.707106781186547));
#4568=DIRECTION('ref_axis',(0.812797632430028,0.,0.582546142993104));
#4569=DIRECTION('',(0.697363807044308,0.716717322676569,0.));
#4570=DIRECTION('center_axis',(-0.716717322676565,0.697363807044312,0.));
#4571=DIRECTION('ref_axis',(-0.697363807044312,-0.716717322676565,0.));
#4572=DIRECTION('center_axis',(0.716717231101245,0.697363901161054,0.));
#4573=DIRECTION('ref_axis',(-0.697363901161054,0.716717231101245,0.));
#4574=DIRECTION('center_axis',(0.948259500694055,-0.317496329653527,0.));
#4575=DIRECTION('ref_axis',(0.317496329653527,0.948259500694056,0.));
#4576=DIRECTION('',(0.,0.,1.));
#4577=DIRECTION('',(0.,0.,1.));
#4578=DIRECTION('',(0.,0.,1.));
#4579=DIRECTION('center_axis',(0.716717231101245,0.697363901161054,0.));
#4580=DIRECTION('ref_axis',(-0.697363901161054,0.716717231101245,0.));
#4581=DIRECTION('',(0.,0.,1.));
#4582=DIRECTION('center_axis',(0.,0.,1.));
#4583=DIRECTION('ref_axis',(1.,0.,0.));
#4584=DIRECTION('',(-0.697363807044312,-0.716717322676565,0.));
#4585=DIRECTION('center_axis',(0.,0.,1.));
#4586=DIRECTION('ref_axis',(1.,0.,0.));
#4587=DIRECTION('',(-0.258819045102985,0.965925826288944,0.));
#4588=DIRECTION('',(0.965925826288944,0.258819045102986,0.));
#4589=DIRECTION('',(-0.258819045102988,0.965925826288943,0.));
#4590=DIRECTION('',(0.965925826288944,0.258819045102984,0.));
#4591=DIRECTION('',(-0.258819045102984,0.965925826288944,0.));
#4592=DIRECTION('',(0.,0.,1.));
#4593=DIRECTION('center_axis',(-0.982087473048921,0.188425569603451,0.));
#4594=DIRECTION('ref_axis',(-0.188425569603451,-0.982087473048921,0.));
#4595=DIRECTION('',(0.,0.,1.));
#4596=DIRECTION('',(0.,0.,1.));
#4597=DIRECTION('',(0.,0.,1.));
#4598=DIRECTION('',(0.,0.,1.));
#4599=DIRECTION('center_axis',(0.982090283264868,0.188410921967732,0.));
#4600=DIRECTION('ref_axis',(-0.188410921967732,0.982090283264868,0.));
#4601=DIRECTION('',(0.188410921967732,-0.982090283264868,0.));
#4602=DIRECTION('center_axis',(0.,0.,1.));
#4603=DIRECTION('ref_axis',(1.,0.,0.));
#4604=DIRECTION('',(0.797008308329222,-0.603968340605857,0.));
#4605=DIRECTION('center_axis',(0.,0.,-1.));
#4606=DIRECTION('ref_axis',(-1.,0.,0.));
#4607=DIRECTION('center_axis',(0.,0.,-1.));
#4608=DIRECTION('ref_axis',(-1.,0.,0.));
#4609=DIRECTION('center_axis',(0.,0.,-1.));
#4610=DIRECTION('ref_axis',(-1.,0.,0.));
#4611=DIRECTION('center_axis',(0.,0.,-1.));
#4612=DIRECTION('ref_axis',(-0.711445721749442,-0.702741051173486,0.));
#4613=DIRECTION('',(-0.697363901161054,0.716717231101245,0.));
#4614=DIRECTION('',(0.,1.,0.));
#4615=DIRECTION('center_axis',(0.,0.,1.));
#4616=DIRECTION('ref_axis',(0.,1.,0.));
#4617=DIRECTION('',(-0.707106781186548,0.707106781186548,0.));
#4618=DIRECTION('center_axis',(0.,0.,1.));
#4619=DIRECTION('ref_axis',(1.,0.,0.));
#4620=DIRECTION('',(0.707106781186548,0.707106781186548,0.));
#4621=DIRECTION('center_axis',(0.,0.,1.));
#4622=DIRECTION('ref_axis',(-0.711445721749442,-0.702741051173486,0.));
#4623=DIRECTION('',(0.,0.,-1.));
#4624=DIRECTION('center_axis',(0.,0.,1.));
#4625=DIRECTION('ref_axis',(1.,0.,0.));
#4626=DIRECTION('',(0.,-1.,0.));
#4627=DIRECTION('',(0.697363901161054,-0.716717231101245,0.));
#4628=DIRECTION('center_axis',(1.11018027729348E-15,-0.00877526434361904,
0.999961496626595));
#4629=DIRECTION('ref_axis',(1.,0.,-1.11022302462516E-15));
#4630=DIRECTION('center_axis',(-5.55090209739835E-16,0.00876065832446792,
-0.999961624696529));
#4631=DIRECTION('ref_axis',(-1.,0.,5.5511151231258E-16));
#4632=DIRECTION('center_axis',(1.,0.,0.));
#4633=DIRECTION('ref_axis',(0.,-1.,0.));
#4634=DIRECTION('',(0.,1.,-1.10962305051833E-16));
#4635=DIRECTION('center_axis',(-1.10962305051833E-16,-1.,1.10962305051833E-16));
#4636=DIRECTION('ref_axis',(-1.,0.,0.));
#4637=DIRECTION('',(-2.21924610103667E-16,-1.,1.10962305051833E-16));
#4638=DIRECTION('center_axis',(-1.,2.21924610103667E-16,0.));
#4639=DIRECTION('ref_axis',(2.21924610103667E-16,1.,0.));
#4640=DIRECTION('',(2.21924610103667E-16,1.,0.));
#4641=DIRECTION('center_axis',(0.00226556902125941,-0.00845521869538217,
0.999961687502988));
#4642=DIRECTION('ref_axis',(0.965925826288943,0.258819045102987,1.11022302462516E-15));
#4643=DIRECTION('center_axis',(-0.00225954402015879,0.00843273308515047,
-0.99996189101062));
#4644=DIRECTION('ref_axis',(-0.965925826288943,-0.258819045102987,1.11022302462516E-15));
#4645=DIRECTION('center_axis',(0.965925826288944,0.258819045102985,0.));
#4646=DIRECTION('ref_axis',(0.,0.,-1.));
#4647=DIRECTION('',(-0.258819045102984,0.965925826288944,0.));
#4648=DIRECTION('',(0.,0.,1.));
#4649=DIRECTION('',(0.258819045102984,-0.965925826288944,0.));
#4650=DIRECTION('center_axis',(-0.258819045102985,0.965925826288944,0.));
#4651=DIRECTION('ref_axis',(-0.965925826288944,-0.258819045102984,0.));
#4652=DIRECTION('',(-0.258819045102984,0.965925826288944,0.));
#4653=DIRECTION('center_axis',(0.258819045102984,-0.965925826288944,0.));
#4654=DIRECTION('ref_axis',(-0.965925826288944,-0.258819045102984,0.));
#4655=DIRECTION('center_axis',(-0.965925826288944,-0.258819045102985,0.));
#4656=DIRECTION('ref_axis',(0.,0.,1.));
#4657=DIRECTION('',(0.,0.,-1.));
#4658=DIRECTION('center_axis',(0.,0.,1.));
#4659=DIRECTION('ref_axis',(1.,0.,0.));
#4660=DIRECTION('',(-0.338841891855379,0.940843330381774,0.));
#4661=DIRECTION('',(0.697363807044312,0.716717322676565,0.));
#4662=DIRECTION('center_axis',(1.50544839061286E-16,1.,0.));
#4663=DIRECTION('ref_axis',(1.,-1.50544839061286E-16,3.48153322824669E-20));
#4664=DIRECTION('',(0.,0.,-1.));
#4665=DIRECTION('center_axis',(0.,0.,-1.));
#4666=DIRECTION('ref_axis',(-1.,0.,0.));
#4667=DIRECTION('center_axis',(0.,0.,-1.));
#4668=DIRECTION('ref_axis',(0.829037572555256,0.559192903470429,0.));
#4669=DIRECTION('',(0.,0.,1.));
#4670=DIRECTION('center_axis',(0.190808995376921,0.981627183447591,0.));
#4671=DIRECTION('ref_axis',(0.981627183447591,-0.190808995376921,-1.94529090929035E-18));
#4672=DIRECTION('',(0.,0.,-1.));
#4673=DIRECTION('center_axis',(0.,0.,-1.));
#4674=DIRECTION('ref_axis',(-0.559192903470428,0.829037572555257,0.));
#4675=DIRECTION('',(0.,0.,1.));
#4676=DIRECTION('center_axis',(-0.981627183447591,0.19080899537692,0.));
#4677=DIRECTION('ref_axis',(0.19080899537692,0.981627183447591,-3.4815332282467E-20));
#4678=DIRECTION('',(0.,0.,-1.));
#4679=DIRECTION('center_axis',(0.,0.,-1.));
#4680=DIRECTION('ref_axis',(-0.707106781186551,0.707106781186544,0.));
#4681=DIRECTION('',(0.,0.,1.));
#4682=DIRECTION('center_axis',(-1.,-4.70159557302486E-16,0.));
#4683=DIRECTION('ref_axis',(-4.70159557302486E-16,1.,1.94529090929035E-18));
#4684=DIRECTION('',(0.,0.,-1.));
#4685=DIRECTION('center_axis',(0.,0.,-1.));
#4686=DIRECTION('ref_axis',(-0.707106781186551,-0.707106781186544,0.));
#4687=DIRECTION('center_axis',(-0.500000000000001,-0.5,-0.707106781186547));
#4688=DIRECTION('ref_axis',(-0.707106781186548,0.707106781186548,6.99353086378054E-16));
#4689=DIRECTION('',(0.499999999999996,0.500000000000002,-0.707106781186549));
#4690=DIRECTION('center_axis',(0.707106781186546,0.707106781186549,0.));
#4691=DIRECTION('ref_axis',(0.707106781186548,-0.707106781186548,-5.04646829375071E-16));
#4692=DIRECTION('',(1.,0.,-2.74766180269661E-15));
#4693=DIRECTION('center_axis',(-7.81233621239455E-30,-1.,-2.84326702970772E-15));
#4694=DIRECTION('ref_axis',(-3.01645824095482E-15,2.84326702970772E-15,
-1.));
#4695=DIRECTION('center_axis',(0.603968213991468,-0.797008404276866,0.));
#4696=DIRECTION('ref_axis',(0.797008404276866,0.603968213991468,0.));
#4697=DIRECTION('center_axis',(-0.603968340605852,-0.797008308329225,0.));
#4698=DIRECTION('ref_axis',(0.797008308329225,-0.603968340605852,0.));
#4699=DIRECTION('center_axis',(0.,0.,-1.));
#4700=DIRECTION('ref_axis',(0.,1.,0.));
#4701=DIRECTION('center_axis',(-8.659560562355E-17,-8.659560562355E-17,
1.));
#4702=DIRECTION('ref_axis',(0.,1.,0.));
#4703=DIRECTION('',(0.,0.,-1.));
#4704=DIRECTION('center_axis',(8.659560562355E-17,8.659560562355E-17,-1.));
#4705=DIRECTION('ref_axis',(-1.,0.,-8.659560562355E-17));
#4706=DIRECTION('',(-0.707106781186548,-0.707106781186548,-1.22464679914736E-16));
#4707=DIRECTION('center_axis',(-8.659560562355E-17,-8.659560562355E-17,
1.));
#4708=DIRECTION('ref_axis',(1.,0.,0.));
#4709=DIRECTION('',(0.707106781186548,-0.707106781186548,0.));
#4710=DIRECTION('center_axis',(0.707106781186548,0.707106781186548,0.));
#4711=DIRECTION('ref_axis',(0.707106781186548,-0.707106781186548,0.));
#4712=DIRECTION('',(0.,0.,1.));
#4713=DIRECTION('center_axis',(0.,0.,-1.));
#4714=DIRECTION('ref_axis',(1.,0.,0.));
#4715=DIRECTION('',(0.,0.,-1.));
#4716=DIRECTION('center_axis',(0.707106781186548,-0.707106781186548,0.));
#4717=DIRECTION('ref_axis',(-0.707106781186548,-0.707106781186548,0.));
#4718=DIRECTION('center_axis',(0.,0.,-1.));
#4719=DIRECTION('ref_axis',(-0.82903757255525,-0.559192903470438,0.));
#4720=DIRECTION('',(0.,0.,1.));
#4721=DIRECTION('center_axis',(-0.19080899537692,-0.981627183447591,0.));
#4722=DIRECTION('ref_axis',(-0.981627183447591,0.19080899537692,1.94529090929035E-18));
#4723=DIRECTION('center_axis',(-0.258819045102984,0.965925826288944,0.));
#4724=DIRECTION('ref_axis',(0.965925826288944,0.258819045102984,5.24391285102551E-18));
#4725=DIRECTION('',(0.965925826288944,0.258819045102984,0.));
#4726=DIRECTION('',(0.,0.,-1.));
#4727=DIRECTION('',(0.965925826288944,0.258819045102984,-2.19556013660145E-32));
#4728=DIRECTION('',(0.,0.,-1.));
#4729=DIRECTION('center_axis',(-2.96150520589135E-18,1.10524878952449E-17,
-1.));
#4730=DIRECTION('ref_axis',(-1.,0.,2.96150520589135E-18));
#4731=DIRECTION('',(0.258819045102985,-0.965925826288944,-1.14423774522193E-17));
#4732=DIRECTION('',(0.965925826288943,0.258819045102988,1.96444854327498E-32));
#4733=DIRECTION('',(0.258819045102986,-0.965925826288944,-1.14423774522193E-17));
#4734=DIRECTION('',(-0.258819045102988,0.965925826288943,1.14423774522193E-17));
#4735=DIRECTION('',(0.965925826288944,0.258819045102986,-3.08148791101958E-33));
#4736=DIRECTION('',(-0.258819045102985,0.965925826288944,1.14423774522193E-17));
#4737=DIRECTION('center_axis',(-0.940843330381774,-0.338841891855379,0.));
#4738=DIRECTION('ref_axis',(0.338841891855379,-0.940843330381774,0.));
#4739=DIRECTION('',(0.,0.,-1.));
#4740=DIRECTION('center_axis',(-0.716717322676565,0.697363807044312,0.));
#4741=DIRECTION('ref_axis',(-0.697363807044312,-0.716717322676565,0.));
#4742=DIRECTION('center_axis',(-0.965925826288944,-0.258819045102985,0.));
#4743=DIRECTION('ref_axis',(-0.258819045102985,0.965925826288944,0.));
#4744=DIRECTION('',(0.,0.,1.));
#4745=DIRECTION('center_axis',(-0.258819045102986,0.965925826288944,0.));
#4746=DIRECTION('ref_axis',(0.965925826288944,0.258819045102986,-1.14746176529121E-17));
#4747=DIRECTION('',(0.,0.,-1.));
#4748=DIRECTION('center_axis',(-0.965925826288943,-0.258819045102988,0.));
#4749=DIRECTION('ref_axis',(-0.258819045102988,0.965925826288943,-3.46944695195357E-17));
#4750=DIRECTION('center_axis',(0.965925826288944,0.258819045102986,0.));
#4751=DIRECTION('ref_axis',(0.258819045102986,-0.965925826288944,-2.42123490108153E-17));
#4752=DIRECTION('',(0.258819045102986,-0.965925826288944,0.));
#4753=DIRECTION('',(0.,0.,-1.));
#4754=DIRECTION('center_axis',(-0.258819045102988,0.965925826288943,0.));
#4755=DIRECTION('ref_axis',(0.965925826288943,0.258819045102988,2.47817668439929E-17));
#4756=DIRECTION('',(0.965925826288943,0.258819045102988,0.));
#4757=DIRECTION('',(0.,0.,-1.));
#4758=DIRECTION('center_axis',(0.965925826288944,0.258819045102985,0.));
#4759=DIRECTION('ref_axis',(0.258819045102985,-0.965925826288944,-1.01564618213086E-18));
#4760=DIRECTION('',(0.258819045102985,-0.965925826288944,0.));
#4761=DIRECTION('center_axis',(0.716717231101245,0.697363901161054,0.));
#4762=DIRECTION('ref_axis',(-0.697363901161054,0.716717231101245,0.));
#4763=DIRECTION('center_axis',(0.716717231101245,0.697363901161054,0.));
#4764=DIRECTION('ref_axis',(-0.697363901161054,0.716717231101245,0.));
#4765=DIRECTION('',(0.,0.,-1.));
#4766=DIRECTION('center_axis',(0.940843153934819,-0.338842381785371,0.));
#4767=DIRECTION('ref_axis',(0.338842381785371,0.940843153934819,0.));
#4768=DIRECTION('center_axis',(0.,0.,1.));
#4769=DIRECTION('ref_axis',(1.,0.,0.));
#4770=DIRECTION('',(0.,0.,1.));
#4771=DIRECTION('',(1.,0.,0.));
#4772=DIRECTION('',(0.,0.,1.));
#4773=DIRECTION('',(1.,0.,0.));
#4774=CARTESIAN_POINT('',(0.,0.,0.));
#4775=CARTESIAN_POINT('',(0.,0.,0.));
#4776=CARTESIAN_POINT('',(0.,0.,0.));
#4777=CARTESIAN_POINT('Origin',(0.,0.440804987693415,-1.95));
#4778=CARTESIAN_POINT('',(68.5642136253334,16.8679680303279,-1.95));
#4779=CARTESIAN_POINT('',(67.6335969192096,17.5290762141071,-1.95));
#4780=CARTESIAN_POINT('Ctrl Pts',(68.5645848060903,16.8683471132321,-1.95));
#4781=CARTESIAN_POINT('Ctrl Pts',(68.2591740876537,17.0926942169173,-1.95));
#4782=CARTESIAN_POINT('Ctrl Pts',(67.9493201186657,17.313491748171,-1.95));
#4783=CARTESIAN_POINT('Ctrl Pts',(67.6354979657267,17.5309374466181,-1.95));
#4784=CARTESIAN_POINT('',(70.688094439427,18.9918488444216,-1.95));
#4785=CARTESIAN_POINT('',(70.334545959307,18.6382905433551,-1.95));
#4786=CARTESIAN_POINT('',(69.287032550062,20.3929107337866,-1.95));
#4787=CARTESIAN_POINT('',(59.4127599119538,30.2671833718947,-1.95));
#4788=CARTESIAN_POINT('',(55.6509449175166,-3.22548586223163,-1.95));
#4789=CARTESIAN_POINT('Origin',(71.6073332549695,17.3655032476925,-1.945));
#4790=CARTESIAN_POINT('',(69.999396377179,15.757566369902,-3.745));
#4791=CARTESIAN_POINT('Ctrl Pts',(68.5645904784781,16.8683429464366,-1.94999998028433));
#4792=CARTESIAN_POINT('Ctrl Pts',(68.564706676266,16.8682575904049,-2.00126364617905));
#4793=CARTESIAN_POINT('Ctrl Pts',(68.5666083870911,16.8668608748666,-2.05258272240204));
#4794=CARTESIAN_POINT('Ctrl Pts',(68.5703079612723,16.8641422282288,-2.10381840573601));
#4795=CARTESIAN_POINT('Ctrl Pts',(68.5788061126172,16.8578973282891,-2.22150994803329));
#4796=CARTESIAN_POINT('Ctrl Pts',(68.5966995674777,16.8447489425882,-2.33752451567884));
#4797=CARTESIAN_POINT('Ctrl Pts',(68.6235338867078,16.8249596701533,-2.4502519738712));
#4798=CARTESIAN_POINT('Ctrl Pts',(68.6503682059379,16.8051703977184,-2.56297943206357));
#4799=CARTESIAN_POINT('Ctrl Pts',(68.6861430574952,16.7787399221206,-2.67241978080276));
#4800=CARTESIAN_POINT('Ctrl Pts',(68.7303603154027,16.7458965776068,-2.77696288528732));
#4801=CARTESIAN_POINT('Ctrl Pts',(68.7840374150671,16.7060267267792,-2.90387194532868));
#4802=CARTESIAN_POINT('Ctrl Pts',(68.8495050313694,16.6571878563641,-3.02202591552999));
#4803=CARTESIAN_POINT('Ctrl Pts',(68.9249922954881,16.6003668746319,-3.12913281517252));
#4804=CARTESIAN_POINT('Ctrl Pts',(68.973546671159,16.5638188910055,-3.19802534562652));
#4805=CARTESIAN_POINT('Ctrl Pts',(69.0262453250883,16.5239677364536,-3.26234745193762));
#4806=CARTESIAN_POINT('Ctrl Pts',(69.0826098892803,16.4810713839916,-3.3214892110848));
#4807=CARTESIAN_POINT('Ctrl Pts',(69.110385425363,16.4599327625421,-3.35063330345443));
#4808=CARTESIAN_POINT('Ctrl Pts',(69.1389589582797,16.4381247211702,-3.37842258553656));
#4809=CARTESIAN_POINT('Ctrl Pts',(69.1682570411127,16.4156916680186,-3.40480993463057));
#4810=CARTESIAN_POINT('Ctrl Pts',(69.2538549396185,16.3501507854364,-3.48190377187784));
#4811=CARTESIAN_POINT('Ctrl Pts',(69.3455668867343,16.2792668091244,-3.54703089117472));
#4812=CARTESIAN_POINT('Ctrl Pts',(69.4415556659892,16.2041470860088,-3.59901611933873));
#4813=CARTESIAN_POINT('Ctrl Pts',(69.4664621565708,16.1846555507399,-3.61250487923024));
#4814=CARTESIAN_POINT('Ctrl Pts',(69.4916568242817,16.1648789582648,-3.62510884545703));
#4815=CARTESIAN_POINT('Ctrl Pts',(69.5171081226649,16.1448369472263,-3.63680748853285));
#4816=CARTESIAN_POINT('Ctrl Pts',(69.5999618092172,16.0795925547613,-3.6748910350732));
#4817=CARTESIAN_POINT('Ctrl Pts',(69.6850338993875,16.0119253510995,-3.70315154583886));
#4818=CARTESIAN_POINT('Ctrl Pts',(69.7711578106155,15.9426346464168,-3.72122152738068));
#4819=CARTESIAN_POINT('Ctrl Pts',(69.7800693486,15.9354648983416,-3.72309129066237));
#4820=CARTESIAN_POINT('Ctrl Pts',(69.7889921870486,15.9282777932565,-3.72485194645164));
#4821=CARTESIAN_POINT('Ctrl Pts',(69.7979250610835,15.921074234892,-3.72650308761544));
#4822=CARTESIAN_POINT('Ctrl Pts',(69.864535968947,15.8673585370519,-3.73881536376553));
#4823=CARTESIAN_POINT('Ctrl Pts',(69.9314969575691,15.812893353162,-3.74500002005756));
#4824=CARTESIAN_POINT('Ctrl Pts',(69.9982807503403,15.7580798738165,-3.745));
#4825=CARTESIAN_POINT('',(71.9608866455628,17.7190566382858,-3.745));
#4826=CARTESIAN_POINT('',(71.6073332549695,17.3655032476925,-3.745));
#4827=CARTESIAN_POINT('Origin',(71.9608866455628,17.7190566382858,-1.945));
#4828=CARTESIAN_POINT('Ctrl Pts',(75.311784490037,9.51934166215712,-17.55));
#4829=CARTESIAN_POINT('Ctrl Pts',(75.311784490037,9.51934166215712,1.56));
#4830=CARTESIAN_POINT('Ctrl Pts',(73.7885425534187,12.3146012586682,-17.55));
#4831=CARTESIAN_POINT('Ctrl Pts',(73.7885425534187,12.3146012586682,1.56));
#4832=CARTESIAN_POINT('Ctrl Pts',(71.674108649037,14.4970029049705,-17.55));
#4833=CARTESIAN_POINT('Ctrl Pts',(71.674108649037,14.4970029049705,1.56));
#4834=CARTESIAN_POINT('Ctrl Pts',(69.1682570411127,16.4156916680186,-17.55));
#4835=CARTESIAN_POINT('Ctrl Pts',(69.1682570411127,16.4156916680186,1.56));
#4836=CARTESIAN_POINT('Ctrl Pts',(66.3867982210625,18.5454082745547,-17.55));
#4837=CARTESIAN_POINT('Ctrl Pts',(66.3867982210625,18.5454082745547,1.56));
#4838=CARTESIAN_POINT('Ctrl Pts',(63.1942640515189,20.3571776638901,-17.55));
#4839=CARTESIAN_POINT('Ctrl Pts',(63.1942640515189,20.3571776638901,1.56));
#4840=CARTESIAN_POINT('Ctrl Pts',(59.9719924444087,22.0097262452005,-17.55));
#4841=CARTESIAN_POINT('Ctrl Pts',(59.9719924444087,22.0097262452005,1.56));
#4842=CARTESIAN_POINT('Ctrl Pts',(59.3528720879627,22.3272433857319,-17.55));
#4843=CARTESIAN_POINT('Ctrl Pts',(59.3528720879627,22.3272433857319,1.56));
#4844=CARTESIAN_POINT('Ctrl Pts',(58.7313910695432,22.6378919101305,-17.55));
#4845=CARTESIAN_POINT('Ctrl Pts',(58.7313910695432,22.6378919101305,1.56));
#4846=CARTESIAN_POINT('Ctrl Pts',(58.1082310520817,22.9416078199168,-17.55));
#4847=CARTESIAN_POINT('Ctrl Pts',(58.1082310520817,22.9416078199168,1.56));
#4848=CARTESIAN_POINT('Ctrl Pts',(57.0849281509101,23.4403454842528,-17.55));
#4849=CARTESIAN_POINT('Ctrl Pts',(57.0849281509101,23.4403454842528,1.56));
#4850=CARTESIAN_POINT('Ctrl Pts',(56.0616252497385,23.9390831485888,-17.55));
#4851=CARTESIAN_POINT('Ctrl Pts',(56.0616252497385,23.9390831485888,1.56));
#4852=CARTESIAN_POINT('Ctrl Pts',(55.0383223485669,24.4378208129248,-17.55));
#4853=CARTESIAN_POINT('Ctrl Pts',(55.0383223485669,24.4378208129248,1.56));
#4854=CARTESIAN_POINT('',(67.6335969192096,17.5290762141071,-4.585));
#4855=CARTESIAN_POINT('Ctrl Pts',(67.6335969192096,17.5290762141071,-4.585));
#4856=CARTESIAN_POINT('Ctrl Pts',(67.6335969192096,17.5290762141071,-3.97166666666667));
#4857=CARTESIAN_POINT('Ctrl Pts',(67.6335969192096,17.5290762141071,-3.35833333333334));
#4858=CARTESIAN_POINT('Ctrl Pts',(67.6335969192096,17.5290762141071,-2.48));
#4859=CARTESIAN_POINT('Ctrl Pts',(67.6335969192096,17.5290762141071,-2.215));
#4860=CARTESIAN_POINT('Ctrl Pts',(67.6335969192096,17.5290762141071,-1.95));
#4861=CARTESIAN_POINT('',(58.4282513792823,22.7849500377254,-4.585));
#4862=CARTESIAN_POINT('Ctrl Pts',(58.4282551823649,22.784950980823,-4.585));
#4863=CARTESIAN_POINT('Ctrl Pts',(58.9441969205571,22.531284404534,-4.585));
#4864=CARTESIAN_POINT('Ctrl Pts',(59.4589053370714,22.2728640171524,-4.585));
#4865=CARTESIAN_POINT('Ctrl Pts',(59.9719924444087,22.0097262452005,-4.585));
#4866=CARTESIAN_POINT('Ctrl Pts',(62.6168185653521,20.6533217619988,-4.585));
#4867=CARTESIAN_POINT('Ctrl Pts',(65.2416104170978,19.1896493770925,-4.585));
#4868=CARTESIAN_POINT('Ctrl Pts',(67.6354979370935,17.5309374664579,-4.585));
#4869=CARTESIAN_POINT('',(58.4282513792823,22.7849500377254,-0.05));
#4870=CARTESIAN_POINT('Ctrl Pts',(58.4282513792823,22.7849500377254,-0.05));
#4871=CARTESIAN_POINT('Ctrl Pts',(58.4282513792823,22.7849500377254,-1.56166666666667));
#4872=CARTESIAN_POINT('Ctrl Pts',(58.4282513792823,22.7849500377254,-3.07333333333333));
#4873=CARTESIAN_POINT('Ctrl Pts',(58.4282513792823,22.7849500377254,-4.585));
#4874=CARTESIAN_POINT('',(56.8979189149125,23.5314900998538,-0.0499999999999999));
#4875=CARTESIAN_POINT('Ctrl Pts',(56.8979189149125,23.5314900998538,-0.0499999999999989));
#4876=CARTESIAN_POINT('Ctrl Pts',(57.3013562939689,23.3348626732082,-0.0499999999999989));
#4877=CARTESIAN_POINT('Ctrl Pts',(57.7047936730253,23.1382352465625,-0.0499999999999989));
#4878=CARTESIAN_POINT('Ctrl Pts',(58.1082310520817,22.9416078199168,-0.0499999999999989));
#4879=CARTESIAN_POINT('Ctrl Pts',(58.2149561511325,22.8895921102323,-0.0499999999999989));
#4880=CARTESIAN_POINT('Ctrl Pts',(58.3216320026572,22.8373730567036,-0.0499999999999989));
#4881=CARTESIAN_POINT('Ctrl Pts',(58.4282551823648,22.784950980823,-0.0499999999999989));
#4882=CARTESIAN_POINT('',(56.8979189149125,23.5314900998538,-7.05));
#4883=CARTESIAN_POINT('Ctrl Pts',(56.8979189149125,23.5314900998538,-0.0499999999999998));
#4884=CARTESIAN_POINT('Ctrl Pts',(56.8979189149125,23.5314900998538,-2.38333333333333));
#4885=CARTESIAN_POINT('Ctrl Pts',(56.8979189149125,23.5314900998538,-4.71666666666667));
#4886=CARTESIAN_POINT('Ctrl Pts',(56.8979189149125,23.5314900998538,-7.05));
#4887=CARTESIAN_POINT('',(75.1135813190676,9.87420581152848,-7.05));
#4888=CARTESIAN_POINT('Ctrl Pts',(75.1133503548921,9.87424393304882,-7.05));
#4889=CARTESIAN_POINT('Ctrl Pts',(73.6071761757018,12.5005790905835,-7.05));
#4890=CARTESIAN_POINT('Ctrl Pts',(71.5670617206281,14.5789669518468,-7.05));
#4891=CARTESIAN_POINT('Ctrl Pts',(69.1682570411127,16.4156916680186,-7.05));
#4892=CARTESIAN_POINT('Ctrl Pts',(66.3867982210625,18.5454082745547,-7.05));
#4893=CARTESIAN_POINT('Ctrl Pts',(63.1942640515189,20.3571776638901,-7.05));
#4894=CARTESIAN_POINT('Ctrl Pts',(59.9719924444087,22.0097262452005,-7.05));
#4895=CARTESIAN_POINT('Ctrl Pts',(59.3528720879627,22.3272433857319,-7.05));
#4896=CARTESIAN_POINT('Ctrl Pts',(58.7313910695432,22.6378919101305,-7.05));
#4897=CARTESIAN_POINT('Ctrl Pts',(58.1082310520817,22.9416078199168,-7.05));
#4898=CARTESIAN_POINT('Ctrl Pts',(57.7047936730253,23.1382352465625,-7.05));
#4899=CARTESIAN_POINT('Ctrl Pts',(57.3013562939689,23.3348626732082,-7.05));
#4900=CARTESIAN_POINT('Ctrl Pts',(56.8979189149125,23.5314900998538,-7.05));
#4901=CARTESIAN_POINT('',(75.1135813190676,9.87420581152851,-3.04284870555912));
#4902=CARTESIAN_POINT('Ctrl Pts',(75.1135813190676,9.87420581152852,-7.05));
#4903=CARTESIAN_POINT('Ctrl Pts',(75.1135813190676,9.87420581152852,-5.71428290185304));
#4904=CARTESIAN_POINT('Ctrl Pts',(75.1135813190676,9.87420581152851,-4.37856580370608));
#4905=CARTESIAN_POINT('Ctrl Pts',(75.1135813190676,9.87420581152851,-3.04284870555912));
#4906=CARTESIAN_POINT('',(74.3380212850154,11.1159351566692,-3.745));
#4907=CARTESIAN_POINT('Ctrl Pts',(74.3346051984503,11.1167976230594,-3.745));
#4908=CARTESIAN_POINT('Ctrl Pts',(74.3388390160199,11.1105927970413,-3.74499999792389));
#4909=CARTESIAN_POINT('Ctrl Pts',(74.3430695617359,11.1043848584791,-3.74495483091539));
#4910=CARTESIAN_POINT('Ctrl Pts',(74.3472965936131,11.0981741552345,-3.74486449621574));
#4911=CARTESIAN_POINT('Ctrl Pts',(74.4007534616083,11.0196309236843,-3.74372208464789));
#4912=CARTESIAN_POINT('Ctrl Pts',(74.4534888066898,10.9408724064555,-3.73536006225695));
#4913=CARTESIAN_POINT('Ctrl Pts',(74.5050512481424,10.8626177215292,-3.71990856323097));
#4914=CARTESIAN_POINT('Ctrl Pts',(74.5085656273148,10.8572840595244,-3.71885542406942));
#4915=CARTESIAN_POINT('Ctrl Pts',(74.5120745719668,10.8519527522893,-3.71776935090925));
#4916=CARTESIAN_POINT('Ctrl Pts',(74.5155779453831,10.8466240337561,-3.71665038495421));
#4917=CARTESIAN_POINT('Ctrl Pts',(74.5684695918635,10.7661745174296,-3.69975696690121));
#4918=CARTESIAN_POINT('Ctrl Pts',(74.6199185364049,10.6865700460359,-3.67542030941327));
#4919=CARTESIAN_POINT('Ctrl Pts',(74.6695058575113,10.6086145000536,-3.64392125094982));
#4920=CARTESIAN_POINT('Ctrl Pts',(74.6905407067094,10.5755459027326,-3.63055940905401));
#4921=CARTESIAN_POINT('Ctrl Pts',(74.7112410260451,10.5427744909784,-3.61590873565555));
#4922=CARTESIAN_POINT('Ctrl Pts',(74.7315767860919,10.5103636431275,-3.59999066769729));
#4923=CARTESIAN_POINT('Ctrl Pts',(74.7848853797602,10.4254011576071,-3.55826270597791));
#4924=CARTESIAN_POINT('Ctrl Pts',(74.8354031703246,10.3433649552186,-3.50804615503426));
#4925=CARTESIAN_POINT('Ctrl Pts',(74.8827117721487,10.2653268508928,-3.44999559782973));
#4926=CARTESIAN_POINT('Ctrl Pts',(74.9362891569548,10.1769480490724,-3.38425285926545));
#4927=CARTESIAN_POINT('Ctrl Pts',(74.9857509968291,10.0936975094297,-3.3084624195156));
#4928=CARTESIAN_POINT('Ctrl Pts',(75.030535174329,10.0171821053526,-3.22357507796645));
#4929=CARTESIAN_POINT('Ctrl Pts',(75.0364940000839,10.0070012337612,-3.21228026570642));
#4930=CARTESIAN_POINT('Ctrl Pts',(75.0423700615051,9.99693965689846,-3.20082440161266));
#4931=CARTESIAN_POINT('Ctrl Pts',(75.0481620738784,9.98700120523636,-3.18920972542279));
#4932=CARTESIAN_POINT('Ctrl Pts',(75.0713197748741,9.94726515546334,-3.14277177242271));
#4933=CARTESIAN_POINT('Ctrl Pts',(75.0930707181948,9.90960579462955,-3.09392122661948));
#4934=CARTESIAN_POINT('Ctrl Pts',(75.1133503549666,9.87424393291886,-3.04284870532748));
#4935=CARTESIAN_POINT('Ctrl Pts',(69.999396377179,15.757566369902,-3.745));
#4936=CARTESIAN_POINT('Ctrl Pts',(70.4053449162801,15.4247525992684,-3.745));
#4937=CARTESIAN_POINT('Ctrl Pts',(70.7930054338729,15.0890988563906,-3.745));
#4938=CARTESIAN_POINT('Ctrl Pts',(72.4398453690521,13.5767448124523,-3.745));
#4939=CARTESIAN_POINT('Ctrl Pts',(73.4759264938067,12.3841374021047,-3.745));
#4940=CARTESIAN_POINT('Ctrl Pts',(74.3380212850154,11.1159351566692,-3.745));
#4941=CARTESIAN_POINT('Origin',(74.2059506758301,15.4739926080185,3.9075));
#4942=CARTESIAN_POINT('',(76.4510147060974,13.2289285777512,-3.745));
#4943=CARTESIAN_POINT('',(75.3284826909637,14.3514605928848,-3.745));
#4944=CARTESIAN_POINT('',(77.7238069122332,11.9561363716154,-1.945));
#4945=CARTESIAN_POINT('Origin',(76.4510147060974,13.2289285777512,-1.94500000000001));
#4946=CARTESIAN_POINT('',(77.7238069122332,11.9561363716154,1.56));
#4947=CARTESIAN_POINT('',(77.7238069122332,11.9561363716154,7.85874999999999));
#4948=CARTESIAN_POINT('',(78.6609242790652,11.0190190047834,1.56));
#4949=CARTESIAN_POINT('',(59.4127599119538,30.2671833718947,1.56));
#4950=CARTESIAN_POINT('',(78.784467084013,10.8954761998356,1.43173724645286));
#4951=CARTESIAN_POINT('Ctrl Pts',(78.784467084013,10.8954761998356,1.43173724645286));
#4952=CARTESIAN_POINT('Ctrl Pts',(78.7432861490304,10.9366571348182,1.47449149763524));
#4953=CARTESIAN_POINT('Ctrl Pts',(78.7021052140478,10.9778380698008,1.51724574881762));
#4954=CARTESIAN_POINT('Ctrl Pts',(78.6609242790652,11.0190190047834,1.56));
#4955=CARTESIAN_POINT('',(78.784467084013,10.8954761998356,-1.94500000000001));
#4956=CARTESIAN_POINT('',(78.784467084013,10.8954761998355,13.06));
#4957=CARTESIAN_POINT('',(76.4510147060974,13.2289285777512,-5.24500000000001));
#4958=CARTESIAN_POINT('Origin',(76.4510147060974,13.2289285777512,-1.94500000000001));
#4959=CARTESIAN_POINT('',(71.9608866455628,17.7190566382858,-5.245));
#4960=CARTESIAN_POINT('',(76.4510147060974,13.2289285777512,-5.24500000000001));
#4961=CARTESIAN_POINT('',(69.6608270054871,20.0191162944445,-2.50128344190263));
#4962=CARTESIAN_POINT('Origin',(71.9608866455628,17.7190566382858,-1.945));
#4963=CARTESIAN_POINT('',(69.2870325533242,20.3929107445828,-3.51611258414542));
#4964=CARTESIAN_POINT('Ctrl Pts',(69.6608269815851,20.0191163022635,-2.50128343495843));
#4965=CARTESIAN_POINT('Ctrl Pts',(69.6459678401274,20.0339754437212,-2.56915991862165));
#4966=CARTESIAN_POINT('Ctrl Pts',(69.628839828412,20.0511034554366,-2.63603484444508));
#4967=CARTESIAN_POINT('Ctrl Pts',(69.5348895371737,20.1450537466749,-2.96283566995281));
#4968=CARTESIAN_POINT('Ctrl Pts',(69.4251787829741,20.2547645008744,-3.23061691391797));
#4969=CARTESIAN_POINT('Ctrl Pts',(69.287032550062,20.3929107337866,-3.51611253249753));
#4970=CARTESIAN_POINT('',(69.287032550062,20.3929107337866,1.92875));
#4971=CARTESIAN_POINT('Ctrl Pts',(-79.6550005149981,10.9990348476253,-9.05));
#4972=CARTESIAN_POINT('Ctrl Pts',(-79.6457870881916,10.7128772081682,-9.05));
#4973=CARTESIAN_POINT('Ctrl Pts',(-79.6365736613851,10.426719568711,-9.05));
#4974=CARTESIAN_POINT('Ctrl Pts',(-79.6273602345787,10.1405619292539,-9.05));
#4975=CARTESIAN_POINT('Ctrl Pts',(-79.4949708593173,6.02871170133915,-9.05));
#4976=CARTESIAN_POINT('Ctrl Pts',(-79.1863440469319,-1.5451390366159,-9.05));
#4977=CARTESIAN_POINT('Ctrl Pts',(-78.375491663337,-14.3635689140136,-9.05000000000001));
#4978=CARTESIAN_POINT('Ctrl Pts',(-77.2352747168157,-24.5841465287136,-9.05));
#4979=CARTESIAN_POINT('Ctrl Pts',(-75.4749791335397,-34.0241487135564,-9.05));
#4980=CARTESIAN_POINT('Ctrl Pts',(-73.730392951154,-41.0378752845713,-9.05));
#4981=CARTESIAN_POINT('Ctrl Pts',(-72.2227779033368,-45.8243229910368,-9.05));
#4982=CARTESIAN_POINT('Ctrl Pts',(-71.3750540765762,-48.2575185824789,-9.05));
#4983=CARTESIAN_POINT('Ctrl Pts',(-79.3218398222671,11.0097616332638,-9.38333333333333));
#4984=CARTESIAN_POINT('Ctrl Pts',(-79.3126263954606,10.7236039938066,-9.38333333333333));
#4985=CARTESIAN_POINT('Ctrl Pts',(-79.3034129686542,10.4374463543495,-9.38333333333333));
#4986=CARTESIAN_POINT('Ctrl Pts',(-79.2941995418477,10.1512887148923,-9.38333333333333));
#4987=CARTESIAN_POINT('Ctrl Pts',(-79.1618680755128,6.04118318662297,-9.38333333333334));
#4988=CARTESIAN_POINT('Ctrl Pts',(-78.8533974322003,-1.52849765330003,-9.38333333333333));
#4989=CARTESIAN_POINT('Ctrl Pts',(-78.0432279301389,-14.3357321141578,-9.38333333333334));
#4990=CARTESIAN_POINT('Ctrl Pts',(-76.904760396693,-24.538253444692,-9.38333333333333));
#4991=CARTESIAN_POINT('Ctrl Pts',(-75.1490050033535,-33.9534946240019,-9.38333333333333));
#4992=CARTESIAN_POINT('Ctrl Pts',(-73.4093843241993,-40.947299556223,-9.38333333333333));
#4993=CARTESIAN_POINT('Ctrl Pts',(-71.9058798517534,-45.7207244780422,-9.38333333333333));
#4994=CARTESIAN_POINT('Ctrl Pts',(-71.0602778458455,-48.1478507399813,-9.38333333333333));
#4995=CARTESIAN_POINT('Ctrl Pts',(-78.9886791295361,11.0204884189022,-9.71666666666667));
#4996=CARTESIAN_POINT('Ctrl Pts',(-78.9794657027297,10.7343307794451,-9.71666666666667));
#4997=CARTESIAN_POINT('Ctrl Pts',(-78.9702522759232,10.4481731399879,-9.71666666666667));
#4998=CARTESIAN_POINT('Ctrl Pts',(-78.9610388491167,10.1620155005308,-9.71666666666667));
#4999=CARTESIAN_POINT('Ctrl Pts',(-78.8287627524587,6.05373744588444,-9.71666666666667));
#5000=CARTESIAN_POINT('Ctrl Pts',(-78.5204518972622,-1.5119128676437,-9.71666666666667));
#5001=CARTESIAN_POINT('Ctrl Pts',(-77.7109630638338,-14.307818311,-9.71666666666667));
#5002=CARTESIAN_POINT('Ctrl Pts',(-76.5742457636019,-24.4923513462325,-9.71666666666666));
#5003=CARTESIAN_POINT('Ctrl Pts',(-74.823029642811,-33.8828896276977,-9.71666666666666));
#5004=CARTESIAN_POINT('Ctrl Pts',(-73.0883755800795,-40.8566763447338,-9.71666666666666));
#5005=CARTESIAN_POINT('Ctrl Pts',(-71.5889846747958,-45.6171803167233,-9.71666666666667));
#5006=CARTESIAN_POINT('Ctrl Pts',(-70.7455016151148,-48.0381828974836,-9.71666666666667));
#5007=CARTESIAN_POINT('Ctrl Pts',(-78.6555184368052,11.0312152045407,-10.05));
#5008=CARTESIAN_POINT('Ctrl Pts',(-78.6463050099987,10.7450575650835,-10.05));
#5009=CARTESIAN_POINT('Ctrl Pts',(-78.6370915831923,10.4588999256264,-10.05));
#5010=CARTESIAN_POINT('Ctrl Pts',(-78.6278781563858,10.1727422861693,-10.05));
#5011=CARTESIAN_POINT('Ctrl Pts',(-78.4956599686542,6.06620893116826,-10.05));
#5012=CARTESIAN_POINT('Ctrl Pts',(-78.1875052825306,-1.49527148432783,-10.05));
#5013=CARTESIAN_POINT('Ctrl Pts',(-77.3786993306356,-14.2799815111441,-10.05));
#5014=CARTESIAN_POINT('Ctrl Pts',(-76.2437314434793,-24.4464582622109,-10.05));
#5015=CARTESIAN_POINT('Ctrl Pts',(-74.4970555126248,-33.8122355381432,-10.05));
#5016=CARTESIAN_POINT('Ctrl Pts',(-72.7673669531247,-40.7661006163855,-10.05));
#5017=CARTESIAN_POINT('Ctrl Pts',(-71.2720866232124,-45.5135818037287,-10.05));
#5018=CARTESIAN_POINT('Ctrl Pts',(-70.4307253843841,-47.928515054986,-10.05));
#5019=CARTESIAN_POINT('',(-78.6463050099987,10.7450575650836,-10.05));
#5020=CARTESIAN_POINT('',(-70.4307253843842,-47.9285150549859,-10.05));
#5021=CARTESIAN_POINT('Ctrl Pts',(-78.6463050099987,10.7450575650836,-10.05));
#5022=CARTESIAN_POINT('Ctrl Pts',(-78.6401627254611,10.5542858054455,-10.05));
#5023=CARTESIAN_POINT('Ctrl Pts',(-78.6340204409234,10.3635140458074,-10.05));
#5024=CARTESIAN_POINT('Ctrl Pts',(-78.6278781563858,10.1727422861693,-10.05));
#5025=CARTESIAN_POINT('Ctrl Pts',(-78.4956599686542,6.06620893116826,-10.05));
#5026=CARTESIAN_POINT('Ctrl Pts',(-78.1875052825306,-1.49527148432783,-10.05));
#5027=CARTESIAN_POINT('Ctrl Pts',(-77.3786993306356,-14.2799815111441,-10.05));
#5028=CARTESIAN_POINT('Ctrl Pts',(-76.2437314434793,-24.4464582622109,-10.05));
#5029=CARTESIAN_POINT('Ctrl Pts',(-74.4970555126248,-33.8122355381432,-10.05));
#5030=CARTESIAN_POINT('Ctrl Pts',(-72.7673669531247,-40.7661006163855,-10.05));
#5031=CARTESIAN_POINT('Ctrl Pts',(-71.2720866232124,-45.5135818037287,-10.05));
#5032=CARTESIAN_POINT('Ctrl Pts',(-70.4307253843841,-47.928515054986,-10.05));
#5033=CARTESIAN_POINT('',(-71.3750540765762,-48.2575185824789,-9.05));
#5034=CARTESIAN_POINT('',(-70.4307253843842,-47.9285150549859,-10.05));
#5035=CARTESIAN_POINT('',(-79.6550005149981,10.9990348476253,-9.05));
#5036=CARTESIAN_POINT('Ctrl Pts',(-71.3750540765762,-48.2575185824789,-9.05));
#5037=CARTESIAN_POINT('Ctrl Pts',(-72.2227779033368,-45.8243229910368,-9.05));
#5038=CARTESIAN_POINT('Ctrl Pts',(-73.730392951154,-41.0378752845713,-9.05));
#5039=CARTESIAN_POINT('Ctrl Pts',(-75.4749791335397,-34.0241487135564,-9.05));
#5040=CARTESIAN_POINT('Ctrl Pts',(-77.2352747168157,-24.5841465287136,-9.05));
#5041=CARTESIAN_POINT('Ctrl Pts',(-78.375491663337,-14.3635689140136,-9.05000000000001));
#5042=CARTESIAN_POINT('Ctrl Pts',(-79.1863440469319,-1.5451390366159,-9.05));
#5043=CARTESIAN_POINT('Ctrl Pts',(-79.4949708593173,6.02871170133915,-9.05));
#5044=CARTESIAN_POINT('Ctrl Pts',(-79.6273602345787,10.1405619292539,-9.05));
#5045=CARTESIAN_POINT('Ctrl Pts',(-79.6365736613851,10.426719568711,-9.05));
#5046=CARTESIAN_POINT('Ctrl Pts',(-79.6457870881916,10.7128772081682,-9.05));
#5047=CARTESIAN_POINT('Ctrl Pts',(-79.6550005149981,10.9990348476253,-9.05));
#5048=CARTESIAN_POINT('Ctrl Pts',(-79.6550005149981,10.9990348476253,-9.05));
#5049=CARTESIAN_POINT('Ctrl Pts',(-79.4868809660901,10.9567043861905,-9.21667026677006));
#5050=CARTESIAN_POINT('Ctrl Pts',(-79.3187614171821,10.9143739247558,-9.38334053354011));
#5051=CARTESIAN_POINT('Ctrl Pts',(-78.9825295821823,10.8297148305752,-9.71667386687345));
#5052=CARTESIAN_POINT('Ctrl Pts',(-78.8144172960905,10.7873861978294,-9.88333693343671));
#5053=CARTESIAN_POINT('Ctrl Pts',(-78.6463050099987,10.7450575650836,-10.05));
#5054=CARTESIAN_POINT('Origin',(-55.1304864485196,6.81904835858399,-9.55));
#5055=CARTESIAN_POINT('',(-62.5012085418944,25.8093056919236,-9.05));
#5056=CARTESIAN_POINT('',(-64.5994857678657,31.6354747129302,-9.05));
#5057=CARTESIAN_POINT('',(-55.6009081137105,6.6496274126563,-9.05));
#5058=CARTESIAN_POINT('',(-63.4468191785771,31.3861588086202,-10.05));
#5059=CARTESIAN_POINT('',(-64.5994857678657,31.6354747129302,-9.05));
#5060=CARTESIAN_POINT('',(-61.2590971973396,25.3116335381278,-10.05));
#5061=CARTESIAN_POINT('',(-54.6600647833287,6.98846930451168,-10.05));
#5062=CARTESIAN_POINT('Ctrl Pts',(-61.2590971973396,25.3116335381278,-10.05));
#5063=CARTESIAN_POINT('Ctrl Pts',(-61.4661631394897,25.3952173336126,-9.88350508076938));
#5064=CARTESIAN_POINT('Ctrl Pts',(-61.6732799943881,25.4785119008195,-9.71686425796224));
#5065=CARTESIAN_POINT('Ctrl Pts',(-62.0872986939373,25.644395010965,-9.38354567270663));
#5066=CARTESIAN_POINT('Ctrl Pts',(-62.2942568331817,25.7270067138882,-9.21682279341525));
#5067=CARTESIAN_POINT('Ctrl Pts',(-62.501208541872,25.8093056919333,-9.05000000000145));
#5068=CARTESIAN_POINT('Origin',(-47.4102280741423,55.7546483539196,-9.55));
#5069=CARTESIAN_POINT('',(-63.8804224469139,39.5443525217797,-9.05));
#5070=CARTESIAN_POINT('',(-45.2704813318155,58.6707640683062,-9.05));
#5071=CARTESIAN_POINT('',(-47.7685867354806,56.1033302574417,-9.05));
#5072=CARTESIAN_POINT('',(-44.8566196646543,57.6621396360532,-10.05));
#5073=CARTESIAN_POINT('',(-45.2704813318155,58.6707640683062,-9.05));
#5074=CARTESIAN_POINT('',(-62.7386378782219,39.2838525947422,-10.05));
#5075=CARTESIAN_POINT('',(-47.051869412804,55.4059664503974,-10.05));
#5076=CARTESIAN_POINT('',(-62.7386378782219,39.2838525947422,-10.05));
#5077=CARTESIAN_POINT('Origin',(55.675051617205,40.0905814747254,-9.55));
#5078=CARTESIAN_POINT('',(63.4468207455187,31.3861434613771,-10.05));
#5079=CARTESIAN_POINT('',(61.22899531548,33.6655182592936,-10.05));
#5080=CARTESIAN_POINT('',(55.3166930016544,39.7418995241449,-10.05));
#5081=CARTESIAN_POINT('',(62.3707796818625,33.926018509033,-9.05));
#5082=CARTESIAN_POINT('',(61.22899531548,33.6655182592936,-10.05));
#5083=CARTESIAN_POINT('',(64.599487618278,31.6354591920657,-9.05));
#5084=CARTESIAN_POINT('',(56.0334102327556,40.4392634253059,-9.05));
#5085=CARTESIAN_POINT('',(64.599487618278,31.6354591920657,-9.05));
#5086=CARTESIAN_POINT('Origin',(-44.1023817961243,51.9844365287074,-9.55));
#5087=CARTESIAN_POINT('',(-39.8324259832204,57.0898797166208,-9.05));
#5088=CARTESIAN_POINT('',(-39.8181804589787,57.1045205882742,-9.05));
#5089=CARTESIAN_POINT('',(-44.4607404574625,52.3331184322296,-9.05));
#5090=CARTESIAN_POINT('',(-39.8180745959468,57.1045747880083,-9.05003807693583));
#5091=CARTESIAN_POINT('Ctrl Pts',(-39.8181804589786,57.1045205882742,-9.05));
#5092=CARTESIAN_POINT('Ctrl Pts',(-39.8181451819311,57.104538649452,-9.05001269278596));
#5093=CARTESIAN_POINT('Ctrl Pts',(-39.8181098837838,57.1045567213483,-9.05002538455324));
#5094=CARTESIAN_POINT('Ctrl Pts',(-39.8180745959467,57.1045747880083,-9.05003807693582));
#5095=CARTESIAN_POINT('',(-39.1982624081665,56.3076710977647,-10.05));
#5096=CARTESIAN_POINT('Ctrl Pts',(-39.8180745960305,57.1045747879657,-9.05003807693583));
#5097=CARTESIAN_POINT('Ctrl Pts',(-39.714772308919,56.9717571773528,-9.21669881016035));
#5098=CARTESIAN_POINT('Ctrl Pts',(-39.6114700217293,56.8389395667894,-9.38335954337598));
#5099=CARTESIAN_POINT('Ctrl Pts',(-39.404865959134,56.5733050033726,-9.71668018440033));
#5100=CARTESIAN_POINT('Ctrl Pts',(-39.3015641836502,56.4404880505686,-9.88334009220016));
#5101=CARTESIAN_POINT('Ctrl Pts',(-39.1982624081665,56.3076710977647,-10.05));
#5102=CARTESIAN_POINT('',(-39.8622145000601,55.6252927453458,-10.05));
#5103=CARTESIAN_POINT('',(-43.744023134786,51.6357546251853,-10.05));
#5104=CARTESIAN_POINT('',(-39.8622145000601,55.6252927453458,-10.05));
#5105=CARTESIAN_POINT('Origin',(53.2658567633235,8.30736121788323,-9.55));
#5106=CARTESIAN_POINT('',(63.0150163584528,38.999789128776,-10.05));
#5107=CARTESIAN_POINT('',(52.7917270129765,8.46610938270999,-10.05));
#5108=CARTESIAN_POINT('',(64.1568007248352,39.2602893785154,-9.05));
#5109=CARTESIAN_POINT('',(63.0150163584528,38.999789128776,-10.05));
#5110=CARTESIAN_POINT('',(53.7399865136705,8.14861305305647,-9.05));
#5111=CARTESIAN_POINT('Ctrl Pts',(-39.3687945057858,56.220962609499,-10.05));
#5112=CARTESIAN_POINT('Ctrl Pts',(-39.2133971797665,56.2999756950575,-10.05));
#5113=CARTESIAN_POINT('Ctrl Pts',(-39.0579998537472,56.378988780616,-10.05));
#5114=CARTESIAN_POINT('Ctrl Pts',(-38.9026025277279,56.4580018661745,-10.05));
#5115=CARTESIAN_POINT('Ctrl Pts',(-35.3839404173076,58.2470953950273,-10.05));
#5116=CARTESIAN_POINT('Ctrl Pts',(-28.5722029380951,61.4470447801894,-10.05));
#5117=CARTESIAN_POINT('Ctrl Pts',(-18.8499425475501,65.1146129919166,-10.05));
#5118=CARTESIAN_POINT('Ctrl Pts',(-9.22330868706301,67.5509368708496,-10.05));
#5119=CARTESIAN_POINT('Ctrl Pts',(0.817624299631231,68.4600568054061,-10.05));
#5120=CARTESIAN_POINT('Ctrl Pts',(11.7920787716168,67.366281831351,-10.05));
#5121=CARTESIAN_POINT('Ctrl Pts',(24.2128679669537,63.7166800033238,-10.05));
#5122=CARTESIAN_POINT('Ctrl Pts',(33.7915803183941,59.2321565734986,-10.05));
#5123=CARTESIAN_POINT('Ctrl Pts',(38.949989151135,56.4330877664944,-10.05));
#5124=CARTESIAN_POINT('Ctrl Pts',(39.0918636738157,56.3561034552813,-10.05));
#5125=CARTESIAN_POINT('Ctrl Pts',(39.2337381964964,56.2791191440682,-10.05));
#5126=CARTESIAN_POINT('Ctrl Pts',(39.3756127191771,56.202134832855,-10.05));
#5127=CARTESIAN_POINT('Ctrl Pts',(-39.5185545358673,56.5155000023212,-9.71667935897861));
#5128=CARTESIAN_POINT('Ctrl Pts',(-39.363157209848,56.5945130878798,-9.71667935897861));
#5129=CARTESIAN_POINT('Ctrl Pts',(-39.2077598838288,56.6735261734383,-9.71667935897861));
#5130=CARTESIAN_POINT('Ctrl Pts',(-39.0523625578095,56.7525392589968,-9.71667935897861));
#5131=CARTESIAN_POINT('Ctrl Pts',(-35.5277414685242,58.5446568113411,-9.71667935897861));
#5132=CARTESIAN_POINT('Ctrl Pts',(-28.7028580084525,61.7508897039299,-9.71667935897861));
#5133=CARTESIAN_POINT('Ctrl Pts',(-18.9518427701865,65.4296341823405,-9.71667935897861));
#5134=CARTESIAN_POINT('Ctrl Pts',(-9.28149780235101,67.87764701104,-9.71667935897861));
#5135=CARTESIAN_POINT('Ctrl Pts',(0.819597216801105,68.7926478979052,-9.71667935897861));
#5136=CARTESIAN_POINT('Ctrl Pts',(11.8595732067664,67.6918100754884,-9.71667935897861));
#5137=CARTESIAN_POINT('Ctrl Pts',(24.3349934266422,64.0250444611269,-9.71667935897861));
#5138=CARTESIAN_POINT('Ctrl Pts',(33.9389343139642,59.5281151279491,-9.71667935897861));
#5139=CARTESIAN_POINT('Ctrl Pts',(39.1075793533071,56.7235110275461,-9.71667935897861));
#5140=CARTESIAN_POINT('Ctrl Pts',(39.2494538759878,56.646526716333,-9.71667935897861));
#5141=CARTESIAN_POINT('Ctrl Pts',(39.3913283986685,56.5695424051198,-9.71667935897861));
#5142=CARTESIAN_POINT('Ctrl Pts',(39.5332029213492,56.4925580939067,-9.71667935897861));
#5143=CARTESIAN_POINT('Ctrl Pts',(-39.6683145659489,56.8100373951435,-9.38335871795722));
#5144=CARTESIAN_POINT('Ctrl Pts',(-39.5129172399296,56.889050480702,-9.38335871795722));
#5145=CARTESIAN_POINT('Ctrl Pts',(-39.3575199139103,56.9680635662605,-9.38335871795722));
#5146=CARTESIAN_POINT('Ctrl Pts',(-39.2021225878911,57.047076651819,-9.38335871795722));
#5147=CARTESIAN_POINT('Ctrl Pts',(-35.6715754858036,58.8422190750126,-9.38335871795722));
#5148=CARTESIAN_POINT('Ctrl Pts',(-28.8334815834067,62.0547432689543,-9.38335871795722));
#5149=CARTESIAN_POINT('Ctrl Pts',(-19.0537557703585,65.7446448705415,-9.38335871795722));
#5150=CARTESIAN_POINT('Ctrl Pts',(-9.33960567690068,68.2043419003443,-9.38335871795723));
#5151=CARTESIAN_POINT('Ctrl Pts',(0.821448201441642,69.125252429671,-9.38335871795722));
#5152=CARTESIAN_POINT('Ctrl Pts',(11.9271886769663,68.0173186688204,-9.38335871795722));
#5153=CARTESIAN_POINT('Ctrl Pts',(24.4570220448631,64.3334165983092,-9.38335871795722));
#5154=CARTESIAN_POINT('Ctrl Pts',(34.0863339145633,59.824106244594,-9.38335871795722));
#5155=CARTESIAN_POINT('Ctrl Pts',(39.2651695554793,57.0139342885978,-9.38335871795722));
#5156=CARTESIAN_POINT('Ctrl Pts',(39.40704407816,56.9369499773846,-9.38335871795722));
#5157=CARTESIAN_POINT('Ctrl Pts',(39.5489186008407,56.8599656661715,-9.38335871795722));
#5158=CARTESIAN_POINT('Ctrl Pts',(39.6907931235214,56.7829813549584,-9.38335871795722));
#5159=CARTESIAN_POINT('Ctrl Pts',(-39.8180745960305,57.1045747879657,-9.05003807693583));
#5160=CARTESIAN_POINT('Ctrl Pts',(-39.6626772700112,57.1835878735242,-9.05003807693583));
#5161=CARTESIAN_POINT('Ctrl Pts',(-39.5072799439919,57.2626009590828,-9.05003807693583));
#5162=CARTESIAN_POINT('Ctrl Pts',(-39.3518826179726,57.3416140446413,-9.05003807693583));
#5163=CARTESIAN_POINT('Ctrl Pts',(-35.8153765370203,59.1397804913265,-9.05003807693583));
#5164=CARTESIAN_POINT('Ctrl Pts',(-28.9641366537641,62.3585881926947,-9.05003807693583));
#5165=CARTESIAN_POINT('Ctrl Pts',(-19.1556559929949,66.0596660609654,-9.05003807693583));
#5166=CARTESIAN_POINT('Ctrl Pts',(-9.39779479218869,68.5310520405347,-9.05003807693584));
#5167=CARTESIAN_POINT('Ctrl Pts',(0.823421118611516,69.4578435221701,-9.05003807693583));
#5168=CARTESIAN_POINT('Ctrl Pts',(11.9946831121159,68.3428469129578,-9.05003807693583));
#5169=CARTESIAN_POINT('Ctrl Pts',(24.5791475045516,64.6417810561123,-9.05003807693583));
#5170=CARTESIAN_POINT('Ctrl Pts',(34.2336879101334,60.1200647990445,-9.05003807693583));
#5171=CARTESIAN_POINT('Ctrl Pts',(39.4227597576514,57.3043575496495,-9.05003807693583));
#5172=CARTESIAN_POINT('Ctrl Pts',(39.5646342803321,57.2273732384363,-9.05003807693583));
#5173=CARTESIAN_POINT('Ctrl Pts',(39.7065088030128,57.1503889272232,-9.05003807693583));
#5174=CARTESIAN_POINT('Ctrl Pts',(39.8483833256935,57.0734046160101,-9.05003807693583));
#5175=CARTESIAN_POINT('',(39.8483833256332,57.0734046160429,-9.05003807693583));
#5176=CARTESIAN_POINT('Ctrl Pts',(-39.8180745960305,57.1045747879657,-9.05003807693583));
#5177=CARTESIAN_POINT('Ctrl Pts',(-39.6626772700112,57.1835878735242,-9.05003807693583));
#5178=CARTESIAN_POINT('Ctrl Pts',(-39.5072799439919,57.2626009590828,-9.05003807693583));
#5179=CARTESIAN_POINT('Ctrl Pts',(-39.3518826179726,57.3416140446413,-9.05003807693583));
#5180=CARTESIAN_POINT('Ctrl Pts',(-35.8153765370203,59.1397804913265,-9.05003807693583));
#5181=CARTESIAN_POINT('Ctrl Pts',(-28.9641366537641,62.3585881926947,-9.05003807693583));
#5182=CARTESIAN_POINT('Ctrl Pts',(-19.1556559929949,66.0596660609654,-9.05003807693583));
#5183=CARTESIAN_POINT('Ctrl Pts',(-9.39779479218869,68.5310520405347,-9.05003807693584));
#5184=CARTESIAN_POINT('Ctrl Pts',(0.823421118611516,69.4578435221701,-9.05003807693583));
#5185=CARTESIAN_POINT('Ctrl Pts',(11.9946831121159,68.3428469129578,-9.05003807693583));
#5186=CARTESIAN_POINT('Ctrl Pts',(24.5791475045516,64.6417810561123,-9.05003807693583));
#5187=CARTESIAN_POINT('Ctrl Pts',(34.2336879101334,60.1200647990445,-9.05003807693583));
#5188=CARTESIAN_POINT('Ctrl Pts',(39.4227597576514,57.3043575496495,-9.05003807693583));
#5189=CARTESIAN_POINT('Ctrl Pts',(39.5646342803321,57.2273732384363,-9.05003807693583));
#5190=CARTESIAN_POINT('Ctrl Pts',(39.7065088030128,57.1503889272232,-9.05003807693583));
#5191=CARTESIAN_POINT('Ctrl Pts',(39.8483833256935,57.0734046160101,-9.05003807693583));
#5192=CARTESIAN_POINT('',(39.2173948367953,56.2879874191166,-10.05));
#5193=CARTESIAN_POINT('Ctrl Pts',(39.8483833256935,57.0734046160101,-9.05003807693583));
#5194=CARTESIAN_POINT('Ctrl Pts',(39.7432186822316,56.9425018801524,-9.21669823155806));
#5195=CARTESIAN_POINT('Ctrl Pts',(39.6380540387697,56.8115991442946,-9.38335838618029));
#5196=CARTESIAN_POINT('Ctrl Pts',(39.4277245424891,56.5497934119842,-9.71667902720372));
#5197=CARTESIAN_POINT('Ctrl Pts',(39.3225596896139,56.4188904155692,-9.88333951359879));
#5198=CARTESIAN_POINT('Ctrl Pts',(39.2173948367953,56.2879874191166,-10.05));
#5199=CARTESIAN_POINT('Ctrl Pts',(39.2173948367952,56.2879874191166,-10.05));
#5200=CARTESIAN_POINT('Ctrl Pts',(39.1282596082418,56.3363542015759,-10.05));
#5201=CARTESIAN_POINT('Ctrl Pts',(39.0391243796884,56.3847209840351,-10.05));
#5202=CARTESIAN_POINT('Ctrl Pts',(38.949989151135,56.4330877664944,-10.05));
#5203=CARTESIAN_POINT('Ctrl Pts',(33.7915803183941,59.2321565734986,-10.05));
#5204=CARTESIAN_POINT('Ctrl Pts',(24.2128679669537,63.7166800033238,-10.05));
#5205=CARTESIAN_POINT('Ctrl Pts',(11.7920787716168,67.366281831351,-10.05));
#5206=CARTESIAN_POINT('Ctrl Pts',(0.817624299631231,68.4600568054061,-10.05));
#5207=CARTESIAN_POINT('Ctrl Pts',(-9.22330868706301,67.5509368708496,-10.05));
#5208=CARTESIAN_POINT('Ctrl Pts',(-18.8499425475501,65.1146129919166,-10.05));
#5209=CARTESIAN_POINT('Ctrl Pts',(-28.5722029380951,61.4470447801894,-10.05));
#5210=CARTESIAN_POINT('Ctrl Pts',(-35.3839404173076,58.2470953950273,-10.05));
#5211=CARTESIAN_POINT('Ctrl Pts',(-38.9026025277279,56.4580018661745,-10.05));
#5212=CARTESIAN_POINT('Ctrl Pts',(-39.0011558212074,56.4078916100379,-10.05));
#5213=CARTESIAN_POINT('Ctrl Pts',(-39.0997091146869,56.3577813539013,-10.05));
#5214=CARTESIAN_POINT('Ctrl Pts',(-39.1982624081665,56.3076710977647,-10.05));
#5215=CARTESIAN_POINT('Origin',(19.1209685876016,32.8316778688009,-9.55));
#5216=CARTESIAN_POINT('',(40.0257319193828,56.8911888232487,-9.05));
#5217=CARTESIAN_POINT('',(41.3687629416957,58.3887839160495,-9.05));
#5218=CARTESIAN_POINT('',(18.748728291324,33.1654999199407,-9.05));
#5219=CARTESIAN_POINT('',(41.8232947378203,57.3978219696667,-10.05));
#5220=CARTESIAN_POINT('',(41.3687629416957,58.3887839160495,-9.05));
#5221=CARTESIAN_POINT('',(40.0555206516932,55.4266018320966,-10.05));
#5222=CARTESIAN_POINT('',(19.4932088838791,32.497855817661,-10.05));
#5223=CARTESIAN_POINT('',(40.0555206516932,55.4266018320966,-10.05));
#5224=CARTESIAN_POINT('Origin',(21.1377902747652,57.4771958793406,-9.55));
#5225=CARTESIAN_POINT('',(45.0499254237159,57.4634495072232,-10.05));
#5226=CARTESIAN_POINT('',(21.1479578417208,56.9772992694479,-10.05));
#5227=CARTESIAN_POINT('',(45.4637869520178,58.4720740004111,-9.05));
#5228=CARTESIAN_POINT('',(21.1276227078095,57.9770924892333,-9.05));
#5229=CARTESIAN_POINT('',(45.4637869520178,58.4720740004111,-9.05));
#5230=CARTESIAN_POINT('Origin',(55.675051617205,40.0905814747254,-9.55));
#5231=CARTESIAN_POINT('',(39.8484966547374,57.0733427430582,-9.05));
#5232=CARTESIAN_POINT('',(56.0334102327556,40.4392634253059,-9.05));
#5233=CARTESIAN_POINT('',(55.3166930016544,39.7418995241449,-10.05));
#5234=CARTESIAN_POINT('Ctrl Pts',(39.848383325633,57.0734046160429,-9.05003807693583));
#5235=CARTESIAN_POINT('Ctrl Pts',(39.8484210394597,57.0733840256349,-9.05002538299055));
#5236=CARTESIAN_POINT('Ctrl Pts',(39.8484588783283,57.0733633674086,-9.05001269230164));
#5237=CARTESIAN_POINT('Ctrl Pts',(39.8484966547373,57.0733427430582,-9.05));
#5238=CARTESIAN_POINT('Origin',(57.8994257107238,44.9743340651442,-9.55));
#5239=CARTESIAN_POINT('',(57.5410670951732,44.6256521145636,-10.05));
#5240=CARTESIAN_POINT('',(58.2577843262745,45.3230160157247,-9.05));
#5241=CARTESIAN_POINT('Origin',(-16.3899316690992,30.2005891362176,-9.55));
#5242=CARTESIAN_POINT('',(-41.1754572414657,58.5874745836481,-9.05));
#5243=CARTESIAN_POINT('',(-16.0176914269846,30.5344112477538,-9.05));
#5244=CARTESIAN_POINT('',(-41.6299888829429,57.5965125703606,-10.05));
#5245=CARTESIAN_POINT('',(-16.7621719112138,29.8667670246815,-10.05));
#5246=CARTESIAN_POINT('',(-41.6299888829429,57.5965125703606,-10.05));
#5247=CARTESIAN_POINT('Origin',(53.9424315839459,3.52026840393283,-9.55));
#5248=CARTESIAN_POINT('',(61.2502076796514,25.2869407761178,-10.05));
#5249=CARTESIAN_POINT('',(53.4720100069785,3.68968959482551,-10.05));
#5250=CARTESIAN_POINT('',(62.488786046423,25.7748017577279,-9.05));
#5251=CARTESIAN_POINT('',(54.4128531609134,3.35084721304014,-9.05));
#5252=CARTESIAN_POINT('Ctrl Pts',(62.4887860464543,25.7748017577076,-9.05000000000367));
#5253=CARTESIAN_POINT('Ctrl Pts',(62.2825040171484,25.6940531767936,-9.21671799357321));
#5254=CARTESIAN_POINT('Ctrl Pts',(62.0761997682779,25.613043555742,-9.38336844076611));
#5255=CARTESIAN_POINT('Ctrl Pts',(61.6633664019865,25.4504336769131,-9.71668076851304));
#5256=CARTESIAN_POINT('Ctrl Pts',(61.4567583621318,25.3688015131505,-9.88340609155854));
#5257=CARTESIAN_POINT('Ctrl Pts',(61.2502076796514,25.2869407761178,-10.05));
#5258=CARTESIAN_POINT('Origin',(-21.0390817617743,57.6778135496706,-9.55));
#5259=CARTESIAN_POINT('',(-21.0289142681953,58.1777101610557,-9.05));
#5260=CARTESIAN_POINT('',(-21.0492492553533,57.1779169382855,-10.05));
#5261=CARTESIAN_POINT('Ctrl Pts',(79.6588562267977,10.9464942500709,-9.05));
#5262=CARTESIAN_POINT('Ctrl Pts',(79.5269618245072,11.1885300586092,-9.05));
#5263=CARTESIAN_POINT('Ctrl Pts',(79.3950674222166,11.4305658671474,-9.05));
#5264=CARTESIAN_POINT('Ctrl Pts',(79.2631730199261,11.6726016756857,-9.05));
#5265=CARTESIAN_POINT('Ctrl Pts',(78.6892582332956,12.7257769962588,-9.05));
#5266=CARTESIAN_POINT('Ctrl Pts',(76.7492264163244,15.7146590148942,-9.05));
#5267=CARTESIAN_POINT('Ctrl Pts',(72.6698221871367,19.6447770178216,-9.05));
#5268=CARTESIAN_POINT('Ctrl Pts',(67.2636407217623,23.2194813554303,-9.05));
#5269=CARTESIAN_POINT('Ctrl Pts',(63.5642392392636,25.2320676533574,-9.05));
#5270=CARTESIAN_POINT('Ctrl Pts',(61.703491065957,26.1783072393075,-9.05));
#5271=CARTESIAN_POINT('Ctrl Pts',(79.3661607801393,10.7869935083281,-9.38333333333333));
#5272=CARTESIAN_POINT('Ctrl Pts',(79.2342663778487,11.0290293168663,-9.38333333333333));
#5273=CARTESIAN_POINT('Ctrl Pts',(79.1023719755582,11.2710651254046,-9.38333333333333));
#5274=CARTESIAN_POINT('Ctrl Pts',(78.9704775732676,11.5131009339429,-9.38333333333333));
#5275=CARTESIAN_POINT('Ctrl Pts',(78.404258625797,12.5520093858316,-9.38333333333333));
#5276=CARTESIAN_POINT('Ctrl Pts',(76.493324686079,15.4962793711085,-9.38333333333333));
#5277=CARTESIAN_POINT('Ctrl Pts',(72.4655678059176,19.3790505597827,-9.38333333333333));
#5278=CARTESIAN_POINT('Ctrl Pts',(67.0944527595508,22.9321330330652,-9.38333333333333));
#5279=CARTESIAN_POINT('Ctrl Pts',(63.407239515629,24.9377885834379,-9.38333333333333));
#5280=CARTESIAN_POINT('Ctrl Pts',(61.5523966038551,25.8811850849109,-9.38333333333333));
#5281=CARTESIAN_POINT('Ctrl Pts',(79.0734653334809,10.6274927665852,-9.71666666666667));
#5282=CARTESIAN_POINT('Ctrl Pts',(78.9415709311903,10.8695285751235,-9.71666666666667));
#5283=CARTESIAN_POINT('Ctrl Pts',(78.8096765288997,11.1115643836617,-9.71666666666667));
#5284=CARTESIAN_POINT('Ctrl Pts',(78.6777821266092,11.3536001922,-9.71666666666667));
#5285=CARTESIAN_POINT('Ctrl Pts',(78.1199651567148,12.3773792946027,-9.71666666666667));
#5286=CARTESIAN_POINT('Ctrl Pts',(76.2370427267412,15.2784261696068,-9.71666666666667));
#5287=CARTESIAN_POINT('Ctrl Pts',(72.2616516356153,19.1130580918005,-9.71666666666667));
#5288=CARTESIAN_POINT('Ctrl Pts',(66.9251470569216,22.6447185216051,-9.71666666666667));
#5289=CARTESIAN_POINT('Ctrl Pts',(63.2503770281871,24.6439194161769,-9.71666666666667));
#5290=CARTESIAN_POINT('Ctrl Pts',(61.4013021417532,25.5840629305143,-9.71666666666667));
#5291=CARTESIAN_POINT('Ctrl Pts',(78.7807698868224,10.4679920248424,-10.05));
#5292=CARTESIAN_POINT('Ctrl Pts',(78.6488754845319,10.7100278333806,-10.05));
#5293=CARTESIAN_POINT('Ctrl Pts',(78.5169810822413,10.9520636419188,-10.05));
#5294=CARTESIAN_POINT('Ctrl Pts',(78.3850866799507,11.1940994504571,-10.05));
#5295=CARTESIAN_POINT('Ctrl Pts',(77.8349655492162,12.2036116841755,-10.05));
#5296=CARTESIAN_POINT('Ctrl Pts',(75.9811409964958,15.0600465258212,-10.05));
#5297=CARTESIAN_POINT('Ctrl Pts',(72.0573972543962,18.8473316337616,-10.05));
#5298=CARTESIAN_POINT('Ctrl Pts',(66.7559590947102,22.35737019924,-10.05));
#5299=CARTESIAN_POINT('Ctrl Pts',(63.0933773045525,24.3496403462574,-10.05));
#5300=CARTESIAN_POINT('Ctrl Pts',(61.2502076796514,25.2869407761178,-10.05));
#5301=CARTESIAN_POINT('',(78.6488754845318,10.7100278333807,-10.05));
#5302=CARTESIAN_POINT('Ctrl Pts',(78.6488754845318,10.7100278333807,-10.05));
#5303=CARTESIAN_POINT('Ctrl Pts',(78.5609458830048,10.8713850390728,-10.05));
#5304=CARTESIAN_POINT('Ctrl Pts',(78.4730162814778,11.032742244765,-10.05));
#5305=CARTESIAN_POINT('Ctrl Pts',(78.3850866799507,11.1940994504571,-10.05));
#5306=CARTESIAN_POINT('Ctrl Pts',(77.8349655492162,12.2036116841755,-10.05));
#5307=CARTESIAN_POINT('Ctrl Pts',(75.9811409964958,15.0600465258212,-10.05));
#5308=CARTESIAN_POINT('Ctrl Pts',(72.0573972543962,18.8473316337616,-10.05));
#5309=CARTESIAN_POINT('Ctrl Pts',(66.7559590960435,22.3573701983572,-10.05));
#5310=CARTESIAN_POINT('Ctrl Pts',(63.093377307316,24.3496403447542,-10.05));
#5311=CARTESIAN_POINT('Ctrl Pts',(61.2502076838235,25.2869407739961,-10.05));
#5312=CARTESIAN_POINT('',(79.6588562267977,10.9464942500709,-9.05));
#5313=CARTESIAN_POINT('Ctrl Pts',(62.4888462956077,25.77491783855,-9.05));
#5314=CARTESIAN_POINT('Ctrl Pts',(64.0846877322137,24.9468341598537,-9.05));
#5315=CARTESIAN_POINT('Ctrl Pts',(67.5173927938017,23.0516940478073,-9.05));
#5316=CARTESIAN_POINT('Ctrl Pts',(72.6698221871367,19.6447770178216,-9.05));
#5317=CARTESIAN_POINT('Ctrl Pts',(76.7492264163244,15.7146590148942,-9.05));
#5318=CARTESIAN_POINT('Ctrl Pts',(78.6892582332956,12.7257769962588,-9.05));
#5319=CARTESIAN_POINT('Ctrl Pts',(79.2631730199261,11.6726016756857,-9.05));
#5320=CARTESIAN_POINT('Ctrl Pts',(79.3950674222166,11.4305658671474,-9.05));
#5321=CARTESIAN_POINT('Ctrl Pts',(79.5269618245072,11.1885300586092,-9.05));
#5322=CARTESIAN_POINT('Ctrl Pts',(79.6588562267977,10.9464942500709,-9.05));
#5323=CARTESIAN_POINT('Ctrl Pts',(79.6588562267977,10.946494250071,-9.05000000000002));
#5324=CARTESIAN_POINT('Ctrl Pts',(79.4905297688523,10.9070840388869,-9.2166630371266));
#5325=CARTESIAN_POINT('Ctrl Pts',(79.3222033109069,10.8676738277029,-9.38332607425319));
#5326=CARTESIAN_POINT('Ctrl Pts',(78.985543063485,10.7888516888061,-9.71665940758651));
#5327=CARTESIAN_POINT('Ctrl Pts',(78.8172092740084,10.7494397610934,-9.88332970379325));
#5328=CARTESIAN_POINT('Ctrl Pts',(78.6488754845318,10.7100278333807,-10.05));
#5329=CARTESIAN_POINT('Ctrl Pts',(37.5513183840154,-51.4957047267195,-9.05));
#5330=CARTESIAN_POINT('Ctrl Pts',(39.4275497361001,-52.010306288209,-9.05));
#5331=CARTESIAN_POINT('Ctrl Pts',(44.5450899358012,-53.2879426625722,-9.05));
#5332=CARTESIAN_POINT('Ctrl Pts',(51.1459102981313,-54.2345965360591,-9.05));
#5333=CARTESIAN_POINT('Ctrl Pts',(57.4563919442179,-53.5776946411163,-9.05));
#5334=CARTESIAN_POINT('Ctrl Pts',(63.6669233686877,-51.9974158996982,-9.05));
#5335=CARTESIAN_POINT('Ctrl Pts',(67.4290122638576,-50.8124587291166,-9.05));
#5336=CARTESIAN_POINT('Ctrl Pts',(69.5014511920719,-50.1129665237706,-9.05));
#5337=CARTESIAN_POINT('Ctrl Pts',(37.639486899111,-51.1742433385919,-9.38333333333333));
#5338=CARTESIAN_POINT('Ctrl Pts',(39.5113399768778,-51.6876440530759,-9.38333333333333));
#5339=CARTESIAN_POINT('Ctrl Pts',(44.6150222036967,-52.9616145823007,-9.38333333333333));
#5340=CARTESIAN_POINT('Ctrl Pts',(51.1571615731235,-53.8974386561052,-9.38333333333333));
#5341=CARTESIAN_POINT('Ctrl Pts',(57.3916884537031,-53.249270256247,-9.38333333333333));
#5342=CARTESIAN_POINT('Ctrl Pts',(63.5739638520078,-51.6774703538329,-9.38333333333333));
#5343=CARTESIAN_POINT('Ctrl Pts',(67.3262383370868,-50.4953389910035,-9.38333333333333));
#5344=CARTESIAN_POINT('Ctrl Pts',(69.3948522818417,-49.7971377989072,-9.38333333333333));
#5345=CARTESIAN_POINT('Ctrl Pts',(37.7276554142065,-50.8527819504642,-9.71666666666667));
#5346=CARTESIAN_POINT('Ctrl Pts',(39.5951302176556,-51.3649818179429,-9.71666666666667));
#5347=CARTESIAN_POINT('Ctrl Pts',(44.6849544715922,-52.6352865020291,-9.71666666666667));
#5348=CARTESIAN_POINT('Ctrl Pts',(51.1684128481156,-53.5602807761513,-9.71666666666667));
#5349=CARTESIAN_POINT('Ctrl Pts',(57.3269849631881,-52.9208458713776,-9.71666666666667));
#5350=CARTESIAN_POINT('Ctrl Pts',(63.4810043353278,-51.3575248079676,-9.71666666666667));
#5351=CARTESIAN_POINT('Ctrl Pts',(67.2234644103161,-50.1782192528905,-9.71666666666667));
#5352=CARTESIAN_POINT('Ctrl Pts',(69.2882533716115,-49.4813090740438,-9.71666666666667));
#5353=CARTESIAN_POINT('Ctrl Pts',(37.8158239293021,-50.5313205623366,-10.05));
#5354=CARTESIAN_POINT('Ctrl Pts',(39.6789204584334,-51.0423195828098,-10.05));
#5355=CARTESIAN_POINT('Ctrl Pts',(44.7548867394877,-52.3089584217577,-10.05));
#5356=CARTESIAN_POINT('Ctrl Pts',(51.1796641231078,-53.2231228961974,-10.05));
#5357=CARTESIAN_POINT('Ctrl Pts',(57.2622814726732,-52.5924214865083,-10.05));
#5358=CARTESIAN_POINT('Ctrl Pts',(63.3880448186479,-51.0375792621024,-10.05));
#5359=CARTESIAN_POINT('Ctrl Pts',(67.1206904835453,-49.8610995147774,-10.05));
#5360=CARTESIAN_POINT('Ctrl Pts',(69.1816544613813,-49.1654803491804,-10.05));
#5361=CARTESIAN_POINT('',(37.8158239313328,-50.5313205628935,-10.05));
#5362=CARTESIAN_POINT('',(69.1816544613813,-49.1654803491804,-10.05));
#5363=CARTESIAN_POINT('Ctrl Pts',(37.8158239293021,-50.5313205623366,-10.05));
#5364=CARTESIAN_POINT('Ctrl Pts',(39.6789204584334,-51.0423195828098,-10.05));
#5365=CARTESIAN_POINT('Ctrl Pts',(44.7548867394877,-52.3089584217577,-10.05));
#5366=CARTESIAN_POINT('Ctrl Pts',(51.1796641231078,-53.2231228961974,-10.05));
#5367=CARTESIAN_POINT('Ctrl Pts',(57.2622814726732,-52.5924214865083,-10.05));
#5368=CARTESIAN_POINT('Ctrl Pts',(63.3880448186479,-51.0375792621024,-10.05));
#5369=CARTESIAN_POINT('Ctrl Pts',(67.1206904835453,-49.8610995147774,-10.05));
#5370=CARTESIAN_POINT('Ctrl Pts',(69.1816544613813,-49.1654803491804,-10.05));
#5371=CARTESIAN_POINT('',(69.5014511920719,-50.1129665237706,-9.05));
#5372=CARTESIAN_POINT('',(69.1816544613813,-49.1654803491804,-10.05));
#5373=CARTESIAN_POINT('',(38.0276904776044,-51.6254612717797,-9.05));
#5374=CARTESIAN_POINT('Ctrl Pts',(69.5014511920719,-50.1129665237706,-9.05));
#5375=CARTESIAN_POINT('Ctrl Pts',(67.4290122638576,-50.8124587291166,-9.05));
#5376=CARTESIAN_POINT('Ctrl Pts',(63.6669233686877,-51.9974158996982,-9.05));
#5377=CARTESIAN_POINT('Ctrl Pts',(57.4563919442179,-53.5776946411163,-9.05));
#5378=CARTESIAN_POINT('Ctrl Pts',(51.1459102981313,-54.2345965360591,-9.05));
#5379=CARTESIAN_POINT('Ctrl Pts',(44.6576861428086,-53.3040906002,-9.05));
#5380=CARTESIAN_POINT('Ctrl Pts',(39.7175963640381,-52.0823787395009,-9.05));
#5381=CARTESIAN_POINT('Ctrl Pts',(38.0276948561089,-51.6254450774848,-9.05));
#5382=CARTESIAN_POINT('Ctrl Pts',(38.0275716810945,-51.6254117719963,-9.05000000004441));
#5383=CARTESIAN_POINT('Ctrl Pts',(37.9921512405937,-51.4431518229113,-9.21669585449975));
#5384=CARTESIAN_POINT('Ctrl Pts',(37.9567944683509,-51.2608476877246,-9.38337604080802));
#5385=CARTESIAN_POINT('Ctrl Pts',(37.921505155492,-51.0785121426983,-9.55003034430227));
#5386=CARTESIAN_POINT('Ctrl Pts',(37.8862114798893,-50.8961540559104,-9.71670525091906));
#5387=CARTESIAN_POINT('Ctrl Pts',(37.8509829909201,-50.7137527181355,-9.88336508463708));
#5388=CARTESIAN_POINT('Ctrl Pts',(37.8158239313327,-50.5313205628935,-10.05));
#5389=CARTESIAN_POINT('Ctrl Pts',(69.5014511920719,-50.1129665237706,-9.05));
#5390=CARTESIAN_POINT('Ctrl Pts',(69.8715814297861,-49.9880396983191,-9.05));
#5391=CARTESIAN_POINT('Ctrl Pts',(70.2136700564973,-49.7919233180287,-9.05));
#5392=CARTESIAN_POINT('Ctrl Pts',(70.9025179604368,-49.1943943961374,-9.05));
#5393=CARTESIAN_POINT('Ctrl Pts',(71.2035222097339,-48.7498420887679,-9.05));
#5394=CARTESIAN_POINT('Ctrl Pts',(71.375047676817,-48.2575168596246,-9.05));
#5395=CARTESIAN_POINT('Ctrl Pts',(69.3948522818417,-49.7971377989072,-9.38333333333333));
#5396=CARTESIAN_POINT('Ctrl Pts',(69.7238567406682,-49.6860701244074,-9.38333333333333));
#5397=CARTESIAN_POINT('Ctrl Pts',(70.0279240665352,-49.5117891564667,-9.38333333333334));
#5398=CARTESIAN_POINT('Ctrl Pts',(70.64025490386,-48.9805882963334,-9.38333333333333));
#5399=CARTESIAN_POINT('Ctrl Pts',(70.9077152798334,-48.5854930211038,-9.38333333333333));
#5400=CARTESIAN_POINT('Ctrl Pts',(71.0602713793929,-48.1478492085552,-9.38333333333333));
#5401=CARTESIAN_POINT('Ctrl Pts',(69.2882533716115,-49.4813090740438,-9.71666666666667));
#5402=CARTESIAN_POINT('Ctrl Pts',(69.5761326423087,-49.3841653727912,-9.71666666666667));
#5403=CARTESIAN_POINT('Ctrl Pts',(69.842213027627,-49.2315857069145,-9.71666666666667));
#5404=CARTESIAN_POINT('Ctrl Pts',(70.3779620302012,-48.7669050305623,-9.71666666666667));
#5405=CARTESIAN_POINT('Ctrl Pts',(70.6121754030564,-48.4210797935095,-9.71666666666667));
#5406=CARTESIAN_POINT('Ctrl Pts',(70.7454950819688,-48.0381815574858,-9.71666666666667));
#5407=CARTESIAN_POINT('Ctrl Pts',(69.1816544613813,-49.1654803491804,-10.05));
#5408=CARTESIAN_POINT('Ctrl Pts',(69.4284079531908,-49.0821957988794,-10.05));
#5409=CARTESIAN_POINT('Ctrl Pts',(69.6564670376649,-48.9514515453525,-10.05));
#5410=CARTESIAN_POINT('Ctrl Pts',(70.1156989736245,-48.5530989307583,-10.05));
#5411=CARTESIAN_POINT('Ctrl Pts',(70.3163684731559,-48.2567307258455,-10.05));
#5412=CARTESIAN_POINT('Ctrl Pts',(70.4307187845447,-47.9285139064164,-10.05));
#5413=CARTESIAN_POINT('',(70.4307187845447,-47.9285139064164,-10.05));
#5414=CARTESIAN_POINT('',(71.375047676817,-48.2575168596246,-9.05));
#5415=CARTESIAN_POINT('',(70.4307187845447,-47.9285139064164,-10.05));
#5416=CARTESIAN_POINT('Ctrl Pts',(71.375047676817,-48.2575168596246,-9.05));
#5417=CARTESIAN_POINT('Ctrl Pts',(71.2035222097339,-48.7498420887679,-9.05));
#5418=CARTESIAN_POINT('Ctrl Pts',(70.9025179604368,-49.1943943961374,-9.05));
#5419=CARTESIAN_POINT('Ctrl Pts',(70.2136700564973,-49.7919233180287,-9.05));
#5420=CARTESIAN_POINT('Ctrl Pts',(69.8715814297861,-49.9880396983191,-9.05));
#5421=CARTESIAN_POINT('Ctrl Pts',(69.5014511920719,-50.1129665237706,-9.05));
#5422=CARTESIAN_POINT('Ctrl Pts',(69.1816544613813,-49.1654803491804,-10.05));
#5423=CARTESIAN_POINT('Ctrl Pts',(69.4284079531908,-49.0821957988794,-10.05));
#5424=CARTESIAN_POINT('Ctrl Pts',(69.6564670376649,-48.9514515453525,-10.05));
#5425=CARTESIAN_POINT('Ctrl Pts',(70.1156989736245,-48.5530989307583,-10.05));
#5426=CARTESIAN_POINT('Ctrl Pts',(70.3163684731559,-48.2567307258455,-10.05));
#5427=CARTESIAN_POINT('Ctrl Pts',(70.4307187845447,-47.9285139064164,-10.05));
#5428=CARTESIAN_POINT('Ctrl Pts',(71.375047676817,-48.2575168596247,-9.05));
#5429=CARTESIAN_POINT('Ctrl Pts',(72.374040321639,-45.3901334259078,-9.05));
#5430=CARTESIAN_POINT('Ctrl Pts',(74.9597322547389,-37.3380002720472,-9.05));
#5431=CARTESIAN_POINT('Ctrl Pts',(76.9003421731284,-28.497652563023,-9.05));
#5432=CARTESIAN_POINT('Ctrl Pts',(78.0120059397615,-19.3776715908392,-9.05));
#5433=CARTESIAN_POINT('Ctrl Pts',(78.6145189798532,-11.6186056669156,-9.05));
#5434=CARTESIAN_POINT('Ctrl Pts',(79.1209261483274,-2.17164849299735,-9.05));
#5435=CARTESIAN_POINT('Ctrl Pts',(79.4550998053368,5.72116360196588,-9.05));
#5436=CARTESIAN_POINT('Ctrl Pts',(79.6266358023958,10.1202019059308,-9.05));
#5437=CARTESIAN_POINT('Ctrl Pts',(79.6373759438631,10.3956326873109,-9.05));
#5438=CARTESIAN_POINT('Ctrl Pts',(79.6481160853304,10.6710634686909,-9.05));
#5439=CARTESIAN_POINT('Ctrl Pts',(79.6588562267977,10.946494250071,-9.05));
#5440=CARTESIAN_POINT('Ctrl Pts',(71.0602713793928,-48.1478492085553,-9.38333333333333));
#5441=CARTESIAN_POINT('Ctrl Pts',(72.0576670333157,-45.2853705556022,-9.38333333333333));
#5442=CARTESIAN_POINT('Ctrl Pts',(74.6378696257914,-37.2489155085071,-9.38333333333333));
#5443=CARTESIAN_POINT('Ctrl Pts',(76.5711829411694,-28.4413157231101,-9.38333333333333));
#5444=CARTESIAN_POINT('Ctrl Pts',(77.6800734279534,-19.3464452718802,-9.38333333333333));
#5445=CARTESIAN_POINT('Ctrl Pts',(78.2817756082768,-11.5980503018224,-9.38333333333333));
#5446=CARTESIAN_POINT('Ctrl Pts',(78.7879504298952,-2.15639118195132,-9.38333333333333));
#5447=CARTESIAN_POINT('Ctrl Pts',(79.1220406620015,5.73487373845801,-9.38333333333333));
#5448=CARTESIAN_POINT('Ctrl Pts',(79.2935556021296,10.1331900274941,-9.38333333333333));
#5449=CARTESIAN_POINT('Ctrl Pts',(79.3042957435969,10.4086208088741,-9.38333333333333));
#5450=CARTESIAN_POINT('Ctrl Pts',(79.3150358850642,10.6840515902542,-9.38333333333333));
#5451=CARTESIAN_POINT('Ctrl Pts',(79.3257760265315,10.9594823716342,-9.38333333333333));
#5452=CARTESIAN_POINT('Ctrl Pts',(70.7454950819687,-48.0381815574859,-9.71666666666667));
#5453=CARTESIAN_POINT('Ctrl Pts',(71.7411735577266,-45.1799897217851,-9.71666666666667));
#5454=CARTESIAN_POINT('Ctrl Pts',(74.3160627976591,-37.160186039259,-9.71666666666666));
#5455=CARTESIAN_POINT('Ctrl Pts',(76.2419972531922,-28.3847738061447,-9.71666666666667));
#5456=CARTESIAN_POINT('Ctrl Pts',(77.3481212509298,-19.3151711971081,-9.71666666666667));
#5457=CARTESIAN_POINT('Ctrl Pts',(77.9490627934021,-11.5776316225386,-9.71666666666666));
#5458=CARTESIAN_POINT('Ctrl Pts',(78.4549551423327,-2.14106911620674,-9.71666666666667));
#5459=CARTESIAN_POINT('Ctrl Pts',(78.7889990568912,5.74848761181815,-9.71666666666667));
#5460=CARTESIAN_POINT('Ctrl Pts',(78.9604754018634,10.1461781490573,-9.71666666666667));
#5461=CARTESIAN_POINT('Ctrl Pts',(78.9712155433307,10.4216089304374,-9.71666666666667));
#5462=CARTESIAN_POINT('Ctrl Pts',(78.981955684798,10.6970397118174,-9.71666666666667));
#5463=CARTESIAN_POINT('Ctrl Pts',(78.9926958262653,10.9724704931975,-9.71666666666667));
#5464=CARTESIAN_POINT('Ctrl Pts',(70.4307187845446,-47.9285139064165,-10.05));
#5465=CARTESIAN_POINT('Ctrl Pts',(71.4248002694033,-45.0752268514795,-10.05));
#5466=CARTESIAN_POINT('Ctrl Pts',(73.9942001687115,-37.0711012757188,-10.05));
#5467=CARTESIAN_POINT('Ctrl Pts',(75.9128380212332,-28.3284369662317,-10.05));
#5468=CARTESIAN_POINT('Ctrl Pts',(77.0161887391217,-19.2839448781491,-10.05));
#5469=CARTESIAN_POINT('Ctrl Pts',(77.6163194218257,-11.5570762574454,-10.05));
#5470=CARTESIAN_POINT('Ctrl Pts',(78.1219794239006,-2.12581180516071,-10.05));
#5471=CARTESIAN_POINT('Ctrl Pts',(78.4559399135558,5.76219774831028,-10.05));
#5472=CARTESIAN_POINT('Ctrl Pts',(78.6273952015972,10.1591662706206,-10.05));
#5473=CARTESIAN_POINT('Ctrl Pts',(78.6381353430645,10.4345970520006,-10.05));
#5474=CARTESIAN_POINT('Ctrl Pts',(78.6488754845318,10.7100278333807,-10.05));
#5475=CARTESIAN_POINT('Ctrl Pts',(78.6596156259991,10.9854586147607,-10.05));
#5476=CARTESIAN_POINT('Ctrl Pts',(79.6588562267977,10.946494250071,-9.05));
#5477=CARTESIAN_POINT('Ctrl Pts',(79.6481160853304,10.6710634686909,-9.05));
#5478=CARTESIAN_POINT('Ctrl Pts',(79.6373759438631,10.3956326873109,-9.05));
#5479=CARTESIAN_POINT('Ctrl Pts',(79.6266358023958,10.1202019059308,-9.05));
#5480=CARTESIAN_POINT('Ctrl Pts',(79.4550998053368,5.72116360196588,-9.05));
#5481=CARTESIAN_POINT('Ctrl Pts',(79.1209261483274,-2.17164849299735,-9.05));
#5482=CARTESIAN_POINT('Ctrl Pts',(78.6145189798532,-11.6186056669156,-9.05));
#5483=CARTESIAN_POINT('Ctrl Pts',(78.0120059397615,-19.3776715908392,-9.05));
#5484=CARTESIAN_POINT('Ctrl Pts',(76.9003421731284,-28.497652563023,-9.05));
#5485=CARTESIAN_POINT('Ctrl Pts',(74.9597322547389,-37.3380002720472,-9.05));
#5486=CARTESIAN_POINT('Ctrl Pts',(72.374040321639,-45.3901334259078,-9.05));
#5487=CARTESIAN_POINT('Ctrl Pts',(71.375047676817,-48.2575168596247,-9.05));
#5488=CARTESIAN_POINT('Ctrl Pts',(70.4307187845446,-47.9285139064165,-10.05));
#5489=CARTESIAN_POINT('Ctrl Pts',(71.4248002694033,-45.0752268514795,-10.05));
#5490=CARTESIAN_POINT('Ctrl Pts',(73.9942001687115,-37.0711012757188,-10.05));
#5491=CARTESIAN_POINT('Ctrl Pts',(75.9128380212332,-28.3284369662317,-10.05));
#5492=CARTESIAN_POINT('Ctrl Pts',(77.0161887391217,-19.2839448781491,-10.05));
#5493=CARTESIAN_POINT('Ctrl Pts',(77.6163194218257,-11.5570762574454,-10.05));
#5494=CARTESIAN_POINT('Ctrl Pts',(78.1219794239006,-2.12581180516071,-10.05));
#5495=CARTESIAN_POINT('Ctrl Pts',(78.4559399135558,5.76219774831028,-10.05));
#5496=CARTESIAN_POINT('Ctrl Pts',(78.6273952015972,10.1591662706206,-10.05));
#5497=CARTESIAN_POINT('Ctrl Pts',(78.6345552959087,10.3427867915406,-10.05));
#5498=CARTESIAN_POINT('Ctrl Pts',(78.6417153902202,10.5264073124606,-10.05));
#5499=CARTESIAN_POINT('Ctrl Pts',(78.6488754845318,10.7100278333807,-10.05));
#5500=CARTESIAN_POINT('Origin',(-54.3001462376955,12.506011335026,-9.55));
#5501=CARTESIAN_POINT('',(-62.0943991520716,34.2100834812782,-9.05));
#5502=CARTESIAN_POINT('',(-54.7742759113948,12.3472629412773,-9.05));
#5503=CARTESIAN_POINT('',(-60.9526145833796,33.9495835542407,-10.05));
#5504=CARTESIAN_POINT('',(-53.8260165639962,12.6647597287746,-10.05));
#5505=CARTESIAN_POINT('',(-60.9526145833796,33.9495835542407,-10.05));
#5506=CARTESIAN_POINT('Origin',(31.1946516377623,-56.1761513834161,-9.55));
#5507=CARTESIAN_POINT('',(23.3489469235763,-61.4942336532976,-10.05));
#5508=CARTESIAN_POINT('',(30.8926675307666,-55.7776471812776,-10.05));
#5509=CARTESIAN_POINT('',(23.9000723853642,-62.3312859799465,-9.05));
#5510=CARTESIAN_POINT('',(31.496635744758,-56.5746555855545,-9.05));
#5511=CARTESIAN_POINT('Ctrl Pts',(23.9000723853642,-62.3312859799465,-9.05));
#5512=CARTESIAN_POINT('Ctrl Pts',(23.8082181035506,-62.191777200847,-9.21666673594716));
#5513=CARTESIAN_POINT('Ctrl Pts',(23.7163638217371,-62.0522684217474,-9.38333347189431));
#5514=CARTESIAN_POINT('Ctrl Pts',(23.5326553344744,-61.7732509795311,-9.71666680522764));
#5515=CARTESIAN_POINT('Ctrl Pts',(23.4408011290253,-61.6337423164144,-9.88333340261382));
#5516=CARTESIAN_POINT('Ctrl Pts',(23.3489469235762,-61.4942336532976,-10.05));
#5517=CARTESIAN_POINT('Origin',(-44.1023817961243,51.9844365287074,-9.55));
#5518=CARTESIAN_POINT('',(-44.4607404574625,52.3331184322296,-9.05));
#5519=CARTESIAN_POINT('',(-43.744023134786,51.6357546251853,-10.05));
#5520=CARTESIAN_POINT('Ctrl Pts',(-23.8787342378456,-62.3474680705289,-9.05));
#5521=CARTESIAN_POINT('Ctrl Pts',(-23.8126498812149,-62.3834234170987,-9.05));
#5522=CARTESIAN_POINT('Ctrl Pts',(-23.7465655245842,-62.4193787636685,-9.05));
#5523=CARTESIAN_POINT('Ctrl Pts',(-23.6804811679536,-62.4553341102382,-9.05));
#5524=CARTESIAN_POINT('Ctrl Pts',(-21.4785489237552,-63.6533670638739,-9.05));
#5525=CARTESIAN_POINT('Ctrl Pts',(-17.733110824161,-65.2149412586126,-9.05));
#5526=CARTESIAN_POINT('Ctrl Pts',(-12.5388128522259,-66.8339140678084,-9.05));
#5527=CARTESIAN_POINT('Ctrl Pts',(-8.81791081587627,-67.8058819636593,-9.05));
#5528=CARTESIAN_POINT('Ctrl Pts',(-5.46113236698931,-68.5126100800212,-9.05));
#5529=CARTESIAN_POINT('Ctrl Pts',(-1.60537170917456,-69.1029249119247,-9.05));
#5530=CARTESIAN_POINT('Ctrl Pts',(1.62069184405664,-69.0807113627585,-9.05));
#5531=CARTESIAN_POINT('Ctrl Pts',(5.21913001515414,-68.5809658210517,-9.05));
#5532=CARTESIAN_POINT('Ctrl Pts',(9.44315531633741,-67.7893238833838,-9.05));
#5533=CARTESIAN_POINT('Ctrl Pts',(15.8233997035483,-66.1543951012138,-9.05));
#5534=CARTESIAN_POINT('Ctrl Pts',(21.2029259971223,-63.8614963086905,-9.05));
#5535=CARTESIAN_POINT('Ctrl Pts',(23.7270716852573,-62.4294369217484,-9.05));
#5536=CARTESIAN_POINT('Ctrl Pts',(23.784738585293,-62.3967199411478,-9.05));
#5537=CARTESIAN_POINT('Ctrl Pts',(23.8424054853286,-62.3640029605471,-9.05));
#5538=CARTESIAN_POINT('Ctrl Pts',(23.9000723853642,-62.3312859799465,-9.05));
#5539=CARTESIAN_POINT('Ctrl Pts',(-23.7194265525174,-62.0546675027246,-9.38333333333333));
#5540=CARTESIAN_POINT('Ctrl Pts',(-23.6533421958867,-62.0906228492944,-9.38333333333333));
#5541=CARTESIAN_POINT('Ctrl Pts',(-23.5872578392561,-62.1265781958642,-9.38333333333333));
#5542=CARTESIAN_POINT('Ctrl Pts',(-23.5211734826254,-62.162533542434,-9.38333333333333));
#5543=CARTESIAN_POINT('Ctrl Pts',(-21.3404050841662,-63.3492044992122,-9.38333333333333));
#5544=CARTESIAN_POINT('Ctrl Pts',(-17.6198382884972,-64.9009569396421,-9.38333333333333));
#5545=CARTESIAN_POINT('Ctrl Pts',(-12.4470765047276,-66.5134300892412,-9.38333333333333));
#5546=CARTESIAN_POINT('Ctrl Pts',(-8.74080235768738,-67.4812561424088,-9.38333333333334));
#5547=CARTESIAN_POINT('Ctrl Pts',(-5.39960022836388,-68.1852572452481,-9.38333333333334));
#5548=CARTESIAN_POINT('Ctrl Pts',(-1.57561003119481,-68.7689673655578,-9.38333333333333));
#5549=CARTESIAN_POINT('Ctrl Pts',(1.5905775721385,-68.7474807824814,-9.38333333333333));
#5550=CARTESIAN_POINT('Ctrl Pts',(5.1648929583938,-68.2521814833187,-9.38333333333333));
#5551=CARTESIAN_POINT('Ctrl Pts',(9.36847145078248,-67.4640565807887,-9.38333333333333));
#5552=CARTESIAN_POINT('Ctrl Pts',(15.7200252067209,-65.8365095926009,-9.38333333333333));
#5553=CARTESIAN_POINT('Ctrl Pts',(21.0591151479016,-63.5595876714559,-9.38333333333333));
#5554=CARTESIAN_POINT('Ctrl Pts',(23.5625854980065,-62.1395138193319,-9.38333333333333));
#5555=CARTESIAN_POINT('Ctrl Pts',(23.6202523980421,-62.1067968387313,-9.38333333333333));
#5556=CARTESIAN_POINT('Ctrl Pts',(23.6779192980778,-62.0740798581306,-9.38333333333333));
#5557=CARTESIAN_POINT('Ctrl Pts',(23.7355861981134,-62.04136287753,-9.38333333333333));
#5558=CARTESIAN_POINT('Ctrl Pts',(-23.5601188671892,-61.7618669349204,-9.71666666666667));
#5559=CARTESIAN_POINT('Ctrl Pts',(-23.4940345105586,-61.7978222814902,-9.71666666666667));
#5560=CARTESIAN_POINT('Ctrl Pts',(-23.4279501539279,-61.83377762806,-9.71666666666667));
#5561=CARTESIAN_POINT('Ctrl Pts',(-23.3618657972973,-61.8697329746297,-9.71666666666667));
#5562=CARTESIAN_POINT('Ctrl Pts',(-21.201096657333,-63.0452169180223,-9.71666666666667));
#5563=CARTESIAN_POINT('Ctrl Pts',(-17.506740997475,-64.5871222434719,-9.71666666666667));
#5564=CARTESIAN_POINT('Ctrl Pts',(-12.3551149433631,-66.1928528733496,-9.71666666666667));
#5565=CARTESIAN_POINT('Ctrl Pts',(-8.66340365542835,-67.157086831765,-9.71666666666667));
#5566=CARTESIAN_POINT('Ctrl Pts',(-5.33804686435657,-67.8575375489312,-9.71666666666667));
#5567=CARTESIAN_POINT('Ctrl Pts',(-1.54519487020535,-68.4358946933892,-9.71666666666666));
#5568=CARTESIAN_POINT('Ctrl Pts',(1.56024200495935,-68.4141184782434,-9.71666666666667));
#5569=CARTESIAN_POINT('Ctrl Pts',(5.11033865929356,-67.9231591803931,-9.71666666666667));
#5570=CARTESIAN_POINT('Ctrl Pts',(9.29369454956478,-67.1391089600283,-9.71666666666667));
#5571=CARTESIAN_POINT('Ctrl Pts',(15.6168147861207,-65.5178252621841,-9.71666666666667));
#5572=CARTESIAN_POINT('Ctrl Pts',(20.9142166193869,-63.2590626285757,-9.71666666666667));
#5573=CARTESIAN_POINT('Ctrl Pts',(23.3980993107557,-61.8495907169154,-9.71666666666667));
#5574=CARTESIAN_POINT('Ctrl Pts',(23.4557662107913,-61.8168737363148,-9.71666666666667));
#5575=CARTESIAN_POINT('Ctrl Pts',(23.513433110827,-61.7841567557142,-9.71666666666667));
#5576=CARTESIAN_POINT('Ctrl Pts',(23.5711000108626,-61.7514397751135,-9.71666666666667));
#5577=CARTESIAN_POINT('Ctrl Pts',(-23.4008111818611,-61.4690663671161,-10.05));
#5578=CARTESIAN_POINT('Ctrl Pts',(-23.3347268252304,-61.5050217136859,-10.05));
#5579=CARTESIAN_POINT('Ctrl Pts',(-23.2686424685997,-61.5409770602557,-10.05));
#5580=CARTESIAN_POINT('Ctrl Pts',(-23.2025581119691,-61.5769324068255,-10.05));
#5581=CARTESIAN_POINT('Ctrl Pts',(-21.062952817744,-62.7410543533607,-10.05));
#5582=CARTESIAN_POINT('Ctrl Pts',(-17.3934684618112,-64.2731379245014,-10.05));
#5583=CARTESIAN_POINT('Ctrl Pts',(-12.2633785958648,-65.8723688947824,-10.05));
#5584=CARTESIAN_POINT('Ctrl Pts',(-8.58629519723946,-66.8324610105145,-10.05));
#5585=CARTESIAN_POINT('Ctrl Pts',(-5.27651472573114,-67.530184714158,-10.05));
#5586=CARTESIAN_POINT('Ctrl Pts',(-1.51543319222559,-68.1019371470223,-10.05));
#5587=CARTESIAN_POINT('Ctrl Pts',(1.53012773304121,-68.0808878979664,-10.05));
#5588=CARTESIAN_POINT('Ctrl Pts',(5.05610160253322,-67.5943748426602,-10.05));
#5589=CARTESIAN_POINT('Ctrl Pts',(9.21901068400985,-66.8138416574332,-10.05));
#5590=CARTESIAN_POINT('Ctrl Pts',(15.5134402892933,-65.1999397535712,-10.05));
#5591=CARTESIAN_POINT('Ctrl Pts',(20.7704057701662,-62.9571539913411,-10.05));
#5592=CARTESIAN_POINT('Ctrl Pts',(23.2336131235049,-61.5596676144989,-10.05));
#5593=CARTESIAN_POINT('Ctrl Pts',(23.2912800235405,-61.5269506338983,-10.05));
#5594=CARTESIAN_POINT('Ctrl Pts',(23.3489469235761,-61.4942336532977,-10.05));
#5595=CARTESIAN_POINT('Ctrl Pts',(23.4066138236118,-61.461516672697,-10.05));
#5596=CARTESIAN_POINT('',(-23.3347268252303,-61.505021713686,-10.05));
#5597=CARTESIAN_POINT('Ctrl Pts',(-23.3347268252303,-61.505021713686,-10.05));
#5598=CARTESIAN_POINT('Ctrl Pts',(-23.2906705874766,-61.5289919447325,-10.05));
#5599=CARTESIAN_POINT('Ctrl Pts',(-23.2466143497228,-61.552962175779,-10.05));
#5600=CARTESIAN_POINT('Ctrl Pts',(-23.2025581119691,-61.5769324068255,-10.05));
#5601=CARTESIAN_POINT('Ctrl Pts',(-21.062952817744,-62.7410543533607,-10.05));
#5602=CARTESIAN_POINT('Ctrl Pts',(-17.3934684618112,-64.2731379245014,-10.05));
#5603=CARTESIAN_POINT('Ctrl Pts',(-12.2633785958648,-65.8723688947824,-10.05));
#5604=CARTESIAN_POINT('Ctrl Pts',(-8.58629519723946,-66.8324610105145,-10.05));
#5605=CARTESIAN_POINT('Ctrl Pts',(-5.27651472573114,-67.530184714158,-10.05));
#5606=CARTESIAN_POINT('Ctrl Pts',(-1.51543319222559,-68.1019371470223,-10.05));
#5607=CARTESIAN_POINT('Ctrl Pts',(1.53012773304121,-68.0808878979664,-10.05));
#5608=CARTESIAN_POINT('Ctrl Pts',(5.05610160253322,-67.5943748426602,-10.05));
#5609=CARTESIAN_POINT('Ctrl Pts',(9.21901068400985,-66.8138416574332,-10.05));
#5610=CARTESIAN_POINT('Ctrl Pts',(15.5134402892933,-65.1999397535712,-10.05));
#5611=CARTESIAN_POINT('Ctrl Pts',(20.7704057701662,-62.9571539913411,-10.05));
#5612=CARTESIAN_POINT('Ctrl Pts',(23.2336131235049,-61.5596676144989,-10.05));
#5613=CARTESIAN_POINT('Ctrl Pts',(23.2720577235287,-61.5378562940985,-10.05));
#5614=CARTESIAN_POINT('Ctrl Pts',(23.3105023235525,-61.5160449736981,-10.05));
#5615=CARTESIAN_POINT('Ctrl Pts',(23.3489469235762,-61.4942336532976,-10.05));
#5616=CARTESIAN_POINT('',(-23.8787342378456,-62.3474680705288,-9.05));
#5617=CARTESIAN_POINT('Ctrl Pts',(23.9000723853642,-62.3312859799465,-9.05));
#5618=CARTESIAN_POINT('Ctrl Pts',(23.8424054853286,-62.3640029605471,-9.05));
#5619=CARTESIAN_POINT('Ctrl Pts',(23.784738585293,-62.3967199411478,-9.05));
#5620=CARTESIAN_POINT('Ctrl Pts',(23.7270716852573,-62.4294369217484,-9.05));
#5621=CARTESIAN_POINT('Ctrl Pts',(21.2029259971223,-63.8614963086905,-9.05));
#5622=CARTESIAN_POINT('Ctrl Pts',(15.8233997035483,-66.1543951012138,-9.05));
#5623=CARTESIAN_POINT('Ctrl Pts',(9.44315531633741,-67.7893238833838,-9.05));
#5624=CARTESIAN_POINT('Ctrl Pts',(5.21913001515414,-68.5809658210517,-9.05));
#5625=CARTESIAN_POINT('Ctrl Pts',(1.62069184405664,-69.0807113627585,-9.05));
#5626=CARTESIAN_POINT('Ctrl Pts',(-1.60537170917456,-69.1029249119247,-9.05));
#5627=CARTESIAN_POINT('Ctrl Pts',(-5.46113236698931,-68.5126100800212,-9.05));
#5628=CARTESIAN_POINT('Ctrl Pts',(-8.81791081587627,-67.8058819636593,-9.05));
#5629=CARTESIAN_POINT('Ctrl Pts',(-12.5388128522259,-66.8339140678084,-9.05));
#5630=CARTESIAN_POINT('Ctrl Pts',(-17.733110824161,-65.2149412586126,-9.05));
#5631=CARTESIAN_POINT('Ctrl Pts',(-21.4785489237552,-63.6533670638739,-9.05));
#5632=CARTESIAN_POINT('Ctrl Pts',(-23.6804811679536,-62.4553341102382,-9.05));
#5633=CARTESIAN_POINT('Ctrl Pts',(-23.7465655245842,-62.4193787636685,-9.05));
#5634=CARTESIAN_POINT('Ctrl Pts',(-23.8126498812149,-62.3834234170987,-9.05));
#5635=CARTESIAN_POINT('Ctrl Pts',(-23.8787342378456,-62.3474680705289,-9.05));
#5636=CARTESIAN_POINT('Ctrl Pts',(-23.8787342378456,-62.3474680705289,-9.05000000000001));
#5637=CARTESIAN_POINT('Ctrl Pts',(-23.7880664025707,-62.2070604478772,-9.21666654382344));
#5638=CARTESIAN_POINT('Ctrl Pts',(-23.6973985672958,-62.0666528252256,-9.38333308764686));
#5639=CARTESIAN_POINT('Ctrl Pts',(-23.5160627630907,-61.7858373729446,-9.71666642098018));
#5640=CARTESIAN_POINT('Ctrl Pts',(-23.4253947941605,-61.6454295433153,-9.88333321049009));
#5641=CARTESIAN_POINT('Ctrl Pts',(-23.3347268252303,-61.505021713686,-10.05));
#5642=CARTESIAN_POINT('Origin',(-38.769912368256,-50.4356723641678,-9.55));
#5643=CARTESIAN_POINT('',(-37.8161372807609,-50.5310916416218,-10.05));
#5644=CARTESIAN_POINT('',(-38.4679281979531,-50.0371682100032,-10.05));
#5645=CARTESIAN_POINT('',(-38.0283788979765,-51.6249482219507,-9.05));
#5646=CARTESIAN_POINT('',(-39.071896538559,-50.8341765183324,-9.05));
#5647=CARTESIAN_POINT('Ctrl Pts',(-38.0281881496528,-51.6249261894423,-9.05000000003462));
#5648=CARTESIAN_POINT('Ctrl Pts',(-37.9927131074634,-51.4427290188087,-9.21667980503013));
#5649=CARTESIAN_POINT('Ctrl Pts',(-37.9573099212841,-51.2604927426591,-9.38333918213299));
#5650=CARTESIAN_POINT('Ctrl Pts',(-37.9219759031576,-51.0782213223626,-9.54997449985009));
#5651=CARTESIAN_POINT('Ctrl Pts',(-37.8866289650248,-50.895883253889,-9.71667074834914));
#5652=CARTESIAN_POINT('Ctrl Pts',(-37.8513503611094,-50.7135054542592,-9.88334709006797));
#5653=CARTESIAN_POINT('Ctrl Pts',(-37.8161372807609,-50.5310916416218,-10.05));
#5654=CARTESIAN_POINT('Ctrl Pts',(-61.7010721814095,26.2086609142186,-9.05));
#5655=CARTESIAN_POINT('Ctrl Pts',(-64.4897679703003,24.834640667209,-9.05));
#5656=CARTESIAN_POINT('Ctrl Pts',(-69.0200795726861,22.345273473331,-9.05));
#5657=CARTESIAN_POINT('Ctrl Pts',(-75.0297017021048,17.6341599330209,-9.05));
#5658=CARTESIAN_POINT('Ctrl Pts',(-77.9792956088035,13.8886911537561,-9.05));
#5659=CARTESIAN_POINT('Ctrl Pts',(-79.2241228376344,11.7420585106594,-9.05));
#5660=CARTESIAN_POINT('Ctrl Pts',(-79.367748730089,11.4943839563147,-9.05));
#5661=CARTESIAN_POINT('Ctrl Pts',(-79.5113746225436,11.24670940197,-9.05));
#5662=CARTESIAN_POINT('Ctrl Pts',(-79.6550005149982,10.9990348476252,-9.05));
#5663=CARTESIAN_POINT('Ctrl Pts',(-61.5537471867195,25.909651788855,-9.38333333333333));
#5664=CARTESIAN_POINT('Ctrl Pts',(-64.3316989909034,24.5411640856763,-9.38333333333333));
#5665=CARTESIAN_POINT('Ctrl Pts',(-68.8435486062357,22.0606925061022,-9.38333333333334));
#5666=CARTESIAN_POINT('Ctrl Pts',(-74.7950769360536,17.3929503801044,-9.38333333333333));
#5667=CARTESIAN_POINT('Ctrl Pts',(-77.7048014353232,13.6966519606789,-9.38333333333333));
#5668=CARTESIAN_POINT('Ctrl Pts',(-78.9357663001195,11.5748412316973,-9.38333333333333));
#5669=CARTESIAN_POINT('Ctrl Pts',(-79.079392192574,11.3271666773525,-9.38333333333333));
#5670=CARTESIAN_POINT('Ctrl Pts',(-79.2230180850286,11.0794921230078,-9.38333333333333));
#5671=CARTESIAN_POINT('Ctrl Pts',(-79.3666439774832,10.8318175686631,-9.38333333333333));
#5672=CARTESIAN_POINT('Ctrl Pts',(-61.4064221920296,25.6106426634914,-9.71666666666667));
#5673=CARTESIAN_POINT('Ctrl Pts',(-64.1740829119581,24.2467477523473,-9.71666666666667));
#5674=CARTESIAN_POINT('Ctrl Pts',(-68.6671700867984,21.7767115468631,-9.71666666666667));
#5675=CARTESIAN_POINT('Ctrl Pts',(-74.5602183033994,17.1516322283202,-9.71666666666667));
#5676=CARTESIAN_POINT('Ctrl Pts',(-77.4313040717095,13.5056450310488,-9.71666666666667));
#5677=CARTESIAN_POINT('Ctrl Pts',(-78.6474097626045,11.4076239527351,-9.71666666666667));
#5678=CARTESIAN_POINT('Ctrl Pts',(-78.7910356550591,11.1599493983904,-9.71666666666667));
#5679=CARTESIAN_POINT('Ctrl Pts',(-78.9346615475137,10.9122748440456,-9.71666666666667));
#5680=CARTESIAN_POINT('Ctrl Pts',(-79.0782874399683,10.6646002897009,-9.71666666666667));
#5681=CARTESIAN_POINT('Ctrl Pts',(-61.2590971973396,25.3116335381278,-10.05));
#5682=CARTESIAN_POINT('Ctrl Pts',(-64.0160139325612,23.9532711708146,-10.05));
#5683=CARTESIAN_POINT('Ctrl Pts',(-68.490639120348,21.4921305796343,-10.05));
#5684=CARTESIAN_POINT('Ctrl Pts',(-74.3255935373481,16.9104226754037,-10.05));
#5685=CARTESIAN_POINT('Ctrl Pts',(-77.1568098982291,13.3136058379716,-10.05));
#5686=CARTESIAN_POINT('Ctrl Pts',(-78.3590532250896,11.240406673773,-10.05));
#5687=CARTESIAN_POINT('Ctrl Pts',(-78.5026791175442,10.9927321194282,-10.05));
#5688=CARTESIAN_POINT('Ctrl Pts',(-78.6463050099988,10.7450575650835,-10.05));
#5689=CARTESIAN_POINT('Ctrl Pts',(-78.7899309024533,10.4973830107387,-10.05));
#5690=CARTESIAN_POINT('Ctrl Pts',(-79.6550005149982,10.9990348476252,-9.05));
#5691=CARTESIAN_POINT('Ctrl Pts',(-79.5113746225436,11.24670940197,-9.05));
#5692=CARTESIAN_POINT('Ctrl Pts',(-79.367748730089,11.4943839563147,-9.05));
#5693=CARTESIAN_POINT('Ctrl Pts',(-79.2241228376344,11.7420585106594,-9.05));
#5694=CARTESIAN_POINT('Ctrl Pts',(-77.9792956088035,13.8886911537561,-9.05));
#5695=CARTESIAN_POINT('Ctrl Pts',(-75.0297017021048,17.6341599330209,-9.05));
#5696=CARTESIAN_POINT('Ctrl Pts',(-69.2670944488797,22.1516314933807,-9.05));
#5697=CARTESIAN_POINT('Ctrl Pts',(-65.0103699985554,24.545241967393,-9.05));
#5698=CARTESIAN_POINT('Ctrl Pts',(-62.501484027199,25.80985128868,-9.05));
#5699=CARTESIAN_POINT('Ctrl Pts',(-61.2590971973396,25.3116335381278,-10.05));
#5700=CARTESIAN_POINT('Ctrl Pts',(-64.0160139325612,23.9532711708146,-10.05));
#5701=CARTESIAN_POINT('Ctrl Pts',(-68.490639120348,21.4921305796343,-10.05));
#5702=CARTESIAN_POINT('Ctrl Pts',(-74.3255935373481,16.9104226754037,-10.05));
#5703=CARTESIAN_POINT('Ctrl Pts',(-77.1568098982291,13.3136058379716,-10.05));
#5704=CARTESIAN_POINT('Ctrl Pts',(-78.3590532250896,11.240406673773,-10.05));
#5705=CARTESIAN_POINT('Ctrl Pts',(-78.4548038200593,11.0752903042098,-10.05));
#5706=CARTESIAN_POINT('Ctrl Pts',(-78.550554415029,10.9101739346467,-10.05));
#5707=CARTESIAN_POINT('Ctrl Pts',(-78.6463050099987,10.7450575650836,-10.05));
#5708=CARTESIAN_POINT('Ctrl Pts',(-71.3750540765762,-48.2575185824789,-9.05));
#5709=CARTESIAN_POINT('Ctrl Pts',(-71.2465306668363,-48.6264153671445,-9.05));
#5710=CARTESIAN_POINT('Ctrl Pts',(-71.047182702257,-48.9666821104839,-9.05));
#5711=CARTESIAN_POINT('Ctrl Pts',(-70.6154320096305,-49.4543373685998,-9.05));
#5712=CARTESIAN_POINT('Ctrl Pts',(-70.4179314887856,-49.6261580380348,-9.05));
#5713=CARTESIAN_POINT('Ctrl Pts',(-69.9835137799574,-49.914403756885,-9.05));
#5714=CARTESIAN_POINT('Ctrl Pts',(-69.7484439220705,-50.029603542206,-9.05));
#5715=CARTESIAN_POINT('Ctrl Pts',(-69.5014586666711,-50.1129663635832,-9.05));
#5716=CARTESIAN_POINT('Ctrl Pts',(-71.0602778458456,-48.1478507399812,-9.38333333333333));
#5717=CARTESIAN_POINT('Ctrl Pts',(-70.9460346544787,-48.4757589152,-9.38333333333333));
#5718=CARTESIAN_POINT('Ctrl Pts',(-70.7688365967732,-48.778218295644,-9.38333333333333));
#5719=CARTESIAN_POINT('Ctrl Pts',(-70.3850582254445,-49.2116896626847,-9.38333333333333));
#5720=CARTESIAN_POINT('Ctrl Pts',(-70.2095021858056,-49.3644191245367,-9.38333333333333));
#5721=CARTESIAN_POINT('Ctrl Pts',(-69.8233531421221,-49.6206375672878,-9.38333333333333));
#5722=CARTESIAN_POINT('Ctrl Pts',(-69.6144021350868,-49.7230373456381,-9.38333333333333));
#5723=CARTESIAN_POINT('Ctrl Pts',(-69.3948597037077,-49.7971376565184,-9.38333333333333));
#5724=CARTESIAN_POINT('Ctrl Pts',(-70.7455016151149,-48.0381828974836,-9.71666666666667));
#5725=CARTESIAN_POINT('Ctrl Pts',(-70.6455391235818,-48.3251026967074,-9.71666666666667));
#5726=CARTESIAN_POINT('Ctrl Pts',(-70.4904905736552,-48.5897545551625,-9.71666666666667));
#5727=CARTESIAN_POINT('Ctrl Pts',(-70.1546844572729,-48.9690419516483,-9.71666666666667));
#5728=CARTESIAN_POINT('Ctrl Pts',(-70.0010729621704,-49.102680272188,-9.71666666666667));
#5729=CARTESIAN_POINT('Ctrl Pts',(-69.6631924911403,-49.326871360854,-9.71666666666667));
#5730=CARTESIAN_POINT('Ctrl Pts',(-69.4803604016975,-49.4164712247052,-9.71666666666667));
#5731=CARTESIAN_POINT('Ctrl Pts',(-69.2882607407442,-49.4813089494536,-9.71666666666667));
#5732=CARTESIAN_POINT('Ctrl Pts',(-70.4307253843842,-47.9285150549859,-10.05));
#5733=CARTESIAN_POINT('Ctrl Pts',(-70.3450431112242,-48.174446244763,-10.05));
#5734=CARTESIAN_POINT('Ctrl Pts',(-70.2121444681713,-48.4012907403226,-10.05));
#5735=CARTESIAN_POINT('Ctrl Pts',(-69.924310673087,-48.7263942457332,-10.05));
#5736=CARTESIAN_POINT('Ctrl Pts',(-69.7926436591904,-48.8409413586899,-10.05));
#5737=CARTESIAN_POINT('Ctrl Pts',(-69.503031853305,-49.0331051712567,-10.05));
#5738=CARTESIAN_POINT('Ctrl Pts',(-69.3463186147137,-49.1099050281374,-10.05));
#5739=CARTESIAN_POINT('Ctrl Pts',(-69.1816617777807,-49.1654802423888,-10.05));
#5740=CARTESIAN_POINT('',(-69.1816617777807,-49.1654802423888,-10.05));
#5741=CARTESIAN_POINT('',(-69.5014586666711,-50.1129663635832,-9.05));
#5742=CARTESIAN_POINT('',(-69.1816617777807,-49.1654802423888,-10.05));
#5743=CARTESIAN_POINT('Ctrl Pts',(-69.5014586666711,-50.1129663635832,-9.05));
#5744=CARTESIAN_POINT('Ctrl Pts',(-69.7484439220705,-50.029603542206,-9.05));
#5745=CARTESIAN_POINT('Ctrl Pts',(-69.9835137799574,-49.914403756885,-9.05));
#5746=CARTESIAN_POINT('Ctrl Pts',(-70.4179314887856,-49.6261580380348,-9.05));
#5747=CARTESIAN_POINT('Ctrl Pts',(-70.6154320096305,-49.4543373685998,-9.05));
#5748=CARTESIAN_POINT('Ctrl Pts',(-71.047182702257,-48.9666821104839,-9.05));
#5749=CARTESIAN_POINT('Ctrl Pts',(-71.2465306668363,-48.6264153671445,-9.05));
#5750=CARTESIAN_POINT('Ctrl Pts',(-71.3750540765762,-48.2575185824789,-9.05));
#5751=CARTESIAN_POINT('Ctrl Pts',(-70.4307253843842,-47.9285150549859,-10.05));
#5752=CARTESIAN_POINT('Ctrl Pts',(-70.3450431112242,-48.174446244763,-10.05));
#5753=CARTESIAN_POINT('Ctrl Pts',(-70.2121444681713,-48.4012907403226,-10.05));
#5754=CARTESIAN_POINT('Ctrl Pts',(-69.924310673087,-48.7263942457332,-10.05));
#5755=CARTESIAN_POINT('Ctrl Pts',(-69.7926436591904,-48.8409413586899,-10.05));
#5756=CARTESIAN_POINT('Ctrl Pts',(-69.503031853305,-49.0331051712567,-10.05));
#5757=CARTESIAN_POINT('Ctrl Pts',(-69.3463186147137,-49.1099050281374,-10.05));
#5758=CARTESIAN_POINT('Ctrl Pts',(-69.1816617777807,-49.1654802423888,-10.05));
#5759=CARTESIAN_POINT('Ctrl Pts',(-69.5014586666711,-50.1129663635832,-9.05));
#5760=CARTESIAN_POINT('Ctrl Pts',(-67.6810234183096,-50.7274023071076,-9.05));
#5761=CARTESIAN_POINT('Ctrl Pts',(-64.3466855990049,-51.7989954021735,-9.04999999999999));
#5762=CARTESIAN_POINT('Ctrl Pts',(-58.698152669024,-53.3478316879656,-9.05));
#5763=CARTESIAN_POINT('Ctrl Pts',(-53.7867996403451,-54.0808286323469,-9.05));
#5764=CARTESIAN_POINT('Ctrl Pts',(-46.8968011011544,-53.7196062547207,-9.05));
#5765=CARTESIAN_POINT('Ctrl Pts',(-41.7990090207151,-52.6576439825985,-9.05));
#5766=CARTESIAN_POINT('Ctrl Pts',(-37.5522183708844,-51.4956365130558,-9.05));
#5767=CARTESIAN_POINT('Ctrl Pts',(-69.3948597037077,-49.7971376565184,-9.38333333333333));
#5768=CARTESIAN_POINT('Ctrl Pts',(-67.5772679972382,-50.410613843662,-9.38333333333333));
#5769=CARTESIAN_POINT('Ctrl Pts',(-64.2500937797117,-51.4800448090081,-9.38333333333333));
#5770=CARTESIAN_POINT('Ctrl Pts',(-58.624271833465,-53.0218875231889,-9.38333333333333));
#5771=CARTESIAN_POINT('Ctrl Pts',(-53.7690058499419,-53.7453819357165,-9.38333333333334));
#5772=CARTESIAN_POINT('Ctrl Pts',(-46.9505220841322,-53.3888965727177,-9.38333333333333));
#5773=CARTESIAN_POINT('Ctrl Pts',(-41.8762114499196,-52.3331819885406,-9.38333333333333));
#5774=CARTESIAN_POINT('Ctrl Pts',(-37.6401913398602,-51.1741215556422,-9.38333333333333));
#5775=CARTESIAN_POINT('Ctrl Pts',(-69.2882607407442,-49.4813089494536,-9.71666666666667));
#5776=CARTESIAN_POINT('Ctrl Pts',(-67.4735125761668,-50.0938253802164,-9.71666666666667));
#5777=CARTESIAN_POINT('Ctrl Pts',(-64.1535019604186,-51.1610942158427,-9.71666666666666));
#5778=CARTESIAN_POINT('Ctrl Pts',(-58.5503909979059,-52.6959433584122,-9.71666666666667));
#5779=CARTESIAN_POINT('Ctrl Pts',(-53.7512120595388,-53.4099352390862,-9.71666666666667));
#5780=CARTESIAN_POINT('Ctrl Pts',(-47.0042430671099,-53.0581868907148,-9.71666666666667));
#5781=CARTESIAN_POINT('Ctrl Pts',(-41.9534138791241,-52.0087199944828,-9.71666666666667));
#5782=CARTESIAN_POINT('Ctrl Pts',(-37.728164308836,-50.8526065982285,-9.71666666666667));
#5783=CARTESIAN_POINT('Ctrl Pts',(-69.1816617777808,-49.1654802423888,-10.05));
#5784=CARTESIAN_POINT('Ctrl Pts',(-67.3697571550954,-49.7770369167708,-10.05));
#5785=CARTESIAN_POINT('Ctrl Pts',(-64.0569101411254,-50.8421436226774,-10.05));
#5786=CARTESIAN_POINT('Ctrl Pts',(-58.4765101623469,-52.3699991936355,-10.05));
#5787=CARTESIAN_POINT('Ctrl Pts',(-53.7334182691356,-53.0744885424558,-10.05));
#5788=CARTESIAN_POINT('Ctrl Pts',(-47.0579640500876,-52.7274772087118,-10.05));
#5789=CARTESIAN_POINT('Ctrl Pts',(-42.0306163083286,-51.684258000425,-10.05));
#5790=CARTESIAN_POINT('Ctrl Pts',(-37.8161372778118,-50.5310916408149,-10.05));
#5791=CARTESIAN_POINT('Ctrl Pts',(-38.0283715105695,-51.624975626044,-9.05000000000001));
#5792=CARTESIAN_POINT('Ctrl Pts',(-42.054344951664,-52.7104289538186,-9.05));
#5793=CARTESIAN_POINT('Ctrl Pts',(-47.0005783177022,-53.7250469892421,-9.05));
#5794=CARTESIAN_POINT('Ctrl Pts',(-53.7867996403451,-54.0808286323469,-9.05));
#5795=CARTESIAN_POINT('Ctrl Pts',(-58.698152669024,-53.3478316879656,-9.05));
#5796=CARTESIAN_POINT('Ctrl Pts',(-64.3466855990049,-51.7989954021735,-9.04999999999999));
#5797=CARTESIAN_POINT('Ctrl Pts',(-67.6810234183096,-50.7274023071076,-9.05));
#5798=CARTESIAN_POINT('Ctrl Pts',(-69.5014586666711,-50.1129663635832,-9.05));
#5799=CARTESIAN_POINT('Ctrl Pts',(-69.1816617777808,-49.1654802423888,-10.05));
#5800=CARTESIAN_POINT('Ctrl Pts',(-67.3697571550954,-49.7770369167708,-10.05));
#5801=CARTESIAN_POINT('Ctrl Pts',(-64.0569101411254,-50.8421436226774,-10.05));
#5802=CARTESIAN_POINT('Ctrl Pts',(-58.4765101623469,-52.3699991936355,-10.05));
#5803=CARTESIAN_POINT('Ctrl Pts',(-53.7334182691356,-53.0744885424558,-10.05));
#5804=CARTESIAN_POINT('Ctrl Pts',(-47.0579640500876,-52.7274772087118,-10.05));
#5805=CARTESIAN_POINT('Ctrl Pts',(-42.0306163083286,-51.684258000425,-10.05));
#5806=CARTESIAN_POINT('Ctrl Pts',(-37.8161372778118,-50.5310916408149,-10.05));
#5807=CARTESIAN_POINT('Origin',(-38.1155279448804,55.1753913727035,1.56));
#5808=CARTESIAN_POINT('',(-41.1754572414657,58.5874745836481,4.57805777443942));
#5809=CARTESIAN_POINT('',(-41.1754572414657,58.5874745836481,1.56));
#5810=CARTESIAN_POINT('',(-41.1708115542053,58.5822942445069,4.585));
#5811=CARTESIAN_POINT('',(-41.5247330783688,58.9769470529681,4.05612172779469));
#5812=CARTESIAN_POINT('',(-38.1155279448804,55.1753913727035,4.585));
#5813=CARTESIAN_POINT('',(-27.3193641375126,43.1367441690458,4.585));
#5814=CARTESIAN_POINT('',(-38.1155279448804,55.1753913727035,1.56));
#5815=CARTESIAN_POINT('',(-38.1155279448804,55.1753913727035,1.56));
#5816=CARTESIAN_POINT('',(-39.7730028497729,57.0236178339862,1.56));
#5817=CARTESIAN_POINT('',(-16.0176914269846,30.5344112477538,1.56));
#5818=CARTESIAN_POINT('',(-39.8324259832204,57.0898797166208,-8.2943833842997));
#5819=CARTESIAN_POINT('Ctrl Pts',(-39.8324259832204,57.0898797166208,-8.2943833842997));
#5820=CARTESIAN_POINT('Ctrl Pts',(-39.8242865567992,57.0808035591197,-6.94458871937024));
#5821=CARTESIAN_POINT('Ctrl Pts',(-39.8161471303781,57.0717274016185,-5.59479405444079));
#5822=CARTESIAN_POINT('Ctrl Pts',(-39.7963394192334,57.0496401074058,-2.30999959299556));
#5823=CARTESIAN_POINT('Ctrl Pts',(-39.7846711345099,57.0366289706942,-0.374999796479791));
#5824=CARTESIAN_POINT('Ctrl Pts',(-39.7730028497864,57.0236178339826,1.56000000003598));
#5825=CARTESIAN_POINT('',(-39.8324259832204,57.0898797166208,0.755));
#5826=CARTESIAN_POINT('Origin',(-43.2229692866406,58.6291193259772,1.56));
#5827=CARTESIAN_POINT('',(-45.2704813318155,58.6707640683062,1.585));
#5828=CARTESIAN_POINT('',(-45.2704813318155,58.6707640683062,1.56));
#5829=CARTESIAN_POINT('',(-41.1754572414657,58.5874745836481,4.57805777443942));
#5830=CARTESIAN_POINT('Origin',(-43.1783899106826,60.8209160363359,1.56));
#5831=CARTESIAN_POINT('',(-63.8804224469139,39.5443525217797,1.585));
#5832=CARTESIAN_POINT('',(-63.8804224469139,39.5443525217797,1.56));
#5833=CARTESIAN_POINT('',(-36.3394811625039,67.8496208795061,1.585));
#5834=CARTESIAN_POINT('Origin',(-63.8804224469139,39.5443525217797,1.56));
#5835=CARTESIAN_POINT('',(-62.0943991520716,34.2100834812782,0.56));
#5836=CARTESIAN_POINT('',(-62.0943991520716,34.2100834812782,0.755));
#5837=CARTESIAN_POINT('',(-61.7371944931032,33.1432296731779,1.56));
#5838=CARTESIAN_POINT('',(-63.4631905858688,38.2982170399465,-3.27195291391234));
#5839=CARTESIAN_POINT('',(-61.2013875046505,31.5429489610275,1.56));
#5840=CARTESIAN_POINT('',(-54.7742759113948,12.3472629412773,1.56));
#5841=CARTESIAN_POINT('',(-61.2013875046505,31.5429489610275,4.585));
#5842=CARTESIAN_POINT('',(-61.2013875046505,31.5429489610275,1.56));
#5843=CARTESIAN_POINT('',(-62.8088084700085,36.3437910974788,4.585));
#5844=CARTESIAN_POINT('',(-61.6315545494591,32.827717617737,4.585));
#5845=CARTESIAN_POINT('',(-65.2508034833973,43.6372337051964,-2.25140303136263));
#5846=CARTESIAN_POINT('Origin',(-40.1462839680297,56.7673114211329,-0.05));
#5847=CARTESIAN_POINT('',(-64.5994857678657,31.6354747129302,0.56));
#5848=CARTESIAN_POINT('',(-64.5994857678657,31.6354747129302,-0.05));
#5849=CARTESIAN_POINT('',(-44.4607404574625,52.3331184322296,0.56));
#5850=CARTESIAN_POINT('Origin',(-63.9640159911453,29.8710013244339,-0.05));
#5851=CARTESIAN_POINT('',(-62.5012085418944,25.8093056919236,-5.05));
#5852=CARTESIAN_POINT('Ctrl Pts',(-62.5012085418944,25.8093056919236,-9.05));
#5853=CARTESIAN_POINT('Ctrl Pts',(-62.5012085418944,25.8093056919236,-7.71666666666667));
#5854=CARTESIAN_POINT('Ctrl Pts',(-62.5012085418944,25.8093056919236,-6.38333333333333));
#5855=CARTESIAN_POINT('Ctrl Pts',(-62.5012085418944,25.8093056919236,-5.05));
#5856=CARTESIAN_POINT('',(-62.5012085418944,25.8093056919236,-3.05));
#5857=CARTESIAN_POINT('Ctrl Pts',(-62.5012085418944,25.8093056919236,-5.05));
#5858=CARTESIAN_POINT('Ctrl Pts',(-62.5012085418944,25.8093056919236,-4.78166666666667));
#5859=CARTESIAN_POINT('Ctrl Pts',(-62.5012085418944,25.8093056919236,-4.51333333333333));
#5860=CARTESIAN_POINT('Ctrl Pts',(-62.5012085418944,25.8093056919236,-3.84666666666667));
#5861=CARTESIAN_POINT('Ctrl Pts',(-62.5012085418944,25.8093056919236,-3.44833333333333));
#5862=CARTESIAN_POINT('Ctrl Pts',(-62.5012085418944,25.8093056919236,-3.05));
#5863=CARTESIAN_POINT('',(-62.5012085418955,25.8093056919272,1.56));
#5864=CARTESIAN_POINT('Ctrl Pts',(-62.5012085418944,25.8093056919236,-3.05));
#5865=CARTESIAN_POINT('Ctrl Pts',(-62.5012085418944,25.8093056919236,-1.51333333333333));
#5866=CARTESIAN_POINT('Ctrl Pts',(-62.5012085418944,25.8093056919236,0.0233333333333333));
#5867=CARTESIAN_POINT('Ctrl Pts',(-62.5012085418944,25.8093056919236,1.56));
#5868=CARTESIAN_POINT('',(-64.2225608694524,30.5888884281437,1.56));
#5869=CARTESIAN_POINT('',(-55.6009081137105,6.6496274126563,1.56));
#5870=CARTESIAN_POINT('',(-65.5761480248888,34.3473181792863,-2.03113224181921));
#5871=CARTESIAN_POINT('Ctrl Pts',(-60.0352474685846,27.0079881370989,-10.05));
#5872=CARTESIAN_POINT('Ctrl Pts',(-60.0352474685846,27.0079881370989,1.56));
#5873=CARTESIAN_POINT('Ctrl Pts',(-63.23421482727,25.5134351295546,-10.05));
#5874=CARTESIAN_POINT('Ctrl Pts',(-63.23421482727,25.5134351295546,1.56));
#5875=CARTESIAN_POINT('Ctrl Pts',(-66.334455191182,23.8776488879147,-10.05));
#5876=CARTESIAN_POINT('Ctrl Pts',(-66.334455191182,23.8776488879147,1.56));
#5877=CARTESIAN_POINT('Ctrl Pts',(-69.3329784324022,21.8780186229409,-10.05));
#5878=CARTESIAN_POINT('Ctrl Pts',(-69.3329784324022,21.8780186229409,1.56));
#5879=CARTESIAN_POINT('Ctrl Pts',(-72.0218505775954,20.0848859080564,-10.05));
#5880=CARTESIAN_POINT('Ctrl Pts',(-72.0218505775954,20.0848859080564,1.56));
#5881=CARTESIAN_POINT('Ctrl Pts',(-74.6426473316738,17.9601853331138,-10.05));
#5882=CARTESIAN_POINT('Ctrl Pts',(-74.6426473316738,17.9601853331138,1.56));
#5883=CARTESIAN_POINT('Ctrl Pts',(-76.8873321143233,15.1602121780001,-10.05));
#5884=CARTESIAN_POINT('Ctrl Pts',(-76.8873321143233,15.1602121780001,1.56));
#5885=CARTESIAN_POINT('Ctrl Pts',(-77.7286433693277,14.1107780002858,-10.05));
#5886=CARTESIAN_POINT('Ctrl Pts',(-77.7286433693277,14.1107780002858,1.56));
#5887=CARTESIAN_POINT('Ctrl Pts',(-78.5126614828768,12.9689325161862,-10.05));
#5888=CARTESIAN_POINT('Ctrl Pts',(-78.5126614828768,12.9689325161862,1.56));
#5889=CARTESIAN_POINT('Ctrl Pts',(-79.2241228376344,11.7420585106594,-10.05));
#5890=CARTESIAN_POINT('Ctrl Pts',(-79.2241228376344,11.7420585106594,1.56));
#5891=CARTESIAN_POINT('Ctrl Pts',(-79.5463381724266,11.1864167800228,-10.05));
#5892=CARTESIAN_POINT('Ctrl Pts',(-79.5463381724266,11.1864167800228,1.56));
#5893=CARTESIAN_POINT('Ctrl Pts',(-79.8685535072188,10.630775049386,-10.05));
#5894=CARTESIAN_POINT('Ctrl Pts',(-79.8685535072188,10.630775049386,1.56));
#5895=CARTESIAN_POINT('Ctrl Pts',(-80.1907688420111,10.0751333187492,-10.05));
#5896=CARTESIAN_POINT('Ctrl Pts',(-80.1907688420111,10.0751333187492,1.56));
#5897=CARTESIAN_POINT('',(-79.6550005149981,10.9990348476253,0.56));
#5898=CARTESIAN_POINT('Ctrl Pts',(-79.6550005149981,10.9990348476253,-9.05));
#5899=CARTESIAN_POINT('Ctrl Pts',(-79.6550005149981,10.9990348476253,-7.44833333333333));
#5900=CARTESIAN_POINT('Ctrl Pts',(-79.6550005149981,10.9990348476253,-5.84666666666667));
#5901=CARTESIAN_POINT('Ctrl Pts',(-79.6550005149981,10.9990348476253,-2.64333333333333));
#5902=CARTESIAN_POINT('Ctrl Pts',(-79.6550005149981,10.9990348476253,-1.04166666666667));
#5903=CARTESIAN_POINT('Ctrl Pts',(-79.6550005149981,10.9990348476253,0.559999999999999));
#5904=CARTESIAN_POINT('',(-78.7546803709976,12.5229080694125,0.56));
#5905=CARTESIAN_POINT('Ctrl Pts',(-78.7546803709975,12.5229080694126,0.56));
#5906=CARTESIAN_POINT('Ctrl Pts',(-78.9144079247962,12.2665924562036,0.56));
#5907=CARTESIAN_POINT('Ctrl Pts',(-79.0709158908981,12.0062550396206,0.56));
#5908=CARTESIAN_POINT('Ctrl Pts',(-79.2241228376344,11.7420585106595,0.56));
#5909=CARTESIAN_POINT('Ctrl Pts',(-79.367748730089,11.4943839563147,0.56));
#5910=CARTESIAN_POINT('Ctrl Pts',(-79.5113746225435,11.24670940197,0.56));
#5911=CARTESIAN_POINT('Ctrl Pts',(-79.6550005149981,10.9990348476253,0.56));
#5912=CARTESIAN_POINT('',(-78.7546803709975,12.5229080694126,-3.05));
#5913=CARTESIAN_POINT('Ctrl Pts',(-78.7546803709975,12.5229080694126,-3.05));
#5914=CARTESIAN_POINT('Ctrl Pts',(-78.7546803709975,12.5229080694126,-1.84666666666667));
#5915=CARTESIAN_POINT('Ctrl Pts',(-78.7546803709976,12.5229080694125,-0.643333333333333));
#5916=CARTESIAN_POINT('Ctrl Pts',(-78.7546803709976,12.5229080694125,0.56));
#5917=CARTESIAN_POINT('',(-78.7546803710017,12.5229080694059,-5.05));
#5918=CARTESIAN_POINT('Ctrl Pts',(-78.7546803709976,12.5229080694126,-3.05));
#5919=CARTESIAN_POINT('Ctrl Pts',(-78.7546803709975,12.5229080694126,-3.71666666666667));
#5920=CARTESIAN_POINT('Ctrl Pts',(-78.7546803709975,12.5229080694126,-4.38333333333334));
#5921=CARTESIAN_POINT('Ctrl Pts',(-78.7546803709975,12.5229080694126,-5.05000000000001));
#5922=CARTESIAN_POINT('Ctrl Pts',(-62.5012085418943,25.8093056919237,-5.05));
#5923=CARTESIAN_POINT('Ctrl Pts',(-62.8694407134966,25.6231290466627,-5.05));
#5924=CARTESIAN_POINT('Ctrl Pts',(-63.3625084562994,25.3692971107385,-5.05));
#5925=CARTESIAN_POINT('Ctrl Pts',(-64.3501447977926,24.8482582399536,-5.05));
#5926=CARTESIAN_POINT('Ctrl Pts',(-65.9633207396676,23.9680779402619,-5.05));
#5927=CARTESIAN_POINT('Ctrl Pts',(-68.0772989951967,22.7158937295635,-5.05));
#5928=CARTESIAN_POINT('Ctrl Pts',(-70.325409762903,21.2286816916907,-5.05));
#5929=CARTESIAN_POINT('Ctrl Pts',(-71.6302388477045,20.248029074765,-5.05));
#5930=CARTESIAN_POINT('Ctrl Pts',(-72.2930468197628,19.7173058570646,-5.04999999999999));
#5931=CARTESIAN_POINT('Ctrl Pts',(-72.4384823280094,19.5997916722139,-5.04999999999999));
#5932=CARTESIAN_POINT('Ctrl Pts',(-72.6895717429413,19.3944941176372,-5.04999999999999));
#5933=CARTESIAN_POINT('Ctrl Pts',(-72.9158443407244,19.2048654865139,-5.04999999999995));
#5934=CARTESIAN_POINT('Ctrl Pts',(-73.0861390876496,19.0595124805632,-5.04999999999995));
#5935=CARTESIAN_POINT('Ctrl Pts',(-73.1369740623594,19.0159434123316,-5.04999999999995));
#5936=CARTESIAN_POINT('Ctrl Pts',(-73.1875611232394,18.9724094349181,-5.04999999999995));
#5937=CARTESIAN_POINT('Ctrl Pts',(-73.2882412461761,18.8854091224576,-5.04999999999995));
#5938=CARTESIAN_POINT('Ctrl Pts',(-73.404249171489,18.7841303620846,-5.04999999999993));
#5939=CARTESIAN_POINT('Ctrl Pts',(-73.5349074178648,18.6686462578584,-5.04999999999992));
#5940=CARTESIAN_POINT('Ctrl Pts',(-73.6319458017541,18.5821688188066,-5.04999999999991));
#5941=CARTESIAN_POINT('Ctrl Pts',(-73.7280278676797,18.4958369246513,-5.04999999999989));
#5942=CARTESIAN_POINT('Ctrl Pts',(-73.8549097974986,18.3808849484462,-5.04999999999988));
#5943=CARTESIAN_POINT('Ctrl Pts',(-73.9642094100941,18.2806380916901,-5.0499999999998));
#5944=CARTESIAN_POINT('Ctrl Pts',(-74.0568464631703,18.1947880169514,-5.04999999999979));
#5945=CARTESIAN_POINT('Ctrl Pts',(-74.1029334938614,18.1519016146809,-5.04999999999978));
#5946=CARTESIAN_POINT('Ctrl Pts',(-74.1487978812089,18.1090459120817,-5.04999999999977));
#5947=CARTESIAN_POINT('Ctrl Pts',(-74.1868250589825,18.0733670460037,-5.04999999999976));
#5948=CARTESIAN_POINT('Ctrl Pts',(-74.217144925753,18.0448308154875,-5.04999999999975));
#5949=CARTESIAN_POINT('Ctrl Pts',(-74.247386645652,18.0163097060978,-5.04999999999975));
#5950=CARTESIAN_POINT('Ctrl Pts',(-74.3001152430957,17.9664270980854,-5.04999999999973));
#5951=CARTESIAN_POINT('Ctrl Pts',(-74.3524176403185,17.9166427904365,-5.04999999999968));
#5952=CARTESIAN_POINT('Ctrl Pts',(-74.3970058675572,17.8739806963298,-5.04999999999966));
#5953=CARTESIAN_POINT('Ctrl Pts',(-74.4266707438376,17.8455381142108,-5.04999999999966));
#5954=CARTESIAN_POINT('Ctrl Pts',(-74.4506496715189,17.8224777412457,-5.04999999999963));
#5955=CARTESIAN_POINT('Ctrl Pts',(-74.469072228296,17.8047184840146,-5.04999999999962));
#5956=CARTESIAN_POINT('Ctrl Pts',(-74.4764370567139,17.797615153881,-5.04999999999962));
#5957=CARTESIAN_POINT('Ctrl Pts',(-74.4893115570051,17.7851882812757,-5.04999999999962));
#5958=CARTESIAN_POINT('Ctrl Pts',(-74.5076628095008,17.7674479922316,-5.04999999999962));
#5959=CARTESIAN_POINT('Ctrl Pts',(-74.5296323224573,17.7461660254733,-5.04999999999961));
#5960=CARTESIAN_POINT('Ctrl Pts',(-74.551548416456,17.7248920144929,-5.04999999999961));
#5961=CARTESIAN_POINT('Ctrl Pts',(-74.5697631856105,17.7071745770953,-5.0499999999996));
#5962=CARTESIAN_POINT('Ctrl Pts',(-74.5843164694036,17.6929964794505,-5.0499999999996));
#5963=CARTESIAN_POINT('Ctrl Pts',(-74.5952177426178,17.6823653151996,-5.0499999999996));
#5964=CARTESIAN_POINT('Ctrl Pts',(-74.6061043266586,17.6717375849353,-5.04999999999959));
#5965=CARTESIAN_POINT('Ctrl Pts',(-74.6206066237938,17.6575653808273,-5.04999999999959));
#5966=CARTESIAN_POINT('Ctrl Pts',(-74.6332536498134,17.6451877040471,-5.04999999999957));
#5967=CARTESIAN_POINT('Ctrl Pts',(-74.6440947284323,17.6345633297982,-5.04999999999957));
#5968=CARTESIAN_POINT('Ctrl Pts',(-74.6513174012224,17.6274813976339,-5.04999999999957));
#5969=CARTESIAN_POINT('Ctrl Pts',(-74.660333232252,17.6186345395665,-5.04999999999957));
#5970=CARTESIAN_POINT('Ctrl Pts',(-74.6711416493036,17.6080176944829,-5.04999999999957));
#5971=CARTESIAN_POINT('Ctrl Pts',(-74.6801350481429,17.5991746670676,-5.04999999999957));
#5972=CARTESIAN_POINT('Ctrl Pts',(-74.6873270317026,17.5920973756367,-5.04999999999956));
#5973=CARTESIAN_POINT('Ctrl Pts',(-74.6927174129788,17.5867902335751,-5.04999999999956));
#5974=CARTESIAN_POINT('Ctrl Pts',(-74.698104220215,17.581483887329,-5.04999999999956));
#5975=CARTESIAN_POINT('Ctrl Pts',(-74.7052834526249,17.5744082202534,-5.04999999999956));
#5976=CARTESIAN_POINT('Ctrl Pts',(-74.7142409328269,17.5655733306047,-5.04999999999954));
#5977=CARTESIAN_POINT('Ctrl Pts',(-74.7357333508423,17.5443527597834,-5.04999999999953));
#5978=CARTESIAN_POINT('Ctrl Pts',(-74.7552338230107,17.5250519962041,-5.04999999999934));
#5979=CARTESIAN_POINT('Ctrl Pts',(-74.7730383448716,17.5073865961694,-5.04999999999933));
#5980=CARTESIAN_POINT('Ctrl Pts',(-74.7783767664657,17.5020871573577,-5.04999999999933));
#5981=CARTESIAN_POINT('Ctrl Pts',(-74.7837108731071,17.496789294147,-5.04999999999932));
#5982=CARTESIAN_POINT('Ctrl Pts',(-74.794376733545,17.4861903894297,-5.04999999999932));
#5983=CARTESIAN_POINT('Ctrl Pts',(-74.8049829807845,17.4756377633753,-5.04999999999927));
#5984=CARTESIAN_POINT('Ctrl Pts',(-74.8156166751815,17.4650436127678,-5.04999999999927));
#5985=CARTESIAN_POINT('Ctrl Pts',(-74.8226977378586,17.4579852991087,-5.04999999999926));
#5986=CARTESIAN_POINT('Ctrl Pts',(-74.8350800943868,17.4456331741476,-5.04999999999925));
#5987=CARTESIAN_POINT('Ctrl Pts',(-74.8473950919115,17.433329696921,-5.04999999999922));
#5988=CARTESIAN_POINT('Ctrl Pts',(-74.8570942863826,17.4236267545015,-5.04999999999922));
#5989=CARTESIAN_POINT('Ctrl Pts',(-74.8606187100275,17.4200996061168,-5.04999999999922));
#5990=CARTESIAN_POINT('Ctrl Pts',(-74.8641467879559,17.4165678871342,-5.04999999999922));
#5991=CARTESIAN_POINT('Ctrl Pts',(-74.8685344633765,17.4121740153016,-5.04999999999921));
#5992=CARTESIAN_POINT('Ctrl Pts',(-74.8756156440865,17.4050791752884,-5.04999999999921));
#5993=CARTESIAN_POINT('Ctrl Pts',(-74.8842384341864,17.3964329694213,-5.0499999999992));
#5994=CARTESIAN_POINT('Ctrl Pts',(-74.8987480438495,17.3818702149252,-5.04999999999919));
#5995=CARTESIAN_POINT('Ctrl Pts',(-74.9113889967121,17.369156912977,-5.04999999999914));
#5996=CARTESIAN_POINT('Ctrl Pts',(-74.9255357710884,17.3549245745479,-5.04999999999914));
#5997=CARTESIAN_POINT('Ctrl Pts',(-74.9675880208532,17.3125056682499,-5.04999999999912));
#5998=CARTESIAN_POINT('Ctrl Pts',(-75.0200539400018,17.259342795849,-5.04999999999912));
#5999=CARTESIAN_POINT('Ctrl Pts',(-75.0791649922867,17.199118332466,-5.04999999999906));
#6000=CARTESIAN_POINT('Ctrl Pts',(-75.1337198103517,17.1431067558554,-5.04999999999904));
#6001=CARTESIAN_POINT('Ctrl Pts',(-75.1671372990646,17.1087008471286,-5.04999999999902));
#6002=CARTESIAN_POINT('Ctrl Pts',(-75.1917632959419,17.0832539394703,-5.04999999999901));
#6003=CARTESIAN_POINT('Ctrl Pts',(-75.2082359879811,17.0661996047454,-5.04999999999901));
#6004=CARTESIAN_POINT('Ctrl Pts',(-75.2191922438435,17.054846679921,-5.04999999999901));
#6005=CARTESIAN_POINT('Ctrl Pts',(-75.2492781930771,17.023632868608,-5.04999999999901));
#6006=CARTESIAN_POINT('Ctrl Pts',(-75.2981921029146,16.972672579785,-5.049999999999));
#6007=CARTESIAN_POINT('Ctrl Pts',(-75.3466757617936,16.9218250210932,-5.049999999999));
#6008=CARTESIAN_POINT('Ctrl Pts',(-75.3788392343062,16.8879549488041,-5.049999999999));
#6009=CARTESIAN_POINT('Ctrl Pts',(-75.4002365548236,16.865385195366,-5.049999999999));
#6010=CARTESIAN_POINT('Ctrl Pts',(-75.4215514424299,16.8428461340545,-5.04999999999899));
#6011=CARTESIAN_POINT('Ctrl Pts',(-75.442805031997,16.820316811663,-5.04999999999899));
#6012=CARTESIAN_POINT('Ctrl Pts',(-75.4587078579913,16.8034315547239,-5.04999999999899));
#6013=CARTESIAN_POINT('Ctrl Pts',(-75.4745758758758,16.7865555432853,-5.04999999999899));
#6014=CARTESIAN_POINT('Ctrl Pts',(-75.5062398966672,16.7528246118712,-5.04999999999898));
#6015=CARTESIAN_POINT('Ctrl Pts',(-75.5534371540465,16.7023369517099,-5.04999999999893));
#6016=CARTESIAN_POINT('Ctrl Pts',(-75.6158205265173,16.6351659716915,-5.04999999999889));
#6017=CARTESIAN_POINT('Ctrl Pts',(-75.6776402844713,16.5681641307152,-5.04999999999884));
#6018=CARTESIAN_POINT('Ctrl Pts',(-75.7286880372517,16.5124740441447,-5.04999999999879));
#6019=CARTESIAN_POINT('Ctrl Pts',(-75.7692677541646,16.4679887828721,-5.04999999999877));
#6020=CARTESIAN_POINT('Ctrl Pts',(-75.7995638151109,16.4346685241121,-5.04999999999876));
#6021=CARTESIAN_POINT('Ctrl Pts',(-75.8297232727147,16.4013905278784,-5.04999999999874));
#6022=CARTESIAN_POINT('Ctrl Pts',(-75.8597470244629,16.3681546047484,-5.04999999999872));
#6023=CARTESIAN_POINT('Ctrl Pts',(-75.8846520893549,16.3404953128376,-5.04999999999871));
#6024=CARTESIAN_POINT('Ctrl Pts',(-75.902029486043,16.3211495901134,-5.0499999999987));
#6025=CARTESIAN_POINT('Ctrl Pts',(-75.9107037304541,16.3114811334559,-5.0499999999987));
#6026=CARTESIAN_POINT('Ctrl Pts',(-75.9156565315525,16.3059573435425,-5.0499999999987));
#6027=CARTESIAN_POINT('Ctrl Pts',(-75.9379300668352,16.2811057844515,-5.0499999999987));
#6028=CARTESIAN_POINT('Ctrl Pts',(-75.9686955093591,16.246658663849,-5.04999999999876));
#6029=CARTESIAN_POINT('Ctrl Pts',(-76.007833186938,16.2026280451097,-5.04999999999876));
#6030=CARTESIAN_POINT('Ctrl Pts',(-76.0370491705197,16.1696530071785,-5.04999999999878));
#6031=CARTESIAN_POINT('Ctrl Pts',(-76.0612860940832,16.1422096307036,-5.04999999999879));
#6032=CARTESIAN_POINT('Ctrl Pts',(-76.0781954404323,16.1230172650938,-5.0499999999988));
#6033=CARTESIAN_POINT('Ctrl Pts',(-76.0878419383519,16.1120552267987,-5.0499999999988));
#6034=CARTESIAN_POINT('Ctrl Pts',(-76.1022951020435,16.0956178217834,-5.0499999999988));
#6035=CARTESIAN_POINT('Ctrl Pts',(-76.1239102907272,16.0709853836271,-5.0499999999988));
#6036=CARTESIAN_POINT('Ctrl Pts',(-76.1621640708194,16.0272521507965,-5.04999999999881));
#6037=CARTESIAN_POINT('Ctrl Pts',(-76.2286457688661,15.9508808643058,-5.04999999999884));
#6038=CARTESIAN_POINT('Ctrl Pts',(-76.3035554682087,15.8639931329128,-5.04999999999894));
#6039=CARTESIAN_POINT('Ctrl Pts',(-76.3774780522209,15.7774383945495,-5.04999999999896));
#6040=CARTESIAN_POINT('Ctrl Pts',(-76.4507255442057,15.6911301585583,-5.04999999999898));
#6041=CARTESIAN_POINT('Ctrl Pts',(-76.5229437524462,15.6052194758466,-5.04999999999906));
#6042=CARTESIAN_POINT('Ctrl Pts',(-76.5942019629688,15.5196582493828,-5.04999999999908));
#6043=CARTESIAN_POINT('Ctrl Pts',(-76.6383258851715,15.4663451621631,-5.04999999999909));
#6044=CARTESIAN_POINT('Ctrl Pts',(-76.6733865182689,15.4237859292955,-5.0499999999991));
#6045=CARTESIAN_POINT('Ctrl Pts',(-76.708286082071,15.3812905211269,-5.0499999999991));
#6046=CARTESIAN_POINT('Ctrl Pts',(-76.8729028081482,15.1799066440239,-5.04999999999914));
#6047=CARTESIAN_POINT('Ctrl Pts',(-77.0886727352985,14.908293957574,-5.04999999999956));
#6048=CARTESIAN_POINT('Ctrl Pts',(-77.3087500826305,14.6212805349385,-5.0499999999996));
#6049=CARTESIAN_POINT('Ctrl Pts',(-77.4310575175918,14.4589380204498,-5.04999999999964));
#6050=CARTESIAN_POINT('Ctrl Pts',(-77.5511213542196,14.2976995908518,-5.04999999999965));
#6051=CARTESIAN_POINT('Ctrl Pts',(-77.667840292461,14.1381730532171,-5.04999999999971));
#6052=CARTESIAN_POINT('Ctrl Pts',(-77.7813768823333,13.9803421495705,-5.04999999999971));
#6053=CARTESIAN_POINT('Ctrl Pts',(-77.9485275446947,13.7453359734687,-5.04999999999973));
#6054=CARTESIAN_POINT('Ctrl Pts',(-78.2939284830945,13.2456269855999,-5.04999999999979));
#6055=CARTESIAN_POINT('Ctrl Pts',(-78.578257681507,12.8060144512818,-5.05));
#6056=CARTESIAN_POINT('Ctrl Pts',(-78.7546803709975,12.5229080694126,-5.05));
#6057=CARTESIAN_POINT('Ctrl Pts',(-79.6961928813751,12.2784187917027,-10.05));
#6058=CARTESIAN_POINT('Ctrl Pts',(-79.6961928813751,12.2784187917027,1.56));
#6059=CARTESIAN_POINT('Ctrl Pts',(-79.6732486657763,11.5657998375531,-10.05));
#6060=CARTESIAN_POINT('Ctrl Pts',(-79.6732486657763,11.5657998375531,1.56));
#6061=CARTESIAN_POINT('Ctrl Pts',(-79.6503044501775,10.8531808834034,-10.05));
#6062=CARTESIAN_POINT('Ctrl Pts',(-79.6503044501775,10.8531808834034,1.56));
#6063=CARTESIAN_POINT('Ctrl Pts',(-79.6273602345787,10.1405619292539,-10.05));
#6064=CARTESIAN_POINT('Ctrl Pts',(-79.6273602345787,10.1405619292539,1.56));
#6065=CARTESIAN_POINT('Ctrl Pts',(-79.3621276956235,1.90276736605359,-10.05));
#6066=CARTESIAN_POINT('Ctrl Pts',(-79.3621276956235,1.90276736605359,1.56));
#6067=CARTESIAN_POINT('Ctrl Pts',(-79.0108514181095,-4.99153653976125,-10.05));
#6068=CARTESIAN_POINT('Ctrl Pts',(-79.0108514181095,-4.99153653976125,1.56));
#6069=CARTESIAN_POINT('Ctrl Pts',(-78.5488440675914,-10.9738920235075,-10.05));
#6070=CARTESIAN_POINT('Ctrl Pts',(-78.5488440675914,-10.9738920235075,1.56));
#6071=CARTESIAN_POINT('Ctrl Pts',(-77.9727181704472,-18.4339246750307,-10.05));
#6072=CARTESIAN_POINT('Ctrl Pts',(-77.9727181704472,-18.4339246750307,1.56));
#6073=CARTESIAN_POINT('Ctrl Pts',(-77.230840691849,-24.5596331262747,-10.05));
#6074=CARTESIAN_POINT('Ctrl Pts',(-77.230840691849,-24.5596331262747,1.56));
#6075=CARTESIAN_POINT('Ctrl Pts',(-76.117985178166,-30.4875308872939,-10.05));
#6076=CARTESIAN_POINT('Ctrl Pts',(-76.117985178166,-30.4875308872939,1.56));
#6077=CARTESIAN_POINT('Ctrl Pts',(-75.1593057893553,-35.5941717158575,-10.05));
#6078=CARTESIAN_POINT('Ctrl Pts',(-75.1593057893553,-35.5941717158575,1.56));
#6079=CARTESIAN_POINT('Ctrl Pts',(-73.9093059417735,-40.5637434416116,-10.05));
#6080=CARTESIAN_POINT('Ctrl Pts',(-73.9093059417735,-40.5637434416116,1.56));
#6081=CARTESIAN_POINT('Ctrl Pts',(-72.2221301083835,-45.7445583371901,-10.05));
#6082=CARTESIAN_POINT('Ctrl Pts',(-72.2221301083835,-45.7445583371901,1.56));
#6083=CARTESIAN_POINT('Ctrl Pts',(-71.9507961932014,-46.577744044116,-10.05));
#6084=CARTESIAN_POINT('Ctrl Pts',(-71.9507961932014,-46.577744044116,1.56));
#6085=CARTESIAN_POINT('Ctrl Pts',(-71.6684640795982,-47.4153528873536,-10.05));
#6086=CARTESIAN_POINT('Ctrl Pts',(-71.6684640795982,-47.4153528873536,1.56));
#6087=CARTESIAN_POINT('Ctrl Pts',(-71.3750540765762,-48.257518582479,-10.05));
#6088=CARTESIAN_POINT('Ctrl Pts',(-71.3750540765762,-48.257518582479,1.56));
#6089=CARTESIAN_POINT('Ctrl Pts',(-70.9816967306358,-49.3865600577681,-10.05));
#6090=CARTESIAN_POINT('Ctrl Pts',(-70.9816967306358,-49.3865600577681,1.56));
#6091=CARTESIAN_POINT('Ctrl Pts',(-70.5883393846954,-50.5156015330572,-10.05));
#6092=CARTESIAN_POINT('Ctrl Pts',(-70.5883393846954,-50.5156015330572,1.56));
#6093=CARTESIAN_POINT('Ctrl Pts',(-70.1949820387551,-51.6446430083463,-10.05));
#6094=CARTESIAN_POINT('Ctrl Pts',(-70.1949820387551,-51.6446430083463,1.56));
#6095=CARTESIAN_POINT('',(-71.3750540765762,-48.2575185824789,0.56));
#6096=CARTESIAN_POINT('Ctrl Pts',(-71.3750540765762,-48.2575185824789,0.56));
#6097=CARTESIAN_POINT('Ctrl Pts',(-71.3750540765762,-48.2575185824789,-2.64333333333333));
#6098=CARTESIAN_POINT('Ctrl Pts',(-71.3750540765762,-48.2575185824789,-5.84666666666667));
#6099=CARTESIAN_POINT('Ctrl Pts',(-71.3750540765762,-48.2575185824789,-9.05));
#6100=CARTESIAN_POINT('Ctrl Pts',(-79.6550005149981,10.9990348476253,0.56));
#6101=CARTESIAN_POINT('Ctrl Pts',(-79.6457870881916,10.7128772081681,0.56));
#6102=CARTESIAN_POINT('Ctrl Pts',(-79.6365736613852,10.426719568711,0.56));
#6103=CARTESIAN_POINT('Ctrl Pts',(-79.6273602345787,10.1405619292538,0.56));
#6104=CARTESIAN_POINT('Ctrl Pts',(-79.4949708593173,6.02871170133909,0.56));
#6105=CARTESIAN_POINT('Ctrl Pts',(-79.1855630877189,-1.54354435838682,0.56));
#6106=CARTESIAN_POINT('Ctrl Pts',(-78.5793026283732,-11.1620812819586,0.56));
#6107=CARTESIAN_POINT('Ctrl Pts',(-77.8031546649536,-19.469350666441,0.560000000000001));
#6108=CARTESIAN_POINT('Ctrl Pts',(-76.7947865708587,-26.9526930808905,0.56));
#6109=CARTESIAN_POINT('Ctrl Pts',(-75.0362402951611,-36.3744096725353,0.56));
#6110=CARTESIAN_POINT('Ctrl Pts',(-73.0705017300974,-43.3911273995947,0.56));
#6111=CARTESIAN_POINT('Ctrl Pts',(-71.3750540765762,-48.2575185824791,0.56));
#6112=CARTESIAN_POINT('Ctrl Pts',(-69.5014586666711,-50.1129663635832,-9.05));
#6113=CARTESIAN_POINT('Ctrl Pts',(-69.5014586666711,-50.1129663635832,-5.84666666666667));
#6114=CARTESIAN_POINT('Ctrl Pts',(-69.5014586666711,-50.1129663635833,-2.64333333333333));
#6115=CARTESIAN_POINT('Ctrl Pts',(-69.5014586666711,-50.1129663635833,0.56));
#6116=CARTESIAN_POINT('Ctrl Pts',(-70.3637023538687,-49.8219406245639,-9.05));
#6117=CARTESIAN_POINT('Ctrl Pts',(-70.3637023538687,-49.8219406245639,-5.84666666666667));
#6118=CARTESIAN_POINT('Ctrl Pts',(-70.3637023538687,-49.821940624564,-2.64333333333333));
#6119=CARTESIAN_POINT('Ctrl Pts',(-70.3637023538687,-49.821940624564,0.56));
#6120=CARTESIAN_POINT('Ctrl Pts',(-71.0756499921249,-49.116888904923,-9.05));
#6121=CARTESIAN_POINT('Ctrl Pts',(-71.0756499921249,-49.116888904923,-5.84666666666668));
#6122=CARTESIAN_POINT('Ctrl Pts',(-71.0756499921249,-49.116888904923,-2.64333333333333));
#6123=CARTESIAN_POINT('Ctrl Pts',(-71.0756499921249,-49.116888904923,0.56));
#6124=CARTESIAN_POINT('Ctrl Pts',(-71.3750540765762,-48.2575185824789,-9.05));
#6125=CARTESIAN_POINT('Ctrl Pts',(-71.3750540765762,-48.2575185824789,-5.84666666666667));
#6126=CARTESIAN_POINT('Ctrl Pts',(-71.3750540765762,-48.2575185824789,-2.64333333333333));
#6127=CARTESIAN_POINT('Ctrl Pts',(-71.3750540765762,-48.2575185824789,0.56));
#6128=CARTESIAN_POINT('',(-69.5014586666711,-50.1129663635833,0.56));
#6129=CARTESIAN_POINT('Ctrl Pts',(-69.5014586666711,-50.1129663635832,-9.05));
#6130=CARTESIAN_POINT('Ctrl Pts',(-69.5014586666711,-50.1129663635832,-5.84666666666667));
#6131=CARTESIAN_POINT('Ctrl Pts',(-69.5014586666711,-50.1129663635833,-2.64333333333333));
#6132=CARTESIAN_POINT('Ctrl Pts',(-69.5014586666711,-50.1129663635833,0.56));
#6133=CARTESIAN_POINT('Ctrl Pts',(-71.3750540765762,-48.2575185824789,0.56));
#6134=CARTESIAN_POINT('Ctrl Pts',(-71.2892913213786,-48.50368077737,0.56));
#6135=CARTESIAN_POINT('Ctrl Pts',(-71.1718426724712,-48.7373966913338,0.56));
#6136=CARTESIAN_POINT('Ctrl Pts',(-70.6605036195564,-49.4930268653036,0.56));
#6137=CARTESIAN_POINT('Ctrl Pts',(-70.118574138926,-49.9046766549547,0.56));
#6138=CARTESIAN_POINT('Ctrl Pts',(-69.5014586666711,-50.1129663635833,0.56));
#6139=CARTESIAN_POINT('Ctrl Pts',(-72.9293157100954,-48.9559910860287,-10.05));
#6140=CARTESIAN_POINT('Ctrl Pts',(-72.9293157100954,-48.9559910860287,1.56));
#6141=CARTESIAN_POINT('Ctrl Pts',(-71.7866966956206,-49.3416495118802,-10.05));
#6142=CARTESIAN_POINT('Ctrl Pts',(-71.7866966956206,-49.3416495118802,1.56));
#6143=CARTESIAN_POINT('Ctrl Pts',(-70.6440776811458,-49.7273079377318,-10.05));
#6144=CARTESIAN_POINT('Ctrl Pts',(-70.6440776811458,-49.7273079377318,1.56));
#6145=CARTESIAN_POINT('Ctrl Pts',(-69.501458666671,-50.1129663635833,-10.05));
#6146=CARTESIAN_POINT('Ctrl Pts',(-69.501458666671,-50.1129663635833,1.56));
#6147=CARTESIAN_POINT('Ctrl Pts',(-65.6607078920816,-51.4093021317194,-10.05));
#6148=CARTESIAN_POINT('Ctrl Pts',(-65.6607078920816,-51.4093021317194,1.56));
#6149=CARTESIAN_POINT('Ctrl Pts',(-62.548094501695,-52.3553375486558,-10.05));
#6150=CARTESIAN_POINT('Ctrl Pts',(-62.548094501695,-52.3553375486558,1.56));
#6151=CARTESIAN_POINT('Ctrl Pts',(-59.7298054200258,-52.9956727197618,-10.05));
#6152=CARTESIAN_POINT('Ctrl Pts',(-59.7298054200258,-52.9956727197618,1.56));
#6153=CARTESIAN_POINT('Ctrl Pts',(-55.6253205334153,-53.9282406558421,-10.05));
#6154=CARTESIAN_POINT('Ctrl Pts',(-55.6253205334153,-53.9282406558421,1.56));
#6155=CARTESIAN_POINT('Ctrl Pts',(-52.0281713947794,-54.2147460001888,-10.05));
#6156=CARTESIAN_POINT('Ctrl Pts',(-52.0281713947794,-54.2147460001888,1.56));
#6157=CARTESIAN_POINT('Ctrl Pts',(-47.3492448981369,-53.5976267776504,-10.05));
#6158=CARTESIAN_POINT('Ctrl Pts',(-47.3492448981369,-53.5976267776504,1.56));
#6159=CARTESIAN_POINT('Ctrl Pts',(-44.353420035876,-53.2024974437773,-10.05));
#6160=CARTESIAN_POINT('Ctrl Pts',(-44.353420035876,-53.2024974437773,1.56));
#6161=CARTESIAN_POINT('Ctrl Pts',(-40.8801726197341,-52.4361254134153,-10.05));
#6162=CARTESIAN_POINT('Ctrl Pts',(-40.8801726197341,-52.4361254134153,1.56));
#6163=CARTESIAN_POINT('Ctrl Pts',(-36.5843612557325,-51.2269540290675,-10.05));
#6164=CARTESIAN_POINT('Ctrl Pts',(-36.5843612557325,-51.2269540290675,1.56));
#6165=CARTESIAN_POINT('',(-38.0283788979765,-51.6249482219507,0.56));
#6166=CARTESIAN_POINT('Ctrl Pts',(-38.0283788979765,-51.6249482219507,0.56));
#6167=CARTESIAN_POINT('Ctrl Pts',(-38.0283788979766,-51.6249482219507,-1.04166666666667));
#6168=CARTESIAN_POINT('Ctrl Pts',(-38.0283788979766,-51.6249482219507,-2.64333333333333));
#6169=CARTESIAN_POINT('Ctrl Pts',(-38.0283788979766,-51.6249482219507,-5.84666666666667));
#6170=CARTESIAN_POINT('Ctrl Pts',(-38.0283788979765,-51.6249482219507,-7.44833333333333));
#6171=CARTESIAN_POINT('Ctrl Pts',(-38.0283788979765,-51.6249482219507,-9.05));
#6172=CARTESIAN_POINT('Ctrl Pts',(-69.5014586666711,-50.1129663635832,0.56));
#6173=CARTESIAN_POINT('Ctrl Pts',(-67.6810234182662,-50.7274023071223,0.56));
#6174=CARTESIAN_POINT('Ctrl Pts',(-64.3471112188655,-51.7988653055414,0.56));
#6175=CARTESIAN_POINT('Ctrl Pts',(-58.7000540518522,-53.3480432440262,0.56));
#6176=CARTESIAN_POINT('Ctrl Pts',(-52.5608614518319,-54.2631306989833,0.56));
#6177=CARTESIAN_POINT('Ctrl Pts',(-45.5324794366093,-53.4906335098694,0.56));
#6178=CARTESIAN_POINT('Ctrl Pts',(-39.9633000853091,-52.14644072653,0.56));
#6179=CARTESIAN_POINT('Ctrl Pts',(-38.0283775834745,-51.6249530983848,0.56));
#6180=CARTESIAN_POINT('Origin',(-39.2091100218176,-50.7301969249877,-0.05));
#6181=CARTESIAN_POINT('',(-23.8787342378455,-62.3474680705289,1.56));
#6182=CARTESIAN_POINT('Ctrl Pts',(-23.8787342378456,-62.3474680705288,1.56));
#6183=CARTESIAN_POINT('Ctrl Pts',(-23.8787342378456,-62.3474680705288,-0.375));
#6184=CARTESIAN_POINT('Ctrl Pts',(-23.8787342378456,-62.3474680705288,-2.31));
#6185=CARTESIAN_POINT('Ctrl Pts',(-23.8787342378456,-62.3474680705288,-5.84666666666666));
#6186=CARTESIAN_POINT('Ctrl Pts',(-23.8787342378456,-62.3474680705288,-7.44833333333333));
#6187=CARTESIAN_POINT('Ctrl Pts',(-23.8787342378456,-62.3474680705288,-9.05));
#6188=CARTESIAN_POINT('',(-23.8787342378446,-62.3474680705294,3.085));
#6189=CARTESIAN_POINT('',(-23.8787342378446,-62.3474680705294,1.56));
#6190=CARTESIAN_POINT('',(-36.6218531317734,-52.6908054083199,3.085));
#6191=CARTESIAN_POINT('',(-25.3553126517993,-61.2285253880874,3.085));
#6192=CARTESIAN_POINT('',(-36.6218531317726,-52.6908054083261,0.56));
#6193=CARTESIAN_POINT('',(-36.6218531317734,-52.6908054083199,1.56));
#6194=CARTESIAN_POINT('',(-39.071896538559,-50.8341765183324,0.56));
#6195=CARTESIAN_POINT('Ctrl Pts',(-24.1340263447536,-62.208568084989,-10.05));
#6196=CARTESIAN_POINT('Ctrl Pts',(-24.1340263447536,-62.208568084989,1.56));
#6197=CARTESIAN_POINT('Ctrl Pts',(-23.9828446191538,-62.2908234267387,-10.05));
#6198=CARTESIAN_POINT('Ctrl Pts',(-23.9828446191538,-62.2908234267387,1.56));
#6199=CARTESIAN_POINT('Ctrl Pts',(-23.8316628935537,-62.3730787684884,-10.05));
#6200=CARTESIAN_POINT('Ctrl Pts',(-23.8316628935537,-62.3730787684884,1.56));
#6201=CARTESIAN_POINT('Ctrl Pts',(-23.6804811679535,-62.4553341102383,-10.05));
#6202=CARTESIAN_POINT('Ctrl Pts',(-23.6804811679535,-62.4553341102383,1.56));
#6203=CARTESIAN_POINT('Ctrl Pts',(-20.7605569588028,-64.0440139771587,-10.05));
#6204=CARTESIAN_POINT('Ctrl Pts',(-20.7605569588028,-64.0440139771587,1.56));
#6205=CARTESIAN_POINT('Ctrl Pts',(-17.3040741994549,-65.3587355568128,-10.05));
#6206=CARTESIAN_POINT('Ctrl Pts',(-17.3040741994549,-65.3587355568128,1.56));
#6207=CARTESIAN_POINT('Ctrl Pts',(-13.9013562999777,-66.3990156263208,-10.05));
#6208=CARTESIAN_POINT('Ctrl Pts',(-13.9013562999777,-66.3990156263208,1.56));
#6209=CARTESIAN_POINT('Ctrl Pts',(-11.0677760877837,-67.2652987291754,-10.05));
#6210=CARTESIAN_POINT('Ctrl Pts',(-11.0677760877837,-67.2652987291754,1.56));
#6211=CARTESIAN_POINT('Ctrl Pts',(-8.32361922760438,-67.9374158620427,-10.05));
#6212=CARTESIAN_POINT('Ctrl Pts',(-8.32361922760438,-67.9374158620427,1.56));
#6213=CARTESIAN_POINT('Ctrl Pts',(-5.97786661274251,-68.387169984778,-10.05));
#6214=CARTESIAN_POINT('Ctrl Pts',(-5.97786661274251,-68.387169984778,1.56));
#6215=CARTESIAN_POINT('Ctrl Pts',(-3.35469593579576,-68.8901138242606,-10.05));
#6216=CARTESIAN_POINT('Ctrl Pts',(-3.35469593579576,-68.8901138242606,1.56));
#6217=CARTESIAN_POINT('Ctrl Pts',(-1.24797999011341,-69.1096696218493,-10.05));
#6218=CARTESIAN_POINT('Ctrl Pts',(-1.24797999011341,-69.1096696218493,1.56));
#6219=CARTESIAN_POINT('Ctrl Pts',(0.839340203934352,-69.0338276466375,-10.05));
#6220=CARTESIAN_POINT('Ctrl Pts',(0.839340203934352,-69.0338276466375,1.56));
#6221=CARTESIAN_POINT('Ctrl Pts',(2.56274337222695,-68.9712084563751,-10.05));
#6222=CARTESIAN_POINT('Ctrl Pts',(2.56274337222695,-68.9712084563751,1.56));
#6223=CARTESIAN_POINT('Ctrl Pts',(4.30387616298161,-68.7364441614069,-10.05));
#6224=CARTESIAN_POINT('Ctrl Pts',(4.30387616298161,-68.7364441614069,1.56));
#6225=CARTESIAN_POINT('Ctrl Pts',(6.4152134241623,-68.351058664776,-10.05));
#6226=CARTESIAN_POINT('Ctrl Pts',(6.4152134241623,-68.351058664776,1.56));
#6227=CARTESIAN_POINT('Ctrl Pts',(9.19012300050681,-67.8445503371641,-10.05));
#6228=CARTESIAN_POINT('Ctrl Pts',(9.19012300050681,-67.8445503371641,1.56));
#6229=CARTESIAN_POINT('Ctrl Pts',(12.565746989587,-67.0605561454331,-10.05));
#6230=CARTESIAN_POINT('Ctrl Pts',(12.565746989587,-67.0605561454331,1.56));
#6231=CARTESIAN_POINT('Ctrl Pts',(16.0895287584697,-65.8415341993514,-10.05));
#6232=CARTESIAN_POINT('Ctrl Pts',(16.0895287584697,-65.8415341993514,1.56));
#6233=CARTESIAN_POINT('Ctrl Pts',(18.6539334272993,-64.95440049614,-10.05));
#6234=CARTESIAN_POINT('Ctrl Pts',(18.6539334272993,-64.95440049614,1.56));
#6235=CARTESIAN_POINT('Ctrl Pts',(21.2655563768508,-63.8259633267317,-10.05));
#6236=CARTESIAN_POINT('Ctrl Pts',(21.2655563768508,-63.8259633267317,1.56));
#6237=CARTESIAN_POINT('Ctrl Pts',(23.7270716852573,-62.4294369217484,-10.05));
#6238=CARTESIAN_POINT('Ctrl Pts',(23.7270716852573,-62.4294369217484,1.56));
#6239=CARTESIAN_POINT('Ctrl Pts',(23.8909648331196,-62.3364530967834,-10.05));
#6240=CARTESIAN_POINT('Ctrl Pts',(23.8909648331196,-62.3364530967834,1.56));
#6241=CARTESIAN_POINT('Ctrl Pts',(24.0548579809818,-62.2434692718185,-10.05));
#6242=CARTESIAN_POINT('Ctrl Pts',(24.0548579809818,-62.2434692718185,1.56));
#6243=CARTESIAN_POINT('Ctrl Pts',(24.2187511288439,-62.1504854468536,-10.05));
#6244=CARTESIAN_POINT('Ctrl Pts',(24.2187511288439,-62.1504854468536,1.56));
#6245=CARTESIAN_POINT('',(23.9000723853644,-62.3312859799464,1.56));
#6246=CARTESIAN_POINT('Ctrl Pts',(23.9000723853642,-62.3312859799465,1.56));
#6247=CARTESIAN_POINT('Ctrl Pts',(23.9000723853642,-62.3312859799465,-0.375));
#6248=CARTESIAN_POINT('Ctrl Pts',(23.9000723853642,-62.3312859799465,-2.31));
#6249=CARTESIAN_POINT('Ctrl Pts',(23.9000723853642,-62.3312859799465,-5.84666666666666));
#6250=CARTESIAN_POINT('Ctrl Pts',(23.9000723853642,-62.3312859799465,-7.44833333333333));
#6251=CARTESIAN_POINT('Ctrl Pts',(23.9000723853642,-62.3312859799465,-9.05));
#6252=CARTESIAN_POINT('',(21.7412375180799,-63.4861508395234,1.56));
#6253=CARTESIAN_POINT('Ctrl Pts',(23.9000723853646,-62.3312859799463,1.56));
#6254=CARTESIAN_POINT('Ctrl Pts',(23.8424054853288,-62.364002960547,1.56));
#6255=CARTESIAN_POINT('Ctrl Pts',(23.7847385852931,-62.3967199411477,1.56));
#6256=CARTESIAN_POINT('Ctrl Pts',(23.7270716852573,-62.4294369217484,1.56));
#6257=CARTESIAN_POINT('Ctrl Pts',(23.0739423341063,-62.7999860634242,1.56));
#6258=CARTESIAN_POINT('Ctrl Pts',(22.4102449022696,-63.1516608250158,1.56));
#6259=CARTESIAN_POINT('Ctrl Pts',(21.7396655492245,-63.4849615797974,1.56));
#6260=CARTESIAN_POINT('',(21.7412375180799,-63.4861508395235,0.56));
#6261=CARTESIAN_POINT('Ctrl Pts',(21.7412375180799,-63.4861508395235,0.56));
#6262=CARTESIAN_POINT('Ctrl Pts',(21.7412375180799,-63.4861508395235,0.893333333333334));
#6263=CARTESIAN_POINT('Ctrl Pts',(21.7412375180799,-63.4861508395234,1.22666666666667));
#6264=CARTESIAN_POINT('Ctrl Pts',(21.7412375180799,-63.4861508395234,1.56));
#6265=CARTESIAN_POINT('',(-21.3440111278461,-63.6232711593934,0.56));
#6266=CARTESIAN_POINT('Ctrl Pts',(-21.3439409063883,-63.6231183309092,0.56));
#6267=CARTESIAN_POINT('Ctrl Pts',(-19.3330324398174,-64.5470659586794,0.56));
#6268=CARTESIAN_POINT('Ctrl Pts',(-14.7294440087134,-66.2629940774441,0.56));
#6269=CARTESIAN_POINT('Ctrl Pts',(-8.94086002986756,-67.8033467515921,0.56));
#6270=CARTESIAN_POINT('Ctrl Pts',(-4.86937696990536,-68.6156940235418,0.56));
#6271=CARTESIAN_POINT('Ctrl Pts',(-1.32219881447194,-69.1076975264759,0.56));
#6272=CARTESIAN_POINT('Ctrl Pts',(1.72687223040198,-69.0635260887257,0.560000000000001));
#6273=CARTESIAN_POINT('Ctrl Pts',(5.11047015450762,-68.5962547985035,0.560000000000001));
#6274=CARTESIAN_POINT('Ctrl Pts',(9.04487099209873,-67.8730811040425,0.560000000000001));
#6275=CARTESIAN_POINT('Ctrl Pts',(14.7167416920531,-66.4579960514799,0.56));
#6276=CARTESIAN_POINT('Ctrl Pts',(19.5372066340256,-64.5812746543572,0.56));
#6277=CARTESIAN_POINT('Ctrl Pts',(21.7410609834752,-63.485795691952,0.56));
#6278=CARTESIAN_POINT('',(-21.3440111279882,-63.6232711592555,1.56));
#6279=CARTESIAN_POINT('Ctrl Pts',(-21.3440111279881,-63.6232711592555,1.56));
#6280=CARTESIAN_POINT('Ctrl Pts',(-21.3440111279881,-63.6232711592555,1.22666666666667));
#6281=CARTESIAN_POINT('Ctrl Pts',(-21.3440111278461,-63.6232711593934,0.893333333333334));
#6282=CARTESIAN_POINT('Ctrl Pts',(-21.3440111278461,-63.6232711593934,0.56));
#6283=CARTESIAN_POINT('Ctrl Pts',(-21.3379254749795,-63.6236191403084,1.56));
#6284=CARTESIAN_POINT('Ctrl Pts',(-22.1474317556174,-63.2522165856678,1.56));
#6285=CARTESIAN_POINT('Ctrl Pts',(-22.93160326329,-62.8627855249675,1.56));
#6286=CARTESIAN_POINT('Ctrl Pts',(-23.6804811679535,-62.4553341102383,1.56));
#6287=CARTESIAN_POINT('Ctrl Pts',(-23.7465655245839,-62.4193787636686,1.56));
#6288=CARTESIAN_POINT('Ctrl Pts',(-23.8126498812143,-62.383423417099,1.56));
#6289=CARTESIAN_POINT('Ctrl Pts',(-23.8787342378446,-62.3474680705294,1.56));
#6290=CARTESIAN_POINT('Origin',(24.0586006419744,-62.2111542128306,-0.05));
#6291=CARTESIAN_POINT('',(38.0276904776044,-51.6254612717797,0.56));
#6292=CARTESIAN_POINT('Ctrl Pts',(38.0276904776044,-51.6254612717797,0.559999999999999));
#6293=CARTESIAN_POINT('Ctrl Pts',(38.0276904776044,-51.6254612717797,-1.04166666666667));
#6294=CARTESIAN_POINT('Ctrl Pts',(38.0276904776044,-51.6254612717797,-2.64333333333333));
#6295=CARTESIAN_POINT('Ctrl Pts',(38.0276904776044,-51.6254612717797,-5.84666666666667));
#6296=CARTESIAN_POINT('Ctrl Pts',(38.0276904776044,-51.6254612717797,-7.44833333333333));
#6297=CARTESIAN_POINT('Ctrl Pts',(38.0276904776044,-51.6254612717797,-9.05));
#6298=CARTESIAN_POINT('',(37.0310887655884,-52.380680103648,0.56));
#6299=CARTESIAN_POINT('',(31.496635744758,-56.5746555855545,0.56));
#6300=CARTESIAN_POINT('',(37.0310887655891,-52.3806801036423,3.085));
#6301=CARTESIAN_POINT('',(37.0310887655891,-52.3806801036423,1.56));
#6302=CARTESIAN_POINT('',(23.9000723853645,-62.3312859799464,3.085));
#6303=CARTESIAN_POINT('',(17.9100309770577,-66.8705036239466,3.085));
#6304=CARTESIAN_POINT('',(23.9000723853645,-62.3312859799464,1.56));
#6305=CARTESIAN_POINT('Ctrl Pts',(36.5843502557324,-51.2269540290675,-10.05));
#6306=CARTESIAN_POINT('Ctrl Pts',(36.5843502557324,-51.2269540290675,1.56));
#6307=CARTESIAN_POINT('Ctrl Pts',(40.7862022271804,-52.4096780210277,-10.05));
#6308=CARTESIAN_POINT('Ctrl Pts',(40.7862022271804,-52.4096780210277,1.56));
#6309=CARTESIAN_POINT('Ctrl Pts',(44.1447395602775,-53.1811074218503,-10.05));
#6310=CARTESIAN_POINT('Ctrl Pts',(44.1447395602775,-53.1811074218503,1.56));
#6311=CARTESIAN_POINT('Ctrl Pts',(47.135169490315,-53.589053279866,-10.05));
#6312=CARTESIAN_POINT('Ctrl Pts',(47.135169490315,-53.589053279866,1.56));
#6313=CARTESIAN_POINT('Ctrl Pts',(51.467161238414,-54.1800111461059,-10.05));
#6314=CARTESIAN_POINT('Ctrl Pts',(51.467161238414,-54.1800111461059,1.56));
#6315=CARTESIAN_POINT('Ctrl Pts',(55.1059397338037,-53.9998484512164,-10.05));
#6316=CARTESIAN_POINT('Ctrl Pts',(55.1059397338037,-53.9998484512164,1.56));
#6317=CARTESIAN_POINT('Ctrl Pts',(59.7918570236859,-52.9449091825966,-10.05));
#6318=CARTESIAN_POINT('Ctrl Pts',(59.7918570236859,-52.9449091825966,1.56));
#6319=CARTESIAN_POINT('Ctrl Pts',(62.5351330489001,-52.3273162067431,-10.05));
#6320=CARTESIAN_POINT('Ctrl Pts',(62.5351330489001,-52.3273162067431,1.56));
#6321=CARTESIAN_POINT('Ctrl Pts',(65.6792931339902,-51.4030261404041,-10.05));
#6322=CARTESIAN_POINT('Ctrl Pts',(65.6792931339902,-51.4030261404041,1.56));
#6323=CARTESIAN_POINT('Ctrl Pts',(69.5014511920719,-50.1129665237706,-10.05));
#6324=CARTESIAN_POINT('Ctrl Pts',(69.5014511920719,-50.1129665237706,1.56));
#6325=CARTESIAN_POINT('Ctrl Pts',(70.6411130573178,-49.7283064111774,-10.05));
#6326=CARTESIAN_POINT('Ctrl Pts',(70.6411130573178,-49.7283064111774,1.56));
#6327=CARTESIAN_POINT('Ctrl Pts',(71.7807749225639,-49.3436462985841,-10.05));
#6328=CARTESIAN_POINT('Ctrl Pts',(71.7807749225639,-49.3436462985841,1.56));
#6329=CARTESIAN_POINT('Ctrl Pts',(72.9204367878098,-48.9589861859908,-10.05));
#6330=CARTESIAN_POINT('Ctrl Pts',(72.9204367878098,-48.9589861859908,1.56));
#6331=CARTESIAN_POINT('',(69.5014511920719,-50.1129665237706,0.56));
#6332=CARTESIAN_POINT('Ctrl Pts',(69.5014511920719,-50.1129665237706,0.56));
#6333=CARTESIAN_POINT('Ctrl Pts',(69.5014511920719,-50.1129665237706,-2.64333333333333));
#6334=CARTESIAN_POINT('Ctrl Pts',(69.5014511920719,-50.1129665237706,-5.84666666666667));
#6335=CARTESIAN_POINT('Ctrl Pts',(69.5014511920719,-50.1129665237706,-9.05));
#6336=CARTESIAN_POINT('Ctrl Pts',(38.027690497208,-51.6254611990991,0.56));
#6337=CARTESIAN_POINT('Ctrl Pts',(39.7180666449536,-52.0826437840562,0.56));
#6338=CARTESIAN_POINT('Ctrl Pts',(42.9687753357015,-52.8881447664014,0.56));
#6339=CARTESIAN_POINT('Ctrl Pts',(48.6259088827919,-53.9295913973203,0.56));
#6340=CARTESIAN_POINT('Ctrl Pts',(53.583550589561,-54.0607695498839,0.56));
#6341=CARTESIAN_POINT('Ctrl Pts',(59.0051605948198,-53.1821629014727,0.56));
#6342=CARTESIAN_POINT('Ctrl Pts',(63.669714645383,-51.9979646698441,0.56));
#6343=CARTESIAN_POINT('Ctrl Pts',(67.4290122638807,-50.8124587291087,0.56));
#6344=CARTESIAN_POINT('Ctrl Pts',(69.5014511920719,-50.1129665237706,0.56));
#6345=CARTESIAN_POINT('Origin',(0.,0.440804987693415,-10.05));
#6346=CARTESIAN_POINT('',(28.69211980328,33.137645190382,-10.05));
#6347=CARTESIAN_POINT('',(29.69211980328,34.137645190382,-10.05));
#6348=CARTESIAN_POINT('Origin',(28.69211980328,34.137645190382,-10.05));
#6349=CARTESIAN_POINT('',(29.69211980328,51.028645190382,-10.05));
#6350=CARTESIAN_POINT('',(29.69211980328,26.2347250890377,-10.05));
#6351=CARTESIAN_POINT('',(28.69211980328,52.028645190382,-10.05));
#6352=CARTESIAN_POINT('Origin',(28.69211980328,51.028645190382,-10.05));
#6353=CARTESIAN_POINT('',(-28.305480196714,52.028645190382,-10.05));
#6354=CARTESIAN_POINT('',(-14.652740098357,52.028645190382,-10.05));
#6355=CARTESIAN_POINT('',(-29.305480196714,51.028645190382,-10.05));
#6356=CARTESIAN_POINT('Origin',(-28.305480196714,51.028645190382,-10.05));
#6357=CARTESIAN_POINT('',(-29.305480196714,34.137645190382,-10.05));
#6358=CARTESIAN_POINT('',(-29.305480196714,16.7892250890377,-10.05));
#6359=CARTESIAN_POINT('',(-28.305480196714,33.137645190382,-10.05));
#6360=CARTESIAN_POINT('Origin',(-28.305480196714,34.137645190382,-10.05));
#6361=CARTESIAN_POINT('',(14.84605990164,33.137645190382,-10.05));
#6362=CARTESIAN_POINT('',(-48.9151089562252,-45.5636686918653,-10.05));
#6363=CARTESIAN_POINT('',(-48.1242907681546,-46.7361048706898,-10.05));
#6364=CARTESIAN_POINT('Origin',(-47.9334817727776,-45.7544776872422,-10.05));
#6365=CARTESIAN_POINT('',(-31.5436260125413,-49.9590596116013,-10.05));
#6366=CARTESIAN_POINT('',(-20.5752511259043,-52.0910957128086,-10.05));
#6367=CARTESIAN_POINT('',(-30.3711898337168,-49.1682414235307,-10.05));
#6368=CARTESIAN_POINT('Origin',(-31.3528170171644,-48.9774324281537,-10.05));
#6369=CARTESIAN_POINT('',(-19.4955350388224,6.78215212773586,-10.05));
#6370=CARTESIAN_POINT('',(-19.6391107249121,6.04351925526875,-10.05));
#6371=CARTESIAN_POINT('',(-20.286353226893,7.95458830656037,-10.05));
#6372=CARTESIAN_POINT('Origin',(-20.47716222227,6.97296112311278,-10.05));
#6373=CARTESIAN_POINT('',(-36.8670179825063,11.1775430474719,-10.05));
#6374=CARTESIAN_POINT('',(-18.5899379015103,7.62483857118584,-10.05));
#6375=CARTESIAN_POINT('',(-38.0394541613308,10.3867248594013,-10.05));
#6376=CARTESIAN_POINT('Origin',(-37.0578269778832,10.1959158640244,-10.05));
#6377=CARTESIAN_POINT('',(-43.8116662402447,-19.3087319721467,-10.05));
#6378=CARTESIAN_POINT('',(30.7361595780504,-49.1677464742443,-10.05));
#6379=CARTESIAN_POINT('',(31.9172837433477,-49.957350424676,-10.05));
#6380=CARTESIAN_POINT('Origin',(31.7178828404113,-48.9774324281537,-10.05));
#6381=CARTESIAN_POINT('',(48.4979484989609,-46.583395118938,-10.05));
#6382=CARTESIAN_POINT('',(30.29299927477,-50.2878717446327,-10.05));
#6383=CARTESIAN_POINT('',(49.2801747794722,-45.4126681270388,-10.05));
#6384=CARTESIAN_POINT('Origin',(48.2985475960246,-45.6034771224158,-10.05));
#6385=CARTESIAN_POINT('',(38.4045199845777,10.5377254242277,-10.05));
#6386=CARTESIAN_POINT('',(38.5555914509463,9.76053010522445,-10.05));
#6387=CARTESIAN_POINT('',(37.2320838057532,11.3285436122984,-10.05));
#6388=CARTESIAN_POINT('Origin',(37.4228928011302,10.3469164288508,-10.05));
#6389=CARTESIAN_POINT('',(20.65141905014,8.10558887138679,-10.05));
#6390=CARTESIAN_POINT('',(9.49326287176528,5.93666302402294,-10.05));
#6391=CARTESIAN_POINT('',(19.8605047831559,6.93364764184863,-10.05));
#6392=CARTESIAN_POINT('Origin',(20.8422280455169,7.1239616879392,-10.05));
#6393=CARTESIAN_POINT('',(25.6412542367783,-22.8859916810454,-10.05));
#6394=CARTESIAN_POINT('',(-1.009299,10.879382,-10.05));
#6395=CARTESIAN_POINT('Origin',(0.255201,10.879382,-10.05));
#6396=CARTESIAN_POINT('Origin',(0.255201,10.879382,-6.05));
#6397=CARTESIAN_POINT('',(6.355201,10.879382,-7.05));
#6398=CARTESIAN_POINT('Origin',(0.255201,10.879382,-7.05));
#6399=CARTESIAN_POINT('',(4.355201,10.879382,-5.05));
#6400=CARTESIAN_POINT('',(5.355201,10.879382,-6.05));
#6401=CARTESIAN_POINT('Origin',(0.255201,10.879382,-5.05));
#6402=CARTESIAN_POINT('Origin',(0.255201,10.879382,-0.05));
#6403=CARTESIAN_POINT('',(4.355201,10.879382,-1.05));
#6404=CARTESIAN_POINT('',(4.355201,10.879382,-0.05));
#6405=CARTESIAN_POINT('Origin',(0.255201,10.879382,-1.05));
#6406=CARTESIAN_POINT('Origin',(0.,0.440804987693415,-7.05));
#6407=CARTESIAN_POINT('',(41.786577810235,-47.9490740635253,-7.05));
#6408=CARTESIAN_POINT('',(48.4979484989609,-46.583395118938,-7.05));
#6409=CARTESIAN_POINT('',(30.29299927477,-50.2878717446327,-7.05));
#6410=CARTESIAN_POINT('',(67.3660230294483,-46.0826535997002,-7.05));
#6411=CARTESIAN_POINT('Ctrl Pts',(41.7792361839607,-47.948089203021,-7.05));
#6412=CARTESIAN_POINT('Ctrl Pts',(43.8388251483511,-48.4528309128431,-7.05));
#6413=CARTESIAN_POINT('Ctrl Pts',(45.6347178251053,-48.8182988687566,-7.05));
#6414=CARTESIAN_POINT('Ctrl Pts',(47.2420312504851,-49.0586294252477,-7.05));
#6415=CARTESIAN_POINT('Ctrl Pts',(50.4654096366639,-49.5405990953192,-7.05));
#6416=CARTESIAN_POINT('Ctrl Pts',(52.959781446294,-49.5577086957864,-7.05));
#6417=CARTESIAN_POINT('Ctrl Pts',(56.0418052792129,-49.0839252759276,-7.05));
#6418=CARTESIAN_POINT('Ctrl Pts',(58.5325765867966,-48.7010320174172,-7.05));
#6419=CARTESIAN_POINT('Ctrl Pts',(61.4402341494796,-47.9714849521206,-7.05));
#6420=CARTESIAN_POINT('Ctrl Pts',(65.2243124018554,-46.7775292502726,-7.05));
#6421=CARTESIAN_POINT('Ctrl Pts',(65.910412776028,-46.5610502561426,-7.05));
#6422=CARTESIAN_POINT('Ctrl Pts',(66.6241454770337,-46.3294858958962,-7.05));
#6423=CARTESIAN_POINT('Ctrl Pts',(67.3660458645492,-46.0826465739656,-7.05));
#6424=CARTESIAN_POINT('Ctrl Pts',(67.3660230294483,-46.0826535997002,-7.05));
#6425=CARTESIAN_POINT('Ctrl Pts',(70.775392973163,-36.1769783769336,-7.05));
#6426=CARTESIAN_POINT('Ctrl Pts',(72.2376354706871,-29.3304955344486,-7.05));
#6427=CARTESIAN_POINT('Ctrl Pts',(73.8509098440649,-16.2720222857321,-7.05));
#6428=CARTESIAN_POINT('Ctrl Pts',(74.4029236387598,-8.25709631420116,-7.05));
#6429=CARTESIAN_POINT('Ctrl Pts',(75.1135813190676,9.87420581152847,-7.05));
#6430=CARTESIAN_POINT('',(59.412486690861,30.5135384039672,-7.05));
#6431=CARTESIAN_POINT('',(50.1790589682067,4.87563793107431,-7.05));
#6432=CARTESIAN_POINT('',(37.080544168862,53.4652397794342,-7.05));
#6433=CARTESIAN_POINT('',(52.8081826928,37.3011258700812,-7.05));
#6434=CARTESIAN_POINT('',(-37.0948817877232,53.4505244362668,-7.05));
#6435=CARTESIAN_POINT('Ctrl Pts',(37.0805518347188,53.4652316651607,-7.05));
#6436=CARTESIAN_POINT('Ctrl Pts',(28.8818483337864,57.8988617730717,-7.05));
#6437=CARTESIAN_POINT('Ctrl Pts',(21.7462746059743,60.8232379079582,-7.05));
#6438=CARTESIAN_POINT('Ctrl Pts',(15.4234296474265,62.5396179575227,-7.05));
#6439=CARTESIAN_POINT('Ctrl Pts',(7.16241434975985,64.7821277674293,-7.05));
#6440=CARTESIAN_POINT('Ctrl Pts',(0.247047186927341,65.0422732120467,-7.05));
#6441=CARTESIAN_POINT('Ctrl Pts',(-6.3838188028688,64.1750150044338,-7.05));
#6442=CARTESIAN_POINT('Ctrl Pts',(-12.4653612543687,63.3796034225792,-7.05));
#6443=CARTESIAN_POINT('Ctrl Pts',(-18.3308587959581,61.6290341862251,-7.05));
#6444=CARTESIAN_POINT('Ctrl Pts',(-24.5429030605999,59.164366580819,-7.05));
#6445=CARTESIAN_POINT('Ctrl Pts',(-28.5688551559149,57.5670447834329,-7.05));
#6446=CARTESIAN_POINT('Ctrl Pts',(-32.7354057985583,55.6602237417042,-7.05));
#6447=CARTESIAN_POINT('Ctrl Pts',(-37.0948895901258,53.4505255193665,-7.05));
#6448=CARTESIAN_POINT('',(-59.4124861160671,30.5135531435349,-7.05));
#6449=CARTESIAN_POINT('',(-41.235512505418,49.1949813005302,-7.05));
#6450=CARTESIAN_POINT('',(-56.8903205957012,23.5103972026869,-7.05));
#6451=CARTESIAN_POINT('',(-51.3671131269925,8.17441592600551,-7.05));
#6452=CARTESIAN_POINT('',(-75.1155300293686,9.84942127222882,-7.05));
#6453=CARTESIAN_POINT('Ctrl Pts',(-56.8903205957011,23.5103972026869,-7.05));
#6454=CARTESIAN_POINT('Ctrl Pts',(-57.3037078190367,23.3172632789414,-7.05));
#6455=CARTESIAN_POINT('Ctrl Pts',(-57.7170950423722,23.124129355196,-7.05));
#6456=CARTESIAN_POINT('Ctrl Pts',(-58.1304822657077,22.9309954314506,-7.05));
#6457=CARTESIAN_POINT('Ctrl Pts',(-61.439195712868,21.3851692072068,-7.05));
#6458=CARTESIAN_POINT('Ctrl Pts',(-64.6444748462437,19.6740334346,-7.05));
#6459=CARTESIAN_POINT('Ctrl Pts',(-67.5542458074424,17.6446449384139,-7.05));
#6460=CARTESIAN_POINT('Ctrl Pts',(-70.5054740191946,15.5863425282193,-7.05));
#6461=CARTESIAN_POINT('Ctrl Pts',(-73.0961810320226,13.1909530738862,-7.05));
#6462=CARTESIAN_POINT('Ctrl Pts',(-75.1153660246349,9.84939870032436,-7.05));
#6463=CARTESIAN_POINT('',(-67.3650550185671,-46.0832374729054,-7.05));
#6464=CARTESIAN_POINT('Ctrl Pts',(-75.1155300293687,9.84942127222882,-7.05));
#6465=CARTESIAN_POINT('Ctrl Pts',(-74.6867638328924,-3.23479293219589,-7.05));
#6466=CARTESIAN_POINT('Ctrl Pts',(-74.0094340158707,-13.8395233941335,-7.05));
#6467=CARTESIAN_POINT('Ctrl Pts',(-71.7061968361105,-30.8953939048487,-7.05));
#6468=CARTESIAN_POINT('Ctrl Pts',(-70.0469381019972,-38.24073767555,-7.05));
#6469=CARTESIAN_POINT('Ctrl Pts',(-67.3650550185672,-46.0832374729054,-7.05));
#6470=CARTESIAN_POINT('',(-41.8428191238647,-47.9570992707491,-7.05));
#6471=CARTESIAN_POINT('Ctrl Pts',(-67.3650550185671,-46.0832374729054,-7.05));
#6472=CARTESIAN_POINT('Ctrl Pts',(-60.1037806457917,-48.5045389925288,-7.05));
#6473=CARTESIAN_POINT('Ctrl Pts',(-56.4099758574955,-49.2502448471538,-7.05));
#6474=CARTESIAN_POINT('Ctrl Pts',(-49.6109617588785,-49.5683904916292,-7.05));
#6475=CARTESIAN_POINT('Ctrl Pts',(-45.745319827719,-48.8995198087702,-7.05));
#6476=CARTESIAN_POINT('Ctrl Pts',(-41.8428191238647,-47.9570992707491,-7.05));
#6477=CARTESIAN_POINT('',(-48.1242907681546,-46.7361048706898,-7.05));
#6478=CARTESIAN_POINT('',(-20.5752511259043,-52.0910957128086,-7.05));
#6479=CARTESIAN_POINT('',(-48.9151089562252,-45.5636686918653,-7.05));
#6480=CARTESIAN_POINT('Origin',(-47.9334817727776,-45.7544776872422,-7.05));
#6481=CARTESIAN_POINT('',(-38.0394541613308,10.3867248594013,-7.05));
#6482=CARTESIAN_POINT('',(-43.8116662402447,-19.3087319721467,-7.05));
#6483=CARTESIAN_POINT('',(-36.8670179825063,11.1775430474719,-7.05));
#6484=CARTESIAN_POINT('Origin',(-37.0578269778832,10.1959158640244,-7.05));
#6485=CARTESIAN_POINT('',(-20.286353226893,7.95458830656037,-7.05));
#6486=CARTESIAN_POINT('',(-18.5899379015103,7.62483857118584,-7.05));
#6487=CARTESIAN_POINT('',(-19.4955350388224,6.78215212773586,-7.05));
#6488=CARTESIAN_POINT('Origin',(-20.47716222227,6.97296112311278,-7.05));
#6489=CARTESIAN_POINT('',(-30.3711898337168,-49.1682414235307,-7.05));
#6490=CARTESIAN_POINT('',(-19.6391107249121,6.04351925526875,-7.05));
#6491=CARTESIAN_POINT('',(-31.5436260125413,-49.9590596116013,-7.05));
#6492=CARTESIAN_POINT('Origin',(-31.3528170171644,-48.9774324281537,-7.05));
#6493=CARTESIAN_POINT('',(-33.2011691902316,-49.6368658563121,-7.05));
#6494=CARTESIAN_POINT('',(-20.5752511259043,-52.0910957128086,-7.05));
#6495=CARTESIAN_POINT('',(-21.4317719183973,-58.5556478387761,-7.05));
#6496=CARTESIAN_POINT('',(-36.3540390058326,-47.2476391308509,-7.05));
#6497=CARTESIAN_POINT('',(21.420800492462,-58.5639498179535,-7.05));
#6498=CARTESIAN_POINT('Ctrl Pts',(-21.4317719183974,-58.5556478387761,-7.05));
#6499=CARTESIAN_POINT('Ctrl Pts',(-18.9106480586047,-59.9156075891531,-7.05));
#6500=CARTESIAN_POINT('Ctrl Pts',(-16.0937279608732,-60.9770669811147,-7.05));
#6501=CARTESIAN_POINT('Ctrl Pts',(-13.5438114568261,-61.795506388034,-7.05));
#6502=CARTESIAN_POINT('Ctrl Pts',(-11.9053199801889,-62.321408310804,-7.05));
#6503=CARTESIAN_POINT('Ctrl Pts',(-10.3763027387713,-62.7463611282146,-7.05));
#6504=CARTESIAN_POINT('Ctrl Pts',(-9.10215328344036,-63.0720013744471,-7.05));
#6505=CARTESIAN_POINT('Ctrl Pts',(-7.86850124925975,-63.387291508187,-7.05));
#6506=CARTESIAN_POINT('Ctrl Pts',(-6.78529563781984,-63.6330238853159,-7.05));
#6507=CARTESIAN_POINT('Ctrl Pts',(-5.82924891613425,-63.8289884001521,-7.05));
#6508=CARTESIAN_POINT('Ctrl Pts',(-3.63251984628244,-64.2792602714276,-7.05));
#6509=CARTESIAN_POINT('Ctrl Pts',(-2.13360721841856,-64.4476998189022,-7.05));
#6510=CARTESIAN_POINT('Ctrl Pts',(-1.25474417797357,-64.5064736503587,-7.05));
#6511=CARTESIAN_POINT('Ctrl Pts',(-0.925170537806704,-64.5285138371549,
-7.05));
#6512=CARTESIAN_POINT('Ctrl Pts',(-0.682961532023288,-64.5370736747471,
-7.05));
#6513=CARTESIAN_POINT('Ctrl Pts',(-0.523796115368021,-64.5416521178375,
-7.05));
#6514=CARTESIAN_POINT('Ctrl Pts',(-0.431024268759461,-64.5443207290787,
-7.05));
#6515=CARTESIAN_POINT('Ctrl Pts',(-0.367917112755609,-64.5464156184664,
-7.05));
#6516=CARTESIAN_POINT('Ctrl Pts',(-0.182929273173176,-64.5482802712354,
-7.05));
#6517=CARTESIAN_POINT('Ctrl Pts',(0.326233822561314,-64.5534125673824,-7.05));
#6518=CARTESIAN_POINT('Ctrl Pts',(1.48512180673707,-64.5462021919252,-7.05));
#6519=CARTESIAN_POINT('Ctrl Pts',(3.40227772382702,-64.280906992849,-7.05));
#6520=CARTESIAN_POINT('Ctrl Pts',(4.25452877012623,-64.1629728650218,-7.05));
#6521=CARTESIAN_POINT('Ctrl Pts',(5.25688978361868,-63.9984129296685,-7.05));
#6522=CARTESIAN_POINT('Ctrl Pts',(6.41985507361241,-63.7702775052949,-7.05));
#6523=CARTESIAN_POINT('Ctrl Pts',(7.53225323755636,-63.5520616828734,-7.05));
#6524=CARTESIAN_POINT('Ctrl Pts',(8.85835920157254,-63.2555049654125,-7.05));
#6525=CARTESIAN_POINT('Ctrl Pts',(10.0413154364186,-62.9534588754646,-7.05));
#6526=CARTESIAN_POINT('Ctrl Pts',(15.9677808759386,-61.4402450637541,-7.05));
#6527=CARTESIAN_POINT('Ctrl Pts',(19.6254770943623,-59.576196182171,-7.05));
#6528=CARTESIAN_POINT('Ctrl Pts',(21.420800492462,-58.5639498179535,-7.05));
#6529=CARTESIAN_POINT('',(33.0942982153829,-49.717842884937,-7.05));
#6530=CARTESIAN_POINT('',(28.7787787817964,-52.9881177663086,-7.05));
#6531=CARTESIAN_POINT('',(31.9172837433477,-49.957350424676,-7.05));
#6532=CARTESIAN_POINT('',(30.29299927477,-50.2878717446327,-7.05));
#6533=CARTESIAN_POINT('',(30.7361595780504,-49.1677464742443,-7.05));
#6534=CARTESIAN_POINT('Origin',(31.7178828404113,-48.9774324281537,-7.05));
#6535=CARTESIAN_POINT('',(19.8605047831559,6.93364764184863,-7.05));
#6536=CARTESIAN_POINT('',(25.6412542367783,-22.8859916810454,-7.05));
#6537=CARTESIAN_POINT('',(20.65141905014,8.10558887138679,-7.05));
#6538=CARTESIAN_POINT('Origin',(20.8422280455169,7.1239616879392,-7.05));
#6539=CARTESIAN_POINT('',(37.2320838057532,11.3285436122984,-7.05));
#6540=CARTESIAN_POINT('',(9.49326287176528,5.93666302402294,-7.05));
#6541=CARTESIAN_POINT('',(38.4045199845777,10.5377254242277,-7.05));
#6542=CARTESIAN_POINT('Origin',(37.4228928011302,10.3469164288508,-7.05));
#6543=CARTESIAN_POINT('',(49.2801747794722,-45.4126681270388,-7.05));
#6544=CARTESIAN_POINT('',(38.5555914509463,9.76053010522445,-7.05));
#6545=CARTESIAN_POINT('Origin',(48.2985475960246,-45.6034771224158,-7.05));
#6546=CARTESIAN_POINT('',(28.69211980328,52.028645190382,-7.05));
#6547=CARTESIAN_POINT('',(-28.305480196714,52.028645190382,-7.05));
#6548=CARTESIAN_POINT('',(-14.652740098357,52.028645190382,-7.05));
#6549=CARTESIAN_POINT('',(29.69211980328,51.028645190382,-7.05));
#6550=CARTESIAN_POINT('Origin',(28.69211980328,51.028645190382,-7.05));
#6551=CARTESIAN_POINT('',(29.69211980328,34.137645190382,-7.05));
#6552=CARTESIAN_POINT('',(29.69211980328,26.2347250890377,-7.05));
#6553=CARTESIAN_POINT('',(28.69211980328,33.137645190382,-7.05));
#6554=CARTESIAN_POINT('Origin',(28.69211980328,34.137645190382,-7.05));
#6555=CARTESIAN_POINT('',(-28.305480196714,33.137645190382,-7.05));
#6556=CARTESIAN_POINT('',(14.84605990164,33.137645190382,-7.05));
#6557=CARTESIAN_POINT('',(-29.305480196714,34.137645190382,-7.05));
#6558=CARTESIAN_POINT('Origin',(-28.305480196714,34.137645190382,-7.05));
#6559=CARTESIAN_POINT('',(-29.305480196714,51.028645190382,-7.05));
#6560=CARTESIAN_POINT('',(-29.305480196714,16.7892250890377,-7.05));
#6561=CARTESIAN_POINT('Origin',(-28.305480196714,51.028645190382,-7.05));
#6562=CARTESIAN_POINT('Origin',(0.255201,10.879382,-0.55));
#6563=CARTESIAN_POINT('',(3.355201,10.879382,-0.05));
#6564=CARTESIAN_POINT('',(3.855201,10.879382,-0.55));
#6565=CARTESIAN_POINT('Origin',(0.255201,10.879382,-0.05));
#6566=CARTESIAN_POINT('Origin',(0.255201,10.879382,-0.05));
#6567=CARTESIAN_POINT('',(1.855201,10.879382,-0.05));
#6568=CARTESIAN_POINT('Origin',(0.255201,10.879382,-0.05));
#6569=CARTESIAN_POINT('Ctrl Pts',(-67.9977167192078,-47.9805353336912,-0.0499999999999999));
#6570=CARTESIAN_POINT('Ctrl Pts',(-67.9977167192078,-47.9805353336912,0.486666666666654));
#6571=CARTESIAN_POINT('Ctrl Pts',(-67.9977167192078,-47.9805353336912,1.02333333333333));
#6572=CARTESIAN_POINT('Ctrl Pts',(-67.9977167192078,-47.9805353336912,1.56));
#6573=CARTESIAN_POINT('Ctrl Pts',(-68.579197842212,-47.7866380844644,-0.0499999999999999));
#6574=CARTESIAN_POINT('Ctrl Pts',(-68.579197842212,-47.7866380844644,0.486666666666654));
#6575=CARTESIAN_POINT('Ctrl Pts',(-68.579197842212,-47.7866380844644,1.02333333333333));
#6576=CARTESIAN_POINT('Ctrl Pts',(-68.579197842212,-47.7866380844644,1.56));
#6577=CARTESIAN_POINT('Ctrl Pts',(-69.0591272531483,-47.3103624476693,-0.0499999999999999));
#6578=CARTESIAN_POINT('Ctrl Pts',(-69.0591272531483,-47.3103624476693,0.486666666666653));
#6579=CARTESIAN_POINT('Ctrl Pts',(-69.0591272531483,-47.3103624476693,1.02333333333333));
#6580=CARTESIAN_POINT('Ctrl Pts',(-69.0591272531483,-47.3103624476693,1.56));
#6581=CARTESIAN_POINT('Ctrl Pts',(-69.2574625935907,-46.7303800924209,-0.0499999999999999));
#6582=CARTESIAN_POINT('Ctrl Pts',(-69.2574625935907,-46.7303800924209,0.486666666666654));
#6583=CARTESIAN_POINT('Ctrl Pts',(-69.2574625935907,-46.7303800924209,1.02333333333333));
#6584=CARTESIAN_POINT('Ctrl Pts',(-69.2574625935907,-46.7303800924209,1.56));
#6585=CARTESIAN_POINT('',(-69.2574625935907,-46.7303800924209,-0.0499999999999996));
#6586=CARTESIAN_POINT('',(-67.9977167192078,-47.9805353336912,-0.0499999999999999));
#6587=CARTESIAN_POINT('Ctrl Pts',(-69.2574625935907,-46.7303800924209,-0.0499999999999998));
#6588=CARTESIAN_POINT('Ctrl Pts',(-69.0591272531483,-47.3103624476693,-0.0499999999999998));
#6589=CARTESIAN_POINT('Ctrl Pts',(-68.579197842212,-47.7866380844644,-0.0499999999999998));
#6590=CARTESIAN_POINT('Ctrl Pts',(-67.9977167192078,-47.9805353336912,-0.0499999999999998));
#6591=CARTESIAN_POINT('',(-69.2574625935907,-46.7303800924209,1.56));
#6592=CARTESIAN_POINT('Ctrl Pts',(-69.2574625935907,-46.7303800924209,-0.0499999999999999));
#6593=CARTESIAN_POINT('Ctrl Pts',(-69.2574625935907,-46.7303800924209,0.486666666666654));
#6594=CARTESIAN_POINT('Ctrl Pts',(-69.2574625935907,-46.7303800924209,1.02333333333333));
#6595=CARTESIAN_POINT('Ctrl Pts',(-69.2574625935907,-46.7303800924209,1.56));
#6596=CARTESIAN_POINT('',(-67.9977167192078,-47.9805353336912,1.56));
#6597=CARTESIAN_POINT('Ctrl Pts',(-69.2574625935907,-46.7303800924209,1.56));
#6598=CARTESIAN_POINT('Ctrl Pts',(-69.0591272531483,-47.3103624476693,1.56));
#6599=CARTESIAN_POINT('Ctrl Pts',(-68.579197842212,-47.7866380844644,1.56));
#6600=CARTESIAN_POINT('Ctrl Pts',(-67.9977167192078,-47.9805353336912,1.56));
#6601=CARTESIAN_POINT('Ctrl Pts',(-67.9977167192078,-47.9805353336912,1.56));
#6602=CARTESIAN_POINT('Ctrl Pts',(-67.9977167192078,-47.9805353336912,1.02333333333333));
#6603=CARTESIAN_POINT('Ctrl Pts',(-67.9977167192078,-47.9805353336912,0.486666666666654));
#6604=CARTESIAN_POINT('Ctrl Pts',(-67.9977167192078,-47.9805353336912,-0.0499999999999999));
#6605=CARTESIAN_POINT('Ctrl Pts',(-77.1563489597576,11.0811517394688,-0.05));
#6606=CARTESIAN_POINT('Ctrl Pts',(-77.1563489597576,11.0811517394688,26.56));
#6607=CARTESIAN_POINT('Ctrl Pts',(-77.1471176528705,10.7944387668266,-0.05));
#6608=CARTESIAN_POINT('Ctrl Pts',(-77.1471176528705,10.7944387668266,26.56));
#6609=CARTESIAN_POINT('Ctrl Pts',(-77.1378863459835,10.5077257941845,-0.05));
#6610=CARTESIAN_POINT('Ctrl Pts',(-77.1378863459835,10.5077257941845,26.56));
#6611=CARTESIAN_POINT('Ctrl Pts',(-77.1286550390964,10.2210128215423,-0.05));
#6612=CARTESIAN_POINT('Ctrl Pts',(-77.1286550390964,10.2210128215423,26.56));
#6613=CARTESIAN_POINT('Ctrl Pts',(-76.8645746782782,2.01900348601502,-0.05));
#6614=CARTESIAN_POINT('Ctrl Pts',(-76.8645746782782,2.01900348601502,26.56));
#6615=CARTESIAN_POINT('Ctrl Pts',(-76.5151309264622,-4.83447660372822,-0.05));
#6616=CARTESIAN_POINT('Ctrl Pts',(-76.5151309264622,-4.83447660372822,26.56));
#6617=CARTESIAN_POINT('Ctrl Pts',(-76.0577980372888,-10.7615498246144,-0.05));
#6618=CARTESIAN_POINT('Ctrl Pts',(-76.0577980372888,-10.7615498246144,26.56));
#6619=CARTESIAN_POINT('Ctrl Pts',(-75.4866093969552,-18.1642032841436,-0.05));
#6620=CARTESIAN_POINT('Ctrl Pts',(-75.4866093969552,-18.1642032841436,26.56));
#6621=CARTESIAN_POINT('Ctrl Pts',(-74.753957501842,-24.2018635209274,-0.05));
#6622=CARTESIAN_POINT('Ctrl Pts',(-74.753957501842,-24.2018635209274,26.56));
#6623=CARTESIAN_POINT('Ctrl Pts',(-73.6623715750803,-30.0184615838201,-0.05));
#6624=CARTESIAN_POINT('Ctrl Pts',(-73.6623715750803,-30.0184615838201,26.56));
#6625=CARTESIAN_POINT('Ctrl Pts',(-72.7212919462192,-35.0330754699671,-0.05));
#6626=CARTESIAN_POINT('Ctrl Pts',(-72.7212919462192,-35.0330754699671,26.56));
#6627=CARTESIAN_POINT('Ctrl Pts',(-71.4980664389867,-39.8959198160449,-0.05));
#6628=CARTESIAN_POINT('Ctrl Pts',(-71.4980664389867,-39.8959198160449,26.56));
#6629=CARTESIAN_POINT('Ctrl Pts',(-69.8415443226004,-44.9810540961137,-0.05));
#6630=CARTESIAN_POINT('Ctrl Pts',(-69.8415443226004,-44.9810540961137,26.56));
#6631=CARTESIAN_POINT('Ctrl Pts',(-69.5766177388326,-45.79431655696,-0.05));
#6632=CARTESIAN_POINT('Ctrl Pts',(-69.5766177388326,-45.79431655696,26.56));
#6633=CARTESIAN_POINT('Ctrl Pts',(-69.3008883349564,-46.6122299074568,-0.05));
#6634=CARTESIAN_POINT('Ctrl Pts',(-69.3008883349564,-46.6122299074568,26.56));
#6635=CARTESIAN_POINT('Ctrl Pts',(-69.014232346096,-47.4350097637465,-0.05));
#6636=CARTESIAN_POINT('Ctrl Pts',(-69.014232346096,-47.4350097637465,26.56));
#6637=CARTESIAN_POINT('Ctrl Pts',(-68.9474191224545,-47.6267817018268,-0.05));
#6638=CARTESIAN_POINT('Ctrl Pts',(-68.9474191224545,-47.6267817018268,26.56));
#6639=CARTESIAN_POINT('Ctrl Pts',(-68.8806058988129,-47.8185536399071,-0.05));
#6640=CARTESIAN_POINT('Ctrl Pts',(-68.8806058988129,-47.8185536399071,26.56));
#6641=CARTESIAN_POINT('Ctrl Pts',(-68.8137926751713,-48.0103255779875,-0.05));
#6642=CARTESIAN_POINT('Ctrl Pts',(-68.8137926751713,-48.0103255779875,26.56));
#6643=CARTESIAN_POINT('',(-77.1332617524997,10.3640916412709,-0.05));
#6644=CARTESIAN_POINT('Ctrl Pts',(-77.1332617524997,10.3640916412713,-0.05));
#6645=CARTESIAN_POINT('Ctrl Pts',(-77.1317261813653,10.3163987013616,-0.05));
#6646=CARTESIAN_POINT('Ctrl Pts',(-77.1301906102309,10.268705761452,-0.05));
#6647=CARTESIAN_POINT('Ctrl Pts',(-77.1286550390964,10.2210128215423,-0.05));
#6648=CARTESIAN_POINT('Ctrl Pts',(-76.8645746782782,2.01900348601502,-0.05));
#6649=CARTESIAN_POINT('Ctrl Pts',(-76.5151309264622,-4.83447660372822,-0.05));
#6650=CARTESIAN_POINT('Ctrl Pts',(-76.0577980372888,-10.7615498246144,-0.05));
#6651=CARTESIAN_POINT('Ctrl Pts',(-75.4866093969552,-18.1642032841436,-0.05));
#6652=CARTESIAN_POINT('Ctrl Pts',(-74.753957501842,-24.2018635209274,-0.05));
#6653=CARTESIAN_POINT('Ctrl Pts',(-73.6623715750803,-30.0184615838201,-0.05));
#6654=CARTESIAN_POINT('Ctrl Pts',(-72.7212919462192,-35.0330754699671,-0.05));
#6655=CARTESIAN_POINT('Ctrl Pts',(-71.4980664389867,-39.8959198160449,-0.05));
#6656=CARTESIAN_POINT('Ctrl Pts',(-69.8415443226004,-44.9810540961137,-0.05));
#6657=CARTESIAN_POINT('Ctrl Pts',(-69.652372642296,-45.5617667752973,-0.05));
#6658=CARTESIAN_POINT('Ctrl Pts',(-69.4576929064807,-46.1448508128959,-0.05));
#6659=CARTESIAN_POINT('Ctrl Pts',(-69.2574600553652,-46.7303847095172,-0.05));
#6660=CARTESIAN_POINT('',(-77.1332617524997,10.3640916412709,1.56));
#6661=CARTESIAN_POINT('Ctrl Pts',(-77.1332617524997,10.3640916412709,-0.05));
#6662=CARTESIAN_POINT('Ctrl Pts',(-77.1332617524997,10.3640916412709,0.486666666666667));
#6663=CARTESIAN_POINT('Ctrl Pts',(-77.1332617524997,10.3640916412709,1.02333333333333));
#6664=CARTESIAN_POINT('Ctrl Pts',(-77.1332617524997,10.3640916412709,1.56));
#6665=CARTESIAN_POINT('Ctrl Pts',(-69.2574600553652,-46.730384709517,1.56));
#6666=CARTESIAN_POINT('Ctrl Pts',(-69.4576929064808,-46.1448508128958,1.56));
#6667=CARTESIAN_POINT('Ctrl Pts',(-69.6523726422961,-45.5617667752973,1.56));
#6668=CARTESIAN_POINT('Ctrl Pts',(-69.8415443226004,-44.9810540961137,1.56));
#6669=CARTESIAN_POINT('Ctrl Pts',(-71.4980664389867,-39.8959198160449,1.56));
#6670=CARTESIAN_POINT('Ctrl Pts',(-72.7212919462192,-35.0330754699671,1.56));
#6671=CARTESIAN_POINT('Ctrl Pts',(-73.6623715750803,-30.0184615838201,1.56));
#6672=CARTESIAN_POINT('Ctrl Pts',(-74.753957501842,-24.2018635209274,1.56));
#6673=CARTESIAN_POINT('Ctrl Pts',(-75.4866093969552,-18.1642032841436,1.56));
#6674=CARTESIAN_POINT('Ctrl Pts',(-76.0577980372888,-10.7615498246144,1.56));
#6675=CARTESIAN_POINT('Ctrl Pts',(-76.5151309264622,-4.83447660372821,1.56));
#6676=CARTESIAN_POINT('Ctrl Pts',(-76.8645746782782,2.01900348601502,1.56));
#6677=CARTESIAN_POINT('Ctrl Pts',(-77.1286550390964,10.2210128215423,1.56));
#6678=CARTESIAN_POINT('Ctrl Pts',(-77.1301906102309,10.268705761452,1.56));
#6679=CARTESIAN_POINT('Ctrl Pts',(-77.1317261813653,10.3163987013616,1.56));
#6680=CARTESIAN_POINT('Ctrl Pts',(-77.1332617524997,10.3640916412713,1.56));
#6681=CARTESIAN_POINT('Ctrl Pts',(69.2571440612366,-46.7335462507016,-0.0500000000000006));
#6682=CARTESIAN_POINT('Ctrl Pts',(69.2571440612366,-46.7335462507016,0.486666666666662));
#6683=CARTESIAN_POINT('Ctrl Pts',(69.2571440612366,-46.7335462507016,1.02333333333333));
#6684=CARTESIAN_POINT('Ctrl Pts',(69.2571440612366,-46.7335462507016,1.56));
#6685=CARTESIAN_POINT('Ctrl Pts',(69.05794438756,-47.3123063455278,-0.0500000000000006));
#6686=CARTESIAN_POINT('Ctrl Pts',(69.05794438756,-47.3123063455278,0.486666666666662));
#6687=CARTESIAN_POINT('Ctrl Pts',(69.05794438756,-47.3123063455278,1.02333333333333));
#6688=CARTESIAN_POINT('Ctrl Pts',(69.05794438756,-47.3123063455278,1.56));
#6689=CARTESIAN_POINT('Ctrl Pts',(68.5781954180457,-47.7871423376148,-0.0500000000000006));
#6690=CARTESIAN_POINT('Ctrl Pts',(68.5781954180457,-47.7871423376148,0.486666666666662));
#6691=CARTESIAN_POINT('Ctrl Pts',(68.5781954180457,-47.7871423376148,1.02333333333333));
#6692=CARTESIAN_POINT('Ctrl Pts',(68.5781954180457,-47.7871423376148,1.56));
#6693=CARTESIAN_POINT('Ctrl Pts',(67.9974155897211,-47.9803741889419,-0.0500000000000006));
#6694=CARTESIAN_POINT('Ctrl Pts',(67.9974155897211,-47.9803741889419,0.486666666666662));
#6695=CARTESIAN_POINT('Ctrl Pts',(67.9974155897211,-47.9803741889419,1.02333333333333));
#6696=CARTESIAN_POINT('Ctrl Pts',(67.9974155897211,-47.9803741889419,1.56));
#6697=CARTESIAN_POINT('',(67.9974155897211,-47.9803741889419,-0.05));
#6698=CARTESIAN_POINT('',(69.2571440612366,-46.7335462507016,-0.05));
#6699=CARTESIAN_POINT('Ctrl Pts',(67.9974155897211,-47.9803741889419,-0.0499999999999999));
#6700=CARTESIAN_POINT('Ctrl Pts',(68.5781954180457,-47.7871423376148,-0.0499999999999999));
#6701=CARTESIAN_POINT('Ctrl Pts',(69.05794438756,-47.3123063455278,-0.0499999999999999));
#6702=CARTESIAN_POINT('Ctrl Pts',(69.2571440612366,-46.7335462507016,-0.0499999999999999));
#6703=CARTESIAN_POINT('',(67.9974155897211,-47.9803741889419,1.56));
#6704=CARTESIAN_POINT('Ctrl Pts',(67.9974155897211,-47.9803741889419,-0.0500000000000006));
#6705=CARTESIAN_POINT('Ctrl Pts',(67.9974155897211,-47.9803741889419,0.486666666666662));
#6706=CARTESIAN_POINT('Ctrl Pts',(67.9974155897211,-47.9803741889419,1.02333333333333));
#6707=CARTESIAN_POINT('Ctrl Pts',(67.9974155897211,-47.9803741889419,1.56));
#6708=CARTESIAN_POINT('',(69.2571440612367,-46.7335462507016,1.56));
#6709=CARTESIAN_POINT('Ctrl Pts',(67.9974155897211,-47.9803741889419,1.56));
#6710=CARTESIAN_POINT('Ctrl Pts',(68.5781954180457,-47.7871423376148,1.56));
#6711=CARTESIAN_POINT('Ctrl Pts',(69.05794438756,-47.3123063455278,1.56));
#6712=CARTESIAN_POINT('Ctrl Pts',(69.2571440612366,-46.7335462507016,1.56));
#6713=CARTESIAN_POINT('Ctrl Pts',(69.2571440612366,-46.7335462507016,1.56));
#6714=CARTESIAN_POINT('Ctrl Pts',(69.2571440612366,-46.7335462507016,1.02333333333333));
#6715=CARTESIAN_POINT('Ctrl Pts',(69.2571440612366,-46.7335462507016,0.486666666666662));
#6716=CARTESIAN_POINT('Ctrl Pts',(69.2571440612366,-46.7335462507016,-0.0500000000000006));
#6717=CARTESIAN_POINT('Ctrl Pts',(37.2617200426221,-48.8204690048446,-0.05));
#6718=CARTESIAN_POINT('Ctrl Pts',(37.2617200426221,-48.8204690048446,26.56));
#6719=CARTESIAN_POINT('Ctrl Pts',(41.2761389769462,-49.9504349388345,-0.05));
#6720=CARTESIAN_POINT('Ctrl Pts',(41.2761389769462,-49.9504349388345,26.56));
#6721=CARTESIAN_POINT('Ctrl Pts',(44.4695578881668,-50.6842087041475,-0.05));
#6722=CARTESIAN_POINT('Ctrl Pts',(44.4695578881668,-50.6842087041475,26.56));
#6723=CARTESIAN_POINT('Ctrl Pts',(47.2253691983464,-51.0774229866442,-0.05));
#6724=CARTESIAN_POINT('Ctrl Pts',(47.2253691983464,-51.0774229866442,26.56));
#6725=CARTESIAN_POINT('Ctrl Pts',(50.748054019667,-51.5800589905539,-0.05));
#6726=CARTESIAN_POINT('Ctrl Pts',(50.748054019667,-51.5800589905539,26.56));
#6727=CARTESIAN_POINT('Ctrl Pts',(53.6097464664157,-51.5501839737085,-0.05));
#6728=CARTESIAN_POINT('Ctrl Pts',(53.6097464664157,-51.5501839737085,26.56));
#6729=CARTESIAN_POINT('Ctrl Pts',(57.1392107050753,-50.9298542314881,-0.05));
#6730=CARTESIAN_POINT('Ctrl Pts',(57.1392107050753,-50.9298542314881,26.56));
#6731=CARTESIAN_POINT('Ctrl Pts',(59.8714040274046,-50.4496508168247,-0.05));
#6732=CARTESIAN_POINT('Ctrl Pts',(59.8714040274046,-50.4496508168247,26.56));
#6733=CARTESIAN_POINT('Ctrl Pts',(63.0363850398186,-49.6006617242873,-0.05));
#6734=CARTESIAN_POINT('Ctrl Pts',(63.0363850398186,-49.6006617242873,26.56));
#6735=CARTESIAN_POINT('Ctrl Pts',(67.0866737306682,-48.2803679621242,-0.05));
#6736=CARTESIAN_POINT('Ctrl Pts',(67.0866737306682,-48.2803679621242,26.56));
#6737=CARTESIAN_POINT('Ctrl Pts',(67.6109422681192,-48.109469408335,-0.05));
#6738=CARTESIAN_POINT('Ctrl Pts',(67.6109422681192,-48.109469408335,26.56));
#6739=CARTESIAN_POINT('Ctrl Pts',(68.149315748098,-47.9307800591919,-0.05));
#6740=CARTESIAN_POINT('Ctrl Pts',(68.149315748098,-47.9307800591919,26.56));
#6741=CARTESIAN_POINT('Ctrl Pts',(68.7019593653453,-47.7442510872951,-0.05));
#6742=CARTESIAN_POINT('Ctrl Pts',(68.7019593653453,-47.7442510872951,26.56));
#6743=CARTESIAN_POINT('Ctrl Pts',(68.8945691774263,-47.6792411801805,-0.05));
#6744=CARTESIAN_POINT('Ctrl Pts',(68.8945691774263,-47.6792411801805,26.56));
#6745=CARTESIAN_POINT('Ctrl Pts',(69.0871789895074,-47.614231273066,-0.05));
#6746=CARTESIAN_POINT('Ctrl Pts',(69.0871789895074,-47.614231273066,26.56));
#6747=CARTESIAN_POINT('Ctrl Pts',(69.2797888015886,-47.5492213659513,-0.05));
#6748=CARTESIAN_POINT('Ctrl Pts',(69.2797888015886,-47.5492213659513,26.56));
#6749=CARTESIAN_POINT('',(37.5012333360307,-48.8876775686826,-0.05));
#6750=CARTESIAN_POINT('Ctrl Pts',(37.5011714049741,-48.8876711959698,-0.05));
#6751=CARTESIAN_POINT('Ctrl Pts',(41.4034705350127,-49.9795971278741,-0.05));
#6752=CARTESIAN_POINT('Ctrl Pts',(44.524574533603,-50.692058781067,-0.05));
#6753=CARTESIAN_POINT('Ctrl Pts',(47.2253691983464,-51.0774229866442,-0.05));
#6754=CARTESIAN_POINT('Ctrl Pts',(50.748054019667,-51.5800589905539,-0.05));
#6755=CARTESIAN_POINT('Ctrl Pts',(53.6097464664157,-51.5501839737085,-0.05));
#6756=CARTESIAN_POINT('Ctrl Pts',(57.1392107050753,-50.9298542314881,-0.05));
#6757=CARTESIAN_POINT('Ctrl Pts',(59.8714040274046,-50.4496508168247,-0.05));
#6758=CARTESIAN_POINT('Ctrl Pts',(63.0363850398186,-49.6006617242873,-0.05));
#6759=CARTESIAN_POINT('Ctrl Pts',(67.0866737306682,-48.2803679621242,-0.05));
#6760=CARTESIAN_POINT('Ctrl Pts',(67.38565816875,-48.1829064430293,-0.05));
#6761=CARTESIAN_POINT('Ctrl Pts',(67.6892299464979,-48.0829111295224,-0.05));
#6762=CARTESIAN_POINT('Ctrl Pts',(67.9974197033351,-47.9803729653627,-0.05));
#6763=CARTESIAN_POINT('',(37.5012333360307,-48.8876775686826,1.56));
#6764=CARTESIAN_POINT('Ctrl Pts',(37.5012333360307,-48.8876775686826,1.56));
#6765=CARTESIAN_POINT('Ctrl Pts',(37.5012333360307,-48.8876775686826,1.02333333333334));
#6766=CARTESIAN_POINT('Ctrl Pts',(37.5012333360307,-48.8876775686826,0.486666666666668));
#6767=CARTESIAN_POINT('Ctrl Pts',(37.5012333360307,-48.8876775686826,-0.05));
#6768=CARTESIAN_POINT('Ctrl Pts',(67.9974197033352,-47.9803729653626,1.56));
#6769=CARTESIAN_POINT('Ctrl Pts',(67.689229946498,-48.0829111295224,1.56));
#6770=CARTESIAN_POINT('Ctrl Pts',(67.38565816875,-48.1829064430293,1.56));
#6771=CARTESIAN_POINT('Ctrl Pts',(67.0866737306682,-48.2803679621242,1.56));
#6772=CARTESIAN_POINT('Ctrl Pts',(63.0363850398186,-49.6006617242873,1.56));
#6773=CARTESIAN_POINT('Ctrl Pts',(59.8714040274046,-50.4496508168247,1.56));
#6774=CARTESIAN_POINT('Ctrl Pts',(57.1392107050753,-50.9298542314881,1.56));
#6775=CARTESIAN_POINT('Ctrl Pts',(53.6097464664157,-51.5501839737085,1.56));
#6776=CARTESIAN_POINT('Ctrl Pts',(50.748054019667,-51.5800589905539,1.56));
#6777=CARTESIAN_POINT('Ctrl Pts',(47.2253691983464,-51.0774229866442,1.56));
#6778=CARTESIAN_POINT('Ctrl Pts',(44.5245745336016,-50.6920587810668,1.56));
#6779=CARTESIAN_POINT('Ctrl Pts',(41.4034705350093,-49.9795971278733,1.56));
#6780=CARTESIAN_POINT('Ctrl Pts',(37.5011714049678,-48.887671195968,1.56));
#6781=CARTESIAN_POINT('Origin',(0.255201,10.879382,-8.035));
#6782=CARTESIAN_POINT('',(-1.009299,10.879382,-2.05));
#6783=CARTESIAN_POINT('Origin',(0.255201,10.879382,-2.05));
#6784=CARTESIAN_POINT('',(-1.009299,10.879382,-8.035));
#6785=CARTESIAN_POINT('Origin',(0.255201,10.879382,-2.05));
#6786=CARTESIAN_POINT('',(1.855201,10.879382,-2.05));
#6787=CARTESIAN_POINT('Origin',(0.255201,10.879382,-2.05));
#6788=CARTESIAN_POINT('Origin',(0.255201,10.879382,-0.05));
#6789=CARTESIAN_POINT('',(1.855201,10.879382,-0.05));
#6790=CARTESIAN_POINT('Ctrl Pts',(67.1255676615915,-46.7770035701877,-17.55));
#6791=CARTESIAN_POINT('Ctrl Pts',(67.1255676615915,-46.7770035701877,1.56));
#6792=CARTESIAN_POINT('Ctrl Pts',(68.8484161310606,-41.8319549897355,-17.55));
#6793=CARTESIAN_POINT('Ctrl Pts',(68.8484161310606,-41.8319549897355,1.56));
#6794=CARTESIAN_POINT('Ctrl Pts',(70.1277833097034,-37.5318613561168,-17.55));
#6795=CARTESIAN_POINT('Ctrl Pts',(70.1277833097034,-37.5318613561168,1.56));
#6796=CARTESIAN_POINT('Ctrl Pts',(71.0765883443503,-33.5769996204727,-17.55));
#6797=CARTESIAN_POINT('Ctrl Pts',(71.0765883443503,-33.5769996204727,1.56));
#6798=CARTESIAN_POINT('Ctrl Pts',(72.4851613971148,-27.7057073477544,-17.55));
#6799=CARTESIAN_POINT('Ctrl Pts',(72.4851613971148,-27.7057073477544,1.56));
#6800=CARTESIAN_POINT('Ctrl Pts',(73.2015409287821,-22.5739703322151,-17.55));
#6801=CARTESIAN_POINT('Ctrl Pts',(73.2015409287821,-22.5739703322151,1.56));
#6802=CARTESIAN_POINT('Ctrl Pts',(73.7477291019511,-15.9899842703624,-17.55));
#6803=CARTESIAN_POINT('Ctrl Pts',(73.7477291019511,-15.9899842703624,1.56));
#6804=CARTESIAN_POINT('Ctrl Pts',(74.127518300852,-11.4118426795313,-17.55));
#6805=CARTESIAN_POINT('Ctrl Pts',(74.127518300852,-11.4118426795313,1.56));
#6806=CARTESIAN_POINT('Ctrl Pts',(74.422600912102,-6.09369798469614,-17.55));
#6807=CARTESIAN_POINT('Ctrl Pts',(74.422600912102,-6.09369798469614,1.56));
#6808=CARTESIAN_POINT('Ctrl Pts',(74.7265425232322,0.63276497501389,-17.55));
#6809=CARTESIAN_POINT('Ctrl Pts',(74.7265425232322,0.63276497501389,1.56));
#6810=CARTESIAN_POINT('Ctrl Pts',(74.8597100079207,3.57986441909556,-17.55));
#6811=CARTESIAN_POINT('Ctrl Pts',(74.8597100079207,3.57986441909556,1.56));
#6812=CARTESIAN_POINT('Ctrl Pts',(74.9935175127743,6.79408830638022,-17.55));
#6813=CARTESIAN_POINT('Ctrl Pts',(74.9935175127743,6.79408830638022,1.56));
#6814=CARTESIAN_POINT('Ctrl Pts',(75.1300530988021,10.2955415470346,-17.55));
#6815=CARTESIAN_POINT('Ctrl Pts',(75.1300530988021,10.2955415470346,1.56));
#6816=CARTESIAN_POINT('',(75.091953508225,9.32428296760728,-1.945));
#6817=CARTESIAN_POINT('Ctrl Pts',(75.1135813190677,9.87420581153081,-3.04284870556113));
#6818=CARTESIAN_POINT('Ctrl Pts',(75.1064050128237,9.6911137543266,-2.88122671965044));
#6819=CARTESIAN_POINT('Ctrl Pts',(75.1008859379089,9.5508949594495,-2.70089074011946));
#6820=CARTESIAN_POINT('Ctrl Pts',(75.0942313073577,9.38198691500463,-2.35298386168833));
#6821=CARTESIAN_POINT('Ctrl Pts',(75.0924151296733,9.33598058085983,-2.18666854591718));
#6822=CARTESIAN_POINT('Ctrl Pts',(75.0919789923183,9.32492871900365,-1.99093973023465));
#6823=CARTESIAN_POINT('Ctrl Pts',(75.091953508225,9.32428296760727,-1.96794201787366));
#6824=CARTESIAN_POINT('Ctrl Pts',(75.091953508225,9.32428296760727,-1.945));
#6825=CARTESIAN_POINT('',(67.3660230294483,-46.0826535997002,-0.0500000000000001));
#6826=CARTESIAN_POINT('Ctrl Pts',(67.3660230294483,-46.0826535997002,-7.05));
#6827=CARTESIAN_POINT('Ctrl Pts',(67.3660230294483,-46.0826535997002,-4.71666666666667));
#6828=CARTESIAN_POINT('Ctrl Pts',(67.3660230294483,-46.0826535997002,-2.38333333333333));
#6829=CARTESIAN_POINT('Ctrl Pts',(67.3660230294483,-46.0826535997002,-0.0500000000000001));
#6830=CARTESIAN_POINT('',(75.091953508225,9.32428296760726,-0.05));
#6831=CARTESIAN_POINT('Ctrl Pts',(75.0919608565773,9.32435119961179,-0.0499999999999989));
#6832=CARTESIAN_POINT('Ctrl Pts',(74.9685903374017,6.19749151588267,-0.0499999999999989));
#6833=CARTESIAN_POINT('Ctrl Pts',(74.8473032709367,3.30529373275944,-0.0499999999999989));
#6834=CARTESIAN_POINT('Ctrl Pts',(74.7265425232322,0.63276497501389,-0.0499999999999989));
#6835=CARTESIAN_POINT('Ctrl Pts',(74.422600912102,-6.09369798469613,-0.0499999999999989));
#6836=CARTESIAN_POINT('Ctrl Pts',(74.127518300852,-11.4118426795313,-0.0499999999999989));
#6837=CARTESIAN_POINT('Ctrl Pts',(73.7477291019511,-15.9899842703624,-0.0499999999999989));
#6838=CARTESIAN_POINT('Ctrl Pts',(73.2015409287821,-22.573970332215,-0.0499999999999989));
#6839=CARTESIAN_POINT('Ctrl Pts',(72.4851613971148,-27.7057073477544,-0.0499999999999989));
#6840=CARTESIAN_POINT('Ctrl Pts',(71.0765883443503,-33.5769996204727,-0.0499999999999989));
#6841=CARTESIAN_POINT('Ctrl Pts',(70.17244592236,-37.3456961784888,-0.0499999999999989));
#6842=CARTESIAN_POINT('Ctrl Pts',(68.9681296549339,-41.4278877578326,-0.0499999999999989));
#6843=CARTESIAN_POINT('Ctrl Pts',(67.3659277032023,-46.0829324131634,-0.0499999999999989));
#6844=CARTESIAN_POINT('Ctrl Pts',(75.091953508225,9.32428296760728,-1.945));
#6845=CARTESIAN_POINT('Ctrl Pts',(75.091953508225,9.32428296760727,-1.31333333333334));
#6846=CARTESIAN_POINT('Ctrl Pts',(75.091953508225,9.32428296760727,-0.681666666666668));
#6847=CARTESIAN_POINT('Ctrl Pts',(75.091953508225,9.32428296760726,-0.05));
#6848=CARTESIAN_POINT('Ctrl Pts',(35.9911939733764,-46.3851262066258,-17.55));
#6849=CARTESIAN_POINT('Ctrl Pts',(35.9911939733764,-46.3851262066258,1.56));
#6850=CARTESIAN_POINT('Ctrl Pts',(36.5953346062956,-46.5551777995726,-17.55));
#6851=CARTESIAN_POINT('Ctrl Pts',(36.5953346062956,-46.5551777995726,1.56));
#6852=CARTESIAN_POINT('Ctrl Pts',(37.1994752392147,-46.7252293925195,-17.55));
#6853=CARTESIAN_POINT('Ctrl Pts',(37.1994752392147,-46.7252293925195,1.56));
#6854=CARTESIAN_POINT('Ctrl Pts',(37.8036158721338,-46.8952809854663,-17.55));
#6855=CARTESIAN_POINT('Ctrl Pts',(37.8036158721338,-46.8952809854663,1.56));
#6856=CARTESIAN_POINT('Ctrl Pts',(41.6331672030609,-47.9732109716504,-17.55));
#6857=CARTESIAN_POINT('Ctrl Pts',(41.6331672030609,-47.9732109716504,1.56));
#6858=CARTESIAN_POINT('Ctrl Pts',(44.6776150113646,-48.6751898470727,-17.55));
#6859=CARTESIAN_POINT('Ctrl Pts',(44.6776150113646,-48.6751898470727,1.56));
#6860=CARTESIAN_POINT('Ctrl Pts',(47.2420312504851,-49.0586294252477,-17.55));
#6861=CARTESIAN_POINT('Ctrl Pts',(47.2420312504851,-49.0586294252477,1.56));
#6862=CARTESIAN_POINT('Ctrl Pts',(50.4654096366639,-49.5405990953192,-17.55));
#6863=CARTESIAN_POINT('Ctrl Pts',(50.4654096366639,-49.5405990953192,1.56));
#6864=CARTESIAN_POINT('Ctrl Pts',(52.959781446294,-49.5577086957864,-17.55));
#6865=CARTESIAN_POINT('Ctrl Pts',(52.959781446294,-49.5577086957864,1.56));
#6866=CARTESIAN_POINT('Ctrl Pts',(56.0418052792129,-49.0839252759276,-17.55));
#6867=CARTESIAN_POINT('Ctrl Pts',(56.0418052792129,-49.0839252759276,1.56));
#6868=CARTESIAN_POINT('Ctrl Pts',(58.5325765867966,-48.7010320174172,-17.55));
#6869=CARTESIAN_POINT('Ctrl Pts',(58.5325765867966,-48.7010320174172,1.56));
#6870=CARTESIAN_POINT('Ctrl Pts',(61.4402341494796,-47.9714849521206,-17.55));
#6871=CARTESIAN_POINT('Ctrl Pts',(61.4402341494796,-47.9714849521206,1.56));
#6872=CARTESIAN_POINT('Ctrl Pts',(65.2243124018554,-46.7775292502726,-17.55));
#6873=CARTESIAN_POINT('Ctrl Pts',(65.2243124018554,-46.7775292502726,1.56));
#6874=CARTESIAN_POINT('Ctrl Pts',(66.1225666157091,-46.4941112898574,-17.55));
#6875=CARTESIAN_POINT('Ctrl Pts',(66.1225666157091,-46.4941112898574,1.56));
#6876=CARTESIAN_POINT('Ctrl Pts',(67.0681839896712,-46.1848362738646,-17.55));
#6877=CARTESIAN_POINT('Ctrl Pts',(67.0681839896712,-46.1848362738646,1.56));
#6878=CARTESIAN_POINT('Ctrl Pts',(68.0623659039641,-45.8492787381147,-17.55));
#6879=CARTESIAN_POINT('Ctrl Pts',(68.0623659039641,-45.8492787381147,1.56));
#6880=CARTESIAN_POINT('',(41.786577810235,-47.9490740635253,-0.05));
#6881=CARTESIAN_POINT('Ctrl Pts',(67.3660458645585,-46.0826465739625,-0.0499999999999989));
#6882=CARTESIAN_POINT('Ctrl Pts',(66.6241454770397,-46.3294858958943,-0.0499999999999989));
#6883=CARTESIAN_POINT('Ctrl Pts',(65.9104127760309,-46.5610502561416,-0.0499999999999989));
#6884=CARTESIAN_POINT('Ctrl Pts',(65.2243124018554,-46.7775292502726,-0.0499999999999989));
#6885=CARTESIAN_POINT('Ctrl Pts',(61.4402341494796,-47.9714849521206,-0.0499999999999989));
#6886=CARTESIAN_POINT('Ctrl Pts',(58.5325765867966,-48.7010320174172,-0.0499999999999989));
#6887=CARTESIAN_POINT('Ctrl Pts',(56.0418052792129,-49.0839252759276,-0.0499999999999989));
#6888=CARTESIAN_POINT('Ctrl Pts',(52.959781446294,-49.5577086957864,-0.0499999999999989));
#6889=CARTESIAN_POINT('Ctrl Pts',(50.4654096366639,-49.5405990953192,-0.0499999999999989));
#6890=CARTESIAN_POINT('Ctrl Pts',(47.2420312504851,-49.0586294252477,-0.0499999999999989));
#6891=CARTESIAN_POINT('Ctrl Pts',(45.6347178251053,-48.8182988687566,-0.0499999999999989));
#6892=CARTESIAN_POINT('Ctrl Pts',(43.8388251483511,-48.4528309128431,-0.0499999999999989));
#6893=CARTESIAN_POINT('Ctrl Pts',(41.7792361839608,-47.948089203021,-0.0499999999999989));
#6894=CARTESIAN_POINT('Ctrl Pts',(41.786577810235,-47.9490740635253,-0.05));
#6895=CARTESIAN_POINT('Ctrl Pts',(41.786577810235,-47.9490740635253,-2.38333333333333));
#6896=CARTESIAN_POINT('Ctrl Pts',(41.786577810235,-47.9490740635253,-4.71666666666667));
#6897=CARTESIAN_POINT('Ctrl Pts',(41.786577810235,-47.9490740635253,-7.05));
#6898=CARTESIAN_POINT('Origin',(21.3407436790128,-58.6246163935847,-0.05));
#6899=CARTESIAN_POINT('',(33.0942982153829,-49.717842884937,-0.05));
#6900=CARTESIAN_POINT('',(33.0942982153829,-49.717842884937,-0.05));
#6901=CARTESIAN_POINT('',(21.4208004924619,-58.5639498179536,-0.0500000000000001));
#6902=CARTESIAN_POINT('Ctrl Pts',(21.4208004924619,-58.5639498179536,-7.05));
#6903=CARTESIAN_POINT('Ctrl Pts',(21.4208004924619,-58.5639498179536,-4.71666666666667));
#6904=CARTESIAN_POINT('Ctrl Pts',(21.4208004924619,-58.5639498179536,-2.38333333333333));
#6905=CARTESIAN_POINT('Ctrl Pts',(21.4208004924619,-58.5639498179536,-0.0500000000000001));
#6906=CARTESIAN_POINT('',(28.7787787817964,-52.9881177663086,-0.05));
#6907=CARTESIAN_POINT('Ctrl Pts',(-21.5298274160232,-58.5025264448809,-17.55));
#6908=CARTESIAN_POINT('Ctrl Pts',(-21.5298274160232,-58.5025264448809,1.56));
#6909=CARTESIAN_POINT('Ctrl Pts',(-19.3981236523425,-59.6623493063733,-17.55));
#6910=CARTESIAN_POINT('Ctrl Pts',(-19.3981236523425,-59.6623493063733,1.56));
#6911=CARTESIAN_POINT('Ctrl Pts',(-16.8341949039637,-60.7083934476141,-17.55));
#6912=CARTESIAN_POINT('Ctrl Pts',(-16.8341949039637,-60.7083934476141,1.56));
#6913=CARTESIAN_POINT('Ctrl Pts',(-14.1579320779818,-61.5952278705237,-17.55));
#6914=CARTESIAN_POINT('Ctrl Pts',(-14.1579320779818,-61.5952278705237,1.56));
#6915=CARTESIAN_POINT('Ctrl Pts',(-11.0626443618428,-62.6209147607768,-17.55));
#6916=CARTESIAN_POINT('Ctrl Pts',(-11.0626443618428,-62.6209147607768,1.56));
#6917=CARTESIAN_POINT('Ctrl Pts',(-7.89945996365736,-63.4250900610206,-17.55));
#6918=CARTESIAN_POINT('Ctrl Pts',(-7.89945996365736,-63.4250900610206,1.56));
#6919=CARTESIAN_POINT('Ctrl Pts',(-5.35401458547495,-63.924322057709,-17.55));
#6920=CARTESIAN_POINT('Ctrl Pts',(-5.35401458547495,-63.924322057709,1.56));
#6921=CARTESIAN_POINT('Ctrl Pts',(-3.60818460669748,-64.2667274354296,-17.55));
#6922=CARTESIAN_POINT('Ctrl Pts',(-3.60818460669748,-64.2667274354296,1.56));
#6923=CARTESIAN_POINT('Ctrl Pts',(-2.18119793198978,-64.4617415456186,-17.55));
#6924=CARTESIAN_POINT('Ctrl Pts',(-2.18119793198978,-64.4617415456186,1.56));
#6925=CARTESIAN_POINT('Ctrl Pts',(-0.941296851857504,-64.5249674995557,
-17.55));
#6926=CARTESIAN_POINT('Ctrl Pts',(-0.941296851857504,-64.5249674995557,
1.56));
#6927=CARTESIAN_POINT('Ctrl Pts',(0.411665445288954,-64.5939587547846,-17.55));
#6928=CARTESIAN_POINT('Ctrl Pts',(0.411665445288954,-64.5939587547846,1.56));
#6929=CARTESIAN_POINT('Ctrl Pts',(1.62764885349932,-64.5176608330366,-17.55));
#6930=CARTESIAN_POINT('Ctrl Pts',(1.62764885349932,-64.5176608330366,1.56));
#6931=CARTESIAN_POINT('Ctrl Pts',(3.19365538883797,-64.3092301197824,-17.55));
#6932=CARTESIAN_POINT('Ctrl Pts',(3.19365538883797,-64.3092301197824,1.56));
#6933=CARTESIAN_POINT('Ctrl Pts',(5.15179481144533,-64.0486077103,-17.55));
#6934=CARTESIAN_POINT('Ctrl Pts',(5.15179481144533,-64.0486077103,1.56));
#6935=CARTESIAN_POINT('Ctrl Pts',(7.63562811976568,-63.5838514306775,-17.55));
#6936=CARTESIAN_POINT('Ctrl Pts',(7.63562811976568,-63.5838514306775,1.56));
#6937=CARTESIAN_POINT('Ctrl Pts',(10.4043780381903,-62.8596282346314,-17.55));
#6938=CARTESIAN_POINT('Ctrl Pts',(10.4043780381903,-62.8596282346314,1.56));
#6939=CARTESIAN_POINT('Ctrl Pts',(13.3255806273932,-62.095527923017,-17.55));
#6940=CARTESIAN_POINT('Ctrl Pts',(13.3255806273932,-62.095527923017,1.56));
#6941=CARTESIAN_POINT('Ctrl Pts',(16.5055146856084,-61.0353072474572,-17.55));
#6942=CARTESIAN_POINT('Ctrl Pts',(16.5055146856084,-61.0353072474572,1.56));
#6943=CARTESIAN_POINT('Ctrl Pts',(19.4509868491643,-59.5981557518534,-17.55));
#6944=CARTESIAN_POINT('Ctrl Pts',(19.4509868491643,-59.5981557518534,1.56));
#6945=CARTESIAN_POINT('Ctrl Pts',(20.1473099452193,-59.2584065628097,-17.55));
#6946=CARTESIAN_POINT('Ctrl Pts',(20.1473099452193,-59.2584065628097,1.56));
#6947=CARTESIAN_POINT('Ctrl Pts',(20.83266949884,-58.8977734859905,-17.55));
#6948=CARTESIAN_POINT('Ctrl Pts',(20.83266949884,-58.8977734859905,1.56));
#6949=CARTESIAN_POINT('Ctrl Pts',(21.5065081573713,-58.5154750391258,-17.55));
#6950=CARTESIAN_POINT('Ctrl Pts',(21.5065081573713,-58.5154750391258,1.56));
#6951=CARTESIAN_POINT('',(-21.4317719183975,-58.555647838776,-0.0500000000000001));
#6952=CARTESIAN_POINT('Ctrl Pts',(21.4207990634388,-58.5639498106212,-0.0499999999999989));
#6953=CARTESIAN_POINT('Ctrl Pts',(20.7745755264629,-58.9282944271805,-0.0499999999999989));
#6954=CARTESIAN_POINT('Ctrl Pts',(20.1178082982672,-59.2728009735139,-0.0499999999999989));
#6955=CARTESIAN_POINT('Ctrl Pts',(19.4509868491643,-59.5981557518534,-0.0499999999999989));
#6956=CARTESIAN_POINT('Ctrl Pts',(16.5055146856084,-61.0353072474572,-0.0499999999999989));
#6957=CARTESIAN_POINT('Ctrl Pts',(13.3255806273932,-62.095527923017,-0.0499999999999989));
#6958=CARTESIAN_POINT('Ctrl Pts',(10.4043780381903,-62.8596282346314,-0.0499999999999989));
#6959=CARTESIAN_POINT('Ctrl Pts',(7.63562811976568,-63.5838514306775,-0.0499999999999989));
#6960=CARTESIAN_POINT('Ctrl Pts',(5.15179481144533,-64.0486077103,-0.0499999999999989));
#6961=CARTESIAN_POINT('Ctrl Pts',(3.19365538883797,-64.3092301197824,-0.0499999999999989));
#6962=CARTESIAN_POINT('Ctrl Pts',(1.62764885349932,-64.5176608330366,-0.0499999999999989));
#6963=CARTESIAN_POINT('Ctrl Pts',(0.411665445288954,-64.5939587547846,-0.0499999999999989));
#6964=CARTESIAN_POINT('Ctrl Pts',(-0.941296851857504,-64.5249674995557,
-0.0499999999999989));
#6965=CARTESIAN_POINT('Ctrl Pts',(-2.18119793198978,-64.4617415456186,-0.0499999999999989));
#6966=CARTESIAN_POINT('Ctrl Pts',(-3.60818460669748,-64.2667274354296,-0.0499999999999989));
#6967=CARTESIAN_POINT('Ctrl Pts',(-5.35401458547495,-63.924322057709,-0.0499999999999989));
#6968=CARTESIAN_POINT('Ctrl Pts',(-7.89945996365736,-63.4250900610206,-0.0499999999999989));
#6969=CARTESIAN_POINT('Ctrl Pts',(-11.0626443618428,-62.6209147607768,-0.0499999999999989));
#6970=CARTESIAN_POINT('Ctrl Pts',(-14.1579320779818,-61.5952278705237,-0.0499999999999989));
#6971=CARTESIAN_POINT('Ctrl Pts',(-16.7932708367986,-60.7219544742573,-0.0499999999999989));
#6972=CARTESIAN_POINT('Ctrl Pts',(-19.3196847635509,-59.6943032417874,-0.0499999999999989));
#6973=CARTESIAN_POINT('Ctrl Pts',(-21.4317345280905,-58.555652754104,-0.0499999999999989));
#6974=CARTESIAN_POINT('Ctrl Pts',(-21.4317719183975,-58.555647838776,-7.05));
#6975=CARTESIAN_POINT('Ctrl Pts',(-21.4317719183975,-58.555647838776,-4.71666666666667));
#6976=CARTESIAN_POINT('Ctrl Pts',(-21.4317719183975,-58.555647838776,-2.38333333333333));
#6977=CARTESIAN_POINT('Ctrl Pts',(-21.4317719183975,-58.555647838776,-0.0500000000000002));
#6978=CARTESIAN_POINT('Origin',(-36.4912524890912,-47.1436595375062,-0.05));
#6979=CARTESIAN_POINT('',(-33.2011691902316,-49.6368658563121,-0.05));
#6980=CARTESIAN_POINT('',(-36.3540390058326,-47.2476391308509,-0.05));
#6981=CARTESIAN_POINT('',(-33.2011691902316,-49.6368658563121,-0.05));
#6982=CARTESIAN_POINT('Ctrl Pts',(-68.0623726666645,-45.8492788182084,-17.55));
#6983=CARTESIAN_POINT('Ctrl Pts',(-68.0623726666645,-45.8492788182084,1.56));
#6984=CARTESIAN_POINT('Ctrl Pts',(-64.3682510718046,-47.0961240930812,-17.55));
#6985=CARTESIAN_POINT('Ctrl Pts',(-64.3682510718046,-47.0961240930812,1.56));
#6986=CARTESIAN_POINT('Ctrl Pts',(-61.4041702536125,-47.9924339490817,-17.55));
#6987=CARTESIAN_POINT('Ctrl Pts',(-61.4041702536125,-47.9924339490817,1.56));
#6988=CARTESIAN_POINT('Ctrl Pts',(-58.86763052874,-48.5766635916707,-17.55));
#6989=CARTESIAN_POINT('Ctrl Pts',(-58.86763052874,-48.5766635916707,1.56));
#6990=CARTESIAN_POINT('Ctrl Pts',(-55.7343229013809,-49.298344067361,-17.55));
#6991=CARTESIAN_POINT('Ctrl Pts',(-55.7343229013809,-49.298344067361,1.56));
#6992=CARTESIAN_POINT('Ctrl Pts',(-53.2357580954246,-49.5753012365428,-17.55));
#6993=CARTESIAN_POINT('Ctrl Pts',(-53.2357580954246,-49.5753012365428,1.56));
#6994=CARTESIAN_POINT('Ctrl Pts',(-50.0750292165247,-49.3545009330673,-17.55));
#6995=CARTESIAN_POINT('Ctrl Pts',(-50.0750292165247,-49.3545009330673,1.56));
#6996=CARTESIAN_POINT('Ctrl Pts',(-47.5613677594773,-49.1789030776942,-17.55));
#6997=CARTESIAN_POINT('Ctrl Pts',(-47.5613677594773,-49.1789030776942,1.56));
#6998=CARTESIAN_POINT('Ctrl Pts',(-44.5881637669489,-48.6633397136853,-17.55));
#6999=CARTESIAN_POINT('Ctrl Pts',(-44.5881637669489,-48.6633397136853,1.56));
#7000=CARTESIAN_POINT('Ctrl Pts',(-40.6994550725782,-47.6733458338981,-17.55));
#7001=CARTESIAN_POINT('Ctrl Pts',(-40.6994550725782,-47.6733458338981,1.56));
#7002=CARTESIAN_POINT('Ctrl Pts',(-39.7833687912286,-47.4401270759063,-17.55));
#7003=CARTESIAN_POINT('Ctrl Pts',(-39.7833687912286,-47.4401270759063,1.56));
#7004=CARTESIAN_POINT('Ctrl Pts',(-38.8184787476575,-47.1809382788749,-17.55));
#7005=CARTESIAN_POINT('Ctrl Pts',(-38.8184787476575,-47.1809382788749,1.56));
#7006=CARTESIAN_POINT('Ctrl Pts',(-37.8036268721338,-46.8952809854663,-17.55));
#7007=CARTESIAN_POINT('Ctrl Pts',(-37.8036268721338,-46.8952809854663,1.56));
#7008=CARTESIAN_POINT('Ctrl Pts',(-37.1989252526339,-46.7250714877925,-17.55));
#7009=CARTESIAN_POINT('Ctrl Pts',(-37.1989252526339,-46.7250714877925,1.56));
#7010=CARTESIAN_POINT('Ctrl Pts',(-36.5942236331342,-46.5548619901187,-17.55));
#7011=CARTESIAN_POINT('Ctrl Pts',(-36.5942236331342,-46.5548619901187,1.56));
#7012=CARTESIAN_POINT('Ctrl Pts',(-35.9895220136344,-46.384652492445,-17.55));
#7013=CARTESIAN_POINT('Ctrl Pts',(-35.9895220136344,-46.384652492445,1.56));
#7014=CARTESIAN_POINT('',(-41.8428191238647,-47.9570992707491,-0.05));
#7015=CARTESIAN_POINT('',(-67.3650550185672,-46.0832374729054,-0.05));
#7016=CARTESIAN_POINT('Ctrl Pts',(-41.8428191238647,-47.9570992707491,-0.05));
#7017=CARTESIAN_POINT('Ctrl Pts',(-45.5473519489119,-48.851712259454,-0.05));
#7018=CARTESIAN_POINT('Ctrl Pts',(-49.6144015520866,-49.5775439293138,-0.05));
#7019=CARTESIAN_POINT('Ctrl Pts',(-56.5978219674444,-49.2331447247327,-0.05));
#7020=CARTESIAN_POINT('Ctrl Pts',(-60.334680872201,-48.4275443715993,-0.05));
#7021=CARTESIAN_POINT('Ctrl Pts',(-67.3650550227464,-46.0832374715118,-0.05));
#7022=CARTESIAN_POINT('Ctrl Pts',(-41.8428191238647,-47.9570992707491,-7.05));
#7023=CARTESIAN_POINT('Ctrl Pts',(-41.8428191238647,-47.9570992707491,-4.71666666666667));
#7024=CARTESIAN_POINT('Ctrl Pts',(-41.8428191238647,-47.9570992707491,-2.38333333333334));
#7025=CARTESIAN_POINT('Ctrl Pts',(-41.8428191238647,-47.9570992707491,-0.05));
#7026=CARTESIAN_POINT('Ctrl Pts',(-67.3650550185672,-46.0832374729054,-7.05));
#7027=CARTESIAN_POINT('Ctrl Pts',(-67.3650550185672,-46.0832374729054,-4.71666666666667));
#7028=CARTESIAN_POINT('Ctrl Pts',(-67.3650550185672,-46.0832374729054,-2.38333333333333));
#7029=CARTESIAN_POINT('Ctrl Pts',(-67.3650550185672,-46.0832374729054,-0.0499999999999999));
#7030=CARTESIAN_POINT('Ctrl Pts',(-75.1296908827106,10.2853735353731,-17.55));
#7031=CARTESIAN_POINT('Ctrl Pts',(-75.1296908827106,10.2853735353731,1.56));
#7032=CARTESIAN_POINT('Ctrl Pts',(-74.8665206972275,2.11163311985228,-17.55));
#7033=CARTESIAN_POINT('Ctrl Pts',(-74.8665206972275,2.11163311985228,1.56));
#7034=CARTESIAN_POINT('Ctrl Pts',(-74.5185242218924,-4.70946274457278,-17.55));
#7035=CARTESIAN_POINT('Ctrl Pts',(-74.5185242218924,-4.70946274457278,1.56));
#7036=CARTESIAN_POINT('Ctrl Pts',(-74.0648890946991,-10.5925985233224,-17.55));
#7037=CARTESIAN_POINT('Ctrl Pts',(-74.0648890946991,-10.5925985233224,1.56));
#7038=CARTESIAN_POINT('Ctrl Pts',(-73.4976404316979,-17.9491736752448,-17.55));
#7039=CARTESIAN_POINT('Ctrl Pts',(-73.4976404316979,-17.9491736752448,1.56));
#7040=CARTESIAN_POINT('Ctrl Pts',(-72.772355113588,-23.9162802065189,-17.55));
#7041=CARTESIAN_POINT('Ctrl Pts',(-72.772355113588,-23.9162802065189,1.56));
#7042=CARTESIAN_POINT('Ctrl Pts',(-71.6977890981626,-29.6436923439445,-17.55));
#7043=CARTESIAN_POINT('Ctrl Pts',(-71.6977890981626,-29.6436923439445,1.56));
#7044=CARTESIAN_POINT('Ctrl Pts',(-70.7708820489822,-34.5840855887834,-17.55));
#7045=CARTESIAN_POINT('Ctrl Pts',(-70.7708820489822,-34.5840855887834,1.56));
#7046=CARTESIAN_POINT('Ctrl Pts',(-69.5692526690476,-39.3609141335253,-17.55));
#7047=CARTESIAN_POINT('Ctrl Pts',(-69.5692526690476,-39.3609141335253,1.56));
#7048=CARTESIAN_POINT('Ctrl Pts',(-67.937524000142,-44.3688724091705,-17.55));
#7049=CARTESIAN_POINT('Ctrl Pts',(-67.937524000142,-44.3688724091705,1.56));
#7050=CARTESIAN_POINT('Ctrl Pts',(-67.677584917085,-45.1666546060302,-17.55));
#7051=CARTESIAN_POINT('Ctrl Pts',(-67.677584917085,-45.1666546060302,1.56));
#7052=CARTESIAN_POINT('Ctrl Pts',(-67.4069880569211,-45.969271368645,-17.55));
#7053=CARTESIAN_POINT('Ctrl Pts',(-67.4069880569211,-45.969271368645,1.56));
#7054=CARTESIAN_POINT('Ctrl Pts',(-67.1255749617119,-46.7770027087605,-17.55));
#7055=CARTESIAN_POINT('Ctrl Pts',(-67.1255749617119,-46.7770027087605,1.56));
#7056=CARTESIAN_POINT('',(-75.1155300293686,9.84942127222879,-0.0500000000000001));
#7057=CARTESIAN_POINT('Ctrl Pts',(-67.3650525221031,-46.0832421679137,-0.0499999999999989));
#7058=CARTESIAN_POINT('Ctrl Pts',(-67.5613355145597,-45.5092588697689,-0.0499999999999989));
#7059=CARTESIAN_POINT('Ctrl Pts',(-67.7521401806621,-44.9378361410864,-0.0499999999999989));
#7060=CARTESIAN_POINT('Ctrl Pts',(-67.937524000142,-44.3688724091705,-0.0499999999999989));
#7061=CARTESIAN_POINT('Ctrl Pts',(-69.5692526690476,-39.3609141335253,-0.0499999999999989));
#7062=CARTESIAN_POINT('Ctrl Pts',(-70.7708820489822,-34.5840855887834,-0.0499999999999989));
#7063=CARTESIAN_POINT('Ctrl Pts',(-71.6977890981626,-29.6436923439445,-0.0499999999999989));
#7064=CARTESIAN_POINT('Ctrl Pts',(-72.772355113588,-23.9162802065189,-0.0499999999999989));
#7065=CARTESIAN_POINT('Ctrl Pts',(-73.4976404316979,-17.9491736752448,-0.0499999999999989));
#7066=CARTESIAN_POINT('Ctrl Pts',(-74.0648890946991,-10.5925985233224,-0.0499999999999989));
#7067=CARTESIAN_POINT('Ctrl Pts',(-74.5104364087994,-4.8143525551868,-0.0499999999999989));
#7068=CARTESIAN_POINT('Ctrl Pts',(-74.8540783326194,1.86870606359104,-0.0499999999999989));
#7069=CARTESIAN_POINT('Ctrl Pts',(-75.1155337728051,9.84947479744589,-0.0499999999999989));
#7070=CARTESIAN_POINT('Ctrl Pts',(-75.1155300293687,9.84942127222875,-7.05));
#7071=CARTESIAN_POINT('Ctrl Pts',(-75.1155300293687,9.84942127222875,-4.71666666666667));
#7072=CARTESIAN_POINT('Ctrl Pts',(-75.1155300293687,9.84942127222878,-2.38333333333333));
#7073=CARTESIAN_POINT('Ctrl Pts',(-75.1155300293686,9.84942127222879,-0.0500000000000001));
#7074=CARTESIAN_POINT('Ctrl Pts',(-54.9756575582111,24.4049250550406,-17.55));
#7075=CARTESIAN_POINT('Ctrl Pts',(-54.9756575582111,24.4049250550406,1.56));
#7076=CARTESIAN_POINT('Ctrl Pts',(-56.0272657940433,23.9136151805106,-17.55));
#7077=CARTESIAN_POINT('Ctrl Pts',(-56.0272657940433,23.9136151805106,1.56));
#7078=CARTESIAN_POINT('Ctrl Pts',(-57.0788740298755,23.4223053059806,-17.55));
#7079=CARTESIAN_POINT('Ctrl Pts',(-57.0788740298755,23.4223053059806,1.56));
#7080=CARTESIAN_POINT('Ctrl Pts',(-58.1304822657077,22.9309954314506,-17.55));
#7081=CARTESIAN_POINT('Ctrl Pts',(-58.1304822657077,22.9309954314506,1.56));
#7082=CARTESIAN_POINT('Ctrl Pts',(-61.439195712868,21.3851692072068,-17.55));
#7083=CARTESIAN_POINT('Ctrl Pts',(-61.439195712868,21.3851692072068,1.56));
#7084=CARTESIAN_POINT('Ctrl Pts',(-64.6444748462437,19.6740334346,-17.55));
#7085=CARTESIAN_POINT('Ctrl Pts',(-64.6444748462437,19.6740334346,1.56));
#7086=CARTESIAN_POINT('Ctrl Pts',(-67.5542458074424,17.6446449384139,-17.55));
#7087=CARTESIAN_POINT('Ctrl Pts',(-67.5542458074424,17.6446449384139,1.56));
#7088=CARTESIAN_POINT('Ctrl Pts',(-70.6117697158958,15.5122077365274,-17.55));
#7089=CARTESIAN_POINT('Ctrl Pts',(-70.6117697158958,15.5122077365274,1.56));
#7090=CARTESIAN_POINT('Ctrl Pts',(-73.2823346328895,13.0179641747841,-17.55));
#7091=CARTESIAN_POINT('Ctrl Pts',(-73.2823346328895,13.0179641747841,1.56));
#7092=CARTESIAN_POINT('Ctrl Pts',(-75.3313095811828,9.48462524467029,-17.55));
#7093=CARTESIAN_POINT('Ctrl Pts',(-75.3313095811828,9.48462524467029,1.56));
#7094=CARTESIAN_POINT('',(-59.4103452454436,22.3200028183944,-0.05));
#7095=CARTESIAN_POINT('',(-56.8903205957012,23.5103972026869,-0.0500000000000002));
#7096=CARTESIAN_POINT('Ctrl Pts',(-59.4113857239986,22.3212642891682,-0.0499999999999989));
#7097=CARTESIAN_POINT('Ctrl Pts',(-58.9864342965372,22.5275070337696,-0.0499999999999989));
#7098=CARTESIAN_POINT('Ctrl Pts',(-58.5593270747845,22.7306397455961,-0.0499999999999989));
#7099=CARTESIAN_POINT('Ctrl Pts',(-58.1304822657077,22.9309954314506,-0.0499999999999989));
#7100=CARTESIAN_POINT('Ctrl Pts',(-57.7170950423722,23.124129355196,-0.0499999999999989));
#7101=CARTESIAN_POINT('Ctrl Pts',(-57.3037078190367,23.3172632789414,-0.0499999999999989));
#7102=CARTESIAN_POINT('Ctrl Pts',(-56.8903205957011,23.5103972026869,-0.0499999999999989));
#7103=CARTESIAN_POINT('',(-59.4103452454436,22.3200028183944,-3.05));
#7104=CARTESIAN_POINT('Ctrl Pts',(-59.4103452454436,22.3200028183944,-3.05));
#7105=CARTESIAN_POINT('Ctrl Pts',(-59.4103452454436,22.3200028183944,-2.05));
#7106=CARTESIAN_POINT('Ctrl Pts',(-59.4103452454436,22.3200028183944,-1.05));
#7107=CARTESIAN_POINT('Ctrl Pts',(-59.4103452454436,22.3200028183944,-0.05));
#7108=CARTESIAN_POINT('',(-74.6693693534755,10.5602308517782,-3.05));
#7109=CARTESIAN_POINT('Ctrl Pts',(-74.6681178698689,10.5601915220939,-3.05));
#7110=CARTESIAN_POINT('Ctrl Pts',(-72.71934464124,13.5358684237203,-3.05));
#7111=CARTESIAN_POINT('Ctrl Pts',(-70.2919109689933,15.7352897831985,-3.05));
#7112=CARTESIAN_POINT('Ctrl Pts',(-67.5542458074424,17.6446449384139,-3.05));
#7113=CARTESIAN_POINT('Ctrl Pts',(-65.0216124232023,19.4110028832731,-3.05));
#7114=CARTESIAN_POINT('Ctrl Pts',(-62.2651087089859,20.9362597387149,-3.05));
#7115=CARTESIAN_POINT('Ctrl Pts',(-59.4113857239986,22.3212642891682,-3.05));
#7116=CARTESIAN_POINT('',(-74.6693693534755,10.5602308517783,-0.05));
#7117=CARTESIAN_POINT('Ctrl Pts',(-74.6693693534755,10.5602308517783,-0.05));
#7118=CARTESIAN_POINT('Ctrl Pts',(-74.6693693534755,10.5602308517783,-1.05));
#7119=CARTESIAN_POINT('Ctrl Pts',(-74.6693693534755,10.5602308517782,-2.05));
#7120=CARTESIAN_POINT('Ctrl Pts',(-74.6693693534755,10.5602308517782,-3.05));
#7121=CARTESIAN_POINT('Ctrl Pts',(-75.11536602466,9.84939870028275,-0.0499999999999989));
#7122=CARTESIAN_POINT('Ctrl Pts',(-74.9692494674079,10.0912073620569,-0.0499999999999989));
#7123=CARTESIAN_POINT('Ctrl Pts',(-74.820140096957,10.3280613680903,-0.0499999999999989));
#7124=CARTESIAN_POINT('Ctrl Pts',(-74.6681178698689,10.560191522094,-0.0499999999999989));
#7125=CARTESIAN_POINT('Ctrl Pts',(-56.8903205957012,23.5103972026869,-0.0500000000000003));
#7126=CARTESIAN_POINT('Ctrl Pts',(-56.8903205957012,23.5103972026869,-2.38333333333334));
#7127=CARTESIAN_POINT('Ctrl Pts',(-56.8903205957012,23.5103972026869,-4.71666666666667));
#7128=CARTESIAN_POINT('Ctrl Pts',(-56.8903205957012,23.5103972026869,-7.05000000000001));
#7129=CARTESIAN_POINT('Origin',(-59.7302210044273,31.3957898377831,-0.05));
#7130=CARTESIAN_POINT('',(-59.4124861160671,30.5135531435349,-0.05));
#7131=CARTESIAN_POINT('',(-51.3671131269925,8.17441592600551,-0.05));
#7132=CARTESIAN_POINT('',(-59.4124861160671,30.5135531435349,-0.05));
#7133=CARTESIAN_POINT('Origin',(-36.9210560159852,53.6291742894335,-0.05));
#7134=CARTESIAN_POINT('',(-37.0948817877232,53.4505244362667,-0.0499999999999998));
#7135=CARTESIAN_POINT('',(-41.235512505418,49.1949813005302,-0.05));
#7136=CARTESIAN_POINT('Ctrl Pts',(-37.0948817877232,53.4505244362667,-7.05));
#7137=CARTESIAN_POINT('Ctrl Pts',(-37.0948817877232,53.4505244362667,-4.71666666666667));
#7138=CARTESIAN_POINT('Ctrl Pts',(-37.0948817877232,53.4505244362667,-2.38333333333333));
#7139=CARTESIAN_POINT('Ctrl Pts',(-37.0948817877232,53.4505244362667,-0.0499999999999996));
#7140=CARTESIAN_POINT('Ctrl Pts',(37.2807251366488,53.3567981751292,-17.55));
#7141=CARTESIAN_POINT('Ctrl Pts',(37.2807251366488,53.3567981751292,1.56));
#7142=CARTESIAN_POINT('Ctrl Pts',(28.9979241518645,57.8512325293786,-17.55));
#7143=CARTESIAN_POINT('Ctrl Pts',(28.9979241518645,57.8512325293786,1.56));
#7144=CARTESIAN_POINT('Ctrl Pts',(21.7976783043159,60.8092840180739,-17.55));
#7145=CARTESIAN_POINT('Ctrl Pts',(21.7976783043159,60.8092840180739,1.56));
#7146=CARTESIAN_POINT('Ctrl Pts',(15.4234296474265,62.5396179575227,-17.55));
#7147=CARTESIAN_POINT('Ctrl Pts',(15.4234296474265,62.5396179575227,1.56));
#7148=CARTESIAN_POINT('Ctrl Pts',(7.16241434975986,64.7821277674293,-17.55));
#7149=CARTESIAN_POINT('Ctrl Pts',(7.16241434975986,64.7821277674293,1.56));
#7150=CARTESIAN_POINT('Ctrl Pts',(0.247047186927345,65.0422732120467,-17.55));
#7151=CARTESIAN_POINT('Ctrl Pts',(0.247047186927345,65.0422732120467,1.56));
#7152=CARTESIAN_POINT('Ctrl Pts',(-6.38381880286879,64.1750150044338,-17.55));
#7153=CARTESIAN_POINT('Ctrl Pts',(-6.38381880286879,64.1750150044338,1.56));
#7154=CARTESIAN_POINT('Ctrl Pts',(-12.4653612543687,63.3796034225792,-17.55));
#7155=CARTESIAN_POINT('Ctrl Pts',(-12.4653612543687,63.3796034225792,1.56));
#7156=CARTESIAN_POINT('Ctrl Pts',(-18.3308587959581,61.6290341862251,-17.55));
#7157=CARTESIAN_POINT('Ctrl Pts',(-18.3308587959581,61.6290341862251,1.56));
#7158=CARTESIAN_POINT('Ctrl Pts',(-24.5429030605999,59.164366580819,-17.55));
#7159=CARTESIAN_POINT('Ctrl Pts',(-24.5429030605999,59.164366580819,1.56));
#7160=CARTESIAN_POINT('Ctrl Pts',(-28.6369546431672,57.5400258838525,-17.55));
#7161=CARTESIAN_POINT('Ctrl Pts',(-28.6369546431672,57.5400258838525,1.56));
#7162=CARTESIAN_POINT('Ctrl Pts',(-32.8764014856359,55.5956269506839,-17.55));
#7163=CARTESIAN_POINT('Ctrl Pts',(-32.8764014856359,55.5956269506839,1.56));
#7164=CARTESIAN_POINT('Ctrl Pts',(-37.3162791042041,53.3381336003691,-17.55));
#7165=CARTESIAN_POINT('Ctrl Pts',(-37.3162791042041,53.3381336003691,1.56));
#7166=CARTESIAN_POINT('',(4.39829,64.4813473355104,-0.05));
#7167=CARTESIAN_POINT('',(37.0805441688621,53.4652397794342,-0.05));
#7168=CARTESIAN_POINT('Ctrl Pts',(4.39848750127922,64.488815883419,-0.0499999999999989));
#7169=CARTESIAN_POINT('Ctrl Pts',(7.84382180327491,64.2287392556263,-0.0499999999999989));
#7170=CARTESIAN_POINT('Ctrl Pts',(11.4803376064985,63.609997597861,-0.0499999999999989));
#7171=CARTESIAN_POINT('Ctrl Pts',(15.4234296474265,62.5396179575227,-0.0499999999999989));
#7172=CARTESIAN_POINT('Ctrl Pts',(21.7462746059743,60.8232379079582,-0.0499999999999989));
#7173=CARTESIAN_POINT('Ctrl Pts',(28.8818483337865,57.8988617730717,-0.0499999999999989));
#7174=CARTESIAN_POINT('Ctrl Pts',(37.0805518347189,53.4652316651607,-0.0499999999999989));
#7175=CARTESIAN_POINT('',(4.39829,64.4813473355104,-1.651796));
#7176=CARTESIAN_POINT('Ctrl Pts',(4.39829,64.4813473355104,-1.651796));
#7177=CARTESIAN_POINT('Ctrl Pts',(4.39829,64.4813473355104,-1.117864));
#7178=CARTESIAN_POINT('Ctrl Pts',(4.39829,64.4813473355104,-0.583932000000001));
#7179=CARTESIAN_POINT('Ctrl Pts',(4.39829,64.4813473355104,-0.05));
#7180=CARTESIAN_POINT('',(-4.398118,64.3981836606981,-1.651796));
#7181=CARTESIAN_POINT('Ctrl Pts',(-4.39828327528896,64.3992545066921,-1.651796));
#7182=CARTESIAN_POINT('Ctrl Pts',(-4.39828327528896,64.3992545066921,-1.84399554784723));
#7183=CARTESIAN_POINT('Ctrl Pts',(-4.38568393430396,64.4004530405905,-2.03576977004931));
#7184=CARTESIAN_POINT('Ctrl Pts',(-4.36065448719636,64.402807885717,-2.22590326735777));
#7185=CARTESIAN_POINT('Ctrl Pts',(-4.33680176151413,64.4050520213778,-2.40709792718397));
#7186=CARTESIAN_POINT('Ctrl Pts',(-4.3016601094336,64.4083458572896,-2.58680250805172));
#7187=CARTESIAN_POINT('Ctrl Pts',(-4.2553622699595,64.4126110272423,-2.76396509838257));
#7188=CARTESIAN_POINT('Ctrl Pts',(-4.20322023507054,64.4174145913613,-2.96349099572423));
#7189=CARTESIAN_POINT('Ctrl Pts',(-4.13722857321341,64.4234225460001,-3.15862064518878));
#7190=CARTESIAN_POINT('Ctrl Pts',(-4.05807594919416,64.4304231275834,-3.34799771660525));
#7191=CARTESIAN_POINT('Ctrl Pts',(-3.97480724857262,64.4377877518046,-3.54722273105993));
#7192=CARTESIAN_POINT('Ctrl Pts',(-3.87697330839183,64.4462507017051,-3.7400813229473));
#7193=CARTESIAN_POINT('Ctrl Pts',(-3.76535451525624,64.4555103275352,-3.92499437335483));
#7194=CARTESIAN_POINT('Ctrl Pts',(-3.68610003606614,64.4620850879501,-4.05629114779404));
#7195=CARTESIAN_POINT('Ctrl Pts',(-3.59989525652164,64.4690603126285,-4.18358205559202));
#7196=CARTESIAN_POINT('Ctrl Pts',(-3.5070131053471,64.4763136088809,-4.30630180282565));
#7197=CARTESIAN_POINT('Ctrl Pts',(-3.29524871090497,64.4928505847064,-4.58609369642838));
#7198=CARTESIAN_POINT('Ctrl Pts',(-3.05116392932612,64.5106445864649,-4.83899819449977));
#7199=CARTESIAN_POINT('Ctrl Pts',(-2.78029953674825,64.5280592143438,-5.05996516329194));
#7200=CARTESIAN_POINT('Ctrl Pts',(-2.6347870390406,64.5374146189991,-5.17867200118165));
#7201=CARTESIAN_POINT('Ctrl Pts',(-2.48154485631297,64.5466598896291,-5.28816165899833));
#7202=CARTESIAN_POINT('Ctrl Pts',(-2.32142789673447,64.555547303904,-5.38765116152636));
#7203=CARTESIAN_POINT('Ctrl Pts',(-2.14050651163464,64.5655894837256,-5.50006760165642));
#7204=CARTESIAN_POINT('Ctrl Pts',(-1.95200105781072,64.5751056820613,-5.59898201577768));
#7205=CARTESIAN_POINT('Ctrl Pts',(-1.75745102332619,64.5837902958197,-5.68377008073191));
#7206=CARTESIAN_POINT('Ctrl Pts',(-1.57535113316811,64.5919191415208,-5.7631321705706));
#7207=CARTESIAN_POINT('Ctrl Pts',(-1.38795531732814,64.5993192430818,-5.83011807861492));
#7208=CARTESIAN_POINT('Ctrl Pts',(-1.19653883398753,64.6057835973817,-5.88421583481006));
#7209=CARTESIAN_POINT('Ctrl Pts',(-1.07791030628428,64.6097898188929,-5.91774239980321));
#7210=CARTESIAN_POINT('Ctrl Pts',(-0.957737794366001,64.6134375177404,-5.94631890712538));
#7211=CARTESIAN_POINT('Ctrl Pts',(-0.836328131202812,64.6166870680801,-5.96982349318278));
#7212=CARTESIAN_POINT('Ctrl Pts',(-0.684576475870252,64.6207487270148,-5.99920220776929));
#7213=CARTESIAN_POINT('Ctrl Pts',(-0.531367975726206,64.6241748000062,-6.02056331864921));
#7214=CARTESIAN_POINT('Ctrl Pts',(-0.377335849167237,64.6269186942412,-6.03381414169394));
#7215=CARTESIAN_POINT('Ctrl Pts',(-0.288577141135543,64.6284998222352,-6.0414497301915));
#7216=CARTESIAN_POINT('Ctrl Pts',(-0.199603451962802,64.62985380375,-6.04638725923822));
#7217=CARTESIAN_POINT('Ctrl Pts',(-0.11053703436364,64.6309760837589,-6.04861935551754));
#7218=CARTESIAN_POINT('Ctrl Pts',(-0.0352922958903171,64.6319242039152,
-6.05050506626365));
#7219=CARTESIAN_POINT('Ctrl Pts',(0.0399902241851462,64.6327066407767,-6.05045915613457));
#7220=CARTESIAN_POINT('Ctrl Pts',(0.115236668730859,64.6333224704545,-6.04848143048191));
#7221=CARTESIAN_POINT('Ctrl Pts',(0.204295930524985,64.6340513465739,-6.04614065826708));
#7222=CARTESIAN_POINT('Ctrl Pts',(0.293264810768681,64.6345464462543,-6.04109478842925));
#7223=CARTESIAN_POINT('Ctrl Pts',(0.38202102147261,64.6348092725215,-6.0333505574173));
#7224=CARTESIAN_POINT('Ctrl Pts',(0.540258240531519,64.6352778470279,-6.01954391144445));
#7225=CARTESIAN_POINT('Ctrl Pts',(0.697629411423418,64.6350061421957,-5.99717726786878));
#7226=CARTESIAN_POINT('Ctrl Pts',(0.853447204776973,64.6340281768612,-5.9663488501303));
#7227=CARTESIAN_POINT('Ctrl Pts',(1.04136268275288,64.6328487555685,-5.92916993281997));
#7228=CARTESIAN_POINT('Ctrl Pts',(1.22648746275508,64.6306445826675,-5.87978883324215));
#7229=CARTESIAN_POINT('Ctrl Pts',(1.40767061514777,64.6275386983749,-5.81857823637423));
#7230=CARTESIAN_POINT('Ctrl Pts',(1.53553856696251,64.6253467558139,-5.7753795529012));
#7231=CARTESIAN_POINT('Ctrl Pts',(1.66144278511126,64.6227067399465,-5.72628898684685));
#7232=CARTESIAN_POINT('Ctrl Pts',(1.78497126261758,64.6196755713711,-5.67143753889972));
#7233=CARTESIAN_POINT('Ctrl Pts',(1.98975614591093,64.6146505154854,-5.58050508677953));
#7234=CARTESIAN_POINT('Ctrl Pts',(2.18697680405018,64.6085739135598,-5.47419905072007));
#7235=CARTESIAN_POINT('Ctrl Pts',(2.37500705397652,64.6017871544416,-5.3535771827721));
#7236=CARTESIAN_POINT('Ctrl Pts',(2.55722218649185,64.5952102860251,-5.23668572695051));
#7237=CARTESIAN_POINT('Ctrl Pts',(2.73080592341447,64.5879677525695,-5.10635022401895));
#7238=CARTESIAN_POINT('Ctrl Pts',(2.89425246508671,64.5804091676692,-4.96353329209146));
#7239=CARTESIAN_POINT('Ctrl Pts',(3.1025380980295,64.5707769991082,-4.78153669089621));
#7240=CARTESIAN_POINT('Ctrl Pts',(3.29284045188996,64.5607076209173,-4.58061072248415));
#7241=CARTESIAN_POINT('Ctrl Pts',(3.46282509031887,64.5509621429885,-4.36359558117996));
#7242=CARTESIAN_POINT('Ctrl Pts',(3.59485546006699,64.5433926410252,-4.19503570652213));
#7243=CARTESIAN_POINT('Ctrl Pts',(3.71462759923683,64.5360191126541,-4.01676934556222));
#7244=CARTESIAN_POINT('Ctrl Pts',(3.82105373920439,64.5291762250358,-3.83012738334962));
#7245=CARTESIAN_POINT('Ctrl Pts',(3.91924666401842,64.5228627089239,-3.65792419935487));
#7246=CARTESIAN_POINT('Ctrl Pts',(4.00558691617039,64.5170337996894,-3.47946138767031));
#7247=CARTESIAN_POINT('Ctrl Pts',(4.0795496060829,64.5119072644613,-3.29598950018794));
#7248=CARTESIAN_POINT('Ctrl Pts',(4.1522465264568,64.5068684628208,-3.11565748128848));
#7249=CARTESIAN_POINT('Ctrl Pts',(4.21298564557649,64.502508568665,-2.93048636641521));
#7250=CARTESIAN_POINT('Ctrl Pts',(4.26129046184585,64.4989904006636,-2.7416635955441));
#7251=CARTESIAN_POINT('Ctrl Pts',(4.30684006362404,64.4956729022478,-2.56361091500243));
#7252=CARTESIAN_POINT('Ctrl Pts',(4.34114543154809,64.4931177288145,-2.38305190402844));
#7253=CARTESIAN_POINT('Ctrl Pts',(4.36405731298385,64.4914034416777,-2.20105211923385));
#7254=CARTESIAN_POINT('Ctrl Pts',(4.38696919441961,64.4896891545409,-2.01905233443926));
#7255=CARTESIAN_POINT('Ctrl Pts',(4.39848750127923,64.488815883419,-1.83561177582407));
#7256=CARTESIAN_POINT('Ctrl Pts',(4.39848750127923,64.488815883419,-1.651796));
#7257=CARTESIAN_POINT('',(-4.398118,64.3981836606981,-0.05));
#7258=CARTESIAN_POINT('Ctrl Pts',(-4.398118,64.3981836606981,-0.05));
#7259=CARTESIAN_POINT('Ctrl Pts',(-4.398118,64.3981836606981,-0.583932000000001));
#7260=CARTESIAN_POINT('Ctrl Pts',(-4.39811799999999,64.3981836606981,-1.117864));
#7261=CARTESIAN_POINT('Ctrl Pts',(-4.398118,64.3981836606981,-1.651796));
#7262=CARTESIAN_POINT('',(-10.3808622379969,63.5089432226797,-0.05));
#7263=CARTESIAN_POINT('Ctrl Pts',(-10.3835872310217,63.5116518530583,-0.0499999999999989));
#7264=CARTESIAN_POINT('Ctrl Pts',(-9.05681949616116,63.7775409428539,-0.0499999999999989));
#7265=CARTESIAN_POINT('Ctrl Pts',(-7.72557732751896,63.999524941005,-0.0499999999999989));
#7266=CARTESIAN_POINT('Ctrl Pts',(-6.38381880286879,64.1750150044338,-0.0499999999999989));
#7267=CARTESIAN_POINT('Ctrl Pts',(-5.72512777275751,64.2611659239403,-0.0499999999999989));
#7268=CARTESIAN_POINT('Ctrl Pts',(-5.06362932478675,64.3361917815909,-0.0499999999999989));
#7269=CARTESIAN_POINT('Ctrl Pts',(-4.39828327528897,64.3992545066921,-0.0499999999999989));
#7270=CARTESIAN_POINT('',(-10.3808622379969,63.5089432226797,-6.085));
#7271=CARTESIAN_POINT('Ctrl Pts',(-10.3808622379969,63.5089432226797,-6.085));
#7272=CARTESIAN_POINT('Ctrl Pts',(-10.3808622379969,63.5089432226797,-4.07333333333333));
#7273=CARTESIAN_POINT('Ctrl Pts',(-10.3808622379969,63.5089432226797,-2.06166666666667));
#7274=CARTESIAN_POINT('Ctrl Pts',(-10.3808622379969,63.5089432226797,-0.05));
#7275=CARTESIAN_POINT('',(-23.0389745561848,59.7487778940082,-6.085));
#7276=CARTESIAN_POINT('Ctrl Pts',(-23.0389745561848,59.7487778940082,-6.085));
#7277=CARTESIAN_POINT('Ctrl Pts',(-18.3921243118841,61.5158513637217,-6.085));
#7278=CARTESIAN_POINT('Ctrl Pts',(-14.2344996296405,62.7321974898862,-6.085));
#7279=CARTESIAN_POINT('Ctrl Pts',(-10.3808622379969,63.5089432226797,-6.085));
#7280=CARTESIAN_POINT('',(-23.0389745561848,59.7487778940082,-0.05));
#7281=CARTESIAN_POINT('Ctrl Pts',(-23.0389745561848,59.7487778940082,-0.05));
#7282=CARTESIAN_POINT('Ctrl Pts',(-23.0389745561848,59.7487778940082,-2.06166666666667));
#7283=CARTESIAN_POINT('Ctrl Pts',(-23.0389745561848,59.7487778940082,-4.07333333333333));
#7284=CARTESIAN_POINT('Ctrl Pts',(-23.0389745561848,59.7487778940082,-6.085));
#7285=CARTESIAN_POINT('Ctrl Pts',(-37.0948895901258,53.4505255193665,-0.0499999999999989));
#7286=CARTESIAN_POINT('Ctrl Pts',(-32.7354057985583,55.6602237417042,-0.0499999999999989));
#7287=CARTESIAN_POINT('Ctrl Pts',(-28.568855155915,57.5670447834329,-0.0499999999999989));
#7288=CARTESIAN_POINT('Ctrl Pts',(-24.5429030605999,59.164366580819,-0.0499999999999989));
#7289=CARTESIAN_POINT('Ctrl Pts',(-24.0395947249086,59.3640573263551,-0.0499999999999989));
#7290=CARTESIAN_POINT('Ctrl Pts',(-23.5385612821393,59.559060400021,-0.0499999999999989));
#7291=CARTESIAN_POINT('Ctrl Pts',(-23.039503511331,59.7492475916075,-0.0499999999999989));
#7292=CARTESIAN_POINT('Ctrl Pts',(37.0805441688621,53.4652397794342,-7.05));
#7293=CARTESIAN_POINT('Ctrl Pts',(37.0805441688621,53.4652397794342,-4.71666666666667));
#7294=CARTESIAN_POINT('Ctrl Pts',(37.0805441688621,53.4652397794342,-2.38333333333333));
#7295=CARTESIAN_POINT('Ctrl Pts',(37.0805441688621,53.4652397794342,-0.0499999999999999));
#7296=CARTESIAN_POINT('Origin',(60.0664111533481,29.8414661482584,-0.05));
#7297=CARTESIAN_POINT('',(58.8628627689509,31.0784155574914,-0.05));
#7298=CARTESIAN_POINT('',(59.412486690861,30.5135384039672,-0.05));
#7299=CARTESIAN_POINT('',(52.8081826928,37.3011258700812,-0.05));
#7300=CARTESIAN_POINT('',(58.8628627689509,31.0784155574914,-3.48416));
#7301=CARTESIAN_POINT('',(58.8628627689509,31.0784155574914,-0.05));
#7302=CARTESIAN_POINT('',(47.4294225192693,42.829158066632,-3.48416));
#7303=CARTESIAN_POINT('',(56.6505080223515,33.3521678488797,-3.48416));
#7304=CARTESIAN_POINT('',(47.4294225192693,42.829158066632,-0.05));
#7305=CARTESIAN_POINT('',(47.4294225192693,42.829158066632,-0.05));
#7306=CARTESIAN_POINT('',(52.8081826928,37.3011258700812,-0.05));
#7307=CARTESIAN_POINT('',(59.412486690861,30.5135384039672,-0.05));
#7308=CARTESIAN_POINT('Origin',(57.3541392690978,24.7982495726781,-0.05));
#7309=CARTESIAN_POINT('',(50.1790589682067,4.87563793107431,-0.05));
#7310=CARTESIAN_POINT('Origin',(29.69211980328,33.137645190382,-0.05));
#7311=CARTESIAN_POINT('',(28.69211980328,33.137645190382,-0.05));
#7312=CARTESIAN_POINT('',(-28.305480196714,33.137645190382,-0.05));
#7313=CARTESIAN_POINT('Origin',(28.69211980328,34.137645190382,-0.05));
#7314=CARTESIAN_POINT('',(29.69211980328,34.137645190382,-0.05));
#7315=CARTESIAN_POINT('Origin',(29.69211980328,52.028645190382,-0.05));
#7316=CARTESIAN_POINT('',(29.69211980328,51.028645190382,-0.05));
#7317=CARTESIAN_POINT('Origin',(28.69211980328,51.028645190382,-0.05));
#7318=CARTESIAN_POINT('',(28.69211980328,52.028645190382,-0.05));
#7319=CARTESIAN_POINT('Origin',(55.6462613599421,17.9664019780811,-0.05));
#7320=CARTESIAN_POINT('',(60.7089001636556,26.7351496064782,-4.585));
#7321=CARTESIAN_POINT('',(58.7962613599433,23.4223620219223,-4.585));
#7322=CARTESIAN_POINT('',(63.9333583321553,32.3200749811974,-5.72629997691876));
#7323=CARTESIAN_POINT('',(56.8618726162659,20.0719024362856,-3.22334101061247));
#7324=CARTESIAN_POINT('',(63.9333583321553,32.3200749811974,0.56));
#7325=CARTESIAN_POINT('',(63.9333583321553,32.3200749811974,-0.05));
#7326=CARTESIAN_POINT('',(63.4137663201799,31.4201152172495,1.56));
#7327=CARTESIAN_POINT('',(62.1332575797204,29.2022090192387,4.02445039751711));
#7328=CARTESIAN_POINT('',(63.2952915619134,31.2149109165176,1.56));
#7329=CARTESIAN_POINT('',(44.8960756374021,-0.653465884150256,1.56));
#7330=CARTESIAN_POINT('',(63.2952915619134,31.2149109165176,-0.05));
#7331=CARTESIAN_POINT('',(63.2952915619134,31.2149109165176,-0.05));
#7332=CARTESIAN_POINT('',(44.8960756374021,-0.653465884150256,-0.05));
#7333=CARTESIAN_POINT('Origin',(61.8111959999996,18.0443820000007,-4.585));
#7334=CARTESIAN_POINT('',(68.8874034755415,19.7007328725359,-4.585));
#7335=CARTESIAN_POINT('',(67.1886306400568,16.75837201096,-4.585));
#7336=CARTESIAN_POINT('',(60.0090905902025,24.7920306767499,-4.585));
#7337=CARTESIAN_POINT('Ctrl Pts',(60.0090905902025,24.7920306767499,-4.585));
#7338=CARTESIAN_POINT('Ctrl Pts',(61.1779693082229,24.2099680891722,-4.585));
#7339=CARTESIAN_POINT('Ctrl Pts',(62.9273588990918,23.3005038885661,-4.585));
#7340=CARTESIAN_POINT('Ctrl Pts',(65.9356553151222,21.6045035716389,-4.585));
#7341=CARTESIAN_POINT('Ctrl Pts',(67.6814823597707,20.5194958114271,-4.585));
#7342=CARTESIAN_POINT('Ctrl Pts',(68.8071917319407,19.7554465468924,-4.585));
#7343=CARTESIAN_POINT('Ctrl Pts',(68.8473210935176,19.7281195475768,-4.585));
#7344=CARTESIAN_POINT('Ctrl Pts',(68.8874034755415,19.7007328725358,-4.585));
#7345=CARTESIAN_POINT('',(58.8855555980656,21.6723789968493,-4.585));
#7346=CARTESIAN_POINT('Origin',(67.9761306400571,18.1223620219203,-0.0500000000000001));
#7347=CARTESIAN_POINT('',(69.4517073432041,20.6781358422345,-4.20892085681363));
#7348=CARTESIAN_POINT('Ctrl Pts',(69.4517073432041,20.6781358422345,-4.20892085681363));
#7349=CARTESIAN_POINT('Ctrl Pts',(69.386449976908,20.5651067682416,-3.97080220647754));
#7350=CARTESIAN_POINT('Ctrl Pts',(69.3315007426186,20.4699319026155,-3.74062662782746));
#7351=CARTESIAN_POINT('Ctrl Pts',(69.2864080663146,20.3918290962077,-3.51451368399684));
#7352=CARTESIAN_POINT('',(69.5547733330734,20.8566513732205,-4.585));
#7353=CARTESIAN_POINT('Ctrl Pts',(69.5547733330734,20.8566513732205,-4.585));
#7354=CARTESIAN_POINT('Ctrl Pts',(69.520418003117,20.7971461962252,-4.45964028560454));
#7355=CARTESIAN_POINT('Ctrl Pts',(69.4860626731605,20.7376410192299,-4.33428057120909));
#7356=CARTESIAN_POINT('Ctrl Pts',(69.4517073432041,20.6781358422345,-4.20892085681363));
#7357=CARTESIAN_POINT('',(69.8901651331203,21.4375670113434,-5.80881651748823));
#7358=CARTESIAN_POINT('Ctrl Pts',(69.5547733330734,20.8566513732205,-4.585));
#7359=CARTESIAN_POINT('Ctrl Pts',(69.6665705997557,21.0502899192615,-4.99293883916274));
#7360=CARTESIAN_POINT('Ctrl Pts',(69.778367866438,21.2439284653025,-5.40087767832548));
#7361=CARTESIAN_POINT('Ctrl Pts',(69.8901651331203,21.4375670113434,-5.80881651748822));
#7362=CARTESIAN_POINT('',(69.8901651331201,21.4375670113436,-6.585));
#7363=CARTESIAN_POINT('Ctrl Pts',(69.8901651331203,21.4375670113434,-5.80881651748823));
#7364=CARTESIAN_POINT('Ctrl Pts',(69.8901651331203,21.4375670113434,-5.99703415186641));
#7365=CARTESIAN_POINT('Ctrl Pts',(69.8901651331203,21.4375670113434,-6.18525178624459));
#7366=CARTESIAN_POINT('Ctrl Pts',(69.8901651331203,21.4375670113434,-6.44397961374851));
#7367=CARTESIAN_POINT('Ctrl Pts',(69.8901651331201,21.4375670113436,-6.51448980687426));
#7368=CARTESIAN_POINT('Ctrl Pts',(69.8901651331201,21.4375670113436,-6.585));
#7369=CARTESIAN_POINT('Ctrl Pts',(69.8901651331203,21.4375670113434,-6.585));
#7370=CARTESIAN_POINT('Ctrl Pts',(69.7230806324075,21.1481681669517,-6.25171380766278));
#7371=CARTESIAN_POINT('Ctrl Pts',(69.5559171859121,20.8586325844534,-5.91828803264058));
#7372=CARTESIAN_POINT('Ctrl Pts',(69.2217147600902,20.2797770029175,-5.25172309337723));
#7373=CARTESIAN_POINT('Ctrl Pts',(69.0545221318006,19.990190876069,-4.91827748018559));
#7374=CARTESIAN_POINT('Ctrl Pts',(68.8874034755415,19.7007328725358,-4.585));
#7375=CARTESIAN_POINT('Origin',(76.0974613155041,12.8753751871579,-3.745));
#7376=CARTESIAN_POINT('',(76.0974613155041,12.8753751871579,-3.745));
#7377=CARTESIAN_POINT('Origin',(76.0974613155041,12.8753751871579,-1.94500000000001));
#7378=CARTESIAN_POINT('',(77.3702535216399,11.6025829810221,-1.945));
#7379=CARTESIAN_POINT('Origin',(77.3702535216399,11.6025829810221,11.56));
#7380=CARTESIAN_POINT('',(76.7710490248095,11.0033784841917,-0.0500000000000005));
#7381=CARTESIAN_POINT('',(55.2372456428977,-10.53042489772,-0.05));
#7382=CARTESIAN_POINT('',(76.7710490248094,11.0033784841917,1.56));
#7383=CARTESIAN_POINT('Ctrl Pts',(76.7710490248094,11.0033784841917,-0.05));
#7384=CARTESIAN_POINT('Ctrl Pts',(76.7710490248094,11.0033784841917,0.486666666666667));
#7385=CARTESIAN_POINT('Ctrl Pts',(76.7710490248094,11.0033784841917,1.02333333333333));
#7386=CARTESIAN_POINT('Ctrl Pts',(76.7710490248094,11.0033784841917,1.56));
#7387=CARTESIAN_POINT('',(55.2372456428977,-10.53042489772,1.56));
#7388=CARTESIAN_POINT('Origin',(48.2985475960246,-45.6034771224158,-0.05));
#7389=CARTESIAN_POINT('',(49.2801747794722,-45.4126681270388,-0.05));
#7390=CARTESIAN_POINT('',(48.4979484989609,-46.583395118938,-0.05));
#7391=CARTESIAN_POINT('Origin',(38.2137109892008,11.5193526076753,-0.05));
#7392=CARTESIAN_POINT('',(38.4045199845777,10.5377254242277,-0.05));
#7393=CARTESIAN_POINT('Origin',(37.4228928011302,10.3469164288508,-0.05));
#7394=CARTESIAN_POINT('',(37.2320838057532,11.3285436122984,-0.05));
#7395=CARTESIAN_POINT('Origin',(19.6702866670215,7.91487605545081,-0.05));
#7396=CARTESIAN_POINT('',(20.65141905014,8.10558887138679,-0.05));
#7397=CARTESIAN_POINT('Origin',(20.8422280455169,7.1239616879392,-0.05));
#7398=CARTESIAN_POINT('',(19.8605047831559,6.93364764184863,-0.05));
#7399=CARTESIAN_POINT('Origin',(30.9282450026908,-50.1586072835417,-0.05));
#7400=CARTESIAN_POINT('',(30.7361595780504,-49.1677464742443,-0.05));
#7401=CARTESIAN_POINT('Origin',(-65.399914,14.31219,-0.05));
#7402=CARTESIAN_POINT('',(-75.1143917120775,11.9396549040427,-3.05));
#7403=CARTESIAN_POINT('Origin',(-65.399914,14.31219,-3.05));
#7404=CARTESIAN_POINT('',(-75.1143917120775,11.9396549040427,-0.0500000000000001));
#7405=CARTESIAN_POINT('Ctrl Pts',(-75.1143917120775,11.9396549040427,-0.0499999999999995));
#7406=CARTESIAN_POINT('Ctrl Pts',(-75.1143917120775,11.9396549040427,-1.05));
#7407=CARTESIAN_POINT('Ctrl Pts',(-75.1143917120775,11.9396549040427,-2.05));
#7408=CARTESIAN_POINT('Ctrl Pts',(-75.1143917120775,11.9396549040427,-3.05));
#7409=CARTESIAN_POINT('Origin',(-65.399914,14.31219,-0.05));
#7410=CARTESIAN_POINT('Origin',(31.7178828404113,-48.9774324281537,-0.05));
#7411=CARTESIAN_POINT('',(31.9172837433477,-49.957350424676,-0.05));
#7412=CARTESIAN_POINT('Origin',(0.,0.440804987693415,-0.05));
#7413=CARTESIAN_POINT('',(-37.5012633068302,-48.8876632422229,-0.05));
#7414=CARTESIAN_POINT('Ctrl Pts',(-67.9977167235214,-47.9805353322529,-0.05));
#7415=CARTESIAN_POINT('Ctrl Pts',(-64.5221470656765,-49.139478193068,-0.05));
#7416=CARTESIAN_POINT('Ctrl Pts',(-61.6828437454041,-49.9885564622117,-0.05));
#7417=CARTESIAN_POINT('Ctrl Pts',(-59.1697806402253,-50.5591970401377,-0.05));
#7418=CARTESIAN_POINT('Ctrl Pts',(-55.7068962640063,-51.3455132841127,-0.05));
#7419=CARTESIAN_POINT('Ctrl Pts',(-52.8108628519101,-51.629804210356,-0.05));
#7420=CARTESIAN_POINT('Ctrl Pts',(-49.1138193590097,-51.282170515268,-0.05));
#7421=CARTESIAN_POINT('Ctrl Pts',(-46.299320338482,-51.0175226429327,-0.05));
#7422=CARTESIAN_POINT('Ctrl Pts',(-42.9882860775825,-50.3701911801474,-0.05));
#7423=CARTESIAN_POINT('Ctrl Pts',(-38.7362235507146,-49.2265004603955,-0.05));
#7424=CARTESIAN_POINT('Ctrl Pts',(-38.3326672232672,-49.117954637355,-0.05));
#7425=CARTESIAN_POINT('Ctrl Pts',(-37.921033912642,-49.0050149549743,-0.05));
#7426=CARTESIAN_POINT('Ctrl Pts',(-37.5012633068302,-48.8876632422229,-0.05));
#7427=CARTESIAN_POINT('',(-22.5187157063076,-60.2413521784215,-0.05));
#7428=CARTESIAN_POINT('',(-37.5619756870443,-48.8416557475094,-0.05));
#7429=CARTESIAN_POINT('',(22.5222587308941,-60.2386551633244,-0.05));
#7430=CARTESIAN_POINT('Ctrl Pts',(-22.5187157063084,-60.2413521784211,-0.05));
#7431=CARTESIAN_POINT('Ctrl Pts',(-22.5077016468697,-60.2473447361828,-0.05));
#7432=CARTESIAN_POINT('Ctrl Pts',(-22.496687587431,-60.2533372939446,-0.05));
#7433=CARTESIAN_POINT('Ctrl Pts',(-22.4856735279922,-60.2593298517064,-0.05));
#7434=CARTESIAN_POINT('Ctrl Pts',(-20.0632585298103,-61.5773236286946,-0.05));
#7435=CARTESIAN_POINT('Ctrl Pts',(-17.1770583174232,-62.7261832038161,-0.05));
#7436=CARTESIAN_POINT('Ctrl Pts',(-14.231375467259,-63.6752691793616,-0.05));
#7437=CARTESIAN_POINT('Ctrl Pts',(-11.2362879332658,-64.6402731253518,-0.05));
#7438=CARTESIAN_POINT('Ctrl Pts',(-8.24793303734143,-65.3934563285999,-0.05));
#7439=CARTESIAN_POINT('Ctrl Pts',(-5.76895974421743,-65.8810345525146,-0.05));
#7440=CARTESIAN_POINT('Ctrl Pts',(-3.83001575288937,-66.2623968165551,-0.05));
#7441=CARTESIAN_POINT('Ctrl Pts',(-2.22967531500552,-66.4783950762719,-0.05));
#7442=CARTESIAN_POINT('Ctrl Pts',(-0.780416672488729,-66.5341303559926,
-0.05));
#7443=CARTESIAN_POINT('Ctrl Pts',(0.780664799355389,-66.5941660942297,-0.05));
#7444=CARTESIAN_POINT('Ctrl Pts',(2.23281552515947,-66.4749631181309,-0.05));
#7445=CARTESIAN_POINT('Ctrl Pts',(4.03617504330627,-66.2107661479703,-0.05));
#7446=CARTESIAN_POINT('Ctrl Pts',(6.11814621282464,-65.9057518291872,-0.05));
#7447=CARTESIAN_POINT('Ctrl Pts',(8.67120565792674,-65.4052309555081,-0.05));
#7448=CARTESIAN_POINT('Ctrl Pts',(11.4892077407263,-64.64031448904,-0.05));
#7449=CARTESIAN_POINT('Ctrl Pts',(14.7001726850319,-63.7687324649731,-0.05));
#7450=CARTESIAN_POINT('Ctrl Pts',(18.188887606874,-62.5418100296658,-0.05));
#7451=CARTESIAN_POINT('Ctrl Pts',(21.4056771604082,-60.8494760171558,-0.05));
#7452=CARTESIAN_POINT('Ctrl Pts',(21.7712121681405,-60.6571702053974,-0.05));
#7453=CARTESIAN_POINT('Ctrl Pts',(22.1338530304283,-60.459014880241,-0.05));
#7454=CARTESIAN_POINT('Ctrl Pts',(22.4934252808762,-60.2550136536247,-0.05));
#7455=CARTESIAN_POINT('Ctrl Pts',(22.5030364308822,-60.2495608235246,-0.05));
#7456=CARTESIAN_POINT('Ctrl Pts',(22.5126475808881,-60.2441079934245,-0.05));
#7457=CARTESIAN_POINT('Ctrl Pts',(22.522258730894,-60.2386551633244,-0.05));
#7458=CARTESIAN_POINT('',(29.9867152097794,-54.5821345748623,-0.05));
#7459=CARTESIAN_POINT('',(77.1339043711329,10.3553282083452,-0.05));
#7460=CARTESIAN_POINT('Ctrl Pts',(69.2571440610061,-46.7335462513715,-0.05));
#7461=CARTESIAN_POINT('Ctrl Pts',(70.9046104750888,-41.9469529782626,-0.05));
#7462=CARTESIAN_POINT('Ctrl Pts',(72.1424763109266,-37.7402450094063,-0.05));
#7463=CARTESIAN_POINT('Ctrl Pts',(73.0698360550298,-33.8408150693052,-0.05));
#7464=CARTESIAN_POINT('Ctrl Pts',(74.3806083333061,-28.3291841201879,-0.05));
#7465=CARTESIAN_POINT('Ctrl Pts',(75.0955777675821,-23.4144140371572,-0.05));
#7466=CARTESIAN_POINT('Ctrl Pts',(75.6299992393407,-17.4423702926398,-0.05));
#7467=CARTESIAN_POINT('Ctrl Pts',(76.0387412291094,-12.874767432134,-0.05));
#7468=CARTESIAN_POINT('Ctrl Pts',(76.3433548069428,-7.64867852640185,-0.05));
#7469=CARTESIAN_POINT('Ctrl Pts',(76.6527054162005,-1.02124643490798,-0.05));
#7470=CARTESIAN_POINT('Ctrl Pts',(76.8101149717992,2.35104736074862,-0.05));
#7471=CARTESIAN_POINT('Ctrl Pts',(76.967353634021,6.08413682769466,-0.05));
#7472=CARTESIAN_POINT('Ctrl Pts',(77.1285343003993,10.2176128176551,-0.05));
#7473=CARTESIAN_POINT('Ctrl Pts',(77.1303243239772,10.2635179478852,-0.05));
#7474=CARTESIAN_POINT('Ctrl Pts',(77.132114347555,10.3094230781152,-0.05));
#7475=CARTESIAN_POINT('Ctrl Pts',(77.1339043711329,10.3553282083452,-0.05));
#7476=CARTESIAN_POINT('Ctrl Pts',(77.1339043711328,10.3553282083455,-0.05));
#7477=CARTESIAN_POINT('Ctrl Pts',(77.1119219707511,10.3956675097684,-0.05));
#7478=CARTESIAN_POINT('Ctrl Pts',(77.0899395703694,10.4360068111914,-0.05));
#7479=CARTESIAN_POINT('Ctrl Pts',(77.0679571699877,10.4763461126143,-0.05));
#7480=CARTESIAN_POINT('Ctrl Pts',(76.9711025565632,10.6540813634191,-0.05));
#7481=CARTESIAN_POINT('Ctrl Pts',(76.8720007746088,10.8295922836086,-0.05));
#7482=CARTESIAN_POINT('Ctrl Pts',(76.7707241171326,11.0029346785322,-0.05));
#7483=CARTESIAN_POINT('',(30.29299927477,-50.2878717446327,-0.05));
#7484=CARTESIAN_POINT('',(-20.5752511259043,-52.0910957128086,-0.05));
#7485=CARTESIAN_POINT('',(-75.5575020553408,12.7882670617979,-0.05));
#7486=CARTESIAN_POINT('Ctrl Pts',(-75.5585495902916,12.7882902576768,-0.0499999999999994));
#7487=CARTESIAN_POINT('Ctrl Pts',(-75.3459002338341,12.5462429360151,-0.0499999999999989));
#7488=CARTESIAN_POINT('Ctrl Pts',(-75.1908441169606,12.2526935539396,-0.0499999999999983));
#7489=CARTESIAN_POINT('Ctrl Pts',(-75.1143917120775,11.9396549040427,-0.0499999999999994));
#7490=CARTESIAN_POINT('Ctrl Pts',(-75.5568010230595,12.7859858507736,-0.05));
#7491=CARTESIAN_POINT('Ctrl Pts',(-75.9221822989592,12.2906719206069,-0.05));
#7492=CARTESIAN_POINT('Ctrl Pts',(-76.2740488582246,11.7746152186169,-0.05));
#7493=CARTESIAN_POINT('Ctrl Pts',(-76.6109698208881,11.2358984722146,-0.05));
#7494=CARTESIAN_POINT('Ctrl Pts',(-76.7641324879193,10.991000401756,-0.05));
#7495=CARTESIAN_POINT('Ctrl Pts',(-76.914302399044,10.741674397137,-0.05));
#7496=CARTESIAN_POINT('Ctrl Pts',(-77.0614488062724,10.4879289184432,-0.05));
#7497=CARTESIAN_POINT('Ctrl Pts',(-77.0853864550148,10.4466498260524,-0.05));
#7498=CARTESIAN_POINT('Ctrl Pts',(-77.1093241037573,10.4053707336615,-0.05));
#7499=CARTESIAN_POINT('Ctrl Pts',(-77.1332617524998,10.3640916412707,-0.05));
#7500=CARTESIAN_POINT('Origin',(0.,0.440804987693415,-0.05));
#7501=CARTESIAN_POINT('',(-23.5592461824223,61.6904580362002,-0.05));
#7502=CARTESIAN_POINT('',(-13.5983834305273,24.5160121596386,-0.05));
#7503=CARTESIAN_POINT('',(-38.2966646020416,55.0833327744412,-0.05));
#7504=CARTESIAN_POINT('Ctrl Pts',(-23.5615297993217,61.6931333821415,-0.05));
#7505=CARTESIAN_POINT('Ctrl Pts',(-24.883609764042,61.1914405549906,-0.05));
#7506=CARTESIAN_POINT('Ctrl Pts',(-26.2160716865256,60.6565983709104,-0.05));
#7507=CARTESIAN_POINT('Ctrl Pts',(-27.5640165973824,60.0907512385378,-0.05));
#7508=CARTESIAN_POINT('Ctrl Pts',(-31.0095308160643,58.644375852951,-0.05));
#7509=CARTESIAN_POINT('Ctrl Pts',(-34.5521716877642,56.9872518867451,-0.05));
#7510=CARTESIAN_POINT('Ctrl Pts',(-38.222749631932,55.1209154665436,-0.05));
#7511=CARTESIAN_POINT('Ctrl Pts',(-38.2473879553019,55.1083879025095,-0.05));
#7512=CARTESIAN_POINT('Ctrl Pts',(-38.2720262786717,55.0958603384753,-0.05));
#7513=CARTESIAN_POINT('Ctrl Pts',(-38.2966646020416,55.0833327744412,-0.05));
#7514=CARTESIAN_POINT('',(-61.7178192946443,31.012184952155,-0.05));
#7515=CARTESIAN_POINT('',(-42.6689471507711,50.5897089146188,-0.05));
#7516=CARTESIAN_POINT('',(-59.3900262622138,24.5487322277024,-0.05));
#7517=CARTESIAN_POINT('',(-53.248799787756,7.49673214229475,-0.05));
#7518=CARTESIAN_POINT('',(-61.4875661682118,23.5203187011255,-0.05));
#7519=CARTESIAN_POINT('Ctrl Pts',(-59.3901272801023,24.5489012487275,-0.05));
#7520=CARTESIAN_POINT('Ctrl Pts',(-60.0953690958222,24.2156242099566,-0.05));
#7521=CARTESIAN_POINT('Ctrl Pts',(-60.7956372119811,23.8747203300828,-0.05));
#7522=CARTESIAN_POINT('Ctrl Pts',(-61.4899475957703,23.5242494180447,-0.05));
#7523=CARTESIAN_POINT('',(-61.373392297436,23.4657206291497,-0.05));
#7524=CARTESIAN_POINT('Ctrl Pts',(-61.373392297436,23.4657206291497,-0.0500000000000025));
#7525=CARTESIAN_POINT('Ctrl Pts',(-61.4120134593015,23.4827095870425,-0.0500000000000016));
#7526=CARTESIAN_POINT('Ctrl Pts',(-61.4500854509721,23.5009589765285,-0.0500000000000007));
#7527=CARTESIAN_POINT('Ctrl Pts',(-61.4875412208821,23.5204121130613,-0.0499999999999998));
#7528=CARTESIAN_POINT('Origin',(-65.399914,14.31219,-0.05));
#7529=CARTESIAN_POINT('Origin',(0.,0.440804987693415,-0.05));
#7530=CARTESIAN_POINT('',(-4.3981179998489,66.4066499377157,-0.05));
#7531=CARTESIAN_POINT('',(-4.39811800000001,29.6305904938467,-0.05));
#7532=CARTESIAN_POINT('',(-10.8994942710349,65.4445043204004,-0.05));
#7533=CARTESIAN_POINT('Ctrl Pts',(-4.39857190208927,66.4100752873284,-0.05));
#7534=CARTESIAN_POINT('Ctrl Pts',(-5.91832957342941,66.2710045021091,-0.05));
#7535=CARTESIAN_POINT('Ctrl Pts',(-7.41635739512152,66.0707505773077,-0.05));
#7536=CARTESIAN_POINT('Ctrl Pts',(-8.90228557455429,65.8179373989014,-0.05));
#7537=CARTESIAN_POINT('Ctrl Pts',(-9.57025793648993,65.7042897689245,-0.05));
#7538=CARTESIAN_POINT('Ctrl Pts',(-10.2359909698202,65.5800321906037,-0.05));
#7539=CARTESIAN_POINT('Ctrl Pts',(-10.9001521176168,65.4454452485498,-0.05));
#7540=CARTESIAN_POINT('',(-2.42695869864151,33.8245710953606,-0.05));
#7541=CARTESIAN_POINT('Origin',(49.4693195117273,-46.3857334189598,-0.05));
#7542=CARTESIAN_POINT('Origin',(-31.3528170171644,-48.9774324281537,-0.05));
#7543=CARTESIAN_POINT('',(-30.3711898337168,-49.1682414235307,-0.05));
#7544=CARTESIAN_POINT('',(-31.5436260125413,-49.9590596116013,-0.05));
#7545=CARTESIAN_POINT('Origin',(-19.3047260434454,7.76377931118345,-0.05));
#7546=CARTESIAN_POINT('',(-19.4955350388224,6.78215212773586,-0.05));
#7547=CARTESIAN_POINT('Ctrl Pts',(60.9006042983244,26.5823388368807,-6.585));
#7548=CARTESIAN_POINT('Ctrl Pts',(62.0916903712769,25.989217727768,-6.585));
#7549=CARTESIAN_POINT('Ctrl Pts',(63.8745443661305,25.0624828760718,-6.585));
#7550=CARTESIAN_POINT('Ctrl Pts',(66.9554971663847,23.3256022497733,-6.585));
#7551=CARTESIAN_POINT('Ctrl Pts',(68.7588385224119,22.20541910917,-6.585));
#7552=CARTESIAN_POINT('Ctrl Pts',(69.9320634639389,21.4091298775284,-6.585));
#7553=CARTESIAN_POINT('Ctrl Pts',(69.9738997176451,21.3806403312408,-6.585));
#7554=CARTESIAN_POINT('Ctrl Pts',(70.0157015589594,21.3520788190157,-6.585));
#7555=CARTESIAN_POINT('Ctrl Pts',(60.6034330622838,25.9855694501704,-5.91833333333334));
#7556=CARTESIAN_POINT('Ctrl Pts',(61.7871234544778,25.3961478051403,-5.91833333333333));
#7557=CARTESIAN_POINT('Ctrl Pts',(63.5588122431379,24.4751634790207,-5.91833333333334));
#7558=CARTESIAN_POINT('Ctrl Pts',(66.615548769063,22.7519079124431,-5.91833333333333));
#7559=CARTESIAN_POINT('Ctrl Pts',(68.3997932496601,21.6434232022228,-5.91833333333333));
#7560=CARTESIAN_POINT('Ctrl Pts',(69.5571038611066,20.8579027991477,-5.91833333333333));
#7561=CARTESIAN_POINT('Ctrl Pts',(69.5983753229159,20.8297995192562,-5.91833333333334));
#7562=CARTESIAN_POINT('Ctrl Pts',(69.6396021978201,20.8016301701891,-5.91833333333334));
#7563=CARTESIAN_POINT('Ctrl Pts',(60.3062618262431,25.3888000634601,-5.25166666666667));
#7564=CARTESIAN_POINT('Ctrl Pts',(61.482536225022,24.8030380118,-5.25166666666667));
#7565=CARTESIAN_POINT('Ctrl Pts',(63.2430910220843,23.8878232856172,-5.25166666666667));
#7566=CARTESIAN_POINT('Ctrl Pts',(66.275603712444,22.1781979089691,-5.25166666666667));
#7567=CARTESIAN_POINT('Ctrl Pts',(68.0405276325225,21.0814917183742,-5.25166666666667));
#7568=CARTESIAN_POINT('Ctrl Pts',(69.1821513347729,20.306673625273,-5.25166666666667));
#7569=CARTESIAN_POINT('Ctrl Pts',(69.2228454882468,20.2789603595614,-5.25166666666667));
#7570=CARTESIAN_POINT('Ctrl Pts',(69.2635028366808,20.2511815213625,-5.25166666666667));
#7571=CARTESIAN_POINT('Ctrl Pts',(60.0090905902025,24.7920306767499,-4.585));
#7572=CARTESIAN_POINT('Ctrl Pts',(61.1779693082229,24.2099680891722,-4.585));
#7573=CARTESIAN_POINT('Ctrl Pts',(62.9273588990918,23.3005038885661,-4.585));
#7574=CARTESIAN_POINT('Ctrl Pts',(65.9356553151222,21.6045035716389,-4.585));
#7575=CARTESIAN_POINT('Ctrl Pts',(67.6814823597707,20.5194958114271,-4.585));
#7576=CARTESIAN_POINT('Ctrl Pts',(68.8071917319407,19.7554465468924,-4.585));
#7577=CARTESIAN_POINT('Ctrl Pts',(68.8473210935176,19.7281195475768,-4.585));
#7578=CARTESIAN_POINT('Ctrl Pts',(68.8874034755415,19.7007328725358,-4.585));
#7579=CARTESIAN_POINT('',(62.488786046423,25.774801757728,-6.585));
#7580=CARTESIAN_POINT('Ctrl Pts',(69.8901651469807,21.4375670317655,-6.585));
#7581=CARTESIAN_POINT('Ctrl Pts',(69.8901634472206,21.4375681854242,-6.585));
#7582=CARTESIAN_POINT('Ctrl Pts',(69.8901617474603,21.4375693390827,-6.585));
#7583=CARTESIAN_POINT('Ctrl Pts',(68.7588385224119,22.20541910917,-6.585));
#7584=CARTESIAN_POINT('Ctrl Pts',(66.9554971663847,23.3256022497733,-6.585));
#7585=CARTESIAN_POINT('Ctrl Pts',(64.4219001405823,24.7539122156386,-6.585));
#7586=CARTESIAN_POINT('Ctrl Pts',(63.1532460341111,25.4302947467629,-6.585));
#7587=CARTESIAN_POINT('Ctrl Pts',(62.4889387984199,25.7750960174547,-6.585));
#7588=CARTESIAN_POINT('Ctrl Pts',(62.4887860464231,25.7748017577279,-6.58499999999998));
#7589=CARTESIAN_POINT('Ctrl Pts',(62.0747063231927,25.6127112928016,-6.25033904641582));
#7590=CARTESIAN_POINT('Ctrl Pts',(61.6603751876045,25.4495056007654,-5.91581943944607));
#7591=CARTESIAN_POINT('Ctrl Pts',(60.8340259265067,25.1219923359945,-5.24932976908438));
#7592=CARTESIAN_POINT('Ctrl Pts',(60.4213587623802,24.9574349791359,-4.91683369960054));
#7593=CARTESIAN_POINT('Ctrl Pts',(60.0090905902025,24.7920306767499,-4.585));
#7594=CARTESIAN_POINT('Origin',(59.8263987520004,21.3335366150639,-5.585));
#7595=CARTESIAN_POINT('',(64.599487618278,31.6354591920657,-6.585));
#7596=CARTESIAN_POINT('',(60.7672419059352,20.9946942332786,-6.585));
#7597=CARTESIAN_POINT('',(63.7135537460181,32.5459796116167,-5.44295227382046));
#7598=CARTESIAN_POINT('Origin',(71.9608866455628,17.7190566382858,-1.945));
#7599=CARTESIAN_POINT('',(70.2741660951954,20.7739272894199,-4.58499999999948));
#7600=CARTESIAN_POINT('',(70.487294558348,21.0256789304449,-5.05937834740246));
#7601=CARTESIAN_POINT('Ctrl Pts',(70.2740681880322,20.7739665265215,-4.58500820695994));
#7602=CARTESIAN_POINT('Ctrl Pts',(70.3423058215768,20.8564826122425,-4.74456817661206));
#7603=CARTESIAN_POINT('Ctrl Pts',(70.4136624314178,20.9402307163442,-4.90268856950334));
#7604=CARTESIAN_POINT('Ctrl Pts',(70.4871740771454,21.0257444731143,-5.05938025426167));
#7605=CARTESIAN_POINT('',(70.081176076918,20.5315600971281,-4.1059883441603));
#7606=CARTESIAN_POINT('Ctrl Pts',(70.081176076918,20.5315600971281,-4.10598834416029));
#7607=CARTESIAN_POINT('Ctrl Pts',(70.1417783598492,20.6114974021809,-4.26708480260903));
#7608=CARTESIAN_POINT('Ctrl Pts',(70.2063892163393,20.6921260004124,-4.42675455558796));
#7609=CARTESIAN_POINT('Ctrl Pts',(70.2740681880323,20.7739665265215,-4.58500820695994));
#7610=CARTESIAN_POINT('Ctrl Pts',(69.6608270014074,20.0191162982788,-2.50128344188327));
#7611=CARTESIAN_POINT('Ctrl Pts',(69.7241491150452,20.0891753664594,-3.03292471942111));
#7612=CARTESIAN_POINT('Ctrl Pts',(69.8712028194926,20.2545953439879,-3.54782540863831));
#7613=CARTESIAN_POINT('Ctrl Pts',(70.081176076918,20.5315600971281,-4.1059883441603));
#7614=CARTESIAN_POINT('',(73.1948605483347,18.9530305410577,-6.99010262891453));
#7615=CARTESIAN_POINT('',(71.9608866455628,17.7190566382858,-5.245));
#7616=CARTESIAN_POINT('Ctrl Pts',(70.487294558348,21.0256789304449,-5.05937834740247));
#7617=CARTESIAN_POINT('Ctrl Pts',(70.8144577282009,20.7962597183229,-5.58852286775773));
#7618=CARTESIAN_POINT('Ctrl Pts',(71.2206625322742,20.5052608485261,-6.03639959487458));
#7619=CARTESIAN_POINT('Ctrl Pts',(71.9865578867691,19.9276336792586,-6.59530335780603));
#7620=CARTESIAN_POINT('Ctrl Pts',(72.3156934568221,19.6722274629151,-6.76614470939207));
#7621=CARTESIAN_POINT('Ctrl Pts',(72.8332313381598,19.2542469021266,-6.93091888365123));
#7622=CARTESIAN_POINT('Ctrl Pts',(73.0141273080917,19.1052284836844,-6.96992512646684));
#7623=CARTESIAN_POINT('Ctrl Pts',(73.1948605483347,18.9530305410577,-6.99010262891452));
#7624=CARTESIAN_POINT('Ctrl Pts',(22.442495600332,-63.1285952580939,0.56));
#7625=CARTESIAN_POINT('Ctrl Pts',(20.025715492179,-64.3894793889425,0.56));
#7626=CARTESIAN_POINT('Ctrl Pts',(14.9439638206727,-66.4013060007311,0.56));
#7627=CARTESIAN_POINT('Ctrl Pts',(9.04487099209873,-67.8730811040425,0.560000000000001));
#7628=CARTESIAN_POINT('Ctrl Pts',(5.11047015450762,-68.5962547985035,0.560000000000001));
#7629=CARTESIAN_POINT('Ctrl Pts',(1.72687223040198,-69.0635260887257,0.560000000000001));
#7630=CARTESIAN_POINT('Ctrl Pts',(-1.32219881447194,-69.1076975264759,0.56));
#7631=CARTESIAN_POINT('Ctrl Pts',(-4.86937696990536,-68.6156940235418,0.56));
#7632=CARTESIAN_POINT('Ctrl Pts',(-8.94086002986756,-67.8033467515921,0.56));
#7633=CARTESIAN_POINT('Ctrl Pts',(-14.9716921108024,-66.1985314190075,0.56));
#7634=CARTESIAN_POINT('Ctrl Pts',(-19.8198261926733,-64.3642542647414,0.56));
#7635=CARTESIAN_POINT('Ctrl Pts',(-22.010810863002,-63.3095332159819,0.56));
#7636=CARTESIAN_POINT('Ctrl Pts',(22.2883112203641,-62.8330647383755,0.893333333333334));
#7637=CARTESIAN_POINT('Ctrl Pts',(19.8907666636515,-64.0839132844899,0.893333333333334));
#7638=CARTESIAN_POINT('Ctrl Pts',(14.8449308418398,-66.0822059603683,0.893333333333334));
#7639=CARTESIAN_POINT('Ctrl Pts',(8.9718456873652,-67.547424628222,0.893333333333334));
#7640=CARTESIAN_POINT('Ctrl Pts',(5.0568280491989,-68.2672638219631,0.893333333333334));
#7641=CARTESIAN_POINT('Ctrl Pts',(1.69590808407088,-68.7303535188628,0.893333333333334));
#7642=CARTESIAN_POINT('Ctrl Pts',(-1.29716772782397,-68.7740792571948,0.893333333333334));
#7643=CARTESIAN_POINT('Ctrl Pts',(-4.81169872081288,-68.2873585611149,0.893333333333334));
#7644=CARTESIAN_POINT('Ctrl Pts',(-8.86208966471781,-67.4791820895758,0.893333333333334));
#7645=CARTESIAN_POINT('Ctrl Pts',(-14.8720799270474,-65.8800151661337,0.893333333333333));
#7646=CARTESIAN_POINT('Ctrl Pts',(-19.6931859511664,-64.0552721953572,0.893333333333334));
#7647=CARTESIAN_POINT('Ctrl Pts',(-21.8662276352378,-63.0091887448152,0.893333333333334));
#7648=CARTESIAN_POINT('Ctrl Pts',(22.1341268403962,-62.5375342186571,1.22666666666667));
#7649=CARTESIAN_POINT('Ctrl Pts',(19.755817835124,-63.7783471800373,1.22666666666667));
#7650=CARTESIAN_POINT('Ctrl Pts',(14.745897863007,-65.7631059200055,1.22666666666667));
#7651=CARTESIAN_POINT('Ctrl Pts',(8.89882038263167,-67.2217681524016,1.22666666666667));
#7652=CARTESIAN_POINT('Ctrl Pts',(5.00318594389019,-67.9382728454227,1.22666666666667));
#7653=CARTESIAN_POINT('Ctrl Pts',(1.66494393773978,-68.3971809489999,1.22666666666667));
#7654=CARTESIAN_POINT('Ctrl Pts',(-1.272136641176,-68.4404609879137,1.22666666666667));
#7655=CARTESIAN_POINT('Ctrl Pts',(-4.75402047172041,-67.9590230986881,1.22666666666667));
#7656=CARTESIAN_POINT('Ctrl Pts',(-8.78331929956807,-67.1550174275596,1.22666666666667));
#7657=CARTESIAN_POINT('Ctrl Pts',(-14.7724677432924,-65.5614989132599,1.22666666666667));
#7658=CARTESIAN_POINT('Ctrl Pts',(-19.5665457096595,-63.7462901259729,1.22666666666667));
#7659=CARTESIAN_POINT('Ctrl Pts',(-21.7216444074735,-62.7088442736485,1.22666666666667));
#7660=CARTESIAN_POINT('Ctrl Pts',(21.9799424604283,-62.2420036989387,1.56));
#7661=CARTESIAN_POINT('Ctrl Pts',(19.6208690065965,-63.4727810755847,1.56));
#7662=CARTESIAN_POINT('Ctrl Pts',(14.6468648841741,-65.4440058796426,1.56));
#7663=CARTESIAN_POINT('Ctrl Pts',(8.82579507789815,-66.8961116765811,1.56));
#7664=CARTESIAN_POINT('Ctrl Pts',(4.94954383858147,-67.6092818688823,1.56));
#7665=CARTESIAN_POINT('Ctrl Pts',(1.63397979140869,-68.0640083791371,1.56));
#7666=CARTESIAN_POINT('Ctrl Pts',(-1.24710555452803,-68.1068427186325,1.56));
#7667=CARTESIAN_POINT('Ctrl Pts',(-4.69634222262792,-67.6306876362612,1.56));
#7668=CARTESIAN_POINT('Ctrl Pts',(-8.70454893441833,-66.8308527655434,1.56));
#7669=CARTESIAN_POINT('Ctrl Pts',(-14.6728555595374,-65.2429826603861,1.56));
#7670=CARTESIAN_POINT('Ctrl Pts',(-19.4399054681526,-63.4373080565887,1.56));
#7671=CARTESIAN_POINT('Ctrl Pts',(-21.5770611797093,-62.4084998024819,1.56));
#7672=CARTESIAN_POINT('',(-21.5770611797087,-62.4084998024825,1.56));
#7673=CARTESIAN_POINT('Ctrl Pts',(-21.3435235111403,-63.6233101078574,0.56));
#7674=CARTESIAN_POINT('Ctrl Pts',(-21.382315454857,-63.4217856451842,0.726922849885165));
#7675=CARTESIAN_POINT('Ctrl Pts',(-21.4211600725936,-63.2199225785402,0.89363376385089));
#7676=CARTESIAN_POINT('Ctrl Pts',(-21.4600030539879,-63.017909062361,1.05994094692405));
#7677=CARTESIAN_POINT('Ctrl Pts',(-21.4990049263971,-62.815069190134,1.22692842579683));
#7678=CARTESIAN_POINT('Ctrl Pts',(-21.5380460837002,-62.6118656492758,1.39368336241152));
#7679=CARTESIAN_POINT('Ctrl Pts',(-21.5770611797093,-62.4084998024819,1.56));
#7680=CARTESIAN_POINT('',(21.9799424604283,-62.2420036989387,1.56));
#7681=CARTESIAN_POINT('Ctrl Pts',(21.9799424604282,-62.2420036989387,1.56));
#7682=CARTESIAN_POINT('Ctrl Pts',(21.9399631414715,-62.4503787534024,1.39374899508865));
#7683=CARTESIAN_POINT('Ctrl Pts',(21.8999880085728,-62.658458939653,1.2270788479189));
#7684=CARTESIAN_POINT('Ctrl Pts',(21.8600487118997,-62.8661978102816,1.06005995830354));
#7685=CARTESIAN_POINT('Ctrl Pts',(21.8202780233679,-63.0730596883798,0.893746157332321));
#7686=CARTESIAN_POINT('Ctrl Pts',(21.7805303405171,-63.2796477536695,0.727034619454592));
#7687=CARTESIAN_POINT('Ctrl Pts',(21.7408318995001,-63.4859095627794,0.56));
#7688=CARTESIAN_POINT('Ctrl Pts',(21.9799424604283,-62.2420036989387,1.56));
#7689=CARTESIAN_POINT('Ctrl Pts',(19.6208690065965,-63.4727810755847,1.56));
#7690=CARTESIAN_POINT('Ctrl Pts',(14.6468648841741,-65.4440058796426,1.56));
#7691=CARTESIAN_POINT('Ctrl Pts',(8.82579507789815,-66.8961116765811,1.56));
#7692=CARTESIAN_POINT('Ctrl Pts',(4.94954383858147,-67.6092818688823,1.56));
#7693=CARTESIAN_POINT('Ctrl Pts',(1.63397979140869,-68.0640083791371,1.56));
#7694=CARTESIAN_POINT('Ctrl Pts',(-1.24710555452803,-68.1068427186325,1.56));
#7695=CARTESIAN_POINT('Ctrl Pts',(-4.69634222262792,-67.6306876362612,1.56));
#7696=CARTESIAN_POINT('Ctrl Pts',(-8.70454893441833,-66.8308527655434,1.56));
#7697=CARTESIAN_POINT('Ctrl Pts',(-14.6728555595374,-65.2429826603861,1.56));
#7698=CARTESIAN_POINT('Ctrl Pts',(-19.4399054681526,-63.4373080565887,1.56));
#7699=CARTESIAN_POINT('Ctrl Pts',(-21.5770611797093,-62.4084998024819,1.56));
#7700=CARTESIAN_POINT('Origin',(0.,0.440804987693415,1.56));
#7701=CARTESIAN_POINT('',(22.3451085972209,-60.338731816675,1.56));
#7702=CARTESIAN_POINT('',(27.5720745883343,-33.0954132334884,1.56));
#7703=CARTESIAN_POINT('',(-21.9329632024462,-60.553363621024,1.56));
#7704=CARTESIAN_POINT('Ctrl Pts',(22.3451079010266,-60.3387316269344,1.56));
#7705=CARTESIAN_POINT('Ctrl Pts',(22.034192794312,-60.5133313785038,1.56));
#7706=CARTESIAN_POINT('Ctrl Pts',(21.7210118788636,-60.6835802815206,1.56));
#7707=CARTESIAN_POINT('Ctrl Pts',(21.4056771604082,-60.8494760171558,1.56));
#7708=CARTESIAN_POINT('Ctrl Pts',(18.188887606874,-62.5418100296658,1.56));
#7709=CARTESIAN_POINT('Ctrl Pts',(14.7001726850319,-63.7687324649731,1.56));
#7710=CARTESIAN_POINT('Ctrl Pts',(11.4892077407263,-64.64031448904,1.56));
#7711=CARTESIAN_POINT('Ctrl Pts',(8.67120565792674,-65.4052309555081,1.56));
#7712=CARTESIAN_POINT('Ctrl Pts',(6.11814621282465,-65.9057518291872,1.56));
#7713=CARTESIAN_POINT('Ctrl Pts',(4.03617504330627,-66.2107661479703,1.56));
#7714=CARTESIAN_POINT('Ctrl Pts',(2.23281552515948,-66.4749631181309,1.56));
#7715=CARTESIAN_POINT('Ctrl Pts',(0.780664799355392,-66.5941660942297,1.56));
#7716=CARTESIAN_POINT('Ctrl Pts',(-0.780416672488727,-66.5341303559926,
1.56));
#7717=CARTESIAN_POINT('Ctrl Pts',(-2.22967531500552,-66.4783950762719,1.56));
#7718=CARTESIAN_POINT('Ctrl Pts',(-3.83001575288937,-66.2623968165551,1.56));
#7719=CARTESIAN_POINT('Ctrl Pts',(-5.76895974421743,-65.8810345525146,1.56));
#7720=CARTESIAN_POINT('Ctrl Pts',(-8.24793303734143,-65.3934563285999,1.56));
#7721=CARTESIAN_POINT('Ctrl Pts',(-11.2362879332658,-64.6402731253518,1.56));
#7722=CARTESIAN_POINT('Ctrl Pts',(-14.231375467259,-63.6752691793616,1.56));
#7723=CARTESIAN_POINT('Ctrl Pts',(-16.9558141780494,-62.7974670862068,1.56));
#7724=CARTESIAN_POINT('Ctrl Pts',(-19.6293699330546,-61.7487735932389,1.56));
#7725=CARTESIAN_POINT('Ctrl Pts',(-21.9321681900886,-60.5534298601401,1.56));
#7726=CARTESIAN_POINT('',(-26.8922664227017,-34.7030389502954,1.56));
#7727=CARTESIAN_POINT('Ctrl Pts',(70.081176076918,20.5315600971281,-4.1059883441603));
#7728=CARTESIAN_POINT('Ctrl Pts',(69.8712028184789,20.2545953426508,-3.54782540594362));
#7729=CARTESIAN_POINT('Ctrl Pts',(69.7241491136253,20.0891753648621,-3.03292471444945));
#7730=CARTESIAN_POINT('Ctrl Pts',(69.6608270004903,20.0191162972641,-2.50128343418332));
#7731=CARTESIAN_POINT('Ctrl Pts',(69.87135316568,20.5804186788302,-4.14029918171141));
#7732=CARTESIAN_POINT('Ctrl Pts',(69.6773456198795,20.3022008173654,-3.57105650449761));
#7733=CARTESIAN_POINT('Ctrl Pts',(69.5464796518709,20.1350573187654,-3.04698758222073));
#7734=CARTESIAN_POINT('Ctrl Pts',(69.4903238641999,20.0642046744433,-2.50827398406063));
#7735=CARTESIAN_POINT('Ctrl Pts',(69.6615302544421,20.6292772605324,-4.17461001926252));
#7736=CARTESIAN_POINT('Ctrl Pts',(69.4834884212802,20.34980629208,-3.5942876030516));
#7737=CARTESIAN_POINT('Ctrl Pts',(69.3688101901164,20.1809392726687,-3.06105044999202));
#7738=CARTESIAN_POINT('Ctrl Pts',(69.3198207279096,20.1092930516225,-2.51526453393794));
#7739=CARTESIAN_POINT('Ctrl Pts',(69.4517073432041,20.6781358422345,-4.20892085681363));
#7740=CARTESIAN_POINT('Ctrl Pts',(69.2896312226808,20.3974117667946,-3.61751870160559));
#7741=CARTESIAN_POINT('Ctrl Pts',(69.191140728362,20.226821226572,-3.0751133177633));
#7742=CARTESIAN_POINT('Ctrl Pts',(69.1493175916192,20.1543814288016,-2.52225508381525));
#7743=CARTESIAN_POINT('Ctrl Pts',(69.4517073432041,20.6781358422345,-4.20892085681363));
#7744=CARTESIAN_POINT('Ctrl Pts',(69.6615302544421,20.6292772605324,-4.17461001926252));
#7745=CARTESIAN_POINT('Ctrl Pts',(69.87135316568,20.5804186788302,-4.14029918171141));
#7746=CARTESIAN_POINT('Ctrl Pts',(70.081176076918,20.5315600971281,-4.1059883441603));
#7747=CARTESIAN_POINT('Ctrl Pts',(70.7589484404486,21.3415445962253,-5.61630246707602));
#7748=CARTESIAN_POINT('Ctrl Pts',(70.5124197695839,21.0528560433159,-5.12738463478431));
#7749=CARTESIAN_POINT('Ctrl Pts',(70.2760691067498,20.7886333099646,-4.62406415523035));
#7750=CARTESIAN_POINT('Ctrl Pts',(70.081176076918,20.5315600971281,-4.10598834416029));
#7751=CARTESIAN_POINT('Ctrl Pts',(70.4693540046725,21.3735520679313,-5.68047381721343));
#7752=CARTESIAN_POINT('Ctrl Pts',(70.2562840252165,21.0967117916463,-5.17676241116622));
#7753=CARTESIAN_POINT('Ctrl Pts',(70.0499993844475,20.8361820617334,-4.66344924027751));
#7754=CARTESIAN_POINT('Ctrl Pts',(69.87135316568,20.5804186788302,-4.14029918171141));
#7755=CARTESIAN_POINT('Ctrl Pts',(70.1797595688964,21.4055595396374,-5.74464516735084));
#7756=CARTESIAN_POINT('Ctrl Pts',(70.000148280849,21.1405675399767,-5.22614018754813));
#7757=CARTESIAN_POINT('Ctrl Pts',(69.8239296621452,20.8837308135021,-4.70283432532467));
#7758=CARTESIAN_POINT('Ctrl Pts',(69.6615302544421,20.6292772605324,-4.17461001926252));
#7759=CARTESIAN_POINT('Ctrl Pts',(69.8901651331203,21.4375670113434,-5.80881651748824));
#7760=CARTESIAN_POINT('Ctrl Pts',(69.7440125364816,21.1844232883071,-5.27551796393004));
#7761=CARTESIAN_POINT('Ctrl Pts',(69.5978599398428,20.9312795652708,-4.74221941037183));
#7762=CARTESIAN_POINT('Ctrl Pts',(69.4517073432041,20.6781358422345,-4.20892085681363));
#7763=CARTESIAN_POINT('Ctrl Pts',(70.487294558348,21.0256789304449,-5.05937834740246));
#7764=CARTESIAN_POINT('Ctrl Pts',(70.28176159785,21.1698064307493,-5.2918548175865));
#7765=CARTESIAN_POINT('Ctrl Pts',(70.0800696492182,21.3086743639873,-5.54007407895496));
#7766=CARTESIAN_POINT('Ctrl Pts',(69.8901651331203,21.4375670113434,-5.80881651748824));
#7767=CARTESIAN_POINT('Ctrl Pts',(80.1293477451329,10.083108139114,-10.05));
#7768=CARTESIAN_POINT('Ctrl Pts',(80.1293477451329,10.083108139114,1.56));
#7769=CARTESIAN_POINT('Ctrl Pts',(79.8406228367306,10.6129393179713,-10.05));
#7770=CARTESIAN_POINT('Ctrl Pts',(79.8406228367306,10.6129393179713,1.56));
#7771=CARTESIAN_POINT('Ctrl Pts',(79.5518979283283,11.1427704968285,-10.05));
#7772=CARTESIAN_POINT('Ctrl Pts',(79.5518979283283,11.1427704968285,1.56));
#7773=CARTESIAN_POINT('Ctrl Pts',(79.263173019926,11.6726016756858,-10.05));
#7774=CARTESIAN_POINT('Ctrl Pts',(79.263173019926,11.6726016756858,1.56));
#7775=CARTESIAN_POINT('Ctrl Pts',(77.777278387041,14.3993262570725,-10.05));
#7776=CARTESIAN_POINT('Ctrl Pts',(77.777278387041,14.3993262570725,1.56));
#7777=CARTESIAN_POINT('Ctrl Pts',(75.7992833944249,16.6863799331494,-10.05));
#7778=CARTESIAN_POINT('Ctrl Pts',(75.7992833944249,16.6863799331494,1.56));
#7779=CARTESIAN_POINT('Ctrl Pts',(73.6312499775501,18.578921416968,-10.05));
#7780=CARTESIAN_POINT('Ctrl Pts',(73.6312499775501,18.578921416968,1.56));
#7781=CARTESIAN_POINT('Ctrl Pts',(70.8675511771621,20.9914371041354,-10.05));
#7782=CARTESIAN_POINT('Ctrl Pts',(70.8675511771621,20.9914371041354,1.56));
#7783=CARTESIAN_POINT('Ctrl Pts',(67.8347421529875,22.8541247637789,-10.05));
#7784=CARTESIAN_POINT('Ctrl Pts',(67.8347421529875,22.8541247637789,1.56));
#7785=CARTESIAN_POINT('Ctrl Pts',(64.790392101804,24.5409677952077,-10.05));
#7786=CARTESIAN_POINT('Ctrl Pts',(64.790392101804,24.5409677952077,1.56));
#7787=CARTESIAN_POINT('Ctrl Pts',(63.2305742714926,25.4052468016039,-10.05));
#7788=CARTESIAN_POINT('Ctrl Pts',(63.2305742714926,25.4052468016039,1.56));
#7789=CARTESIAN_POINT('Ctrl Pts',(61.6603199139458,26.2164036869849,-10.05));
#7790=CARTESIAN_POINT('Ctrl Pts',(61.6603199139458,26.2164036869849,1.56));
#7791=CARTESIAN_POINT('Ctrl Pts',(60.0797498958366,26.9867423601663,-10.05));
#7792=CARTESIAN_POINT('Ctrl Pts',(60.0797498958366,26.9867423601663,1.56));
#7793=CARTESIAN_POINT('Ctrl Pts',(62.488786046423,25.774801757728,-9.05));
#7794=CARTESIAN_POINT('Ctrl Pts',(62.488786046423,25.774801757728,-8.22833333333333));
#7795=CARTESIAN_POINT('Ctrl Pts',(62.488786046423,25.774801757728,-7.40666666666667));
#7796=CARTESIAN_POINT('Ctrl Pts',(62.488786046423,25.774801757728,-6.585));
#7797=CARTESIAN_POINT('',(77.5660660056459,14.3439798772997,-6.82192067056327));
#7798=CARTESIAN_POINT('Ctrl Pts',(73.1948605483347,18.9530305410577,-6.99010262891453));
#7799=CARTESIAN_POINT('Ctrl Pts',(74.0540934120001,18.2294587514341,-7.08602949431255));
#7800=CARTESIAN_POINT('Ctrl Pts',(74.8783952218233,17.4605569806279,-7.12520323751982));
#7801=CARTESIAN_POINT('Ctrl Pts',(76.3458309994607,15.9006377858321,-7.05980758609983));
#7802=CARTESIAN_POINT('Ctrl Pts',(76.981898926677,15.1393279059915,-6.9712481521697));
#7803=CARTESIAN_POINT('Ctrl Pts',(77.5660660056459,14.3439798772997,-6.82192067056327));
#7804=CARTESIAN_POINT('',(79.6588562267977,10.946494250071,-2.69693884124835));
#7805=CARTESIAN_POINT('Ctrl Pts',(77.5660660056459,14.3439798772997,-6.82192067056328));
#7806=CARTESIAN_POINT('Ctrl Pts',(77.7168208401225,14.138725995776,-6.78338402482808));
#7807=CARTESIAN_POINT('Ctrl Pts',(77.8618267576316,13.9342803241953,-6.72189449589237));
#7808=CARTESIAN_POINT('Ctrl Pts',(78.2598300729117,13.3544394074018,-6.48288082618143));
#7809=CARTESIAN_POINT('Ctrl Pts',(78.4922580169843,12.9915718066976,-6.25288867343641));
#7810=CARTESIAN_POINT('Ctrl Pts',(78.9607056670738,12.2221174901081,-5.58206211868452));
#7811=CARTESIAN_POINT('Ctrl Pts',(79.1690337144326,11.8453541392068,-5.10567156470928));
#7812=CARTESIAN_POINT('Ctrl Pts',(79.4968697652676,11.2437511730928,-3.98838897037219));
#7813=CARTESIAN_POINT('Ctrl Pts',(79.6097374828798,11.0366307129692,-3.35785255137487));
#7814=CARTESIAN_POINT('Ctrl Pts',(79.6588562267979,10.9464942500706,-2.69693884124555));
#7815=CARTESIAN_POINT('Ctrl Pts',(79.6588562267977,10.946494250071,-2.69693884124835));
#7816=CARTESIAN_POINT('Ctrl Pts',(79.6588562267977,10.946494250071,-3.2129592274989));
#7817=CARTESIAN_POINT('Ctrl Pts',(79.6588562267977,10.946494250071,-3.72897961374945));
#7818=CARTESIAN_POINT('Ctrl Pts',(79.6588562267977,10.946494250071,-5.84666666666667));
#7819=CARTESIAN_POINT('Ctrl Pts',(79.6588562267977,10.9464942500709,-7.44833333333333));
#7820=CARTESIAN_POINT('Ctrl Pts',(79.6588562267978,10.9464942500709,-9.05));
#7821=CARTESIAN_POINT('Origin',(55.675051617205,40.0905814747254,1.06));
#7822=CARTESIAN_POINT('',(62.3707796818625,33.926018509033,0.56));
#7823=CARTESIAN_POINT('',(56.0334102327556,40.4392634253059,0.56));
#7824=CARTESIAN_POINT('',(62.0135754732679,32.8591643351365,1.56));
#7825=CARTESIAN_POINT('',(62.3329837951313,33.8131343420913,0.665810306322777));
#7826=CARTESIAN_POINT('',(55.3166930016544,39.7418995241449,1.56));
#7827=CARTESIAN_POINT('Origin',(0.,0.440804987693415,1.56));
#7828=CARTESIAN_POINT('',(61.4777691603761,31.2588830742918,1.56));
#7829=CARTESIAN_POINT('',(53.7399865136705,8.14861305305647,1.56));
#7830=CARTESIAN_POINT('',(61.7178204363797,31.0121698653443,1.56));
#7831=CARTESIAN_POINT('',(54.2416171550025,38.6958536724033,1.56));
#7832=CARTESIAN_POINT('Origin',(62.4292661581291,31.7149109165178,1.56));
#7833=CARTESIAN_POINT('Origin',(-44.1023817961243,51.9844365287074,1.06));
#7834=CARTESIAN_POINT('',(-43.744023134786,51.6357546251853,1.56));
#7835=CARTESIAN_POINT('Ctrl Pts',(79.6601648798638,10.9800546400937,0.56));
#7836=CARTESIAN_POINT('Ctrl Pts',(79.6489885207078,10.6934370620394,0.56));
#7837=CARTESIAN_POINT('Ctrl Pts',(79.6378121615518,10.4068194839851,0.56));
#7838=CARTESIAN_POINT('Ctrl Pts',(79.6266358023958,10.1202019059309,0.56));
#7839=CARTESIAN_POINT('Ctrl Pts',(79.4550998053368,5.72116360196587,0.56));
#7840=CARTESIAN_POINT('Ctrl Pts',(79.1211295158386,-2.17042591510498,0.56));
#7841=CARTESIAN_POINT('Ctrl Pts',(78.6143537167979,-11.6196619829665,0.56));
#7842=CARTESIAN_POINT('Ctrl Pts',(78.0126933368648,-19.3735554180153,0.56));
#7843=CARTESIAN_POINT('Ctrl Pts',(77.1769806224632,-26.2257053330811,0.56));
#7844=CARTESIAN_POINT('Ctrl Pts',(75.9315530564221,-32.9082630352963,0.56));
#7845=CARTESIAN_POINT('Ctrl Pts',(74.0964612420305,-40.0316815627852,0.56));
#7846=CARTESIAN_POINT('Ctrl Pts',(72.3740403216392,-45.3901334259078,0.56));
#7847=CARTESIAN_POINT('Ctrl Pts',(71.375047676817,-48.2575168596247,0.56));
#7848=CARTESIAN_POINT('Ctrl Pts',(79.3270846795976,10.9930427616569,0.893333333333334));
#7849=CARTESIAN_POINT('Ctrl Pts',(79.3159083204416,10.7064251836026,0.893333333333333));
#7850=CARTESIAN_POINT('Ctrl Pts',(79.3047319612856,10.4198076055484,0.893333333333334));
#7851=CARTESIAN_POINT('Ctrl Pts',(79.2935556021296,10.1331900274941,0.893333333333334));
#7852=CARTESIAN_POINT('Ctrl Pts',(79.1220467761802,5.73484374317301,0.893333333333334));
#7853=CARTESIAN_POINT('Ctrl Pts',(78.7881426110182,-2.15511372046918,0.893333333333333));
#7854=CARTESIAN_POINT('Ctrl Pts',(78.2816261693349,-11.5991842673339,0.893333333333334));
#7855=CARTESIAN_POINT('Ctrl Pts',(77.6807347842468,-19.3422012269347,0.893333333333333));
#7856=CARTESIAN_POINT('Ctrl Pts',(76.8471591951453,-26.1757999815357,0.893333333333334));
#7857=CARTESIAN_POINT('Ctrl Pts',(75.6060019306132,-32.8353616038853,0.893333333333334));
#7858=CARTESIAN_POINT('Ctrl Pts',(73.7764766488837,-39.9376099553745,0.893333333333334));
#7859=CARTESIAN_POINT('Ctrl Pts',(72.0576277675648,-45.2851689249032,0.893333333333334));
#7860=CARTESIAN_POINT('Ctrl Pts',(71.0602713793928,-48.1478492085553,0.893333333333334));
#7861=CARTESIAN_POINT('Ctrl Pts',(78.9940044793314,11.0060308832202,1.22666666666667));
#7862=CARTESIAN_POINT('Ctrl Pts',(78.9828281201754,10.7194133051659,1.22666666666667));
#7863=CARTESIAN_POINT('Ctrl Pts',(78.9716517610194,10.4327957271116,1.22666666666667));
#7864=CARTESIAN_POINT('Ctrl Pts',(78.9604754018634,10.1461781490573,1.22666666666667));
#7865=CARTESIAN_POINT('Ctrl Pts',(78.7889929427125,5.74851760710314,1.22666666666667));
#7866=CARTESIAN_POINT('Ctrl Pts',(78.4551543721595,-2.13980534737307,1.22666666666667));
#7867=CARTESIAN_POINT('Ctrl Pts',(77.9488959142063,-11.578688014967,1.22666666666667));
#7868=CARTESIAN_POINT('Ctrl Pts',(77.3487828728265,-19.3108547928018,1.22666666666667));
#7869=CARTESIAN_POINT('Ctrl Pts',(76.5173239138676,-26.1258797930618,1.22666666666667));
#7870=CARTESIAN_POINT('Ctrl Pts',(75.2804685513046,-32.7624243662469,1.22666666666667));
#7871=CARTESIAN_POINT('Ctrl Pts',(73.4564855483044,-39.8435775713212,1.22666666666667));
#7872=CARTESIAN_POINT('Ctrl Pts',(71.7412128234776,-45.1801913524842,1.22666666666667));
#7873=CARTESIAN_POINT('Ctrl Pts',(70.7454950819687,-48.0381815574859,1.22666666666667));
#7874=CARTESIAN_POINT('Ctrl Pts',(78.6609242790652,11.0190190047834,1.56));
#7875=CARTESIAN_POINT('Ctrl Pts',(78.6497479199092,10.7324014267291,1.56));
#7876=CARTESIAN_POINT('Ctrl Pts',(78.6385715607532,10.4457838486748,1.56));
#7877=CARTESIAN_POINT('Ctrl Pts',(78.6273952015972,10.1591662706206,1.56));
#7878=CARTESIAN_POINT('Ctrl Pts',(78.4559399135558,5.76219774831027,1.56));
#7879=CARTESIAN_POINT('Ctrl Pts',(78.1221674673391,-2.12449315273727,1.56));
#7880=CARTESIAN_POINT('Ctrl Pts',(77.6161683667433,-11.5582102993345,1.56));
#7881=CARTESIAN_POINT('Ctrl Pts',(77.0168243202085,-19.2795006017212,1.56));
#7882=CARTESIAN_POINT('Ctrl Pts',(76.1875024865496,-26.0759744415164,1.56));
#7883=CARTESIAN_POINT('Ctrl Pts',(74.9549174254957,-32.6895229348358,1.56));
#7884=CARTESIAN_POINT('Ctrl Pts',(73.1365009551576,-39.7495059639106,1.56));
#7885=CARTESIAN_POINT('Ctrl Pts',(71.4248002694032,-45.0752268514795,1.56));
#7886=CARTESIAN_POINT('Ctrl Pts',(70.4307187845446,-47.9285139064165,1.56));
#7887=CARTESIAN_POINT('',(70.4307187845446,-47.9285139064164,1.56));
#7888=CARTESIAN_POINT('Ctrl Pts',(78.6609242790652,11.0190190047834,1.56));
#7889=CARTESIAN_POINT('Ctrl Pts',(78.6497479199092,10.7324014267291,1.56));
#7890=CARTESIAN_POINT('Ctrl Pts',(78.6385715607532,10.4457838486748,1.56));
#7891=CARTESIAN_POINT('Ctrl Pts',(78.6273952015972,10.1591662706206,1.56));
#7892=CARTESIAN_POINT('Ctrl Pts',(78.4559399135558,5.76219774831027,1.56));
#7893=CARTESIAN_POINT('Ctrl Pts',(78.1221674673391,-2.12449315273727,1.56));
#7894=CARTESIAN_POINT('Ctrl Pts',(77.6161683667433,-11.5582102993345,1.56));
#7895=CARTESIAN_POINT('Ctrl Pts',(77.0168243202085,-19.2795006017212,1.56));
#7896=CARTESIAN_POINT('Ctrl Pts',(76.1875024865496,-26.0759744415164,1.56));
#7897=CARTESIAN_POINT('Ctrl Pts',(74.9549174254957,-32.6895229348358,1.56));
#7898=CARTESIAN_POINT('Ctrl Pts',(73.1365009551576,-39.7495059639106,1.56));
#7899=CARTESIAN_POINT('Ctrl Pts',(71.4248002694032,-45.0752268514795,1.56));
#7900=CARTESIAN_POINT('Ctrl Pts',(70.4307187845446,-47.9285139064165,1.56));
#7901=CARTESIAN_POINT('',(71.375047676817,-48.2575168596246,0.56));
#7902=CARTESIAN_POINT('',(70.4307187845446,-47.9285139064164,1.56));
#7903=CARTESIAN_POINT('',(79.6568668301364,10.8954761998356,0.56));
#7904=CARTESIAN_POINT('Ctrl Pts',(71.375047676817,-48.2575168596247,0.56));
#7905=CARTESIAN_POINT('Ctrl Pts',(72.3740403216392,-45.3901334259078,0.56));
#7906=CARTESIAN_POINT('Ctrl Pts',(74.0964612420305,-40.0316815627852,0.56));
#7907=CARTESIAN_POINT('Ctrl Pts',(75.9315530564221,-32.9082630352963,0.56));
#7908=CARTESIAN_POINT('Ctrl Pts',(77.1769806224632,-26.2257053330811,0.56));
#7909=CARTESIAN_POINT('Ctrl Pts',(78.0126933368648,-19.3735554180153,0.56));
#7910=CARTESIAN_POINT('Ctrl Pts',(78.6143537167979,-11.6196619829665,0.56));
#7911=CARTESIAN_POINT('Ctrl Pts',(79.1211295158386,-2.17042591510498,0.56));
#7912=CARTESIAN_POINT('Ctrl Pts',(79.4550998053368,5.72116360196587,0.56));
#7913=CARTESIAN_POINT('Ctrl Pts',(79.6266358023958,10.1202019059309,0.56));
#7914=CARTESIAN_POINT('Ctrl Pts',(79.6367128116426,10.3786266705658,0.56));
#7915=CARTESIAN_POINT('Ctrl Pts',(79.6467898208895,10.6370514352007,0.56));
#7916=CARTESIAN_POINT('Ctrl Pts',(79.6568668301364,10.8954761998356,0.56));
#7917=CARTESIAN_POINT('Ctrl Pts',(79.6568668301364,10.8954761998356,0.56));
#7918=CARTESIAN_POINT('Ctrl Pts',(79.4900735210331,10.8954761998356,0.726666646397512));
#7919=CARTESIAN_POINT('Ctrl Pts',(79.3232802119299,10.8954761998356,0.893333292795023));
#7920=CARTESIAN_POINT('Ctrl Pts',(79.0324802965554,10.8954761998356,1.18391237494598));
#7921=CARTESIAN_POINT('Ctrl Pts',(78.9084736902842,10.8954761998356,1.30782481069941));
#7922=CARTESIAN_POINT('Ctrl Pts',(78.784467084013,10.8954761998356,1.43173724645286));
#7923=CARTESIAN_POINT('Ctrl Pts',(71.375047676817,-48.2575168596246,0.56));
#7924=CARTESIAN_POINT('Ctrl Pts',(71.2465244914182,-48.6264137224504,0.56));
#7925=CARTESIAN_POINT('Ctrl Pts',(71.0471767340328,-48.9666805871767,0.559999999999999));
#7926=CARTESIAN_POINT('Ctrl Pts',(70.6154260798935,-49.4543363992072,0.56));
#7927=CARTESIAN_POINT('Ctrl Pts',(70.4179253328716,-49.6261574091686,0.559999999999999));
#7928=CARTESIAN_POINT('Ctrl Pts',(69.9835070389653,-49.9144036541644,0.56));
#7929=CARTESIAN_POINT('Ctrl Pts',(69.7484368301438,-50.0296036191699,0.56));
#7930=CARTESIAN_POINT('Ctrl Pts',(69.5014511920719,-50.1129665237707,0.56));
#7931=CARTESIAN_POINT('Ctrl Pts',(71.0602713793929,-48.1478492085552,0.893333333333333));
#7932=CARTESIAN_POINT('Ctrl Pts',(70.9460283874403,-48.4757574532497,0.893333333333333));
#7933=CARTESIAN_POINT('Ctrl Pts',(70.7688305139366,-48.7782169416106,0.893333333333333));
#7934=CARTESIAN_POINT('Ctrl Pts',(70.3850521768091,-49.2116888010144,0.893333333333333));
#7935=CARTESIAN_POINT('Ctrl Pts',(70.2094959361225,-49.3644185655558,0.893333333333334));
#7936=CARTESIAN_POINT('Ctrl Pts',(69.8233463723621,-49.6206374759877,0.893333333333333));
#7937=CARTESIAN_POINT('Ctrl Pts',(69.614395053374,-49.7230374140503,0.893333333333334));
#7938=CARTESIAN_POINT('Ctrl Pts',(69.3948522818417,-49.7971377989072,0.893333333333333));
#7939=CARTESIAN_POINT('Ctrl Pts',(70.7454950819688,-48.0381815574858,1.22666666666667));
#7940=CARTESIAN_POINT('Ctrl Pts',(70.6455327649235,-48.3251014175006,1.22666666666667));
#7941=CARTESIAN_POINT('Ctrl Pts',(70.4904843761181,-48.5897533703506,1.22666666666667));
#7942=CARTESIAN_POINT('Ctrl Pts',(70.1546782896801,-48.9690411976641,1.22666666666667));
#7943=CARTESIAN_POINT('Ctrl Pts',(70.0010666186635,-49.1026797830585,1.22666666666667));
#7944=CARTESIAN_POINT('Ctrl Pts',(69.6631856925801,-49.3268712809529,1.22666666666667));
#7945=CARTESIAN_POINT('Ctrl Pts',(69.4803533301992,-49.4164712845661,1.22666666666667));
#7946=CARTESIAN_POINT('Ctrl Pts',(69.2882533716115,-49.4813090740438,1.22666666666667));
#7947=CARTESIAN_POINT('Ctrl Pts',(70.4307187845447,-47.9285139064164,1.56));
#7948=CARTESIAN_POINT('Ctrl Pts',(70.3450366609456,-48.1744451482999,1.56));
#7949=CARTESIAN_POINT('Ctrl Pts',(70.2121381560219,-48.4012897247845,1.56));
#7950=CARTESIAN_POINT('Ctrl Pts',(69.9243043865958,-48.7263935994714,1.56));
#7951=CARTESIAN_POINT('Ctrl Pts',(69.7926372219144,-48.8409409394457,1.56));
#7952=CARTESIAN_POINT('Ctrl Pts',(69.5030250259769,-49.0331051027762,1.56));
#7953=CARTESIAN_POINT('Ctrl Pts',(69.3463115534294,-49.1099050794465,1.56));
#7954=CARTESIAN_POINT('Ctrl Pts',(69.1816544613813,-49.1654803491804,1.56));
#7955=CARTESIAN_POINT('',(69.1816544613813,-49.1654803491804,1.56));
#7956=CARTESIAN_POINT('',(69.1816544613813,-49.1654803491804,1.56));
#7957=CARTESIAN_POINT('Ctrl Pts',(69.5014511920719,-50.1129665237707,0.56));
#7958=CARTESIAN_POINT('Ctrl Pts',(69.7484368301438,-50.0296036191699,0.56));
#7959=CARTESIAN_POINT('Ctrl Pts',(69.9835070389653,-49.9144036541644,0.56));
#7960=CARTESIAN_POINT('Ctrl Pts',(70.4179253328716,-49.6261574091686,0.559999999999999));
#7961=CARTESIAN_POINT('Ctrl Pts',(70.6154260798935,-49.4543363992072,0.56));
#7962=CARTESIAN_POINT('Ctrl Pts',(71.0471767340328,-48.9666805871767,0.559999999999999));
#7963=CARTESIAN_POINT('Ctrl Pts',(71.2465244914182,-48.6264137224504,0.56));
#7964=CARTESIAN_POINT('Ctrl Pts',(71.375047676817,-48.2575168596246,0.56));
#7965=CARTESIAN_POINT('Ctrl Pts',(70.4307187845447,-47.9285139064164,1.56));
#7966=CARTESIAN_POINT('Ctrl Pts',(70.3450366609456,-48.1744451482999,1.56));
#7967=CARTESIAN_POINT('Ctrl Pts',(70.2121381560219,-48.4012897247845,1.56));
#7968=CARTESIAN_POINT('Ctrl Pts',(69.9243043865958,-48.7263935994714,1.56));
#7969=CARTESIAN_POINT('Ctrl Pts',(69.7926372219144,-48.8409409394457,1.56));
#7970=CARTESIAN_POINT('Ctrl Pts',(69.5030250259769,-49.0331051027762,1.56));
#7971=CARTESIAN_POINT('Ctrl Pts',(69.3463115534294,-49.1099050794465,1.56));
#7972=CARTESIAN_POINT('Ctrl Pts',(69.1816544613813,-49.1654803491804,1.56));
#7973=CARTESIAN_POINT('Ctrl Pts',(69.5014511920719,-50.1129665237706,0.56));
#7974=CARTESIAN_POINT('Ctrl Pts',(67.4290122638807,-50.8124587291087,0.56));
#7975=CARTESIAN_POINT('Ctrl Pts',(63.669714645383,-51.9979646698441,0.56));
#7976=CARTESIAN_POINT('Ctrl Pts',(59.0051605948198,-53.1821629014727,0.56));
#7977=CARTESIAN_POINT('Ctrl Pts',(53.583550589561,-54.0607695498839,0.56));
#7978=CARTESIAN_POINT('Ctrl Pts',(48.6259088827919,-53.9295913973203,0.56));
#7979=CARTESIAN_POINT('Ctrl Pts',(42.8455421012652,-52.8654582175065,0.56));
#7980=CARTESIAN_POINT('Ctrl Pts',(39.4275497364937,-52.0103062883105,0.56));
#7981=CARTESIAN_POINT('Ctrl Pts',(37.5513183844557,-51.4957047268403,0.56));
#7982=CARTESIAN_POINT('Ctrl Pts',(69.3948522818417,-49.7971377989072,0.893333333333334));
#7983=CARTESIAN_POINT('Ctrl Pts',(67.3262383371099,-50.4953389909957,0.893333333333334));
#7984=CARTESIAN_POINT('Ctrl Pts',(63.5762847629933,-51.6777663196826,0.893333333333333));
#7985=CARTESIAN_POINT('Ctrl Pts',(58.9340415705156,-52.8561722905306,0.893333333333333));
#7986=CARTESIAN_POINT('Ctrl Pts',(53.5600675387359,-53.7260136962744,0.893333333333333));
#7987=CARTESIAN_POINT('Ctrl Pts',(48.665247754541,-53.59702969876,0.893333333333333));
#7988=CARTESIAN_POINT('Ctrl Pts',(42.9185283981552,-52.5402597189834,0.893333333333334));
#7989=CARTESIAN_POINT('Ctrl Pts',(39.5113399772704,-51.6876440531772,0.893333333333334));
#7990=CARTESIAN_POINT('Ctrl Pts',(37.6394868995502,-51.1742433387123,0.893333333333334));
#7991=CARTESIAN_POINT('Ctrl Pts',(69.2882533716115,-49.4813090740438,1.22666666666667));
#7992=CARTESIAN_POINT('Ctrl Pts',(67.2234644103391,-50.1782192528827,1.22666666666667));
#7993=CARTESIAN_POINT('Ctrl Pts',(63.4828548806036,-51.3575679695212,1.22666666666667));
#7994=CARTESIAN_POINT('Ctrl Pts',(58.8629225462114,-52.5301816795884,1.22666666666667));
#7995=CARTESIAN_POINT('Ctrl Pts',(53.5365844879107,-53.3912578426648,1.22666666666667));
#7996=CARTESIAN_POINT('Ctrl Pts',(48.70458662629,-53.2644680001997,1.22666666666667));
#7997=CARTESIAN_POINT('Ctrl Pts',(42.9915146950452,-52.2150612204603,1.22666666666667));
#7998=CARTESIAN_POINT('Ctrl Pts',(39.595130218047,-51.3649818180438,1.22666666666667));
#7999=CARTESIAN_POINT('Ctrl Pts',(37.7276554146448,-50.8527819505844,1.22666666666667));
#8000=CARTESIAN_POINT('Ctrl Pts',(69.1816544613813,-49.1654803491804,1.56));
#8001=CARTESIAN_POINT('Ctrl Pts',(67.1206904835683,-49.8610995147696,1.56));
#8002=CARTESIAN_POINT('Ctrl Pts',(63.3894249982139,-51.0373696193598,1.56));
#8003=CARTESIAN_POINT('Ctrl Pts',(58.7918035219072,-52.2041910686462,1.56));
#8004=CARTESIAN_POINT('Ctrl Pts',(53.5131014370854,-53.0565019890553,1.56));
#8005=CARTESIAN_POINT('Ctrl Pts',(48.743925498039,-52.9319063016394,1.56));
#8006=CARTESIAN_POINT('Ctrl Pts',(43.0645009919352,-51.8898627219372,1.56));
#8007=CARTESIAN_POINT('Ctrl Pts',(39.6789204588237,-51.0423195829105,1.56));
#8008=CARTESIAN_POINT('Ctrl Pts',(37.8158239297393,-50.5313205624565,1.56));
#8009=CARTESIAN_POINT('',(37.8158239313328,-50.5313205628935,1.56));
#8010=CARTESIAN_POINT('Ctrl Pts',(69.1816544613813,-49.1654803491804,1.56));
#8011=CARTESIAN_POINT('Ctrl Pts',(67.1206904835683,-49.8610995147696,1.56));
#8012=CARTESIAN_POINT('Ctrl Pts',(63.3894249982139,-51.0373696193598,1.56));
#8013=CARTESIAN_POINT('Ctrl Pts',(58.7918035219072,-52.2041910686462,1.56));
#8014=CARTESIAN_POINT('Ctrl Pts',(53.5131014370854,-53.0565019890553,1.56));
#8015=CARTESIAN_POINT('Ctrl Pts',(48.743925498039,-52.9319063016394,1.56));
#8016=CARTESIAN_POINT('Ctrl Pts',(43.0645009919352,-51.8898627219372,1.56));
#8017=CARTESIAN_POINT('Ctrl Pts',(39.6789204588237,-51.0423195829105,1.56));
#8018=CARTESIAN_POINT('Ctrl Pts',(37.8158239297393,-50.5313205624565,1.56));
#8019=CARTESIAN_POINT('Ctrl Pts',(37.8158239313327,-50.5313205628935,1.56));
#8020=CARTESIAN_POINT('Ctrl Pts',(37.8509881278619,-50.7137793725273,1.39334073831332));
#8021=CARTESIAN_POINT('Ctrl Pts',(37.8862232830136,-50.89621017951,1.2266565502581));
#8022=CARTESIAN_POINT('Ctrl Pts',(37.9215310622231,-51.0786006634835,1.05995728556957));
#8023=CARTESIAN_POINT('Ctrl Pts',(37.956824161723,-51.2609153160284,0.893327328462942));
#8024=CARTESIAN_POINT('Ctrl Pts',(37.9921921152141,-51.4432015069356,0.726671496397149));
#8025=CARTESIAN_POINT('Ctrl Pts',(38.0276363205823,-51.6254465463203,0.560000000044413));
#8026=CARTESIAN_POINT('Origin',(31.1946516377623,-56.1761513834161,1.06));
#8027=CARTESIAN_POINT('',(37.1993064130766,-50.9985138602257,1.56));
#8028=CARTESIAN_POINT('',(30.8926675307666,-55.7776471812776,1.56));
#8029=CARTESIAN_POINT('',(36.8957740751767,-53.4924980378471,-0.244402465687727));
#8030=CARTESIAN_POINT('Ctrl Pts',(70.1855984059462,-51.6715631513754,-10.05));
#8031=CARTESIAN_POINT('Ctrl Pts',(70.1855984059462,-51.6715631513754,1.56));
#8032=CARTESIAN_POINT('Ctrl Pts',(70.5820814962365,-50.5335477207918,-10.05));
#8033=CARTESIAN_POINT('Ctrl Pts',(70.5820814962365,-50.5335477207918,1.56));
#8034=CARTESIAN_POINT('Ctrl Pts',(70.9785645865267,-49.3955322902082,-10.05));
#8035=CARTESIAN_POINT('Ctrl Pts',(70.9785645865267,-49.3955322902082,1.56));
#8036=CARTESIAN_POINT('Ctrl Pts',(71.375047676817,-48.2575168596246,-10.05));
#8037=CARTESIAN_POINT('Ctrl Pts',(71.375047676817,-48.2575168596246,1.56));
#8038=CARTESIAN_POINT('Ctrl Pts',(73.2079672059305,-42.9965340882733,-10.05));
#8039=CARTESIAN_POINT('Ctrl Pts',(73.2079672059305,-42.9965340882733,1.56));
#8040=CARTESIAN_POINT('Ctrl Pts',(74.5678674419295,-38.3981337920198,-10.05));
#8041=CARTESIAN_POINT('Ctrl Pts',(74.5678674419295,-38.3981337920198,1.56));
#8042=CARTESIAN_POINT('Ctrl Pts',(75.5706835642545,-34.1286427482603,-10.05));
#8043=CARTESIAN_POINT('Ctrl Pts',(75.5706835642545,-34.1286427482603,1.56));
#8044=CARTESIAN_POINT('Ctrl Pts',(76.8350503515002,-28.7455993826863,-10.05));
#8045=CARTESIAN_POINT('Ctrl Pts',(76.8350503515002,-28.7455993826863,1.56));
#8046=CARTESIAN_POINT('Ctrl Pts',(77.5493794901081,-23.8728345487545,-10.05));
#8047=CARTESIAN_POINT('Ctrl Pts',(77.5493794901081,-23.8728345487545,1.56));
#8048=CARTESIAN_POINT('Ctrl Pts',(78.0777094564937,-18.1317613423062,-10.05));
#8049=CARTESIAN_POINT('Ctrl Pts',(78.0777094564937,-18.1317613423062,1.56));
#8050=CARTESIAN_POINT('Ctrl Pts',(78.5025282063147,-13.5154879954069,-10.05));
#8051=CARTESIAN_POINT('Ctrl Pts',(78.5025282063147,-13.5154879954069,1.56));
#8052=CARTESIAN_POINT('Ctrl Pts',(78.8119624130515,-8.29528776239427,-10.05));
#8053=CARTESIAN_POINT('Ctrl Pts',(78.8119624130515,-8.29528776239427,1.56));
#8054=CARTESIAN_POINT('Ctrl Pts',(79.1242548226295,-1.68575123247983,-10.05));
#8055=CARTESIAN_POINT('Ctrl Pts',(79.1242548226295,-1.68575123247983,1.56));
#8056=CARTESIAN_POINT('Ctrl Pts',(79.2907783170572,1.83864797080469,-10.05));
#8057=CARTESIAN_POINT('Ctrl Pts',(79.2907783170572,1.83864797080469,1.56));
#8058=CARTESIAN_POINT('Ctrl Pts',(79.4564980582492,5.75702177882328,-10.05));
#8059=CARTESIAN_POINT('Ctrl Pts',(79.4564980582492,5.75702177882328,1.56));
#8060=CARTESIAN_POINT('Ctrl Pts',(79.6266358023958,10.1202019059308,-10.05));
#8061=CARTESIAN_POINT('Ctrl Pts',(79.6266358023958,10.1202019059308,1.56));
#8062=CARTESIAN_POINT('Ctrl Pts',(79.6534482561649,10.8078069169828,-10.05));
#8063=CARTESIAN_POINT('Ctrl Pts',(79.6534482561649,10.8078069169828,1.56));
#8064=CARTESIAN_POINT('Ctrl Pts',(79.6802607099339,11.4954119280349,-10.05));
#8065=CARTESIAN_POINT('Ctrl Pts',(79.6802607099339,11.4954119280349,1.56));
#8066=CARTESIAN_POINT('Ctrl Pts',(79.707073163703,12.183016939087,-10.05));
#8067=CARTESIAN_POINT('Ctrl Pts',(79.707073163703,12.183016939087,1.56));
#8068=CARTESIAN_POINT('',(79.6568668301364,10.8954761998356,-1.94500000000001));
#8069=CARTESIAN_POINT('Ctrl Pts',(79.6588562267977,10.9464942500711,-2.69693884124857));
#8070=CARTESIAN_POINT('Ctrl Pts',(79.6575363862276,10.9126469566589,-2.44741703725371));
#8071=CARTESIAN_POINT('Ctrl Pts',(79.6568668301364,10.8954761998355,-2.19681148791984));
#8072=CARTESIAN_POINT('Ctrl Pts',(79.6568668301364,10.8954761998355,-1.94500000000001));
#8073=CARTESIAN_POINT('Ctrl Pts',(79.6568668301364,10.8954761998356,-1.94500000000001));
#8074=CARTESIAN_POINT('Ctrl Pts',(79.6568668301364,10.8954761998356,-1.11000000000001));
#8075=CARTESIAN_POINT('Ctrl Pts',(79.6568668301364,10.8954761998356,-0.275000000000004));
#8076=CARTESIAN_POINT('Ctrl Pts',(79.6568668301364,10.8954761998356,0.56));
#8077=CARTESIAN_POINT('Ctrl Pts',(71.375047676817,-48.2575168596246,-9.05));
#8078=CARTESIAN_POINT('Ctrl Pts',(71.375047676817,-48.2575168596246,-5.84666666666667));
#8079=CARTESIAN_POINT('Ctrl Pts',(71.375047676817,-48.2575168596246,-2.64333333333334));
#8080=CARTESIAN_POINT('Ctrl Pts',(71.375047676817,-48.2575168596246,0.56));
#8081=CARTESIAN_POINT('Ctrl Pts',(71.375047676817,-48.2575168596246,-9.05));
#8082=CARTESIAN_POINT('Ctrl Pts',(71.375047676817,-48.2575168596246,-5.84666666666667));
#8083=CARTESIAN_POINT('Ctrl Pts',(71.375047676817,-48.2575168596246,-2.64333333333334));
#8084=CARTESIAN_POINT('Ctrl Pts',(71.375047676817,-48.2575168596246,0.56));
#8085=CARTESIAN_POINT('Ctrl Pts',(71.0756438599708,-49.1168880961058,-9.05));
#8086=CARTESIAN_POINT('Ctrl Pts',(71.0756438599708,-49.1168880961058,-5.84666666666667));
#8087=CARTESIAN_POINT('Ctrl Pts',(71.0756438599708,-49.1168880961058,-2.64333333333334));
#8088=CARTESIAN_POINT('Ctrl Pts',(71.0756438599708,-49.1168880961058,0.56));
#8089=CARTESIAN_POINT('Ctrl Pts',(70.363695662266,-49.8219406808411,-9.05));
#8090=CARTESIAN_POINT('Ctrl Pts',(70.363695662266,-49.8219406808411,-5.84666666666668));
#8091=CARTESIAN_POINT('Ctrl Pts',(70.363695662266,-49.8219406808412,-2.64333333333333));
#8092=CARTESIAN_POINT('Ctrl Pts',(70.363695662266,-49.8219406808412,0.56));
#8093=CARTESIAN_POINT('Ctrl Pts',(69.5014511920719,-50.1129665237706,-9.05));
#8094=CARTESIAN_POINT('Ctrl Pts',(69.5014511920719,-50.1129665237706,-5.84666666666667));
#8095=CARTESIAN_POINT('Ctrl Pts',(69.5014511920719,-50.1129665237706,-2.64333333333333));
#8096=CARTESIAN_POINT('Ctrl Pts',(69.5014511920719,-50.1129665237706,0.56));
#8097=CARTESIAN_POINT('Origin',(-38.769912368256,-50.4356723641678,1.06));
#8098=CARTESIAN_POINT('',(-36.7900706580546,-51.3086390636382,1.56));
#8099=CARTESIAN_POINT('',(-36.9030574104575,-50.3802786839645,2.23167051436439));
#8100=CARTESIAN_POINT('',(-37.8161372807609,-50.5310916416218,1.56));
#8101=CARTESIAN_POINT('',(-38.4679281979531,-50.0371682100032,1.56));
#8102=CARTESIAN_POINT('Ctrl Pts',(-37.8161372807609,-50.5310916416218,1.56));
#8103=CARTESIAN_POINT('Ctrl Pts',(-37.8513462337985,-50.7134840736089,1.39336662338914));
#8104=CARTESIAN_POINT('Ctrl Pts',(-37.8866311241572,-50.8958410236018,1.22670982068304));
#8105=CARTESIAN_POINT('Ctrl Pts',(-37.9219895177283,-51.0781577792176,1.06003311569093));
#8106=CARTESIAN_POINT('Ctrl Pts',(-37.9573432752584,-51.260450630242,0.893378264633916));
#8107=CARTESIAN_POINT('Ctrl Pts',(-37.9927714002559,-51.442707856103,0.726699348571943));
#8108=CARTESIAN_POINT('Ctrl Pts',(-38.0282718101618,-51.6249245909698,0.560000000034626));
#8109=CARTESIAN_POINT('Ctrl Pts',(-37.55221836982,-51.4956365127646,0.56));
#8110=CARTESIAN_POINT('Ctrl Pts',(-39.6756136948529,-52.0766402475872,0.56));
#8111=CARTESIAN_POINT('Ctrl Pts',(-45.4250169395949,-53.4788221887575,0.56));
#8112=CARTESIAN_POINT('Ctrl Pts',(-52.5608614518319,-54.2631306989833,0.56));
#8113=CARTESIAN_POINT('Ctrl Pts',(-58.7000540518522,-53.3480432440262,0.56));
#8114=CARTESIAN_POINT('Ctrl Pts',(-64.3471112188655,-51.7988653055414,0.56));
#8115=CARTESIAN_POINT('Ctrl Pts',(-67.6810234182662,-50.7274023071223,0.56));
#8116=CARTESIAN_POINT('Ctrl Pts',(-69.5014586666711,-50.1129663635832,0.56));
#8117=CARTESIAN_POINT('Ctrl Pts',(-37.6401913387985,-51.1741215553517,0.893333333333334));
#8118=CARTESIAN_POINT('Ctrl Pts',(-39.758201393946,-51.7536517718522,0.893333333333333));
#8119=CARTESIAN_POINT('Ctrl Pts',(-45.490060570972,-53.1509767370774,0.893333333333334));
#8120=CARTESIAN_POINT('Ctrl Pts',(-52.5586592597269,-53.9255121535631,0.893333333333333));
#8121=CARTESIAN_POINT('Ctrl Pts',(-58.6256874015995,-53.022063123092,0.893333333333334));
#8122=CARTESIAN_POINT('Ctrl Pts',(-64.2507283205823,-51.479943695254,0.893333333333333));
#8123=CARTESIAN_POINT('Ctrl Pts',(-67.5772679971949,-50.4106138436767,0.893333333333334));
#8124=CARTESIAN_POINT('Ctrl Pts',(-69.3948597037077,-49.7971376565184,0.893333333333334));
#8125=CARTESIAN_POINT('Ctrl Pts',(-37.728164307777,-50.8526065979388,1.22666666666667));
#8126=CARTESIAN_POINT('Ctrl Pts',(-39.8407890930391,-51.4306632961173,1.22666666666667));
#8127=CARTESIAN_POINT('Ctrl Pts',(-45.5551042023491,-52.8231312853973,1.22666666666667));
#8128=CARTESIAN_POINT('Ctrl Pts',(-52.5564570676219,-53.5878936081428,1.22666666666667));
#8129=CARTESIAN_POINT('Ctrl Pts',(-58.5513207513468,-52.6960830021579,1.22666666666667));
#8130=CARTESIAN_POINT('Ctrl Pts',(-64.1543454222991,-51.1610220849666,1.22666666666667));
#8131=CARTESIAN_POINT('Ctrl Pts',(-67.4735125761235,-50.0938253802311,1.22666666666667));
#8132=CARTESIAN_POINT('Ctrl Pts',(-69.2882607407442,-49.4813089494536,1.22666666666667));
#8133=CARTESIAN_POINT('Ctrl Pts',(-37.8161372767555,-50.5310916405259,1.56));
#8134=CARTESIAN_POINT('Ctrl Pts',(-39.9233767921322,-51.1076748203823,1.56));
#8135=CARTESIAN_POINT('Ctrl Pts',(-45.6201478337263,-52.4952858337172,1.56));
#8136=CARTESIAN_POINT('Ctrl Pts',(-52.554254875517,-53.2502750627225,1.56));
#8137=CARTESIAN_POINT('Ctrl Pts',(-58.4769541010942,-52.3701028812238,1.56));
#8138=CARTESIAN_POINT('Ctrl Pts',(-64.0579625240159,-50.8421004746792,1.56));
#8139=CARTESIAN_POINT('Ctrl Pts',(-67.3697571550522,-49.7770369167855,1.56));
#8140=CARTESIAN_POINT('Ctrl Pts',(-69.1816617777808,-49.1654802423888,1.56));
#8141=CARTESIAN_POINT('',(-69.1816617777808,-49.1654802423888,1.56));
#8142=CARTESIAN_POINT('Ctrl Pts',(-37.8161372767555,-50.5310916405259,1.56));
#8143=CARTESIAN_POINT('Ctrl Pts',(-39.9233767921322,-51.1076748203823,1.56));
#8144=CARTESIAN_POINT('Ctrl Pts',(-45.6201478337263,-52.4952858337172,1.56));
#8145=CARTESIAN_POINT('Ctrl Pts',(-52.554254875517,-53.2502750627225,1.56));
#8146=CARTESIAN_POINT('Ctrl Pts',(-58.4769541010942,-52.3701028812238,1.56));
#8147=CARTESIAN_POINT('Ctrl Pts',(-64.0579625240159,-50.8421004746792,1.56));
#8148=CARTESIAN_POINT('Ctrl Pts',(-67.3697571550522,-49.7770369167855,1.56));
#8149=CARTESIAN_POINT('Ctrl Pts',(-69.1816617777808,-49.1654802423888,1.56));
#8150=CARTESIAN_POINT('',(-69.1816617777808,-49.1654802423888,1.56));
#8151=CARTESIAN_POINT('Ctrl Pts',(-69.5014586666711,-50.1129663635833,0.56));
#8152=CARTESIAN_POINT('Ctrl Pts',(-70.118574138926,-49.9046766549547,0.56));
#8153=CARTESIAN_POINT('Ctrl Pts',(-70.6605036195564,-49.4930268653036,0.56));
#8154=CARTESIAN_POINT('Ctrl Pts',(-71.1718426724712,-48.7373966913338,0.56));
#8155=CARTESIAN_POINT('Ctrl Pts',(-71.2892913213786,-48.50368077737,0.56));
#8156=CARTESIAN_POINT('Ctrl Pts',(-71.3750540765762,-48.2575185824789,0.56));
#8157=CARTESIAN_POINT('Ctrl Pts',(-69.3948597037077,-49.7971376565185,0.893333333333333));
#8158=CARTESIAN_POINT('Ctrl Pts',(-69.9435091165429,-49.611768720207,0.893333333333334));
#8159=CARTESIAN_POINT('Ctrl Pts',(-70.4250702787001,-49.2460379766714,0.893333333333333));
#8160=CARTESIAN_POINT('Ctrl Pts',(-70.8796712303929,-48.5744149657508,0.893333333333334));
#8161=CARTESIAN_POINT('Ctrl Pts',(-70.9840303949726,-48.366639747223,0.893333333333333));
#8162=CARTESIAN_POINT('Ctrl Pts',(-71.0602778458455,-48.1478507399813,0.893333333333333));
#8163=CARTESIAN_POINT('Ctrl Pts',(-69.2882607407442,-49.4813089494536,1.22666666666667));
#8164=CARTESIAN_POINT('Ctrl Pts',(-69.7681371150004,-49.3195283713841,1.22666666666667));
#8165=CARTESIAN_POINT('Ctrl Pts',(-70.1897917538939,-48.9991761321679,1.22666666666667));
#8166=CARTESIAN_POINT('Ctrl Pts',(-70.5874225570591,-48.4114155198055,1.22666666666667));
#8167=CARTESIAN_POINT('Ctrl Pts',(-70.6788111406584,-48.2296642150603,1.22666666666667));
#8168=CARTESIAN_POINT('Ctrl Pts',(-70.7455016151148,-48.0381828974836,1.22666666666667));
#8169=CARTESIAN_POINT('Ctrl Pts',(-69.1816617777807,-49.1654802423888,1.56));
#8170=CARTESIAN_POINT('Ctrl Pts',(-69.5930720926173,-49.0266204366364,1.56));
#8171=CARTESIAN_POINT('Ctrl Pts',(-69.9543584130376,-48.7521872435358,1.56));
#8172=CARTESIAN_POINT('Ctrl Pts',(-70.2952511149808,-48.2484337942225,1.56));
#8173=CARTESIAN_POINT('Ctrl Pts',(-70.3735502142524,-48.0926231849133,1.56));
#8174=CARTESIAN_POINT('Ctrl Pts',(-70.4307253843842,-47.928515054986,1.56));
#8175=CARTESIAN_POINT('',(-70.4307253843842,-47.928515054986,1.56));
#8176=CARTESIAN_POINT('',(-70.4307253843842,-47.928515054986,1.56));
#8177=CARTESIAN_POINT('Ctrl Pts',(-69.1816617777807,-49.1654802423888,1.56));
#8178=CARTESIAN_POINT('Ctrl Pts',(-69.5930720926173,-49.0266204366364,1.56));
#8179=CARTESIAN_POINT('Ctrl Pts',(-69.9543584130376,-48.7521872435358,1.56));
#8180=CARTESIAN_POINT('Ctrl Pts',(-70.2952511149808,-48.2484337942225,1.56));
#8181=CARTESIAN_POINT('Ctrl Pts',(-70.3735502142524,-48.0926231849133,1.56));
#8182=CARTESIAN_POINT('Ctrl Pts',(-70.4307253843842,-47.928515054986,1.56));
#8183=CARTESIAN_POINT('Ctrl Pts',(-71.3750540765762,-48.2575185824791,0.56));
#8184=CARTESIAN_POINT('Ctrl Pts',(-73.0705017300974,-43.3911273995947,0.56));
#8185=CARTESIAN_POINT('Ctrl Pts',(-75.0362402951611,-36.3744096725353,0.56));
#8186=CARTESIAN_POINT('Ctrl Pts',(-76.7947865708587,-26.9526930808905,0.56));
#8187=CARTESIAN_POINT('Ctrl Pts',(-77.8031546649536,-19.469350666441,0.560000000000001));
#8188=CARTESIAN_POINT('Ctrl Pts',(-78.5793026283732,-11.1620812819586,0.56));
#8189=CARTESIAN_POINT('Ctrl Pts',(-79.1855630877189,-1.54354435838682,0.56));
#8190=CARTESIAN_POINT('Ctrl Pts',(-79.4949708593173,6.02871170133909,0.56));
#8191=CARTESIAN_POINT('Ctrl Pts',(-79.6273602345787,10.1405619292538,0.56));
#8192=CARTESIAN_POINT('Ctrl Pts',(-79.6365736613852,10.426719568711,0.56));
#8193=CARTESIAN_POINT('Ctrl Pts',(-79.6457870881916,10.7128772081681,0.56));
#8194=CARTESIAN_POINT('Ctrl Pts',(-79.6550005149981,10.9990348476253,0.56));
#8195=CARTESIAN_POINT('Ctrl Pts',(-71.0602778458455,-48.1478507399814,0.893333333333334));
#8196=CARTESIAN_POINT('Ctrl Pts',(-72.7514408047112,-43.2936173351573,0.893333333333333));
#8197=CARTESIAN_POINT('Ctrl Pts',(-74.7113863281601,-36.2976317449004,0.893333333333334));
#8198=CARTESIAN_POINT('Ctrl Pts',(-76.4654135562857,-26.9005560568015,0.893333333333334));
#8199=CARTESIAN_POINT('Ctrl Pts',(-77.4717628672048,-19.4325507938927,0.893333333333334));
#8200=CARTESIAN_POINT('Ctrl Pts',(-78.2468692049694,-11.1369830776999,0.893333333333334));
#8201=CARTESIAN_POINT('Ctrl Pts',(-78.8526158982065,-1.52695094112904,0.893333333333333));
#8202=CARTESIAN_POINT('Ctrl Pts',(-79.1618683408111,6.04121112028194,0.893333333333334));
#8203=CARTESIAN_POINT('Ctrl Pts',(-79.2941995418477,10.1512887148923,0.893333333333334));
#8204=CARTESIAN_POINT('Ctrl Pts',(-79.3034129686542,10.4374463543494,0.893333333333333));
#8205=CARTESIAN_POINT('Ctrl Pts',(-79.3126263954606,10.7236039938066,0.893333333333334));
#8206=CARTESIAN_POINT('Ctrl Pts',(-79.3218398222671,11.0097616332638,0.893333333333334));
#8207=CARTESIAN_POINT('Ctrl Pts',(-70.7455016151148,-48.0381828974838,1.22666666666667));
#8208=CARTESIAN_POINT('Ctrl Pts',(-72.4325087874268,-43.196158616909,1.22666666666667));
#8209=CARTESIAN_POINT('Ctrl Pts',(-74.3865121626274,-36.2208371536444,1.22666666666667));
#8210=CARTESIAN_POINT('Ctrl Pts',(-76.1360702674711,-26.8484364887165,1.22666666666667));
#8211=CARTESIAN_POINT('Ctrl Pts',(-77.1403798610442,-19.3957568810304,1.22666666666667));
#8212=CARTESIAN_POINT('Ctrl Pts',(-77.9144362011637,-11.1118848224549,1.22666666666667));
#8213=CARTESIAN_POINT('Ctrl Pts',(-78.5196714549873,-1.51035779608561,1.22666666666667));
#8214=CARTESIAN_POINT('Ctrl Pts',(-78.8287624871604,6.05370951222536,1.22666666666667));
#8215=CARTESIAN_POINT('Ctrl Pts',(-78.9610388491168,10.1620155005307,1.22666666666667));
#8216=CARTESIAN_POINT('Ctrl Pts',(-78.9702522759232,10.4481731399879,1.22666666666667));
#8217=CARTESIAN_POINT('Ctrl Pts',(-78.9794657027297,10.7343307794451,1.22666666666667));
#8218=CARTESIAN_POINT('Ctrl Pts',(-78.9886791295361,11.0204884189022,1.22666666666667));
#8219=CARTESIAN_POINT('Ctrl Pts',(-70.4307253843841,-47.9285150549861,1.56));
#8220=CARTESIAN_POINT('Ctrl Pts',(-72.1134478620405,-43.0986485524715,1.56));
#8221=CARTESIAN_POINT('Ctrl Pts',(-74.0616581956264,-36.1440592260096,1.56));
#8222=CARTESIAN_POINT('Ctrl Pts',(-75.806697252898,-26.7962994646276,1.56));
#8223=CARTESIAN_POINT('Ctrl Pts',(-76.8089880632955,-19.358957008482,1.56));
#8224=CARTESIAN_POINT('Ctrl Pts',(-77.5820027777599,-11.0867866181961,1.56));
#8225=CARTESIAN_POINT('Ctrl Pts',(-78.1867242654749,-1.49376437882783,1.56));
#8226=CARTESIAN_POINT('Ctrl Pts',(-78.4956599686542,6.06620893116821,1.56));
#8227=CARTESIAN_POINT('Ctrl Pts',(-78.6278781563858,10.1727422861692,1.56));
#8228=CARTESIAN_POINT('Ctrl Pts',(-78.6370915831922,10.4588999256264,1.56));
#8229=CARTESIAN_POINT('Ctrl Pts',(-78.6463050099987,10.7450575650835,1.56));
#8230=CARTESIAN_POINT('Ctrl Pts',(-78.6555184368052,11.0312152045407,1.56));
#8231=CARTESIAN_POINT('',(-78.6463050099987,10.7450575650836,1.56));
#8232=CARTESIAN_POINT('Ctrl Pts',(-70.4307253843841,-47.9285150549861,1.56));
#8233=CARTESIAN_POINT('Ctrl Pts',(-72.1134478620405,-43.0986485524715,1.56));
#8234=CARTESIAN_POINT('Ctrl Pts',(-74.0616581956264,-36.1440592260096,1.56));
#8235=CARTESIAN_POINT('Ctrl Pts',(-75.806697252898,-26.7962994646276,1.56));
#8236=CARTESIAN_POINT('Ctrl Pts',(-76.8089880632955,-19.358957008482,1.56));
#8237=CARTESIAN_POINT('Ctrl Pts',(-77.5820027777599,-11.0867866181961,1.56));
#8238=CARTESIAN_POINT('Ctrl Pts',(-78.1867242654749,-1.49376437882783,1.56));
#8239=CARTESIAN_POINT('Ctrl Pts',(-78.4956599686542,6.06620893116821,1.56));
#8240=CARTESIAN_POINT('Ctrl Pts',(-78.6278781563858,10.1727422861692,1.56));
#8241=CARTESIAN_POINT('Ctrl Pts',(-78.6340204409234,10.3635140458073,1.56));
#8242=CARTESIAN_POINT('Ctrl Pts',(-78.640162725461,10.5542858054455,1.56));
#8243=CARTESIAN_POINT('Ctrl Pts',(-78.6463050099987,10.7450575650836,1.56));
#8244=CARTESIAN_POINT('Ctrl Pts',(-78.6463050099987,10.7450575650836,1.56));
#8245=CARTESIAN_POINT('Ctrl Pts',(-78.8144196607499,10.7873867932219,1.39333458916199));
#8246=CARTESIAN_POINT('Ctrl Pts',(-78.9825343115011,10.8297160213602,1.22666917832397));
#8247=CARTESIAN_POINT('Ctrl Pts',(-79.3187661465008,10.9143751155408,0.89333584499064));
#8248=CARTESIAN_POINT('Ctrl Pts',(-79.4868833307495,10.956704981583,0.726667922495317));
#8249=CARTESIAN_POINT('Ctrl Pts',(-79.6550005149981,10.9990348476252,0.56));
#8250=CARTESIAN_POINT('Ctrl Pts',(-79.6550005149981,10.9990348476253,0.56));
#8251=CARTESIAN_POINT('Ctrl Pts',(-79.5113746225435,11.24670940197,0.56));
#8252=CARTESIAN_POINT('Ctrl Pts',(-79.367748730089,11.4943839563147,0.56));
#8253=CARTESIAN_POINT('Ctrl Pts',(-79.2241228376344,11.7420585106595,0.56));
#8254=CARTESIAN_POINT('Ctrl Pts',(-79.0709158908981,12.0062550396206,0.56));
#8255=CARTESIAN_POINT('Ctrl Pts',(-78.9144079247962,12.2665924562036,0.56));
#8256=CARTESIAN_POINT('Ctrl Pts',(-78.7546803709975,12.5229080694126,0.56));
#8257=CARTESIAN_POINT('Ctrl Pts',(-79.3666439774832,10.8318175686631,0.893333333333334));
#8258=CARTESIAN_POINT('Ctrl Pts',(-79.2230180850286,11.0794921230078,0.893333333333333));
#8259=CARTESIAN_POINT('Ctrl Pts',(-79.0793921925741,11.3271666773525,0.893333333333334));
#8260=CARTESIAN_POINT('Ctrl Pts',(-78.9357663001195,11.5748412316973,0.893333333333334));
#8261=CARTESIAN_POINT('Ctrl Pts',(-78.784306314039,11.8360251408798,0.893333333333334));
#8262=CARTESIAN_POINT('Ctrl Pts',(-78.6296200490721,12.0933303336742,0.893333333333333));
#8263=CARTESIAN_POINT('Ctrl Pts',(-78.4717815182468,12.3466147053191,0.893333333333334));
#8264=CARTESIAN_POINT('Ctrl Pts',(-79.0782874399682,10.6646002897009,1.22666666666667));
#8265=CARTESIAN_POINT('Ctrl Pts',(-78.9346615475137,10.9122748440457,1.22666666666667));
#8266=CARTESIAN_POINT('Ctrl Pts',(-78.7910356550591,11.1599493983904,1.22666666666667));
#8267=CARTESIAN_POINT('Ctrl Pts',(-78.6474097626045,11.4076239527351,1.22666666666667));
#8268=CARTESIAN_POINT('Ctrl Pts',(-78.4976968633216,11.6657952857607,1.22666666666667));
#8269=CARTESIAN_POINT('Ctrl Pts',(-78.3448322979957,11.9200682605797,1.22666666666667));
#8270=CARTESIAN_POINT('Ctrl Pts',(-78.188882665496,12.1703213412255,1.22666666666667));
#8271=CARTESIAN_POINT('Ctrl Pts',(-78.7899309024533,10.4973830107388,1.56));
#8272=CARTESIAN_POINT('Ctrl Pts',(-78.6463050099988,10.7450575650835,1.56));
#8273=CARTESIAN_POINT('Ctrl Pts',(-78.5026791175442,10.9927321194282,1.56));
#8274=CARTESIAN_POINT('Ctrl Pts',(-78.3590532250896,11.240406673773,1.56));
#8275=CARTESIAN_POINT('Ctrl Pts',(-78.2110872864626,11.4955653870199,1.56));
#8276=CARTESIAN_POINT('Ctrl Pts',(-78.0600444222716,11.7468061380503,1.56));
#8277=CARTESIAN_POINT('Ctrl Pts',(-77.9059838127452,11.994027977132,1.56));
#8278=CARTESIAN_POINT('',(-77.9059838127453,11.9940279771319,1.56));
#8279=CARTESIAN_POINT('Ctrl Pts',(-78.6463050099987,10.7450575650836,1.56));
#8280=CARTESIAN_POINT('Ctrl Pts',(-78.550554415029,10.9101739346467,1.56));
#8281=CARTESIAN_POINT('Ctrl Pts',(-78.4548038200593,11.0752903042098,1.56));
#8282=CARTESIAN_POINT('Ctrl Pts',(-78.3590532250896,11.240406673773,1.56));
#8283=CARTESIAN_POINT('Ctrl Pts',(-78.2110872864626,11.4955653870199,1.56));
#8284=CARTESIAN_POINT('Ctrl Pts',(-78.0600444222716,11.7468061380503,1.56));
#8285=CARTESIAN_POINT('Ctrl Pts',(-77.9059838127452,11.994027977132,1.56));
#8286=CARTESIAN_POINT('',(-77.9059838127453,11.9940279771319,1.56));
#8287=CARTESIAN_POINT('Ctrl Pts',(-78.7546803709976,12.5229080694125,0.56));
#8288=CARTESIAN_POINT('Ctrl Pts',(-78.6169443142417,12.7439338161217,0.56));
#8289=CARTESIAN_POINT('Ctrl Pts',(-78.4373539579159,12.935943510553,0.56));
#8290=CARTESIAN_POINT('Ctrl Pts',(-78.0146812386473,13.2403156920402,0.56));
#8291=CARTESIAN_POINT('Ctrl Pts',(-77.7756403232485,13.3497680006772,0.56));
#8292=CARTESIAN_POINT('Ctrl Pts',(-77.2690580716613,13.4708839873522,0.560000000000001));
#8293=CARTESIAN_POINT('Ctrl Pts',(-77.0063605303159,13.4813896204634,0.560000000000001));
#8294=CARTESIAN_POINT('Ctrl Pts',(-76.4917243690569,13.4011134725598,0.560000000000001));
#8295=CARTESIAN_POINT('Ctrl Pts',(-76.2447064124577,13.3110994264478,0.56));
#8296=CARTESIAN_POINT('Ctrl Pts',(-75.8480327544497,13.0710736332977,0.56));
#8297=CARTESIAN_POINT('Ctrl Pts',(-75.6915028186184,12.9401602063765,0.56));
#8298=CARTESIAN_POINT('Ctrl Pts',(-75.4471565360081,12.6631878425698,0.56));
#8299=CARTESIAN_POINT('Ctrl Pts',(-75.3529338487323,12.5248443094058,0.56));
#8300=CARTESIAN_POINT('Ctrl Pts',(-75.2769898297742,12.3764881503611,0.56));
#8301=CARTESIAN_POINT('Ctrl Pts',(-78.4717815182468,12.346614705319,0.893333333333334));
#8302=CARTESIAN_POINT('Ctrl Pts',(-78.3570012976321,12.5308026430383,0.893333333333334));
#8303=CARTESIAN_POINT('Ctrl Pts',(-78.2073428454336,12.6908109378904,0.893333333333334));
#8304=CARTESIAN_POINT('Ctrl Pts',(-77.8551155329636,12.9444543005457,0.893333333333333));
#8305=CARTESIAN_POINT('Ctrl Pts',(-77.6559147796127,13.0356646267748,0.893333333333334));
#8306=CARTESIAN_POINT('Ctrl Pts',(-77.2337629424966,13.1365945905524,0.893333333333334));
#8307=CARTESIAN_POINT('Ctrl Pts',(-77.0148482986747,13.1453492702731,0.893333333333334));
#8308=CARTESIAN_POINT('Ctrl Pts',(-76.585984863918,13.0784525397384,0.893333333333334));
#8309=CARTESIAN_POINT('Ctrl Pts',(-76.3801365836798,13.0034407206818,0.893333333333334));
#8310=CARTESIAN_POINT('Ctrl Pts',(-76.0495751589576,12.8034193901984,0.893333333333334));
#8311=CARTESIAN_POINT('Ctrl Pts',(-75.9191336083487,12.6943247327359,0.893333333333334));
#8312=CARTESIAN_POINT('Ctrl Pts',(-75.7155116246726,12.4635145649224,0.893333333333334));
#8313=CARTESIAN_POINT('Ctrl Pts',(-75.6369927975953,12.3482281819457,0.893333333333334));
#8314=CARTESIAN_POINT('Ctrl Pts',(-75.5737060672273,12.2245981061094,0.893333333333334));
#8315=CARTESIAN_POINT('Ctrl Pts',(-78.1888826654961,12.1703213412255,1.22666666666667));
#8316=CARTESIAN_POINT('Ctrl Pts',(-78.097058800977,12.3176720235698,1.22666666666667));
#8317=CARTESIAN_POINT('Ctrl Pts',(-77.9773317186868,12.4456782703645,1.22666666666667));
#8318=CARTESIAN_POINT('Ctrl Pts',(-77.6955499522538,12.6485931799402,1.22666666666667));
#8319=CARTESIAN_POINT('Ctrl Pts',(-77.5361893325063,12.7215613166665,1.22666666666667));
#8320=CARTESIAN_POINT('Ctrl Pts',(-77.1984677922419,12.8023053329013,1.22666666666667));
#8321=CARTESIAN_POINT('Ctrl Pts',(-77.0233361240454,12.8093091028474,1.22666666666667));
#8322=CARTESIAN_POINT('Ctrl Pts',(-76.680245316914,12.7557916115269,1.22666666666667));
#8323=CARTESIAN_POINT('Ctrl Pts',(-76.515566662253,12.6957823614153,1.22666666666667));
#8324=CARTESIAN_POINT('Ctrl Pts',(-76.2511175999638,12.5357650021739,1.22666666666667));
#8325=CARTESIAN_POINT('Ctrl Pts',(-76.1467642468255,12.4484895192545,1.22666666666667));
#8326=CARTESIAN_POINT('Ctrl Pts',(-75.9838668065861,12.2638411413579,1.22666666666667));
#8327=CARTESIAN_POINT('Ctrl Pts',(-75.9210516027497,12.1716122245887,1.22666666666667));
#8328=CARTESIAN_POINT('Ctrl Pts',(-75.8704223046805,12.0727080618578,1.22666666666667));
#8329=CARTESIAN_POINT('Ctrl Pts',(-77.9059838127453,11.9940279771319,1.56));
#8330=CARTESIAN_POINT('Ctrl Pts',(-77.8371157843675,12.1045408504864,1.56));
#8331=CARTESIAN_POINT('Ctrl Pts',(-77.7473206062045,12.200545697702,1.56));
#8332=CARTESIAN_POINT('Ctrl Pts',(-77.5359842465701,12.3527317884457,1.56));
#8333=CARTESIAN_POINT('Ctrl Pts',(-77.4164637888705,12.4074579427642,1.56));
#8334=CARTESIAN_POINT('Ctrl Pts',(-77.1631726630772,12.4680159361016,1.56));
#8335=CARTESIAN_POINT('Ctrl Pts',(-77.0318238924042,12.4732687526572,1.56));
#8336=CARTESIAN_POINT('Ctrl Pts',(-76.774505811775,12.4331306787055,1.56));
#8337=CARTESIAN_POINT('Ctrl Pts',(-76.650996833475,12.3881236556493,1.56));
#8338=CARTESIAN_POINT('Ctrl Pts',(-76.4526600044717,12.2681107590746,1.56));
#8339=CARTESIAN_POINT('Ctrl Pts',(-76.3743950365558,12.2026540456139,1.56));
#8340=CARTESIAN_POINT('Ctrl Pts',(-76.2522218952506,12.0641678637105,1.56));
#8341=CARTESIAN_POINT('Ctrl Pts',(-76.2051105516126,11.9949960971285,1.56));
#8342=CARTESIAN_POINT('Ctrl Pts',(-76.1671385421336,11.9208180176062,1.56));
#8343=CARTESIAN_POINT('',(-76.1671385421336,11.9208180176062,1.56));
#8344=CARTESIAN_POINT('',(-75.5575020553408,12.7882670617979,0.56));
#8345=CARTESIAN_POINT('Ctrl Pts',(-76.1671385421336,11.9208180176062,1.56));
#8346=CARTESIAN_POINT('Ctrl Pts',(-76.1461701467431,11.9520543159527,1.52710156162859));
#8347=CARTESIAN_POINT('Ctrl Pts',(-76.1247370260164,11.9838028157803,1.49305645883566));
#8348=CARTESIAN_POINT('Ctrl Pts',(-76.1030526452947,12.0157848695895,1.45829004774127));
#8349=CARTESIAN_POINT('Ctrl Pts',(-76.0667207023938,12.0693704512009,1.40003930593006));
#8350=CARTESIAN_POINT('Ctrl Pts',(-76.0296787434192,12.1236084413773,1.33976366156136));
#8351=CARTESIAN_POINT('Ctrl Pts',(-75.9928626068903,12.1770277739103,1.27946379395711));
#8352=CARTESIAN_POINT('Ctrl Pts',(-75.9697533534466,12.2105587473011,1.24161395270605));
#8353=CARTESIAN_POINT('Ctrl Pts',(-75.9467318958696,12.2437645260727,1.20375456751809));
#8354=CARTESIAN_POINT('Ctrl Pts',(-75.9240534756242,12.2762930843423,1.16638042802981));
#8355=CARTESIAN_POINT('Ctrl Pts',(-75.90603530531,12.3021372611692,1.13668640157823));
#8356=CARTESIAN_POINT('Ctrl Pts',(-75.8882339637439,12.3275541032895,1.10729868251551));
#8357=CARTESIAN_POINT('Ctrl Pts',(-75.8707964175178,12.3523818198317,1.07846542083134));
#8358=CARTESIAN_POINT('Ctrl Pts',(-75.8430500536534,12.391887312644,1.03258636424209));
#8359=CARTESIAN_POINT('Ctrl Pts',(-75.8150705063624,12.4315766959171,0.986182515862836));
#8360=CARTESIAN_POINT('Ctrl Pts',(-75.7868825159371,12.4712850173228,0.939432139408475));
#8361=CARTESIAN_POINT('Ctrl Pts',(-75.759643347993,12.5096567358891,0.894255405044861));
#8362=CARTESIAN_POINT('Ctrl Pts',(-75.7322091326478,12.54804602351,0.848755078611195));
#8363=CARTESIAN_POINT('Ctrl Pts',(-75.7046367957665,12.5863358293502,0.803092021609229));
#8364=CARTESIAN_POINT('Ctrl Pts',(-75.6779451047304,12.6234026790597,0.758887418477187));
#8365=CARTESIAN_POINT('Ctrl Pts',(-75.6511238121064,12.6603762741176,0.714530313826973));
#8366=CARTESIAN_POINT('Ctrl Pts',(-75.6242614928191,12.6971817269989,0.67016664272426));
#8367=CARTESIAN_POINT('Ctrl Pts',(-75.602012086356,12.727666789456,0.633421291736489));
#8368=CARTESIAN_POINT('Ctrl Pts',(-75.5797351403324,12.7580370238458,0.596671435895413));
#8369=CARTESIAN_POINT('Ctrl Pts',(-75.5575020171676,12.7882670884076,0.56));
#8370=CARTESIAN_POINT('Ctrl Pts',(-75.5575020206735,12.7882670923815,0.56));
#8371=CARTESIAN_POINT('Ctrl Pts',(-75.6915028213486,12.9401602086599,0.56));
#8372=CARTESIAN_POINT('Ctrl Pts',(-75.848032755966,13.0710736342152,0.56));
#8373=CARTESIAN_POINT('Ctrl Pts',(-76.2447064124577,13.3110994264478,0.56));
#8374=CARTESIAN_POINT('Ctrl Pts',(-76.4917243690569,13.4011134725598,0.560000000000001));
#8375=CARTESIAN_POINT('Ctrl Pts',(-77.0063605303159,13.4813896204634,0.560000000000001));
#8376=CARTESIAN_POINT('Ctrl Pts',(-77.2690580716613,13.4708839873522,0.560000000000001));
#8377=CARTESIAN_POINT('Ctrl Pts',(-77.7756403232485,13.3497680006772,0.56));
#8378=CARTESIAN_POINT('Ctrl Pts',(-78.0146812386473,13.2403156920402,0.56));
#8379=CARTESIAN_POINT('Ctrl Pts',(-78.4373539579159,12.935943510553,0.56));
#8380=CARTESIAN_POINT('Ctrl Pts',(-78.6169443142417,12.7439338161217,0.56));
#8381=CARTESIAN_POINT('Ctrl Pts',(-78.7546803709976,12.5229080694125,0.56));
#8382=CARTESIAN_POINT('Ctrl Pts',(-77.9059838127453,11.9940279771319,1.56));
#8383=CARTESIAN_POINT('Ctrl Pts',(-77.8371157843675,12.1045408504864,1.56));
#8384=CARTESIAN_POINT('Ctrl Pts',(-77.7473206062045,12.200545697702,1.56));
#8385=CARTESIAN_POINT('Ctrl Pts',(-77.5359842465701,12.3527317884457,1.56));
#8386=CARTESIAN_POINT('Ctrl Pts',(-77.4164637888705,12.4074579427642,1.56));
#8387=CARTESIAN_POINT('Ctrl Pts',(-77.1631726630772,12.4680159361016,1.56));
#8388=CARTESIAN_POINT('Ctrl Pts',(-77.0318238924042,12.4732687526572,1.56));
#8389=CARTESIAN_POINT('Ctrl Pts',(-76.774505811775,12.4331306787055,1.56));
#8390=CARTESIAN_POINT('Ctrl Pts',(-76.650996833475,12.3881236556493,1.56));
#8391=CARTESIAN_POINT('Ctrl Pts',(-76.4526600044717,12.2681107590746,1.56));
#8392=CARTESIAN_POINT('Ctrl Pts',(-76.3743950365558,12.2026540456139,1.56));
#8393=CARTESIAN_POINT('Ctrl Pts',(-76.2522218952506,12.0641678637105,1.56));
#8394=CARTESIAN_POINT('Ctrl Pts',(-76.2051105516126,11.9949960971285,1.56));
#8395=CARTESIAN_POINT('Ctrl Pts',(-76.1671385421336,11.9208180176062,1.56));
#8396=CARTESIAN_POINT('Ctrl Pts',(-58.9770445780974,24.7429921895165,-0.05));
#8397=CARTESIAN_POINT('Ctrl Pts',(-58.9770445780974,24.7429921895165,26.56));
#8398=CARTESIAN_POINT('Ctrl Pts',(-62.2173597078104,23.2291215620606,-0.05));
#8399=CARTESIAN_POINT('Ctrl Pts',(-62.2173597078104,23.2291215620606,26.56));
#8400=CARTESIAN_POINT('Ctrl Pts',(-65.3572703102886,21.5630526977415,-0.05));
#8401=CARTESIAN_POINT('Ctrl Pts',(-65.3572703102886,21.5630526977415,26.56));
#8402=CARTESIAN_POINT('Ctrl Pts',(-68.3020986533227,19.5581120546818,-0.05));
#8403=CARTESIAN_POINT('Ctrl Pts',(-68.3020986533227,19.5581120546818,26.56));
#8404=CARTESIAN_POINT('Ctrl Pts',(-71.4534130649013,17.4125885786603,-0.05));
#8405=CARTESIAN_POINT('Ctrl Pts',(-71.4534130649013,17.4125885786603,26.56));
#8406=CARTESIAN_POINT('Ctrl Pts',(-74.3644331908283,14.827978034293,-0.05));
#8407=CARTESIAN_POINT('Ctrl Pts',(-74.3644331908283,14.827978034293,26.56));
#8408=CARTESIAN_POINT('Ctrl Pts',(-76.6109698208881,11.2358984722146,-0.05));
#8409=CARTESIAN_POINT('Ctrl Pts',(-76.6109698208881,11.2358984722146,26.56));
#8410=CARTESIAN_POINT('Ctrl Pts',(-76.7641324879193,10.991000401756,-0.05));
#8411=CARTESIAN_POINT('Ctrl Pts',(-76.7641324879193,10.991000401756,26.56));
#8412=CARTESIAN_POINT('Ctrl Pts',(-76.914302399044,10.741674397137,-0.05));
#8413=CARTESIAN_POINT('Ctrl Pts',(-76.914302399044,10.741674397137,26.56));
#8414=CARTESIAN_POINT('Ctrl Pts',(-77.0614488062724,10.4879289184432,-0.05));
#8415=CARTESIAN_POINT('Ctrl Pts',(-77.0614488062724,10.4879289184432,26.56));
#8416=CARTESIAN_POINT('Ctrl Pts',(-77.1201736075764,10.3866613910957,-0.05));
#8417=CARTESIAN_POINT('Ctrl Pts',(-77.1201736075764,10.3866613910957,26.56));
#8418=CARTESIAN_POINT('Ctrl Pts',(-77.1788984088805,10.2853938637481,-0.05));
#8419=CARTESIAN_POINT('Ctrl Pts',(-77.1788984088805,10.2853938637481,26.56));
#8420=CARTESIAN_POINT('Ctrl Pts',(-77.2376232101845,10.1841263364006,-0.05));
#8421=CARTESIAN_POINT('Ctrl Pts',(-77.2376232101845,10.1841263364006,26.56));
#8422=CARTESIAN_POINT('Ctrl Pts',(-77.1332617524998,10.3640916412707,1.56));
#8423=CARTESIAN_POINT('Ctrl Pts',(-77.1093241037573,10.4053707336615,1.56));
#8424=CARTESIAN_POINT('Ctrl Pts',(-77.0853864550149,10.4466498260524,1.56));
#8425=CARTESIAN_POINT('Ctrl Pts',(-77.0614488062724,10.4879289184432,1.56));
#8426=CARTESIAN_POINT('Ctrl Pts',(-76.914302399044,10.741674397137,1.56));
#8427=CARTESIAN_POINT('Ctrl Pts',(-76.7641324879193,10.991000401756,1.56));
#8428=CARTESIAN_POINT('Ctrl Pts',(-76.6109698208881,11.2358984722146,1.56));
#8429=CARTESIAN_POINT('Ctrl Pts',(-76.4656997090675,11.4681768124248,1.56));
#8430=CARTESIAN_POINT('Ctrl Pts',(-76.3176511015288,11.6962424846466,1.56));
#8431=CARTESIAN_POINT('Ctrl Pts',(-76.1669386941783,11.9202491728524,1.56));
#8432=CARTESIAN_POINT('Ctrl Pts',(-75.5575020553408,12.7882670617979,0.56));
#8433=CARTESIAN_POINT('Ctrl Pts',(-75.5575020553408,12.7882670617979,0.356666666666667));
#8434=CARTESIAN_POINT('Ctrl Pts',(-75.5575020553408,12.7882670617979,0.153333333333333));
#8435=CARTESIAN_POINT('Ctrl Pts',(-75.5575020553408,12.7882670617979,-0.0500000000000001));
#8436=CARTESIAN_POINT('Origin',(0.,0.440804987693415,1.56));
#8437=CARTESIAN_POINT('',(-37.0423969474775,-49.2353895466062,1.56));
#8438=CARTESIAN_POINT('',(-39.7508751555267,-26.9810649989277,1.56));
#8439=CARTESIAN_POINT('',(-37.5012633068302,-48.8876632422229,1.56));
#8440=CARTESIAN_POINT('',(-37.5619756870443,-48.8416557475094,1.56));
#8441=CARTESIAN_POINT('Ctrl Pts',(-37.5012625754001,-48.8876630062355,1.56));
#8442=CARTESIAN_POINT('Ctrl Pts',(-37.9210332043033,-49.0050146365503,1.56));
#8443=CARTESIAN_POINT('Ctrl Pts',(-38.3326672232285,-49.1179546373446,1.56));
#8444=CARTESIAN_POINT('Ctrl Pts',(-38.7362235507146,-49.2265004603955,1.56));
#8445=CARTESIAN_POINT('Ctrl Pts',(-42.9882860775825,-50.3701911801474,1.56));
#8446=CARTESIAN_POINT('Ctrl Pts',(-46.299320338482,-51.0175226429327,1.56));
#8447=CARTESIAN_POINT('Ctrl Pts',(-49.1138193590097,-51.282170515268,1.56));
#8448=CARTESIAN_POINT('Ctrl Pts',(-52.8108628519101,-51.629804210356,1.56));
#8449=CARTESIAN_POINT('Ctrl Pts',(-55.7068962640063,-51.3455132841127,1.56));
#8450=CARTESIAN_POINT('Ctrl Pts',(-59.1697806402253,-50.5591970401377,1.56));
#8451=CARTESIAN_POINT('Ctrl Pts',(-61.682843744366,-49.9885564624474,1.56));
#8452=CARTESIAN_POINT('Ctrl Pts',(-64.5230973172058,-49.1406788886412,1.56));
#8453=CARTESIAN_POINT('Ctrl Pts',(-67.9982553248694,-47.9805022608798,1.56));
#8454=CARTESIAN_POINT('Origin',(0.,0.440804987693415,1.56));
#8455=CARTESIAN_POINT('',(77.1339043711329,10.3553282083452,1.56));
#8456=CARTESIAN_POINT('Ctrl Pts',(76.7710490248094,11.0033784841917,1.56));
#8457=CARTESIAN_POINT('Ctrl Pts',(76.8334761655818,10.8961522961224,1.56));
#8458=CARTESIAN_POINT('Ctrl Pts',(76.8949489431011,10.7883996437911,1.56));
#8459=CARTESIAN_POINT('Ctrl Pts',(77.0121949597394,10.5786738187864,1.56));
#8460=CARTESIAN_POINT('Ctrl Pts',(77.0540134544964,10.5019338433623,1.56));
#8461=CARTESIAN_POINT('Ctrl Pts',(77.133904371133,10.3553282083452,1.56));
#8462=CARTESIAN_POINT('Ctrl Pts',(77.133904371133,10.3553282083452,1.56));
#8463=CARTESIAN_POINT('Ctrl Pts',(77.1321143475551,10.3094230781152,1.56));
#8464=CARTESIAN_POINT('Ctrl Pts',(77.1303243239772,10.2635179478852,1.56));
#8465=CARTESIAN_POINT('Ctrl Pts',(77.1285343003993,10.2176128176551,1.56));
#8466=CARTESIAN_POINT('Ctrl Pts',(76.967353634021,6.08413682769466,1.56));
#8467=CARTESIAN_POINT('Ctrl Pts',(76.8101149717992,2.35104736074862,1.56));
#8468=CARTESIAN_POINT('Ctrl Pts',(76.6527054162005,-1.02124643490798,1.56));
#8469=CARTESIAN_POINT('Ctrl Pts',(76.3433548069428,-7.64867852640185,1.56));
#8470=CARTESIAN_POINT('Ctrl Pts',(76.0387412291094,-12.874767432134,1.56));
#8471=CARTESIAN_POINT('Ctrl Pts',(75.6299992393407,-17.4423702926398,1.56));
#8472=CARTESIAN_POINT('Ctrl Pts',(75.0955777675821,-23.4144140371572,1.56));
#8473=CARTESIAN_POINT('Ctrl Pts',(74.3806083333061,-28.3291841201879,1.56));
#8474=CARTESIAN_POINT('Ctrl Pts',(73.0698360550298,-33.8408150693052,1.56));
#8475=CARTESIAN_POINT('Ctrl Pts',(72.1424763109698,-37.7402450092245,1.56));
#8476=CARTESIAN_POINT('Ctrl Pts',(70.9045276322839,-41.9472308428138,1.56));
#8477=CARTESIAN_POINT('Ctrl Pts',(69.2570503391688,-46.7338203712087,1.56));
#8478=CARTESIAN_POINT('',(37.4516328843181,-48.9252644950174,1.56));
#8479=CARTESIAN_POINT('',(29.9867152097794,-54.5821345748623,1.56));
#8480=CARTESIAN_POINT('',(39.9282577304233,-28.5759889521677,1.56));
#8481=CARTESIAN_POINT('Ctrl Pts',(-21.3440111279882,-63.6232711592555,3.085));
#8482=CARTESIAN_POINT('Ctrl Pts',(-21.6919187627638,-63.4632524380933,3.085));
#8483=CARTESIAN_POINT('Ctrl Pts',(-22.2077575885951,-63.2179718109637,3.085));
#8484=CARTESIAN_POINT('Ctrl Pts',(-23.0716736494272,-62.7827020577841,3.085));
#8485=CARTESIAN_POINT('Ctrl Pts',(-23.4536161054538,-62.5786656577009,3.085));
#8486=CARTESIAN_POINT('Ctrl Pts',(-23.7491450934607,-62.4179944354806,3.085));
#8487=CARTESIAN_POINT('Ctrl Pts',(-23.8149285235783,-62.3821836475063,3.085));
#8488=CARTESIAN_POINT('Ctrl Pts',(-23.8787342378445,-62.3474680705295,3.085));
#8489=CARTESIAN_POINT('Ctrl Pts',(-21.1350785739443,-63.1690166184298,3.585));
#8490=CARTESIAN_POINT('Ctrl Pts',(-21.4789990718019,-63.0108308724944,3.585));
#8491=CARTESIAN_POINT('Ctrl Pts',(-21.988499043747,-62.76856355229,3.585));
#8492=CARTESIAN_POINT('Ctrl Pts',(-22.8413233769465,-62.338875279718,3.585));
#8493=CARTESIAN_POINT('Ctrl Pts',(-23.2176939316329,-62.1378142469516,3.585));
#8494=CARTESIAN_POINT('Ctrl Pts',(-23.509513560234,-61.9791572589279,3.585));
#8495=CARTESIAN_POINT('Ctrl Pts',(-23.5764096578185,-61.942742584337,3.585));
#8496=CARTESIAN_POINT('Ctrl Pts',(-23.6397727098522,-61.9082672188231,3.585));
#8497=CARTESIAN_POINT('Ctrl Pts',(-20.9261460199005,-62.7147620776042,4.085));
#8498=CARTESIAN_POINT('Ctrl Pts',(-21.2659940102472,-62.5584512499764,4.085));
#8499=CARTESIAN_POINT('Ctrl Pts',(-21.766659063515,-62.3205607171843,4.085));
#8500=CARTESIAN_POINT('Ctrl Pts',(-22.6098265613666,-61.8956679452198,4.085));
#8501=CARTESIAN_POINT('Ctrl Pts',(-22.9750537262914,-61.7006120276291,4.085));
#8502=CARTESIAN_POINT('Ctrl Pts',(-23.2716437825881,-61.5393634859544,4.085));
#8503=CARTESIAN_POINT('Ctrl Pts',(-23.3365628053614,-61.5040221555564,4.085));
#8504=CARTESIAN_POINT('Ctrl Pts',(-23.40081118186,-61.4690663671167,4.085));
#8505=CARTESIAN_POINT('Ctrl Pts',(-20.7172134658566,-62.2605075367785,4.585));
#8506=CARTESIAN_POINT('Ctrl Pts',(-21.0530743192854,-62.1060296843774,4.585));
#8507=CARTESIAN_POINT('Ctrl Pts',(-21.5474005186669,-61.8711524585106,4.585));
#8508=CARTESIAN_POINT('Ctrl Pts',(-22.3794762888858,-61.4518411671536,4.585));
#8509=CARTESIAN_POINT('Ctrl Pts',(-22.7391315524706,-61.2597606168798,4.585));
#8510=CARTESIAN_POINT('Ctrl Pts',(-23.0320122493614,-61.1005263094017,4.585));
#8511=CARTESIAN_POINT('Ctrl Pts',(-23.0980439396016,-61.0645810923871,4.585));
#8512=CARTESIAN_POINT('Ctrl Pts',(-23.1618496538677,-61.0298655154104,4.585));
#8513=CARTESIAN_POINT('',(-21.3440111279882,-63.6232711592555,3.085));
#8514=CARTESIAN_POINT('Ctrl Pts',(-23.8787342378445,-62.3474680705295,3.085));
#8515=CARTESIAN_POINT('Ctrl Pts',(-23.8149285235783,-62.3821836475063,3.085));
#8516=CARTESIAN_POINT('Ctrl Pts',(-23.7491450934607,-62.4179944354806,3.085));
#8517=CARTESIAN_POINT('Ctrl Pts',(-23.4536161054538,-62.5786656577009,3.085));
#8518=CARTESIAN_POINT('Ctrl Pts',(-23.0716736494272,-62.7827020577841,3.085));
#8519=CARTESIAN_POINT('Ctrl Pts',(-22.2077575885951,-63.2179718109637,3.085));
#8520=CARTESIAN_POINT('Ctrl Pts',(-21.6919187627638,-63.4632524380933,3.085));
#8521=CARTESIAN_POINT('Ctrl Pts',(-21.3440111279882,-63.6232711592555,3.085));
#8522=CARTESIAN_POINT('',(-21.6947718836385,-61.7949337875124,4.585));
#8523=CARTESIAN_POINT('Ctrl Pts',(-21.3440111279882,-63.6232711592555,3.085));
#8524=CARTESIAN_POINT('Ctrl Pts',(-21.3730067902774,-63.4721315231148,3.21019545647467));
#8525=CARTESIAN_POINT('Ctrl Pts',(-21.4019478842605,-63.3208274805754,3.33529701468512));
#8526=CARTESIAN_POINT('Ctrl Pts',(-21.4308174175247,-63.1694375935731,3.46022227449893));
#8527=CARTESIAN_POINT('Ctrl Pts',(-21.4532566643842,-63.051767695158,3.5573221728002));
#8528=CARTESIAN_POINT('Ctrl Pts',(-21.4756483224823,-62.9340483350957,3.6543155623264));
#8529=CARTESIAN_POINT('Ctrl Pts',(-21.4980014055353,-62.8163073045789,3.75116374998419));
#8530=CARTESIAN_POINT('Ctrl Pts',(-21.5044070004715,-62.7825669320729,3.77891698021982));
#8531=CARTESIAN_POINT('Ctrl Pts',(-21.5108097049239,-62.7488246291069,3.80665828661145));
#8532=CARTESIAN_POINT('Ctrl Pts',(-21.5172104872834,-62.7150806376062,3.83438675861793));
#8533=CARTESIAN_POINT('Ctrl Pts',(-21.5385461715453,-62.6026020204697,3.92681388557878));
#8534=CARTESIAN_POINT('Ctrl Pts',(-21.5598759366941,-62.490005647587,4.01918143664499));
#8535=CARTESIAN_POINT('Ctrl Pts',(-21.5812674153677,-62.3772853994821,4.1114526931128));
#8536=CARTESIAN_POINT('Ctrl Pts',(-21.608621955506,-62.2331433979762,4.22944536800778));
#8537=CARTESIAN_POINT('Ctrl Pts',(-21.6360785117798,-62.0887982354113,4.3472805796746));
#8538=CARTESIAN_POINT('Ctrl Pts',(-21.6638653290288,-61.9441895377204,4.46488154721689));
#8539=CARTESIAN_POINT('Ctrl Pts',(-21.6733325430432,-61.894920077418,4.50494923535996));
#8540=CARTESIAN_POINT('Ctrl Pts',(-21.6828385083013,-61.8456197980743,4.54498973185773));
#8541=CARTESIAN_POINT('Ctrl Pts',(-21.6923921312502,-61.7962863754355,4.585));
#8542=CARTESIAN_POINT('',(-23.0627231189094,-61.0837985352717,4.585));
#8543=CARTESIAN_POINT('Ctrl Pts',(-21.6948425098012,-61.7950768562382,4.585));
#8544=CARTESIAN_POINT('Ctrl Pts',(-21.7013482938212,-61.7918652629391,4.585));
#8545=CARTESIAN_POINT('Ctrl Pts',(-21.8737019805238,-61.7067180497225,4.585));
#8546=CARTESIAN_POINT('Ctrl Pts',(-22.3794762888858,-61.4518411671536,4.585));
#8547=CARTESIAN_POINT('Ctrl Pts',(-22.7391315524706,-61.2597606168798,4.585));
#8548=CARTESIAN_POINT('Ctrl Pts',(-22.9973323984464,-61.1193811608908,4.585));
#8549=CARTESIAN_POINT('Ctrl Pts',(-23.0302907732166,-61.1014514178463,4.585));
#8550=CARTESIAN_POINT('Ctrl Pts',(-23.0627256052288,-61.0838031051282,4.585));
#8551=CARTESIAN_POINT('Ctrl Pts',(-23.0627231189094,-61.0837985352717,4.585));
#8552=CARTESIAN_POINT('Ctrl Pts',(-23.1987220741942,-61.2944056368567,4.33500532689655));
#8553=CARTESIAN_POINT('Ctrl Pts',(-23.334721029479,-61.5050127384416,4.08501065379311));
#8554=CARTESIAN_POINT('Ctrl Pts',(-23.606724735791,-61.9262359168606,3.58501065379313));
#8555=CARTESIAN_POINT('Ctrl Pts',(-23.7427294868172,-62.1368519936954,3.33500532689654));
#8556=CARTESIAN_POINT('Ctrl Pts',(-23.8787342378445,-62.3474680705295,3.085));
#8557=CARTESIAN_POINT('Origin',(-24.9023363963443,-60.6307691568395,3.835));
#8558=CARTESIAN_POINT('',(-36.874179421196,-50.617555891291,4.585));
#8559=CARTESIAN_POINT('',(-24.4493601408892,-60.0330129255917,4.585));
#8560=CARTESIAN_POINT('',(-36.3678658469958,-54.7777025631971,1.57512590786315));
#8561=CARTESIAN_POINT('Ctrl Pts',(-23.8787342378446,-62.3474680705294,1.56));
#8562=CARTESIAN_POINT('Ctrl Pts',(-23.8787342378446,-62.3474680705294,4.8875));
#8563=CARTESIAN_POINT('Ctrl Pts',(-23.8126498812142,-62.383423417099,1.56));
#8564=CARTESIAN_POINT('Ctrl Pts',(-23.8126498812142,-62.383423417099,4.8875));
#8565=CARTESIAN_POINT('Ctrl Pts',(-23.746565524584,-62.4193787636686,1.56));
#8566=CARTESIAN_POINT('Ctrl Pts',(-23.746565524584,-62.4193787636686,4.8875));
#8567=CARTESIAN_POINT('Ctrl Pts',(-23.6804811679535,-62.4553341102383,1.56));
#8568=CARTESIAN_POINT('Ctrl Pts',(-23.6804811679535,-62.4553341102383,4.8875));
#8569=CARTESIAN_POINT('Ctrl Pts',(-22.9331942012464,-62.861919923356,1.56));
#8570=CARTESIAN_POINT('Ctrl Pts',(-22.9331942012464,-62.861919923356,4.8875));
#8571=CARTESIAN_POINT('Ctrl Pts',(-22.1513872348795,-63.2519217572656,1.56));
#8572=CARTESIAN_POINT('Ctrl Pts',(-22.1513872348795,-63.2519217572656,4.8875));
#8573=CARTESIAN_POINT('Ctrl Pts',(-21.3440111279882,-63.6232711592555,1.56));
#8574=CARTESIAN_POINT('Ctrl Pts',(-21.3440111279882,-63.6232711592555,4.8875));
#8575=CARTESIAN_POINT('',(-21.3440111279882,-63.6232711592555,1.56));
#8576=CARTESIAN_POINT('Origin',(-37.0423969474775,-49.2353895466062,1.56));
#8577=CARTESIAN_POINT('',(-37.0423969474775,-49.2353895466062,4.585));
#8578=CARTESIAN_POINT('',(-36.3481864182732,-54.9393994128908,4.585));
#8579=CARTESIAN_POINT('',(-37.0423969474775,-49.2353895466062,1.56));
#8580=CARTESIAN_POINT('Ctrl Pts',(23.9000723853646,-62.3312859799463,3.085));
#8581=CARTESIAN_POINT('Ctrl Pts',(23.8444010831451,-62.3628707697235,3.085));
#8582=CARTESIAN_POINT('Ctrl Pts',(23.7869270282978,-62.3954820505376,3.085));
#8583=CARTESIAN_POINT('Ctrl Pts',(23.5304323806634,-62.540975349076,3.085));
#8584=CARTESIAN_POINT('Ctrl Pts',(23.2009135014832,-62.725414858135,3.085));
#8585=CARTESIAN_POINT('Ctrl Pts',(22.4698528146848,-63.1170347367304,3.085));
#8586=CARTESIAN_POINT('Ctrl Pts',(22.0349320193007,-63.3398305319192,3.085));
#8587=CARTESIAN_POINT('Ctrl Pts',(21.7412375180799,-63.4861508395234,3.085));
#8588=CARTESIAN_POINT('Ctrl Pts',(23.6533431044884,-61.8964013263216,3.585));
#8589=CARTESIAN_POINT('Ctrl Pts',(23.5979950498716,-61.9278031196073,3.585));
#8590=CARTESIAN_POINT('Ctrl Pts',(23.5397072046477,-61.9608751088511,3.585));
#8591=CARTESIAN_POINT('Ctrl Pts',(23.285929974994,-62.1048299349288,3.585));
#8592=CARTESIAN_POINT('Ctrl Pts',(22.9606444986076,-62.2868970942061,3.585));
#8593=CARTESIAN_POINT('Ctrl Pts',(22.2381877439951,-62.673912307551,3.585));
#8594=CARTESIAN_POINT('Ctrl Pts',(21.8085518964647,-62.893996141091,3.585));
#8595=CARTESIAN_POINT('Ctrl Pts',(21.518273319389,-63.0386165211722,3.585));
#8596=CARTESIAN_POINT('Ctrl Pts',(23.4066138236121,-61.4615166726968,4.085));
#8597=CARTESIAN_POINT('Ctrl Pts',(23.3506192737899,-61.4932844589655,4.085));
#8598=CARTESIAN_POINT('Ctrl Pts',(23.2927262070567,-61.5261343232849,4.085));
#8599=CARTESIAN_POINT('Ctrl Pts',(23.0410890661754,-61.6688694807759,4.085));
#8600=CARTESIAN_POINT('Ctrl Pts',(22.7200003490701,-61.8485883904208,4.085));
#8601=CARTESIAN_POINT('Ctrl Pts',(22.006501253107,-62.230802759028,4.085));
#8602=CARTESIAN_POINT('Ctrl Pts',(21.5820601837995,-62.4482230621874,4.085));
#8603=CARTESIAN_POINT('Ctrl Pts',(21.2953091206981,-62.5910822028209,4.085));
#8604=CARTESIAN_POINT('Ctrl Pts',(23.1598845427359,-61.0266320190721,4.585));
#8605=CARTESIAN_POINT('Ctrl Pts',(23.1042132405164,-61.0582168088493,4.585));
#8606=CARTESIAN_POINT('Ctrl Pts',(23.0455063834065,-61.0915273815985,4.585));
#8607=CARTESIAN_POINT('Ctrl Pts',(22.796586660506,-61.2327240666287,4.585));
#8608=CARTESIAN_POINT('Ctrl Pts',(22.4797313461946,-61.410070626492,4.585));
#8609=CARTESIAN_POINT('Ctrl Pts',(21.7748361824173,-61.7876803298486,4.585));
#8610=CARTESIAN_POINT('Ctrl Pts',(21.3556800609635,-62.0023886713593,4.585));
#8611=CARTESIAN_POINT('Ctrl Pts',(21.0723449220073,-62.1435478844696,4.585));
#8612=CARTESIAN_POINT('',(23.0733841926692,-61.0757074899805,4.585));
#8613=CARTESIAN_POINT('',(22.1006530380007,-61.6128515814822,4.585));
#8614=CARTESIAN_POINT('Ctrl Pts',(23.0733846309493,-61.0757082624876,4.585));
#8615=CARTESIAN_POINT('Ctrl Pts',(23.0448659323243,-61.0918882799284,4.585));
#8616=CARTESIAN_POINT('Ctrl Pts',(23.0160555414099,-61.1082330134898,4.585));
#8617=CARTESIAN_POINT('Ctrl Pts',(22.796586660506,-61.2327240666287,4.585));
#8618=CARTESIAN_POINT('Ctrl Pts',(22.5261237856848,-61.3841043915082,4.585));
#8619=CARTESIAN_POINT('Ctrl Pts',(22.1783689823713,-61.5713462144581,4.585));
#8620=CARTESIAN_POINT('Ctrl Pts',(22.1006636751046,-61.6128714903789,4.585));
#8621=CARTESIAN_POINT('',(21.7412375180799,-63.4861508395234,3.085));
#8622=CARTESIAN_POINT('Ctrl Pts',(22.1005196646659,-61.6129484483894,4.585));
#8623=CARTESIAN_POINT('Ctrl Pts',(22.0816705330231,-61.7129148548575,4.50571688689328));
#8624=CARTESIAN_POINT('Ctrl Pts',(22.0621004876328,-61.8132222334051,4.426330687453));
#8625=CARTESIAN_POINT('Ctrl Pts',(22.0426134066791,-61.9134192761969,4.34684863727483));
#8626=CARTESIAN_POINT('Ctrl Pts',(22.0408669468397,-61.9223990773114,4.33972534318461));
#8627=CARTESIAN_POINT('Ctrl Pts',(22.0391211233454,-61.9313780089898,4.33260127922138));
#8628=CARTESIAN_POINT('Ctrl Pts',(22.0373764973325,-61.9403557561566,4.32547645059362));
#8629=CARTESIAN_POINT('Ctrl Pts',(22.0044107395444,-62.1099956883838,4.19084852856867));
#8630=CARTESIAN_POINT('Ctrl Pts',(21.9718679887073,-62.2792152647059,4.0559475878481));
#8631=CARTESIAN_POINT('Ctrl Pts',(21.9395310357762,-62.4481213176529,3.92080876763367));
#8632=CARTESIAN_POINT('Ctrl Pts',(21.9327542111504,-62.4835187993357,3.89248785296111));
#8633=CARTESIAN_POINT('Ctrl Pts',(21.9259865830446,-62.518902421647,3.86415649081427));
#8634=CARTESIAN_POINT('Ctrl Pts',(21.9192263715765,-62.5542730428925,3.83581500461798));
#8635=CARTESIAN_POINT('Ctrl Pts',(21.8877002979933,-62.7192230320069,3.70364520734151));
#8636=CARTESIAN_POINT('Ctrl Pts',(21.8563218583651,-62.8839498804351,3.57120862710475));
#8637=CARTESIAN_POINT('Ctrl Pts',(21.8249239228212,-63.0485266280076,3.4385426646235));
#8638=CARTESIAN_POINT('Ctrl Pts',(21.7970737001737,-63.1945075335389,3.32086688343415));
#8639=CARTESIAN_POINT('Ctrl Pts',(21.7692072054177,-63.3403708394034,3.2030106281161));
#8640=CARTESIAN_POINT('Ctrl Pts',(21.7412375180799,-63.4861508395234,3.085));
#8641=CARTESIAN_POINT('Ctrl Pts',(21.7412375180799,-63.4861508395234,3.085));
#8642=CARTESIAN_POINT('Ctrl Pts',(22.0349320193007,-63.3398305319192,3.085));
#8643=CARTESIAN_POINT('Ctrl Pts',(22.4698528146848,-63.1170347367304,3.085));
#8644=CARTESIAN_POINT('Ctrl Pts',(23.2009135014832,-62.725414858135,3.085));
#8645=CARTESIAN_POINT('Ctrl Pts',(23.5304323806634,-62.540975349076,3.085));
#8646=CARTESIAN_POINT('Ctrl Pts',(23.7869270282978,-62.3954820505376,3.085));
#8647=CARTESIAN_POINT('Ctrl Pts',(23.8444010831451,-62.3628707697235,3.085));
#8648=CARTESIAN_POINT('Ctrl Pts',(23.9000723853646,-62.3312859799463,3.085));
#8649=CARTESIAN_POINT('Ctrl Pts',(23.9000723853646,-62.3312859799463,3.085));
#8650=CARTESIAN_POINT('Ctrl Pts',(23.7622933349645,-62.1220264143945,3.33499579941537));
#8651=CARTESIAN_POINT('Ctrl Pts',(23.6245142845642,-61.9127668488428,3.58499159883075));
#8652=CARTESIAN_POINT('Ctrl Pts',(23.3489515536657,-61.4942406855209,4.08499159883074));
#8653=CARTESIAN_POINT('Ctrl Pts',(23.2111678731676,-61.2849740877506,4.33499579941538));
#8654=CARTESIAN_POINT('Ctrl Pts',(23.0733841926693,-61.0757074899805,4.585));
#8655=CARTESIAN_POINT('Origin',(17.4570548165635,-66.2727473207381,3.835));
#8656=CARTESIAN_POINT('',(37.2834152368211,-50.3074307385118,4.585));
#8657=CARTESIAN_POINT('',(36.3651044947657,-57.8527633929231,-0.874063039854758));
#8658=CARTESIAN_POINT('',(17.0040786560693,-65.6749910175297,4.585));
#8659=CARTESIAN_POINT('Origin',(0.204617968420273,-56.2792139145299,4.585));
#8660=CARTESIAN_POINT('',(37.4516328843181,-48.9252644950174,4.585));
#8661=CARTESIAN_POINT('',(36.5285529940641,-56.5097830240881,4.585));
#8662=CARTESIAN_POINT('',(22.5222587308942,-60.2386551633243,4.585));
#8663=CARTESIAN_POINT('',(23.8515868307729,-59.2312982596971,4.585));
#8664=CARTESIAN_POINT('',(22.3451085972209,-60.338731816675,4.585));
#8665=CARTESIAN_POINT('Ctrl Pts',(22.3451085972209,-60.338731816675,4.585));
#8666=CARTESIAN_POINT('Ctrl Pts',(22.4083428153119,-60.3032211336106,4.585));
#8667=CARTESIAN_POINT('Ctrl Pts',(22.467364826952,-60.2697989007068,4.585));
#8668=CARTESIAN_POINT('Ctrl Pts',(22.5222587308942,-60.2386551633243,4.585));
#8669=CARTESIAN_POINT('',(22.3276761343429,-60.4295910533111,4.585));
#8670=CARTESIAN_POINT('Origin',(37.0310887655891,-52.3806801036423,1.56));
#8671=CARTESIAN_POINT('',(37.4516328843181,-48.9252644950174,1.56));
#8672=CARTESIAN_POINT('Origin',(45.8208064616887,55.9541891034483,3.085));
#8673=CARTESIAN_POINT('',(41.3641172510436,58.3836035714351,4.585));
#8674=CARTESIAN_POINT('',(63.0851880990516,36.059726856826,4.585));
#8675=CARTESIAN_POINT('',(44.7457306150369,54.9081432517067,4.585));
#8676=CARTESIAN_POINT('',(64.1568007248352,39.2602893785154,1.585));
#8677=CARTESIAN_POINT('',(64.1798153723836,39.3290267343667,1.52057005490238));
#8678=CARTESIAN_POINT('',(45.4637869520178,58.4720740004111,1.585));
#8679=CARTESIAN_POINT('',(46.8958823083406,57.0002349551899,1.585));
#8680=CARTESIAN_POINT('',(41.3687629416957,58.3887839160495,4.5780577681296));
#8681=CARTESIAN_POINT('',(45.4637869520178,58.4720740004111,1.585));
#8682=CARTESIAN_POINT('',(42.8176529340043,60.0044208644447,2.41292645947905));
#8683=CARTESIAN_POINT('Origin',(43.4162749468567,58.4304289582303,1.56));
#8684=CARTESIAN_POINT('',(41.3687629416957,58.3887839160495,1.56));
#8685=CARTESIAN_POINT('',(45.4637869520178,58.4720740004111,1.56));
#8686=CARTESIAN_POINT('Origin',(0.138189138960656,46.0398995553138,4.585));
#8687=CARTESIAN_POINT('',(38.352750254807,55.0256703880155,4.585));
#8688=CARTESIAN_POINT('',(30.1119982333832,45.8365231656233,4.585));
#8689=CARTESIAN_POINT('',(61.4777691603761,31.2588830742918,4.585));
#8690=CARTESIAN_POINT('',(31.3061674566968,62.267810830586,4.585));
#8691=CARTESIAN_POINT('',(60.6111863897807,28.6706788381935,4.585));
#8692=CARTESIAN_POINT('Origin',(43.3716952485346,60.6222256937149,1.56));
#8693=CARTESIAN_POINT('',(40.0257319193828,56.8911888232486,-0.390183491524249));
#8694=CARTESIAN_POINT('',(40.0257319193828,56.8911888232487,0.755));
#8695=CARTESIAN_POINT('',(40.0140512823089,56.8781639083568,1.56));
#8696=CARTESIAN_POINT('Ctrl Pts',(40.0140512823087,56.8781639083566,1.56000000003598));
#8697=CARTESIAN_POINT('Ctrl Pts',(40.0179448280001,56.8825055466539,0.909938836182573));
#8698=CARTESIAN_POINT('Ctrl Pts',(40.0218383736914,56.8868471849513,0.259877672329162));
#8699=CARTESIAN_POINT('Ctrl Pts',(40.0257319193828,56.8911888232486,-0.390183491524249));
#8700=CARTESIAN_POINT('',(38.352750254807,55.0256703880155,1.56));
#8701=CARTESIAN_POINT('',(18.748728291324,33.1654999199407,1.56));
#8702=CARTESIAN_POINT('',(38.352750254807,55.0256703880155,1.56));
#8703=CARTESIAN_POINT('Origin',(-35.2644051784891,66.8035751689396,3.085));
#8704=CARTESIAN_POINT('',(-34.1893291944742,65.7575294583732,4.585));
#8705=CARTESIAN_POINT('Ctrl Pts',(-39.7934487018895,57.0132219674454,1.56000000003599));
#8706=CARTESIAN_POINT('Ctrl Pts',(-39.8074374154372,57.0407339759234,-1.97667935895462));
#8707=CARTESIAN_POINT('Ctrl Pts',(-39.8214261289849,57.0682459844014,-5.51335871794523));
#8708=CARTESIAN_POINT('Ctrl Pts',(-39.8354148425326,57.0957579928794,-9.05003807693583));
#8709=CARTESIAN_POINT('Ctrl Pts',(-39.632271293703,57.0951739846993,1.56000000003599));
#8710=CARTESIAN_POINT('Ctrl Pts',(-39.6462600072507,57.1226859931773,-1.97667935895462));
#8711=CARTESIAN_POINT('Ctrl Pts',(-39.6602487207984,57.1501980016553,-5.51335871794523));
#8712=CARTESIAN_POINT('Ctrl Pts',(-39.674237434346,57.1777100101333,-9.05003807693583));
#8713=CARTESIAN_POINT('Ctrl Pts',(-39.4710938855163,57.1771260019533,1.56000000003598));
#8714=CARTESIAN_POINT('Ctrl Pts',(-39.485082599064,57.2046380104313,-1.97667935895462));
#8715=CARTESIAN_POINT('Ctrl Pts',(-39.4990713126116,57.2321500189093,-5.51335871794523));
#8716=CARTESIAN_POINT('Ctrl Pts',(-39.5130600261593,57.2596620273873,-9.05003807693583));
#8717=CARTESIAN_POINT('Ctrl Pts',(-39.3099164773296,57.2590780192072,1.56000000003598));
#8718=CARTESIAN_POINT('Ctrl Pts',(-39.3239051908773,57.2865900276852,-1.97667935895462));
#8719=CARTESIAN_POINT('Ctrl Pts',(-39.337893904425,57.3141020361633,-5.51335871794523));
#8720=CARTESIAN_POINT('Ctrl Pts',(-39.3518826179726,57.3416140446413,-9.05003807693583));
#8721=CARTESIAN_POINT('Ctrl Pts',(-35.7750771574763,59.0563969871057,1.56000000003598));
#8722=CARTESIAN_POINT('Ctrl Pts',(-35.7885092575648,59.0841914621294,-1.97667935895463));
#8723=CARTESIAN_POINT('Ctrl Pts',(-35.8019444369317,59.1119860163027,-5.51335871794522));
#8724=CARTESIAN_POINT('Ctrl Pts',(-35.8153765370203,59.1397804913265,-9.05003807693583));
#8725=CARTESIAN_POINT('Ctrl Pts',(-28.927527199176,62.2734432087394,1.56000000003598));
#8726=CARTESIAN_POINT('Ctrl Pts',(-28.9397313657469,62.3018246106316,-1.97667935895462));
#8727=CARTESIAN_POINT('Ctrl Pts',(-28.9519325898546,62.3302068197316,-5.51335871794523));
#8728=CARTESIAN_POINT('Ctrl Pts',(-28.9641367564255,62.3585882216237,-9.05003807693583));
#8729=CARTESIAN_POINT('Ctrl Pts',(-19.1271000122306,65.9713909418168,1.56000000003598));
#8730=CARTESIAN_POINT('Ctrl Pts',(-19.1366182596837,66.0008162911031,-1.97667935895463));
#8731=CARTESIAN_POINT('Ctrl Pts',(-19.1461376999085,66.0302406590606,-5.51335871794522));
#8732=CARTESIAN_POINT('Ctrl Pts',(-19.1556559473617,66.059666008347,-9.05003807693583));
#8733=CARTESIAN_POINT('Ctrl Pts',(-9.38149645387086,68.4395018792548,1.56000000003598));
#8734=CARTESIAN_POINT('Ctrl Pts',(-9.38693175503175,68.4700190643927,-1.97667935895462));
#8735=CARTESIAN_POINT('Ctrl Pts',(-9.3923594666705,68.5005348244586,-5.51335871794523));
#8736=CARTESIAN_POINT('Ctrl Pts',(-9.39779476783139,68.5310520095964,-9.05003807693583));
#8737=CARTESIAN_POINT('Ctrl Pts',(0.822879694591431,69.3646425877263,1.56000000003599));
#8738=CARTESIAN_POINT('Ctrl Pts',(0.823063979898583,69.3957090980559,-1.97667935895463));
#8739=CARTESIAN_POINT('Ctrl Pts',(0.823236874910315,69.4267768635983,-5.51335871794522));
#8740=CARTESIAN_POINT('Ctrl Pts',(0.823421160217467,69.4578433739278,-9.05003807693583));
#8741=CARTESIAN_POINT('Ctrl Pts',(11.9757583934676,68.2516282928274,1.56000000003598));
#8742=CARTESIAN_POINT('Ctrl Pts',(11.9820628815132,68.2820350799817,-1.97667935895461));
#8743=CARTESIAN_POINT('Ctrl Pts',(11.9883786760606,68.312440031263,-5.51335871794524));
#8744=CARTESIAN_POINT('Ctrl Pts',(11.9946831641063,68.3428468184173,-9.05003807693584));
#8745=CARTESIAN_POINT('Ctrl Pts',(24.5449344146891,64.5553694338563,1.56000000003599));
#8746=CARTESIAN_POINT('Ctrl Pts',(24.55634185145,64.5841729942331,-1.97667935895463));
#8747=CARTESIAN_POINT('Ctrl Pts',(24.5677402418782,64.6129772722757,-5.51335871794521));
#8748=CARTESIAN_POINT('Ctrl Pts',(24.5791476786391,64.6417808326525,-9.05003807693583));
#8749=CARTESIAN_POINT('Ctrl Pts',(34.1923917348139,60.0371274904914,1.56000000003598));
#8750=CARTESIAN_POINT('Ctrl Pts',(34.2061557066361,60.0647722461578,-1.97667935895462));
#8751=CARTESIAN_POINT('Ctrl Pts',(34.2199239383111,60.0924200433781,-5.51335871794523));
#8752=CARTESIAN_POINT('Ctrl Pts',(34.2336879101334,60.1200647990445,-9.05003807693583));
#8753=CARTESIAN_POINT('Ctrl Pts',(39.3785994260548,57.2229743967971,1.56000000003598));
#8754=CARTESIAN_POINT('Ctrl Pts',(39.393319536587,57.2501021144145,-1.97667935895462));
#8755=CARTESIAN_POINT('Ctrl Pts',(39.4080396471192,57.277229832032,-5.51335871794523));
#8756=CARTESIAN_POINT('Ctrl Pts',(39.4227597576515,57.3043575496494,-9.05003807693583));
#8757=CARTESIAN_POINT('Ctrl Pts',(39.5916046196965,57.1073929815614,1.56000000003598));
#8758=CARTESIAN_POINT('Ctrl Pts',(39.6063247302287,57.1345206991788,-1.97667935895462));
#8759=CARTESIAN_POINT('Ctrl Pts',(39.621044840761,57.1616484167963,-5.51335871794523));
#8760=CARTESIAN_POINT('Ctrl Pts',(39.6357649512932,57.1887761344138,-9.05003807693583));
#8761=CARTESIAN_POINT('Ctrl Pts',(39.8046098133382,56.9918115663257,1.56000000003599));
#8762=CARTESIAN_POINT('Ctrl Pts',(39.8193299238704,57.0189392839432,-1.97667935895462));
#8763=CARTESIAN_POINT('Ctrl Pts',(39.8340500344026,57.0460670015606,-5.51335871794523));
#8764=CARTESIAN_POINT('Ctrl Pts',(39.8487701449348,57.0731947191781,-9.05003807693583));
#8765=CARTESIAN_POINT('Ctrl Pts',(40.0176150069799,56.87623015109,1.56000000003599));
#8766=CARTESIAN_POINT('Ctrl Pts',(40.0323351175121,56.9033578687075,-1.97667935895462));
#8767=CARTESIAN_POINT('Ctrl Pts',(40.0470552280443,56.9304855863249,-5.51335871794523));
#8768=CARTESIAN_POINT('Ctrl Pts',(40.0617753385765,56.9576133039424,-9.05003807693583));
#8769=CARTESIAN_POINT('Ctrl Pts',(-39.8181804589787,57.1045205882742,-9.05));
#8770=CARTESIAN_POINT('Ctrl Pts',(-39.8229289670593,57.0996402977231,-8.79812779476657));
#8771=CARTESIAN_POINT('Ctrl Pts',(-39.8276774751398,57.094760007172,-8.54625558953313));
#8772=CARTESIAN_POINT('Ctrl Pts',(-39.8324259832204,57.0898797166208,-8.2943833842997));
#8773=CARTESIAN_POINT('',(-22.2766880620764,64.7145975677073,1.56));
#8774=CARTESIAN_POINT('Ctrl Pts',(-39.7730028497637,57.0236178339945,1.56));
#8775=CARTESIAN_POINT('Ctrl Pts',(-39.6186407256191,57.1021045623988,1.56));
#8776=CARTESIAN_POINT('Ctrl Pts',(-39.4642786014744,57.1805912908032,1.56));
#8777=CARTESIAN_POINT('Ctrl Pts',(-39.3099164773297,57.2590780192075,1.56));
#8778=CARTESIAN_POINT('Ctrl Pts',(-35.7750771574764,59.0563969871059,1.56));
#8779=CARTESIAN_POINT('Ctrl Pts',(-32.3513021783262,60.6649200979228,1.56));
#8780=CARTESIAN_POINT('Ctrl Pts',(-29.0060101575936,62.0855062755108,1.56));
#8781=CARTESIAN_POINT('Ctrl Pts',(-26.733977447302,63.0503303456562,1.56));
#8782=CARTESIAN_POINT('Ctrl Pts',(-24.4981470613811,63.9284635729082,1.56));
#8783=CARTESIAN_POINT('Ctrl Pts',(-22.2767939345675,64.7145688509849,1.56));
#8784=CARTESIAN_POINT('',(-22.2860309905122,64.7495739983531,-2.57539639223963));
#8785=CARTESIAN_POINT('Ctrl Pts',(-22.2860309905122,64.7495739983531,-2.57539639223963));
#8786=CARTESIAN_POINT('Ctrl Pts',(-22.2829166818961,64.737915202063,-1.19693092804311));
#8787=CARTESIAN_POINT('Ctrl Pts',(-22.279802372418,64.7262563918521,0.181534536036799));
#8788=CARTESIAN_POINT('Ctrl Pts',(-22.2766880620764,64.7145975677073,1.56));
#8789=CARTESIAN_POINT('',(-13.5546686996331,67.3520263805215,-2.57539639223963));
#8790=CARTESIAN_POINT('Ctrl Pts',(-13.5546686996331,67.3520263805215,-2.57539639223963));
#8791=CARTESIAN_POINT('Ctrl Pts',(-13.5561928779557,67.3577054212593,-3.24888836447111));
#8792=CARTESIAN_POINT('Ctrl Pts',(-13.8633490877239,67.2980518359632,-4.59525382205164));
#8793=CARTESIAN_POINT('Ctrl Pts',(-15.138124958562,66.9969949838186,-6.21528521034446));
#8794=CARTESIAN_POINT('Ctrl Pts',(-16.9659431645111,66.5083108690286,-7.1131737210019));
#8795=CARTESIAN_POINT('Ctrl Pts',(-18.974280429693,65.905669101201,-7.11205852184113));
#8796=CARTESIAN_POINT('Ctrl Pts',(-20.766020684396,65.3123756955537,-6.21289307291027));
#8797=CARTESIAN_POINT('Ctrl Pts',(-21.688860343183,64.981824219708,-4.99955125676931));
#8798=CARTESIAN_POINT('Ctrl Pts',(-22.1789906170725,64.7985790937133,-3.75366177306058));
#8799=CARTESIAN_POINT('Ctrl Pts',(-22.2871721841871,64.7538461968483,-3.08051526861375));
#8800=CARTESIAN_POINT('Ctrl Pts',(-22.2860309905122,64.749573998353,-2.57539639223963));
#8801=CARTESIAN_POINT('',(-13.5453098828361,67.3171557518604,1.56));
#8802=CARTESIAN_POINT('Ctrl Pts',(-13.5453098828361,67.3171557518604,1.56));
#8803=CARTESIAN_POINT('Ctrl Pts',(-13.548429491627,67.328779296674,0.181534535942616));
#8804=CARTESIAN_POINT('Ctrl Pts',(-13.5515490972243,67.34040283956,-1.19693092813727));
#8805=CARTESIAN_POINT('Ctrl Pts',(-13.5546686996331,67.3520263805215,-2.57539639223963));
#8806=CARTESIAN_POINT('',(-5.50340732697249,68.7082893200614,1.56));
#8807=CARTESIAN_POINT('Ctrl Pts',(-13.5453174119711,67.317460100338,1.56));
#8808=CARTESIAN_POINT('Ctrl Pts',(-12.1414440547464,67.650262423194,1.56));
#8809=CARTESIAN_POINT('Ctrl Pts',(-10.7302635074479,67.9399258343305,1.56));
#8810=CARTESIAN_POINT('Ctrl Pts',(-9.30503435552049,68.1823401744274,1.56));
#8811=CARTESIAN_POINT('Ctrl Pts',(-8.05014088502444,68.3957824634311,1.56));
#8812=CARTESIAN_POINT('Ctrl Pts',(-6.7843561698312,68.5725946950018,1.56));
#8813=CARTESIAN_POINT('Ctrl Pts',(-5.50329235382019,68.7083401392694,1.56));
#8814=CARTESIAN_POINT('',(-5.50335639315064,68.7364036514458,-1.64306946450163));
#8815=CARTESIAN_POINT('Ctrl Pts',(-5.50335639315064,68.7364036514459,-1.64306946450163));
#8816=CARTESIAN_POINT('Ctrl Pts',(-5.50337336328111,68.7270322343103,-0.575379642778244));
#8817=CARTESIAN_POINT('Ctrl Pts',(-5.5033903412184,68.7176607905283,0.492310178722404));
#8818=CARTESIAN_POINT('Ctrl Pts',(-5.50340732697249,68.7082893200614,1.56));
#8819=CARTESIAN_POINT('',(5.48646507048981,68.8335929155084,-1.64306946450163));
#8820=CARTESIAN_POINT('Ctrl Pts',(5.48646507048981,68.8335929155084,-1.64306946450163));
#8821=CARTESIAN_POINT('Ctrl Pts',(5.48645410952569,68.8406742965291,-2.45124377576811));
#8822=CARTESIAN_POINT('Ctrl Pts',(5.11041740957528,68.8899765814603,-4.06652728997741));
#8823=CARTESIAN_POINT('Ctrl Pts',(3.53513921893752,69.0224148469258,-6.0077563770175));
#8824=CARTESIAN_POINT('Ctrl Pts',(1.25587359833469,69.1163659132956,-7.08721930731124));
#8825=CARTESIAN_POINT('Ctrl Pts',(-1.27664294330421,69.093098013629,-7.08486126518734));
#8826=CARTESIAN_POINT('Ctrl Pts',(-3.55375000513101,68.9593415882394,-6.00706596044993));
#8827=CARTESIAN_POINT('Ctrl Pts',(-5.12740236578003,68.7992267787163,-4.06632463626177));
#8828=CARTESIAN_POINT('Ctrl Pts',(-5.50334354782659,68.743497226251,-2.45124367226131));
#8829=CARTESIAN_POINT('Ctrl Pts',(-5.50335639315064,68.7364036514459,-1.64306946450162));
#8830=CARTESIAN_POINT('',(5.48650853329401,68.8055269388277,1.56));
#8831=CARTESIAN_POINT('Ctrl Pts',(5.486508533294,68.8055269388277,1.56));
#8832=CARTESIAN_POINT('Ctrl Pts',(5.48649403876339,68.8148822833935,0.492310178657799));
#8833=CARTESIAN_POINT('Ctrl Pts',(5.48647955116517,68.8242376089443,-0.575379642842822));
#8834=CARTESIAN_POINT('Ctrl Pts',(5.48646507048982,68.8335929155084,-1.64306946450163));
#8835=CARTESIAN_POINT('Ctrl Pts',(5.48648612253728,68.8051470012761,1.56000000000023));
#8836=CARTESIAN_POINT('Ctrl Pts',(7.65761585938416,68.6128749570275,1.56000000000023));
#8837=CARTESIAN_POINT('Ctrl Pts',(9.89415469975219,68.290955242784,1.56000000000023));
#8838=CARTESIAN_POINT('Ctrl Pts',(12.2118079471919,67.821087532149,1.56000000000023));
#8839=CARTESIAN_POINT('Ctrl Pts',(16.1654837338748,67.019542006504,1.56000000000023));
#8840=CARTESIAN_POINT('Ctrl Pts',(20.355209074282,65.7874557201803,1.56000000000023));
#8841=CARTESIAN_POINT('Ctrl Pts',(24.8619360745168,64.0418520911772,1.56000000000023));
#8842=CARTESIAN_POINT('Ctrl Pts',(29.3686630747516,62.2962484621741,1.56000000000023));
#8843=CARTESIAN_POINT('Ctrl Pts',(34.192391734814,60.0371274904917,1.56000000000023));
#8844=CARTESIAN_POINT('Ctrl Pts',(39.378599426055,57.2229743967973,1.56000000000023));
#8845=CARTESIAN_POINT('Ctrl Pts',(39.590416711473,57.1080375673171,1.56000000000023));
#8846=CARTESIAN_POINT('Ctrl Pts',(39.8022339968909,56.993100737837,1.56000000000023));
#8847=CARTESIAN_POINT('Ctrl Pts',(40.0140512823089,56.8781639083568,1.56000000000023));
#8848=CARTESIAN_POINT('Ctrl Pts',(40.0257319193828,56.8911888232486,-0.390183491524249));
#8849=CARTESIAN_POINT('Ctrl Pts',(40.0192359931584,56.8978650252276,-0.707578166158201));
#8850=CARTESIAN_POINT('Ctrl Pts',(40.012740066934,56.9045412272065,-1.02497284079215));
#8851=CARTESIAN_POINT('Ctrl Pts',(39.9536616453856,56.9652592004764,-3.9115783436174));
#8852=CARTESIAN_POINT('Ctrl Pts',(39.9010791500615,57.0193009717673,-6.4807891718087));
#8853=CARTESIAN_POINT('Ctrl Pts',(39.8484966547374,57.0733427430582,-9.05));
#8854=CARTESIAN_POINT('Origin',(-40.1462839680297,56.7673114211329,-0.05));
#8855=CARTESIAN_POINT('Origin',(63.2916386933037,32.9796037034832,-0.05));
#8856=CARTESIAN_POINT('Origin',(61.4777691603761,31.2588830742918,1.56));
#8857=CARTESIAN_POINT('',(64.1568007248352,39.2602893785154,1.56));
#8858=CARTESIAN_POINT('',(61.4777691603761,31.2588830742918,1.56));
#8859=CARTESIAN_POINT('',(62.3707796818625,33.926018509033,0.755));
#8860=CARTESIAN_POINT('Origin',(64.1568007248352,39.2602893785154,1.56));
#8861=CARTESIAN_POINT('Ctrl Pts',(-38.2966646020417,55.0833327744411,1.56));
#8862=CARTESIAN_POINT('Ctrl Pts',(-38.2966646020417,55.0833327744411,4.8875));
#8863=CARTESIAN_POINT('Ctrl Pts',(-38.2416770803092,55.1112916452313,1.56));
#8864=CARTESIAN_POINT('Ctrl Pts',(-38.2416770803092,55.1112916452313,4.8875));
#8865=CARTESIAN_POINT('Ctrl Pts',(-38.1812425527603,55.1420295617649,1.56));
#8866=CARTESIAN_POINT('Ctrl Pts',(-38.1812425527603,55.1420295617649,4.8875));
#8867=CARTESIAN_POINT('Ctrl Pts',(-38.1155279448804,55.1753913727035,1.56));
#8868=CARTESIAN_POINT('Ctrl Pts',(-38.1155279448804,55.1753913727035,4.8875));
#8869=CARTESIAN_POINT('',(-38.2966646020417,55.0833327744411,4.585));
#8870=CARTESIAN_POINT('Ctrl Pts',(-38.1155279448804,55.1753913727035,4.585));
#8871=CARTESIAN_POINT('Ctrl Pts',(-38.1812425527603,55.1420295617649,4.585));
#8872=CARTESIAN_POINT('Ctrl Pts',(-38.2416770803092,55.1112916452313,4.585));
#8873=CARTESIAN_POINT('Ctrl Pts',(-38.2966646020417,55.0833327744411,4.585));
#8874=CARTESIAN_POINT('',(-38.2966646020416,55.0833327744412,1.56));
#8875=CARTESIAN_POINT('',(-38.2966646020417,55.0833327744411,1.56));
#8876=CARTESIAN_POINT('Ctrl Pts',(-38.2966646020417,55.0833327744411,1.56));
#8877=CARTESIAN_POINT('Ctrl Pts',(-38.2416770803092,55.1112916452313,1.56));
#8878=CARTESIAN_POINT('Ctrl Pts',(-38.1812425527603,55.1420295617649,1.56));
#8879=CARTESIAN_POINT('Ctrl Pts',(-38.1155279448804,55.1753913727035,1.56));
#8880=CARTESIAN_POINT('Origin',(0.138189138960656,46.0398995553138,4.585));
#8881=CARTESIAN_POINT('',(-42.6632899994506,50.5955230654357,4.585));
#8882=CARTESIAN_POINT('Origin',(0.,0.440804987693415,1.56));
#8883=CARTESIAN_POINT('',(-23.5592461822663,61.6904580362773,1.56));
#8884=CARTESIAN_POINT('Ctrl Pts',(-38.1155292479053,55.175391531583,1.56));
#8885=CARTESIAN_POINT('Ctrl Pts',(-34.4831686618574,57.0195134141749,1.56));
#8886=CARTESIAN_POINT('Ctrl Pts',(-30.9759707312947,58.6584638750772,1.56));
#8887=CARTESIAN_POINT('Ctrl Pts',(-27.5640165973824,60.0907512385378,1.56));
#8888=CARTESIAN_POINT('Ctrl Pts',(-26.2160716848705,60.6565983716052,1.56));
#8889=CARTESIAN_POINT('Ctrl Pts',(-24.88360976077,61.191440556304,1.56));
#8890=CARTESIAN_POINT('Ctrl Pts',(-23.5615297944519,61.6931333839894,1.56));
#8891=CARTESIAN_POINT('',(-23.685696538428,62.162377190107,1.56));
#8892=CARTESIAN_POINT('',(-13.5983834305273,24.5160121596386,1.56));
#8893=CARTESIAN_POINT('',(-22.2254176362456,62.5536577426717,1.56));
#8894=CARTESIAN_POINT('',(-20.3513652019865,63.055808579006,1.56));
#8895=CARTESIAN_POINT('',(-22.4842366813486,63.5195835689606,1.56));
#8896=CARTESIAN_POINT('',(-13.7169007034731,30.7994402525659,1.56));
#8897=CARTESIAN_POINT('',(-20.9501455220352,63.9306420562152,1.56));
#8898=CARTESIAN_POINT('',(-19.8800447959982,64.2173746815773,1.56));
#8899=CARTESIAN_POINT('',(-20.9769644146406,64.0307315260208,1.56));
#8900=CARTESIAN_POINT('',(-12.3122190667113,31.6934616529649,1.56));
#8901=CARTESIAN_POINT('Ctrl Pts',(-22.2766880620764,64.7145975677073,1.56));
#8902=CARTESIAN_POINT('Ctrl Pts',(-22.23537283204,64.7292272638435,1.55999999999977));
#8903=CARTESIAN_POINT('Ctrl Pts',(-22.1931755108655,64.7409865014011,1.55999897411552));
#8904=CARTESIAN_POINT('Ctrl Pts',(-22.1504117656618,64.7499364459562,1.55999786832735));
#8905=CARTESIAN_POINT('Ctrl Pts',(-22.106791845908,64.7590655776877,1.55999674040016));
#8906=CARTESIAN_POINT('Ctrl Pts',(-22.0625814365652,64.7652719504233,1.55999552798292));
#8907=CARTESIAN_POINT('Ctrl Pts',(-22.0180991032136,64.7685688833484,1.55999476150555));
#8908=CARTESIAN_POINT('Ctrl Pts',(-21.9766332974699,64.7716422378674,1.55999404700613));
#8909=CARTESIAN_POINT('Ctrl Pts',(-21.9349302386994,64.7721868945979,1.55999371378338));
#8910=CARTESIAN_POINT('Ctrl Pts',(-21.8932491908856,64.7701728736114,1.55999384952981));
#8911=CARTESIAN_POINT('Ctrl Pts',(-21.8485670979205,64.7680138426448,1.55999399505002));
#8912=CARTESIAN_POINT('Ctrl Pts',(-21.804200438396,64.7629289364798,1.55999467458745));
#8913=CARTESIAN_POINT('Ctrl Pts',(-21.7604647373758,64.7549446216751,1.55999555964826));
#8914=CARTESIAN_POINT('Ctrl Pts',(-21.717299942679,64.7470645305527,1.55999643315589));
#8915=CARTESIAN_POINT('Ctrl Pts',(-21.6747485721329,64.736360104447,1.55999750312908));
#8916=CARTESIAN_POINT('Ctrl Pts',(-21.6331189893801,64.7228071830576,1.55999804574787));
#8917=CARTESIAN_POINT('Ctrl Pts',(-21.6166710532737,64.7174523951801,1.5599982601377));
#8918=CARTESIAN_POINT('Ctrl Pts',(-21.6003671636659,64.7116524012233,1.55999838798058));
#8919=CARTESIAN_POINT('Ctrl Pts',(-21.5842271696403,64.7054035933561,1.55999836860715));
#8920=CARTESIAN_POINT('Ctrl Pts',(-21.5619699587466,64.696786425697,1.55999834189099));
#8921=CARTESIAN_POINT('Ctrl Pts',(-21.540024316344,64.6873158683056,1.55999803586816));
#8922=CARTESIAN_POINT('Ctrl Pts',(-21.5184214647717,64.6770233221067,1.55999758975636));
#8923=CARTESIAN_POINT('Ctrl Pts',(-21.478868967027,64.6581787770264,1.55999677297364));
#8924=CARTESIAN_POINT('Ctrl Pts',(-21.4407165338339,64.6367020549258,1.55999549474429));
#8925=CARTESIAN_POINT('Ctrl Pts',(-21.4041230431298,64.6128517083246,1.55999435344481));
#8926=CARTESIAN_POINT('Ctrl Pts',(-21.3667112222913,64.5884680030039,1.55999318662276));
#8927=CARTESIAN_POINT('Ctrl Pts',(-21.3309279642523,64.5616026417587,1.5599921551462));
#8928=CARTESIAN_POINT('Ctrl Pts',(-21.2969680933732,64.5324834646575,1.55999154552508));
#8929=CARTESIAN_POINT('Ctrl Pts',(-21.2658056586825,64.5057629727601,1.55999098612135));
#8930=CARTESIAN_POINT('Ctrl Pts',(-21.2361783710859,64.4771436473524,1.55999077267045));
#8931=CARTESIAN_POINT('Ctrl Pts',(-21.2082644500841,64.4467746265527,1.55999096175209));
#8932=CARTESIAN_POINT('Ctrl Pts',(-21.1779859525434,64.4138330587402,1.55999116685075));
#8933=CARTESIAN_POINT('Ctrl Pts',(-21.14988235943,64.3790067213721,1.55999183238496));
#8934=CARTESIAN_POINT('Ctrl Pts',(-21.1241522446076,64.3425152512116,1.55999279349298));
#8935=CARTESIAN_POINT('Ctrl Pts',(-21.1037326069093,64.3135553105001,1.55999355623648));
#8936=CARTESIAN_POINT('Ctrl Pts',(-21.0848082800859,64.2835456738891,1.55999449796658));
#8937=CARTESIAN_POINT('Ctrl Pts',(-21.0674977218874,64.25258274104,1.55999546665407));
#8938=CARTESIAN_POINT('Ctrl Pts',(-21.0460099794394,64.2141481903536,1.55999666909407));
#8939=CARTESIAN_POINT('Ctrl Pts',(-21.0270929224226,64.1743980208694,1.55999790585822));
#8940=CARTESIAN_POINT('Ctrl Pts',(-21.0109527567755,64.1335278163905,1.55999879047056));
#8941=CARTESIAN_POINT('Ctrl Pts',(-20.9977061932588,64.0999848050355,1.55999951648997));
#8942=CARTESIAN_POINT('Ctrl Pts',(-20.9863305973566,64.0656865957899,1.56));
#8943=CARTESIAN_POINT('Ctrl Pts',(-20.9769644146406,64.0307315260208,1.56));
#8944=CARTESIAN_POINT('Ctrl Pts',(21.7412375188676,-63.486150839131,1.56));
#8945=CARTESIAN_POINT('Ctrl Pts',(21.7412375188676,-63.486150839131,4.8875));
#8946=CARTESIAN_POINT('Ctrl Pts',(22.4112428934362,-63.1523502671048,1.56));
#8947=CARTESIAN_POINT('Ctrl Pts',(22.4112428934362,-63.1523502671048,4.8875));
#8948=CARTESIAN_POINT('Ctrl Pts',(23.0741976858764,-62.7998411910815,1.56));
#8949=CARTESIAN_POINT('Ctrl Pts',(23.0741976858764,-62.7998411910815,4.8875));
#8950=CARTESIAN_POINT('Ctrl Pts',(23.7270716852573,-62.4294369217484,1.56));
#8951=CARTESIAN_POINT('Ctrl Pts',(23.7270716852573,-62.4294369217484,4.8875));
#8952=CARTESIAN_POINT('Ctrl Pts',(23.784738585293,-62.3967199411477,1.56));
#8953=CARTESIAN_POINT('Ctrl Pts',(23.784738585293,-62.3967199411477,4.8875));
#8954=CARTESIAN_POINT('Ctrl Pts',(23.8424054853286,-62.3640029605471,1.56));
#8955=CARTESIAN_POINT('Ctrl Pts',(23.8424054853286,-62.3640029605471,4.8875));
#8956=CARTESIAN_POINT('Ctrl Pts',(23.9000723853642,-62.3312859799465,1.56));
#8957=CARTESIAN_POINT('Ctrl Pts',(23.9000723853642,-62.3312859799465,4.8875));
#8958=CARTESIAN_POINT('',(21.7412375180799,-63.4861508395234,1.56));
#8959=CARTESIAN_POINT('Origin',(22.3451085972209,-60.338731816675,1.56));
#8960=CARTESIAN_POINT('',(22.3451085972209,-60.338731816675,1.56));
#8961=CARTESIAN_POINT('Ctrl Pts',(22.5222587308942,-60.2386551633243,1.56));
#8962=CARTESIAN_POINT('Ctrl Pts',(22.5222587308942,-60.2386551633243,4.8875));
#8963=CARTESIAN_POINT('Ctrl Pts',(22.467364826952,-60.2697989007068,1.56));
#8964=CARTESIAN_POINT('Ctrl Pts',(22.467364826952,-60.2697989007068,4.8875));
#8965=CARTESIAN_POINT('Ctrl Pts',(22.4083428153119,-60.3032211336106,1.56));
#8966=CARTESIAN_POINT('Ctrl Pts',(22.4083428153119,-60.3032211336106,4.8875));
#8967=CARTESIAN_POINT('Ctrl Pts',(22.3451085972209,-60.338731816675,1.56));
#8968=CARTESIAN_POINT('Ctrl Pts',(22.3451085972209,-60.338731816675,4.8875));
#8969=CARTESIAN_POINT('',(22.5222587308942,-60.2386551633243,1.56));
#8970=CARTESIAN_POINT('',(22.5222587308942,-60.2386551633243,1.56));
#8971=CARTESIAN_POINT('Ctrl Pts',(22.5222587308942,-60.2386551633243,1.56));
#8972=CARTESIAN_POINT('Ctrl Pts',(22.467364826952,-60.2697989007068,1.56));
#8973=CARTESIAN_POINT('Ctrl Pts',(22.4083428153119,-60.3032211336106,1.56));
#8974=CARTESIAN_POINT('Ctrl Pts',(22.3451085972209,-60.338731816675,1.56));
#8975=CARTESIAN_POINT('Ctrl Pts',(-21.9329632024462,-60.553363621024,1.56));
#8976=CARTESIAN_POINT('Ctrl Pts',(-21.9329632024462,-60.553363621024,4.8875));
#8977=CARTESIAN_POINT('Ctrl Pts',(-22.1772114130639,-60.4263040490892,1.56));
#8978=CARTESIAN_POINT('Ctrl Pts',(-22.1772114130639,-60.4263040490892,4.8875));
#8979=CARTESIAN_POINT('Ctrl Pts',(-22.3716514548286,-60.321367274271,1.56));
#8980=CARTESIAN_POINT('Ctrl Pts',(-22.3716514548286,-60.321367274271,4.8875));
#8981=CARTESIAN_POINT('Ctrl Pts',(-22.5187157063083,-60.2413521784211,1.56));
#8982=CARTESIAN_POINT('Ctrl Pts',(-22.5187157063083,-60.2413521784211,4.8875));
#8983=CARTESIAN_POINT('',(-22.5187157063083,-60.2413521784211,4.585));
#8984=CARTESIAN_POINT('',(-21.9329632024462,-60.553363621024,4.585));
#8985=CARTESIAN_POINT('Ctrl Pts',(-22.5187157063083,-60.2413521784211,4.585));
#8986=CARTESIAN_POINT('Ctrl Pts',(-22.3716514548286,-60.321367274271,4.585));
#8987=CARTESIAN_POINT('Ctrl Pts',(-22.1772114130639,-60.4263040490892,4.585));
#8988=CARTESIAN_POINT('Ctrl Pts',(-21.9329632024462,-60.553363621024,4.585));
#8989=CARTESIAN_POINT('',(-21.9329632024462,-60.553363621024,1.56));
#8990=CARTESIAN_POINT('',(-22.5187157063077,-60.2413521784214,1.56));
#8991=CARTESIAN_POINT('Ctrl Pts',(-21.9329632024271,-60.5533636210339,1.56));
#8992=CARTESIAN_POINT('Ctrl Pts',(-22.1772114130538,-60.4263040490946,1.56));
#8993=CARTESIAN_POINT('Ctrl Pts',(-22.3716514548247,-60.3213672742731,1.56));
#8994=CARTESIAN_POINT('Ctrl Pts',(-22.5187157063083,-60.2413521784211,1.56));
#8995=CARTESIAN_POINT('',(-22.5187157063083,-60.2413521784211,1.56));
#8996=CARTESIAN_POINT('Origin',(-21.3440111279882,-63.6232711592555,1.56));
#8997=CARTESIAN_POINT('',(-21.6409966872931,-62.0752365282625,4.585));
#8998=CARTESIAN_POINT('Origin',(0.204617968420273,-56.2792139145299,4.585));
#8999=CARTESIAN_POINT('',(-16.2551550682875,-64.9878426293926,4.585));
#9000=CARTESIAN_POINT('Ctrl Pts',(-78.7546803709975,12.5229080694126,-5.05));
#9001=CARTESIAN_POINT('Ctrl Pts',(-78.578257681507,12.8060144512818,-5.05));
#9002=CARTESIAN_POINT('Ctrl Pts',(-78.2939284830945,13.2456269855999,-5.04999999999979));
#9003=CARTESIAN_POINT('Ctrl Pts',(-77.9485275446947,13.7453359734687,-5.04999999999973));
#9004=CARTESIAN_POINT('Ctrl Pts',(-77.7813768823333,13.9803421495705,-5.04999999999971));
#9005=CARTESIAN_POINT('Ctrl Pts',(-77.667840292461,14.1381730532171,-5.04999999999971));
#9006=CARTESIAN_POINT('Ctrl Pts',(-77.5511213542196,14.2976995908518,-5.04999999999965));
#9007=CARTESIAN_POINT('Ctrl Pts',(-77.4310575175918,14.4589380204498,-5.04999999999964));
#9008=CARTESIAN_POINT('Ctrl Pts',(-77.3087500826305,14.6212805349385,-5.0499999999996));
#9009=CARTESIAN_POINT('Ctrl Pts',(-77.0886727352985,14.908293957574,-5.04999999999956));
#9010=CARTESIAN_POINT('Ctrl Pts',(-76.8729028081482,15.1799066440239,-5.04999999999914));
#9011=CARTESIAN_POINT('Ctrl Pts',(-76.708286082071,15.3812905211269,-5.0499999999991));
#9012=CARTESIAN_POINT('Ctrl Pts',(-76.6733865182689,15.4237859292955,-5.0499999999991));
#9013=CARTESIAN_POINT('Ctrl Pts',(-76.6383258851715,15.4663451621631,-5.04999999999909));
#9014=CARTESIAN_POINT('Ctrl Pts',(-76.5942019629688,15.5196582493828,-5.04999999999908));
#9015=CARTESIAN_POINT('Ctrl Pts',(-76.5229437524462,15.6052194758466,-5.04999999999906));
#9016=CARTESIAN_POINT('Ctrl Pts',(-76.4507255442057,15.6911301585583,-5.04999999999898));
#9017=CARTESIAN_POINT('Ctrl Pts',(-76.3774780522209,15.7774383945495,-5.04999999999896));
#9018=CARTESIAN_POINT('Ctrl Pts',(-76.3035554682087,15.8639931329128,-5.04999999999894));
#9019=CARTESIAN_POINT('Ctrl Pts',(-76.2286457688661,15.9508808643058,-5.04999999999884));
#9020=CARTESIAN_POINT('Ctrl Pts',(-76.1621640708194,16.0272521507965,-5.04999999999881));
#9021=CARTESIAN_POINT('Ctrl Pts',(-76.1239102907272,16.0709853836271,-5.0499999999988));
#9022=CARTESIAN_POINT('Ctrl Pts',(-76.1022951020435,16.0956178217834,-5.0499999999988));
#9023=CARTESIAN_POINT('Ctrl Pts',(-76.0878419383519,16.1120552267987,-5.0499999999988));
#9024=CARTESIAN_POINT('Ctrl Pts',(-76.0781954404323,16.1230172650938,-5.0499999999988));
#9025=CARTESIAN_POINT('Ctrl Pts',(-76.0612860940832,16.1422096307036,-5.04999999999879));
#9026=CARTESIAN_POINT('Ctrl Pts',(-76.0370491705197,16.1696530071785,-5.04999999999878));
#9027=CARTESIAN_POINT('Ctrl Pts',(-76.007833186938,16.2026280451097,-5.04999999999876));
#9028=CARTESIAN_POINT('Ctrl Pts',(-75.9686955093591,16.246658663849,-5.04999999999876));
#9029=CARTESIAN_POINT('Ctrl Pts',(-75.9379300668352,16.2811057844515,-5.0499999999987));
#9030=CARTESIAN_POINT('Ctrl Pts',(-75.9156565315525,16.3059573435425,-5.0499999999987));
#9031=CARTESIAN_POINT('Ctrl Pts',(-75.9107037304541,16.3114811334559,-5.0499999999987));
#9032=CARTESIAN_POINT('Ctrl Pts',(-75.902029486043,16.3211495901134,-5.0499999999987));
#9033=CARTESIAN_POINT('Ctrl Pts',(-75.8846520893549,16.3404953128376,-5.04999999999871));
#9034=CARTESIAN_POINT('Ctrl Pts',(-75.8597470244629,16.3681546047484,-5.04999999999872));
#9035=CARTESIAN_POINT('Ctrl Pts',(-75.8297232727147,16.4013905278784,-5.04999999999874));
#9036=CARTESIAN_POINT('Ctrl Pts',(-75.7995638151109,16.4346685241121,-5.04999999999876));
#9037=CARTESIAN_POINT('Ctrl Pts',(-75.7692677541646,16.4679887828721,-5.04999999999877));
#9038=CARTESIAN_POINT('Ctrl Pts',(-75.7286880372517,16.5124740441447,-5.04999999999879));
#9039=CARTESIAN_POINT('Ctrl Pts',(-75.6776402844713,16.5681641307152,-5.04999999999884));
#9040=CARTESIAN_POINT('Ctrl Pts',(-75.6158205265173,16.6351659716915,-5.04999999999889));
#9041=CARTESIAN_POINT('Ctrl Pts',(-75.5534371540465,16.7023369517099,-5.04999999999893));
#9042=CARTESIAN_POINT('Ctrl Pts',(-75.5062398966672,16.7528246118712,-5.04999999999898));
#9043=CARTESIAN_POINT('Ctrl Pts',(-75.4745758758758,16.7865555432853,-5.04999999999899));
#9044=CARTESIAN_POINT('Ctrl Pts',(-75.4587078579913,16.8034315547239,-5.04999999999899));
#9045=CARTESIAN_POINT('Ctrl Pts',(-75.442805031997,16.820316811663,-5.04999999999899));
#9046=CARTESIAN_POINT('Ctrl Pts',(-75.4215514424299,16.8428461340545,-5.04999999999899));
#9047=CARTESIAN_POINT('Ctrl Pts',(-75.4002365548236,16.865385195366,-5.049999999999));
#9048=CARTESIAN_POINT('Ctrl Pts',(-75.3788392343062,16.8879549488041,-5.049999999999));
#9049=CARTESIAN_POINT('Ctrl Pts',(-75.3466757617936,16.9218250210932,-5.049999999999));
#9050=CARTESIAN_POINT('Ctrl Pts',(-75.2981921029146,16.972672579785,-5.049999999999));
#9051=CARTESIAN_POINT('Ctrl Pts',(-75.2492781930771,17.023632868608,-5.04999999999901));
#9052=CARTESIAN_POINT('Ctrl Pts',(-75.2191922438435,17.054846679921,-5.04999999999901));
#9053=CARTESIAN_POINT('Ctrl Pts',(-75.2082359879811,17.0661996047454,-5.04999999999901));
#9054=CARTESIAN_POINT('Ctrl Pts',(-75.1917632959419,17.0832539394703,-5.04999999999901));
#9055=CARTESIAN_POINT('Ctrl Pts',(-75.1671372990646,17.1087008471286,-5.04999999999902));
#9056=CARTESIAN_POINT('Ctrl Pts',(-75.1337198103517,17.1431067558554,-5.04999999999904));
#9057=CARTESIAN_POINT('Ctrl Pts',(-75.0791649922867,17.199118332466,-5.04999999999906));
#9058=CARTESIAN_POINT('Ctrl Pts',(-75.0200539400018,17.259342795849,-5.04999999999912));
#9059=CARTESIAN_POINT('Ctrl Pts',(-74.9675880208532,17.3125056682499,-5.04999999999912));
#9060=CARTESIAN_POINT('Ctrl Pts',(-74.9255357710884,17.3549245745479,-5.04999999999914));
#9061=CARTESIAN_POINT('Ctrl Pts',(-74.9113889967121,17.369156912977,-5.04999999999914));
#9062=CARTESIAN_POINT('Ctrl Pts',(-74.8987480438495,17.3818702149252,-5.04999999999919));
#9063=CARTESIAN_POINT('Ctrl Pts',(-74.8842384341864,17.3964329694213,-5.0499999999992));
#9064=CARTESIAN_POINT('Ctrl Pts',(-74.8756156440865,17.4050791752884,-5.04999999999921));
#9065=CARTESIAN_POINT('Ctrl Pts',(-74.8685344633765,17.4121740153016,-5.04999999999921));
#9066=CARTESIAN_POINT('Ctrl Pts',(-74.8641467879559,17.4165678871342,-5.04999999999922));
#9067=CARTESIAN_POINT('Ctrl Pts',(-74.8606187100275,17.4200996061168,-5.04999999999922));
#9068=CARTESIAN_POINT('Ctrl Pts',(-74.8570942863826,17.4236267545015,-5.04999999999922));
#9069=CARTESIAN_POINT('Ctrl Pts',(-74.8473950919115,17.433329696921,-5.04999999999922));
#9070=CARTESIAN_POINT('Ctrl Pts',(-74.8350800943868,17.4456331741476,-5.04999999999925));
#9071=CARTESIAN_POINT('Ctrl Pts',(-74.8226977378586,17.4579852991087,-5.04999999999926));
#9072=CARTESIAN_POINT('Ctrl Pts',(-74.8156166751815,17.4650436127678,-5.04999999999927));
#9073=CARTESIAN_POINT('Ctrl Pts',(-74.8049829807845,17.4756377633753,-5.04999999999927));
#9074=CARTESIAN_POINT('Ctrl Pts',(-74.794376733545,17.4861903894297,-5.04999999999932));
#9075=CARTESIAN_POINT('Ctrl Pts',(-74.7837108731071,17.496789294147,-5.04999999999932));
#9076=CARTESIAN_POINT('Ctrl Pts',(-74.7783767664657,17.5020871573577,-5.04999999999933));
#9077=CARTESIAN_POINT('Ctrl Pts',(-74.7730383448716,17.5073865961694,-5.04999999999933));
#9078=CARTESIAN_POINT('Ctrl Pts',(-74.7552338230107,17.5250519962041,-5.04999999999934));
#9079=CARTESIAN_POINT('Ctrl Pts',(-74.7357333508423,17.5443527597834,-5.04999999999953));
#9080=CARTESIAN_POINT('Ctrl Pts',(-74.7142409328269,17.5655733306047,-5.04999999999954));
#9081=CARTESIAN_POINT('Ctrl Pts',(-74.7052834526249,17.5744082202534,-5.04999999999956));
#9082=CARTESIAN_POINT('Ctrl Pts',(-74.698104220215,17.581483887329,-5.04999999999956));
#9083=CARTESIAN_POINT('Ctrl Pts',(-74.6927174129788,17.5867902335751,-5.04999999999956));
#9084=CARTESIAN_POINT('Ctrl Pts',(-74.6873270317026,17.5920973756367,-5.04999999999956));
#9085=CARTESIAN_POINT('Ctrl Pts',(-74.6801350481429,17.5991746670676,-5.04999999999957));
#9086=CARTESIAN_POINT('Ctrl Pts',(-74.6711416493036,17.6080176944829,-5.04999999999957));
#9087=CARTESIAN_POINT('Ctrl Pts',(-74.660333232252,17.6186345395665,-5.04999999999957));
#9088=CARTESIAN_POINT('Ctrl Pts',(-74.6513174012224,17.6274813976339,-5.04999999999957));
#9089=CARTESIAN_POINT('Ctrl Pts',(-74.6440947284323,17.6345633297982,-5.04999999999957));
#9090=CARTESIAN_POINT('Ctrl Pts',(-74.6332536498134,17.6451877040471,-5.04999999999957));
#9091=CARTESIAN_POINT('Ctrl Pts',(-74.6206066237938,17.6575653808273,-5.04999999999959));
#9092=CARTESIAN_POINT('Ctrl Pts',(-74.6061043266586,17.6717375849353,-5.04999999999959));
#9093=CARTESIAN_POINT('Ctrl Pts',(-74.5952177426178,17.6823653151996,-5.0499999999996));
#9094=CARTESIAN_POINT('Ctrl Pts',(-74.5843164694036,17.6929964794505,-5.0499999999996));
#9095=CARTESIAN_POINT('Ctrl Pts',(-74.5697631856105,17.7071745770953,-5.0499999999996));
#9096=CARTESIAN_POINT('Ctrl Pts',(-74.551548416456,17.7248920144929,-5.04999999999961));
#9097=CARTESIAN_POINT('Ctrl Pts',(-74.5296323224573,17.7461660254733,-5.04999999999961));
#9098=CARTESIAN_POINT('Ctrl Pts',(-74.5076628095008,17.7674479922316,-5.04999999999962));
#9099=CARTESIAN_POINT('Ctrl Pts',(-74.4893115570051,17.7851882812757,-5.04999999999962));
#9100=CARTESIAN_POINT('Ctrl Pts',(-74.4764370567139,17.797615153881,-5.04999999999962));
#9101=CARTESIAN_POINT('Ctrl Pts',(-74.469072228296,17.8047184840146,-5.04999999999962));
#9102=CARTESIAN_POINT('Ctrl Pts',(-74.4506496715189,17.8224777412457,-5.04999999999963));
#9103=CARTESIAN_POINT('Ctrl Pts',(-74.4266707438376,17.8455381142108,-5.04999999999966));
#9104=CARTESIAN_POINT('Ctrl Pts',(-74.3970058675572,17.8739806963298,-5.04999999999966));
#9105=CARTESIAN_POINT('Ctrl Pts',(-74.3524176403185,17.9166427904365,-5.04999999999968));
#9106=CARTESIAN_POINT('Ctrl Pts',(-74.3001152430957,17.9664270980854,-5.04999999999973));
#9107=CARTESIAN_POINT('Ctrl Pts',(-74.247386645652,18.0163097060978,-5.04999999999975));
#9108=CARTESIAN_POINT('Ctrl Pts',(-74.217144925753,18.0448308154875,-5.04999999999975));
#9109=CARTESIAN_POINT('Ctrl Pts',(-74.1868250589825,18.0733670460037,-5.04999999999976));
#9110=CARTESIAN_POINT('Ctrl Pts',(-74.1487978812089,18.1090459120817,-5.04999999999977));
#9111=CARTESIAN_POINT('Ctrl Pts',(-74.1029334938614,18.1519016146809,-5.04999999999978));
#9112=CARTESIAN_POINT('Ctrl Pts',(-74.0568464631703,18.1947880169514,-5.04999999999979));
#9113=CARTESIAN_POINT('Ctrl Pts',(-73.9642094100941,18.2806380916901,-5.0499999999998));
#9114=CARTESIAN_POINT('Ctrl Pts',(-73.8549097974986,18.3808849484462,-5.04999999999988));
#9115=CARTESIAN_POINT('Ctrl Pts',(-73.7280278676797,18.4958369246513,-5.04999999999989));
#9116=CARTESIAN_POINT('Ctrl Pts',(-73.6319458017541,18.5821688188066,-5.04999999999991));
#9117=CARTESIAN_POINT('Ctrl Pts',(-73.5349074178648,18.6686462578584,-5.04999999999992));
#9118=CARTESIAN_POINT('Ctrl Pts',(-73.404249171489,18.7841303620846,-5.04999999999993));
#9119=CARTESIAN_POINT('Ctrl Pts',(-73.2882412461761,18.8854091224576,-5.04999999999995));
#9120=CARTESIAN_POINT('Ctrl Pts',(-73.1875611232394,18.9724094349181,-5.04999999999995));
#9121=CARTESIAN_POINT('Ctrl Pts',(-73.1369740623594,19.0159434123316,-5.04999999999995));
#9122=CARTESIAN_POINT('Ctrl Pts',(-73.0861390876496,19.0595124805632,-5.04999999999995));
#9123=CARTESIAN_POINT('Ctrl Pts',(-72.9158443407244,19.2048654865139,-5.04999999999995));
#9124=CARTESIAN_POINT('Ctrl Pts',(-72.6895717429413,19.3944941176372,-5.04999999999999));
#9125=CARTESIAN_POINT('Ctrl Pts',(-72.4384823280094,19.5997916722139,-5.04999999999999));
#9126=CARTESIAN_POINT('Ctrl Pts',(-72.2930468197628,19.7173058570646,-5.04999999999999));
#9127=CARTESIAN_POINT('Ctrl Pts',(-71.6302388477045,20.248029074765,-5.05));
#9128=CARTESIAN_POINT('Ctrl Pts',(-70.325409762903,21.2286816916907,-5.05));
#9129=CARTESIAN_POINT('Ctrl Pts',(-68.0772989951967,22.7158937295635,-5.05));
#9130=CARTESIAN_POINT('Ctrl Pts',(-65.9633207396676,23.9680779402619,-5.05));
#9131=CARTESIAN_POINT('Ctrl Pts',(-64.3501447977926,24.8482582399536,-5.05));
#9132=CARTESIAN_POINT('Ctrl Pts',(-63.3625084562994,25.3692971107385,-5.05));
#9133=CARTESIAN_POINT('Ctrl Pts',(-62.8694407134966,25.6231290466627,-5.05));
#9134=CARTESIAN_POINT('Ctrl Pts',(-62.5012085418943,25.8093056919237,-5.05));
#9135=CARTESIAN_POINT('Ctrl Pts',(-78.188882665496,12.1703213412255,-4.38333333333333));
#9136=CARTESIAN_POINT('Ctrl Pts',(-78.0166328212699,12.4467315371998,-4.38333333333333));
#9137=CARTESIAN_POINT('Ctrl Pts',(-77.7391373018181,12.8757721869934,-4.38333333333316));
#9138=CARTESIAN_POINT('Ctrl Pts',(-77.4021871122378,13.3632538269456,-4.3833333333331));
#9139=CARTESIAN_POINT('Ctrl Pts',(-77.2391457563771,13.5924824970546,-4.38333333333308));
#9140=CARTESIAN_POINT('Ctrl Pts',(-77.1284049339123,13.7464268939765,-4.38333333333308));
#9141=CARTESIAN_POINT('Ctrl Pts',(-77.0145660290606,13.9020170941375,-4.38333333333303));
#9142=CARTESIAN_POINT('Ctrl Pts',(-76.8974684908409,14.0592719593458,-4.38333333333302));
#9143=CARTESIAN_POINT('Ctrl Pts',(-76.7781844894445,14.2176013863101,-4.38333333333299));
#9144=CARTESIAN_POINT('Ctrl Pts',(-76.5635495414408,14.4975170788082,-4.38333333333295));
#9145=CARTESIAN_POINT('Ctrl Pts',(-76.3531110147012,14.7624189539172,-4.38333333333259));
#9146=CARTESIAN_POINT('Ctrl Pts',(-76.1925465171039,14.9588455667102,-4.38333333333255));
#9147=CARTESIAN_POINT('Ctrl Pts',(-76.158505454108,15.0002956222849,-4.38333333333255));
#9148=CARTESIAN_POINT('Ctrl Pts',(-76.1243068804347,15.0418084238576,-4.38333333333255));
#9149=CARTESIAN_POINT('Ctrl Pts',(-76.0812670709599,15.0938116274986,-4.38333333333253));
#9150=CARTESIAN_POINT('Ctrl Pts',(-76.0117577684022,15.1772729088448,-4.38333333333252));
#9151=CARTESIAN_POINT('Ctrl Pts',(-75.941309003568,15.2610786901621,-4.38333333333245));
#9152=CARTESIAN_POINT('Ctrl Pts',(-75.869852520663,15.3452765701871,-4.38333333333243));
#9153=CARTESIAN_POINT('Ctrl Pts',(-75.7977348687773,15.4297179502603,-4.38333333333241));
#9154=CARTESIAN_POINT('Ctrl Pts',(-75.7246500992826,15.5144889775606,-4.38333333333233));
#9155=CARTESIAN_POINT('Ctrl Pts',(-75.6597838149305,15.5890045547494,-4.3833333333323));
#9156=CARTESIAN_POINT('Ctrl Pts',(-75.6224582882607,15.6316765731039,-4.38333333333229));
#9157=CARTESIAN_POINT('Ctrl Pts',(-75.6013671234736,15.6557118402767,-4.38333333333229));
#9158=CARTESIAN_POINT('Ctrl Pts',(-75.587264142376,15.671750987048,-4.38333333333229));
#9159=CARTESIAN_POINT('Ctrl Pts',(-75.5778513116077,15.6824474919147,-4.38333333333229));
#9160=CARTESIAN_POINT('Ctrl Pts',(-75.5613514142838,15.7011751269647,-4.38333333333228));
#9161=CARTESIAN_POINT('Ctrl Pts',(-75.5377009478501,15.7279544614049,-4.38333333333228));
#9162=CARTESIAN_POINT('Ctrl Pts',(-75.5091911972716,15.7601324008924,-4.38333333333226));
#9163=CARTESIAN_POINT('Ctrl Pts',(-75.4709986185634,15.8030997670417,-4.38333333333226));
#9164=CARTESIAN_POINT('Ctrl Pts',(-75.4409749650995,15.8367163349234,-4.38333333333221));
#9165=CARTESIAN_POINT('Ctrl Pts',(-75.4192378281283,15.8609694111122,-4.3833333333322));
#9166=CARTESIAN_POINT('Ctrl Pts',(-75.4144042852888,15.8663601939597,-4.38333333333221));
#9167=CARTESIAN_POINT('Ctrl Pts',(-75.4059388652006,15.875795891647,-4.38333333333221));
#9168=CARTESIAN_POINT('Ctrl Pts',(-75.3889796407252,15.8946760763897,-4.38333333333221));
#9169=CARTESIAN_POINT('Ctrl Pts',(-75.3646733985175,15.9216703237778,-4.38333333333222));
#9170=CARTESIAN_POINT('Ctrl Pts',(-75.3353707190202,15.9541080302755,-4.38333333333224));
#9171=CARTESIAN_POINT('Ctrl Pts',(-75.3059347493221,15.9865877302531,-4.38333333333225));
#9172=CARTESIAN_POINT('Ctrl Pts',(-75.2763645881474,16.0191096303872,-4.38333333333227));
#9173=CARTESIAN_POINT('Ctrl Pts',(-75.2367559854179,16.0625303156649,-4.38333333333228));
#9174=CARTESIAN_POINT('Ctrl Pts',(-75.1869276070403,16.116890144749,-4.38333333333233));
#9175=CARTESIAN_POINT('Ctrl Pts',(-75.1265807098855,16.1822956705409,-4.38333333333237));
#9176=CARTESIAN_POINT('Ctrl Pts',(-75.0656796252277,16.2478706136191,-4.38333333333241));
#9177=CARTESIAN_POINT('Ctrl Pts',(-75.019600692757,16.2971619910737,-4.38333333333245));
#9178=CARTESIAN_POINT('Ctrl Pts',(-74.9886855607396,16.3300951494659,-4.38333333333245));
#9179=CARTESIAN_POINT('Ctrl Pts',(-74.9731925633702,16.346572317939,-4.38333333333246));
#9180=CARTESIAN_POINT('Ctrl Pts',(-74.9576653028926,16.3630588082337,-4.38333333333246));
#9181=CARTESIAN_POINT('Ctrl Pts',(-74.9369132676812,16.3850564710318,-4.38333333333246));
#9182=CARTESIAN_POINT('Ctrl Pts',(-74.9161008187453,16.4070642382321,-4.38333333333246));
#9183=CARTESIAN_POINT('Ctrl Pts',(-74.8952072927872,16.4291025927028,-4.38333333333246));
#9184=CARTESIAN_POINT('Ctrl Pts',(-74.8638005169814,16.4621758182523,-4.38333333333246));
#9185=CARTESIAN_POINT('Ctrl Pts',(-74.8164553070635,16.511829428169,-4.38333333333247));
#9186=CARTESIAN_POINT('Ctrl Pts',(-74.7686862336522,16.5615969920032,-4.38333333333247));
#9187=CARTESIAN_POINT('Ctrl Pts',(-74.7393029607215,16.5920817853952,-4.38333333333247));
#9188=CARTESIAN_POINT('Ctrl Pts',(-74.728602433789,16.6031697227466,-4.38333333333247));
#9189=CARTESIAN_POINT('Ctrl Pts',(-74.7125140586991,16.619826170368,-4.38333333333247));
#9190=CARTESIAN_POINT('Ctrl Pts',(-74.6884620405121,16.6446799677102,-4.38333333333249));
#9191=CARTESIAN_POINT('Ctrl Pts',(-74.6558219527066,16.678285480952,-4.3833333333325));
#9192=CARTESIAN_POINT('Ctrl Pts',(-74.6025343988952,16.7329959608854,-4.38333333333252));
#9193=CARTESIAN_POINT('Ctrl Pts',(-74.5447907319488,16.7918272941473,-4.38333333333257));
#9194=CARTESIAN_POINT('Ctrl Pts',(-74.493534758458,16.8437641527715,-4.38333333333257));
#9195=CARTESIAN_POINT('Ctrl Pts',(-74.4524497869743,16.8852073475653,-4.38333333333259));
#9196=CARTESIAN_POINT('Ctrl Pts',(-74.4386279131552,16.8991128207855,-4.38333333333259));
#9197=CARTESIAN_POINT('Ctrl Pts',(-74.4262772210041,16.9115342004334,-4.38333333333263));
#9198=CARTESIAN_POINT('Ctrl Pts',(-74.41210037933,16.9257629683576,-4.38333333333264));
#9199=CARTESIAN_POINT('Ctrl Pts',(-74.4036752359194,16.9342109907557,-4.38333333333265));
#9200=CARTESIAN_POINT('Ctrl Pts',(-74.3967562904052,16.9411432826538,-4.38333333333265));
#9201=CARTESIAN_POINT('Ctrl Pts',(-74.3924691089613,16.9454365185839,-4.38333333333265));
#9202=CARTESIAN_POINT('Ctrl Pts',(-74.3890218187225,16.9488873665043,-4.38333333333265));
#9203=CARTESIAN_POINT('Ctrl Pts',(-74.3855780865887,16.9523337609946,-4.38333333333266));
#9204=CARTESIAN_POINT('Ctrl Pts',(-74.3761009032984,16.9618146064506,-4.38333333333266));
#9205=CARTESIAN_POINT('Ctrl Pts',(-74.3640675680661,16.9738366850326,-4.38333333333269));
#9206=CARTESIAN_POINT('Ctrl Pts',(-74.3519681555672,16.9859065568177,-4.38333333333269));
#9207=CARTESIAN_POINT('Ctrl Pts',(-74.3450488231364,16.9928036598212,-4.3833333333327));
#9208=CARTESIAN_POINT('Ctrl Pts',(-74.3346579252426,17.0031559168292,-4.3833333333327));
#9209=CARTESIAN_POINT('Ctrl Pts',(-74.3242936492504,17.0134677951293,-4.38333333333275));
#9210=CARTESIAN_POINT('Ctrl Pts',(-74.3138709354974,17.0238250795441,-4.38333333333275));
#9211=CARTESIAN_POINT('Ctrl Pts',(-74.308658389914,17.0290022076704,-4.38333333333275));
#9212=CARTESIAN_POINT('Ctrl Pts',(-74.3034415891848,17.0341809137367,-4.38333333333275));
#9213=CARTESIAN_POINT('Ctrl Pts',(-74.2860425633217,17.0514439862812,-4.38333333333276));
#9214=CARTESIAN_POINT('Ctrl Pts',(-74.2669855369744,17.0703058469173,-4.38333333333293));
#9215=CARTESIAN_POINT('Ctrl Pts',(-74.2459811074172,17.0910446017067,-4.38333333333294));
#9216=CARTESIAN_POINT('Ctrl Pts',(-74.2372268723268,17.0996790278937,-4.38333333333295));
#9217=CARTESIAN_POINT('Ctrl Pts',(-74.2302104584816,17.1065942251867,-4.38333333333295));
#9218=CARTESIAN_POINT('Ctrl Pts',(-74.2249457786892,17.1117802681807,-4.38333333333295));
#9219=CARTESIAN_POINT('Ctrl Pts',(-74.2196775656613,17.1169671285496,-4.38333333333296));
#9220=CARTESIAN_POINT('Ctrl Pts',(-74.212648528336,17.1238840723,-4.38333333333296));
#9221=CARTESIAN_POINT('Ctrl Pts',(-74.2038587867453,17.1325268477201,-4.38333333333296));
#9222=CARTESIAN_POINT('Ctrl Pts',(-74.1932949666372,17.1429034312426,-4.38333333333296));
#9223=CARTESIAN_POINT('Ctrl Pts',(-74.1844830286617,17.1515502176463,-4.38333333333297));
#9224=CARTESIAN_POINT('Ctrl Pts',(-74.1774236157644,17.1584720712071,-4.38333333333296));
#9225=CARTESIAN_POINT('Ctrl Pts',(-74.1668275045524,17.1688563747702,-4.38333333333297));
#9226=CARTESIAN_POINT('Ctrl Pts',(-74.1544660040083,17.1809546073523,-4.38333333333298));
#9227=CARTESIAN_POINT('Ctrl Pts',(-74.1402907936848,17.1948071696876,-4.38333333333298));
#9228=CARTESIAN_POINT('Ctrl Pts',(-74.1296495778943,17.2051953659819,-4.38333333333298));
#9229=CARTESIAN_POINT('Ctrl Pts',(-74.1189938361974,17.2155870825028,-4.38333333333299));
#9230=CARTESIAN_POINT('Ctrl Pts',(-74.1047681134281,17.2294460637952,-4.38333333333299));
#9231=CARTESIAN_POINT('Ctrl Pts',(-74.0869628864521,17.2467651414642,-4.383333333333));
#9232=CARTESIAN_POINT('Ctrl Pts',(-74.065538871002,17.2675614909457,-4.383333333333));
#9233=CARTESIAN_POINT('Ctrl Pts',(-74.0440619423002,17.2883662895896,-4.383333333333));
#9234=CARTESIAN_POINT('Ctrl Pts',(-74.0261215637662,17.3057093842179,-4.38333333333301));
#9235=CARTESIAN_POINT('Ctrl Pts',(-74.01353501026,17.317858321621,-4.38333333333301));
#9236=CARTESIAN_POINT('Ctrl Pts',(-74.0063348132955,17.3248028657816,-4.38333333333301));
#9237=CARTESIAN_POINT('Ctrl Pts',(-73.9883239209218,17.3421652805243,-4.38333333333301));
#9238=CARTESIAN_POINT('Ctrl Pts',(-73.9648799243973,17.3647112156898,-4.38333333333304));
#9239=CARTESIAN_POINT('Ctrl Pts',(-73.9358754023695,17.3925206529327,-4.38333333333304));
#9240=CARTESIAN_POINT('Ctrl Pts',(-73.8922782499699,17.4342344857732,-4.38333333333306));
#9241=CARTESIAN_POINT('Ctrl Pts',(-73.8411340494638,17.482916372612,-4.3833333333331));
#9242=CARTESIAN_POINT('Ctrl Pts',(-73.789567742433,17.5316994276904,-4.38333333333311));
#9243=CARTESIAN_POINT('Ctrl Pts',(-73.7599910770064,17.5595933217295,-4.38333333333312));
#9244=CARTESIAN_POINT('Ctrl Pts',(-73.7303369394498,17.5875029866127,-4.38333333333312));
#9245=CARTESIAN_POINT('Ctrl Pts',(-73.6931427223207,17.6224003329249,-4.38333333333314));
#9246=CARTESIAN_POINT('Ctrl Pts',(-73.648279744376,17.6643203211397,-4.38333333333314));
#9247=CARTESIAN_POINT('Ctrl Pts',(-73.6031956958924,17.7062733987597,-4.38333333333315));
#9248=CARTESIAN_POINT('Ctrl Pts',(-73.5125680201513,17.7902613169753,-4.38333333333316));
#9249=CARTESIAN_POINT('Ctrl Pts',(-73.4056192188376,17.8883521838893,-4.38333333333323));
#9250=CARTESIAN_POINT('Ctrl Pts',(-73.2814373445355,18.0008580088601,-4.38333333333324));
#9251=CARTESIAN_POINT('Ctrl Pts',(-73.1873849141393,18.0853662535992,-4.38333333333326));
#9252=CARTESIAN_POINT('Ctrl Pts',(-73.0923809793288,18.1700306810403,-4.38333333333327));
#9253=CARTESIAN_POINT('Ctrl Pts',(-72.9644408831894,18.2831123397299,-4.38333333333327));
#9254=CARTESIAN_POINT('Ctrl Pts',(-72.8508176968092,18.3823092594412,-4.38333333333329));
#9255=CARTESIAN_POINT('Ctrl Pts',(-72.7521856988323,18.4675397386235,-4.38333333333329));
#9256=CARTESIAN_POINT('Ctrl Pts',(-72.7026233523917,18.5101918686583,-4.38333333333329));
#9257=CARTESIAN_POINT('Ctrl Pts',(-72.6528137303813,18.5528821440699,-4.38333333333329));
#9258=CARTESIAN_POINT('Ctrl Pts',(-72.4859388177259,18.6953161459498,-4.38333333333329));
#9259=CARTESIAN_POINT('Ctrl Pts',(-72.2641217047807,18.8812118238327,-4.38333333333332));
#9260=CARTESIAN_POINT('Ctrl Pts',(-72.0178341896432,19.0825830780802,-4.38333333333332));
#9261=CARTESIAN_POINT('Ctrl Pts',(-71.875140174733,19.1978824563477,-4.38333333333332));
#9262=CARTESIAN_POINT('Ctrl Pts',(-71.2246786979482,19.7187148692427,-4.38333333333333));
#9263=CARTESIAN_POINT('Ctrl Pts',(-69.9422611977038,20.6826440665313,-4.38333333333334));
#9264=CARTESIAN_POINT('Ctrl Pts',(-67.7248699410142,22.1496706054147,-4.38333333333333));
#9265=CARTESIAN_POINT('Ctrl Pts',(-65.6333004339118,23.3886784026656,-4.38333333333333));
#9266=CARTESIAN_POINT('Ctrl Pts',(-64.034350227058,24.2611053646725,-4.38333333333333));
#9267=CARTESIAN_POINT('Ctrl Pts',(-63.0549080768223,24.7778220690631,-4.38333333333333));
#9268=CARTESIAN_POINT('Ctrl Pts',(-62.5657672581674,25.0296332807053,-4.38333333333333));
#9269=CARTESIAN_POINT('Ctrl Pts',(-62.2004057471239,25.2143585319988,-4.38333333333333));
#9270=CARTESIAN_POINT('Ctrl Pts',(-77.6230849599945,11.8177346130384,-3.71666666666667));
#9271=CARTESIAN_POINT('Ctrl Pts',(-77.4550079610327,12.0874486231179,-3.71666666666667));
#9272=CARTESIAN_POINT('Ctrl Pts',(-77.1843461205417,12.5059173883869,-3.71666666666651));
#9273=CARTESIAN_POINT('Ctrl Pts',(-76.8558466797809,12.9811716804225,-3.71666666666647));
#9274=CARTESIAN_POINT('Ctrl Pts',(-76.6969146304209,13.2046228445388,-3.71666666666645));
#9275=CARTESIAN_POINT('Ctrl Pts',(-76.5889695753637,13.3546807347358,-3.71666666666645));
#9276=CARTESIAN_POINT('Ctrl Pts',(-76.4780107039016,13.5063345974232,-3.71666666666641));
#9277=CARTESIAN_POINT('Ctrl Pts',(-76.3638794640901,13.6596058982418,-3.7166666666664));
#9278=CARTESIAN_POINT('Ctrl Pts',(-76.2476188962583,13.8139222376817,-3.71666666666637));
#9279=CARTESIAN_POINT('Ctrl Pts',(-76.0384263475832,14.0867402000425,-3.71666666666634));
#9280=CARTESIAN_POINT('Ctrl Pts',(-75.8333192212542,14.3449312638104,-3.71666666666603));
#9281=CARTESIAN_POINT('Ctrl Pts',(-75.6768069521368,14.5364006122935,-3.716666666666));
#9282=CARTESIAN_POINT('Ctrl Pts',(-75.643624389947,14.5768053152743,-3.716666666666));
#9283=CARTESIAN_POINT('Ctrl Pts',(-75.6102878756979,14.6172716855521,-3.716666666666));
#9284=CARTESIAN_POINT('Ctrl Pts',(-75.5683321789511,14.6679650056144,-3.71666666666598));
#9285=CARTESIAN_POINT('Ctrl Pts',(-75.5005717843583,14.749326341843,-3.71666666666597));
#9286=CARTESIAN_POINT('Ctrl Pts',(-75.4318924629302,14.8310272217659,-3.71666666666592));
#9287=CARTESIAN_POINT('Ctrl Pts',(-75.3622269891052,14.9131147458248,-3.7166666666659));
#9288=CARTESIAN_POINT('Ctrl Pts',(-75.291914269346,14.9954427676077,-3.71666666666588));
#9289=CARTESIAN_POINT('Ctrl Pts',(-75.2206544296992,15.0780970908154,-3.71666666666581));
#9290=CARTESIAN_POINT('Ctrl Pts',(-75.1574035590417,15.1507569587023,-3.71666666666579));
#9291=CARTESIAN_POINT('Ctrl Pts',(-75.1210062857942,15.1923677625808,-3.71666666666578));
#9292=CARTESIAN_POINT('Ctrl Pts',(-75.1004391449038,15.21580585877,-3.71666666666578));
#9293=CARTESIAN_POINT('Ctrl Pts',(-75.0866863464,15.2314467472972,-3.71666666666578));
#9294=CARTESIAN_POINT('Ctrl Pts',(-75.077507182783,15.2418777187357,-3.71666666666578));
#9295=CARTESIAN_POINT('Ctrl Pts',(-75.0614167344844,15.2601406232258,-3.71666666666578));
#9296=CARTESIAN_POINT('Ctrl Pts',(-75.0383527251806,15.2862559156314,-3.71666666666577));
#9297=CARTESIAN_POINT('Ctrl Pts',(-75.0105492076052,15.3176367566751,-3.71666666666576));
#9298=CARTESIAN_POINT('Ctrl Pts',(-74.9733017277678,15.3595408702343,-3.71666666666575));
#9299=CARTESIAN_POINT('Ctrl Pts',(-74.9440198633638,15.3923268853952,-3.71666666666571));
#9300=CARTESIAN_POINT('Ctrl Pts',(-74.9228191247041,15.4159814786819,-3.71666666666571));
#9301=CARTESIAN_POINT('Ctrl Pts',(-74.9181048401235,15.4212392544636,-3.71666666666571));
#9302=CARTESIAN_POINT('Ctrl Pts',(-74.9098482443581,15.4304421931806,-3.71666666666571));
#9303=CARTESIAN_POINT('Ctrl Pts',(-74.8933071920955,15.4488568399418,-3.71666666666571));
#9304=CARTESIAN_POINT('Ctrl Pts',(-74.8695997725722,15.4751860428071,-3.71666666666573));
#9305=CARTESIAN_POINT('Ctrl Pts',(-74.8410181653258,15.5068255326727,-3.71666666666574));
#9306=CARTESIAN_POINT('Ctrl Pts',(-74.8123056835333,15.5385069363941,-3.71666666666575));
#9307=CARTESIAN_POINT('Ctrl Pts',(-74.7834614221301,15.5702304779023,-3.71666666666576));
#9308=CARTESIAN_POINT('Ctrl Pts',(-74.7448239335841,15.6125865871852,-3.71666666666578));
#9309=CARTESIAN_POINT('Ctrl Pts',(-74.6962149296093,15.6656161587828,-3.71666666666581));
#9310=CARTESIAN_POINT('Ctrl Pts',(-74.6373408932538,15.7294253693902,-3.71666666666585));
#9311=CARTESIAN_POINT('Ctrl Pts',(-74.5779220964091,15.7934042755282,-3.71666666666588));
#9312=CARTESIAN_POINT('Ctrl Pts',(-74.5329614888469,15.8414993702762,-3.71666666666592));
#9313=CARTESIAN_POINT('Ctrl Pts',(-74.5027952456034,15.8736347556465,-3.71666666666592));
#9314=CARTESIAN_POINT('Ctrl Pts',(-74.4876772687492,15.8897130811541,-3.71666666666592));
#9315=CARTESIAN_POINT('Ctrl Pts',(-74.4725255737883,15.9058008048043,-3.71666666666592));
#9316=CARTESIAN_POINT('Ctrl Pts',(-74.4522750929326,15.9272668080091,-3.71666666666592));
#9317=CARTESIAN_POINT('Ctrl Pts',(-74.4319650826671,15.9487432810982,-3.71666666666593));
#9318=CARTESIAN_POINT('Ctrl Pts',(-74.4115753512682,15.9702502366015,-3.71666666666593));
#9319=CARTESIAN_POINT('Ctrl Pts',(-74.3809252721692,16.0025266154114,-3.71666666666593));
#9320=CARTESIAN_POINT('Ctrl Pts',(-74.3347185112123,16.0509862765529,-3.71666666666593));
#9321=CARTESIAN_POINT('Ctrl Pts',(-74.2880942742274,16.0995611153984,-3.71666666666593));
#9322=CARTESIAN_POINT('Ctrl Pts',(-74.2594136775996,16.1293168908695,-3.71666666666593));
#9323=CARTESIAN_POINT('Ctrl Pts',(-74.2489688795969,16.1401398407478,-3.71666666666593));
#9324=CARTESIAN_POINT('Ctrl Pts',(-74.2332648214562,16.1563984012657,-3.71666666666594));
#9325=CARTESIAN_POINT('Ctrl Pts',(-74.2097867819596,16.1806590882919,-3.71666666666595));
#9326=CARTESIAN_POINT('Ctrl Pts',(-74.1779240950615,16.2134642060485,-3.71666666666596));
#9327=CARTESIAN_POINT('Ctrl Pts',(-74.1259038055038,16.2668735893048,-3.71666666666597));
#9328=CARTESIAN_POINT('Ctrl Pts',(-74.0695275238958,16.3243117924455,-3.71666666666602));
#9329=CARTESIAN_POINT('Ctrl Pts',(-74.0194814960628,16.375022637293,-3.71666666666602));
#9330=CARTESIAN_POINT('Ctrl Pts',(-73.9793638028602,16.4154901205827,-3.71666666666603));
#9331=CARTESIAN_POINT('Ctrl Pts',(-73.9658668295983,16.429068728594,-3.71666666666603));
#9332=CARTESIAN_POINT('Ctrl Pts',(-73.9538063981587,16.4411981859415,-3.71666666666607));
#9333=CARTESIAN_POINT('Ctrl Pts',(-73.9399623244736,16.455092967294,-3.71666666666608));
#9334=CARTESIAN_POINT('Ctrl Pts',(-73.9317348277522,16.4633428062231,-3.71666666666608));
#9335=CARTESIAN_POINT('Ctrl Pts',(-73.9249781174338,16.470112550006,-3.71666666666609));
#9336=CARTESIAN_POINT('Ctrl Pts',(-73.9207914299668,16.4743051500336,-3.71666666666609));
#9337=CARTESIAN_POINT('Ctrl Pts',(-73.9174249274175,16.4776751268918,-3.71666666666609));
#9338=CARTESIAN_POINT('Ctrl Pts',(-73.9140618867948,16.4810407674877,-3.71666666666609));
#9339=CARTESIAN_POINT('Ctrl Pts',(-73.9048067146853,16.4902995159803,-3.71666666666609));
#9340=CARTESIAN_POINT('Ctrl Pts',(-73.8930550417455,16.5020401959177,-3.71666666666612));
#9341=CARTESIAN_POINT('Ctrl Pts',(-73.8812385732758,16.5138278145267,-3.71666666666612));
#9342=CARTESIAN_POINT('Ctrl Pts',(-73.8744809710913,16.5205637068746,-3.71666666666612));
#9343=CARTESIAN_POINT('Ctrl Pts',(-73.8643328697007,16.5306740702831,-3.71666666666613));
#9344=CARTESIAN_POINT('Ctrl Pts',(-73.8542105649558,16.5407452008288,-3.71666666666617));
#9345=CARTESIAN_POINT('Ctrl Pts',(-73.8440309978878,16.5508608649413,-3.71666666666617));
#9346=CARTESIAN_POINT('Ctrl Pts',(-73.8389400133623,16.5559172579832,-3.71666666666617));
#9347=CARTESIAN_POINT('Ctrl Pts',(-73.833844833498,16.560975231304,-3.71666666666617));
#9348=CARTESIAN_POINT('Ctrl Pts',(-73.8168513036326,16.5778359763582,-3.71666666666618));
#9349=CARTESIAN_POINT('Ctrl Pts',(-73.7982377231065,16.5962589340512,-3.71666666666632));
#9350=CARTESIAN_POINT('Ctrl Pts',(-73.7777212820076,16.6165158728086,-3.71666666666633));
#9351=CARTESIAN_POINT('Ctrl Pts',(-73.7691702920288,16.624949835534,-3.71666666666634));
#9352=CARTESIAN_POINT('Ctrl Pts',(-73.7623166967482,16.6317045630445,-3.71666666666634));
#9353=CARTESIAN_POINT('Ctrl Pts',(-73.7571741443996,16.6367703027863,-3.71666666666634));
#9354=CARTESIAN_POINT('Ctrl Pts',(-73.75202809962,16.6418368814626,-3.71666666666635));
#9355=CARTESIAN_POINT('Ctrl Pts',(-73.7451620085291,16.6485934775325,-3.71666666666635));
#9356=CARTESIAN_POINT('Ctrl Pts',(-73.7365759241871,16.6570360009573,-3.71666666666635));
#9357=CARTESIAN_POINT('Ctrl Pts',(-73.7262567010224,16.6671723229188,-3.71666666666635));
#9358=CARTESIAN_POINT('Ctrl Pts',(-73.717648656101,16.6756190376587,-3.71666666666635));
#9359=CARTESIAN_POINT('Ctrl Pts',(-73.7107525030966,16.6823808126159,-3.71666666666635));
#9360=CARTESIAN_POINT('Ctrl Pts',(-73.7004013592915,16.6925250454932,-3.71666666666635));
#9361=CARTESIAN_POINT('Ctrl Pts',(-73.6883253842228,16.7043438338774,-3.71666666666637));
#9362=CARTESIAN_POINT('Ctrl Pts',(-73.674477260711,16.71787675444,-3.71666666666637));
#9363=CARTESIAN_POINT('Ctrl Pts',(-73.6640814131708,16.7280254167643,-3.71666666666637));
#9364=CARTESIAN_POINT('Ctrl Pts',(-73.6536712029913,16.7381776855551,-3.71666666666637));
#9365=CARTESIAN_POINT('Ctrl Pts',(-73.6397730412457,16.751717550495,-3.71666666666637));
#9366=CARTESIAN_POINT('Ctrl Pts',(-73.6223773564483,16.7686382684354,-3.71666666666638));
#9367=CARTESIAN_POINT('Ctrl Pts',(-73.6014454195466,16.7889569564181,-3.71666666666638));
#9368=CARTESIAN_POINT('Ctrl Pts',(-73.5804610750996,16.8092845869476,-3.71666666666638));
#9369=CARTESIAN_POINT('Ctrl Pts',(-73.5629315705273,16.8262304871601,-3.71666666666639));
#9370=CARTESIAN_POINT('Ctrl Pts',(-73.5506329638062,16.8381014893611,-3.71666666666639));
#9371=CARTESIAN_POINT('Ctrl Pts',(-73.5435973982949,16.8448872475486,-3.71666666666639));
#9372=CARTESIAN_POINT('Ctrl Pts',(-73.5259981703248,16.8618528198029,-3.71666666666639));
#9373=CARTESIAN_POINT('Ctrl Pts',(-73.5030891049569,16.8838843171689,-3.71666666666641));
#9374=CARTESIAN_POINT('Ctrl Pts',(-73.4747449371817,16.9110606095357,-3.71666666666642));
#9375=CARTESIAN_POINT('Ctrl Pts',(-73.4321388596214,16.95182618111,-3.71666666666643));
#9376=CARTESIAN_POINT('Ctrl Pts',(-73.3821528558319,16.9994056471387,-3.71666666666647));
#9377=CARTESIAN_POINT('Ctrl Pts',(-73.331748839214,17.047089149283,-3.71666666666648));
#9378=CARTESIAN_POINT('Ctrl Pts',(-73.3028372282598,17.0743558279716,-3.71666666666649));
#9379=CARTESIAN_POINT('Ctrl Pts',(-73.273848819917,17.1016389272218,-3.71666666666649));
#9380=CARTESIAN_POINT('Ctrl Pts',(-73.2374875634325,17.1357547537682,-3.7166666666665));
#9381=CARTESIAN_POINT('Ctrl Pts',(-73.1936259948906,17.1767390275985,-3.71666666666651));
#9382=CARTESIAN_POINT('Ctrl Pts',(-73.1495449286145,17.217758780568,-3.71666666666651));
#9383=CARTESIAN_POINT('Ctrl Pts',(-73.0609266302085,17.2998845422605,-3.71666666666652));
#9384=CARTESIAN_POINT('Ctrl Pts',(-72.9563286401765,17.3958194193325,-3.71666666666658));
#9385=CARTESIAN_POINT('Ctrl Pts',(-72.8348468213913,17.505879093069,-3.71666666666659));
#9386=CARTESIAN_POINT('Ctrl Pts',(-72.7428240265244,17.5885636883918,-3.7166666666666));
#9387=CARTESIAN_POINT('Ctrl Pts',(-72.6498545407928,17.6714151042222,-3.71666666666661));
#9388=CARTESIAN_POINT('Ctrl Pts',(-72.5246325948898,17.7820943173752,-3.71666666666662));
#9389=CARTESIAN_POINT('Ctrl Pts',(-72.4133941474423,17.8792093964248,-3.71666666666663));
#9390=CARTESIAN_POINT('Ctrl Pts',(-72.3168102744252,17.9626700423289,-3.71666666666663));
#9391=CARTESIAN_POINT('Ctrl Pts',(-72.268272642424,18.0044403249851,-3.71666666666663));
#9392=CARTESIAN_POINT('Ctrl Pts',(-72.219488373113,18.0462518075765,-3.71666666666663));
#9393=CARTESIAN_POINT('Ctrl Pts',(-72.0560332947274,18.1857668053858,-3.71666666666663));
#9394=CARTESIAN_POINT('Ctrl Pts',(-71.83867166662,18.3679295300282,-3.71666666666666));
#9395=CARTESIAN_POINT('Ctrl Pts',(-71.597186051277,18.5653744839466,-3.71666666666666));
#9396=CARTESIAN_POINT('Ctrl Pts',(-71.4572335297032,18.6784590556308,-3.71666666666666));
#9397=CARTESIAN_POINT('Ctrl Pts',(-70.8191185481918,19.1894006637204,-3.71666666666666));
#9398=CARTESIAN_POINT('Ctrl Pts',(-69.5591126325048,20.1366064413719,-3.71666666666667));
#9399=CARTESIAN_POINT('Ctrl Pts',(-67.3724408868315,21.5834474812659,-3.71666666666667));
#9400=CARTESIAN_POINT('Ctrl Pts',(-65.3032801281561,22.8092788650693,-3.71666666666667));
#9401=CARTESIAN_POINT('Ctrl Pts',(-63.7185556563234,23.6739524893915,-3.71666666666667));
#9402=CARTESIAN_POINT('Ctrl Pts',(-62.7473076973452,24.1863470273878,-3.71666666666667));
#9403=CARTESIAN_POINT('Ctrl Pts',(-62.2620938028382,24.4361375147479,-3.71666666666667));
#9404=CARTESIAN_POINT('Ctrl Pts',(-61.8996029523534,24.6194113720738,-3.71666666666667));
#9405=CARTESIAN_POINT('Ctrl Pts',(-77.057287254493,11.4651478848513,-3.05));
#9406=CARTESIAN_POINT('Ctrl Pts',(-76.8933831007956,11.728165709036,-3.05));
#9407=CARTESIAN_POINT('Ctrl Pts',(-76.6295549392653,12.1360625897804,-3.04999999999988));
#9408=CARTESIAN_POINT('Ctrl Pts',(-76.309506247324,12.5990895338993,-3.04999999999984));
#9409=CARTESIAN_POINT('Ctrl Pts',(-76.1546835044648,12.816763192023,-3.04999999999982));
#9410=CARTESIAN_POINT('Ctrl Pts',(-76.0495342168151,12.9629345754951,-3.04999999999982));
#9411=CARTESIAN_POINT('Ctrl Pts',(-75.9414553787426,13.1106521007089,-3.04999999999979));
#9412=CARTESIAN_POINT('Ctrl Pts',(-75.8302904373392,13.2599398371377,-3.04999999999978));
#9413=CARTESIAN_POINT('Ctrl Pts',(-75.7170533030723,13.4102430890533,-3.04999999999976));
#9414=CARTESIAN_POINT('Ctrl Pts',(-75.5133031537256,13.6759633212767,-3.04999999999973));
#9415=CARTESIAN_POINT('Ctrl Pts',(-75.3135274278072,13.9274435737036,-3.04999999999948));
#9416=CARTESIAN_POINT('Ctrl Pts',(-75.1610673871697,14.1139556578768,-3.04999999999945));
#9417=CARTESIAN_POINT('Ctrl Pts',(-75.128743325786,14.1533150082638,-3.04999999999945));
#9418=CARTESIAN_POINT('Ctrl Pts',(-75.0962688709612,14.1927349472467,-3.04999999999945));
#9419=CARTESIAN_POINT('Ctrl Pts',(-75.0553972869423,14.2421183837301,-3.04999999999944));
#9420=CARTESIAN_POINT('Ctrl Pts',(-74.9893858003144,14.3213797748412,-3.04999999999943));
#9421=CARTESIAN_POINT('Ctrl Pts',(-74.9224759222925,14.4009757533696,-3.04999999999939));
#9422=CARTESIAN_POINT('Ctrl Pts',(-74.8546014575475,14.4809529214625,-3.04999999999937));
#9423=CARTESIAN_POINT('Ctrl Pts',(-74.7860936699147,14.5611675849551,-3.04999999999936));
#9424=CARTESIAN_POINT('Ctrl Pts',(-74.7166587601158,14.6417052040701,-3.0499999999993));
#9425=CARTESIAN_POINT('Ctrl Pts',(-74.6550233031529,14.7125093626552,-3.04999999999928));
#9426=CARTESIAN_POINT('Ctrl Pts',(-74.6195542833277,14.7530589520576,-3.04999999999928));
#9427=CARTESIAN_POINT('Ctrl Pts',(-74.5995111663341,14.7758998772633,-3.04999999999927));
#9428=CARTESIAN_POINT('Ctrl Pts',(-74.5861085504241,14.7911425075465,-3.04999999999927));
#9429=CARTESIAN_POINT('Ctrl Pts',(-74.5771630539585,14.8013079455566,-3.04999999999927));
#9430=CARTESIAN_POINT('Ctrl Pts',(-74.5614820546851,14.8191061194869,-3.04999999999927));
#9431=CARTESIAN_POINT('Ctrl Pts',(-74.5390045025111,14.8445573698578,-3.04999999999926));
#9432=CARTESIAN_POINT('Ctrl Pts',(-74.5119072179388,14.8751411124577,-3.04999999999925));
#9433=CARTESIAN_POINT('Ctrl Pts',(-74.4756048369722,14.915981973427,-3.04999999999925));
#9434=CARTESIAN_POINT('Ctrl Pts',(-74.4470647616281,14.9479374358671,-3.04999999999922));
#9435=CARTESIAN_POINT('Ctrl Pts',(-74.4264004212799,14.9709935462517,-3.04999999999921));
#9436=CARTESIAN_POINT('Ctrl Pts',(-74.4218053949582,14.9761183149675,-3.04999999999921));
#9437=CARTESIAN_POINT('Ctrl Pts',(-74.4137576235157,14.9850884947142,-3.04999999999922));
#9438=CARTESIAN_POINT('Ctrl Pts',(-74.3976347434659,15.0030376034939,-3.04999999999922));
#9439=CARTESIAN_POINT('Ctrl Pts',(-74.3745261466269,15.0287017618365,-3.04999999999923));
#9440=CARTESIAN_POINT('Ctrl Pts',(-74.3466656116314,15.0595430350699,-3.04999999999924));
#9441=CARTESIAN_POINT('Ctrl Pts',(-74.3186766177445,15.0904261425352,-3.04999999999925));
#9442=CARTESIAN_POINT('Ctrl Pts',(-74.2905582561129,15.1213513254175,-3.04999999999926));
#9443=CARTESIAN_POINT('Ctrl Pts',(-74.2528918817504,15.1626428587055,-3.04999999999927));
#9444=CARTESIAN_POINT('Ctrl Pts',(-74.2055022521785,15.2143421728166,-3.0499999999993));
#9445=CARTESIAN_POINT('Ctrl Pts',(-74.1481010766222,15.2765550682396,-3.04999999999933));
#9446=CARTESIAN_POINT('Ctrl Pts',(-74.0901645675904,15.3389379374374,-3.04999999999936));
#9447=CARTESIAN_POINT('Ctrl Pts',(-74.0463222849368,15.3858367494787,-3.04999999999938));
#9448=CARTESIAN_POINT('Ctrl Pts',(-74.0169049304673,15.417174361827,-3.04999999999939));
#9449=CARTESIAN_POINT('Ctrl Pts',(-74.0021619741283,15.4328538443693,-3.04999999999939));
#9450=CARTESIAN_POINT('Ctrl Pts',(-73.987385844684,15.448542801375,-3.04999999999939));
#9451=CARTESIAN_POINT('Ctrl Pts',(-73.967636918184,15.4694771449865,-3.04999999999939));
#9452=CARTESIAN_POINT('Ctrl Pts',(-73.947829346589,15.4904223239643,-3.04999999999939));
#9453=CARTESIAN_POINT('Ctrl Pts',(-73.9279434097493,15.5113978805003,-3.04999999999939));
#9454=CARTESIAN_POINT('Ctrl Pts',(-73.898050027357,15.5428774125705,-3.04999999999939));
#9455=CARTESIAN_POINT('Ctrl Pts',(-73.8529817153612,15.5901431249369,-3.0499999999994));
#9456=CARTESIAN_POINT('Ctrl Pts',(-73.8075023148026,15.6375252387936,-3.0499999999994));
#9457=CARTESIAN_POINT('Ctrl Pts',(-73.7795243944777,15.6665519963438,-3.0499999999994));
#9458=CARTESIAN_POINT('Ctrl Pts',(-73.7693353254048,15.6771099587491,-3.0499999999994));
#9459=CARTESIAN_POINT('Ctrl Pts',(-73.7540155842135,15.6929706321634,-3.0499999999994));
#9460=CARTESIAN_POINT('Ctrl Pts',(-73.7311115234073,15.7166382088735,-3.04999999999941));
#9461=CARTESIAN_POINT('Ctrl Pts',(-73.7000262374165,15.7486429311451,-3.04999999999942));
#9462=CARTESIAN_POINT('Ctrl Pts',(-73.6492732121123,15.8007512177242,-3.04999999999943));
#9463=CARTESIAN_POINT('Ctrl Pts',(-73.5942643158429,15.8567962907437,-3.04999999999947));
#9464=CARTESIAN_POINT('Ctrl Pts',(-73.5454282336677,15.9062811218147,-3.04999999999947));
#9465=CARTESIAN_POINT('Ctrl Pts',(-73.5062778187462,15.9457728936001,-3.04999999999948));
#9466=CARTESIAN_POINT('Ctrl Pts',(-73.4931057460414,15.9590246364024,-3.04999999999948));
#9467=CARTESIAN_POINT('Ctrl Pts',(-73.4813355753134,15.9708621714496,-3.04999999999951));
#9468=CARTESIAN_POINT('Ctrl Pts',(-73.4678242696173,15.9844229662304,-3.04999999999952));
#9469=CARTESIAN_POINT('Ctrl Pts',(-73.4597944195852,15.9924746216904,-3.04999999999952));
#9470=CARTESIAN_POINT('Ctrl Pts',(-73.4531999444625,15.9990818173582,-3.04999999999952));
#9471=CARTESIAN_POINT('Ctrl Pts',(-73.4491137509723,16.0031737814834,-3.04999999999953));
#9472=CARTESIAN_POINT('Ctrl Pts',(-73.4458280361125,16.0064628872793,-3.04999999999953));
#9473=CARTESIAN_POINT('Ctrl Pts',(-73.442545687001,16.0097477739808,-3.04999999999953));
#9474=CARTESIAN_POINT('Ctrl Pts',(-73.4335125260723,16.01878442551,-3.04999999999953));
#9475=CARTESIAN_POINT('Ctrl Pts',(-73.4220425154249,16.0302437068027,-3.04999999999955));
#9476=CARTESIAN_POINT('Ctrl Pts',(-73.4105089909845,16.0417490722357,-3.04999999999955));
#9477=CARTESIAN_POINT('Ctrl Pts',(-73.4039131190463,16.048323753928,-3.04999999999956));
#9478=CARTESIAN_POINT('Ctrl Pts',(-73.3940078141588,16.058192223737,-3.04999999999956));
#9479=CARTESIAN_POINT('Ctrl Pts',(-73.3841274806613,16.0680226065284,-3.04999999999959));
#9480=CARTESIAN_POINT('Ctrl Pts',(-73.3741910602782,16.0778966503384,-3.04999999999959));
#9481=CARTESIAN_POINT('Ctrl Pts',(-73.3692216368106,16.0828323082959,-3.04999999999959));
#9482=CARTESIAN_POINT('Ctrl Pts',(-73.3642480778112,16.0877695488713,-3.04999999999959));
#9483=CARTESIAN_POINT('Ctrl Pts',(-73.3476600439436,16.1042279664352,-3.0499999999996));
#9484=CARTESIAN_POINT('Ctrl Pts',(-73.3294899092387,16.1222120211851,-3.04999999999972));
#9485=CARTESIAN_POINT('Ctrl Pts',(-73.309461456598,16.1419871439106,-3.04999999999972));
#9486=CARTESIAN_POINT('Ctrl Pts',(-73.3011137117307,16.1502206431744,-3.04999999999973));
#9487=CARTESIAN_POINT('Ctrl Pts',(-73.2944229350148,16.1568149009023,-3.04999999999973));
#9488=CARTESIAN_POINT('Ctrl Pts',(-73.28940251011,16.1617603373919,-3.04999999999974));
#9489=CARTESIAN_POINT('Ctrl Pts',(-73.2843786335787,16.1667066343756,-3.04999999999974));
#9490=CARTESIAN_POINT('Ctrl Pts',(-73.2776754887223,16.173302882765,-3.04999999999974));
#9491=CARTESIAN_POINT('Ctrl Pts',(-73.2692930616288,16.1815451541945,-3.04999999999974));
#9492=CARTESIAN_POINT('Ctrl Pts',(-73.2592184354077,16.1914412145949,-3.04999999999974));
#9493=CARTESIAN_POINT('Ctrl Pts',(-73.2508142835404,16.1996878576712,-3.04999999999974));
#9494=CARTESIAN_POINT('Ctrl Pts',(-73.2440813904287,16.2062895540248,-3.04999999999974));
#9495=CARTESIAN_POINT('Ctrl Pts',(-73.2339752140305,16.2161937162162,-3.04999999999974));
#9496=CARTESIAN_POINT('Ctrl Pts',(-73.2221847644373,16.2277330604025,-3.04999999999975));
#9497=CARTESIAN_POINT('Ctrl Pts',(-73.2086637277372,16.2409463391923,-3.04999999999975));
#9498=CARTESIAN_POINT('Ctrl Pts',(-73.1985132484474,16.2508554675466,-3.04999999999976));
#9499=CARTESIAN_POINT('Ctrl Pts',(-73.1883485697852,16.2607682886075,-3.04999999999976));
#9500=CARTESIAN_POINT('Ctrl Pts',(-73.1747779690633,16.2739890371949,-3.04999999999976));
#9501=CARTESIAN_POINT('Ctrl Pts',(-73.1577918264445,16.2905113954067,-3.04999999999976));
#9502=CARTESIAN_POINT('Ctrl Pts',(-73.1373519680913,16.3103524218904,-3.04999999999977));
#9503=CARTESIAN_POINT('Ctrl Pts',(-73.1168602078991,16.3302028843056,-3.04999999999977));
#9504=CARTESIAN_POINT('Ctrl Pts',(-73.0997415772884,16.3467515901024,-3.04999999999977));
#9505=CARTESIAN_POINT('Ctrl Pts',(-73.0877309173523,16.3583446571012,-3.04999999999977));
#9506=CARTESIAN_POINT('Ctrl Pts',(-73.0808599832944,16.3649716293156,-3.04999999999977));
#9507=CARTESIAN_POINT('Ctrl Pts',(-73.0636724197277,16.3815403590815,-3.04999999999977));
#9508=CARTESIAN_POINT('Ctrl Pts',(-73.0412982855165,16.4030574186479,-3.04999999999979));
#9509=CARTESIAN_POINT('Ctrl Pts',(-73.0136144719938,16.4296005661387,-3.04999999999979));
#9510=CARTESIAN_POINT('Ctrl Pts',(-72.9719994692729,16.4694178764467,-3.04999999999981));
#9511=CARTESIAN_POINT('Ctrl Pts',(-72.9231716621999,16.5158949216653,-3.04999999999984));
#9512=CARTESIAN_POINT('Ctrl Pts',(-72.873929935995,16.5624788708755,-3.04999999999985));
#9513=CARTESIAN_POINT('Ctrl Pts',(-72.8456833795131,16.5891183342137,-3.04999999999985));
#9514=CARTESIAN_POINT('Ctrl Pts',(-72.8173607003843,16.6157748678308,-3.04999999999985));
#9515=CARTESIAN_POINT('Ctrl Pts',(-72.7818324045442,16.6491091746114,-3.04999999999986));
#9516=CARTESIAN_POINT('Ctrl Pts',(-72.7389722454051,16.6891577340573,-3.04999999999987));
#9517=CARTESIAN_POINT('Ctrl Pts',(-72.6958941613366,16.7292441623764,-3.04999999999987));
#9518=CARTESIAN_POINT('Ctrl Pts',(-72.6092852402656,16.8095077675457,-3.04999999999988));
#9519=CARTESIAN_POINT('Ctrl Pts',(-72.5070380615154,16.9032866547756,-3.04999999999993));
#9520=CARTESIAN_POINT('Ctrl Pts',(-72.388256298247,17.0109001772779,-3.04999999999993));
#9521=CARTESIAN_POINT('Ctrl Pts',(-72.2982631389096,17.0917611231844,-3.04999999999995));
#9522=CARTESIAN_POINT('Ctrl Pts',(-72.2073281022568,17.1727995274041,-3.04999999999995));
#9523=CARTESIAN_POINT('Ctrl Pts',(-72.0848243065902,17.2810762950205,-3.04999999999996));
#9524=CARTESIAN_POINT('Ctrl Pts',(-71.9759705980754,17.3761095334084,-3.04999999999997));
#9525=CARTESIAN_POINT('Ctrl Pts',(-71.8814348500181,17.4578003460344,-3.04999999999997));
#9526=CARTESIAN_POINT('Ctrl Pts',(-71.8339219324563,17.4986887813118,-3.04999999999997));
#9527=CARTESIAN_POINT('Ctrl Pts',(-71.7861630158446,17.5396214710832,-3.04999999999997));
#9528=CARTESIAN_POINT('Ctrl Pts',(-71.6261277717289,17.6762174648218,-3.04999999999997));
#9529=CARTESIAN_POINT('Ctrl Pts',(-71.4132216284594,17.8546472362237,-3.04999999999999));
#9530=CARTESIAN_POINT('Ctrl Pts',(-71.1765379129108,18.0481658898129,-3.04999999999999));
#9531=CARTESIAN_POINT('Ctrl Pts',(-71.0393268846734,18.159035654914,-3.04999999999999));
#9532=CARTESIAN_POINT('Ctrl Pts',(-70.4135583984355,18.6600864581981,-3.05));
#9533=CARTESIAN_POINT('Ctrl Pts',(-69.1759640673057,19.5905688162125,-3.05));
#9534=CARTESIAN_POINT('Ctrl Pts',(-67.0200118326489,21.0172243571171,-3.05));
#9535=CARTESIAN_POINT('Ctrl Pts',(-64.9732598224005,22.229879327473,-3.05));
#9536=CARTESIAN_POINT('Ctrl Pts',(-63.4027610855888,23.0867996141104,-3.05));
#9537=CARTESIAN_POINT('Ctrl Pts',(-62.4397073178681,23.5948719857124,-3.05));
#9538=CARTESIAN_POINT('Ctrl Pts',(-61.9584203475089,23.8426417487905,-3.05));
#9539=CARTESIAN_POINT('Ctrl Pts',(-61.5988001575829,24.0244642121489,-3.05));
#9540=CARTESIAN_POINT('',(-61.9467371845563,23.847521545124,-3.05));
#9541=CARTESIAN_POINT('Ctrl Pts',(-62.5012085418944,25.8093056919236,-5.05));
#9542=CARTESIAN_POINT('Ctrl Pts',(-62.5501854850908,25.6247039657421,-4.90735619302583));
#9543=CARTESIAN_POINT('Ctrl Pts',(-62.570771795467,25.4406436413627,-4.75265641474565));
#9544=CARTESIAN_POINT('Ctrl Pts',(-62.5646902429572,25.076054213861,-4.42512262666964));
#9545=CARTESIAN_POINT('Ctrl Pts',(-62.535447273648,24.8943241372394,-4.25006040358715));
#9546=CARTESIAN_POINT('Ctrl Pts',(-62.3849564041583,24.3919956978064,-3.73440176969134));
#9547=CARTESIAN_POINT('Ctrl Pts',(-62.2012221430983,24.0896667794373,-3.38147134213243));
#9548=CARTESIAN_POINT('Ctrl Pts',(-61.9467371845563,23.847521545124,-3.05));
#9549=CARTESIAN_POINT('',(-75.934141040381,13.1200021327311,-3.05));
#9550=CARTESIAN_POINT('Ctrl Pts',(-75.934141040381,13.1200021327311,-3.05));
#9551=CARTESIAN_POINT('Ctrl Pts',(-76.1145642307484,13.2424549852761,-3.26788223152979));
#9552=CARTESIAN_POINT('Ctrl Pts',(-76.3167723513121,13.3365970962857,-3.48640529841307));
#9553=CARTESIAN_POINT('Ctrl Pts',(-76.7412124185638,13.4516422396699,-3.89704077312128));
#9554=CARTESIAN_POINT('Ctrl Pts',(-76.964564180346,13.476402042151,-4.09229748764651));
#9555=CARTESIAN_POINT('Ctrl Pts',(-77.4201581997257,13.4447668696637,-4.44535289849928));
#9556=CARTESIAN_POINT('Ctrl Pts',(-77.6539054761178,13.3905414552626,-4.60557119300148));
#9557=CARTESIAN_POINT('Ctrl Pts',(-78.0592213795517,13.2068954299641,-4.83724886489798));
#9558=CARTESIAN_POINT('Ctrl Pts',(-78.2312550002757,13.0980231828717,-4.91969947106683));
#9559=CARTESIAN_POINT('Ctrl Pts',(-78.5284139915516,12.8329445855839,-5.02396418807006));
#9560=CARTESIAN_POINT('Ctrl Pts',(-78.6523607076795,12.6871009504965,-5.05));
#9561=CARTESIAN_POINT('Ctrl Pts',(-78.7546803709975,12.5229080694125,-5.05000000000001));
#9562=CARTESIAN_POINT('Ctrl Pts',(-75.9341676163454,13.1200217529497,-3.04999999999979));
#9563=CARTESIAN_POINT('Ctrl Pts',(-75.9272636526077,13.12937450333,-3.04999999999979));
#9564=CARTESIAN_POINT('Ctrl Pts',(-75.8928741999647,13.1758936608738,-3.04999999999978));
#9565=CARTESIAN_POINT('Ctrl Pts',(-75.8302904373392,13.2599398371377,-3.04999999999978));
#9566=CARTESIAN_POINT('Ctrl Pts',(-75.7170533030723,13.4102430890533,-3.04999999999976));
#9567=CARTESIAN_POINT('Ctrl Pts',(-75.5133031537256,13.6759633212767,-3.04999999999973));
#9568=CARTESIAN_POINT('Ctrl Pts',(-75.3135274278072,13.9274435737036,-3.04999999999948));
#9569=CARTESIAN_POINT('Ctrl Pts',(-75.1610673871697,14.1139556578768,-3.04999999999945));
#9570=CARTESIAN_POINT('Ctrl Pts',(-75.128743325786,14.1533150082638,-3.04999999999945));
#9571=CARTESIAN_POINT('Ctrl Pts',(-75.0962688709612,14.1927349472467,-3.04999999999945));
#9572=CARTESIAN_POINT('Ctrl Pts',(-75.0553972869423,14.2421183837301,-3.04999999999944));
#9573=CARTESIAN_POINT('Ctrl Pts',(-74.9893858003144,14.3213797748412,-3.04999999999943));
#9574=CARTESIAN_POINT('Ctrl Pts',(-74.9224759222925,14.4009757533696,-3.04999999999939));
#9575=CARTESIAN_POINT('Ctrl Pts',(-74.8546014575475,14.4809529214625,-3.04999999999937));
#9576=CARTESIAN_POINT('Ctrl Pts',(-74.7860936699147,14.5611675849551,-3.04999999999936));
#9577=CARTESIAN_POINT('Ctrl Pts',(-74.7166587601158,14.6417052040701,-3.0499999999993));
#9578=CARTESIAN_POINT('Ctrl Pts',(-74.6550233031529,14.7125093626552,-3.04999999999928));
#9579=CARTESIAN_POINT('Ctrl Pts',(-74.6195542833277,14.7530589520576,-3.04999999999928));
#9580=CARTESIAN_POINT('Ctrl Pts',(-74.5995111663341,14.7758998772633,-3.04999999999927));
#9581=CARTESIAN_POINT('Ctrl Pts',(-74.5861085504241,14.7911425075465,-3.04999999999927));
#9582=CARTESIAN_POINT('Ctrl Pts',(-74.5771630539585,14.8013079455566,-3.04999999999927));
#9583=CARTESIAN_POINT('Ctrl Pts',(-74.5614820546851,14.8191061194869,-3.04999999999927));
#9584=CARTESIAN_POINT('Ctrl Pts',(-74.5390045025111,14.8445573698578,-3.04999999999926));
#9585=CARTESIAN_POINT('Ctrl Pts',(-74.5119072179388,14.8751411124577,-3.04999999999925));
#9586=CARTESIAN_POINT('Ctrl Pts',(-74.4756048369722,14.915981973427,-3.04999999999925));
#9587=CARTESIAN_POINT('Ctrl Pts',(-74.4470647616281,14.9479374358671,-3.04999999999922));
#9588=CARTESIAN_POINT('Ctrl Pts',(-74.4264004212799,14.9709935462517,-3.04999999999921));
#9589=CARTESIAN_POINT('Ctrl Pts',(-74.4218053949582,14.9761183149675,-3.04999999999921));
#9590=CARTESIAN_POINT('Ctrl Pts',(-74.4137576235157,14.9850884947142,-3.04999999999922));
#9591=CARTESIAN_POINT('Ctrl Pts',(-74.3976347434659,15.0030376034939,-3.04999999999922));
#9592=CARTESIAN_POINT('Ctrl Pts',(-74.3745261466269,15.0287017618365,-3.04999999999923));
#9593=CARTESIAN_POINT('Ctrl Pts',(-74.3466656116314,15.0595430350699,-3.04999999999924));
#9594=CARTESIAN_POINT('Ctrl Pts',(-74.3186766177445,15.0904261425352,-3.04999999999925));
#9595=CARTESIAN_POINT('Ctrl Pts',(-74.2905582561129,15.1213513254175,-3.04999999999926));
#9596=CARTESIAN_POINT('Ctrl Pts',(-74.2528918817504,15.1626428587055,-3.04999999999927));
#9597=CARTESIAN_POINT('Ctrl Pts',(-74.2055022521785,15.2143421728166,-3.0499999999993));
#9598=CARTESIAN_POINT('Ctrl Pts',(-74.1481010766222,15.2765550682396,-3.04999999999933));
#9599=CARTESIAN_POINT('Ctrl Pts',(-74.0901645675904,15.3389379374374,-3.04999999999936));
#9600=CARTESIAN_POINT('Ctrl Pts',(-74.0463222849368,15.3858367494787,-3.04999999999938));
#9601=CARTESIAN_POINT('Ctrl Pts',(-74.0169049304673,15.417174361827,-3.04999999999939));
#9602=CARTESIAN_POINT('Ctrl Pts',(-74.0021619741283,15.4328538443693,-3.04999999999939));
#9603=CARTESIAN_POINT('Ctrl Pts',(-73.987385844684,15.448542801375,-3.04999999999939));
#9604=CARTESIAN_POINT('Ctrl Pts',(-73.967636918184,15.4694771449865,-3.04999999999939));
#9605=CARTESIAN_POINT('Ctrl Pts',(-73.947829346589,15.4904223239643,-3.04999999999939));
#9606=CARTESIAN_POINT('Ctrl Pts',(-73.9279434097493,15.5113978805003,-3.04999999999939));
#9607=CARTESIAN_POINT('Ctrl Pts',(-73.898050027357,15.5428774125705,-3.04999999999939));
#9608=CARTESIAN_POINT('Ctrl Pts',(-73.8529817153612,15.5901431249369,-3.0499999999994));
#9609=CARTESIAN_POINT('Ctrl Pts',(-73.8075023148026,15.6375252387936,-3.0499999999994));
#9610=CARTESIAN_POINT('Ctrl Pts',(-73.7795243944777,15.6665519963438,-3.0499999999994));
#9611=CARTESIAN_POINT('Ctrl Pts',(-73.7693353254048,15.6771099587491,-3.0499999999994));
#9612=CARTESIAN_POINT('Ctrl Pts',(-73.7540155842135,15.6929706321634,-3.0499999999994));
#9613=CARTESIAN_POINT('Ctrl Pts',(-73.7311115234073,15.7166382088735,-3.04999999999941));
#9614=CARTESIAN_POINT('Ctrl Pts',(-73.7000262374165,15.7486429311451,-3.04999999999942));
#9615=CARTESIAN_POINT('Ctrl Pts',(-73.6492732121123,15.8007512177242,-3.04999999999943));
#9616=CARTESIAN_POINT('Ctrl Pts',(-73.5942643158429,15.8567962907437,-3.04999999999947));
#9617=CARTESIAN_POINT('Ctrl Pts',(-73.5454282336677,15.9062811218147,-3.04999999999947));
#9618=CARTESIAN_POINT('Ctrl Pts',(-73.5062778187462,15.9457728936001,-3.04999999999948));
#9619=CARTESIAN_POINT('Ctrl Pts',(-73.4931057460414,15.9590246364024,-3.04999999999948));
#9620=CARTESIAN_POINT('Ctrl Pts',(-73.4813355753134,15.9708621714496,-3.04999999999951));
#9621=CARTESIAN_POINT('Ctrl Pts',(-73.4678242696173,15.9844229662304,-3.04999999999952));
#9622=CARTESIAN_POINT('Ctrl Pts',(-73.4597944195852,15.9924746216904,-3.04999999999952));
#9623=CARTESIAN_POINT('Ctrl Pts',(-73.4531999444625,15.9990818173582,-3.04999999999952));
#9624=CARTESIAN_POINT('Ctrl Pts',(-73.4491137509723,16.0031737814834,-3.04999999999953));
#9625=CARTESIAN_POINT('Ctrl Pts',(-73.4458280361125,16.0064628872793,-3.04999999999953));
#9626=CARTESIAN_POINT('Ctrl Pts',(-73.442545687001,16.0097477739808,-3.04999999999953));
#9627=CARTESIAN_POINT('Ctrl Pts',(-73.4335125260723,16.01878442551,-3.04999999999953));
#9628=CARTESIAN_POINT('Ctrl Pts',(-73.4220425154249,16.0302437068027,-3.04999999999955));
#9629=CARTESIAN_POINT('Ctrl Pts',(-73.4105089909845,16.0417490722357,-3.04999999999955));
#9630=CARTESIAN_POINT('Ctrl Pts',(-73.4039131190463,16.048323753928,-3.04999999999956));
#9631=CARTESIAN_POINT('Ctrl Pts',(-73.3940078141588,16.058192223737,-3.04999999999956));
#9632=CARTESIAN_POINT('Ctrl Pts',(-73.3841274806613,16.0680226065284,-3.04999999999959));
#9633=CARTESIAN_POINT('Ctrl Pts',(-73.3741910602782,16.0778966503384,-3.04999999999959));
#9634=CARTESIAN_POINT('Ctrl Pts',(-73.3692216368106,16.0828323082959,-3.04999999999959));
#9635=CARTESIAN_POINT('Ctrl Pts',(-73.3642480778112,16.0877695488713,-3.04999999999959));
#9636=CARTESIAN_POINT('Ctrl Pts',(-73.3476600439436,16.1042279664352,-3.0499999999996));
#9637=CARTESIAN_POINT('Ctrl Pts',(-73.3294899092387,16.1222120211851,-3.04999999999972));
#9638=CARTESIAN_POINT('Ctrl Pts',(-73.309461456598,16.1419871439106,-3.04999999999972));
#9639=CARTESIAN_POINT('Ctrl Pts',(-73.3011137117307,16.1502206431744,-3.04999999999973));
#9640=CARTESIAN_POINT('Ctrl Pts',(-73.2944229350148,16.1568149009023,-3.04999999999973));
#9641=CARTESIAN_POINT('Ctrl Pts',(-73.28940251011,16.1617603373919,-3.04999999999974));
#9642=CARTESIAN_POINT('Ctrl Pts',(-73.2843786335787,16.1667066343756,-3.04999999999974));
#9643=CARTESIAN_POINT('Ctrl Pts',(-73.2776754887223,16.173302882765,-3.04999999999974));
#9644=CARTESIAN_POINT('Ctrl Pts',(-73.2692930616288,16.1815451541945,-3.04999999999974));
#9645=CARTESIAN_POINT('Ctrl Pts',(-73.2592184354077,16.1914412145949,-3.04999999999974));
#9646=CARTESIAN_POINT('Ctrl Pts',(-73.2508142835404,16.1996878576712,-3.04999999999974));
#9647=CARTESIAN_POINT('Ctrl Pts',(-73.2440813904287,16.2062895540248,-3.04999999999974));
#9648=CARTESIAN_POINT('Ctrl Pts',(-73.2339752140305,16.2161937162162,-3.04999999999974));
#9649=CARTESIAN_POINT('Ctrl Pts',(-73.2221847644373,16.2277330604025,-3.04999999999975));
#9650=CARTESIAN_POINT('Ctrl Pts',(-73.2086637277372,16.2409463391923,-3.04999999999975));
#9651=CARTESIAN_POINT('Ctrl Pts',(-73.1985132484474,16.2508554675466,-3.04999999999976));
#9652=CARTESIAN_POINT('Ctrl Pts',(-73.1883485697852,16.2607682886075,-3.04999999999976));
#9653=CARTESIAN_POINT('Ctrl Pts',(-73.1747779690633,16.2739890371949,-3.04999999999976));
#9654=CARTESIAN_POINT('Ctrl Pts',(-73.1577918264445,16.2905113954067,-3.04999999999976));
#9655=CARTESIAN_POINT('Ctrl Pts',(-73.1373519680913,16.3103524218904,-3.04999999999977));
#9656=CARTESIAN_POINT('Ctrl Pts',(-73.1168602078991,16.3302028843056,-3.04999999999977));
#9657=CARTESIAN_POINT('Ctrl Pts',(-73.0997415772884,16.3467515901024,-3.04999999999977));
#9658=CARTESIAN_POINT('Ctrl Pts',(-73.0877309173523,16.3583446571012,-3.04999999999977));
#9659=CARTESIAN_POINT('Ctrl Pts',(-73.0808599832944,16.3649716293156,-3.04999999999977));
#9660=CARTESIAN_POINT('Ctrl Pts',(-73.0636724197277,16.3815403590815,-3.04999999999977));
#9661=CARTESIAN_POINT('Ctrl Pts',(-73.0412982855165,16.4030574186479,-3.04999999999979));
#9662=CARTESIAN_POINT('Ctrl Pts',(-73.0136144719938,16.4296005661387,-3.04999999999979));
#9663=CARTESIAN_POINT('Ctrl Pts',(-72.9719994692729,16.4694178764467,-3.04999999999981));
#9664=CARTESIAN_POINT('Ctrl Pts',(-72.9231716621999,16.5158949216653,-3.04999999999984));
#9665=CARTESIAN_POINT('Ctrl Pts',(-72.873929935995,16.5624788708755,-3.04999999999985));
#9666=CARTESIAN_POINT('Ctrl Pts',(-72.8456833795131,16.5891183342137,-3.04999999999985));
#9667=CARTESIAN_POINT('Ctrl Pts',(-72.8173607003843,16.6157748678308,-3.04999999999985));
#9668=CARTESIAN_POINT('Ctrl Pts',(-72.7818324045442,16.6491091746114,-3.04999999999986));
#9669=CARTESIAN_POINT('Ctrl Pts',(-72.7389722454051,16.6891577340573,-3.04999999999987));
#9670=CARTESIAN_POINT('Ctrl Pts',(-72.6958941613366,16.7292441623764,-3.04999999999987));
#9671=CARTESIAN_POINT('Ctrl Pts',(-72.6092852402656,16.8095077675457,-3.04999999999988));
#9672=CARTESIAN_POINT('Ctrl Pts',(-72.5070380615154,16.9032866547756,-3.04999999999993));
#9673=CARTESIAN_POINT('Ctrl Pts',(-72.388256298247,17.0109001772779,-3.04999999999993));
#9674=CARTESIAN_POINT('Ctrl Pts',(-72.2982631389096,17.0917611231844,-3.04999999999995));
#9675=CARTESIAN_POINT('Ctrl Pts',(-72.2073281022568,17.1727995274041,-3.04999999999995));
#9676=CARTESIAN_POINT('Ctrl Pts',(-72.0848243065902,17.2810762950205,-3.04999999999996));
#9677=CARTESIAN_POINT('Ctrl Pts',(-71.9759705980754,17.3761095334084,-3.04999999999997));
#9678=CARTESIAN_POINT('Ctrl Pts',(-71.8814348500181,17.4578003460344,-3.04999999999997));
#9679=CARTESIAN_POINT('Ctrl Pts',(-71.8339219324563,17.4986887813118,-3.04999999999997));
#9680=CARTESIAN_POINT('Ctrl Pts',(-71.7861630158446,17.5396214710832,-3.04999999999997));
#9681=CARTESIAN_POINT('Ctrl Pts',(-71.6261277717289,17.6762174648218,-3.04999999999997));
#9682=CARTESIAN_POINT('Ctrl Pts',(-71.4132216284594,17.8546472362237,-3.04999999999999));
#9683=CARTESIAN_POINT('Ctrl Pts',(-71.1765379129108,18.0481658898129,-3.04999999999999));
#9684=CARTESIAN_POINT('Ctrl Pts',(-71.0393268846734,18.159035654914,-3.04999999999999));
#9685=CARTESIAN_POINT('Ctrl Pts',(-70.4135583984355,18.6600864581981,-3.05));
#9686=CARTESIAN_POINT('Ctrl Pts',(-69.1759640673057,19.5905688162125,-3.05));
#9687=CARTESIAN_POINT('Ctrl Pts',(-67.0200118326489,21.0172243571171,-3.05));
#9688=CARTESIAN_POINT('Ctrl Pts',(-64.9732598224005,22.229879327473,-3.05));
#9689=CARTESIAN_POINT('Ctrl Pts',(-63.4027610855888,23.0867996141104,-3.05));
#9690=CARTESIAN_POINT('Ctrl Pts',(-62.5560498139755,23.5334938883552,-3.05));
#9691=CARTESIAN_POINT('Ctrl Pts',(-62.1910034131727,23.7225478254895,-3.05));
#9692=CARTESIAN_POINT('Ctrl Pts',(-61.9467321483617,23.847511700158,-3.05));
#9693=CARTESIAN_POINT('Origin',(-65.399914,14.31219,-3.05));
#9694=CARTESIAN_POINT('',(-61.373392297436,23.4657206291497,-3.05));
#9695=CARTESIAN_POINT('Origin',(-65.399914,14.31219,-3.05));
#9696=CARTESIAN_POINT('Ctrl Pts',(-61.373392297436,23.4657206291497,-3.05));
#9697=CARTESIAN_POINT('Ctrl Pts',(-61.5846215702757,23.5586376997058,-3.05));
#9698=CARTESIAN_POINT('Ctrl Pts',(-61.7794236070902,23.6892578493192,-3.05));
#9699=CARTESIAN_POINT('Ctrl Pts',(-61.9468286957493,23.8483074219696,-3.05));
#9700=CARTESIAN_POINT('Ctrl Pts',(-75.934454176935,13.1199515391996,-3.05));
#9701=CARTESIAN_POINT('Ctrl Pts',(-75.8985763413204,13.095716269182,-3.05));
#9702=CARTESIAN_POINT('Ctrl Pts',(-75.8635066321483,13.0702958076136,-3.05));
#9703=CARTESIAN_POINT('Ctrl Pts',(-75.8293327895183,13.0437192132228,-3.05));
#9704=CARTESIAN_POINT('Ctrl Pts',(-75.477315253783,12.7699593271316,-3.05));
#9705=CARTESIAN_POINT('Ctrl Pts',(-75.2203547574209,12.3735265226529,-3.05));
#9706=CARTESIAN_POINT('Ctrl Pts',(-75.1143917120775,11.9396549040427,-3.05));
#9707=CARTESIAN_POINT('Origin',(0.,0.440804987693415,-0.05));
#9708=CARTESIAN_POINT('',(61.7178204363797,31.0121698653443,-0.05));
#9709=CARTESIAN_POINT('Origin',(62.4292661581291,31.7149109165178,-0.05));
#9710=CARTESIAN_POINT('',(38.3014417091989,55.0784028547791,-0.05));
#9711=CARTESIAN_POINT('',(54.2416171550025,38.6958536724033,-0.05));
#9712=CARTESIAN_POINT('',(4.39829000057424,66.4867935563751,-0.05));
#9713=CARTESIAN_POINT('Ctrl Pts',(38.3014417091987,55.0784028547792,-0.05));
#9714=CARTESIAN_POINT('Ctrl Pts',(38.2791579020604,55.090494550394,-0.05));
#9715=CARTESIAN_POINT('Ctrl Pts',(38.2568740949221,55.1025862460088,-0.05));
#9716=CARTESIAN_POINT('Ctrl Pts',(38.2345902877837,55.1146779416236,-0.05));
#9717=CARTESIAN_POINT('Ctrl Pts',(29.5462070983268,59.8291903343893,-0.05));
#9718=CARTESIAN_POINT('Ctrl Pts',(21.9771612757354,62.9045827429212,-0.05));
#9719=CARTESIAN_POINT('Ctrl Pts',(15.2366214675095,64.6587299549097,-0.05));
#9720=CARTESIAN_POINT('Ctrl Pts',(11.3924891127731,65.6591207610505,-0.05));
#9721=CARTESIAN_POINT('Ctrl Pts',(7.80878256994908,66.2445816573373,-0.05));
#9722=CARTESIAN_POINT('Ctrl Pts',(4.39797269317906,66.4934953143707,-0.05));
#9723=CARTESIAN_POINT('',(4.39829,37.1346457500881,-0.05));
#9724=CARTESIAN_POINT('',(48.7598839746447,42.7543256237308,-0.05));
#9725=CARTESIAN_POINT('Origin',(48.0527771934581,42.0472188425442,-0.05));
#9726=CARTESIAN_POINT('',(58.942221623731,32.5719879746445,-0.05));
#9727=CARTESIAN_POINT('',(46.7947397493996,44.7194698489759,-0.05));
#9728=CARTESIAN_POINT('',(58.942221623731,31.1577744122714,-0.05));
#9729=CARTESIAN_POINT('Origin',(58.2351148425444,31.864881193458,-0.05));
#9730=CARTESIAN_POINT('',(36.880977252247,9.09653004078744,-0.05));
#9731=CARTESIAN_POINT('Origin',(62.4292661581291,31.7149109165178,-0.05));
#9732=CARTESIAN_POINT('',(61.7178204363797,31.0121698653443,-0.05));
#9733=CARTESIAN_POINT('Origin',(0.,0.440804987693415,1.56));
#9734=CARTESIAN_POINT('',(4.39829,67.809387566726,1.56));
#9735=CARTESIAN_POINT('Ctrl Pts',(4.39829,67.809387566726,1.56));
#9736=CARTESIAN_POINT('Ctrl Pts',(4.39829,67.8528297016762,1.56));
#9737=CARTESIAN_POINT('Ctrl Pts',(4.40133273560043,67.8960538120076,1.55999930348627));
#9738=CARTESIAN_POINT('Ctrl Pts',(4.4072136815911,67.9388361217625,1.55999831138565));
#9739=CARTESIAN_POINT('Ctrl Pts',(4.4132865700277,67.9830147614939,1.55999728690484));
#9740=CARTESIAN_POINT('Ctrl Pts',(4.4223862263015,68.0267232996446,1.55999595606402));
#9741=CARTESIAN_POINT('Ctrl Pts',(4.4343435599104,68.0697121543262,1.5599947325498));
#9742=CARTESIAN_POINT('Ctrl Pts',(4.44551788067188,68.109885931114,1.55999358915607));
#9743=CARTESIAN_POINT('Ctrl Pts',(4.45918875458363,68.1494318526185,1.55999254526574));
#9744=CARTESIAN_POINT('Ctrl Pts',(4.47525664244279,68.1881316981148,1.55999181121287));
#9745=CARTESIAN_POINT('Ctrl Pts',(4.49243453189107,68.2295050057596,1.55999102645017));
#9746=CARTESIAN_POINT('Ctrl Pts',(4.51223958554004,68.2696421990822,1.5599906284364));
#9747=CARTESIAN_POINT('Ctrl Pts',(4.53449231724807,68.3083005663447,1.55999069573675));
#9748=CARTESIAN_POINT('Ctrl Pts',(4.55663828029792,68.3467734506717,1.55999076271419));
#9749=CARTESIAN_POINT('Ctrl Pts',(4.58120910018646,68.3837826609576,1.55999129927065));
#9750=CARTESIAN_POINT('Ctrl Pts',(4.60807381865419,68.4190677045289,1.55999219660574));
#9751=CARTESIAN_POINT('Ctrl Pts',(4.63264775062609,68.4513439504679,1.559993017424));
#9752=CARTESIAN_POINT('Ctrl Pts',(4.65914187941122,68.482177879481,1.55999414312129));
#9753=CARTESIAN_POINT('Ctrl Pts',(4.68748362898749,68.5113437052978,1.55999525904169));
#9754=CARTESIAN_POINT('Ctrl Pts',(4.71854759264711,68.5433108974022,1.55999648214582));
#9755=CARTESIAN_POINT('Ctrl Pts',(4.75162908173606,68.5730667751223,1.55999770774074));
#9756=CARTESIAN_POINT('Ctrl Pts',(4.78658647474465,68.6003601735618,1.55999821213535));
#9757=CARTESIAN_POINT('Ctrl Pts',(4.79585007334153,68.6075928378347,1.55999834579833));
#9758=CARTESIAN_POINT('Ctrl Pts',(4.80524562345291,68.6146524006469,1.55999842725693));
#9759=CARTESIAN_POINT('Ctrl Pts',(4.81477094171041,68.6215337643469,1.55999843933167));
#9760=CARTESIAN_POINT('Ctrl Pts',(4.85061135797983,68.647425911238,1.55999848476466));
#9761=CARTESIAN_POINT('Ctrl Pts',(4.88828685565308,68.6707987850755,1.55999757929356));
#9762=CARTESIAN_POINT('Ctrl Pts',(4.92748667589269,68.6915891356385,1.5599966326971));
#9763=CARTESIAN_POINT('Ctrl Pts',(4.95303348929987,68.7051383612027,1.55999601579318));
#9764=CARTESIAN_POINT('Ctrl Pts',(4.97922838664001,68.717589826316,1.55999537349736));
#9765=CARTESIAN_POINT('Ctrl Pts',(5.00598970705644,68.7289149705095,1.55999486079488));
#9766=CARTESIAN_POINT('Ctrl Pts',(5.04706811145632,68.7462989727123,1.55999407380083));
#9767=CARTESIAN_POINT('Ctrl Pts',(5.08926294195938,68.7609396667895,1.5599936247544));
#9768=CARTESIAN_POINT('Ctrl Pts',(5.13225748837259,68.7727795286077,1.55999373254678));
#9769=CARTESIAN_POINT('Ctrl Pts',(5.16821647853968,68.7826819350805,1.55999382270019));
#9770=CARTESIAN_POINT('Ctrl Pts',(5.20473577043239,68.790624449338,1.55999429616228));
#9771=CARTESIAN_POINT('Ctrl Pts',(5.24163768649667,68.796546488563,1.55999504506516));
#9772=CARTESIAN_POINT('Ctrl Pts',(5.28547991388938,68.8035823126616,1.55999593481762));
#9773=CARTESIAN_POINT('Ctrl Pts',(5.32968337492424,68.8077387026682,1.55999722094631));
#9774=CARTESIAN_POINT('Ctrl Pts',(5.37394641428746,68.8089375357604,1.55999830728585));
#9775=CARTESIAN_POINT('Ctrl Pts',(5.41148475075762,68.8099542350345,1.55999922858225));
#9776=CARTESIAN_POINT('Ctrl Pts',(5.44906661508103,68.808843065748,1.55999999999959));
#9777=CARTESIAN_POINT('Ctrl Pts',(5.486508533294,68.8055269388277,1.56));
#9778=CARTESIAN_POINT('',(4.39829,66.4867935564584,1.56));
#9779=CARTESIAN_POINT('',(4.39829,37.1346457500881,1.56));
#9780=CARTESIAN_POINT('',(38.3014417091988,55.0784028547791,1.56));
#9781=CARTESIAN_POINT('Ctrl Pts',(4.39797269259985,66.493495314413,1.56));
#9782=CARTESIAN_POINT('Ctrl Pts',(7.80878256954337,66.2445816574036,1.56));
#9783=CARTESIAN_POINT('Ctrl Pts',(11.3924891125555,65.6591207611072,1.56));
#9784=CARTESIAN_POINT('Ctrl Pts',(15.2366214675095,64.6587299549097,1.56));
#9785=CARTESIAN_POINT('Ctrl Pts',(21.9771612757354,62.9045827429212,1.56));
#9786=CARTESIAN_POINT('Ctrl Pts',(29.5462070983268,59.8291903343893,1.56));
#9787=CARTESIAN_POINT('Ctrl Pts',(38.2345902877837,55.1146779416236,1.56));
#9788=CARTESIAN_POINT('Ctrl Pts',(38.2568740949221,55.1025862460088,1.56));
#9789=CARTESIAN_POINT('Ctrl Pts',(38.2791579020605,55.090494550394,1.56));
#9790=CARTESIAN_POINT('Ctrl Pts',(38.3014417091988,55.0784028547791,1.56));
#9791=CARTESIAN_POINT('',(54.2416171550025,38.6958536724033,1.56));
#9792=CARTESIAN_POINT('Ctrl Pts',(-4.398118,67.7138093977335,1.56));
#9793=CARTESIAN_POINT('Ctrl Pts',(-4.398118,67.7232045968617,0.489401333557496));
#9794=CARTESIAN_POINT('Ctrl Pts',(-4.398118,67.732599770434,-0.581197333109277));
#9795=CARTESIAN_POINT('Ctrl Pts',(-4.398118,67.7419949184868,-1.651796));
#9796=CARTESIAN_POINT('Ctrl Pts',(-4.398118,68.0330887813382,1.56280188410514));
#9797=CARTESIAN_POINT('Ctrl Pts',(-4.39811816075973,68.0424806266253,0.492203183120618));
#9798=CARTESIAN_POINT('Ctrl Pts',(-4.39811783940285,68.051872722795,-0.578395515572861));
#9799=CARTESIAN_POINT('Ctrl Pts',(-4.398118,68.0612645201294,-1.64899421697061));
#9800=CARTESIAN_POINT('Ctrl Pts',(-4.68661075820144,68.5839171836342,1.56763576134341));
#9801=CARTESIAN_POINT('Ctrl Pts',(-4.6866044281765,68.5933038419836,0.497037006111305));
#9802=CARTESIAN_POINT('Ctrl Pts',(-4.68659821800594,68.60269039542,-0.573561750058329));
#9803=CARTESIAN_POINT('Ctrl Pts',(-4.68659189409368,68.6120770105656,-1.64416050564907));
#9804=CARTESIAN_POINT('Ctrl Pts',(-5.26526976686588,68.7334252911476,1.56894779215888));
#9805=CARTESIAN_POINT('Ctrl Pts',(-5.26525468690768,68.7428179152003,0.498349086874434));
#9806=CARTESIAN_POINT('Ctrl Pts',(-5.265239761542,68.7522106416172,-0.57224961744967));
#9807=CARTESIAN_POINT('Ctrl Pts',(-5.26522469572502,68.7616032163399,-1.64284832314365));
#9808=CARTESIAN_POINT('Ctrl Pts',(-5.50340746580211,68.7082127243416,1.56872653549838));
#9809=CARTESIAN_POINT('Ctrl Pts',(-5.50339043372882,68.7176097268607,0.498127869055871));
#9810=CARTESIAN_POINT('Ctrl Pts',(-5.50337340951502,68.7270067025492,-0.572470797610903));
#9811=CARTESIAN_POINT('Ctrl Pts',(-5.50335639315064,68.7364036514459,-1.64306946450163));
#9812=CARTESIAN_POINT('',(-4.398118,67.7138093977335,1.56));
#9813=CARTESIAN_POINT('Ctrl Pts',(-5.50340732697249,68.7082893200614,1.56));
#9814=CARTESIAN_POINT('Ctrl Pts',(-5.45984153749357,68.7129021490742,1.55999999999943));
#9815=CARTESIAN_POINT('Ctrl Pts',(-5.41608495405299,68.7145162548418,1.55999893907041));
#9816=CARTESIAN_POINT('Ctrl Pts',(-5.37242998496875,68.7132668890457,1.55999778374666));
#9817=CARTESIAN_POINT('Ctrl Pts',(-5.32787154120257,68.71199166662,1.55999660451256));
#9818=CARTESIAN_POINT('Ctrl Pts',(-5.28341780079734,68.7077330976042,1.55999532584039));
#9819=CARTESIAN_POINT('Ctrl Pts',(-5.23937569419953,68.7005809032803,1.55999450073653));
#9820=CARTESIAN_POINT('Ctrl Pts',(-5.1983190849995,68.6939135372081,1.55999373156427));
#9821=CARTESIAN_POINT('Ctrl Pts',(-5.15761937168937,68.6847308554086,1.55999335044256));
#9822=CARTESIAN_POINT('Ctrl Pts',(-5.11753586155116,68.6730661696342,1.55999345984894));
#9823=CARTESIAN_POINT('Ctrl Pts',(-5.07456645063509,68.6605616590632,1.55999357713227));
#9824=CARTESIAN_POINT('Ctrl Pts',(-5.03258413800158,68.6452865940744,1.55999425416887));
#9825=CARTESIAN_POINT('Ctrl Pts',(-4.99188986451119,68.6273427398117,1.55999517515369));
#9826=CARTESIAN_POINT('Ctrl Pts',(-4.95176304062306,68.6096490984682,1.55999608329611));
#9827=CARTESIAN_POINT('Ctrl Pts',(-4.91288748188835,68.5893601676743,1.55999722503647));
#9828=CARTESIAN_POINT('Ctrl Pts',(-4.87556810012077,68.5665266095705,1.55999788597558));
#9829=CARTESIAN_POINT('Ctrl Pts',(-4.85752638516839,68.5554879340312,1.55999820550057));
#9830=CARTESIAN_POINT('Ctrl Pts',(-4.83984872063557,68.5438538734239,1.55999840679933));
#9831=CARTESIAN_POINT('Ctrl Pts',(-4.82257211918678,68.5316265471618,1.55999837751952));
#9832=CARTESIAN_POINT('Ctrl Pts',(-4.80622078264653,68.5200540670482,1.55999834980782));
#9833=CARTESIAN_POINT('Ctrl Pts',(-4.79022871938707,68.5079501134157,1.55999811509709));
#9834=CARTESIAN_POINT('Ctrl Pts',(-4.77460913474224,68.495337210822,1.55999776003642));
#9835=CARTESIAN_POINT('Ctrl Pts',(-4.74058415711455,68.4678618497079,1.55999698658874));
#9836=CARTESIAN_POINT('Ctrl Pts',(-4.70854109742676,68.4381493097654,1.55999565316589));
#9837=CARTESIAN_POINT('Ctrl Pts',(-4.67856754396069,68.4064902291937,1.55999440926179));
#9838=CARTESIAN_POINT('Ctrl Pts',(-4.64787021073403,68.3740666679681,1.55999313532079));
#9839=CARTESIAN_POINT('Ctrl Pts',(-4.6193428450679,68.3396005572712,1.5599919476698));
#9840=CARTESIAN_POINT('Ctrl Pts',(-4.59311538375918,68.3033626314876,1.55999118006641));
#9841=CARTESIAN_POINT('Ctrl Pts',(-4.56902077922898,68.2700716285777,1.55999047488568));
#9842=CARTESIAN_POINT('Ctrl Pts',(-4.54686726957106,68.2352841973125,1.55999011482896));
#9843=CARTESIAN_POINT('Ctrl Pts',(-4.5267888922033,68.1991904077748,1.55999018455884));
#9844=CARTESIAN_POINT('Ctrl Pts',(-4.50501923609581,68.1600562999005,1.55999026016232));
#9845=CARTESIAN_POINT('Ctrl Pts',(-4.48580565438476,68.1195975046415,1.55999082847685));
#9846=CARTESIAN_POINT('Ctrl Pts',(-4.46928226051929,68.0780788792324,1.55999174902505));
#9847=CARTESIAN_POINT('Ctrl Pts',(-4.45453273186654,68.0410174764673,1.55999257074801));
#9848=CARTESIAN_POINT('Ctrl Pts',(-4.44192705082562,68.0031106230984,1.55999366469832));
#9849=CARTESIAN_POINT('Ctrl Pts',(-4.43159329346822,67.9645338861347,1.55999481846364));
#9850=CARTESIAN_POINT('Ctrl Pts',(-4.42019526101862,67.9219841257228,1.55999609105541));
#9851=CARTESIAN_POINT('Ctrl Pts',(-4.41160842166647,67.8787980162009,1.55999742632194));
#9852=CARTESIAN_POINT('Ctrl Pts',(-4.40598094302524,67.8352173116496,1.55999843208836));
#9853=CARTESIAN_POINT('Ctrl Pts',(-4.40079073692706,67.7950229629998,1.55999935970362));
#9854=CARTESIAN_POINT('Ctrl Pts',(-4.398118,67.7544921576327,1.56));
#9855=CARTESIAN_POINT('Ctrl Pts',(-4.398118,67.7138093977335,1.56));
#9856=CARTESIAN_POINT('',(-4.398118,67.7419949184868,-1.651796));
#9857=CARTESIAN_POINT('Ctrl Pts',(-4.398118,67.7138093977335,1.56));
#9858=CARTESIAN_POINT('Ctrl Pts',(-4.398118,67.7232045968617,0.489401333557496));
#9859=CARTESIAN_POINT('Ctrl Pts',(-4.398118,67.732599770434,-0.581197333109277));
#9860=CARTESIAN_POINT('Ctrl Pts',(-4.398118,67.7419949184868,-1.651796));
#9861=CARTESIAN_POINT('Origin',(-5.398118,67.7419949184868,-1.651796));
#9862=CARTESIAN_POINT('Ctrl Pts',(5.48646507048981,68.8335929155084,-1.64306946450163));
#9863=CARTESIAN_POINT('Ctrl Pts',(5.48645410952569,68.8406742965291,-2.45124377576811));
#9864=CARTESIAN_POINT('Ctrl Pts',(5.11041740957528,68.8899765814603,-4.06652728997741));
#9865=CARTESIAN_POINT('Ctrl Pts',(3.53513921893752,69.0224148469258,-6.0077563770175));
#9866=CARTESIAN_POINT('Ctrl Pts',(1.25587359833469,69.1163659132956,-7.08721930731124));
#9867=CARTESIAN_POINT('Ctrl Pts',(-1.27664294330421,69.093098013629,-7.08486126518734));
#9868=CARTESIAN_POINT('Ctrl Pts',(-3.55375000513101,68.9593415882394,-6.00706596044993));
#9869=CARTESIAN_POINT('Ctrl Pts',(-5.12740236578003,68.7992267787163,-4.06632463626177));
#9870=CARTESIAN_POINT('Ctrl Pts',(-5.50334354782659,68.743497226251,-2.45124367226131));
#9871=CARTESIAN_POINT('Ctrl Pts',(-5.50335639315064,68.7364036514459,-1.64306946450162));
#9872=CARTESIAN_POINT('Ctrl Pts',(5.17167956480071,68.8614566138096,-1.64282535079322));
#9873=CARTESIAN_POINT('Ctrl Pts',(5.17192489360665,68.8680813565861,-2.40325118129536));
#9874=CARTESIAN_POINT('Ctrl Pts',(4.82035429158218,68.912102396002,-3.92411165357915));
#9875=CARTESIAN_POINT('Ctrl Pts',(3.34073805991575,69.0290935733877,-5.76060989089437));
#9876=CARTESIAN_POINT('Ctrl Pts',(1.1879197998528,69.1120613193055,-6.78731802811452));
#9877=CARTESIAN_POINT('Ctrl Pts',(-1.20853222573579,69.0901437490206,-6.78425180853654));
#9878=CARTESIAN_POINT('Ctrl Pts',(-3.35832501862464,68.9694979865887,-5.75795826265787));
#9879=CARTESIAN_POINT('Ctrl Pts',(-4.83515901937347,68.8266417252584,-3.92213920398374));
#9880=CARTESIAN_POINT('Ctrl Pts',(-5.18609117648255,68.7766286500853,-2.40261568656478));
#9881=CARTESIAN_POINT('Ctrl Pts',(-5.1858474632498,68.7700030713046,-1.64277460935765));
#9882=CARTESIAN_POINT('Ctrl Pts',(4.60341079324233,68.6284447685703,-1.64486676629485));
#9883=CARTESIAN_POINT('Ctrl Pts',(4.60410296502568,68.6348052569316,-2.32364322227131));
#9884=CARTESIAN_POINT('Ctrl Pts',(4.29789763273865,68.6751701765173,-3.68152029901698));
#9885=CARTESIAN_POINT('Ctrl Pts',(2.9905468259756,68.7827994490887,-5.33725471377108));
#9886=CARTESIAN_POINT('Ctrl Pts',(1.06721636435817,68.8592990539031,-6.27188685976245));
#9887=CARTESIAN_POINT('Ctrl Pts',(-1.0828939782427,68.8381173205471,-6.26747870755589));
#9888=CARTESIAN_POINT('Ctrl Pts',(-3.00180912497803,68.7255685160711,-5.33151954614304));
#9889=CARTESIAN_POINT('Ctrl Pts',(-4.30366666520164,68.5933749191941,-3.67679480416268));
#9890=CARTESIAN_POINT('Ctrl Pts',(-4.6084180312078,68.5474555801666,-2.32205574085339));
#9891=CARTESIAN_POINT('Ctrl Pts',(-4.60771880795736,68.541104339694,-1.64478333357811));
#9892=CARTESIAN_POINT('Ctrl Pts',(4.39829,68.0745293468156,-1.64971961627509));
#9893=CARTESIAN_POINT('Ctrl Pts',(4.39860436802599,68.0813952715153,-2.30489084299382));
#9894=CARTESIAN_POINT('Ctrl Pts',(4.10121829078646,68.1275946662119,-3.61523891984354));
#9895=CARTESIAN_POINT('Ctrl Pts',(2.84642981294577,68.2512202982889,-5.20019188354062));
#9896=CARTESIAN_POINT('Ctrl Pts',(1.01637419067613,68.3389125155933,-6.08792058969166));
#9897=CARTESIAN_POINT('Ctrl Pts',(-1.02270485205546,68.316555337832,-6.08497776783329));
#9898=CARTESIAN_POINT('Ctrl Pts',(-2.84981671502395,68.1906711766416,-5.1973362524107));
#9899=CARTESIAN_POINT('Ctrl Pts',(-4.10174259844701,68.0406133202428,-3.613084124082));
#9900=CARTESIAN_POINT('Ctrl Pts',(-4.39843626718771,67.9883185615609,-2.30420641174063));
#9901=CARTESIAN_POINT('Ctrl Pts',(-4.39811799999999,67.9814471197187,-1.64969466272795));
#9902=CARTESIAN_POINT('Ctrl Pts',(4.39829,67.8375261484078,-1.651796));
#9903=CARTESIAN_POINT('Ctrl Pts',(4.39829,67.8446065591283,-2.31025860876941));
#9904=CARTESIAN_POINT('Ctrl Pts',(4.09722008932754,67.8933000455022,-3.62631602588988));
#9905=CARTESIAN_POINT('Ctrl Pts',(2.83620598592198,68.0237164631417,-5.20793864251129));
#9906=CARTESIAN_POINT('Ctrl Pts',(1.0121374366399,68.1161613430626,-6.08743452259836));
#9907=CARTESIAN_POINT('Ctrl Pts',(-1.01442375364588,68.0933102967012,-6.08551330022486));
#9908=CARTESIAN_POINT('Ctrl Pts',(-2.83699613657019,67.9617540545954,-5.20737612340138));
#9909=CARTESIAN_POINT('Ctrl Pts',(-4.09702707969785,67.8041103895317,-3.62615091312595));
#9910=CARTESIAN_POINT('Ctrl Pts',(-4.39811799999999,67.7490871338698,-2.31025852443688));
#9911=CARTESIAN_POINT('Ctrl Pts',(-4.39811799999999,67.7419949184868,-1.651796));
#9912=CARTESIAN_POINT('',(4.39829,67.8375261484078,-1.651796));
#9913=CARTESIAN_POINT('Ctrl Pts',(-4.39811799999999,67.7419949184868,-1.651796));
#9914=CARTESIAN_POINT('Ctrl Pts',(-4.39811799999999,67.7490871338698,-2.31025852443688));
#9915=CARTESIAN_POINT('Ctrl Pts',(-4.09702707969785,67.8041103895317,-3.62615091312595));
#9916=CARTESIAN_POINT('Ctrl Pts',(-2.83699613657019,67.9617540545954,-5.20737612340138));
#9917=CARTESIAN_POINT('Ctrl Pts',(-1.01442375364588,68.0933102967012,-6.08551330022486));
#9918=CARTESIAN_POINT('Ctrl Pts',(1.0121374366399,68.1161613430626,-6.08743452259836));
#9919=CARTESIAN_POINT('Ctrl Pts',(2.83620598592198,68.0237164631417,-5.20793864251129));
#9920=CARTESIAN_POINT('Ctrl Pts',(4.09722008932754,67.8933000455022,-3.62631602588988));
#9921=CARTESIAN_POINT('Ctrl Pts',(4.39829,67.8446065591283,-2.31025860876941));
#9922=CARTESIAN_POINT('Ctrl Pts',(4.39829,67.8375261484078,-1.651796));
#9923=CARTESIAN_POINT('Origin',(5.39829,67.8375261484078,-1.651796));
#9924=CARTESIAN_POINT('Ctrl Pts',(4.39829,67.8375261484078,-1.651796));
#9925=CARTESIAN_POINT('Ctrl Pts',(4.39829,67.8281466393436,-0.581197333174209));
#9926=CARTESIAN_POINT('Ctrl Pts',(4.39829,67.8187671121252,0.489401333492538));
#9927=CARTESIAN_POINT('Ctrl Pts',(4.39829,67.809387566726,1.56));
#9928=CARTESIAN_POINT('Ctrl Pts',(4.39829,68.1535304129515,-1.64902748836679));
#9929=CARTESIAN_POINT('Ctrl Pts',(4.39828986698196,68.1441537551773,-0.578428792968982));
#9930=CARTESIAN_POINT('Ctrl Pts',(4.39829013315578,68.1347768558811,0.492169900257734));
#9931=CARTESIAN_POINT('Ctrl Pts',(4.39829,68.1254001645264,1.5627685953668));
#9932=CARTESIAN_POINT('Ctrl Pts',(4.68050667197199,68.6990230503185,-1.6442484303545));
#9933=CARTESIAN_POINT('Ctrl Pts',(4.68051199111073,68.6896508248799,-0.573649689983295));
#9934=CARTESIAN_POINT('Ctrl Pts',(4.68051721588951,68.6802786530645,0.496949050883435));
#9935=CARTESIAN_POINT('Ctrl Pts',(4.68052254032569,68.6709063982705,1.56754779101222));
#9936=CARTESIAN_POINT('Ctrl Pts',(5.25037594122299,68.8544906892343,-1.64288637922032));
#9937=CARTESIAN_POINT('Ctrl Pts',(5.25038873140622,68.8451135549647,-0.572287680080141));
#9938=CARTESIAN_POINT('Ctrl Pts',(5.25040140856711,68.8357362976806,0.498311017956432));
#9939=CARTESIAN_POINT('Ctrl Pts',(5.25041421118695,68.8263591288981,1.56890971681128));
#9940=CARTESIAN_POINT('Ctrl Pts',(5.48646507048982,68.8335929155084,-1.64306946450163));
#9941=CARTESIAN_POINT('Ctrl Pts',(5.48647959061675,68.8242121210754,-0.572470797675834));
#9942=CARTESIAN_POINT('Ctrl Pts',(5.48649411770431,68.8148313075519,0.498127868990913));
#9943=CARTESIAN_POINT('Ctrl Pts',(5.48650865176212,68.8054504749097,1.56872653549838));
#9944=CARTESIAN_POINT('Ctrl Pts',(4.39829,67.8375261484078,-1.651796));
#9945=CARTESIAN_POINT('Ctrl Pts',(4.39829,67.8281466393436,-0.581197333174209));
#9946=CARTESIAN_POINT('Ctrl Pts',(4.39829,67.8187671121252,0.489401333492538));
#9947=CARTESIAN_POINT('Ctrl Pts',(4.39829,67.809387566726,1.56));
#9948=CARTESIAN_POINT('Origin',(4.39829,73.8284865124827,-0.05));
#9949=CARTESIAN_POINT('Ctrl Pts',(4.39829,66.4867935564584,-0.05));
#9950=CARTESIAN_POINT('Ctrl Pts',(4.39829,66.4867935564584,0.486666666666667));
#9951=CARTESIAN_POINT('Ctrl Pts',(4.39829,66.4867935564584,1.02333333333333));
#9952=CARTESIAN_POINT('Ctrl Pts',(4.39829,66.4867935564584,1.56));
#9953=CARTESIAN_POINT('',(4.39829,65.2248802562414,-1.651796));
#9954=CARTESIAN_POINT('Origin',(8.60000000002525E-5,65.2248802562414,-1.651796));
#9955=CARTESIAN_POINT('',(-4.398118,65.2248802562414,-1.651796));
#9956=CARTESIAN_POINT('Origin',(-4.398118,58.820376,-0.05));
#9957=CARTESIAN_POINT('',(-4.398118,66.4066499376884,1.56));
#9958=CARTESIAN_POINT('',(-4.39811800000001,29.6305904938467,1.56));
#9959=CARTESIAN_POINT('Ctrl Pts',(-4.398118,66.4066499376884,1.56));
#9960=CARTESIAN_POINT('Ctrl Pts',(-4.398118,66.4066499376884,1.02333333333333));
#9961=CARTESIAN_POINT('Ctrl Pts',(-4.398118,66.4066499376884,0.486666666666667));
#9962=CARTESIAN_POINT('Ctrl Pts',(-4.398118,66.4066499376884,-0.05));
#9963=CARTESIAN_POINT('Ctrl Pts',(-20.9769644146406,64.0307315260208,1.56));
#9964=CARTESIAN_POINT('Ctrl Pts',(-20.9800941403173,64.0424118212602,0.178625690871168));
#9965=CARTESIAN_POINT('Ctrl Pts',(-20.9832238625287,64.0540921035667,-1.20274861837487));
#9966=CARTESIAN_POINT('Ctrl Pts',(-20.9863535812781,64.0657723729529,-2.584122927738));
#9967=CARTESIAN_POINT('Ctrl Pts',(-21.0582707137584,64.3341707653034,1.56274996160631));
#9968=CARTESIAN_POINT('Ctrl Pts',(-21.061400046141,64.3458492672898,0.181375634382705));
#9969=CARTESIAN_POINT('Ctrl Pts',(-21.0645291676903,64.3575279586035,-1.19999869168465));
#9970=CARTESIAN_POINT('Ctrl Pts',(-21.0676584933775,64.3692064358119,-2.5813730191309));
#9971=CARTESIAN_POINT('Ctrl Pts',(-21.4678698376687,64.7859833560785,1.56749830338814));
#9972=CARTESIAN_POINT('Ctrl Pts',(-21.4709950660704,64.7976599979174,0.186123947646357));
#9973=CARTESIAN_POINT('Ctrl Pts',(-21.4741203403505,64.8093365725028,-1.19525040856711));
#9974=CARTESIAN_POINT('Ctrl Pts',(-21.4772455645765,64.8210131906379,-2.57662476451329));
#9975=CARTESIAN_POINT('Ctrl Pts',(-22.0545646157561,64.7931690643306,1.56888831396861));
#9976=CARTESIAN_POINT('Ctrl Pts',(-22.0576859937465,64.8048499449132,0.187513984308307));
#9977=CARTESIAN_POINT('Ctrl Pts',(-22.06080745998,64.8165308578571,-1.19386034485608));
#9978=CARTESIAN_POINT('Ctrl Pts',(-22.0639288360275,64.8282117120388,-2.57523467473766));
#9979=CARTESIAN_POINT('Ctrl Pts',(-22.2766683465736,64.7145237601687,1.56872653549837));
#9980=CARTESIAN_POINT('Ctrl Pts',(-22.2797892287531,64.7262071868852,0.18735222636954));
#9981=CARTESIAN_POINT('Ctrl Pts',(-22.2829101100654,64.7378905996089,-1.1940220828765));
#9982=CARTESIAN_POINT('Ctrl Pts',(-22.2860309905122,64.7495739983531,-2.57539639223963));
#9983=CARTESIAN_POINT('',(-20.9863535812781,64.0657723729529,-2.584122927738));
#9984=CARTESIAN_POINT('Ctrl Pts',(-20.9769644146406,64.0307315260208,1.56));
#9985=CARTESIAN_POINT('Ctrl Pts',(-20.9800941403173,64.0424118212602,0.178625690871168));
#9986=CARTESIAN_POINT('Ctrl Pts',(-20.9832238625287,64.0540921035667,-1.20274861837487));
#9987=CARTESIAN_POINT('Ctrl Pts',(-20.9863535812781,64.0657723729529,-2.584122927738));
#9988=CARTESIAN_POINT('Origin',(-21.9522794075671,63.8069533278499,-2.584122927738));
#9989=CARTESIAN_POINT('Ctrl Pts',(-20.9863535812781,64.0657723729528,-2.584122927738));
#9990=CARTESIAN_POINT('Ctrl Pts',(-20.9874980068023,64.0700434271545,-2.97699316491787));
#9991=CARTESIAN_POINT('Ctrl Pts',(-20.9050594361311,64.1077841912015,-3.50055155726541));
#9992=CARTESIAN_POINT('Ctrl Pts',(-20.5305204221293,64.259652972057,-4.46957671126109));
#9993=CARTESIAN_POINT('Ctrl Pts',(-19.824606797003,64.5313480498916,-5.41328701270403));
#9994=CARTESIAN_POINT('Ctrl Pts',(-18.452327364809,65.0111040561393,-6.11263791742807));
#9995=CARTESIAN_POINT('Ctrl Pts',(-16.9121963277023,65.4875176007982,-6.11350529455311));
#9996=CARTESIAN_POINT('Ctrl Pts',(-15.5085947454165,65.8624323594448,-5.41514756404174));
#9997=CARTESIAN_POINT('Ctrl Pts',(-14.5282658245211,66.0849397052881,-4.15512315092512));
#9998=CARTESIAN_POINT('Ctrl Pts',(-14.2914293328177,66.1258980609672,-3.10795001725137));
#9999=CARTESIAN_POINT('Ctrl Pts',(-14.2899074900634,66.1202184664868,-2.584122927738));
#10000=CARTESIAN_POINT('Ctrl Pts',(-21.0676584933775,64.3692064358119,-2.58137301913091));
#10001=CARTESIAN_POINT('Ctrl Pts',(-21.0690549925302,64.3731851340529,-2.97102421121158));
#10002=CARTESIAN_POINT('Ctrl Pts',(-20.9876865877682,64.4096820485663,-3.49105811728712));
#10003=CARTESIAN_POINT('Ctrl Pts',(-20.6176523338324,64.5569480353438,-4.45549498746307));
#10004=CARTESIAN_POINT('Ctrl Pts',(-19.917002514008,64.8218807001476,-5.40061264128824));
#10005=CARTESIAN_POINT('Ctrl Pts',(-18.5429801823489,65.2956026425737,-6.10911373148316));
#10006=CARTESIAN_POINT('Ctrl Pts',(-16.9928677527138,65.772264797262,-6.11482517194263));
#10007=CARTESIAN_POINT('Ctrl Pts',(-15.5824274185299,66.1512343912078,-5.41194856838414));
#10008=CARTESIAN_POINT('Ctrl Pts',(-14.6045547866292,66.3777663635073,-4.14855169379109));
#10009=CARTESIAN_POINT('Ctrl Pts',(-14.3698288867082,66.4200764594647,-3.10344939983134));
#10010=CARTESIAN_POINT('Ctrl Pts',(-14.368772902453,66.414548192484,-2.58146262246713));
#10011=CARTESIAN_POINT('Ctrl Pts',(-21.4772473789867,64.8210087595061,-2.57662479787009));
#10012=CARTESIAN_POINT('Ctrl Pts',(-21.4787145303448,64.8246142218368,-2.99333339041914));
#10013=CARTESIAN_POINT('Ctrl Pts',(-21.3918227969204,64.8609441349985,-3.54890863854493));
#10014=CARTESIAN_POINT('Ctrl Pts',(-20.9935902893008,65.0103432190829,-4.58165288015384));
#10015=CARTESIAN_POINT('Ctrl Pts',(-20.239184787755,65.2809557268493,-5.59546311156893));
#10016=CARTESIAN_POINT('Ctrl Pts',(-18.754355225888,65.7739200780252,-6.36029884785119));
#10017=CARTESIAN_POINT('Ctrl Pts',(-17.0774634227157,66.280516123436,-6.36814941158644));
#10018=CARTESIAN_POINT('Ctrl Pts',(-15.5546138128305,66.6932160891716,-5.61271333058655));
#10019=CARTESIAN_POINT('Ctrl Pts',(-14.50340297102,66.9468309407989,-4.25534746435584));
#10020=CARTESIAN_POINT('Ctrl Pts',(-14.2535896897103,66.9963266572801,-3.13630759904528));
#10021=CARTESIAN_POINT('Ctrl Pts',(-14.2528543378946,66.9911504743157,-2.57686203710387));
#10022=CARTESIAN_POINT('Ctrl Pts',(-22.0639288360275,64.8282117120387,-2.57523467473766));
#10023=CARTESIAN_POINT('Ctrl Pts',(-22.0651402320614,64.8322099158488,-3.05389022799068));
#10024=CARTESIAN_POINT('Ctrl Pts',(-21.9631906577658,64.8741231414761,-3.69181070852711));
#10025=CARTESIAN_POINT('Ctrl Pts',(-21.4998764753594,65.0461593854805,-4.87388925404008));
#10026=CARTESIAN_POINT('Ctrl Pts',(-20.6263192182297,65.3570606155738,-6.02744681917575));
#10027=CARTESIAN_POINT('Ctrl Pts',(-18.9246677369269,65.9182377607439,-6.8863880561152));
#10028=CARTESIAN_POINT('Ctrl Pts',(-17.014096361563,66.4915257926825,-6.88949697555162));
#10029=CARTESIAN_POINT('Ctrl Pts',(-15.2766335330683,66.9585806984411,-6.03430751603729));
#10030=CARTESIAN_POINT('Ctrl Pts',(-14.0683129114252,67.2473909944898,-4.49293172293938));
#10031=CARTESIAN_POINT('Ctrl Pts',(-13.7783127277033,67.3047317381041,-3.21468815485842));
#10032=CARTESIAN_POINT('Ctrl Pts',(-13.7770469606117,67.2993019471182,-2.57533852763861));
#10033=CARTESIAN_POINT('Ctrl Pts',(-22.2860309905122,64.749573998353,-2.57539639223963));
#10034=CARTESIAN_POINT('Ctrl Pts',(-22.2871721841871,64.7538461968483,-3.08051526861375));
#10035=CARTESIAN_POINT('Ctrl Pts',(-22.1789906170725,64.7985790937133,-3.75366177306058));
#10036=CARTESIAN_POINT('Ctrl Pts',(-21.688860343183,64.981824219708,-4.99955125676931));
#10037=CARTESIAN_POINT('Ctrl Pts',(-20.766020684396,65.3123756955537,-6.21289307291027));
#10038=CARTESIAN_POINT('Ctrl Pts',(-18.974280429693,65.905669101201,-7.11205852184113));
#10039=CARTESIAN_POINT('Ctrl Pts',(-16.9659431645111,66.5083108690286,-7.1131737210019));
#10040=CARTESIAN_POINT('Ctrl Pts',(-15.138124958562,66.9969949838186,-6.21528521034446));
#10041=CARTESIAN_POINT('Ctrl Pts',(-13.8633490877239,67.2980518359632,-4.59525382205164));
#10042=CARTESIAN_POINT('Ctrl Pts',(-13.5561928779557,67.3577054212593,-3.24888836447111));
#10043=CARTESIAN_POINT('Ctrl Pts',(-13.5546686996331,67.3520263805215,-2.57539639223963));
#10044=CARTESIAN_POINT('',(-14.2899074900634,66.1202184664868,-2.584122927738));
#10045=CARTESIAN_POINT('Origin',(-13.3239816637744,66.3790375115898,-2.584122927738));
#10046=CARTESIAN_POINT('Ctrl Pts',(-20.9863535812781,64.0657723729528,-2.584122927738));
#10047=CARTESIAN_POINT('Ctrl Pts',(-20.9874980068023,64.0700434271545,-2.97699316491787));
#10048=CARTESIAN_POINT('Ctrl Pts',(-20.9050594361311,64.1077841912015,-3.50055155726541));
#10049=CARTESIAN_POINT('Ctrl Pts',(-20.5305204221293,64.259652972057,-4.46957671126109));
#10050=CARTESIAN_POINT('Ctrl Pts',(-19.824606797003,64.5313480498916,-5.41328701270403));
#10051=CARTESIAN_POINT('Ctrl Pts',(-18.452327364809,65.0111040561393,-6.11263791742807));
#10052=CARTESIAN_POINT('Ctrl Pts',(-16.9121963277023,65.4875176007982,-6.11350529455311));
#10053=CARTESIAN_POINT('Ctrl Pts',(-15.5085947454165,65.8624323594448,-5.41514756404174));
#10054=CARTESIAN_POINT('Ctrl Pts',(-14.5282658245211,66.0849397052881,-4.15512315092512));
#10055=CARTESIAN_POINT('Ctrl Pts',(-14.2914293328177,66.1258980609672,-3.10795001725137));
#10056=CARTESIAN_POINT('Ctrl Pts',(-14.2899074900634,66.1202184664868,-2.584122927738));
#10057=CARTESIAN_POINT('Ctrl Pts',(-14.2899074900634,66.1202184664868,-2.584122927738));
#10058=CARTESIAN_POINT('Ctrl Pts',(-14.2867860950501,66.1085692617066,-1.20274861846943));
#10059=CARTESIAN_POINT('Ctrl Pts',(-14.283664699368,66.0969200544305,0.178625690776586));
#10060=CARTESIAN_POINT('Ctrl Pts',(-14.280543303016,66.0852708446545,1.56));
#10061=CARTESIAN_POINT('Ctrl Pts',(-14.368772902453,66.414548192484,-2.58146262246713));
#10062=CARTESIAN_POINT('Ctrl Pts',(-14.3656517950604,66.4028999040651,-1.20008830443912));
#10063=CARTESIAN_POINT('Ctrl Pts',(-14.3625305523097,66.3912515818143,0.181286012992709));
#10064=CARTESIAN_POINT('Ctrl Pts',(-14.3594094438831,66.3796032893668,1.56266033098502));
#10065=CARTESIAN_POINT('Ctrl Pts',(-14.2528665869616,66.9911594159635,-2.57686193402011));
#10066=CARTESIAN_POINT('Ctrl Pts',(-14.2497441734826,66.9795130473101,-1.19548760209899));
#10067=CARTESIAN_POINT('Ctrl Pts',(-14.2466217925325,66.967866688921,0.185886729984664));
#10068=CARTESIAN_POINT('Ctrl Pts',(-14.2434993766206,66.9562203182652,1.56726106188504));
#10069=CARTESIAN_POINT('Ctrl Pts',(-13.7770469606117,67.2993019471182,-2.57533852763861));
#10070=CARTESIAN_POINT('Ctrl Pts',(-13.7739217111957,67.2876548240422,-1.19396420826849));
#10071=CARTESIAN_POINT('Ctrl Pts',(-13.7707964828024,67.2760076592446,0.187410110795007));
#10072=CARTESIAN_POINT('Ctrl Pts',(-13.7676712279529,67.2643605333224,1.56878443013082));
#10073=CARTESIAN_POINT('Ctrl Pts',(-13.5546686996331,67.3520263805215,-2.57539639223963));
#10074=CARTESIAN_POINT('Ctrl Pts',(-13.5515425142226,67.340378311502,-1.19402208297105));
#10075=CARTESIAN_POINT('Ctrl Pts',(-13.5484163256103,67.3287302405498,0.187352226274959));
#10076=CARTESIAN_POINT('Ctrl Pts',(-13.5452901337908,67.3170821676618,1.56872653549838));
#10077=CARTESIAN_POINT('',(-14.280543303016,66.0852708446545,1.56));
#10078=CARTESIAN_POINT('Ctrl Pts',(-14.280543303016,66.0852708446545,1.56));
#10079=CARTESIAN_POINT('Ctrl Pts',(-14.291801508441,66.1272870393025,1.56));
#10080=CARTESIAN_POINT('Ctrl Pts',(-14.3000722222587,66.1698859166052,1.55999937568623));
#10081=CARTESIAN_POINT('Ctrl Pts',(-14.3054891457495,66.2127955164924,1.55999849808765));
#10082=CARTESIAN_POINT('Ctrl Pts',(-14.3110748061189,66.2570417481334,1.55999759315193));
#10083=CARTESIAN_POINT('Ctrl Pts',(-14.3136261247809,66.3016194147259,1.55999642780433));
#10084=CARTESIAN_POINT('Ctrl Pts',(-14.3132349192841,66.3462418604011,1.55999538221265));
#10085=CARTESIAN_POINT('Ctrl Pts',(-14.3128697100871,66.3878990653417,1.55999440610238));
#10086=CARTESIAN_POINT('Ctrl Pts',(-14.3099393815803,66.4295961613418,1.55999354013848));
#10087=CARTESIAN_POINT('Ctrl Pts',(-14.3044778719549,66.4710958407461,1.559992967065));
#10088=CARTESIAN_POINT('Ctrl Pts',(-14.2986326215967,66.51551140211,1.5599923537258));
#10089=CARTESIAN_POINT('Ctrl Pts',(-14.2899267157346,66.5594117664927,1.55999210722431));
#10090=CARTESIAN_POINT('Ctrl Pts',(-14.2784639341041,66.6025141791826,1.5599922743414));
#10091=CARTESIAN_POINT('Ctrl Pts',(-14.2670767472926,66.6453323398303,1.55999244035639));
#10092=CARTESIAN_POINT('Ctrl Pts',(-14.2529686020727,66.6873641536559,1.55999302322045));
#10093=CARTESIAN_POINT('Ctrl Pts',(-14.2361915760187,66.7283238199651,1.55999388402398));
#10094=CARTESIAN_POINT('Ctrl Pts',(-14.2207831007867,66.7659422871358,1.55999467460926));
#10095=CARTESIAN_POINT('Ctrl Pts',(-14.2031227246027,66.8026569525201,1.55999570285989));
#10096=CARTESIAN_POINT('Ctrl Pts',(-14.1832167324726,66.8382278588986,1.55999662779116));
#10097=CARTESIAN_POINT('Ctrl Pts',(-14.1612012740251,66.8775682648526,1.55999765073871));
#10098=CARTESIAN_POINT('Ctrl Pts',(-14.1365840613277,66.9152514620358,1.55999856355416));
#10099=CARTESIAN_POINT('Ctrl Pts',(-14.1094321576996,66.9509865834237,1.55999858660676));
#10100=CARTESIAN_POINT('Ctrl Pts',(-14.0826616538191,66.9862197375661,1.55999860933555));
#10101=CARTESIAN_POINT('Ctrl Pts',(-14.0534266565458,67.0195601529175,1.55999777433773));
#10102=CARTESIAN_POINT('Ctrl Pts',(-14.0220099707481,67.0508602157271,1.5599969343119));
#10103=CARTESIAN_POINT('Ctrl Pts',(-13.9935350445622,67.0792294391346,1.55999617294345));
#10104=CARTESIAN_POINT('Ctrl Pts',(-13.9632667393965,67.1059225112036,1.55999540476557));
#10105=CARTESIAN_POINT('Ctrl Pts',(-13.931391930845,67.1308011639058,1.55999497198358));
#10106=CARTESIAN_POINT('Ctrl Pts',(-13.8962294873263,67.1582458533084,1.55999449456355));
#10107=CARTESIAN_POINT('Ctrl Pts',(-13.8592898214825,67.1833449022138,1.55999444095191));
#10108=CARTESIAN_POINT('Ctrl Pts',(-13.8208502527403,67.205941811038,1.55999487459661));
#10109=CARTESIAN_POINT('Ctrl Pts',(-13.7972115359946,67.2198379587968,1.55999514126984));
#10110=CARTESIAN_POINT('Ctrl Pts',(-13.773004868168,67.2327871163183,1.55999558425882));
#10111=CARTESIAN_POINT('Ctrl Pts',(-13.7482897640879,67.2447444575178,1.55999613597447));
#10112=CARTESIAN_POINT('Ctrl Pts',(-13.7083614888144,67.2640620379497,1.55999702729397));
#10113=CARTESIAN_POINT('Ctrl Pts',(-13.6672502703213,67.2807241911588,1.55999822226234));
#10114=CARTESIAN_POINT('Ctrl Pts',(-13.6252161003612,67.2945608175076,1.55999907518849));
#10115=CARTESIAN_POINT('Ctrl Pts',(-13.5989222181172,67.3032161239931,1.55999960872442));
#10116=CARTESIAN_POINT('Ctrl Pts',(-13.5722666593084,67.3107649589763,1.55999999999993));
#10117=CARTESIAN_POINT('Ctrl Pts',(-13.5453098828361,67.3171557518604,1.56));
#10118=CARTESIAN_POINT('Ctrl Pts',(-14.2899074900634,66.1202184664868,-2.584122927738));
#10119=CARTESIAN_POINT('Ctrl Pts',(-14.2867860950501,66.1085692617066,-1.20274861846943));
#10120=CARTESIAN_POINT('Ctrl Pts',(-14.283664699368,66.0969200544305,0.178625690776586));
#10121=CARTESIAN_POINT('Ctrl Pts',(-14.280543303016,66.0852708446545,1.56));
#10122=CARTESIAN_POINT('Origin',(-14.1886647380126,65.742375371936,11.56));
#10123=CARTESIAN_POINT('',(-14.1886647380126,65.742375371936,-2.584122927738));
#10124=CARTESIAN_POINT('',(-14.1886647380126,65.742375371936,-2.584122927738));
#10125=CARTESIAN_POINT('',(-14.1886647380126,65.742375371936,1.56));
#10126=CARTESIAN_POINT('',(-14.1886647380126,65.742375371936,5.755));
#10127=CARTESIAN_POINT('',(-5.55073828268873,33.5051949686858,1.56));
#10128=CARTESIAN_POINT('Origin',(-17.5694051300239,64.8365087140756,-2.584122927738));
#10129=CARTESIAN_POINT('',(-20.9501455220352,63.9306420562152,-2.584122927738));
#10130=CARTESIAN_POINT('',(-20.9501455220352,63.9306420562152,-2.584122927738));
#10131=CARTESIAN_POINT('Origin',(-17.5694051300239,64.8365087140756,-2.584122927738));
#10132=CARTESIAN_POINT('Origin',(-20.9501455220352,63.9306420562152,-2.584122927738));
#10133=CARTESIAN_POINT('',(-20.9501455220352,63.9306420562152,-1.317061463869));
#10134=CARTESIAN_POINT('Origin',(0.,0.440804987693415,1.56));
#10135=CARTESIAN_POINT('',(-61.4875661682118,23.5203187011255,1.56));
#10136=CARTESIAN_POINT('Ctrl Pts',(-61.4875412208821,23.5204121130613,1.56000000000001));
#10137=CARTESIAN_POINT('Ctrl Pts',(-61.8091657109938,23.6874519345218,1.56000000000001));
#10138=CARTESIAN_POINT('Ctrl Pts',(-62.4964919599472,24.3240272948453,1.56000000000001));
#10139=CARTESIAN_POINT('Ctrl Pts',(-62.6395120202598,25.288018343696,1.56000000000001));
#10140=CARTESIAN_POINT('Ctrl Pts',(-62.5012085418944,25.8093056919236,1.56000000000001));
#10141=CARTESIAN_POINT('',(-59.3900262622138,24.5487322277024,1.56));
#10142=CARTESIAN_POINT('Ctrl Pts',(-61.4899475957915,23.5242494180341,1.56));
#10143=CARTESIAN_POINT('Ctrl Pts',(-60.7956372119954,23.8747203300758,1.56));
#10144=CARTESIAN_POINT('Ctrl Pts',(-60.0953690958294,24.2156242099532,1.56));
#10145=CARTESIAN_POINT('Ctrl Pts',(-59.3901272801023,24.5489012487275,1.56));
#10146=CARTESIAN_POINT('',(-61.7178192946443,31.012184952155,1.56));
#10147=CARTESIAN_POINT('',(-53.248799787756,7.49673214229475,1.56));
#10148=CARTESIAN_POINT('',(-42.6689471507711,50.5897089146188,1.56));
#10149=CARTESIAN_POINT('Origin',(-29.305480196714,52.028645190382,-0.05));
#10150=CARTESIAN_POINT('',(-28.305480196714,52.028645190382,-0.05));
#10151=CARTESIAN_POINT('Ctrl Pts',(-75.1143917120775,11.9396549040427,0.56));
#10152=CARTESIAN_POINT('Ctrl Pts',(-75.1143917120775,11.9396549040427,-1.31));
#10153=CARTESIAN_POINT('Ctrl Pts',(-75.1143917120775,11.9396549040427,-3.18));
#10154=CARTESIAN_POINT('Ctrl Pts',(-75.1143917120775,11.9396549040427,-5.05000000000001));
#10155=CARTESIAN_POINT('Ctrl Pts',(-75.2203547574209,12.3735265226529,0.56));
#10156=CARTESIAN_POINT('Ctrl Pts',(-75.2203547574209,12.3735265226529,-1.31));
#10157=CARTESIAN_POINT('Ctrl Pts',(-75.2203547574209,12.3735265226529,-3.18000000000001));
#10158=CARTESIAN_POINT('Ctrl Pts',(-75.2203547574209,12.3735265226529,-5.05000000000001));
#10159=CARTESIAN_POINT('Ctrl Pts',(-75.7342757501452,13.1663921316103,0.56));
#10160=CARTESIAN_POINT('Ctrl Pts',(-75.7342757501452,13.1663921316103,-1.31000000000001));
#10161=CARTESIAN_POINT('Ctrl Pts',(-75.7342757501452,13.1663921316103,-3.18));
#10162=CARTESIAN_POINT('Ctrl Pts',(-75.7342757501452,13.1663921316103,-5.05000000000001));
#10163=CARTESIAN_POINT('Ctrl Pts',(-76.9637308316933,13.5818812927953,0.56));
#10164=CARTESIAN_POINT('Ctrl Pts',(-76.9637308316933,13.5818812927953,-1.31));
#10165=CARTESIAN_POINT('Ctrl Pts',(-76.9637308316933,13.5818812927953,-3.18000000000001));
#10166=CARTESIAN_POINT('Ctrl Pts',(-76.9637308316933,13.5818812927953,-5.05000000000001));
#10167=CARTESIAN_POINT('Ctrl Pts',(-78.0777380441715,13.2839522739541,0.56));
#10168=CARTESIAN_POINT('Ctrl Pts',(-78.0777380441715,13.2839522739541,-1.31000000000001));
#10169=CARTESIAN_POINT('Ctrl Pts',(-78.0777380441714,13.2839522739541,-3.18));
#10170=CARTESIAN_POINT('Ctrl Pts',(-78.0777380441714,13.2839522739541,-5.05000000000001));
#10171=CARTESIAN_POINT('Ctrl Pts',(-78.5775225748019,12.8071940807284,0.56));
#10172=CARTESIAN_POINT('Ctrl Pts',(-78.5775225748019,12.8071940807284,-1.31));
#10173=CARTESIAN_POINT('Ctrl Pts',(-78.5775225748019,12.8071940807284,-3.18000000000001));
#10174=CARTESIAN_POINT('Ctrl Pts',(-78.5775225748019,12.8071940807284,-5.05000000000001));
#10175=CARTESIAN_POINT('Ctrl Pts',(-78.7546803709976,12.5229080694125,0.56));
#10176=CARTESIAN_POINT('Ctrl Pts',(-78.7546803709976,12.5229080694125,-1.31));
#10177=CARTESIAN_POINT('Ctrl Pts',(-78.7546803709975,12.5229080694126,-3.18));
#10178=CARTESIAN_POINT('Ctrl Pts',(-78.7546803709975,12.5229080694126,-5.05000000000001));
#10179=CARTESIAN_POINT('Origin',(-65.399914,14.31219,-0.05));
#10180=CARTESIAN_POINT('Ctrl Pts',(-61.373392297436,23.4657206291497,-3.05));
#10181=CARTESIAN_POINT('Ctrl Pts',(-61.373392297436,23.4657206291497,-2.05000000000001));
#10182=CARTESIAN_POINT('Ctrl Pts',(-61.373392297436,23.4657206291497,-1.05000000000001));
#10183=CARTESIAN_POINT('Ctrl Pts',(-61.373392297436,23.4657206291497,-0.0500000000000025));
#10184=CARTESIAN_POINT('Ctrl Pts',(-62.5012085418944,25.8093056919236,1.56000000000001));
#10185=CARTESIAN_POINT('Ctrl Pts',(-62.5012085418944,25.8093056919237,-0.643333333333239));
#10186=CARTESIAN_POINT('Ctrl Pts',(-62.5012085418944,25.8093056919236,-2.84666666666667));
#10187=CARTESIAN_POINT('Ctrl Pts',(-62.5012085418944,25.8093056919236,-5.05));
#10188=CARTESIAN_POINT('Ctrl Pts',(-62.6395120202598,25.288018343696,1.56000000000001));
#10189=CARTESIAN_POINT('Ctrl Pts',(-62.6395120202598,25.288018343696,-0.643333333333241));
#10190=CARTESIAN_POINT('Ctrl Pts',(-62.6395120202598,25.288018343696,-2.84666666666667));
#10191=CARTESIAN_POINT('Ctrl Pts',(-62.6395120202598,25.288018343696,-5.05));
#10192=CARTESIAN_POINT('Ctrl Pts',(-62.4897991329625,24.2789159636754,1.56000000000001));
#10193=CARTESIAN_POINT('Ctrl Pts',(-62.4897991329625,24.2789159636754,-0.643333333333274));
#10194=CARTESIAN_POINT('Ctrl Pts',(-62.4897991329625,24.2789159636754,-2.84666666666666));
#10195=CARTESIAN_POINT('Ctrl Pts',(-62.4897991329625,24.2789159636754,-5.05));
#10196=CARTESIAN_POINT('Ctrl Pts',(-61.7436449148118,23.6285900463937,1.56000000000001));
#10197=CARTESIAN_POINT('Ctrl Pts',(-61.7436449148118,23.6285900463937,-0.643333333333324));
#10198=CARTESIAN_POINT('Ctrl Pts',(-61.7436449148118,23.6285900463937,-2.84666666666667));
#10199=CARTESIAN_POINT('Ctrl Pts',(-61.7436449148118,23.6285900463937,-5.05));
#10200=CARTESIAN_POINT('Ctrl Pts',(-61.373392297436,23.4657206291497,1.56000000000001));
#10201=CARTESIAN_POINT('Ctrl Pts',(-61.373392297436,23.4657206291497,-0.643333333333346));
#10202=CARTESIAN_POINT('Ctrl Pts',(-61.373392297436,23.4657206291497,-2.84666666666667));
#10203=CARTESIAN_POINT('Ctrl Pts',(-61.373392297436,23.4657206291497,-5.05));
#10204=CARTESIAN_POINT('Ctrl Pts',(-61.4875661682118,23.5203187011255,-0.0499999999999999));
#10205=CARTESIAN_POINT('Ctrl Pts',(-61.4875661682118,23.5203187011255,0.486666666666667));
#10206=CARTESIAN_POINT('Ctrl Pts',(-61.4875661682118,23.5203187011255,1.02333333333333));
#10207=CARTESIAN_POINT('Ctrl Pts',(-61.4875661682118,23.5203187011255,1.56));
#10208=CARTESIAN_POINT('Ctrl Pts',(-58.9770445780974,24.7429921895165,-0.05));
#10209=CARTESIAN_POINT('Ctrl Pts',(-58.9770445780974,24.7429921895165,26.56));
#10210=CARTESIAN_POINT('Ctrl Pts',(-62.2173597078104,23.2291215620606,-0.05));
#10211=CARTESIAN_POINT('Ctrl Pts',(-62.2173597078104,23.2291215620606,26.56));
#10212=CARTESIAN_POINT('Ctrl Pts',(-65.3572703102886,21.5630526977415,-0.05));
#10213=CARTESIAN_POINT('Ctrl Pts',(-65.3572703102886,21.5630526977415,26.56));
#10214=CARTESIAN_POINT('Ctrl Pts',(-68.3020986533227,19.5581120546818,-0.05));
#10215=CARTESIAN_POINT('Ctrl Pts',(-68.3020986533227,19.5581120546818,26.56));
#10216=CARTESIAN_POINT('Ctrl Pts',(-71.4534130649013,17.4125885786603,-0.05));
#10217=CARTESIAN_POINT('Ctrl Pts',(-71.4534130649013,17.4125885786603,26.56));
#10218=CARTESIAN_POINT('Ctrl Pts',(-74.3644331908283,14.827978034293,-0.05));
#10219=CARTESIAN_POINT('Ctrl Pts',(-74.3644331908283,14.827978034293,26.56));
#10220=CARTESIAN_POINT('Ctrl Pts',(-76.6109698208881,11.2358984722146,-0.05));
#10221=CARTESIAN_POINT('Ctrl Pts',(-76.6109698208881,11.2358984722146,26.56));
#10222=CARTESIAN_POINT('Ctrl Pts',(-76.7641324879193,10.991000401756,-0.05));
#10223=CARTESIAN_POINT('Ctrl Pts',(-76.7641324879193,10.991000401756,26.56));
#10224=CARTESIAN_POINT('Ctrl Pts',(-76.914302399044,10.741674397137,-0.05));
#10225=CARTESIAN_POINT('Ctrl Pts',(-76.914302399044,10.741674397137,26.56));
#10226=CARTESIAN_POINT('Ctrl Pts',(-77.0614488062724,10.4879289184432,-0.05));
#10227=CARTESIAN_POINT('Ctrl Pts',(-77.0614488062724,10.4879289184432,26.56));
#10228=CARTESIAN_POINT('Ctrl Pts',(-77.1201736075764,10.3866613910957,-0.05));
#10229=CARTESIAN_POINT('Ctrl Pts',(-77.1201736075764,10.3866613910957,26.56));
#10230=CARTESIAN_POINT('Ctrl Pts',(-77.1788984088805,10.2853938637481,-0.05));
#10231=CARTESIAN_POINT('Ctrl Pts',(-77.1788984088805,10.2853938637481,26.56));
#10232=CARTESIAN_POINT('Ctrl Pts',(-77.2376232101845,10.1841263364006,-0.05));
#10233=CARTESIAN_POINT('Ctrl Pts',(-77.2376232101845,10.1841263364006,26.56));
#10234=CARTESIAN_POINT('Ctrl Pts',(-59.3900262622138,24.5487322277024,1.56));
#10235=CARTESIAN_POINT('Ctrl Pts',(-59.3900262622138,24.5487322277024,1.02333333333334));
#10236=CARTESIAN_POINT('Ctrl Pts',(-59.3900262622138,24.5487322277024,0.486666666666668));
#10237=CARTESIAN_POINT('Ctrl Pts',(-59.3900262622138,24.5487322277024,-0.05));
#10238=CARTESIAN_POINT('Origin',(-20.47716222227,6.97296112311278,-0.05));
#10239=CARTESIAN_POINT('',(-20.286353226893,7.95458830656037,-0.05));
#10240=CARTESIAN_POINT('Origin',(-37.8486451659539,11.3683520428489,-0.05));
#10241=CARTESIAN_POINT('',(-36.8670179825063,11.1775430474719,-0.05));
#10242=CARTESIAN_POINT('Origin',(-37.0578269778832,10.1959158640244,-0.05));
#10243=CARTESIAN_POINT('',(-38.0394541613308,10.3867248594013,-0.05));
#10244=CARTESIAN_POINT('Origin',(-49.1059179516022,-46.5452958753129,-0.05));
#10245=CARTESIAN_POINT('',(-48.9151089562252,-45.5636686918653,-0.05));
#10246=CARTESIAN_POINT('Origin',(-28.305480196714,51.028645190382,-0.05));
#10247=CARTESIAN_POINT('',(-29.305480196714,51.028645190382,-0.05));
#10248=CARTESIAN_POINT('Origin',(-29.305480196714,33.137645190382,-0.05));
#10249=CARTESIAN_POINT('',(-29.305480196714,34.137645190382,-0.05));
#10250=CARTESIAN_POINT('Origin',(-28.305480196714,34.137645190382,-0.05));
#10251=CARTESIAN_POINT('Origin',(71.9608866455628,17.7190566382858,-5.245));
#10252=CARTESIAN_POINT('',(76.4510147060974,13.2289285777512,-5.24500000000001));
#10253=CARTESIAN_POINT('Origin',(76.4510147060974,13.2289285777512,-1.94500000000001));
#10254=CARTESIAN_POINT('',(78.784467084013,10.8954761998356,-1.94500000000001));
#10255=CARTESIAN_POINT('Origin',(78.784467084013,10.8954761998356,-1.94500000000001));
#10256=CARTESIAN_POINT('Ctrl Pts',(77.2290124018271,10.180798063716,-0.05));
#10257=CARTESIAN_POINT('Ctrl Pts',(77.2290124018271,10.180798063716,26.56));
#10258=CARTESIAN_POINT('Ctrl Pts',(77.1753273245473,10.2793140800154,-0.05));
#10259=CARTESIAN_POINT('Ctrl Pts',(77.1753273245473,10.2793140800154,26.56));
#10260=CARTESIAN_POINT('Ctrl Pts',(77.1216422472675,10.3778300963148,-0.05));
#10261=CARTESIAN_POINT('Ctrl Pts',(77.1216422472675,10.3778300963148,26.56));
#10262=CARTESIAN_POINT('Ctrl Pts',(77.0679571699877,10.4763461126143,-0.05));
#10263=CARTESIAN_POINT('Ctrl Pts',(77.0679571699877,10.4763461126143,26.56));
#10264=CARTESIAN_POINT('Ctrl Pts',(75.2383947287555,13.8337260851118,-0.05));
#10265=CARTESIAN_POINT('Ctrl Pts',(75.2383947287555,13.8337260851118,26.56));
#10266=CARTESIAN_POINT('Ctrl Pts',(72.6069890102729,16.3974118925329,-0.05));
#10267=CARTESIAN_POINT('Ctrl Pts',(72.6069890102729,16.3974118925329,26.56));
#10268=CARTESIAN_POINT('Ctrl Pts',(69.6610183122483,18.5435496687985,-0.05));
#10269=CARTESIAN_POINT('Ctrl Pts',(69.6610183122483,18.5435496687985,26.56));
#10270=CARTESIAN_POINT('Ctrl Pts',(66.7826021041276,20.6404740422164,-0.0500000000000001));
#10271=CARTESIAN_POINT('Ctrl Pts',(66.7826021041276,20.6404740422164,26.56));
#10272=CARTESIAN_POINT('Ctrl Pts',(63.6422028908896,22.3913744707436,-0.0500000000000001));
#10273=CARTESIAN_POINT('Ctrl Pts',(63.6422028908896,22.3913744707436,26.56));
#10274=CARTESIAN_POINT('Ctrl Pts',(60.4846817849054,23.9933713632464,-0.05));
#10275=CARTESIAN_POINT('Ctrl Pts',(60.4846817849054,23.9933713632464,26.56));
#10276=CARTESIAN_POINT('Ctrl Pts',(59.9857926748065,24.2464872656444,-0.05));
#10277=CARTESIAN_POINT('Ctrl Pts',(59.9857926748065,24.2464872656444,26.56));
#10278=CARTESIAN_POINT('Ctrl Pts',(59.4856938668856,24.4951546899932,-0.05));
#10279=CARTESIAN_POINT('Ctrl Pts',(59.4856938668856,24.4951546899932,26.56));
#10280=CARTESIAN_POINT('Ctrl Pts',(58.9844616493061,24.7394453933611,-0.05));
#10281=CARTESIAN_POINT('Ctrl Pts',(58.9844616493061,24.7394453933611,26.56));
#10282=CARTESIAN_POINT('Ctrl Pts',(77.1339043711329,10.3553282083452,-0.05));
#10283=CARTESIAN_POINT('Ctrl Pts',(77.1339043711329,10.3553282083452,0.486666666666667));
#10284=CARTESIAN_POINT('Ctrl Pts',(77.1339043711329,10.3553282083452,1.02333333333333));
#10285=CARTESIAN_POINT('Ctrl Pts',(77.1339043711329,10.3553282083452,1.56));
#10286=CARTESIAN_POINT('Ctrl Pts',(68.8075310215005,-48.0282792790533,-0.05));
#10287=CARTESIAN_POINT('Ctrl Pts',(68.8075310215005,-48.0282792790533,26.56));
#10288=CARTESIAN_POINT('Ctrl Pts',(68.8764291630458,-47.8305226782369,-0.05));
#10289=CARTESIAN_POINT('Ctrl Pts',(68.8764291630458,-47.8305226782369,26.56));
#10290=CARTESIAN_POINT('Ctrl Pts',(68.945327304591,-47.6327660774205,-0.05));
#10291=CARTESIAN_POINT('Ctrl Pts',(68.945327304591,-47.6327660774205,26.56));
#10292=CARTESIAN_POINT('Ctrl Pts',(69.0142254461362,-47.4350094766041,-0.05));
#10293=CARTESIAN_POINT('Ctrl Pts',(69.0142254461362,-47.4350094766041,26.56));
#10294=CARTESIAN_POINT('Ctrl Pts',(70.7836092397172,-42.3563917271166,-0.05));
#10295=CARTESIAN_POINT('Ctrl Pts',(70.7836092397172,-42.3563917271166,26.56));
#10296=CARTESIAN_POINT('Ctrl Pts',(72.0974598464951,-37.9295335248048,-0.05));
#10297=CARTESIAN_POINT('Ctrl Pts',(72.0974598464951,-37.9295335248048,26.56));
#10298=CARTESIAN_POINT('Ctrl Pts',(73.0698360550298,-33.8408150693052,-0.05));
#10299=CARTESIAN_POINT('Ctrl Pts',(73.0698360550298,-33.8408150693052,26.56));
#10300=CARTESIAN_POINT('Ctrl Pts',(74.3806083333061,-28.3291841201879,-0.05));
#10301=CARTESIAN_POINT('Ctrl Pts',(74.3806083333061,-28.3291841201879,26.56));
#10302=CARTESIAN_POINT('Ctrl Pts',(75.0955777675821,-23.4144140371572,-0.05));
#10303=CARTESIAN_POINT('Ctrl Pts',(75.0955777675821,-23.4144140371572,26.56));
#10304=CARTESIAN_POINT('Ctrl Pts',(75.6299992393407,-17.4423702926398,-0.05));
#10305=CARTESIAN_POINT('Ctrl Pts',(75.6299992393407,-17.4423702926398,26.56));
#10306=CARTESIAN_POINT('Ctrl Pts',(76.0387412291094,-12.874767432134,-0.05));
#10307=CARTESIAN_POINT('Ctrl Pts',(76.0387412291094,-12.874767432134,26.56));
#10308=CARTESIAN_POINT('Ctrl Pts',(76.3433548069428,-7.64867852640185,-0.05));
#10309=CARTESIAN_POINT('Ctrl Pts',(76.3433548069428,-7.64867852640185,26.56));
#10310=CARTESIAN_POINT('Ctrl Pts',(76.6527054162005,-1.02124643490798,-0.05));
#10311=CARTESIAN_POINT('Ctrl Pts',(76.6527054162005,-1.02124643490798,26.56));
#10312=CARTESIAN_POINT('Ctrl Pts',(76.8101149717992,2.35104736074862,-0.05));
#10313=CARTESIAN_POINT('Ctrl Pts',(76.8101149717992,2.35104736074862,26.56));
#10314=CARTESIAN_POINT('Ctrl Pts',(76.967353634021,6.08413682769466,-0.05));
#10315=CARTESIAN_POINT('Ctrl Pts',(76.967353634021,6.08413682769466,26.56));
#10316=CARTESIAN_POINT('Ctrl Pts',(77.1285343003993,10.2176128176551,-0.05));
#10317=CARTESIAN_POINT('Ctrl Pts',(77.1285343003993,10.2176128176551,26.56));
#10318=CARTESIAN_POINT('Ctrl Pts',(77.1405248712997,10.5251108447852,-0.05));
#10319=CARTESIAN_POINT('Ctrl Pts',(77.1405248712997,10.5251108447852,26.56));
#10320=CARTESIAN_POINT('Ctrl Pts',(77.1525154422001,10.8326088719153,-0.05));
#10321=CARTESIAN_POINT('Ctrl Pts',(77.1525154422001,10.8326088719153,26.56));
#10322=CARTESIAN_POINT('Ctrl Pts',(77.1645060131006,11.1401068990453,-0.05));
#10323=CARTESIAN_POINT('Ctrl Pts',(77.1645060131006,11.1401068990453,26.56));
#10324=CARTESIAN_POINT('Origin',(22.5486801069957,-60.2186332021384,-0.05));
#10325=CARTESIAN_POINT('Ctrl Pts',(22.5222587308942,-60.2386551633243,-0.05));
#10326=CARTESIAN_POINT('Ctrl Pts',(22.5222587308942,-60.2386551633243,0.486666666666667));
#10327=CARTESIAN_POINT('Ctrl Pts',(22.5222587308942,-60.2386551633243,1.02333333333333));
#10328=CARTESIAN_POINT('Ctrl Pts',(22.5222587308942,-60.2386551633243,1.56));
#10329=CARTESIAN_POINT('Ctrl Pts',(-22.9088133207907,-60.0291068659162,
-0.05));
#10330=CARTESIAN_POINT('Ctrl Pts',(-22.9088133207907,-60.0291068659162,
26.56));
#10331=CARTESIAN_POINT('Ctrl Pts',(-22.7677667231912,-60.1058478611796,
-0.05));
#10332=CARTESIAN_POINT('Ctrl Pts',(-22.7677667231912,-60.1058478611796,
26.56));
#10333=CARTESIAN_POINT('Ctrl Pts',(-22.6267201255918,-60.182588856443,-0.05));
#10334=CARTESIAN_POINT('Ctrl Pts',(-22.6267201255918,-60.182588856443,26.56));
#10335=CARTESIAN_POINT('Ctrl Pts',(-22.4856735279922,-60.2593298517064,
-0.05));
#10336=CARTESIAN_POINT('Ctrl Pts',(-22.4856735279922,-60.2593298517064,
26.56));
#10337=CARTESIAN_POINT('Ctrl Pts',(-20.0632585298103,-61.5773236286946,
-0.05));
#10338=CARTESIAN_POINT('Ctrl Pts',(-20.0632585298103,-61.5773236286946,
26.56));
#10339=CARTESIAN_POINT('Ctrl Pts',(-17.1770583174232,-62.7261832038161,
-0.05));
#10340=CARTESIAN_POINT('Ctrl Pts',(-17.1770583174232,-62.7261832038161,
26.56));
#10341=CARTESIAN_POINT('Ctrl Pts',(-14.231375467259,-63.6752691793616,-0.05));
#10342=CARTESIAN_POINT('Ctrl Pts',(-14.231375467259,-63.6752691793616,26.56));
#10343=CARTESIAN_POINT('Ctrl Pts',(-11.2362879332658,-64.6402731253518,
-0.05));
#10344=CARTESIAN_POINT('Ctrl Pts',(-11.2362879332658,-64.6402731253518,
26.56));
#10345=CARTESIAN_POINT('Ctrl Pts',(-8.24793303734143,-65.3934563285999,
-0.05));
#10346=CARTESIAN_POINT('Ctrl Pts',(-8.24793303734143,-65.3934563285999,
26.56));
#10347=CARTESIAN_POINT('Ctrl Pts',(-5.76895974421743,-65.8810345525146,
-0.05));
#10348=CARTESIAN_POINT('Ctrl Pts',(-5.76895974421743,-65.8810345525146,
26.56));
#10349=CARTESIAN_POINT('Ctrl Pts',(-3.83001575288937,-66.2623968165551,
-0.05));
#10350=CARTESIAN_POINT('Ctrl Pts',(-3.83001575288937,-66.2623968165551,
26.56));
#10351=CARTESIAN_POINT('Ctrl Pts',(-2.22967531500552,-66.4783950762719,
-0.05));
#10352=CARTESIAN_POINT('Ctrl Pts',(-2.22967531500552,-66.4783950762719,
26.56));
#10353=CARTESIAN_POINT('Ctrl Pts',(-0.780416672488729,-66.5341303559926,
-0.05));
#10354=CARTESIAN_POINT('Ctrl Pts',(-0.780416672488729,-66.5341303559926,
26.56));
#10355=CARTESIAN_POINT('Ctrl Pts',(0.780664799355389,-66.5941660942297,
-0.05));
#10356=CARTESIAN_POINT('Ctrl Pts',(0.780664799355389,-66.5941660942297,
26.56));
#10357=CARTESIAN_POINT('Ctrl Pts',(2.23281552515947,-66.4749631181309,-0.05));
#10358=CARTESIAN_POINT('Ctrl Pts',(2.23281552515947,-66.4749631181309,26.56));
#10359=CARTESIAN_POINT('Ctrl Pts',(4.03617504330627,-66.2107661479703,-0.05));
#10360=CARTESIAN_POINT('Ctrl Pts',(4.03617504330627,-66.2107661479703,26.56));
#10361=CARTESIAN_POINT('Ctrl Pts',(6.11814621282464,-65.9057518291872,-0.05));
#10362=CARTESIAN_POINT('Ctrl Pts',(6.11814621282464,-65.9057518291872,26.56));
#10363=CARTESIAN_POINT('Ctrl Pts',(8.67120565792674,-65.4052309555081,-0.05));
#10364=CARTESIAN_POINT('Ctrl Pts',(8.67120565792674,-65.4052309555081,26.56));
#10365=CARTESIAN_POINT('Ctrl Pts',(11.4892077407263,-64.64031448904,-0.05));
#10366=CARTESIAN_POINT('Ctrl Pts',(11.4892077407263,-64.64031448904,26.56));
#10367=CARTESIAN_POINT('Ctrl Pts',(14.7001726850319,-63.7687324649731,-0.05));
#10368=CARTESIAN_POINT('Ctrl Pts',(14.7001726850319,-63.7687324649731,26.56));
#10369=CARTESIAN_POINT('Ctrl Pts',(18.188887606874,-62.5418100296658,-0.05));
#10370=CARTESIAN_POINT('Ctrl Pts',(18.188887606874,-62.5418100296658,26.56));
#10371=CARTESIAN_POINT('Ctrl Pts',(21.4056771604082,-60.8494760171558,-0.05));
#10372=CARTESIAN_POINT('Ctrl Pts',(21.4056771604082,-60.8494760171558,26.56));
#10373=CARTESIAN_POINT('Ctrl Pts',(21.7712121681405,-60.6571702053974,-0.05));
#10374=CARTESIAN_POINT('Ctrl Pts',(21.7712121681405,-60.6571702053974,26.56));
#10375=CARTESIAN_POINT('Ctrl Pts',(22.1338530304283,-60.459014880241,-0.05));
#10376=CARTESIAN_POINT('Ctrl Pts',(22.1338530304283,-60.459014880241,26.56));
#10377=CARTESIAN_POINT('Ctrl Pts',(22.4934252808762,-60.2550136536247,-0.05));
#10378=CARTESIAN_POINT('Ctrl Pts',(22.4934252808762,-60.2550136536247,26.56));
#10379=CARTESIAN_POINT('Ctrl Pts',(22.6573184287384,-60.1620298286598,-0.05));
#10380=CARTESIAN_POINT('Ctrl Pts',(22.6573184287384,-60.1620298286598,26.56));
#10381=CARTESIAN_POINT('Ctrl Pts',(22.8212115766006,-60.0690460036948,-0.05));
#10382=CARTESIAN_POINT('Ctrl Pts',(22.8212115766006,-60.0690460036948,26.56));
#10383=CARTESIAN_POINT('Ctrl Pts',(22.9851047244628,-59.9760621787299,-0.05));
#10384=CARTESIAN_POINT('Ctrl Pts',(22.9851047244628,-59.9760621787299,26.56));
#10385=CARTESIAN_POINT('Ctrl Pts',(-22.5187157063077,-60.2413521784214,
-0.05));
#10386=CARTESIAN_POINT('Ctrl Pts',(-22.5187157063077,-60.2413521784214,
0.486666666666667));
#10387=CARTESIAN_POINT('Ctrl Pts',(-22.5187157063077,-60.2413521784214,
1.02333333333333));
#10388=CARTESIAN_POINT('Ctrl Pts',(-22.5187157063077,-60.2413521784214,
1.56));
#10389=CARTESIAN_POINT('Origin',(-37.6991891703029,-48.7376761541646,-0.05));
#10390=CARTESIAN_POINT('Ctrl Pts',(-37.5012633068302,-48.8876632422229,
1.56));
#10391=CARTESIAN_POINT('Ctrl Pts',(-37.5012633068302,-48.8876632422229,
1.02333333333334));
#10392=CARTESIAN_POINT('Ctrl Pts',(-37.5012633068302,-48.8876632422229,
0.486666666666668));
#10393=CARTESIAN_POINT('Ctrl Pts',(-37.5012633068302,-48.8876632422229,
-0.05));
#10394=CARTESIAN_POINT('Ctrl Pts',(-69.2800482323046,-47.5491360577003,
-0.05));
#10395=CARTESIAN_POINT('Ctrl Pts',(-69.2800482323046,-47.5491360577003,
26.56));
#10396=CARTESIAN_POINT('Ctrl Pts',(-69.0873543030181,-47.6141743919993,
-0.05));
#10397=CARTESIAN_POINT('Ctrl Pts',(-69.0873543030181,-47.6141743919993,
26.56));
#10398=CARTESIAN_POINT('Ctrl Pts',(-68.8946603737317,-47.6792127262982,
-0.05));
#10399=CARTESIAN_POINT('Ctrl Pts',(-68.8946603737317,-47.6792127262982,
26.56));
#10400=CARTESIAN_POINT('Ctrl Pts',(-68.7019664444452,-47.7442510605972,
-0.05));
#10401=CARTESIAN_POINT('Ctrl Pts',(-68.7019664444452,-47.7442510605972,
26.56));
#10402=CARTESIAN_POINT('Ctrl Pts',(-64.9033178492958,-49.0263764401068,
-0.05));
#10403=CARTESIAN_POINT('Ctrl Pts',(-64.9033178492958,-49.0263764401068,
26.56));
#10404=CARTESIAN_POINT('Ctrl Pts',(-61.8504102060654,-49.9505071900881,
-0.05));
#10405=CARTESIAN_POINT('Ctrl Pts',(-61.8504102060654,-49.9505071900881,
26.56));
#10406=CARTESIAN_POINT('Ctrl Pts',(-59.1697806402253,-50.5591970401377,
-0.05));
#10407=CARTESIAN_POINT('Ctrl Pts',(-59.1697806402253,-50.5591970401377,
26.56));
#10408=CARTESIAN_POINT('Ctrl Pts',(-55.7068962640063,-51.3455132841127,
-0.05));
#10409=CARTESIAN_POINT('Ctrl Pts',(-55.7068962640063,-51.3455132841127,
26.56));
#10410=CARTESIAN_POINT('Ctrl Pts',(-52.8108628519101,-51.629804210356,-0.05));
#10411=CARTESIAN_POINT('Ctrl Pts',(-52.8108628519101,-51.629804210356,26.56));
#10412=CARTESIAN_POINT('Ctrl Pts',(-49.1138193590097,-51.282170515268,-0.05));
#10413=CARTESIAN_POINT('Ctrl Pts',(-49.1138193590097,-51.282170515268,26.56));
#10414=CARTESIAN_POINT('Ctrl Pts',(-46.299320338482,-51.0175226429327,-0.05));
#10415=CARTESIAN_POINT('Ctrl Pts',(-46.299320338482,-51.0175226429327,26.56));
#10416=CARTESIAN_POINT('Ctrl Pts',(-42.9882860775825,-50.3701911801474,
-0.05));
#10417=CARTESIAN_POINT('Ctrl Pts',(-42.9882860775825,-50.3701911801474,
26.56));
#10418=CARTESIAN_POINT('Ctrl Pts',(-38.7362235507146,-49.2265004603955,
-0.05));
#10419=CARTESIAN_POINT('Ctrl Pts',(-38.7362235507146,-49.2265004603955,
26.56));
#10420=CARTESIAN_POINT('Ctrl Pts',(-38.2561885381319,-49.097383923285,-0.05));
#10421=CARTESIAN_POINT('Ctrl Pts',(-38.2561885381319,-49.097383923285,26.56));
#10422=CARTESIAN_POINT('Ctrl Pts',(-37.7647240904202,-48.9620498957142,
-0.05));
#10423=CARTESIAN_POINT('Ctrl Pts',(-37.7647240904202,-48.9620498957142,
26.56));
#10424=CARTESIAN_POINT('Ctrl Pts',(-37.2617310426221,-48.8204690048446,
-0.05));
#10425=CARTESIAN_POINT('Ctrl Pts',(-37.2617310426221,-48.8204690048446,
26.56));
#10426=CARTESIAN_POINT('Origin',(48.0527771934581,42.0472188425442,-0.05));
#10427=CARTESIAN_POINT('',(48.7598839746447,42.7543256237308,-3.48416));
#10428=CARTESIAN_POINT('Origin',(48.0527771934581,42.0472188425442,-3.48416));
#10429=CARTESIAN_POINT('',(48.7598839746447,42.7543256237308,-0.05));
#10430=CARTESIAN_POINT('Origin',(46.4264315967291,30.2385355967289,-3.48416));
#10431=CARTESIAN_POINT('',(58.942221623731,31.1577744122714,-3.48416));
#10432=CARTESIAN_POINT('',(55.9370178036881,28.1525705922286,-3.48416));
#10433=CARTESIAN_POINT('',(58.942221623731,32.5719879746445,-3.48416));
#10434=CARTESIAN_POINT('Origin',(58.2351148425444,31.864881193458,-3.48416));
#10435=CARTESIAN_POINT('',(50.951914996323,40.5622946020525,-3.48416));
#10436=CARTESIAN_POINT('Origin',(48.0527771934581,43.4614324049173,-0.05));
#10437=CARTESIAN_POINT('',(58.942221623731,32.5719879746445,-0.05));
#10438=CARTESIAN_POINT('Origin',(58.2351148425444,31.864881193458,-0.05));
#10439=CARTESIAN_POINT('',(58.942221623731,31.1577744122714,-0.05));
#10440=CARTESIAN_POINT('Origin',(59.6493284049175,31.864881193458,-0.05));
#10441=CARTESIAN_POINT('Origin',(-47.9334817727776,-45.7544776872422,-0.05));
#10442=CARTESIAN_POINT('',(-48.1242907681546,-46.7361048706898,-0.05));
#10443=CARTESIAN_POINT('Origin',(-30.5619988290937,-50.1498686069783,-0.05));
#10444=CARTESIAN_POINT('Ctrl Pts',(39.3048643027003,54.5339231571083,-0.05));
#10445=CARTESIAN_POINT('Ctrl Pts',(39.3048643027003,54.5339231571083,26.56));
#10446=CARTESIAN_POINT('Ctrl Pts',(38.9481062977281,54.7275080852801,-0.05));
#10447=CARTESIAN_POINT('Ctrl Pts',(38.9481062977281,54.7275080852801,26.56));
#10448=CARTESIAN_POINT('Ctrl Pts',(38.591348292756,54.9210930134518,-0.05));
#10449=CARTESIAN_POINT('Ctrl Pts',(38.591348292756,54.9210930134518,26.56));
#10450=CARTESIAN_POINT('Ctrl Pts',(38.2345902877837,55.1146779416236,-0.05));
#10451=CARTESIAN_POINT('Ctrl Pts',(38.2345902877837,55.1146779416236,26.56));
#10452=CARTESIAN_POINT('Ctrl Pts',(29.5462070983268,59.8291903343893,-0.05));
#10453=CARTESIAN_POINT('Ctrl Pts',(29.5462070983268,59.8291903343893,26.56));
#10454=CARTESIAN_POINT('Ctrl Pts',(21.9771612757354,62.9045827429212,-0.05));
#10455=CARTESIAN_POINT('Ctrl Pts',(21.9771612757354,62.9045827429212,26.56));
#10456=CARTESIAN_POINT('Ctrl Pts',(15.2366214675095,64.6587299549097,-0.05));
#10457=CARTESIAN_POINT('Ctrl Pts',(15.2366214675095,64.6587299549097,26.56));
#10458=CARTESIAN_POINT('Ctrl Pts',(6.11351202237487,67.0329132478143,-0.05));
#10459=CARTESIAN_POINT('Ctrl Pts',(6.11351202237487,67.0329132478143,26.56));
#10460=CARTESIAN_POINT('Ctrl Pts',(-1.54278988768328,67.0700689095746,-0.05));
#10461=CARTESIAN_POINT('Ctrl Pts',(-1.54278988768328,67.0700689095746,26.56));
#10462=CARTESIAN_POINT('Ctrl Pts',(-8.90228557455429,65.8179373989014,-0.05));
#10463=CARTESIAN_POINT('Ctrl Pts',(-8.90228557455429,65.8179373989014,26.56));
#10464=CARTESIAN_POINT('Ctrl Pts',(-15.1370392329926,64.7571674971074,-0.05));
#10465=CARTESIAN_POINT('Ctrl Pts',(-15.1370392329926,64.7571674971074,26.56));
#10466=CARTESIAN_POINT('Ctrl Pts',(-21.1767009015625,62.7720509273662,-0.05));
#10467=CARTESIAN_POINT('Ctrl Pts',(-21.1767009015625,62.7720509273662,26.56));
#10468=CARTESIAN_POINT('Ctrl Pts',(-27.5640165973824,60.0907512385378,-0.05));
#10469=CARTESIAN_POINT('Ctrl Pts',(-27.5640165973824,60.0907512385378,26.56));
#10470=CARTESIAN_POINT('Ctrl Pts',(-31.0095308160643,58.644375852951,-0.05));
#10471=CARTESIAN_POINT('Ctrl Pts',(-31.0095308160643,58.644375852951,26.56));
#10472=CARTESIAN_POINT('Ctrl Pts',(-34.5521716877642,56.9872518867451,-0.05));
#10473=CARTESIAN_POINT('Ctrl Pts',(-34.5521716877642,56.9872518867451,26.56));
#10474=CARTESIAN_POINT('Ctrl Pts',(-38.222749631932,55.1209154665436,-0.05));
#10475=CARTESIAN_POINT('Ctrl Pts',(-38.222749631932,55.1209154665436,26.56));
#10476=CARTESIAN_POINT('Ctrl Pts',(-38.4665358316256,54.996960310121,-0.05));
#10477=CARTESIAN_POINT('Ctrl Pts',(-38.4665358316256,54.996960310121,26.56));
#10478=CARTESIAN_POINT('Ctrl Pts',(-38.7103220313193,54.8730051536984,-0.05));
#10479=CARTESIAN_POINT('Ctrl Pts',(-38.7103220313193,54.8730051536984,26.56));
#10480=CARTESIAN_POINT('Ctrl Pts',(-38.9541082310129,54.7490499972758,-0.05));
#10481=CARTESIAN_POINT('Ctrl Pts',(-38.9541082310129,54.7490499972758,26.56));
#10482=CARTESIAN_POINT('Ctrl Pts',(38.3014417091988,55.0784028547791,-0.05));
#10483=CARTESIAN_POINT('Ctrl Pts',(38.3014417091988,55.0784028547791,0.486666666666667));
#10484=CARTESIAN_POINT('Ctrl Pts',(38.3014417091988,55.0784028547791,1.02333333333333));
#10485=CARTESIAN_POINT('Ctrl Pts',(38.3014417091988,55.0784028547791,1.56));
#10486=CARTESIAN_POINT('Ctrl Pts',(39.3048643027003,54.5339231571083,-0.05));
#10487=CARTESIAN_POINT('Ctrl Pts',(39.3048643027003,54.5339231571083,26.56));
#10488=CARTESIAN_POINT('Ctrl Pts',(38.9481062977281,54.7275080852801,-0.05));
#10489=CARTESIAN_POINT('Ctrl Pts',(38.9481062977281,54.7275080852801,26.56));
#10490=CARTESIAN_POINT('Ctrl Pts',(38.591348292756,54.9210930134518,-0.05));
#10491=CARTESIAN_POINT('Ctrl Pts',(38.591348292756,54.9210930134518,26.56));
#10492=CARTESIAN_POINT('Ctrl Pts',(38.2345902877837,55.1146779416236,-0.05));
#10493=CARTESIAN_POINT('Ctrl Pts',(38.2345902877837,55.1146779416236,26.56));
#10494=CARTESIAN_POINT('Ctrl Pts',(29.5462070983268,59.8291903343893,-0.05));
#10495=CARTESIAN_POINT('Ctrl Pts',(29.5462070983268,59.8291903343893,26.56));
#10496=CARTESIAN_POINT('Ctrl Pts',(21.9771612757354,62.9045827429212,-0.05));
#10497=CARTESIAN_POINT('Ctrl Pts',(21.9771612757354,62.9045827429212,26.56));
#10498=CARTESIAN_POINT('Ctrl Pts',(15.2366214675095,64.6587299549097,-0.05));
#10499=CARTESIAN_POINT('Ctrl Pts',(15.2366214675095,64.6587299549097,26.56));
#10500=CARTESIAN_POINT('Ctrl Pts',(6.11351202237487,67.0329132478143,-0.05));
#10501=CARTESIAN_POINT('Ctrl Pts',(6.11351202237487,67.0329132478143,26.56));
#10502=CARTESIAN_POINT('Ctrl Pts',(-1.54278988768328,67.0700689095746,-0.05));
#10503=CARTESIAN_POINT('Ctrl Pts',(-1.54278988768328,67.0700689095746,26.56));
#10504=CARTESIAN_POINT('Ctrl Pts',(-8.90228557455429,65.8179373989014,-0.05));
#10505=CARTESIAN_POINT('Ctrl Pts',(-8.90228557455429,65.8179373989014,26.56));
#10506=CARTESIAN_POINT('Ctrl Pts',(-15.1370392329926,64.7571674971074,-0.05));
#10507=CARTESIAN_POINT('Ctrl Pts',(-15.1370392329926,64.7571674971074,26.56));
#10508=CARTESIAN_POINT('Ctrl Pts',(-21.1767009015625,62.7720509273662,-0.05));
#10509=CARTESIAN_POINT('Ctrl Pts',(-21.1767009015625,62.7720509273662,26.56));
#10510=CARTESIAN_POINT('Ctrl Pts',(-27.5640165973824,60.0907512385378,-0.05));
#10511=CARTESIAN_POINT('Ctrl Pts',(-27.5640165973824,60.0907512385378,26.56));
#10512=CARTESIAN_POINT('Ctrl Pts',(-31.0095308160643,58.644375852951,-0.05));
#10513=CARTESIAN_POINT('Ctrl Pts',(-31.0095308160643,58.644375852951,26.56));
#10514=CARTESIAN_POINT('Ctrl Pts',(-34.5521716877642,56.9872518867451,-0.05));
#10515=CARTESIAN_POINT('Ctrl Pts',(-34.5521716877642,56.9872518867451,26.56));
#10516=CARTESIAN_POINT('Ctrl Pts',(-38.222749631932,55.1209154665436,-0.05));
#10517=CARTESIAN_POINT('Ctrl Pts',(-38.222749631932,55.1209154665436,26.56));
#10518=CARTESIAN_POINT('Ctrl Pts',(-38.4665358316256,54.996960310121,-0.05));
#10519=CARTESIAN_POINT('Ctrl Pts',(-38.4665358316256,54.996960310121,26.56));
#10520=CARTESIAN_POINT('Ctrl Pts',(-38.7103220313193,54.8730051536984,-0.05));
#10521=CARTESIAN_POINT('Ctrl Pts',(-38.7103220313193,54.8730051536984,26.56));
#10522=CARTESIAN_POINT('Ctrl Pts',(-38.9541082310129,54.7490499972758,-0.05));
#10523=CARTESIAN_POINT('Ctrl Pts',(-38.9541082310129,54.7490499972758,26.56));
#10524=CARTESIAN_POINT('',(-10.8994942710333,65.4445043204007,1.56));
#10525=CARTESIAN_POINT('Ctrl Pts',(-10.900152117647,65.4454452485437,1.56));
#10526=CARTESIAN_POINT('Ctrl Pts',(-10.2359909698404,65.5800321906,1.56));
#10527=CARTESIAN_POINT('Ctrl Pts',(-9.57025793650005,65.7042897689228,1.56));
#10528=CARTESIAN_POINT('Ctrl Pts',(-8.90228557455429,65.8179373989014,1.56));
#10529=CARTESIAN_POINT('Ctrl Pts',(-7.41635739512151,66.0707505773077,1.56));
#10530=CARTESIAN_POINT('Ctrl Pts',(-5.9183295734294,66.2710045021091,1.56));
#10531=CARTESIAN_POINT('Ctrl Pts',(-4.39857190208927,66.4100752873284,1.56));
#10532=CARTESIAN_POINT('Ctrl Pts',(-10.8994942710333,65.4445043204007,-0.05));
#10533=CARTESIAN_POINT('Ctrl Pts',(-10.8994942710333,65.4445043204007,0.486666666666667));
#10534=CARTESIAN_POINT('Ctrl Pts',(-10.8994942710333,65.4445043204007,1.02333333333333));
#10535=CARTESIAN_POINT('Ctrl Pts',(-10.8994942710333,65.4445043204007,1.56));
#10536=CARTESIAN_POINT('Origin',(-22.4842366813486,63.5195835689606,-0.0500000000000001));
#10537=CARTESIAN_POINT('',(-12.5465906749936,66.1823677910349,1.56));
#10538=CARTESIAN_POINT('',(-19.8800447959982,64.2173746815773,1.56));
#10539=CARTESIAN_POINT('',(-22.4842366813486,63.5195835689606,-6.085));
#10540=CARTESIAN_POINT('',(-22.4842366813486,63.5195835689606,-0.0500000000000001));
#10541=CARTESIAN_POINT('',(-12.5465906749936,66.1823677910349,-6.085));
#10542=CARTESIAN_POINT('',(-19.9890972053382,64.1881541765619,-6.085));
#10543=CARTESIAN_POINT('',(-12.5465906749936,66.1823677910349,-0.05));
#10544=CARTESIAN_POINT('Origin',(-15.7317899097928,58.2802249502084,-6.085));
#10545=CARTESIAN_POINT('',(-10.9354756314139,65.5787885854664,-6.085));
#10546=CARTESIAN_POINT('',(-10.1838012441979,62.7735015816334,-6.085));
#10547=CARTESIAN_POINT('',(-12.2877716298906,65.216441964746,-6.085));
#10548=CARTESIAN_POINT('',(-14.7614551570577,64.5536204613101,-6.085));
#10549=CARTESIAN_POINT('',(-11.6655067652261,62.8941178740575,-6.085));
#10550=CARTESIAN_POINT('',(-22.2254176362456,62.5536577426717,-6.085));
#10551=CARTESIAN_POINT('',(-21.4737432490296,59.7483707388387,-6.085));
#10552=CARTESIAN_POINT('',(-23.685696538428,62.162377190107,-6.085));
#10553=CARTESIAN_POINT('',(-20.4604176113264,63.0265880739906,-6.085));
#10554=CARTESIAN_POINT('',(-21.3552259760838,53.4649426459115,-6.085));
#10555=CARTESIAN_POINT('Origin',(-61.6119076651909,30.7181060540723,-0.05));
#10556=CARTESIAN_POINT('',(-61.7178192946443,31.012184952155,-0.05));
#10557=CARTESIAN_POINT('Origin',(-38.3544906613383,55.0239019035222,-0.05));
#10558=CARTESIAN_POINT('Ctrl Pts',(-38.2966646020416,55.0833327744412,-0.05));
#10559=CARTESIAN_POINT('Ctrl Pts',(-38.2966646020416,55.0833327744412,0.486666666666667));
#10560=CARTESIAN_POINT('Ctrl Pts',(-38.2966646020416,55.0833327744412,1.02333333333333));
#10561=CARTESIAN_POINT('Ctrl Pts',(-38.2966646020416,55.0833327744412,1.56));
#10562=CARTESIAN_POINT('Ctrl Pts',(39.3048643027003,54.5339231571083,-0.05));
#10563=CARTESIAN_POINT('Ctrl Pts',(39.3048643027003,54.5339231571083,26.56));
#10564=CARTESIAN_POINT('Ctrl Pts',(38.9481062977281,54.7275080852801,-0.05));
#10565=CARTESIAN_POINT('Ctrl Pts',(38.9481062977281,54.7275080852801,26.56));
#10566=CARTESIAN_POINT('Ctrl Pts',(38.591348292756,54.9210930134518,-0.05));
#10567=CARTESIAN_POINT('Ctrl Pts',(38.591348292756,54.9210930134518,26.56));
#10568=CARTESIAN_POINT('Ctrl Pts',(38.2345902877837,55.1146779416236,-0.05));
#10569=CARTESIAN_POINT('Ctrl Pts',(38.2345902877837,55.1146779416236,26.56));
#10570=CARTESIAN_POINT('Ctrl Pts',(29.5462070983268,59.8291903343893,-0.05));
#10571=CARTESIAN_POINT('Ctrl Pts',(29.5462070983268,59.8291903343893,26.56));
#10572=CARTESIAN_POINT('Ctrl Pts',(21.9771612757354,62.9045827429212,-0.05));
#10573=CARTESIAN_POINT('Ctrl Pts',(21.9771612757354,62.9045827429212,26.56));
#10574=CARTESIAN_POINT('Ctrl Pts',(15.2366214675095,64.6587299549097,-0.05));
#10575=CARTESIAN_POINT('Ctrl Pts',(15.2366214675095,64.6587299549097,26.56));
#10576=CARTESIAN_POINT('Ctrl Pts',(6.11351202237487,67.0329132478143,-0.05));
#10577=CARTESIAN_POINT('Ctrl Pts',(6.11351202237487,67.0329132478143,26.56));
#10578=CARTESIAN_POINT('Ctrl Pts',(-1.54278988768328,67.0700689095746,-0.05));
#10579=CARTESIAN_POINT('Ctrl Pts',(-1.54278988768328,67.0700689095746,26.56));
#10580=CARTESIAN_POINT('Ctrl Pts',(-8.90228557455429,65.8179373989014,-0.05));
#10581=CARTESIAN_POINT('Ctrl Pts',(-8.90228557455429,65.8179373989014,26.56));
#10582=CARTESIAN_POINT('Ctrl Pts',(-15.1370392329926,64.7571674971074,-0.05));
#10583=CARTESIAN_POINT('Ctrl Pts',(-15.1370392329926,64.7571674971074,26.56));
#10584=CARTESIAN_POINT('Ctrl Pts',(-21.1767009015625,62.7720509273662,-0.05));
#10585=CARTESIAN_POINT('Ctrl Pts',(-21.1767009015625,62.7720509273662,26.56));
#10586=CARTESIAN_POINT('Ctrl Pts',(-27.5640165973824,60.0907512385378,-0.05));
#10587=CARTESIAN_POINT('Ctrl Pts',(-27.5640165973824,60.0907512385378,26.56));
#10588=CARTESIAN_POINT('Ctrl Pts',(-31.0095308160643,58.644375852951,-0.05));
#10589=CARTESIAN_POINT('Ctrl Pts',(-31.0095308160643,58.644375852951,26.56));
#10590=CARTESIAN_POINT('Ctrl Pts',(-34.5521716877642,56.9872518867451,-0.05));
#10591=CARTESIAN_POINT('Ctrl Pts',(-34.5521716877642,56.9872518867451,26.56));
#10592=CARTESIAN_POINT('Ctrl Pts',(-38.222749631932,55.1209154665436,-0.05));
#10593=CARTESIAN_POINT('Ctrl Pts',(-38.222749631932,55.1209154665436,26.56));
#10594=CARTESIAN_POINT('Ctrl Pts',(-38.4665358316256,54.996960310121,-0.05));
#10595=CARTESIAN_POINT('Ctrl Pts',(-38.4665358316256,54.996960310121,26.56));
#10596=CARTESIAN_POINT('Ctrl Pts',(-38.7103220313193,54.8730051536984,-0.05));
#10597=CARTESIAN_POINT('Ctrl Pts',(-38.7103220313193,54.8730051536984,26.56));
#10598=CARTESIAN_POINT('Ctrl Pts',(-38.9541082310129,54.7490499972758,-0.05));
#10599=CARTESIAN_POINT('Ctrl Pts',(-38.9541082310129,54.7490499972758,26.56));
#10600=CARTESIAN_POINT('Ctrl Pts',(-23.5592461822663,61.6904580362773,1.56));
#10601=CARTESIAN_POINT('Ctrl Pts',(-23.5592461822663,61.6904580362773,1.02333333333333));
#10602=CARTESIAN_POINT('Ctrl Pts',(-23.5592461822663,61.6904580362773,0.486666666666667));
#10603=CARTESIAN_POINT('Ctrl Pts',(-23.5592461822663,61.6904580362773,-0.05));
#10604=CARTESIAN_POINT('Origin',(-20.5281041881716,50.3780821093819,-0.05));
#10605=CARTESIAN_POINT('',(-23.685696538428,62.162377190107,-0.05));
#10606=CARTESIAN_POINT('Origin',(-23.685696538428,62.162377190107,-0.05));
#10607=CARTESIAN_POINT('',(-22.2254176362456,62.5536577426717,-0.05));
#10608=CARTESIAN_POINT('Origin',(-22.2254176362456,62.5536577426717,-0.05));
#10609=CARTESIAN_POINT('Origin',(-12.5465906749936,66.1823677910349,-0.05));
#10610=CARTESIAN_POINT('',(-12.2877716298906,65.216441964746,1.56));
#10611=CARTESIAN_POINT('',(-3.90866421966967,33.9451873877847,1.56));
#10612=CARTESIAN_POINT('',(-12.2877716298906,65.216441964746,-0.05));
#10613=CARTESIAN_POINT('Origin',(-12.2877716298906,65.216441964746,-0.05));
#10614=CARTESIAN_POINT('',(-10.9354756314139,65.5787885854664,1.56));
#10615=CARTESIAN_POINT('',(-14.6524027477179,64.5828409663254,1.56));
#10616=CARTESIAN_POINT('',(-10.9354756314139,65.5787885854664,-0.05));
#10617=CARTESIAN_POINT('Origin',(-10.9354756314139,65.5787885854664,-0.05));
#10618=CARTESIAN_POINT('',(-2.42695869864151,33.8245710953606,1.56));
#10619=CARTESIAN_POINT('Origin',(61.4998456155506,31.2361939505805,-0.05));
#10620=CARTESIAN_POINT('Origin',(63.2916386933037,32.9796037034832,-0.05));
#10621=CARTESIAN_POINT('',(64.599487618278,31.6354591920657,-0.05));
#10622=CARTESIAN_POINT('Origin',(61.5879334618045,23.2734588546439,-0.05));
#10623=CARTESIAN_POINT('Origin',(0.,0.440804987693415,1.56));
#10624=CARTESIAN_POINT('',(0.,0.,0.));
#10625=CARTESIAN_POINT('',(0.,0.,0.));
#10626=UNCERTAINTY_MEASURE_WITH_UNIT(LENGTH_MEASURE(0.01),#10634,
'DISTANCE_ACCURACY_VALUE',
'Maximum model space distance between geometric entities at asserted c
onnectivities');
#10627=UNCERTAINTY_MEASURE_WITH_UNIT(LENGTH_MEASURE(0.01),#10634,
'DISTANCE_ACCURACY_VALUE',
'Maximum model space distance between geometric entities at asserted c
onnectivities');
#10628=UNCERTAINTY_MEASURE_WITH_UNIT(LENGTH_MEASURE(0.01),#10634,
'DISTANCE_ACCURACY_VALUE',
'Maximum model space distance between geometric entities at asserted c
onnectivities');
#10629=UNCERTAINTY_MEASURE_WITH_UNIT(LENGTH_MEASURE(0.01),#10634,
'DISTANCE_ACCURACY_VALUE',
'Maximum model space distance between geometric entities at asserted c
onnectivities');
#10630=(
GEOMETRIC_REPRESENTATION_CONTEXT(3)
GLOBAL_UNCERTAINTY_ASSIGNED_CONTEXT((#10626))
GLOBAL_UNIT_ASSIGNED_CONTEXT((#10634,#10636,#10637))
REPRESENTATION_CONTEXT('','3D')
);
#10631=(
GEOMETRIC_REPRESENTATION_CONTEXT(3)
GLOBAL_UNCERTAINTY_ASSIGNED_CONTEXT((#10627))
GLOBAL_UNIT_ASSIGNED_CONTEXT((#10634,#10636,#10637))
REPRESENTATION_CONTEXT('','3D')
);
#10632=(
GEOMETRIC_REPRESENTATION_CONTEXT(3)
GLOBAL_UNCERTAINTY_ASSIGNED_CONTEXT((#10628))
GLOBAL_UNIT_ASSIGNED_CONTEXT((#10634,#10636,#10637))
REPRESENTATION_CONTEXT('','3D')
);
#10633=(
GEOMETRIC_REPRESENTATION_CONTEXT(3)
GLOBAL_UNCERTAINTY_ASSIGNED_CONTEXT((#10629))
GLOBAL_UNIT_ASSIGNED_CONTEXT((#10634,#10636,#10637))
REPRESENTATION_CONTEXT('','3D')
);
#10634=(
LENGTH_UNIT()
NAMED_UNIT(*)
SI_UNIT(.MILLI.,.METRE.)
);
#10635=(
LENGTH_UNIT()
NAMED_UNIT(*)
SI_UNIT($,.METRE.)
);
#10636=(
NAMED_UNIT(*)
PLANE_ANGLE_UNIT()
SI_UNIT($,.RADIAN.)
);
#10637=(
NAMED_UNIT(*)
SI_UNIT($,.STERADIAN.)
SOLID_ANGLE_UNIT()
);
#10638=SHAPE_DEFINITION_REPRESENTATION(#10641,#10646);
#10639=SHAPE_DEFINITION_REPRESENTATION(#10642,#10647);
#10640=SHAPE_DEFINITION_REPRESENTATION(#10643,#10648);
#10641=PRODUCT_DEFINITION_SHAPE('',$,#10650);
#10642=PRODUCT_DEFINITION_SHAPE('',$,#10651);
#10643=PRODUCT_DEFINITION_SHAPE('',$,#10652);
#10644=PRODUCT_DEFINITION_SHAPE($,$,#19);
#10645=PRODUCT_DEFINITION_SHAPE($,$,#20);
#10646=SHAPE_REPRESENTATION('',(#3891,#4087),#10630);
#10647=SHAPE_REPRESENTATION('',(#3892,#4086),#10631);
#10648=SHAPE_REPRESENTATION('',(#3893),#10632);
#10649=PRODUCT_DEFINITION_CONTEXT('part definition',#10660,'design');
#10650=PRODUCT_DEFINITION('Wub-Tank-Proto','Wub-Tank-Proto v12',#10653,
#10649);
#10651=PRODUCT_DEFINITION('Shell','Shell',#10654,#10649);
#10652=PRODUCT_DEFINITION('Cutout','Cutout',#10655,#10649);
#10653=PRODUCT_DEFINITION_FORMATION('',$,#10662);
#10654=PRODUCT_DEFINITION_FORMATION('',$,#10663);
#10655=PRODUCT_DEFINITION_FORMATION('',$,#10664);
#10656=PRODUCT_RELATED_PRODUCT_CATEGORY('Wub-Tank-Proto v12',
'Wub-Tank-Proto v12',(#10662));
#10657=PRODUCT_RELATED_PRODUCT_CATEGORY('Shell','Shell',(#10663));
#10658=PRODUCT_RELATED_PRODUCT_CATEGORY('Cutout','Cutout',(#10664));
#10659=APPLICATION_PROTOCOL_DEFINITION('international standard',
'automotive_design',2009,#10660);
#10660=APPLICATION_CONTEXT(
'Core Data for Automotive Mechanical Design Process');
#10661=PRODUCT_CONTEXT('part definition',#10660,'mechanical');
#10662=PRODUCT('Wub-Tank-Proto','Wub-Tank-Proto v12',$,(#10661));
#10663=PRODUCT('Shell','Shell',$,(#10661));
#10664=PRODUCT('Cutout','Cutout',$,(#10661));
#10665=PRESENTATION_STYLE_ASSIGNMENT((#10666));
#10666=SURFACE_STYLE_USAGE(.BOTH.,#10667);
#10667=SURFACE_SIDE_STYLE('',(#10668));
#10668=SURFACE_STYLE_FILL_AREA(#10669);
#10669=FILL_AREA_STYLE('Steel - Satin',(#10670));
#10670=FILL_AREA_STYLE_COLOUR('Steel - Satin',#10671);
#10671=COLOUR_RGB('Steel - Satin',0.627450980392157,0.627450980392157,0.627450980392157);
ENDSEC;
END-ISO-10303-21;
