ISO-10303-21;
HEADER;
/* Generated by software containing ST-Developer
 * from STEP Tools, Inc. (www.steptools.com) 
 */

FILE_DESCRIPTION(
/* description */ (''),
/* implementation_level */ '2;1');

FILE_NAME(
/* name */ 'Rev0 Battery Cover - 3D-Pr.step',
/* time_stamp */ '2026-09-05T17:41:37-04:00',
/* author */ (''),
/* organization */ (''),
/* preprocessor_version */ 'ST-DEVELOPER v20.1',
/* originating_system */ 'Autodesk Translation Framework v15.8.0.0',
/* authorisation */ '');

FILE_SCHEMA (('AUTOMOTIVE_DESIGN { 1 0 10303 214 3 1 1 }'));
ENDSEC;

DATA;
#10=MECHANICAL_DESIGN_GEOMETRIC_PRESENTATION_REPRESENTATION('',(#13),#5435);
#11=SHAPE_REPRESENTATION_RELATIONSHIP('SRR','None',#5442,#12);
#12=ADVANCED_BREP_SHAPE_REPRESENTATION('',(#14),#5434);
#13=STYLED_ITEM('',(#5451),#14);
#14=MANIFOLD_SOLID_BREP('Body1',#3211);
#15=FACE_BOUND('',#497,.T.);
#16=ELLIPSE('',#3426,4.24264068711552,3.);
#17=ELLIPSE('',#3428,4.2426406871155,3.);
#18=ELLIPSE('',#3429,4.2426406871155,3.);
#19=ELLIPSE('',#3430,4.24264068711552,3.);
#20=ELLIPSE('',#3434,3.00045698413165,3.);
#21=ELLIPSE('',#3443,12.8509638577446,12.8020620604538);
#22=ELLIPSE('',#3444,12.8509638577446,12.8020620604538);
#23=ELLIPSE('',#3447,1.00015232804388,1.);
#24=ELLIPSE('',#3449,3.00045698413165,3.);
#25=ELLIPSE('',#3458,1.00015232804388,1.);
#26=ELLIPSE('',#3459,1.00015232804391,1.);
#27=ELLIPSE('',#3460,3.00045698413172,3.);
#28=ELLIPSE('',#3469,12.8509638577446,12.8020620604538);
#29=ELLIPSE('',#3470,12.8509638577446,12.8020620604538);
#30=ELLIPSE('',#3482,10.8433241826496,10.8020620604455);
#31=ELLIPSE('',#3483,10.8433241826496,10.8020620604455);
#32=ELLIPSE('',#3485,10.8433241826496,10.8020620604455);
#33=ELLIPSE('',#3486,10.8433241826496,10.8020620604455);
#34=ELLIPSE('',#3497,0.501909918771674,0.5);
#35=ELLIPSE('',#3498,0.501909918771674,0.5);
#36=ELLIPSE('',#3501,0.501909918771674,0.5);
#37=ELLIPSE('',#3502,0.501909918771674,0.5);
#38=TOROIDAL_SURFACE('',#3421,9.80206206045385,3.);
#39=TOROIDAL_SURFACE('',#3436,9.80206206045385,3.);
#40=TOROIDAL_SURFACE('',#3451,9.80206206045385,3.);
#41=TOROIDAL_SURFACE('',#3463,9.80206206045385,3.);
#42=TOROIDAL_SURFACE('',#3475,9.80206206044552,1.);
#43=TOROIDAL_SURFACE('',#3490,9.80206206044552,1.);
#44=CIRCLE('',#3227,0.5);
#45=CIRCLE('',#3228,0.5);
#46=CIRCLE('',#3231,0.5);
#47=CIRCLE('',#3232,0.5);
#48=CIRCLE('',#3235,0.5);
#49=CIRCLE('',#3236,0.5);
#50=CIRCLE('',#3239,0.5);
#51=CIRCLE('',#3240,0.5);
#52=CIRCLE('',#3243,0.5);
#53=CIRCLE('',#3244,0.5);
#54=CIRCLE('',#3247,0.5);
#55=CIRCLE('',#3248,0.5);
#56=CIRCLE('',#3251,0.5);
#57=CIRCLE('',#3252,0.5);
#58=CIRCLE('',#3255,0.5);
#59=CIRCLE('',#3256,0.5);
#60=CIRCLE('',#3259,0.5);
#61=CIRCLE('',#3260,0.5);
#62=CIRCLE('',#3263,0.5);
#63=CIRCLE('',#3264,0.5);
#64=CIRCLE('',#3267,0.5);
#65=CIRCLE('',#3268,0.5);
#66=CIRCLE('',#3271,0.5);
#67=CIRCLE('',#3272,0.5);
#68=CIRCLE('',#3275,0.5);
#69=CIRCLE('',#3276,0.5);
#70=CIRCLE('',#3279,0.5);
#71=CIRCLE('',#3280,0.5);
#72=CIRCLE('',#3283,0.5);
#73=CIRCLE('',#3284,0.5);
#74=CIRCLE('',#3287,0.5);
#75=CIRCLE('',#3288,0.5);
#76=CIRCLE('',#3291,0.5);
#77=CIRCLE('',#3292,0.5);
#78=CIRCLE('',#3295,0.5);
#79=CIRCLE('',#3296,0.5);
#80=CIRCLE('',#3299,0.5);
#81=CIRCLE('',#3300,0.5);
#82=CIRCLE('',#3303,0.5);
#83=CIRCLE('',#3304,0.5);
#84=CIRCLE('',#3307,0.5);
#85=CIRCLE('',#3308,0.5);
#86=CIRCLE('',#3311,0.5);
#87=CIRCLE('',#3312,0.5);
#88=CIRCLE('',#3315,0.5);
#89=CIRCLE('',#3316,0.5);
#90=CIRCLE('',#3319,0.5);
#91=CIRCLE('',#3320,0.5);
#92=CIRCLE('',#3322,0.5);
#93=CIRCLE('',#3323,0.5);
#94=CIRCLE('',#3326,0.5);
#95=CIRCLE('',#3327,0.5);
#96=CIRCLE('',#3330,0.5);
#97=CIRCLE('',#3331,0.5);
#98=CIRCLE('',#3332,0.5);
#99=CIRCLE('',#3333,0.5);
#100=CIRCLE('',#3334,0.5);
#101=CIRCLE('',#3335,0.5);
#102=CIRCLE('',#3336,0.5);
#103=CIRCLE('',#3337,0.5);
#104=CIRCLE('',#3338,0.5);
#105=CIRCLE('',#3339,0.5);
#106=CIRCLE('',#3340,0.5);
#107=CIRCLE('',#3341,0.5);
#108=CIRCLE('',#3342,0.5);
#109=CIRCLE('',#3343,0.5);
#110=CIRCLE('',#3344,0.5);
#111=CIRCLE('',#3345,0.5);
#112=CIRCLE('',#3346,0.5);
#113=CIRCLE('',#3347,0.5);
#114=CIRCLE('',#3348,0.5);
#115=CIRCLE('',#3349,0.5);
#116=CIRCLE('',#3350,0.5);
#117=CIRCLE('',#3351,0.5);
#118=CIRCLE('',#3353,0.5);
#119=CIRCLE('',#3356,0.5);
#120=CIRCLE('',#3359,0.5);
#121=CIRCLE('',#3362,0.5);
#122=CIRCLE('',#3365,0.5);
#123=CIRCLE('',#3367,0.5);
#124=CIRCLE('',#3370,0.5);
#125=CIRCLE('',#3373,0.5);
#126=CIRCLE('',#3376,0.5);
#127=CIRCLE('',#3379,0.5);
#128=CIRCLE('',#3382,0.5);
#129=CIRCLE('',#3384,0.5);
#130=CIRCLE('',#3387,0.5);
#131=CIRCLE('',#3389,0.5);
#132=CIRCLE('',#3392,0.5);
#133=CIRCLE('',#3394,0.5);
#134=CIRCLE('',#3397,0.5);
#135=CIRCLE('',#3400,0.5);
#136=CIRCLE('',#3403,0.5);
#137=CIRCLE('',#3406,0.5);
#138=CIRCLE('',#3409,0.5);
#139=CIRCLE('',#3412,0.5);
#140=CIRCLE('',#3419,3.);
#141=CIRCLE('',#3420,3.);
#142=CIRCLE('',#3422,3.);
#143=CIRCLE('',#3423,12.8020620604538);
#144=CIRCLE('',#3424,9.80206206045385);
#145=CIRCLE('',#3432,9.80206206045385);
#146=CIRCLE('',#3435,3.);
#147=CIRCLE('',#3437,2.99999999999254);
#148=CIRCLE('',#3438,12.8020620604538);
#149=CIRCLE('',#3442,12.8020620604538);
#150=CIRCLE('',#3450,3.);
#151=CIRCLE('',#3452,3.);
#152=CIRCLE('',#3453,9.80206206045385);
#153=CIRCLE('',#3456,9.80206206045385);
#154=CIRCLE('',#3462,3.);
#155=CIRCLE('',#3464,2.99999999999255);
#156=CIRCLE('',#3465,12.8020620604538);
#157=CIRCLE('',#3473,0.999999999999999);
#158=CIRCLE('',#3474,1.);
#159=CIRCLE('',#3476,0.999999999982252);
#160=CIRCLE('',#3477,9.80206206044552);
#161=CIRCLE('',#3478,10.8020620604455);
#162=CIRCLE('',#3484,10.8020620604455);
#163=CIRCLE('',#3489,0.999999999999999);
#164=CIRCLE('',#3491,1.);
#165=CIRCLE('',#3492,9.80206206044552);
#166=CYLINDRICAL_SURFACE('',#3226,0.5);
#167=CYLINDRICAL_SURFACE('',#3230,0.5);
#168=CYLINDRICAL_SURFACE('',#3234,0.5);
#169=CYLINDRICAL_SURFACE('',#3238,0.5);
#170=CYLINDRICAL_SURFACE('',#3242,0.5);
#171=CYLINDRICAL_SURFACE('',#3246,0.5);
#172=CYLINDRICAL_SURFACE('',#3250,0.5);
#173=CYLINDRICAL_SURFACE('',#3254,0.5);
#174=CYLINDRICAL_SURFACE('',#3258,0.5);
#175=CYLINDRICAL_SURFACE('',#3262,0.5);
#176=CYLINDRICAL_SURFACE('',#3266,0.5);
#177=CYLINDRICAL_SURFACE('',#3270,0.5);
#178=CYLINDRICAL_SURFACE('',#3274,0.5);
#179=CYLINDRICAL_SURFACE('',#3278,0.5);
#180=CYLINDRICAL_SURFACE('',#3282,0.5);
#181=CYLINDRICAL_SURFACE('',#3286,0.5);
#182=CYLINDRICAL_SURFACE('',#3290,0.5);
#183=CYLINDRICAL_SURFACE('',#3294,0.5);
#184=CYLINDRICAL_SURFACE('',#3298,0.5);
#185=CYLINDRICAL_SURFACE('',#3302,0.5);
#186=CYLINDRICAL_SURFACE('',#3306,0.5);
#187=CYLINDRICAL_SURFACE('',#3310,0.5);
#188=CYLINDRICAL_SURFACE('',#3314,0.5);
#189=CYLINDRICAL_SURFACE('',#3318,0.5);
#190=CYLINDRICAL_SURFACE('',#3321,0.5);
#191=CYLINDRICAL_SURFACE('',#3325,0.5);
#192=CYLINDRICAL_SURFACE('',#3352,0.5);
#193=CYLINDRICAL_SURFACE('',#3355,0.5);
#194=CYLINDRICAL_SURFACE('',#3358,0.5);
#195=CYLINDRICAL_SURFACE('',#3361,0.5);
#196=CYLINDRICAL_SURFACE('',#3364,0.5);
#197=CYLINDRICAL_SURFACE('',#3366,0.5);
#198=CYLINDRICAL_SURFACE('',#3369,0.5);
#199=CYLINDRICAL_SURFACE('',#3372,0.5);
#200=CYLINDRICAL_SURFACE('',#3375,0.5);
#201=CYLINDRICAL_SURFACE('',#3378,0.5);
#202=CYLINDRICAL_SURFACE('',#3381,0.5);
#203=CYLINDRICAL_SURFACE('',#3383,0.5);
#204=CYLINDRICAL_SURFACE('',#3386,0.5);
#205=CYLINDRICAL_SURFACE('',#3388,0.5);
#206=CYLINDRICAL_SURFACE('',#3391,0.5);
#207=CYLINDRICAL_SURFACE('',#3393,0.5);
#208=CYLINDRICAL_SURFACE('',#3396,0.5);
#209=CYLINDRICAL_SURFACE('',#3399,0.5);
#210=CYLINDRICAL_SURFACE('',#3402,0.5);
#211=CYLINDRICAL_SURFACE('',#3405,0.5);
#212=CYLINDRICAL_SURFACE('',#3408,0.5);
#213=CYLINDRICAL_SURFACE('',#3411,0.5);
#214=CYLINDRICAL_SURFACE('',#3418,3.);
#215=CYLINDRICAL_SURFACE('',#3425,3.);
#216=CYLINDRICAL_SURFACE('',#3433,3.);
#217=CYLINDRICAL_SURFACE('',#3439,3.);
#218=CYLINDRICAL_SURFACE('',#3441,12.8020620604538);
#219=CYLINDRICAL_SURFACE('',#3448,3.);
#220=CYLINDRICAL_SURFACE('',#3454,3.);
#221=CYLINDRICAL_SURFACE('',#3461,3.);
#222=CYLINDRICAL_SURFACE('',#3466,3.);
#223=CYLINDRICAL_SURFACE('',#3468,12.8020620604538);
#224=CYLINDRICAL_SURFACE('',#3472,1.);
#225=CYLINDRICAL_SURFACE('',#3479,1.);
#226=CYLINDRICAL_SURFACE('',#3481,10.8020620604455);
#227=CYLINDRICAL_SURFACE('',#3488,1.);
#228=CYLINDRICAL_SURFACE('',#3493,1.);
#229=CYLINDRICAL_SURFACE('',#3496,0.5);
#230=CYLINDRICAL_SURFACE('',#3500,0.5);
#231=FACE_OUTER_BOUND('',#396,.T.);
#232=FACE_OUTER_BOUND('',#397,.T.);
#233=FACE_OUTER_BOUND('',#398,.T.);
#234=FACE_OUTER_BOUND('',#399,.T.);
#235=FACE_OUTER_BOUND('',#400,.T.);
#236=FACE_OUTER_BOUND('',#401,.T.);
#237=FACE_OUTER_BOUND('',#402,.T.);
#238=FACE_OUTER_BOUND('',#403,.T.);
#239=FACE_OUTER_BOUND('',#404,.T.);
#240=FACE_OUTER_BOUND('',#405,.T.);
#241=FACE_OUTER_BOUND('',#406,.T.);
#242=FACE_OUTER_BOUND('',#407,.T.);
#243=FACE_OUTER_BOUND('',#408,.T.);
#244=FACE_OUTER_BOUND('',#409,.T.);
#245=FACE_OUTER_BOUND('',#410,.T.);
#246=FACE_OUTER_BOUND('',#411,.T.);
#247=FACE_OUTER_BOUND('',#412,.T.);
#248=FACE_OUTER_BOUND('',#413,.T.);
#249=FACE_OUTER_BOUND('',#414,.T.);
#250=FACE_OUTER_BOUND('',#415,.T.);
#251=FACE_OUTER_BOUND('',#416,.T.);
#252=FACE_OUTER_BOUND('',#417,.T.);
#253=FACE_OUTER_BOUND('',#418,.T.);
#254=FACE_OUTER_BOUND('',#419,.T.);
#255=FACE_OUTER_BOUND('',#420,.T.);
#256=FACE_OUTER_BOUND('',#421,.T.);
#257=FACE_OUTER_BOUND('',#422,.T.);
#258=FACE_OUTER_BOUND('',#423,.T.);
#259=FACE_OUTER_BOUND('',#424,.T.);
#260=FACE_OUTER_BOUND('',#425,.T.);
#261=FACE_OUTER_BOUND('',#426,.T.);
#262=FACE_OUTER_BOUND('',#427,.T.);
#263=FACE_OUTER_BOUND('',#428,.T.);
#264=FACE_OUTER_BOUND('',#429,.T.);
#265=FACE_OUTER_BOUND('',#430,.T.);
#266=FACE_OUTER_BOUND('',#431,.T.);
#267=FACE_OUTER_BOUND('',#432,.T.);
#268=FACE_OUTER_BOUND('',#433,.T.);
#269=FACE_OUTER_BOUND('',#434,.T.);
#270=FACE_OUTER_BOUND('',#435,.T.);
#271=FACE_OUTER_BOUND('',#436,.T.);
#272=FACE_OUTER_BOUND('',#437,.T.);
#273=FACE_OUTER_BOUND('',#438,.T.);
#274=FACE_OUTER_BOUND('',#439,.T.);
#275=FACE_OUTER_BOUND('',#440,.T.);
#276=FACE_OUTER_BOUND('',#441,.T.);
#277=FACE_OUTER_BOUND('',#442,.T.);
#278=FACE_OUTER_BOUND('',#443,.T.);
#279=FACE_OUTER_BOUND('',#444,.T.);
#280=FACE_OUTER_BOUND('',#445,.T.);
#281=FACE_OUTER_BOUND('',#446,.T.);
#282=FACE_OUTER_BOUND('',#447,.T.);
#283=FACE_OUTER_BOUND('',#448,.T.);
#284=FACE_OUTER_BOUND('',#449,.T.);
#285=FACE_OUTER_BOUND('',#450,.T.);
#286=FACE_OUTER_BOUND('',#451,.T.);
#287=FACE_OUTER_BOUND('',#452,.T.);
#288=FACE_OUTER_BOUND('',#453,.T.);
#289=FACE_OUTER_BOUND('',#454,.T.);
#290=FACE_OUTER_BOUND('',#455,.T.);
#291=FACE_OUTER_BOUND('',#456,.T.);
#292=FACE_OUTER_BOUND('',#457,.T.);
#293=FACE_OUTER_BOUND('',#458,.T.);
#294=FACE_OUTER_BOUND('',#459,.T.);
#295=FACE_OUTER_BOUND('',#460,.T.);
#296=FACE_OUTER_BOUND('',#461,.T.);
#297=FACE_OUTER_BOUND('',#462,.T.);
#298=FACE_OUTER_BOUND('',#463,.T.);
#299=FACE_OUTER_BOUND('',#464,.T.);
#300=FACE_OUTER_BOUND('',#465,.T.);
#301=FACE_OUTER_BOUND('',#466,.T.);
#302=FACE_OUTER_BOUND('',#467,.T.);
#303=FACE_OUTER_BOUND('',#468,.T.);
#304=FACE_OUTER_BOUND('',#469,.T.);
#305=FACE_OUTER_BOUND('',#470,.T.);
#306=FACE_OUTER_BOUND('',#471,.T.);
#307=FACE_OUTER_BOUND('',#472,.T.);
#308=FACE_OUTER_BOUND('',#473,.T.);
#309=FACE_OUTER_BOUND('',#474,.T.);
#310=FACE_OUTER_BOUND('',#475,.T.);
#311=FACE_OUTER_BOUND('',#476,.T.);
#312=FACE_OUTER_BOUND('',#477,.T.);
#313=FACE_OUTER_BOUND('',#478,.T.);
#314=FACE_OUTER_BOUND('',#479,.T.);
#315=FACE_OUTER_BOUND('',#480,.T.);
#316=FACE_OUTER_BOUND('',#481,.T.);
#317=FACE_OUTER_BOUND('',#482,.T.);
#318=FACE_OUTER_BOUND('',#483,.T.);
#319=FACE_OUTER_BOUND('',#484,.T.);
#320=FACE_OUTER_BOUND('',#485,.T.);
#321=FACE_OUTER_BOUND('',#486,.T.);
#322=FACE_OUTER_BOUND('',#487,.T.);
#323=FACE_OUTER_BOUND('',#488,.T.);
#324=FACE_OUTER_BOUND('',#489,.T.);
#325=FACE_OUTER_BOUND('',#490,.T.);
#326=FACE_OUTER_BOUND('',#491,.T.);
#327=FACE_OUTER_BOUND('',#492,.T.);
#328=FACE_OUTER_BOUND('',#493,.T.);
#329=FACE_OUTER_BOUND('',#494,.T.);
#330=FACE_OUTER_BOUND('',#495,.T.);
#331=FACE_OUTER_BOUND('',#496,.T.);
#332=FACE_OUTER_BOUND('',#498,.T.);
#333=FACE_OUTER_BOUND('',#499,.T.);
#334=FACE_OUTER_BOUND('',#500,.T.);
#335=FACE_OUTER_BOUND('',#501,.T.);
#336=FACE_OUTER_BOUND('',#502,.T.);
#337=FACE_OUTER_BOUND('',#503,.T.);
#338=FACE_OUTER_BOUND('',#504,.T.);
#339=FACE_OUTER_BOUND('',#505,.T.);
#340=FACE_OUTER_BOUND('',#506,.T.);
#341=FACE_OUTER_BOUND('',#507,.T.);
#342=FACE_OUTER_BOUND('',#508,.T.);
#343=FACE_OUTER_BOUND('',#509,.T.);
#344=FACE_OUTER_BOUND('',#510,.T.);
#345=FACE_OUTER_BOUND('',#511,.T.);
#346=FACE_OUTER_BOUND('',#512,.T.);
#347=FACE_OUTER_BOUND('',#513,.T.);
#348=FACE_OUTER_BOUND('',#514,.T.);
#349=FACE_OUTER_BOUND('',#515,.T.);
#350=FACE_OUTER_BOUND('',#516,.T.);
#351=FACE_OUTER_BOUND('',#517,.T.);
#352=FACE_OUTER_BOUND('',#518,.T.);
#353=FACE_OUTER_BOUND('',#519,.T.);
#354=FACE_OUTER_BOUND('',#520,.T.);
#355=FACE_OUTER_BOUND('',#521,.T.);
#356=FACE_OUTER_BOUND('',#522,.T.);
#357=FACE_OUTER_BOUND('',#523,.T.);
#358=FACE_OUTER_BOUND('',#524,.T.);
#359=FACE_OUTER_BOUND('',#525,.T.);
#360=FACE_OUTER_BOUND('',#526,.T.);
#361=FACE_OUTER_BOUND('',#527,.T.);
#362=FACE_OUTER_BOUND('',#528,.T.);
#363=FACE_OUTER_BOUND('',#529,.T.);
#364=FACE_OUTER_BOUND('',#530,.T.);
#365=FACE_OUTER_BOUND('',#531,.T.);
#366=FACE_OUTER_BOUND('',#532,.T.);
#367=FACE_OUTER_BOUND('',#533,.T.);
#368=FACE_OUTER_BOUND('',#534,.T.);
#369=FACE_OUTER_BOUND('',#535,.T.);
#370=FACE_OUTER_BOUND('',#536,.T.);
#371=FACE_OUTER_BOUND('',#537,.T.);
#372=FACE_OUTER_BOUND('',#538,.T.);
#373=FACE_OUTER_BOUND('',#539,.T.);
#374=FACE_OUTER_BOUND('',#540,.T.);
#375=FACE_OUTER_BOUND('',#541,.T.);
#376=FACE_OUTER_BOUND('',#542,.T.);
#377=FACE_OUTER_BOUND('',#543,.T.);
#378=FACE_OUTER_BOUND('',#544,.T.);
#379=FACE_OUTER_BOUND('',#545,.T.);
#380=FACE_OUTER_BOUND('',#546,.T.);
#381=FACE_OUTER_BOUND('',#547,.T.);
#382=FACE_OUTER_BOUND('',#548,.T.);
#383=FACE_OUTER_BOUND('',#549,.T.);
#384=FACE_OUTER_BOUND('',#550,.T.);
#385=FACE_OUTER_BOUND('',#551,.T.);
#386=FACE_OUTER_BOUND('',#552,.T.);
#387=FACE_OUTER_BOUND('',#553,.T.);
#388=FACE_OUTER_BOUND('',#554,.T.);
#389=FACE_OUTER_BOUND('',#555,.T.);
#390=FACE_OUTER_BOUND('',#556,.T.);
#391=FACE_OUTER_BOUND('',#557,.T.);
#392=FACE_OUTER_BOUND('',#558,.T.);
#393=FACE_OUTER_BOUND('',#559,.T.);
#394=FACE_OUTER_BOUND('',#560,.T.);
#395=FACE_OUTER_BOUND('',#561,.T.);
#396=EDGE_LOOP('',(#2004,#2005,#2006,#2007));
#397=EDGE_LOOP('',(#2008,#2009,#2010,#2011));
#398=EDGE_LOOP('',(#2012,#2013,#2014,#2015));
#399=EDGE_LOOP('',(#2016,#2017,#2018,#2019));
#400=EDGE_LOOP('',(#2020,#2021,#2022,#2023));
#401=EDGE_LOOP('',(#2024,#2025,#2026,#2027));
#402=EDGE_LOOP('',(#2028,#2029,#2030,#2031));
#403=EDGE_LOOP('',(#2032,#2033,#2034,#2035));
#404=EDGE_LOOP('',(#2036,#2037,#2038,#2039));
#405=EDGE_LOOP('',(#2040,#2041,#2042,#2043));
#406=EDGE_LOOP('',(#2044,#2045,#2046,#2047));
#407=EDGE_LOOP('',(#2048,#2049,#2050,#2051));
#408=EDGE_LOOP('',(#2052,#2053,#2054,#2055));
#409=EDGE_LOOP('',(#2056,#2057,#2058,#2059));
#410=EDGE_LOOP('',(#2060,#2061,#2062,#2063));
#411=EDGE_LOOP('',(#2064,#2065,#2066,#2067));
#412=EDGE_LOOP('',(#2068,#2069,#2070,#2071));
#413=EDGE_LOOP('',(#2072,#2073,#2074,#2075));
#414=EDGE_LOOP('',(#2076,#2077,#2078,#2079));
#415=EDGE_LOOP('',(#2080,#2081,#2082,#2083));
#416=EDGE_LOOP('',(#2084,#2085,#2086,#2087));
#417=EDGE_LOOP('',(#2088,#2089,#2090,#2091));
#418=EDGE_LOOP('',(#2092,#2093,#2094,#2095));
#419=EDGE_LOOP('',(#2096,#2097,#2098,#2099));
#420=EDGE_LOOP('',(#2100,#2101,#2102,#2103));
#421=EDGE_LOOP('',(#2104,#2105,#2106,#2107));
#422=EDGE_LOOP('',(#2108,#2109,#2110,#2111));
#423=EDGE_LOOP('',(#2112,#2113,#2114,#2115));
#424=EDGE_LOOP('',(#2116,#2117,#2118,#2119));
#425=EDGE_LOOP('',(#2120,#2121,#2122,#2123));
#426=EDGE_LOOP('',(#2124,#2125,#2126,#2127));
#427=EDGE_LOOP('',(#2128,#2129,#2130,#2131));
#428=EDGE_LOOP('',(#2132,#2133,#2134,#2135));
#429=EDGE_LOOP('',(#2136,#2137,#2138,#2139));
#430=EDGE_LOOP('',(#2140,#2141,#2142,#2143));
#431=EDGE_LOOP('',(#2144,#2145,#2146,#2147));
#432=EDGE_LOOP('',(#2148,#2149,#2150,#2151));
#433=EDGE_LOOP('',(#2152,#2153,#2154,#2155));
#434=EDGE_LOOP('',(#2156,#2157,#2158,#2159));
#435=EDGE_LOOP('',(#2160,#2161,#2162,#2163));
#436=EDGE_LOOP('',(#2164,#2165,#2166,#2167));
#437=EDGE_LOOP('',(#2168,#2169,#2170,#2171));
#438=EDGE_LOOP('',(#2172,#2173,#2174,#2175));
#439=EDGE_LOOP('',(#2176,#2177,#2178,#2179));
#440=EDGE_LOOP('',(#2180,#2181,#2182,#2183));
#441=EDGE_LOOP('',(#2184,#2185,#2186,#2187));
#442=EDGE_LOOP('',(#2188,#2189,#2190,#2191));
#443=EDGE_LOOP('',(#2192,#2193,#2194,#2195));
#444=EDGE_LOOP('',(#2196,#2197,#2198,#2199));
#445=EDGE_LOOP('',(#2200,#2201,#2202,#2203));
#446=EDGE_LOOP('',(#2204,#2205,#2206,#2207));
#447=EDGE_LOOP('',(#2208,#2209,#2210,#2211));
#448=EDGE_LOOP('',(#2212,#2213,#2214,#2215,#2216,#2217,#2218,#2219,#2220,
#2221,#2222,#2223,#2224,#2225,#2226,#2227,#2228,#2229,#2230,#2231,#2232,
#2233,#2234,#2235,#2236,#2237,#2238,#2239,#2240,#2241,#2242,#2243,#2244,
#2245,#2246,#2247,#2248,#2249,#2250,#2251,#2252,#2253,#2254,#2255,#2256,
#2257,#2258,#2259,#2260,#2261,#2262,#2263,#2264,#2265,#2266,#2267,#2268,
#2269,#2270,#2271,#2272,#2273,#2274,#2275,#2276,#2277,#2278,#2279,#2280,
#2281,#2282,#2283,#2284,#2285,#2286,#2287,#2288,#2289,#2290,#2291,#2292,
#2293,#2294,#2295,#2296,#2297,#2298,#2299,#2300,#2301,#2302,#2303,#2304,
#2305,#2306,#2307));
#449=EDGE_LOOP('',(#2308,#2309,#2310,#2311));
#450=EDGE_LOOP('',(#2312,#2313,#2314,#2315));
#451=EDGE_LOOP('',(#2316,#2317,#2318,#2319));
#452=EDGE_LOOP('',(#2320,#2321,#2322,#2323));
#453=EDGE_LOOP('',(#2324,#2325,#2326,#2327));
#454=EDGE_LOOP('',(#2328,#2329,#2330,#2331));
#455=EDGE_LOOP('',(#2332,#2333,#2334,#2335));
#456=EDGE_LOOP('',(#2336,#2337,#2338,#2339));
#457=EDGE_LOOP('',(#2340,#2341,#2342,#2343));
#458=EDGE_LOOP('',(#2344,#2345,#2346,#2347));
#459=EDGE_LOOP('',(#2348,#2349,#2350,#2351));
#460=EDGE_LOOP('',(#2352,#2353,#2354,#2355));
#461=EDGE_LOOP('',(#2356,#2357,#2358,#2359));
#462=EDGE_LOOP('',(#2360,#2361,#2362,#2363));
#463=EDGE_LOOP('',(#2364,#2365,#2366,#2367));
#464=EDGE_LOOP('',(#2368,#2369,#2370,#2371));
#465=EDGE_LOOP('',(#2372,#2373,#2374,#2375));
#466=EDGE_LOOP('',(#2376,#2377,#2378,#2379));
#467=EDGE_LOOP('',(#2380,#2381,#2382,#2383));
#468=EDGE_LOOP('',(#2384,#2385,#2386,#2387));
#469=EDGE_LOOP('',(#2388,#2389,#2390,#2391));
#470=EDGE_LOOP('',(#2392,#2393,#2394,#2395));
#471=EDGE_LOOP('',(#2396,#2397,#2398,#2399));
#472=EDGE_LOOP('',(#2400,#2401,#2402,#2403));
#473=EDGE_LOOP('',(#2404,#2405,#2406,#2407));
#474=EDGE_LOOP('',(#2408,#2409,#2410,#2411));
#475=EDGE_LOOP('',(#2412,#2413,#2414,#2415));
#476=EDGE_LOOP('',(#2416,#2417,#2418,#2419));
#477=EDGE_LOOP('',(#2420,#2421,#2422,#2423));
#478=EDGE_LOOP('',(#2424,#2425,#2426,#2427));
#479=EDGE_LOOP('',(#2428,#2429,#2430,#2431));
#480=EDGE_LOOP('',(#2432,#2433,#2434,#2435));
#481=EDGE_LOOP('',(#2436,#2437,#2438,#2439));
#482=EDGE_LOOP('',(#2440,#2441,#2442,#2443));
#483=EDGE_LOOP('',(#2444,#2445,#2446,#2447));
#484=EDGE_LOOP('',(#2448,#2449,#2450,#2451));
#485=EDGE_LOOP('',(#2452,#2453,#2454,#2455));
#486=EDGE_LOOP('',(#2456,#2457,#2458,#2459));
#487=EDGE_LOOP('',(#2460,#2461,#2462,#2463));
#488=EDGE_LOOP('',(#2464,#2465,#2466,#2467));
#489=EDGE_LOOP('',(#2468,#2469,#2470,#2471));
#490=EDGE_LOOP('',(#2472,#2473,#2474,#2475));
#491=EDGE_LOOP('',(#2476,#2477,#2478,#2479));
#492=EDGE_LOOP('',(#2480,#2481,#2482,#2483));
#493=EDGE_LOOP('',(#2484,#2485,#2486,#2487));
#494=EDGE_LOOP('',(#2488,#2489,#2490,#2491));
#495=EDGE_LOOP('',(#2492,#2493,#2494,#2495));
#496=EDGE_LOOP('',(#2496,#2497,#2498,#2499,#2500,#2501,#2502,#2503));
#497=EDGE_LOOP('',(#2504,#2505,#2506,#2507,#2508,#2509,#2510,#2511,#2512,
#2513,#2514,#2515,#2516,#2517,#2518,#2519,#2520,#2521,#2522,#2523,#2524,
#2525,#2526,#2527,#2528,#2529,#2530,#2531,#2532,#2533,#2534,#2535,#2536,
#2537,#2538,#2539,#2540,#2541,#2542,#2543,#2544,#2545,#2546,#2547,#2548,
#2549,#2550,#2551,#2552,#2553,#2554,#2555,#2556,#2557,#2558,#2559,#2560,
#2561,#2562,#2563,#2564,#2565,#2566,#2567,#2568,#2569,#2570,#2571,#2572,
#2573,#2574,#2575,#2576,#2577,#2578,#2579,#2580,#2581,#2582,#2583,#2584,
#2585,#2586,#2587,#2588,#2589,#2590,#2591,#2592,#2593,#2594,#2595,#2596,
#2597,#2598,#2599));
#498=EDGE_LOOP('',(#2600,#2601,#2602,#2603,#2604,#2605,#2606,#2607,#2608,
#2609,#2610,#2611));
#499=EDGE_LOOP('',(#2612,#2613,#2614,#2615));
#500=EDGE_LOOP('',(#2616,#2617,#2618,#2619));
#501=EDGE_LOOP('',(#2620,#2621,#2622,#2623));
#502=EDGE_LOOP('',(#2624,#2625,#2626,#2627,#2628,#2629,#2630,#2631));
#503=EDGE_LOOP('',(#2632,#2633,#2634,#2635,#2636,#2637,#2638,#2639));
#504=EDGE_LOOP('',(#2640,#2641,#2642,#2643,#2644,#2645));
#505=EDGE_LOOP('',(#2646,#2647,#2648,#2649,#2650,#2651,#2652,#2653));
#506=EDGE_LOOP('',(#2654,#2655,#2656,#2657));
#507=EDGE_LOOP('',(#2658,#2659,#2660,#2661));
#508=EDGE_LOOP('',(#2662,#2663,#2664,#2665));
#509=EDGE_LOOP('',(#2666,#2667,#2668,#2669,#2670,#2671,#2672,#2673));
#510=EDGE_LOOP('',(#2674,#2675,#2676,#2677,#2678,#2679,#2680,#2681,#2682,
#2683,#2684,#2685,#2686,#2687,#2688,#2689));
#511=EDGE_LOOP('',(#2690,#2691,#2692,#2693));
#512=EDGE_LOOP('',(#2694,#2695,#2696,#2697));
#513=EDGE_LOOP('',(#2698,#2699,#2700,#2701));
#514=EDGE_LOOP('',(#2702,#2703,#2704,#2705,#2706,#2707,#2708,#2709));
#515=EDGE_LOOP('',(#2710,#2711,#2712,#2713,#2714,#2715,#2716,#2717));
#516=EDGE_LOOP('',(#2718,#2719,#2720,#2721,#2722,#2723,#2724,#2725,#2726,
#2727,#2728,#2729,#2730,#2731));
#517=EDGE_LOOP('',(#2732,#2733,#2734,#2735));
#518=EDGE_LOOP('',(#2736,#2737,#2738,#2739));
#519=EDGE_LOOP('',(#2740,#2741,#2742,#2743));
#520=EDGE_LOOP('',(#2744,#2745,#2746,#2747,#2748,#2749,#2750));
#521=EDGE_LOOP('',(#2751,#2752,#2753,#2754,#2755,#2756,#2757,#2758,#2759,
#2760,#2761,#2762));
#522=EDGE_LOOP('',(#2763,#2764,#2765,#2766,#2767,#2768,#2769,#2770,#2771,
#2772,#2773,#2774,#2775,#2776,#2777));
#523=EDGE_LOOP('',(#2778,#2779,#2780,#2781));
#524=EDGE_LOOP('',(#2782,#2783,#2784,#2785));
#525=EDGE_LOOP('',(#2786,#2787,#2788,#2789));
#526=EDGE_LOOP('',(#2790,#2791,#2792,#2793,#2794));
#527=EDGE_LOOP('',(#2795,#2796,#2797,#2798,#2799));
#528=EDGE_LOOP('',(#2800,#2801,#2802,#2803));
#529=EDGE_LOOP('',(#2804,#2805,#2806,#2807));
#530=EDGE_LOOP('',(#2808,#2809,#2810,#2811));
#531=EDGE_LOOP('',(#2812,#2813,#2814,#2815));
#532=EDGE_LOOP('',(#2816,#2817,#2818,#2819));
#533=EDGE_LOOP('',(#2820,#2821,#2822,#2823));
#534=EDGE_LOOP('',(#2824,#2825,#2826,#2827,#2828,#2829,#2830));
#535=EDGE_LOOP('',(#2831,#2832,#2833,#2834));
#536=EDGE_LOOP('',(#2835,#2836,#2837,#2838,#2839,#2840,#2841));
#537=EDGE_LOOP('',(#2842,#2843,#2844,#2845));
#538=EDGE_LOOP('',(#2846,#2847,#2848,#2849,#2850,#2851,#2852));
#539=EDGE_LOOP('',(#2853,#2854,#2855,#2856,#2857,#2858,#2859));
#540=EDGE_LOOP('',(#2860,#2861,#2862,#2863));
#541=EDGE_LOOP('',(#2864,#2865,#2866,#2867));
#542=EDGE_LOOP('',(#2868,#2869,#2870,#2871,#2872,#2873,#2874,#2875));
#543=EDGE_LOOP('',(#2876,#2877,#2878,#2879));
#544=EDGE_LOOP('',(#2880,#2881,#2882,#2883));
#545=EDGE_LOOP('',(#2884,#2885,#2886,#2887));
#546=EDGE_LOOP('',(#2888,#2889,#2890,#2891));
#547=EDGE_LOOP('',(#2892,#2893,#2894,#2895));
#548=EDGE_LOOP('',(#2896,#2897,#2898,#2899));
#549=EDGE_LOOP('',(#2900,#2901,#2902,#2903,#2904,#2905,#2906,#2907));
#550=EDGE_LOOP('',(#2908,#2909,#2910,#2911));
#551=EDGE_LOOP('',(#2912,#2913,#2914,#2915));
#552=EDGE_LOOP('',(#2916,#2917,#2918));
#553=EDGE_LOOP('',(#2919,#2920,#2921));
#554=EDGE_LOOP('',(#2922,#2923,#2924,#2925));
#555=EDGE_LOOP('',(#2926,#2927,#2928,#2929));
#556=EDGE_LOOP('',(#2930,#2931,#2932));
#557=EDGE_LOOP('',(#2933,#2934,#2935,#2936));
#558=EDGE_LOOP('',(#2937,#2938,#2939,#2940));
#559=EDGE_LOOP('',(#2941,#2942,#2943));
#560=EDGE_LOOP('',(#2944,#2945,#2946,#2947));
#561=EDGE_LOOP('',(#2948,#2949,#2950,#2951));
#562=LINE('',#4488,#892);
#563=LINE('',#4490,#893);
#564=LINE('',#4492,#894);
#565=LINE('',#4493,#895);
#566=LINE('',#4498,#896);
#567=LINE('',#4502,#897);
#568=LINE('',#4504,#898);
#569=LINE('',#4505,#899);
#570=LINE('',#4510,#900);
#571=LINE('',#4514,#901);
#572=LINE('',#4516,#902);
#573=LINE('',#4517,#903);
#574=LINE('',#4522,#904);
#575=LINE('',#4526,#905);
#576=LINE('',#4528,#906);
#577=LINE('',#4529,#907);
#578=LINE('',#4534,#908);
#579=LINE('',#4538,#909);
#580=LINE('',#4540,#910);
#581=LINE('',#4541,#911);
#582=LINE('',#4546,#912);
#583=LINE('',#4550,#913);
#584=LINE('',#4552,#914);
#585=LINE('',#4553,#915);
#586=LINE('',#4558,#916);
#587=LINE('',#4562,#917);
#588=LINE('',#4564,#918);
#589=LINE('',#4565,#919);
#590=LINE('',#4570,#920);
#591=LINE('',#4574,#921);
#592=LINE('',#4576,#922);
#593=LINE('',#4577,#923);
#594=LINE('',#4582,#924);
#595=LINE('',#4586,#925);
#596=LINE('',#4588,#926);
#597=LINE('',#4589,#927);
#598=LINE('',#4594,#928);
#599=LINE('',#4598,#929);
#600=LINE('',#4600,#930);
#601=LINE('',#4601,#931);
#602=LINE('',#4606,#932);
#603=LINE('',#4610,#933);
#604=LINE('',#4612,#934);
#605=LINE('',#4613,#935);
#606=LINE('',#4618,#936);
#607=LINE('',#4622,#937);
#608=LINE('',#4624,#938);
#609=LINE('',#4625,#939);
#610=LINE('',#4630,#940);
#611=LINE('',#4634,#941);
#612=LINE('',#4636,#942);
#613=LINE('',#4637,#943);
#614=LINE('',#4642,#944);
#615=LINE('',#4646,#945);
#616=LINE('',#4648,#946);
#617=LINE('',#4649,#947);
#618=LINE('',#4654,#948);
#619=LINE('',#4658,#949);
#620=LINE('',#4660,#950);
#621=LINE('',#4661,#951);
#622=LINE('',#4666,#952);
#623=LINE('',#4670,#953);
#624=LINE('',#4672,#954);
#625=LINE('',#4673,#955);
#626=LINE('',#4678,#956);
#627=LINE('',#4682,#957);
#628=LINE('',#4684,#958);
#629=LINE('',#4685,#959);
#630=LINE('',#4690,#960);
#631=LINE('',#4694,#961);
#632=LINE('',#4696,#962);
#633=LINE('',#4697,#963);
#634=LINE('',#4702,#964);
#635=LINE('',#4706,#965);
#636=LINE('',#4708,#966);
#637=LINE('',#4709,#967);
#638=LINE('',#4714,#968);
#639=LINE('',#4718,#969);
#640=LINE('',#4720,#970);
#641=LINE('',#4721,#971);
#642=LINE('',#4726,#972);
#643=LINE('',#4730,#973);
#644=LINE('',#4732,#974);
#645=LINE('',#4733,#975);
#646=LINE('',#4738,#976);
#647=LINE('',#4742,#977);
#648=LINE('',#4744,#978);
#649=LINE('',#4745,#979);
#650=LINE('',#4750,#980);
#651=LINE('',#4754,#981);
#652=LINE('',#4756,#982);
#653=LINE('',#4757,#983);
#654=LINE('',#4762,#984);
#655=LINE('',#4766,#985);
#656=LINE('',#4768,#986);
#657=LINE('',#4769,#987);
#658=LINE('',#4774,#988);
#659=LINE('',#4781,#989);
#660=LINE('',#4784,#990);
#661=LINE('',#4787,#991);
#662=LINE('',#4789,#992);
#663=LINE('',#4790,#993);
#664=LINE('',#4796,#994);
#665=LINE('',#4799,#995);
#666=LINE('',#4802,#996);
#667=LINE('',#4804,#997);
#668=LINE('',#4805,#998);
#669=LINE('',#4808,#999);
#670=LINE('',#4811,#1000);
#671=LINE('',#4815,#1001);
#672=LINE('',#4819,#1002);
#673=LINE('',#4823,#1003);
#674=LINE('',#4826,#1004);
#675=LINE('',#4830,#1005);
#676=LINE('',#4834,#1006);
#677=LINE('',#4838,#1007);
#678=LINE('',#4842,#1008);
#679=LINE('',#4846,#1009);
#680=LINE('',#4850,#1010);
#681=LINE('',#4854,#1011);
#682=LINE('',#4858,#1012);
#683=LINE('',#4862,#1013);
#684=LINE('',#4866,#1014);
#685=LINE('',#4870,#1015);
#686=LINE('',#4874,#1016);
#687=LINE('',#4878,#1017);
#688=LINE('',#4882,#1018);
#689=LINE('',#4886,#1019);
#690=LINE('',#4890,#1020);
#691=LINE('',#4896,#1021);
#692=LINE('',#4897,#1022);
#693=LINE('',#4899,#1023);
#694=LINE('',#4904,#1024);
#695=LINE('',#4905,#1025);
#696=LINE('',#4908,#1026);
#697=LINE('',#4909,#1027);
#698=LINE('',#4913,#1028);
#699=LINE('',#4916,#1029);
#700=LINE('',#4917,#1030);
#701=LINE('',#4921,#1031);
#702=LINE('',#4924,#1032);
#703=LINE('',#4925,#1033);
#704=LINE('',#4929,#1034);
#705=LINE('',#4933,#1035);
#706=LINE('',#4936,#1036);
#707=LINE('',#4937,#1037);
#708=LINE('',#4942,#1038);
#709=LINE('',#4943,#1039);
#710=LINE('',#4946,#1040);
#711=LINE('',#4947,#1041);
#712=LINE('',#4952,#1042);
#713=LINE('',#4953,#1043);
#714=LINE('',#4956,#1044);
#715=LINE('',#4957,#1045);
#716=LINE('',#4962,#1046);
#717=LINE('',#4963,#1047);
#718=LINE('',#4966,#1048);
#719=LINE('',#4967,#1049);
#720=LINE('',#4972,#1050);
#721=LINE('',#4973,#1051);
#722=LINE('',#4975,#1052);
#723=LINE('',#4979,#1053);
#724=LINE('',#4984,#1054);
#725=LINE('',#4985,#1055);
#726=LINE('',#4988,#1056);
#727=LINE('',#4989,#1057);
#728=LINE('',#4996,#1058);
#729=LINE('',#4997,#1059);
#730=LINE('',#4999,#1060);
#731=LINE('',#5006,#1061);
#732=LINE('',#5007,#1062);
#733=LINE('',#5010,#1063);
#734=LINE('',#5011,#1064);
#735=LINE('',#5015,#1065);
#736=LINE('',#5017,#1066);
#737=LINE('',#5022,#1067);
#738=LINE('',#5023,#1068);
#739=LINE('',#5026,#1069);
#740=LINE('',#5027,#1070);
#741=LINE('',#5032,#1071);
#742=LINE('',#5033,#1072);
#743=LINE('',#5035,#1073);
#744=LINE('',#5039,#1074);
#745=LINE('',#5041,#1075);
#746=LINE('',#5046,#1076);
#747=LINE('',#5047,#1077);
#748=LINE('',#5051,#1078);
#749=LINE('',#5053,#1079);
#750=LINE('',#5055,#1080);
#751=LINE('',#5057,#1081);
#752=LINE('',#5059,#1082);
#753=LINE('',#5061,#1083);
#754=LINE('',#5067,#1084);
#755=LINE('',#5070,#1085);
#756=LINE('',#5081,#1086);
#757=LINE('',#5082,#1087);
#758=LINE('',#5085,#1088);
#759=LINE('',#5089,#1089);
#760=LINE('',#5093,#1090);
#761=LINE('',#5096,#1091);
#762=LINE('',#5099,#1092);
#763=LINE('',#5101,#1093);
#764=LINE('',#5103,#1094);
#765=LINE('',#5105,#1095);
#766=LINE('',#5107,#1096);
#767=LINE('',#5109,#1097);
#768=LINE('',#5112,#1098);
#769=LINE('',#5117,#1099);
#770=LINE('',#5124,#1100);
#771=LINE('',#5127,#1101);
#772=LINE('',#5129,#1102);
#773=LINE('',#5131,#1103);
#774=LINE('',#5133,#1104);
#775=LINE('',#5135,#1105);
#776=LINE('',#5136,#1106);
#777=LINE('',#5139,#1107);
#778=LINE('',#5144,#1108);
#779=LINE('',#5148,#1109);
#780=LINE('',#5150,#1110);
#781=LINE('',#5152,#1111);
#782=LINE('',#5153,#1112);
#783=LINE('',#5156,#1113);
#784=LINE('',#5158,#1114);
#785=LINE('',#5162,#1115);
#786=LINE('',#5163,#1116);
#787=LINE('',#5168,#1117);
#788=LINE('',#5175,#1118);
#789=LINE('',#5178,#1119);
#790=LINE('',#5180,#1120);
#791=LINE('',#5183,#1121);
#792=LINE('',#5186,#1122);
#793=LINE('',#5188,#1123);
#794=LINE('',#5190,#1124);
#795=LINE('',#5192,#1125);
#796=LINE('',#5196,#1126);
#797=LINE('',#5200,#1127);
#798=LINE('',#5202,#1128);
#799=LINE('',#5204,#1129);
#800=LINE('',#5206,#1130);
#801=LINE('',#5208,#1131);
#802=LINE('',#5212,#1132);
#803=LINE('',#5219,#1133);
#804=LINE('',#5222,#1134);
#805=LINE('',#5224,#1135);
#806=LINE('',#5226,#1136);
#807=LINE('',#5228,#1137);
#808=LINE('',#5229,#1138);
#809=LINE('',#5234,#1139);
#810=LINE('',#5236,#1140);
#811=LINE('',#5239,#1141);
#812=LINE('',#5241,#1142);
#813=LINE('',#5243,#1143);
#814=LINE('',#5245,#1144);
#815=LINE('',#5247,#1145);
#816=LINE('',#5249,#1146);
#817=LINE('',#5251,#1147);
#818=LINE('',#5253,#1148);
#819=LINE('',#5255,#1149);
#820=LINE('',#5256,#1150);
#821=LINE('',#5262,#1151);
#822=LINE('',#5265,#1152);
#823=LINE('',#5273,#1153);
#824=LINE('',#5274,#1154);
#825=LINE('',#5277,#1155);
#826=LINE('',#5279,#1156);
#827=LINE('',#5280,#1157);
#828=LINE('',#5281,#1158);
#829=LINE('',#5284,#1159);
#830=LINE('',#5288,#1160);
#831=LINE('',#5292,#1161);
#832=LINE('',#5296,#1162);
#833=LINE('',#5300,#1163);
#834=LINE('',#5304,#1164);
#835=LINE('',#5306,#1165);
#836=LINE('',#5308,#1166);
#837=LINE('',#5310,#1167);
#838=LINE('',#5312,#1168);
#839=LINE('',#5314,#1169);
#840=LINE('',#5316,#1170);
#841=LINE('',#5318,#1171);
#842=LINE('',#5320,#1172);
#843=LINE('',#5321,#1173);
#844=LINE('',#5323,#1174);
#845=LINE('',#5324,#1175);
#846=LINE('',#5328,#1176);
#847=LINE('',#5329,#1177);
#848=LINE('',#5335,#1178);
#849=LINE('',#5336,#1179);
#850=LINE('',#5339,#1180);
#851=LINE('',#5340,#1181);
#852=LINE('',#5343,#1182);
#853=LINE('',#5344,#1183);
#854=LINE('',#5349,#1184);
#855=LINE('',#5352,#1185);
#856=LINE('',#5353,#1186);
#857=LINE('',#5354,#1187);
#858=LINE('',#5359,#1188);
#859=LINE('',#5362,#1189);
#860=LINE('',#5363,#1190);
#861=LINE('',#5364,#1191);
#862=LINE('',#5368,#1192);
#863=LINE('',#5369,#1193);
#864=LINE('',#5371,#1194);
#865=LINE('',#5373,#1195);
#866=LINE('',#5376,#1196);
#867=LINE('',#5377,#1197);
#868=LINE('',#5382,#1198);
#869=LINE('',#5384,#1199);
#870=LINE('',#5385,#1200);
#871=LINE('',#5387,#1201);
#872=LINE('',#5388,#1202);
#873=LINE('',#5390,#1203);
#874=LINE('',#5392,#1204);
#875=LINE('',#5393,#1205);
#876=LINE('',#5395,#1206);
#877=LINE('',#5397,#1207);
#878=LINE('',#5399,#1208);
#879=LINE('',#5400,#1209);
#880=LINE('',#5403,#1210);
#881=LINE('',#5405,#1211);
#882=LINE('',#5410,#1212);
#883=LINE('',#5411,#1213);
#884=LINE('',#5414,#1214);
#885=LINE('',#5415,#1215);
#886=LINE('',#5418,#1216);
#887=LINE('',#5419,#1217);
#888=LINE('',#5421,#1218);
#889=LINE('',#5425,#1219);
#890=LINE('',#5426,#1220);
#891=LINE('',#5428,#1221);
#892=VECTOR('',#3538,10.);
#893=VECTOR('',#3539,10.);
#894=VECTOR('',#3540,10.);
#895=VECTOR('',#3541,10.);
#896=VECTOR('',#3546,10.);
#897=VECTOR('',#3551,10.);
#898=VECTOR('',#3552,10.);
#899=VECTOR('',#3553,10.);
#900=VECTOR('',#3558,10.);
#901=VECTOR('',#3563,10.);
#902=VECTOR('',#3564,10.);
#903=VECTOR('',#3565,10.);
#904=VECTOR('',#3570,10.);
#905=VECTOR('',#3575,10.);
#906=VECTOR('',#3576,10.);
#907=VECTOR('',#3577,10.);
#908=VECTOR('',#3582,10.);
#909=VECTOR('',#3587,10.);
#910=VECTOR('',#3588,10.);
#911=VECTOR('',#3589,10.);
#912=VECTOR('',#3594,10.);
#913=VECTOR('',#3599,10.);
#914=VECTOR('',#3600,10.);
#915=VECTOR('',#3601,10.);
#916=VECTOR('',#3606,10.);
#917=VECTOR('',#3611,10.);
#918=VECTOR('',#3612,10.);
#919=VECTOR('',#3613,10.);
#920=VECTOR('',#3618,10.);
#921=VECTOR('',#3623,10.);
#922=VECTOR('',#3624,10.);
#923=VECTOR('',#3625,10.);
#924=VECTOR('',#3630,10.);
#925=VECTOR('',#3635,10.);
#926=VECTOR('',#3636,10.);
#927=VECTOR('',#3637,10.);
#928=VECTOR('',#3642,10.);
#929=VECTOR('',#3647,10.);
#930=VECTOR('',#3648,10.);
#931=VECTOR('',#3649,10.);
#932=VECTOR('',#3654,10.);
#933=VECTOR('',#3659,10.);
#934=VECTOR('',#3660,10.);
#935=VECTOR('',#3661,10.);
#936=VECTOR('',#3666,10.);
#937=VECTOR('',#3671,10.);
#938=VECTOR('',#3672,10.);
#939=VECTOR('',#3673,10.);
#940=VECTOR('',#3678,10.);
#941=VECTOR('',#3683,10.);
#942=VECTOR('',#3684,10.);
#943=VECTOR('',#3685,10.);
#944=VECTOR('',#3690,10.);
#945=VECTOR('',#3695,10.);
#946=VECTOR('',#3696,10.);
#947=VECTOR('',#3697,10.);
#948=VECTOR('',#3702,10.);
#949=VECTOR('',#3707,10.);
#950=VECTOR('',#3708,10.);
#951=VECTOR('',#3709,10.);
#952=VECTOR('',#3714,10.);
#953=VECTOR('',#3719,10.);
#954=VECTOR('',#3720,10.);
#955=VECTOR('',#3721,10.);
#956=VECTOR('',#3726,10.);
#957=VECTOR('',#3731,10.);
#958=VECTOR('',#3732,10.);
#959=VECTOR('',#3733,10.);
#960=VECTOR('',#3738,10.);
#961=VECTOR('',#3743,10.);
#962=VECTOR('',#3744,10.);
#963=VECTOR('',#3745,10.);
#964=VECTOR('',#3750,10.);
#965=VECTOR('',#3755,10.);
#966=VECTOR('',#3756,10.);
#967=VECTOR('',#3757,10.);
#968=VECTOR('',#3762,10.);
#969=VECTOR('',#3767,10.);
#970=VECTOR('',#3768,10.);
#971=VECTOR('',#3769,10.);
#972=VECTOR('',#3774,10.);
#973=VECTOR('',#3779,10.);
#974=VECTOR('',#3780,10.);
#975=VECTOR('',#3781,10.);
#976=VECTOR('',#3786,10.);
#977=VECTOR('',#3791,10.);
#978=VECTOR('',#3792,10.);
#979=VECTOR('',#3793,10.);
#980=VECTOR('',#3798,10.);
#981=VECTOR('',#3803,10.);
#982=VECTOR('',#3804,10.);
#983=VECTOR('',#3805,10.);
#984=VECTOR('',#3810,10.);
#985=VECTOR('',#3815,10.);
#986=VECTOR('',#3816,10.);
#987=VECTOR('',#3817,10.);
#988=VECTOR('',#3822,10.);
#989=VECTOR('',#3829,10.);
#990=VECTOR('',#3832,10.);
#991=VECTOR('',#3835,10.);
#992=VECTOR('',#3836,10.);
#993=VECTOR('',#3837,10.);
#994=VECTOR('',#3842,10.);
#995=VECTOR('',#3845,10.);
#996=VECTOR('',#3848,10.);
#997=VECTOR('',#3849,10.);
#998=VECTOR('',#3850,10.);
#999=VECTOR('',#3853,10.);
#1000=VECTOR('',#3856,10.);
#1001=VECTOR('',#3859,10.);
#1002=VECTOR('',#3862,10.);
#1003=VECTOR('',#3865,10.);
#1004=VECTOR('',#3868,10.);
#1005=VECTOR('',#3871,10.);
#1006=VECTOR('',#3874,10.);
#1007=VECTOR('',#3877,10.);
#1008=VECTOR('',#3880,10.);
#1009=VECTOR('',#3883,10.);
#1010=VECTOR('',#3886,10.);
#1011=VECTOR('',#3889,10.);
#1012=VECTOR('',#3892,10.);
#1013=VECTOR('',#3895,10.);
#1014=VECTOR('',#3898,10.);
#1015=VECTOR('',#3901,10.);
#1016=VECTOR('',#3904,10.);
#1017=VECTOR('',#3907,10.);
#1018=VECTOR('',#3910,10.);
#1019=VECTOR('',#3913,10.);
#1020=VECTOR('',#3916,10.);
#1021=VECTOR('',#3923,10.);
#1022=VECTOR('',#3924,10.);
#1023=VECTOR('',#3927,10.);
#1024=VECTOR('',#3932,10.);
#1025=VECTOR('',#3933,10.);
#1026=VECTOR('',#3936,10.);
#1027=VECTOR('',#3937,10.);
#1028=VECTOR('',#3942,10.);
#1029=VECTOR('',#3945,10.);
#1030=VECTOR('',#3946,10.);
#1031=VECTOR('',#3951,10.);
#1032=VECTOR('',#3954,10.);
#1033=VECTOR('',#3955,10.);
#1034=VECTOR('',#3960,10.);
#1035=VECTOR('',#3965,10.);
#1036=VECTOR('',#3968,10.);
#1037=VECTOR('',#3969,10.);
#1038=VECTOR('',#3974,10.);
#1039=VECTOR('',#3975,10.);
#1040=VECTOR('',#3978,10.);
#1041=VECTOR('',#3979,10.);
#1042=VECTOR('',#3984,10.);
#1043=VECTOR('',#3985,10.);
#1044=VECTOR('',#3988,10.);
#1045=VECTOR('',#3989,10.);
#1046=VECTOR('',#3994,10.);
#1047=VECTOR('',#3995,10.);
#1048=VECTOR('',#3998,10.);
#1049=VECTOR('',#3999,10.);
#1050=VECTOR('',#4004,10.);
#1051=VECTOR('',#4005,10.);
#1052=VECTOR('',#4008,10.);
#1053=VECTOR('',#4013,10.);
#1054=VECTOR('',#4018,10.);
#1055=VECTOR('',#4019,10.);
#1056=VECTOR('',#4022,10.);
#1057=VECTOR('',#4023,10.);
#1058=VECTOR('',#4032,10.);
#1059=VECTOR('',#4033,10.);
#1060=VECTOR('',#4036,10.);
#1061=VECTOR('',#4045,10.);
#1062=VECTOR('',#4046,10.);
#1063=VECTOR('',#4049,10.);
#1064=VECTOR('',#4050,10.);
#1065=VECTOR('',#4055,10.);
#1066=VECTOR('',#4058,10.);
#1067=VECTOR('',#4063,10.);
#1068=VECTOR('',#4064,10.);
#1069=VECTOR('',#4067,10.);
#1070=VECTOR('',#4068,10.);
#1071=VECTOR('',#4073,10.);
#1072=VECTOR('',#4074,10.);
#1073=VECTOR('',#4077,10.);
#1074=VECTOR('',#4082,10.);
#1075=VECTOR('',#4085,10.);
#1076=VECTOR('',#4092,10.);
#1077=VECTOR('',#4093,10.);
#1078=VECTOR('',#4098,10.);
#1079=VECTOR('',#4101,10.);
#1080=VECTOR('',#4104,10.);
#1081=VECTOR('',#4107,10.);
#1082=VECTOR('',#4110,10.);
#1083=VECTOR('',#4113,10.);
#1084=VECTOR('',#4118,10.);
#1085=VECTOR('',#4121,10.);
#1086=VECTOR('',#4134,10.);
#1087=VECTOR('',#4135,10.);
#1088=VECTOR('',#4138,10.);
#1089=VECTOR('',#4141,10.);
#1090=VECTOR('',#4144,10.);
#1091=VECTOR('',#4147,10.);
#1092=VECTOR('',#4150,10.);
#1093=VECTOR('',#4151,10.);
#1094=VECTOR('',#4152,10.);
#1095=VECTOR('',#4153,10.);
#1096=VECTOR('',#4154,10.);
#1097=VECTOR('',#4155,10.);
#1098=VECTOR('',#4158,10.);
#1099=VECTOR('',#4163,10.);
#1100=VECTOR('',#4174,10.);
#1101=VECTOR('',#4177,10.);
#1102=VECTOR('',#4178,10.);
#1103=VECTOR('',#4179,10.);
#1104=VECTOR('',#4180,10.);
#1105=VECTOR('',#4181,10.);
#1106=VECTOR('',#4182,10.);
#1107=VECTOR('',#4185,10.);
#1108=VECTOR('',#4190,10.);
#1109=VECTOR('',#4195,10.);
#1110=VECTOR('',#4196,10.);
#1111=VECTOR('',#4197,10.);
#1112=VECTOR('',#4198,10.);
#1113=VECTOR('',#4201,10.);
#1114=VECTOR('',#4202,10.);
#1115=VECTOR('',#4205,10.);
#1116=VECTOR('',#4206,10.);
#1117=VECTOR('',#4211,10.);
#1118=VECTOR('',#4222,10.);
#1119=VECTOR('',#4225,10.);
#1120=VECTOR('',#4226,10.);
#1121=VECTOR('',#4229,10.);
#1122=VECTOR('',#4232,10.);
#1123=VECTOR('',#4233,10.);
#1124=VECTOR('',#4234,10.);
#1125=VECTOR('',#4235,10.);
#1126=VECTOR('',#4238,10.);
#1127=VECTOR('',#4241,10.);
#1128=VECTOR('',#4242,10.);
#1129=VECTOR('',#4243,10.);
#1130=VECTOR('',#4244,10.);
#1131=VECTOR('',#4245,10.);
#1132=VECTOR('',#4250,10.);
#1133=VECTOR('',#4261,10.);
#1134=VECTOR('',#4264,10.);
#1135=VECTOR('',#4265,10.);
#1136=VECTOR('',#4266,10.);
#1137=VECTOR('',#4267,10.);
#1138=VECTOR('',#4268,10.);
#1139=VECTOR('',#4273,10.);
#1140=VECTOR('',#4276,10.);
#1141=VECTOR('',#4279,10.);
#1142=VECTOR('',#4280,10.);
#1143=VECTOR('',#4281,10.);
#1144=VECTOR('',#4282,10.);
#1145=VECTOR('',#4283,10.);
#1146=VECTOR('',#4284,10.);
#1147=VECTOR('',#4285,10.);
#1148=VECTOR('',#4286,10.);
#1149=VECTOR('',#4287,10.);
#1150=VECTOR('',#4288,10.);
#1151=VECTOR('',#4293,10.);
#1152=VECTOR('',#4296,10.);
#1153=VECTOR('',#4307,10.);
#1154=VECTOR('',#4308,10.);
#1155=VECTOR('',#4311,10.);
#1156=VECTOR('',#4312,10.);
#1157=VECTOR('',#4313,10.);
#1158=VECTOR('',#4314,10.);
#1159=VECTOR('',#4317,10.);
#1160=VECTOR('',#4320,10.);
#1161=VECTOR('',#4323,10.);
#1162=VECTOR('',#4326,10.);
#1163=VECTOR('',#4329,10.);
#1164=VECTOR('',#4334,10.);
#1165=VECTOR('',#4335,10.);
#1166=VECTOR('',#4336,10.);
#1167=VECTOR('',#4337,10.);
#1168=VECTOR('',#4338,10.);
#1169=VECTOR('',#4339,10.);
#1170=VECTOR('',#4340,10.);
#1171=VECTOR('',#4341,10.);
#1172=VECTOR('',#4342,10.);
#1173=VECTOR('',#4343,10.);
#1174=VECTOR('',#4344,10.);
#1175=VECTOR('',#4345,10.);
#1176=VECTOR('',#4350,10.);
#1177=VECTOR('',#4351,10.);
#1178=VECTOR('',#4360,10.);
#1179=VECTOR('',#4361,10.);
#1180=VECTOR('',#4364,10.);
#1181=VECTOR('',#4365,10.);
#1182=VECTOR('',#4368,10.);
#1183=VECTOR('',#4369,10.);
#1184=VECTOR('',#4374,10.);
#1185=VECTOR('',#4379,10.);
#1186=VECTOR('',#4380,10.);
#1187=VECTOR('',#4381,10.);
#1188=VECTOR('',#4386,10.);
#1189=VECTOR('',#4391,10.);
#1190=VECTOR('',#4392,10.);
#1191=VECTOR('',#4393,10.);
#1192=VECTOR('',#4398,10.);
#1193=VECTOR('',#4399,10.);
#1194=VECTOR('',#4402,10.);
#1195=VECTOR('',#4405,10.);
#1196=VECTOR('',#4410,10.);
#1197=VECTOR('',#4411,10.);
#1198=VECTOR('',#4418,10.);
#1199=VECTOR('',#4419,10.);
#1200=VECTOR('',#4420,10.);
#1201=VECTOR('',#4423,10.);
#1202=VECTOR('',#4424,10.);
#1203=VECTOR('',#4427,10.);
#1204=VECTOR('',#4430,10.);
#1205=VECTOR('',#4431,10.);
#1206=VECTOR('',#4434,10.);
#1207=VECTOR('',#4437,10.);
#1208=VECTOR('',#4440,10.);
#1209=VECTOR('',#4441,10.);
#1210=VECTOR('',#4446,10.);
#1211=VECTOR('',#4449,10.);
#1212=VECTOR('',#4456,10.);
#1213=VECTOR('',#4457,10.);
#1214=VECTOR('',#4460,10.);
#1215=VECTOR('',#4461,10.);
#1216=VECTOR('',#4464,10.);
#1217=VECTOR('',#4465,10.);
#1218=VECTOR('',#4468,10.);
#1219=VECTOR('',#4473,10.);
#1220=VECTOR('',#4474,10.);
#1221=VECTOR('',#4477,10.);
#1222=VERTEX_POINT('',#4486);
#1223=VERTEX_POINT('',#4487);
#1224=VERTEX_POINT('',#4489);
#1225=VERTEX_POINT('',#4491);
#1226=VERTEX_POINT('',#4495);
#1227=VERTEX_POINT('',#4497);
#1228=VERTEX_POINT('',#4501);
#1229=VERTEX_POINT('',#4503);
#1230=VERTEX_POINT('',#4507);
#1231=VERTEX_POINT('',#4509);
#1232=VERTEX_POINT('',#4513);
#1233=VERTEX_POINT('',#4515);
#1234=VERTEX_POINT('',#4519);
#1235=VERTEX_POINT('',#4521);
#1236=VERTEX_POINT('',#4525);
#1237=VERTEX_POINT('',#4527);
#1238=VERTEX_POINT('',#4531);
#1239=VERTEX_POINT('',#4533);
#1240=VERTEX_POINT('',#4537);
#1241=VERTEX_POINT('',#4539);
#1242=VERTEX_POINT('',#4543);
#1243=VERTEX_POINT('',#4545);
#1244=VERTEX_POINT('',#4549);
#1245=VERTEX_POINT('',#4551);
#1246=VERTEX_POINT('',#4555);
#1247=VERTEX_POINT('',#4557);
#1248=VERTEX_POINT('',#4561);
#1249=VERTEX_POINT('',#4563);
#1250=VERTEX_POINT('',#4567);
#1251=VERTEX_POINT('',#4569);
#1252=VERTEX_POINT('',#4573);
#1253=VERTEX_POINT('',#4575);
#1254=VERTEX_POINT('',#4579);
#1255=VERTEX_POINT('',#4581);
#1256=VERTEX_POINT('',#4585);
#1257=VERTEX_POINT('',#4587);
#1258=VERTEX_POINT('',#4591);
#1259=VERTEX_POINT('',#4593);
#1260=VERTEX_POINT('',#4597);
#1261=VERTEX_POINT('',#4599);
#1262=VERTEX_POINT('',#4603);
#1263=VERTEX_POINT('',#4605);
#1264=VERTEX_POINT('',#4609);
#1265=VERTEX_POINT('',#4611);
#1266=VERTEX_POINT('',#4615);
#1267=VERTEX_POINT('',#4617);
#1268=VERTEX_POINT('',#4621);
#1269=VERTEX_POINT('',#4623);
#1270=VERTEX_POINT('',#4627);
#1271=VERTEX_POINT('',#4629);
#1272=VERTEX_POINT('',#4633);
#1273=VERTEX_POINT('',#4635);
#1274=VERTEX_POINT('',#4639);
#1275=VERTEX_POINT('',#4641);
#1276=VERTEX_POINT('',#4645);
#1277=VERTEX_POINT('',#4647);
#1278=VERTEX_POINT('',#4651);
#1279=VERTEX_POINT('',#4653);
#1280=VERTEX_POINT('',#4657);
#1281=VERTEX_POINT('',#4659);
#1282=VERTEX_POINT('',#4663);
#1283=VERTEX_POINT('',#4665);
#1284=VERTEX_POINT('',#4669);
#1285=VERTEX_POINT('',#4671);
#1286=VERTEX_POINT('',#4675);
#1287=VERTEX_POINT('',#4677);
#1288=VERTEX_POINT('',#4681);
#1289=VERTEX_POINT('',#4683);
#1290=VERTEX_POINT('',#4687);
#1291=VERTEX_POINT('',#4689);
#1292=VERTEX_POINT('',#4693);
#1293=VERTEX_POINT('',#4695);
#1294=VERTEX_POINT('',#4699);
#1295=VERTEX_POINT('',#4701);
#1296=VERTEX_POINT('',#4705);
#1297=VERTEX_POINT('',#4707);
#1298=VERTEX_POINT('',#4711);
#1299=VERTEX_POINT('',#4713);
#1300=VERTEX_POINT('',#4717);
#1301=VERTEX_POINT('',#4719);
#1302=VERTEX_POINT('',#4723);
#1303=VERTEX_POINT('',#4725);
#1304=VERTEX_POINT('',#4729);
#1305=VERTEX_POINT('',#4731);
#1306=VERTEX_POINT('',#4735);
#1307=VERTEX_POINT('',#4737);
#1308=VERTEX_POINT('',#4741);
#1309=VERTEX_POINT('',#4743);
#1310=VERTEX_POINT('',#4747);
#1311=VERTEX_POINT('',#4749);
#1312=VERTEX_POINT('',#4753);
#1313=VERTEX_POINT('',#4755);
#1314=VERTEX_POINT('',#4759);
#1315=VERTEX_POINT('',#4761);
#1316=VERTEX_POINT('',#4765);
#1317=VERTEX_POINT('',#4767);
#1318=VERTEX_POINT('',#4771);
#1319=VERTEX_POINT('',#4773);
#1320=VERTEX_POINT('',#4777);
#1321=VERTEX_POINT('',#4778);
#1322=VERTEX_POINT('',#4780);
#1323=VERTEX_POINT('',#4782);
#1324=VERTEX_POINT('',#4786);
#1325=VERTEX_POINT('',#4788);
#1326=VERTEX_POINT('',#4792);
#1327=VERTEX_POINT('',#4793);
#1328=VERTEX_POINT('',#4795);
#1329=VERTEX_POINT('',#4797);
#1330=VERTEX_POINT('',#4801);
#1331=VERTEX_POINT('',#4803);
#1332=VERTEX_POINT('',#4807);
#1333=VERTEX_POINT('',#4809);
#1334=VERTEX_POINT('',#4812);
#1335=VERTEX_POINT('',#4814);
#1336=VERTEX_POINT('',#4816);
#1337=VERTEX_POINT('',#4818);
#1338=VERTEX_POINT('',#4820);
#1339=VERTEX_POINT('',#4822);
#1340=VERTEX_POINT('',#4825);
#1341=VERTEX_POINT('',#4827);
#1342=VERTEX_POINT('',#4829);
#1343=VERTEX_POINT('',#4831);
#1344=VERTEX_POINT('',#4833);
#1345=VERTEX_POINT('',#4835);
#1346=VERTEX_POINT('',#4837);
#1347=VERTEX_POINT('',#4839);
#1348=VERTEX_POINT('',#4841);
#1349=VERTEX_POINT('',#4843);
#1350=VERTEX_POINT('',#4845);
#1351=VERTEX_POINT('',#4847);
#1352=VERTEX_POINT('',#4849);
#1353=VERTEX_POINT('',#4851);
#1354=VERTEX_POINT('',#4853);
#1355=VERTEX_POINT('',#4855);
#1356=VERTEX_POINT('',#4857);
#1357=VERTEX_POINT('',#4859);
#1358=VERTEX_POINT('',#4861);
#1359=VERTEX_POINT('',#4863);
#1360=VERTEX_POINT('',#4865);
#1361=VERTEX_POINT('',#4867);
#1362=VERTEX_POINT('',#4869);
#1363=VERTEX_POINT('',#4871);
#1364=VERTEX_POINT('',#4873);
#1365=VERTEX_POINT('',#4875);
#1366=VERTEX_POINT('',#4877);
#1367=VERTEX_POINT('',#4879);
#1368=VERTEX_POINT('',#4881);
#1369=VERTEX_POINT('',#4883);
#1370=VERTEX_POINT('',#4885);
#1371=VERTEX_POINT('',#4887);
#1372=VERTEX_POINT('',#4889);
#1373=VERTEX_POINT('',#4893);
#1374=VERTEX_POINT('',#4894);
#1375=VERTEX_POINT('',#4901);
#1376=VERTEX_POINT('',#4902);
#1377=VERTEX_POINT('',#4907);
#1378=VERTEX_POINT('',#4911);
#1379=VERTEX_POINT('',#4915);
#1380=VERTEX_POINT('',#4919);
#1381=VERTEX_POINT('',#4923);
#1382=VERTEX_POINT('',#4927);
#1383=VERTEX_POINT('',#4931);
#1384=VERTEX_POINT('',#4935);
#1385=VERTEX_POINT('',#4939);
#1386=VERTEX_POINT('',#4940);
#1387=VERTEX_POINT('',#4945);
#1388=VERTEX_POINT('',#4949);
#1389=VERTEX_POINT('',#4950);
#1390=VERTEX_POINT('',#4955);
#1391=VERTEX_POINT('',#4959);
#1392=VERTEX_POINT('',#4960);
#1393=VERTEX_POINT('',#4965);
#1394=VERTEX_POINT('',#4969);
#1395=VERTEX_POINT('',#4970);
#1396=VERTEX_POINT('',#4977);
#1397=VERTEX_POINT('',#4981);
#1398=VERTEX_POINT('',#4982);
#1399=VERTEX_POINT('',#4987);
#1400=VERTEX_POINT('',#4993);
#1401=VERTEX_POINT('',#4994);
#1402=VERTEX_POINT('',#5003);
#1403=VERTEX_POINT('',#5004);
#1404=VERTEX_POINT('',#5009);
#1405=VERTEX_POINT('',#5013);
#1406=VERTEX_POINT('',#5019);
#1407=VERTEX_POINT('',#5020);
#1408=VERTEX_POINT('',#5025);
#1409=VERTEX_POINT('',#5029);
#1410=VERTEX_POINT('',#5030);
#1411=VERTEX_POINT('',#5037);
#1412=VERTEX_POINT('',#5045);
#1413=VERTEX_POINT('',#5049);
#1414=VERTEX_POINT('',#5063);
#1415=VERTEX_POINT('',#5064);
#1416=VERTEX_POINT('',#5066);
#1417=VERTEX_POINT('',#5068);
#1418=VERTEX_POINT('',#5072);
#1419=VERTEX_POINT('',#5073);
#1420=VERTEX_POINT('',#5078);
#1421=VERTEX_POINT('',#5079);
#1422=VERTEX_POINT('',#5084);
#1423=VERTEX_POINT('',#5086);
#1424=VERTEX_POINT('',#5088);
#1425=VERTEX_POINT('',#5090);
#1426=VERTEX_POINT('',#5092);
#1427=VERTEX_POINT('',#5094);
#1428=VERTEX_POINT('',#5098);
#1429=VERTEX_POINT('',#5100);
#1430=VERTEX_POINT('',#5102);
#1431=VERTEX_POINT('',#5104);
#1432=VERTEX_POINT('',#5106);
#1433=VERTEX_POINT('',#5108);
#1434=VERTEX_POINT('',#5110);
#1435=VERTEX_POINT('',#5114);
#1436=VERTEX_POINT('',#5116);
#1437=VERTEX_POINT('',#5120);
#1438=VERTEX_POINT('',#5126);
#1439=VERTEX_POINT('',#5128);
#1440=VERTEX_POINT('',#5130);
#1441=VERTEX_POINT('',#5132);
#1442=VERTEX_POINT('',#5134);
#1443=VERTEX_POINT('',#5138);
#1444=VERTEX_POINT('',#5141);
#1445=VERTEX_POINT('',#5143);
#1446=VERTEX_POINT('',#5147);
#1447=VERTEX_POINT('',#5149);
#1448=VERTEX_POINT('',#5151);
#1449=VERTEX_POINT('',#5155);
#1450=VERTEX_POINT('',#5157);
#1451=VERTEX_POINT('',#5159);
#1452=VERTEX_POINT('',#5161);
#1453=VERTEX_POINT('',#5165);
#1454=VERTEX_POINT('',#5167);
#1455=VERTEX_POINT('',#5171);
#1456=VERTEX_POINT('',#5177);
#1457=VERTEX_POINT('',#5179);
#1458=VERTEX_POINT('',#5181);
#1459=VERTEX_POINT('',#5185);
#1460=VERTEX_POINT('',#5187);
#1461=VERTEX_POINT('',#5189);
#1462=VERTEX_POINT('',#5191);
#1463=VERTEX_POINT('',#5193);
#1464=VERTEX_POINT('',#5195);
#1465=VERTEX_POINT('',#5197);
#1466=VERTEX_POINT('',#5199);
#1467=VERTEX_POINT('',#5201);
#1468=VERTEX_POINT('',#5203);
#1469=VERTEX_POINT('',#5205);
#1470=VERTEX_POINT('',#5207);
#1471=VERTEX_POINT('',#5211);
#1472=VERTEX_POINT('',#5215);
#1473=VERTEX_POINT('',#5221);
#1474=VERTEX_POINT('',#5223);
#1475=VERTEX_POINT('',#5225);
#1476=VERTEX_POINT('',#5227);
#1477=VERTEX_POINT('',#5231);
#1478=VERTEX_POINT('',#5233);
#1479=VERTEX_POINT('',#5238);
#1480=VERTEX_POINT('',#5240);
#1481=VERTEX_POINT('',#5242);
#1482=VERTEX_POINT('',#5244);
#1483=VERTEX_POINT('',#5246);
#1484=VERTEX_POINT('',#5248);
#1485=VERTEX_POINT('',#5250);
#1486=VERTEX_POINT('',#5252);
#1487=VERTEX_POINT('',#5254);
#1488=VERTEX_POINT('',#5258);
#1489=VERTEX_POINT('',#5259);
#1490=VERTEX_POINT('',#5261);
#1491=VERTEX_POINT('',#5263);
#1492=VERTEX_POINT('',#5267);
#1493=VERTEX_POINT('',#5268);
#1494=VERTEX_POINT('',#5276);
#1495=VERTEX_POINT('',#5278);
#1496=VERTEX_POINT('',#5283);
#1497=VERTEX_POINT('',#5285);
#1498=VERTEX_POINT('',#5287);
#1499=VERTEX_POINT('',#5289);
#1500=VERTEX_POINT('',#5291);
#1501=VERTEX_POINT('',#5293);
#1502=VERTEX_POINT('',#5295);
#1503=VERTEX_POINT('',#5297);
#1504=VERTEX_POINT('',#5299);
#1505=VERTEX_POINT('',#5303);
#1506=VERTEX_POINT('',#5305);
#1507=VERTEX_POINT('',#5307);
#1508=VERTEX_POINT('',#5309);
#1509=VERTEX_POINT('',#5311);
#1510=VERTEX_POINT('',#5313);
#1511=VERTEX_POINT('',#5315);
#1512=VERTEX_POINT('',#5317);
#1513=VERTEX_POINT('',#5319);
#1514=VERTEX_POINT('',#5322);
#1515=VERTEX_POINT('',#5326);
#1516=VERTEX_POINT('',#5331);
#1517=VERTEX_POINT('',#5338);
#1518=VERTEX_POINT('',#5342);
#1519=VERTEX_POINT('',#5346);
#1520=VERTEX_POINT('',#5348);
#1521=VERTEX_POINT('',#5356);
#1522=VERTEX_POINT('',#5358);
#1523=VERTEX_POINT('',#5367);
#1524=VERTEX_POINT('',#5381);
#1525=VERTEX_POINT('',#5383);
#1526=VERTEX_POINT('',#5409);
#1527=VERTEX_POINT('',#5413);
#1528=VERTEX_POINT('',#5417);
#1529=VERTEX_POINT('',#5424);
#1530=EDGE_CURVE('',#1222,#1223,#562,.T.);
#1531=EDGE_CURVE('',#1224,#1222,#563,.T.);
#1532=EDGE_CURVE('',#1224,#1225,#564,.T.);
#1533=EDGE_CURVE('',#1223,#1225,#565,.T.);
#1534=EDGE_CURVE('',#1226,#1222,#44,.T.);
#1535=EDGE_CURVE('',#1226,#1227,#566,.T.);
#1536=EDGE_CURVE('',#1227,#1224,#45,.T.);
#1537=EDGE_CURVE('',#1228,#1226,#567,.T.);
#1538=EDGE_CURVE('',#1229,#1228,#568,.T.);
#1539=EDGE_CURVE('',#1229,#1227,#569,.T.);
#1540=EDGE_CURVE('',#1230,#1228,#46,.T.);
#1541=EDGE_CURVE('',#1230,#1231,#570,.T.);
#1542=EDGE_CURVE('',#1231,#1229,#47,.T.);
#1543=EDGE_CURVE('',#1232,#1230,#571,.T.);
#1544=EDGE_CURVE('',#1233,#1232,#572,.T.);
#1545=EDGE_CURVE('',#1233,#1231,#573,.T.);
#1546=EDGE_CURVE('',#1234,#1232,#48,.T.);
#1547=EDGE_CURVE('',#1234,#1235,#574,.T.);
#1548=EDGE_CURVE('',#1235,#1233,#49,.T.);
#1549=EDGE_CURVE('',#1236,#1234,#575,.T.);
#1550=EDGE_CURVE('',#1237,#1236,#576,.T.);
#1551=EDGE_CURVE('',#1237,#1235,#577,.T.);
#1552=EDGE_CURVE('',#1238,#1236,#50,.T.);
#1553=EDGE_CURVE('',#1238,#1239,#578,.T.);
#1554=EDGE_CURVE('',#1239,#1237,#51,.T.);
#1555=EDGE_CURVE('',#1240,#1238,#579,.T.);
#1556=EDGE_CURVE('',#1241,#1240,#580,.T.);
#1557=EDGE_CURVE('',#1241,#1239,#581,.T.);
#1558=EDGE_CURVE('',#1242,#1240,#52,.T.);
#1559=EDGE_CURVE('',#1242,#1243,#582,.T.);
#1560=EDGE_CURVE('',#1243,#1241,#53,.T.);
#1561=EDGE_CURVE('',#1244,#1242,#583,.T.);
#1562=EDGE_CURVE('',#1245,#1244,#584,.T.);
#1563=EDGE_CURVE('',#1245,#1243,#585,.T.);
#1564=EDGE_CURVE('',#1246,#1244,#54,.T.);
#1565=EDGE_CURVE('',#1246,#1247,#586,.T.);
#1566=EDGE_CURVE('',#1247,#1245,#55,.T.);
#1567=EDGE_CURVE('',#1248,#1246,#587,.T.);
#1568=EDGE_CURVE('',#1249,#1248,#588,.T.);
#1569=EDGE_CURVE('',#1249,#1247,#589,.T.);
#1570=EDGE_CURVE('',#1250,#1248,#56,.T.);
#1571=EDGE_CURVE('',#1250,#1251,#590,.T.);
#1572=EDGE_CURVE('',#1251,#1249,#57,.T.);
#1573=EDGE_CURVE('',#1252,#1250,#591,.T.);
#1574=EDGE_CURVE('',#1253,#1252,#592,.T.);
#1575=EDGE_CURVE('',#1253,#1251,#593,.T.);
#1576=EDGE_CURVE('',#1254,#1252,#58,.T.);
#1577=EDGE_CURVE('',#1254,#1255,#594,.T.);
#1578=EDGE_CURVE('',#1255,#1253,#59,.T.);
#1579=EDGE_CURVE('',#1256,#1254,#595,.T.);
#1580=EDGE_CURVE('',#1257,#1256,#596,.T.);
#1581=EDGE_CURVE('',#1257,#1255,#597,.T.);
#1582=EDGE_CURVE('',#1258,#1256,#60,.T.);
#1583=EDGE_CURVE('',#1258,#1259,#598,.T.);
#1584=EDGE_CURVE('',#1259,#1257,#61,.T.);
#1585=EDGE_CURVE('',#1260,#1258,#599,.T.);
#1586=EDGE_CURVE('',#1261,#1260,#600,.T.);
#1587=EDGE_CURVE('',#1261,#1259,#601,.T.);
#1588=EDGE_CURVE('',#1262,#1260,#62,.T.);
#1589=EDGE_CURVE('',#1262,#1263,#602,.T.);
#1590=EDGE_CURVE('',#1263,#1261,#63,.T.);
#1591=EDGE_CURVE('',#1264,#1262,#603,.T.);
#1592=EDGE_CURVE('',#1265,#1264,#604,.T.);
#1593=EDGE_CURVE('',#1265,#1263,#605,.T.);
#1594=EDGE_CURVE('',#1266,#1264,#64,.T.);
#1595=EDGE_CURVE('',#1266,#1267,#606,.T.);
#1596=EDGE_CURVE('',#1267,#1265,#65,.T.);
#1597=EDGE_CURVE('',#1268,#1266,#607,.T.);
#1598=EDGE_CURVE('',#1269,#1268,#608,.T.);
#1599=EDGE_CURVE('',#1269,#1267,#609,.T.);
#1600=EDGE_CURVE('',#1270,#1268,#66,.T.);
#1601=EDGE_CURVE('',#1270,#1271,#610,.T.);
#1602=EDGE_CURVE('',#1271,#1269,#67,.T.);
#1603=EDGE_CURVE('',#1272,#1270,#611,.T.);
#1604=EDGE_CURVE('',#1273,#1272,#612,.T.);
#1605=EDGE_CURVE('',#1273,#1271,#613,.T.);
#1606=EDGE_CURVE('',#1274,#1272,#68,.T.);
#1607=EDGE_CURVE('',#1274,#1275,#614,.T.);
#1608=EDGE_CURVE('',#1275,#1273,#69,.T.);
#1609=EDGE_CURVE('',#1276,#1274,#615,.T.);
#1610=EDGE_CURVE('',#1277,#1276,#616,.T.);
#1611=EDGE_CURVE('',#1277,#1275,#617,.T.);
#1612=EDGE_CURVE('',#1278,#1276,#70,.T.);
#1613=EDGE_CURVE('',#1278,#1279,#618,.T.);
#1614=EDGE_CURVE('',#1279,#1277,#71,.T.);
#1615=EDGE_CURVE('',#1280,#1278,#619,.T.);
#1616=EDGE_CURVE('',#1281,#1280,#620,.T.);
#1617=EDGE_CURVE('',#1281,#1279,#621,.T.);
#1618=EDGE_CURVE('',#1282,#1280,#72,.T.);
#1619=EDGE_CURVE('',#1282,#1283,#622,.T.);
#1620=EDGE_CURVE('',#1283,#1281,#73,.T.);
#1621=EDGE_CURVE('',#1284,#1282,#623,.T.);
#1622=EDGE_CURVE('',#1285,#1284,#624,.T.);
#1623=EDGE_CURVE('',#1285,#1283,#625,.T.);
#1624=EDGE_CURVE('',#1286,#1284,#74,.T.);
#1625=EDGE_CURVE('',#1286,#1287,#626,.T.);
#1626=EDGE_CURVE('',#1287,#1285,#75,.T.);
#1627=EDGE_CURVE('',#1288,#1286,#627,.T.);
#1628=EDGE_CURVE('',#1289,#1288,#628,.T.);
#1629=EDGE_CURVE('',#1289,#1287,#629,.T.);
#1630=EDGE_CURVE('',#1290,#1288,#76,.T.);
#1631=EDGE_CURVE('',#1290,#1291,#630,.T.);
#1632=EDGE_CURVE('',#1291,#1289,#77,.T.);
#1633=EDGE_CURVE('',#1292,#1290,#631,.T.);
#1634=EDGE_CURVE('',#1293,#1292,#632,.T.);
#1635=EDGE_CURVE('',#1293,#1291,#633,.T.);
#1636=EDGE_CURVE('',#1294,#1292,#78,.T.);
#1637=EDGE_CURVE('',#1294,#1295,#634,.T.);
#1638=EDGE_CURVE('',#1295,#1293,#79,.T.);
#1639=EDGE_CURVE('',#1296,#1294,#635,.T.);
#1640=EDGE_CURVE('',#1297,#1296,#636,.T.);
#1641=EDGE_CURVE('',#1297,#1295,#637,.T.);
#1642=EDGE_CURVE('',#1298,#1296,#80,.T.);
#1643=EDGE_CURVE('',#1298,#1299,#638,.T.);
#1644=EDGE_CURVE('',#1299,#1297,#81,.T.);
#1645=EDGE_CURVE('',#1300,#1298,#639,.T.);
#1646=EDGE_CURVE('',#1301,#1300,#640,.T.);
#1647=EDGE_CURVE('',#1301,#1299,#641,.T.);
#1648=EDGE_CURVE('',#1302,#1300,#82,.T.);
#1649=EDGE_CURVE('',#1302,#1303,#642,.T.);
#1650=EDGE_CURVE('',#1303,#1301,#83,.T.);
#1651=EDGE_CURVE('',#1304,#1302,#643,.T.);
#1652=EDGE_CURVE('',#1305,#1304,#644,.T.);
#1653=EDGE_CURVE('',#1305,#1303,#645,.T.);
#1654=EDGE_CURVE('',#1306,#1304,#84,.T.);
#1655=EDGE_CURVE('',#1306,#1307,#646,.T.);
#1656=EDGE_CURVE('',#1307,#1305,#85,.T.);
#1657=EDGE_CURVE('',#1308,#1306,#647,.T.);
#1658=EDGE_CURVE('',#1309,#1308,#648,.T.);
#1659=EDGE_CURVE('',#1309,#1307,#649,.T.);
#1660=EDGE_CURVE('',#1310,#1308,#86,.T.);
#1661=EDGE_CURVE('',#1310,#1311,#650,.T.);
#1662=EDGE_CURVE('',#1311,#1309,#87,.T.);
#1663=EDGE_CURVE('',#1312,#1310,#651,.T.);
#1664=EDGE_CURVE('',#1313,#1312,#652,.T.);
#1665=EDGE_CURVE('',#1313,#1311,#653,.T.);
#1666=EDGE_CURVE('',#1314,#1312,#88,.T.);
#1667=EDGE_CURVE('',#1314,#1315,#654,.T.);
#1668=EDGE_CURVE('',#1315,#1313,#89,.T.);
#1669=EDGE_CURVE('',#1316,#1314,#655,.T.);
#1670=EDGE_CURVE('',#1317,#1316,#656,.T.);
#1671=EDGE_CURVE('',#1317,#1315,#657,.T.);
#1672=EDGE_CURVE('',#1318,#1316,#90,.T.);
#1673=EDGE_CURVE('',#1318,#1319,#658,.T.);
#1674=EDGE_CURVE('',#1319,#1317,#91,.T.);
#1675=EDGE_CURVE('',#1320,#1321,#92,.T.);
#1676=EDGE_CURVE('',#1320,#1322,#659,.T.);
#1677=EDGE_CURVE('',#1322,#1323,#93,.T.);
#1678=EDGE_CURVE('',#1323,#1321,#660,.T.);
#1679=EDGE_CURVE('',#1324,#1320,#661,.T.);
#1680=EDGE_CURVE('',#1325,#1324,#662,.T.);
#1681=EDGE_CURVE('',#1322,#1325,#663,.T.);
#1682=EDGE_CURVE('',#1326,#1327,#94,.T.);
#1683=EDGE_CURVE('',#1326,#1328,#664,.T.);
#1684=EDGE_CURVE('',#1328,#1329,#95,.T.);
#1685=EDGE_CURVE('',#1329,#1327,#665,.T.);
#1686=EDGE_CURVE('',#1327,#1330,#666,.T.);
#1687=EDGE_CURVE('',#1331,#1329,#667,.T.);
#1688=EDGE_CURVE('',#1330,#1331,#668,.T.);
#1689=EDGE_CURVE('',#1328,#1332,#669,.T.);
#1690=EDGE_CURVE('',#1333,#1332,#96,.T.);
#1691=EDGE_CURVE('',#1333,#1323,#670,.T.);
#1692=EDGE_CURVE('',#1334,#1325,#97,.T.);
#1693=EDGE_CURVE('',#1334,#1335,#671,.T.);
#1694=EDGE_CURVE('',#1336,#1335,#98,.T.);
#1695=EDGE_CURVE('',#1336,#1337,#672,.T.);
#1696=EDGE_CURVE('',#1338,#1337,#99,.T.);
#1697=EDGE_CURVE('',#1338,#1339,#673,.T.);
#1698=EDGE_CURVE('',#1225,#1339,#100,.T.);
#1699=EDGE_CURVE('',#1319,#1340,#674,.T.);
#1700=EDGE_CURVE('',#1341,#1340,#101,.T.);
#1701=EDGE_CURVE('',#1341,#1342,#675,.T.);
#1702=EDGE_CURVE('',#1343,#1342,#102,.T.);
#1703=EDGE_CURVE('',#1343,#1344,#676,.T.);
#1704=EDGE_CURVE('',#1345,#1344,#103,.T.);
#1705=EDGE_CURVE('',#1345,#1346,#677,.T.);
#1706=EDGE_CURVE('',#1347,#1346,#104,.T.);
#1707=EDGE_CURVE('',#1347,#1348,#678,.T.);
#1708=EDGE_CURVE('',#1349,#1348,#105,.T.);
#1709=EDGE_CURVE('',#1349,#1350,#679,.T.);
#1710=EDGE_CURVE('',#1351,#1350,#106,.T.);
#1711=EDGE_CURVE('',#1351,#1352,#680,.T.);
#1712=EDGE_CURVE('',#1353,#1352,#107,.T.);
#1713=EDGE_CURVE('',#1353,#1354,#681,.T.);
#1714=EDGE_CURVE('',#1355,#1354,#108,.T.);
#1715=EDGE_CURVE('',#1355,#1356,#682,.T.);
#1716=EDGE_CURVE('',#1357,#1356,#109,.T.);
#1717=EDGE_CURVE('',#1357,#1358,#683,.T.);
#1718=EDGE_CURVE('',#1359,#1358,#110,.T.);
#1719=EDGE_CURVE('',#1359,#1360,#684,.T.);
#1720=EDGE_CURVE('',#1361,#1360,#111,.T.);
#1721=EDGE_CURVE('',#1361,#1362,#685,.T.);
#1722=EDGE_CURVE('',#1363,#1362,#112,.T.);
#1723=EDGE_CURVE('',#1363,#1364,#686,.T.);
#1724=EDGE_CURVE('',#1365,#1364,#113,.T.);
#1725=EDGE_CURVE('',#1365,#1366,#687,.T.);
#1726=EDGE_CURVE('',#1367,#1366,#114,.T.);
#1727=EDGE_CURVE('',#1367,#1368,#688,.T.);
#1728=EDGE_CURVE('',#1369,#1368,#115,.T.);
#1729=EDGE_CURVE('',#1369,#1370,#689,.T.);
#1730=EDGE_CURVE('',#1371,#1370,#116,.T.);
#1731=EDGE_CURVE('',#1371,#1372,#690,.T.);
#1732=EDGE_CURVE('',#1331,#1372,#117,.T.);
#1733=EDGE_CURVE('',#1373,#1374,#118,.T.);
#1734=EDGE_CURVE('',#1373,#1333,#691,.T.);
#1735=EDGE_CURVE('',#1332,#1374,#692,.T.);
#1736=EDGE_CURVE('',#1321,#1373,#693,.T.);
#1737=EDGE_CURVE('',#1375,#1376,#119,.T.);
#1738=EDGE_CURVE('',#1375,#1365,#694,.T.);
#1739=EDGE_CURVE('',#1364,#1376,#695,.T.);
#1740=EDGE_CURVE('',#1376,#1377,#696,.T.);
#1741=EDGE_CURVE('',#1377,#1363,#697,.T.);
#1742=EDGE_CURVE('',#1378,#1324,#120,.T.);
#1743=EDGE_CURVE('',#1378,#1334,#698,.T.);
#1744=EDGE_CURVE('',#1379,#1378,#699,.T.);
#1745=EDGE_CURVE('',#1335,#1379,#700,.T.);
#1746=EDGE_CURVE('',#1223,#1380,#121,.T.);
#1747=EDGE_CURVE('',#1339,#1380,#701,.T.);
#1748=EDGE_CURVE('',#1380,#1381,#702,.T.);
#1749=EDGE_CURVE('',#1381,#1338,#703,.T.);
#1750=EDGE_CURVE('',#1377,#1382,#122,.T.);
#1751=EDGE_CURVE('',#1362,#1382,#704,.T.);
#1752=EDGE_CURVE('',#1383,#1379,#123,.T.);
#1753=EDGE_CURVE('',#1383,#1336,#705,.T.);
#1754=EDGE_CURVE('',#1384,#1383,#706,.T.);
#1755=EDGE_CURVE('',#1337,#1384,#707,.T.);
#1756=EDGE_CURVE('',#1385,#1386,#124,.T.);
#1757=EDGE_CURVE('',#1385,#1359,#708,.T.);
#1758=EDGE_CURVE('',#1358,#1386,#709,.T.);
#1759=EDGE_CURVE('',#1386,#1387,#710,.T.);
#1760=EDGE_CURVE('',#1387,#1357,#711,.T.);
#1761=EDGE_CURVE('',#1388,#1389,#125,.T.);
#1762=EDGE_CURVE('',#1388,#1371,#712,.T.);
#1763=EDGE_CURVE('',#1370,#1389,#713,.T.);
#1764=EDGE_CURVE('',#1390,#1388,#714,.T.);
#1765=EDGE_CURVE('',#1372,#1390,#715,.T.);
#1766=EDGE_CURVE('',#1391,#1392,#126,.T.);
#1767=EDGE_CURVE('',#1391,#1347,#716,.T.);
#1768=EDGE_CURVE('',#1346,#1392,#717,.T.);
#1769=EDGE_CURVE('',#1393,#1391,#718,.T.);
#1770=EDGE_CURVE('',#1348,#1393,#719,.T.);
#1771=EDGE_CURVE('',#1394,#1395,#127,.T.);
#1772=EDGE_CURVE('',#1394,#1369,#720,.T.);
#1773=EDGE_CURVE('',#1368,#1395,#721,.T.);
#1774=EDGE_CURVE('',#1389,#1394,#722,.T.);
#1775=EDGE_CURVE('',#1387,#1396,#128,.T.);
#1776=EDGE_CURVE('',#1356,#1396,#723,.T.);
#1777=EDGE_CURVE('',#1397,#1398,#129,.T.);
#1778=EDGE_CURVE('',#1397,#1351,#724,.T.);
#1779=EDGE_CURVE('',#1350,#1398,#725,.T.);
#1780=EDGE_CURVE('',#1398,#1399,#726,.T.);
#1781=EDGE_CURVE('',#1399,#1349,#727,.T.);
#1782=EDGE_CURVE('',#1330,#1390,#130,.T.);
#1783=EDGE_CURVE('',#1400,#1401,#131,.T.);
#1784=EDGE_CURVE('',#1400,#1367,#728,.T.);
#1785=EDGE_CURVE('',#1366,#1401,#729,.T.);
#1786=EDGE_CURVE('',#1401,#1375,#730,.T.);
#1787=EDGE_CURVE('',#1399,#1393,#132,.T.);
#1788=EDGE_CURVE('',#1402,#1403,#133,.T.);
#1789=EDGE_CURVE('',#1402,#1343,#731,.T.);
#1790=EDGE_CURVE('',#1342,#1403,#732,.T.);
#1791=EDGE_CURVE('',#1404,#1402,#733,.T.);
#1792=EDGE_CURVE('',#1344,#1404,#734,.T.);
#1793=EDGE_CURVE('',#1405,#1404,#134,.T.);
#1794=EDGE_CURVE('',#1405,#1345,#735,.T.);
#1795=EDGE_CURVE('',#1392,#1405,#736,.T.);
#1796=EDGE_CURVE('',#1406,#1407,#135,.T.);
#1797=EDGE_CURVE('',#1406,#1353,#737,.T.);
#1798=EDGE_CURVE('',#1352,#1407,#738,.T.);
#1799=EDGE_CURVE('',#1408,#1406,#739,.T.);
#1800=EDGE_CURVE('',#1354,#1408,#740,.T.);
#1801=EDGE_CURVE('',#1409,#1410,#136,.T.);
#1802=EDGE_CURVE('',#1409,#1361,#741,.T.);
#1803=EDGE_CURVE('',#1360,#1410,#742,.T.);
#1804=EDGE_CURVE('',#1382,#1409,#743,.T.);
#1805=EDGE_CURVE('',#1411,#1408,#137,.T.);
#1806=EDGE_CURVE('',#1411,#1355,#744,.T.);
#1807=EDGE_CURVE('',#1396,#1411,#745,.T.);
#1808=EDGE_CURVE('',#1381,#1384,#138,.T.);
#1809=EDGE_CURVE('',#1412,#1318,#746,.T.);
#1810=EDGE_CURVE('',#1340,#1412,#747,.T.);
#1811=EDGE_CURVE('',#1413,#1412,#139,.T.);
#1812=EDGE_CURVE('',#1413,#1341,#748,.T.);
#1813=EDGE_CURVE('',#1403,#1413,#749,.T.);
#1814=EDGE_CURVE('',#1374,#1326,#750,.T.);
#1815=EDGE_CURVE('',#1395,#1400,#751,.T.);
#1816=EDGE_CURVE('',#1410,#1385,#752,.T.);
#1817=EDGE_CURVE('',#1407,#1397,#753,.T.);
#1818=EDGE_CURVE('',#1414,#1415,#140,.T.);
#1819=EDGE_CURVE('',#1415,#1416,#754,.T.);
#1820=EDGE_CURVE('',#1416,#1417,#141,.T.);
#1821=EDGE_CURVE('',#1417,#1414,#755,.T.);
#1822=EDGE_CURVE('',#1418,#1419,#142,.T.);
#1823=EDGE_CURVE('',#1419,#1417,#143,.T.);
#1824=EDGE_CURVE('',#1416,#1418,#144,.T.);
#1825=EDGE_CURVE('',#1420,#1421,#16,.T.);
#1826=EDGE_CURVE('',#1421,#1419,#756,.T.);
#1827=EDGE_CURVE('',#1418,#1420,#757,.T.);
#1828=EDGE_CURVE('',#1420,#1422,#758,.F.);
#1829=EDGE_CURVE('',#1423,#1422,#17,.T.);
#1830=EDGE_CURVE('',#1423,#1424,#759,.T.);
#1831=EDGE_CURVE('',#1425,#1424,#18,.T.);
#1832=EDGE_CURVE('',#1426,#1425,#760,.T.);
#1833=EDGE_CURVE('',#1427,#1426,#19,.T.);
#1834=EDGE_CURVE('',#1427,#1421,#761,.T.);
#1835=EDGE_CURVE('',#1415,#1428,#762,.T.);
#1836=EDGE_CURVE('',#1428,#1429,#763,.T.);
#1837=EDGE_CURVE('',#1429,#1430,#764,.T.);
#1838=EDGE_CURVE('',#1430,#1431,#765,.T.);
#1839=EDGE_CURVE('',#1431,#1432,#766,.T.);
#1840=EDGE_CURVE('',#1433,#1432,#767,.T.);
#1841=EDGE_CURVE('',#1434,#1433,#145,.T.);
#1842=EDGE_CURVE('',#1422,#1434,#768,.T.);
#1843=EDGE_CURVE('',#1432,#1435,#20,.T.);
#1844=EDGE_CURVE('',#1435,#1436,#769,.T.);
#1845=EDGE_CURVE('',#1436,#1433,#146,.T.);
#1846=EDGE_CURVE('',#1437,#1434,#147,.T.);
#1847=EDGE_CURVE('',#1436,#1437,#148,.T.);
#1848=EDGE_CURVE('',#1437,#1423,#770,.T.);
#1849=EDGE_CURVE('',#1437,#1438,#771,.T.);
#1850=EDGE_CURVE('',#1438,#1439,#772,.T.);
#1851=EDGE_CURVE('',#1439,#1440,#773,.T.);
#1852=EDGE_CURVE('',#1440,#1441,#774,.T.);
#1853=EDGE_CURVE('',#1441,#1442,#775,.T.);
#1854=EDGE_CURVE('',#1424,#1442,#776,.T.);
#1855=EDGE_CURVE('',#1443,#1436,#777,.T.);
#1856=EDGE_CURVE('',#1442,#1443,#149,.T.);
#1857=EDGE_CURVE('',#1441,#1444,#21,.T.);
#1858=EDGE_CURVE('',#1445,#1444,#778,.T.);
#1859=EDGE_CURVE('',#1445,#1438,#22,.T.);
#1860=EDGE_CURVE('',#1435,#1446,#779,.T.);
#1861=EDGE_CURVE('',#1446,#1447,#780,.T.);
#1862=EDGE_CURVE('',#1448,#1447,#781,.T.);
#1863=EDGE_CURVE('',#1443,#1448,#782,.T.);
#1864=EDGE_CURVE('',#1449,#1431,#783,.T.);
#1865=EDGE_CURVE('',#1450,#1449,#784,.T.);
#1866=EDGE_CURVE('',#1451,#1450,#23,.T.);
#1867=EDGE_CURVE('',#1452,#1451,#785,.T.);
#1868=EDGE_CURVE('',#1446,#1452,#786,.T.);
#1869=EDGE_CURVE('',#1448,#1453,#24,.T.);
#1870=EDGE_CURVE('',#1453,#1454,#787,.T.);
#1871=EDGE_CURVE('',#1454,#1443,#150,.T.);
#1872=EDGE_CURVE('',#1455,#1442,#151,.T.);
#1873=EDGE_CURVE('',#1454,#1455,#152,.T.);
#1874=EDGE_CURVE('',#1455,#1425,#788,.T.);
#1875=EDGE_CURVE('',#1456,#1453,#789,.T.);
#1876=EDGE_CURVE('',#1457,#1456,#790,.T.);
#1877=EDGE_CURVE('',#1458,#1457,#153,.T.);
#1878=EDGE_CURVE('',#1426,#1458,#791,.T.);
#1879=EDGE_CURVE('',#1447,#1459,#792,.T.);
#1880=EDGE_CURVE('',#1460,#1459,#793,.T.);
#1881=EDGE_CURVE('',#1460,#1461,#794,.T.);
#1882=EDGE_CURVE('',#1461,#1462,#795,.T.);
#1883=EDGE_CURVE('',#1463,#1462,#25,.T.);
#1884=EDGE_CURVE('',#1463,#1464,#796,.T.);
#1885=EDGE_CURVE('',#1465,#1464,#26,.T.);
#1886=EDGE_CURVE('',#1466,#1465,#797,.T.);
#1887=EDGE_CURVE('',#1467,#1466,#798,.T.);
#1888=EDGE_CURVE('',#1467,#1468,#799,.T.);
#1889=EDGE_CURVE('',#1468,#1469,#800,.T.);
#1890=EDGE_CURVE('',#1470,#1469,#801,.T.);
#1891=EDGE_CURVE('',#1456,#1470,#27,.T.);
#1892=EDGE_CURVE('',#1470,#1471,#802,.T.);
#1893=EDGE_CURVE('',#1471,#1457,#154,.T.);
#1894=EDGE_CURVE('',#1472,#1458,#155,.T.);
#1895=EDGE_CURVE('',#1471,#1472,#156,.T.);
#1896=EDGE_CURVE('',#1472,#1427,#803,.T.);
#1897=EDGE_CURVE('',#1472,#1473,#804,.T.);
#1898=EDGE_CURVE('',#1473,#1474,#805,.T.);
#1899=EDGE_CURVE('',#1474,#1475,#806,.T.);
#1900=EDGE_CURVE('',#1475,#1476,#807,.T.);
#1901=EDGE_CURVE('',#1476,#1419,#808,.T.);
#1902=EDGE_CURVE('',#1476,#1477,#28,.T.);
#1903=EDGE_CURVE('',#1478,#1477,#809,.T.);
#1904=EDGE_CURVE('',#1478,#1473,#29,.T.);
#1905=EDGE_CURVE('',#1417,#1471,#810,.T.);
#1906=EDGE_CURVE('',#1469,#1479,#811,.T.);
#1907=EDGE_CURVE('',#1479,#1480,#812,.T.);
#1908=EDGE_CURVE('',#1480,#1481,#813,.T.);
#1909=EDGE_CURVE('',#1481,#1482,#814,.T.);
#1910=EDGE_CURVE('',#1482,#1483,#815,.T.);
#1911=EDGE_CURVE('',#1483,#1484,#816,.T.);
#1912=EDGE_CURVE('',#1484,#1485,#817,.T.);
#1913=EDGE_CURVE('',#1485,#1486,#818,.T.);
#1914=EDGE_CURVE('',#1486,#1487,#819,.T.);
#1915=EDGE_CURVE('',#1487,#1414,#820,.T.);
#1916=EDGE_CURVE('',#1488,#1489,#157,.T.);
#1917=EDGE_CURVE('',#1489,#1490,#821,.T.);
#1918=EDGE_CURVE('',#1490,#1491,#158,.T.);
#1919=EDGE_CURVE('',#1491,#1488,#822,.T.);
#1920=EDGE_CURVE('',#1492,#1493,#159,.T.);
#1921=EDGE_CURVE('',#1493,#1489,#160,.T.);
#1922=EDGE_CURVE('',#1488,#1492,#161,.T.);
#1923=EDGE_CURVE('',#1450,#1493,#823,.T.);
#1924=EDGE_CURVE('',#1492,#1451,#824,.T.);
#1925=EDGE_CURVE('',#1492,#1494,#825,.T.);
#1926=EDGE_CURVE('',#1494,#1495,#826,.T.);
#1927=EDGE_CURVE('',#1495,#1460,#827,.T.);
#1928=EDGE_CURVE('',#1459,#1452,#828,.T.);
#1929=EDGE_CURVE('',#1488,#1496,#829,.T.);
#1930=EDGE_CURVE('',#1496,#1497,#30,.T.);
#1931=EDGE_CURVE('',#1497,#1498,#830,.T.);
#1932=EDGE_CURVE('',#1498,#1499,#31,.T.);
#1933=EDGE_CURVE('',#1499,#1500,#831,.T.);
#1934=EDGE_CURVE('',#1501,#1500,#162,.T.);
#1935=EDGE_CURVE('',#1502,#1501,#832,.T.);
#1936=EDGE_CURVE('',#1502,#1503,#32,.T.);
#1937=EDGE_CURVE('',#1503,#1504,#833,.T.);
#1938=EDGE_CURVE('',#1504,#1494,#33,.T.);
#1939=EDGE_CURVE('',#1491,#1505,#834,.T.);
#1940=EDGE_CURVE('',#1505,#1506,#835,.T.);
#1941=EDGE_CURVE('',#1507,#1506,#836,.T.);
#1942=EDGE_CURVE('',#1507,#1508,#837,.T.);
#1943=EDGE_CURVE('',#1508,#1509,#838,.T.);
#1944=EDGE_CURVE('',#1509,#1510,#839,.T.);
#1945=EDGE_CURVE('',#1511,#1510,#840,.T.);
#1946=EDGE_CURVE('',#1511,#1512,#841,.T.);
#1947=EDGE_CURVE('',#1512,#1513,#842,.T.);
#1948=EDGE_CURVE('',#1513,#1468,#843,.T.);
#1949=EDGE_CURVE('',#1514,#1467,#844,.T.);
#1950=EDGE_CURVE('',#1514,#1496,#845,.T.);
#1951=EDGE_CURVE('',#1501,#1515,#163,.T.);
#1952=EDGE_CURVE('',#1515,#1463,#846,.T.);
#1953=EDGE_CURVE('',#1462,#1501,#847,.T.);
#1954=EDGE_CURVE('',#1500,#1516,#164,.T.);
#1955=EDGE_CURVE('',#1516,#1515,#165,.T.);
#1956=EDGE_CURVE('',#1464,#1516,#848,.T.);
#1957=EDGE_CURVE('',#1500,#1465,#849,.T.);
#1958=EDGE_CURVE('',#1499,#1517,#850,.T.);
#1959=EDGE_CURVE('',#1517,#1466,#851,.T.);
#1960=EDGE_CURVE('',#1518,#1461,#852,.T.);
#1961=EDGE_CURVE('',#1518,#1502,#853,.T.);
#1962=EDGE_CURVE('',#1444,#1519,#34,.F.);
#1963=EDGE_CURVE('',#1519,#1520,#854,.T.);
#1964=EDGE_CURVE('',#1520,#1445,#35,.F.);
#1965=EDGE_CURVE('',#1518,#1519,#855,.T.);
#1966=EDGE_CURVE('',#1518,#1495,#856,.T.);
#1967=EDGE_CURVE('',#1495,#1520,#857,.T.);
#1968=EDGE_CURVE('',#1477,#1521,#36,.F.);
#1969=EDGE_CURVE('',#1521,#1522,#858,.T.);
#1970=EDGE_CURVE('',#1522,#1478,#37,.F.);
#1971=EDGE_CURVE('',#1514,#1521,#859,.T.);
#1972=EDGE_CURVE('',#1514,#1517,#860,.T.);
#1973=EDGE_CURVE('',#1517,#1522,#861,.T.);
#1974=EDGE_CURVE('',#1449,#1523,#862,.T.);
#1975=EDGE_CURVE('',#1523,#1430,#863,.T.);
#1976=EDGE_CURVE('',#1498,#1474,#864,.T.);
#1977=EDGE_CURVE('',#1497,#1475,#865,.T.);
#1978=EDGE_CURVE('',#1503,#1440,#866,.T.);
#1979=EDGE_CURVE('',#1504,#1439,#867,.T.);
#1980=EDGE_CURVE('',#1429,#1524,#868,.T.);
#1981=EDGE_CURVE('',#1525,#1428,#869,.T.);
#1982=EDGE_CURVE('',#1524,#1525,#870,.T.);
#1983=EDGE_CURVE('',#1506,#1486,#871,.T.);
#1984=EDGE_CURVE('',#1487,#1505,#872,.T.);
#1985=EDGE_CURVE('',#1525,#1490,#873,.T.);
#1986=EDGE_CURVE('',#1484,#1508,#874,.T.);
#1987=EDGE_CURVE('',#1483,#1509,#875,.T.);
#1988=EDGE_CURVE('',#1510,#1482,#876,.T.);
#1989=EDGE_CURVE('',#1485,#1507,#877,.T.);
#1990=EDGE_CURVE('',#1480,#1512,#878,.T.);
#1991=EDGE_CURVE('',#1479,#1513,#879,.T.);
#1992=EDGE_CURVE('',#1481,#1511,#880,.T.);
#1993=EDGE_CURVE('',#1523,#1524,#881,.F.);
#1994=EDGE_CURVE('',#1495,#1526,#882,.F.);
#1995=EDGE_CURVE('',#1526,#1460,#883,.F.);
#1996=EDGE_CURVE('',#1514,#1527,#884,.F.);
#1997=EDGE_CURVE('',#1527,#1467,#885,.F.);
#1998=EDGE_CURVE('',#1528,#1461,#886,.F.);
#1999=EDGE_CURVE('',#1526,#1528,#887,.T.);
#2000=EDGE_CURVE('',#1518,#1528,#888,.F.);
#2001=EDGE_CURVE('',#1529,#1466,#889,.F.);
#2002=EDGE_CURVE('',#1529,#1527,#890,.T.);
#2003=EDGE_CURVE('',#1517,#1529,#891,.F.);
#2004=ORIENTED_EDGE('',*,*,#1530,.F.);
#2005=ORIENTED_EDGE('',*,*,#1531,.F.);
#2006=ORIENTED_EDGE('',*,*,#1532,.T.);
#2007=ORIENTED_EDGE('',*,*,#1533,.F.);
#2008=ORIENTED_EDGE('',*,*,#1534,.F.);
#2009=ORIENTED_EDGE('',*,*,#1535,.T.);
#2010=ORIENTED_EDGE('',*,*,#1536,.T.);
#2011=ORIENTED_EDGE('',*,*,#1531,.T.);
#2012=ORIENTED_EDGE('',*,*,#1537,.F.);
#2013=ORIENTED_EDGE('',*,*,#1538,.F.);
#2014=ORIENTED_EDGE('',*,*,#1539,.T.);
#2015=ORIENTED_EDGE('',*,*,#1535,.F.);
#2016=ORIENTED_EDGE('',*,*,#1540,.F.);
#2017=ORIENTED_EDGE('',*,*,#1541,.T.);
#2018=ORIENTED_EDGE('',*,*,#1542,.T.);
#2019=ORIENTED_EDGE('',*,*,#1538,.T.);
#2020=ORIENTED_EDGE('',*,*,#1543,.F.);
#2021=ORIENTED_EDGE('',*,*,#1544,.F.);
#2022=ORIENTED_EDGE('',*,*,#1545,.T.);
#2023=ORIENTED_EDGE('',*,*,#1541,.F.);
#2024=ORIENTED_EDGE('',*,*,#1546,.F.);
#2025=ORIENTED_EDGE('',*,*,#1547,.T.);
#2026=ORIENTED_EDGE('',*,*,#1548,.T.);
#2027=ORIENTED_EDGE('',*,*,#1544,.T.);
#2028=ORIENTED_EDGE('',*,*,#1549,.F.);
#2029=ORIENTED_EDGE('',*,*,#1550,.F.);
#2030=ORIENTED_EDGE('',*,*,#1551,.T.);
#2031=ORIENTED_EDGE('',*,*,#1547,.F.);
#2032=ORIENTED_EDGE('',*,*,#1552,.F.);
#2033=ORIENTED_EDGE('',*,*,#1553,.T.);
#2034=ORIENTED_EDGE('',*,*,#1554,.T.);
#2035=ORIENTED_EDGE('',*,*,#1550,.T.);
#2036=ORIENTED_EDGE('',*,*,#1555,.F.);
#2037=ORIENTED_EDGE('',*,*,#1556,.F.);
#2038=ORIENTED_EDGE('',*,*,#1557,.T.);
#2039=ORIENTED_EDGE('',*,*,#1553,.F.);
#2040=ORIENTED_EDGE('',*,*,#1558,.F.);
#2041=ORIENTED_EDGE('',*,*,#1559,.T.);
#2042=ORIENTED_EDGE('',*,*,#1560,.T.);
#2043=ORIENTED_EDGE('',*,*,#1556,.T.);
#2044=ORIENTED_EDGE('',*,*,#1561,.F.);
#2045=ORIENTED_EDGE('',*,*,#1562,.F.);
#2046=ORIENTED_EDGE('',*,*,#1563,.T.);
#2047=ORIENTED_EDGE('',*,*,#1559,.F.);
#2048=ORIENTED_EDGE('',*,*,#1564,.F.);
#2049=ORIENTED_EDGE('',*,*,#1565,.T.);
#2050=ORIENTED_EDGE('',*,*,#1566,.T.);
#2051=ORIENTED_EDGE('',*,*,#1562,.T.);
#2052=ORIENTED_EDGE('',*,*,#1567,.F.);
#2053=ORIENTED_EDGE('',*,*,#1568,.F.);
#2054=ORIENTED_EDGE('',*,*,#1569,.T.);
#2055=ORIENTED_EDGE('',*,*,#1565,.F.);
#2056=ORIENTED_EDGE('',*,*,#1570,.F.);
#2057=ORIENTED_EDGE('',*,*,#1571,.T.);
#2058=ORIENTED_EDGE('',*,*,#1572,.T.);
#2059=ORIENTED_EDGE('',*,*,#1568,.T.);
#2060=ORIENTED_EDGE('',*,*,#1573,.F.);
#2061=ORIENTED_EDGE('',*,*,#1574,.F.);
#2062=ORIENTED_EDGE('',*,*,#1575,.T.);
#2063=ORIENTED_EDGE('',*,*,#1571,.F.);
#2064=ORIENTED_EDGE('',*,*,#1576,.F.);
#2065=ORIENTED_EDGE('',*,*,#1577,.T.);
#2066=ORIENTED_EDGE('',*,*,#1578,.T.);
#2067=ORIENTED_EDGE('',*,*,#1574,.T.);
#2068=ORIENTED_EDGE('',*,*,#1579,.F.);
#2069=ORIENTED_EDGE('',*,*,#1580,.F.);
#2070=ORIENTED_EDGE('',*,*,#1581,.T.);
#2071=ORIENTED_EDGE('',*,*,#1577,.F.);
#2072=ORIENTED_EDGE('',*,*,#1582,.F.);
#2073=ORIENTED_EDGE('',*,*,#1583,.T.);
#2074=ORIENTED_EDGE('',*,*,#1584,.T.);
#2075=ORIENTED_EDGE('',*,*,#1580,.T.);
#2076=ORIENTED_EDGE('',*,*,#1585,.F.);
#2077=ORIENTED_EDGE('',*,*,#1586,.F.);
#2078=ORIENTED_EDGE('',*,*,#1587,.T.);
#2079=ORIENTED_EDGE('',*,*,#1583,.F.);
#2080=ORIENTED_EDGE('',*,*,#1588,.F.);
#2081=ORIENTED_EDGE('',*,*,#1589,.T.);
#2082=ORIENTED_EDGE('',*,*,#1590,.T.);
#2083=ORIENTED_EDGE('',*,*,#1586,.T.);
#2084=ORIENTED_EDGE('',*,*,#1591,.F.);
#2085=ORIENTED_EDGE('',*,*,#1592,.F.);
#2086=ORIENTED_EDGE('',*,*,#1593,.T.);
#2087=ORIENTED_EDGE('',*,*,#1589,.F.);
#2088=ORIENTED_EDGE('',*,*,#1594,.F.);
#2089=ORIENTED_EDGE('',*,*,#1595,.T.);
#2090=ORIENTED_EDGE('',*,*,#1596,.T.);
#2091=ORIENTED_EDGE('',*,*,#1592,.T.);
#2092=ORIENTED_EDGE('',*,*,#1597,.F.);
#2093=ORIENTED_EDGE('',*,*,#1598,.F.);
#2094=ORIENTED_EDGE('',*,*,#1599,.T.);
#2095=ORIENTED_EDGE('',*,*,#1595,.F.);
#2096=ORIENTED_EDGE('',*,*,#1600,.F.);
#2097=ORIENTED_EDGE('',*,*,#1601,.T.);
#2098=ORIENTED_EDGE('',*,*,#1602,.T.);
#2099=ORIENTED_EDGE('',*,*,#1598,.T.);
#2100=ORIENTED_EDGE('',*,*,#1603,.F.);
#2101=ORIENTED_EDGE('',*,*,#1604,.F.);
#2102=ORIENTED_EDGE('',*,*,#1605,.T.);
#2103=ORIENTED_EDGE('',*,*,#1601,.F.);
#2104=ORIENTED_EDGE('',*,*,#1606,.F.);
#2105=ORIENTED_EDGE('',*,*,#1607,.T.);
#2106=ORIENTED_EDGE('',*,*,#1608,.T.);
#2107=ORIENTED_EDGE('',*,*,#1604,.T.);
#2108=ORIENTED_EDGE('',*,*,#1609,.F.);
#2109=ORIENTED_EDGE('',*,*,#1610,.F.);
#2110=ORIENTED_EDGE('',*,*,#1611,.T.);
#2111=ORIENTED_EDGE('',*,*,#1607,.F.);
#2112=ORIENTED_EDGE('',*,*,#1612,.F.);
#2113=ORIENTED_EDGE('',*,*,#1613,.T.);
#2114=ORIENTED_EDGE('',*,*,#1614,.T.);
#2115=ORIENTED_EDGE('',*,*,#1610,.T.);
#2116=ORIENTED_EDGE('',*,*,#1615,.F.);
#2117=ORIENTED_EDGE('',*,*,#1616,.F.);
#2118=ORIENTED_EDGE('',*,*,#1617,.T.);
#2119=ORIENTED_EDGE('',*,*,#1613,.F.);
#2120=ORIENTED_EDGE('',*,*,#1618,.F.);
#2121=ORIENTED_EDGE('',*,*,#1619,.T.);
#2122=ORIENTED_EDGE('',*,*,#1620,.T.);
#2123=ORIENTED_EDGE('',*,*,#1616,.T.);
#2124=ORIENTED_EDGE('',*,*,#1621,.F.);
#2125=ORIENTED_EDGE('',*,*,#1622,.F.);
#2126=ORIENTED_EDGE('',*,*,#1623,.T.);
#2127=ORIENTED_EDGE('',*,*,#1619,.F.);
#2128=ORIENTED_EDGE('',*,*,#1624,.F.);
#2129=ORIENTED_EDGE('',*,*,#1625,.T.);
#2130=ORIENTED_EDGE('',*,*,#1626,.T.);
#2131=ORIENTED_EDGE('',*,*,#1622,.T.);
#2132=ORIENTED_EDGE('',*,*,#1627,.F.);
#2133=ORIENTED_EDGE('',*,*,#1628,.F.);
#2134=ORIENTED_EDGE('',*,*,#1629,.T.);
#2135=ORIENTED_EDGE('',*,*,#1625,.F.);
#2136=ORIENTED_EDGE('',*,*,#1630,.F.);
#2137=ORIENTED_EDGE('',*,*,#1631,.T.);
#2138=ORIENTED_EDGE('',*,*,#1632,.T.);
#2139=ORIENTED_EDGE('',*,*,#1628,.T.);
#2140=ORIENTED_EDGE('',*,*,#1633,.F.);
#2141=ORIENTED_EDGE('',*,*,#1634,.F.);
#2142=ORIENTED_EDGE('',*,*,#1635,.T.);
#2143=ORIENTED_EDGE('',*,*,#1631,.F.);
#2144=ORIENTED_EDGE('',*,*,#1636,.F.);
#2145=ORIENTED_EDGE('',*,*,#1637,.T.);
#2146=ORIENTED_EDGE('',*,*,#1638,.T.);
#2147=ORIENTED_EDGE('',*,*,#1634,.T.);
#2148=ORIENTED_EDGE('',*,*,#1639,.F.);
#2149=ORIENTED_EDGE('',*,*,#1640,.F.);
#2150=ORIENTED_EDGE('',*,*,#1641,.T.);
#2151=ORIENTED_EDGE('',*,*,#1637,.F.);
#2152=ORIENTED_EDGE('',*,*,#1642,.F.);
#2153=ORIENTED_EDGE('',*,*,#1643,.T.);
#2154=ORIENTED_EDGE('',*,*,#1644,.T.);
#2155=ORIENTED_EDGE('',*,*,#1640,.T.);
#2156=ORIENTED_EDGE('',*,*,#1645,.F.);
#2157=ORIENTED_EDGE('',*,*,#1646,.F.);
#2158=ORIENTED_EDGE('',*,*,#1647,.T.);
#2159=ORIENTED_EDGE('',*,*,#1643,.F.);
#2160=ORIENTED_EDGE('',*,*,#1648,.F.);
#2161=ORIENTED_EDGE('',*,*,#1649,.T.);
#2162=ORIENTED_EDGE('',*,*,#1650,.T.);
#2163=ORIENTED_EDGE('',*,*,#1646,.T.);
#2164=ORIENTED_EDGE('',*,*,#1651,.F.);
#2165=ORIENTED_EDGE('',*,*,#1652,.F.);
#2166=ORIENTED_EDGE('',*,*,#1653,.T.);
#2167=ORIENTED_EDGE('',*,*,#1649,.F.);
#2168=ORIENTED_EDGE('',*,*,#1654,.F.);
#2169=ORIENTED_EDGE('',*,*,#1655,.T.);
#2170=ORIENTED_EDGE('',*,*,#1656,.T.);
#2171=ORIENTED_EDGE('',*,*,#1652,.T.);
#2172=ORIENTED_EDGE('',*,*,#1657,.F.);
#2173=ORIENTED_EDGE('',*,*,#1658,.F.);
#2174=ORIENTED_EDGE('',*,*,#1659,.T.);
#2175=ORIENTED_EDGE('',*,*,#1655,.F.);
#2176=ORIENTED_EDGE('',*,*,#1660,.F.);
#2177=ORIENTED_EDGE('',*,*,#1661,.T.);
#2178=ORIENTED_EDGE('',*,*,#1662,.T.);
#2179=ORIENTED_EDGE('',*,*,#1658,.T.);
#2180=ORIENTED_EDGE('',*,*,#1663,.F.);
#2181=ORIENTED_EDGE('',*,*,#1664,.F.);
#2182=ORIENTED_EDGE('',*,*,#1665,.T.);
#2183=ORIENTED_EDGE('',*,*,#1661,.F.);
#2184=ORIENTED_EDGE('',*,*,#1666,.F.);
#2185=ORIENTED_EDGE('',*,*,#1667,.T.);
#2186=ORIENTED_EDGE('',*,*,#1668,.T.);
#2187=ORIENTED_EDGE('',*,*,#1664,.T.);
#2188=ORIENTED_EDGE('',*,*,#1669,.F.);
#2189=ORIENTED_EDGE('',*,*,#1670,.F.);
#2190=ORIENTED_EDGE('',*,*,#1671,.T.);
#2191=ORIENTED_EDGE('',*,*,#1667,.F.);
#2192=ORIENTED_EDGE('',*,*,#1672,.F.);
#2193=ORIENTED_EDGE('',*,*,#1673,.T.);
#2194=ORIENTED_EDGE('',*,*,#1674,.T.);
#2195=ORIENTED_EDGE('',*,*,#1670,.T.);
#2196=ORIENTED_EDGE('',*,*,#1675,.F.);
#2197=ORIENTED_EDGE('',*,*,#1676,.T.);
#2198=ORIENTED_EDGE('',*,*,#1677,.T.);
#2199=ORIENTED_EDGE('',*,*,#1678,.T.);
#2200=ORIENTED_EDGE('',*,*,#1679,.F.);
#2201=ORIENTED_EDGE('',*,*,#1680,.F.);
#2202=ORIENTED_EDGE('',*,*,#1681,.F.);
#2203=ORIENTED_EDGE('',*,*,#1676,.F.);
#2204=ORIENTED_EDGE('',*,*,#1682,.F.);
#2205=ORIENTED_EDGE('',*,*,#1683,.T.);
#2206=ORIENTED_EDGE('',*,*,#1684,.T.);
#2207=ORIENTED_EDGE('',*,*,#1685,.T.);
#2208=ORIENTED_EDGE('',*,*,#1686,.F.);
#2209=ORIENTED_EDGE('',*,*,#1685,.F.);
#2210=ORIENTED_EDGE('',*,*,#1687,.F.);
#2211=ORIENTED_EDGE('',*,*,#1688,.F.);
#2212=ORIENTED_EDGE('',*,*,#1684,.F.);
#2213=ORIENTED_EDGE('',*,*,#1689,.T.);
#2214=ORIENTED_EDGE('',*,*,#1690,.F.);
#2215=ORIENTED_EDGE('',*,*,#1691,.T.);
#2216=ORIENTED_EDGE('',*,*,#1677,.F.);
#2217=ORIENTED_EDGE('',*,*,#1681,.T.);
#2218=ORIENTED_EDGE('',*,*,#1692,.F.);
#2219=ORIENTED_EDGE('',*,*,#1693,.T.);
#2220=ORIENTED_EDGE('',*,*,#1694,.F.);
#2221=ORIENTED_EDGE('',*,*,#1695,.T.);
#2222=ORIENTED_EDGE('',*,*,#1696,.F.);
#2223=ORIENTED_EDGE('',*,*,#1697,.T.);
#2224=ORIENTED_EDGE('',*,*,#1698,.F.);
#2225=ORIENTED_EDGE('',*,*,#1532,.F.);
#2226=ORIENTED_EDGE('',*,*,#1536,.F.);
#2227=ORIENTED_EDGE('',*,*,#1539,.F.);
#2228=ORIENTED_EDGE('',*,*,#1542,.F.);
#2229=ORIENTED_EDGE('',*,*,#1545,.F.);
#2230=ORIENTED_EDGE('',*,*,#1548,.F.);
#2231=ORIENTED_EDGE('',*,*,#1551,.F.);
#2232=ORIENTED_EDGE('',*,*,#1554,.F.);
#2233=ORIENTED_EDGE('',*,*,#1557,.F.);
#2234=ORIENTED_EDGE('',*,*,#1560,.F.);
#2235=ORIENTED_EDGE('',*,*,#1563,.F.);
#2236=ORIENTED_EDGE('',*,*,#1566,.F.);
#2237=ORIENTED_EDGE('',*,*,#1569,.F.);
#2238=ORIENTED_EDGE('',*,*,#1572,.F.);
#2239=ORIENTED_EDGE('',*,*,#1575,.F.);
#2240=ORIENTED_EDGE('',*,*,#1578,.F.);
#2241=ORIENTED_EDGE('',*,*,#1581,.F.);
#2242=ORIENTED_EDGE('',*,*,#1584,.F.);
#2243=ORIENTED_EDGE('',*,*,#1587,.F.);
#2244=ORIENTED_EDGE('',*,*,#1590,.F.);
#2245=ORIENTED_EDGE('',*,*,#1593,.F.);
#2246=ORIENTED_EDGE('',*,*,#1596,.F.);
#2247=ORIENTED_EDGE('',*,*,#1599,.F.);
#2248=ORIENTED_EDGE('',*,*,#1602,.F.);
#2249=ORIENTED_EDGE('',*,*,#1605,.F.);
#2250=ORIENTED_EDGE('',*,*,#1608,.F.);
#2251=ORIENTED_EDGE('',*,*,#1611,.F.);
#2252=ORIENTED_EDGE('',*,*,#1614,.F.);
#2253=ORIENTED_EDGE('',*,*,#1617,.F.);
#2254=ORIENTED_EDGE('',*,*,#1620,.F.);
#2255=ORIENTED_EDGE('',*,*,#1623,.F.);
#2256=ORIENTED_EDGE('',*,*,#1626,.F.);
#2257=ORIENTED_EDGE('',*,*,#1629,.F.);
#2258=ORIENTED_EDGE('',*,*,#1632,.F.);
#2259=ORIENTED_EDGE('',*,*,#1635,.F.);
#2260=ORIENTED_EDGE('',*,*,#1638,.F.);
#2261=ORIENTED_EDGE('',*,*,#1641,.F.);
#2262=ORIENTED_EDGE('',*,*,#1644,.F.);
#2263=ORIENTED_EDGE('',*,*,#1647,.F.);
#2264=ORIENTED_EDGE('',*,*,#1650,.F.);
#2265=ORIENTED_EDGE('',*,*,#1653,.F.);
#2266=ORIENTED_EDGE('',*,*,#1656,.F.);
#2267=ORIENTED_EDGE('',*,*,#1659,.F.);
#2268=ORIENTED_EDGE('',*,*,#1662,.F.);
#2269=ORIENTED_EDGE('',*,*,#1665,.F.);
#2270=ORIENTED_EDGE('',*,*,#1668,.F.);
#2271=ORIENTED_EDGE('',*,*,#1671,.F.);
#2272=ORIENTED_EDGE('',*,*,#1674,.F.);
#2273=ORIENTED_EDGE('',*,*,#1699,.T.);
#2274=ORIENTED_EDGE('',*,*,#1700,.F.);
#2275=ORIENTED_EDGE('',*,*,#1701,.T.);
#2276=ORIENTED_EDGE('',*,*,#1702,.F.);
#2277=ORIENTED_EDGE('',*,*,#1703,.T.);
#2278=ORIENTED_EDGE('',*,*,#1704,.F.);
#2279=ORIENTED_EDGE('',*,*,#1705,.T.);
#2280=ORIENTED_EDGE('',*,*,#1706,.F.);
#2281=ORIENTED_EDGE('',*,*,#1707,.T.);
#2282=ORIENTED_EDGE('',*,*,#1708,.F.);
#2283=ORIENTED_EDGE('',*,*,#1709,.T.);
#2284=ORIENTED_EDGE('',*,*,#1710,.F.);
#2285=ORIENTED_EDGE('',*,*,#1711,.T.);
#2286=ORIENTED_EDGE('',*,*,#1712,.F.);
#2287=ORIENTED_EDGE('',*,*,#1713,.T.);
#2288=ORIENTED_EDGE('',*,*,#1714,.F.);
#2289=ORIENTED_EDGE('',*,*,#1715,.T.);
#2290=ORIENTED_EDGE('',*,*,#1716,.F.);
#2291=ORIENTED_EDGE('',*,*,#1717,.T.);
#2292=ORIENTED_EDGE('',*,*,#1718,.F.);
#2293=ORIENTED_EDGE('',*,*,#1719,.T.);
#2294=ORIENTED_EDGE('',*,*,#1720,.F.);
#2295=ORIENTED_EDGE('',*,*,#1721,.T.);
#2296=ORIENTED_EDGE('',*,*,#1722,.F.);
#2297=ORIENTED_EDGE('',*,*,#1723,.T.);
#2298=ORIENTED_EDGE('',*,*,#1724,.F.);
#2299=ORIENTED_EDGE('',*,*,#1725,.T.);
#2300=ORIENTED_EDGE('',*,*,#1726,.F.);
#2301=ORIENTED_EDGE('',*,*,#1727,.T.);
#2302=ORIENTED_EDGE('',*,*,#1728,.F.);
#2303=ORIENTED_EDGE('',*,*,#1729,.T.);
#2304=ORIENTED_EDGE('',*,*,#1730,.F.);
#2305=ORIENTED_EDGE('',*,*,#1731,.T.);
#2306=ORIENTED_EDGE('',*,*,#1732,.F.);
#2307=ORIENTED_EDGE('',*,*,#1687,.T.);
#2308=ORIENTED_EDGE('',*,*,#1733,.F.);
#2309=ORIENTED_EDGE('',*,*,#1734,.T.);
#2310=ORIENTED_EDGE('',*,*,#1690,.T.);
#2311=ORIENTED_EDGE('',*,*,#1735,.T.);
#2312=ORIENTED_EDGE('',*,*,#1736,.F.);
#2313=ORIENTED_EDGE('',*,*,#1678,.F.);
#2314=ORIENTED_EDGE('',*,*,#1691,.F.);
#2315=ORIENTED_EDGE('',*,*,#1734,.F.);
#2316=ORIENTED_EDGE('',*,*,#1737,.F.);
#2317=ORIENTED_EDGE('',*,*,#1738,.T.);
#2318=ORIENTED_EDGE('',*,*,#1724,.T.);
#2319=ORIENTED_EDGE('',*,*,#1739,.T.);
#2320=ORIENTED_EDGE('',*,*,#1740,.F.);
#2321=ORIENTED_EDGE('',*,*,#1739,.F.);
#2322=ORIENTED_EDGE('',*,*,#1723,.F.);
#2323=ORIENTED_EDGE('',*,*,#1741,.F.);
#2324=ORIENTED_EDGE('',*,*,#1742,.F.);
#2325=ORIENTED_EDGE('',*,*,#1743,.T.);
#2326=ORIENTED_EDGE('',*,*,#1692,.T.);
#2327=ORIENTED_EDGE('',*,*,#1680,.T.);
#2328=ORIENTED_EDGE('',*,*,#1744,.F.);
#2329=ORIENTED_EDGE('',*,*,#1745,.F.);
#2330=ORIENTED_EDGE('',*,*,#1693,.F.);
#2331=ORIENTED_EDGE('',*,*,#1743,.F.);
#2332=ORIENTED_EDGE('',*,*,#1746,.F.);
#2333=ORIENTED_EDGE('',*,*,#1533,.T.);
#2334=ORIENTED_EDGE('',*,*,#1698,.T.);
#2335=ORIENTED_EDGE('',*,*,#1747,.T.);
#2336=ORIENTED_EDGE('',*,*,#1748,.F.);
#2337=ORIENTED_EDGE('',*,*,#1747,.F.);
#2338=ORIENTED_EDGE('',*,*,#1697,.F.);
#2339=ORIENTED_EDGE('',*,*,#1749,.F.);
#2340=ORIENTED_EDGE('',*,*,#1750,.F.);
#2341=ORIENTED_EDGE('',*,*,#1741,.T.);
#2342=ORIENTED_EDGE('',*,*,#1722,.T.);
#2343=ORIENTED_EDGE('',*,*,#1751,.T.);
#2344=ORIENTED_EDGE('',*,*,#1752,.F.);
#2345=ORIENTED_EDGE('',*,*,#1753,.T.);
#2346=ORIENTED_EDGE('',*,*,#1694,.T.);
#2347=ORIENTED_EDGE('',*,*,#1745,.T.);
#2348=ORIENTED_EDGE('',*,*,#1754,.F.);
#2349=ORIENTED_EDGE('',*,*,#1755,.F.);
#2350=ORIENTED_EDGE('',*,*,#1695,.F.);
#2351=ORIENTED_EDGE('',*,*,#1753,.F.);
#2352=ORIENTED_EDGE('',*,*,#1756,.F.);
#2353=ORIENTED_EDGE('',*,*,#1757,.T.);
#2354=ORIENTED_EDGE('',*,*,#1718,.T.);
#2355=ORIENTED_EDGE('',*,*,#1758,.T.);
#2356=ORIENTED_EDGE('',*,*,#1759,.F.);
#2357=ORIENTED_EDGE('',*,*,#1758,.F.);
#2358=ORIENTED_EDGE('',*,*,#1717,.F.);
#2359=ORIENTED_EDGE('',*,*,#1760,.F.);
#2360=ORIENTED_EDGE('',*,*,#1761,.F.);
#2361=ORIENTED_EDGE('',*,*,#1762,.T.);
#2362=ORIENTED_EDGE('',*,*,#1730,.T.);
#2363=ORIENTED_EDGE('',*,*,#1763,.T.);
#2364=ORIENTED_EDGE('',*,*,#1764,.F.);
#2365=ORIENTED_EDGE('',*,*,#1765,.F.);
#2366=ORIENTED_EDGE('',*,*,#1731,.F.);
#2367=ORIENTED_EDGE('',*,*,#1762,.F.);
#2368=ORIENTED_EDGE('',*,*,#1766,.F.);
#2369=ORIENTED_EDGE('',*,*,#1767,.T.);
#2370=ORIENTED_EDGE('',*,*,#1706,.T.);
#2371=ORIENTED_EDGE('',*,*,#1768,.T.);
#2372=ORIENTED_EDGE('',*,*,#1769,.F.);
#2373=ORIENTED_EDGE('',*,*,#1770,.F.);
#2374=ORIENTED_EDGE('',*,*,#1707,.F.);
#2375=ORIENTED_EDGE('',*,*,#1767,.F.);
#2376=ORIENTED_EDGE('',*,*,#1771,.F.);
#2377=ORIENTED_EDGE('',*,*,#1772,.T.);
#2378=ORIENTED_EDGE('',*,*,#1728,.T.);
#2379=ORIENTED_EDGE('',*,*,#1773,.T.);
#2380=ORIENTED_EDGE('',*,*,#1774,.F.);
#2381=ORIENTED_EDGE('',*,*,#1763,.F.);
#2382=ORIENTED_EDGE('',*,*,#1729,.F.);
#2383=ORIENTED_EDGE('',*,*,#1772,.F.);
#2384=ORIENTED_EDGE('',*,*,#1775,.F.);
#2385=ORIENTED_EDGE('',*,*,#1760,.T.);
#2386=ORIENTED_EDGE('',*,*,#1716,.T.);
#2387=ORIENTED_EDGE('',*,*,#1776,.T.);
#2388=ORIENTED_EDGE('',*,*,#1777,.F.);
#2389=ORIENTED_EDGE('',*,*,#1778,.T.);
#2390=ORIENTED_EDGE('',*,*,#1710,.T.);
#2391=ORIENTED_EDGE('',*,*,#1779,.T.);
#2392=ORIENTED_EDGE('',*,*,#1780,.F.);
#2393=ORIENTED_EDGE('',*,*,#1779,.F.);
#2394=ORIENTED_EDGE('',*,*,#1709,.F.);
#2395=ORIENTED_EDGE('',*,*,#1781,.F.);
#2396=ORIENTED_EDGE('',*,*,#1782,.F.);
#2397=ORIENTED_EDGE('',*,*,#1688,.T.);
#2398=ORIENTED_EDGE('',*,*,#1732,.T.);
#2399=ORIENTED_EDGE('',*,*,#1765,.T.);
#2400=ORIENTED_EDGE('',*,*,#1783,.F.);
#2401=ORIENTED_EDGE('',*,*,#1784,.T.);
#2402=ORIENTED_EDGE('',*,*,#1726,.T.);
#2403=ORIENTED_EDGE('',*,*,#1785,.T.);
#2404=ORIENTED_EDGE('',*,*,#1786,.F.);
#2405=ORIENTED_EDGE('',*,*,#1785,.F.);
#2406=ORIENTED_EDGE('',*,*,#1725,.F.);
#2407=ORIENTED_EDGE('',*,*,#1738,.F.);
#2408=ORIENTED_EDGE('',*,*,#1787,.F.);
#2409=ORIENTED_EDGE('',*,*,#1781,.T.);
#2410=ORIENTED_EDGE('',*,*,#1708,.T.);
#2411=ORIENTED_EDGE('',*,*,#1770,.T.);
#2412=ORIENTED_EDGE('',*,*,#1788,.F.);
#2413=ORIENTED_EDGE('',*,*,#1789,.T.);
#2414=ORIENTED_EDGE('',*,*,#1702,.T.);
#2415=ORIENTED_EDGE('',*,*,#1790,.T.);
#2416=ORIENTED_EDGE('',*,*,#1791,.F.);
#2417=ORIENTED_EDGE('',*,*,#1792,.F.);
#2418=ORIENTED_EDGE('',*,*,#1703,.F.);
#2419=ORIENTED_EDGE('',*,*,#1789,.F.);
#2420=ORIENTED_EDGE('',*,*,#1793,.F.);
#2421=ORIENTED_EDGE('',*,*,#1794,.T.);
#2422=ORIENTED_EDGE('',*,*,#1704,.T.);
#2423=ORIENTED_EDGE('',*,*,#1792,.T.);
#2424=ORIENTED_EDGE('',*,*,#1795,.F.);
#2425=ORIENTED_EDGE('',*,*,#1768,.F.);
#2426=ORIENTED_EDGE('',*,*,#1705,.F.);
#2427=ORIENTED_EDGE('',*,*,#1794,.F.);
#2428=ORIENTED_EDGE('',*,*,#1796,.F.);
#2429=ORIENTED_EDGE('',*,*,#1797,.T.);
#2430=ORIENTED_EDGE('',*,*,#1712,.T.);
#2431=ORIENTED_EDGE('',*,*,#1798,.T.);
#2432=ORIENTED_EDGE('',*,*,#1799,.F.);
#2433=ORIENTED_EDGE('',*,*,#1800,.F.);
#2434=ORIENTED_EDGE('',*,*,#1713,.F.);
#2435=ORIENTED_EDGE('',*,*,#1797,.F.);
#2436=ORIENTED_EDGE('',*,*,#1801,.F.);
#2437=ORIENTED_EDGE('',*,*,#1802,.T.);
#2438=ORIENTED_EDGE('',*,*,#1720,.T.);
#2439=ORIENTED_EDGE('',*,*,#1803,.T.);
#2440=ORIENTED_EDGE('',*,*,#1804,.F.);
#2441=ORIENTED_EDGE('',*,*,#1751,.F.);
#2442=ORIENTED_EDGE('',*,*,#1721,.F.);
#2443=ORIENTED_EDGE('',*,*,#1802,.F.);
#2444=ORIENTED_EDGE('',*,*,#1805,.F.);
#2445=ORIENTED_EDGE('',*,*,#1806,.T.);
#2446=ORIENTED_EDGE('',*,*,#1714,.T.);
#2447=ORIENTED_EDGE('',*,*,#1800,.T.);
#2448=ORIENTED_EDGE('',*,*,#1807,.F.);
#2449=ORIENTED_EDGE('',*,*,#1776,.F.);
#2450=ORIENTED_EDGE('',*,*,#1715,.F.);
#2451=ORIENTED_EDGE('',*,*,#1806,.F.);
#2452=ORIENTED_EDGE('',*,*,#1808,.F.);
#2453=ORIENTED_EDGE('',*,*,#1749,.T.);
#2454=ORIENTED_EDGE('',*,*,#1696,.T.);
#2455=ORIENTED_EDGE('',*,*,#1755,.T.);
#2456=ORIENTED_EDGE('',*,*,#1809,.F.);
#2457=ORIENTED_EDGE('',*,*,#1810,.F.);
#2458=ORIENTED_EDGE('',*,*,#1699,.F.);
#2459=ORIENTED_EDGE('',*,*,#1673,.F.);
#2460=ORIENTED_EDGE('',*,*,#1811,.F.);
#2461=ORIENTED_EDGE('',*,*,#1812,.T.);
#2462=ORIENTED_EDGE('',*,*,#1700,.T.);
#2463=ORIENTED_EDGE('',*,*,#1810,.T.);
#2464=ORIENTED_EDGE('',*,*,#1813,.F.);
#2465=ORIENTED_EDGE('',*,*,#1790,.F.);
#2466=ORIENTED_EDGE('',*,*,#1701,.F.);
#2467=ORIENTED_EDGE('',*,*,#1812,.F.);
#2468=ORIENTED_EDGE('',*,*,#1814,.F.);
#2469=ORIENTED_EDGE('',*,*,#1735,.F.);
#2470=ORIENTED_EDGE('',*,*,#1689,.F.);
#2471=ORIENTED_EDGE('',*,*,#1683,.F.);
#2472=ORIENTED_EDGE('',*,*,#1815,.F.);
#2473=ORIENTED_EDGE('',*,*,#1773,.F.);
#2474=ORIENTED_EDGE('',*,*,#1727,.F.);
#2475=ORIENTED_EDGE('',*,*,#1784,.F.);
#2476=ORIENTED_EDGE('',*,*,#1816,.F.);
#2477=ORIENTED_EDGE('',*,*,#1803,.F.);
#2478=ORIENTED_EDGE('',*,*,#1719,.F.);
#2479=ORIENTED_EDGE('',*,*,#1757,.F.);
#2480=ORIENTED_EDGE('',*,*,#1817,.F.);
#2481=ORIENTED_EDGE('',*,*,#1798,.F.);
#2482=ORIENTED_EDGE('',*,*,#1711,.F.);
#2483=ORIENTED_EDGE('',*,*,#1778,.F.);
#2484=ORIENTED_EDGE('',*,*,#1818,.T.);
#2485=ORIENTED_EDGE('',*,*,#1819,.T.);
#2486=ORIENTED_EDGE('',*,*,#1820,.T.);
#2487=ORIENTED_EDGE('',*,*,#1821,.T.);
#2488=ORIENTED_EDGE('',*,*,#1822,.T.);
#2489=ORIENTED_EDGE('',*,*,#1823,.T.);
#2490=ORIENTED_EDGE('',*,*,#1820,.F.);
#2491=ORIENTED_EDGE('',*,*,#1824,.T.);
#2492=ORIENTED_EDGE('',*,*,#1825,.T.);
#2493=ORIENTED_EDGE('',*,*,#1826,.T.);
#2494=ORIENTED_EDGE('',*,*,#1822,.F.);
#2495=ORIENTED_EDGE('',*,*,#1827,.T.);
#2496=ORIENTED_EDGE('',*,*,#1825,.F.);
#2497=ORIENTED_EDGE('',*,*,#1828,.T.);
#2498=ORIENTED_EDGE('',*,*,#1829,.F.);
#2499=ORIENTED_EDGE('',*,*,#1830,.T.);
#2500=ORIENTED_EDGE('',*,*,#1831,.F.);
#2501=ORIENTED_EDGE('',*,*,#1832,.F.);
#2502=ORIENTED_EDGE('',*,*,#1833,.F.);
#2503=ORIENTED_EDGE('',*,*,#1834,.T.);
#2504=ORIENTED_EDGE('',*,*,#1672,.T.);
#2505=ORIENTED_EDGE('',*,*,#1669,.T.);
#2506=ORIENTED_EDGE('',*,*,#1666,.T.);
#2507=ORIENTED_EDGE('',*,*,#1663,.T.);
#2508=ORIENTED_EDGE('',*,*,#1660,.T.);
#2509=ORIENTED_EDGE('',*,*,#1657,.T.);
#2510=ORIENTED_EDGE('',*,*,#1654,.T.);
#2511=ORIENTED_EDGE('',*,*,#1651,.T.);
#2512=ORIENTED_EDGE('',*,*,#1648,.T.);
#2513=ORIENTED_EDGE('',*,*,#1645,.T.);
#2514=ORIENTED_EDGE('',*,*,#1642,.T.);
#2515=ORIENTED_EDGE('',*,*,#1639,.T.);
#2516=ORIENTED_EDGE('',*,*,#1636,.T.);
#2517=ORIENTED_EDGE('',*,*,#1633,.T.);
#2518=ORIENTED_EDGE('',*,*,#1630,.T.);
#2519=ORIENTED_EDGE('',*,*,#1627,.T.);
#2520=ORIENTED_EDGE('',*,*,#1624,.T.);
#2521=ORIENTED_EDGE('',*,*,#1621,.T.);
#2522=ORIENTED_EDGE('',*,*,#1618,.T.);
#2523=ORIENTED_EDGE('',*,*,#1615,.T.);
#2524=ORIENTED_EDGE('',*,*,#1612,.T.);
#2525=ORIENTED_EDGE('',*,*,#1609,.T.);
#2526=ORIENTED_EDGE('',*,*,#1606,.T.);
#2527=ORIENTED_EDGE('',*,*,#1603,.T.);
#2528=ORIENTED_EDGE('',*,*,#1600,.T.);
#2529=ORIENTED_EDGE('',*,*,#1597,.T.);
#2530=ORIENTED_EDGE('',*,*,#1594,.T.);
#2531=ORIENTED_EDGE('',*,*,#1591,.T.);
#2532=ORIENTED_EDGE('',*,*,#1588,.T.);
#2533=ORIENTED_EDGE('',*,*,#1585,.T.);
#2534=ORIENTED_EDGE('',*,*,#1582,.T.);
#2535=ORIENTED_EDGE('',*,*,#1579,.T.);
#2536=ORIENTED_EDGE('',*,*,#1576,.T.);
#2537=ORIENTED_EDGE('',*,*,#1573,.T.);
#2538=ORIENTED_EDGE('',*,*,#1570,.T.);
#2539=ORIENTED_EDGE('',*,*,#1567,.T.);
#2540=ORIENTED_EDGE('',*,*,#1564,.T.);
#2541=ORIENTED_EDGE('',*,*,#1561,.T.);
#2542=ORIENTED_EDGE('',*,*,#1558,.T.);
#2543=ORIENTED_EDGE('',*,*,#1555,.T.);
#2544=ORIENTED_EDGE('',*,*,#1552,.T.);
#2545=ORIENTED_EDGE('',*,*,#1549,.T.);
#2546=ORIENTED_EDGE('',*,*,#1546,.T.);
#2547=ORIENTED_EDGE('',*,*,#1543,.T.);
#2548=ORIENTED_EDGE('',*,*,#1540,.T.);
#2549=ORIENTED_EDGE('',*,*,#1537,.T.);
#2550=ORIENTED_EDGE('',*,*,#1534,.T.);
#2551=ORIENTED_EDGE('',*,*,#1530,.T.);
#2552=ORIENTED_EDGE('',*,*,#1746,.T.);
#2553=ORIENTED_EDGE('',*,*,#1748,.T.);
#2554=ORIENTED_EDGE('',*,*,#1808,.T.);
#2555=ORIENTED_EDGE('',*,*,#1754,.T.);
#2556=ORIENTED_EDGE('',*,*,#1752,.T.);
#2557=ORIENTED_EDGE('',*,*,#1744,.T.);
#2558=ORIENTED_EDGE('',*,*,#1742,.T.);
#2559=ORIENTED_EDGE('',*,*,#1679,.T.);
#2560=ORIENTED_EDGE('',*,*,#1675,.T.);
#2561=ORIENTED_EDGE('',*,*,#1736,.T.);
#2562=ORIENTED_EDGE('',*,*,#1733,.T.);
#2563=ORIENTED_EDGE('',*,*,#1814,.T.);
#2564=ORIENTED_EDGE('',*,*,#1682,.T.);
#2565=ORIENTED_EDGE('',*,*,#1686,.T.);
#2566=ORIENTED_EDGE('',*,*,#1782,.T.);
#2567=ORIENTED_EDGE('',*,*,#1764,.T.);
#2568=ORIENTED_EDGE('',*,*,#1761,.T.);
#2569=ORIENTED_EDGE('',*,*,#1774,.T.);
#2570=ORIENTED_EDGE('',*,*,#1771,.T.);
#2571=ORIENTED_EDGE('',*,*,#1815,.T.);
#2572=ORIENTED_EDGE('',*,*,#1783,.T.);
#2573=ORIENTED_EDGE('',*,*,#1786,.T.);
#2574=ORIENTED_EDGE('',*,*,#1737,.T.);
#2575=ORIENTED_EDGE('',*,*,#1740,.T.);
#2576=ORIENTED_EDGE('',*,*,#1750,.T.);
#2577=ORIENTED_EDGE('',*,*,#1804,.T.);
#2578=ORIENTED_EDGE('',*,*,#1801,.T.);
#2579=ORIENTED_EDGE('',*,*,#1816,.T.);
#2580=ORIENTED_EDGE('',*,*,#1756,.T.);
#2581=ORIENTED_EDGE('',*,*,#1759,.T.);
#2582=ORIENTED_EDGE('',*,*,#1775,.T.);
#2583=ORIENTED_EDGE('',*,*,#1807,.T.);
#2584=ORIENTED_EDGE('',*,*,#1805,.T.);
#2585=ORIENTED_EDGE('',*,*,#1799,.T.);
#2586=ORIENTED_EDGE('',*,*,#1796,.T.);
#2587=ORIENTED_EDGE('',*,*,#1817,.T.);
#2588=ORIENTED_EDGE('',*,*,#1777,.T.);
#2589=ORIENTED_EDGE('',*,*,#1780,.T.);
#2590=ORIENTED_EDGE('',*,*,#1787,.T.);
#2591=ORIENTED_EDGE('',*,*,#1769,.T.);
#2592=ORIENTED_EDGE('',*,*,#1766,.T.);
#2593=ORIENTED_EDGE('',*,*,#1795,.T.);
#2594=ORIENTED_EDGE('',*,*,#1793,.T.);
#2595=ORIENTED_EDGE('',*,*,#1791,.T.);
#2596=ORIENTED_EDGE('',*,*,#1788,.T.);
#2597=ORIENTED_EDGE('',*,*,#1813,.T.);
#2598=ORIENTED_EDGE('',*,*,#1811,.T.);
#2599=ORIENTED_EDGE('',*,*,#1809,.T.);
#2600=ORIENTED_EDGE('',*,*,#1827,.F.);
#2601=ORIENTED_EDGE('',*,*,#1824,.F.);
#2602=ORIENTED_EDGE('',*,*,#1819,.F.);
#2603=ORIENTED_EDGE('',*,*,#1835,.T.);
#2604=ORIENTED_EDGE('',*,*,#1836,.T.);
#2605=ORIENTED_EDGE('',*,*,#1837,.T.);
#2606=ORIENTED_EDGE('',*,*,#1838,.T.);
#2607=ORIENTED_EDGE('',*,*,#1839,.T.);
#2608=ORIENTED_EDGE('',*,*,#1840,.F.);
#2609=ORIENTED_EDGE('',*,*,#1841,.F.);
#2610=ORIENTED_EDGE('',*,*,#1842,.F.);
#2611=ORIENTED_EDGE('',*,*,#1828,.F.);
#2612=ORIENTED_EDGE('',*,*,#1843,.T.);
#2613=ORIENTED_EDGE('',*,*,#1844,.T.);
#2614=ORIENTED_EDGE('',*,*,#1845,.T.);
#2615=ORIENTED_EDGE('',*,*,#1840,.T.);
#2616=ORIENTED_EDGE('',*,*,#1846,.T.);
#2617=ORIENTED_EDGE('',*,*,#1841,.T.);
#2618=ORIENTED_EDGE('',*,*,#1845,.F.);
#2619=ORIENTED_EDGE('',*,*,#1847,.T.);
#2620=ORIENTED_EDGE('',*,*,#1829,.T.);
#2621=ORIENTED_EDGE('',*,*,#1842,.T.);
#2622=ORIENTED_EDGE('',*,*,#1846,.F.);
#2623=ORIENTED_EDGE('',*,*,#1848,.T.);
#2624=ORIENTED_EDGE('',*,*,#1848,.F.);
#2625=ORIENTED_EDGE('',*,*,#1849,.T.);
#2626=ORIENTED_EDGE('',*,*,#1850,.T.);
#2627=ORIENTED_EDGE('',*,*,#1851,.T.);
#2628=ORIENTED_EDGE('',*,*,#1852,.T.);
#2629=ORIENTED_EDGE('',*,*,#1853,.T.);
#2630=ORIENTED_EDGE('',*,*,#1854,.F.);
#2631=ORIENTED_EDGE('',*,*,#1830,.F.);
#2632=ORIENTED_EDGE('',*,*,#1847,.F.);
#2633=ORIENTED_EDGE('',*,*,#1855,.F.);
#2634=ORIENTED_EDGE('',*,*,#1856,.F.);
#2635=ORIENTED_EDGE('',*,*,#1853,.F.);
#2636=ORIENTED_EDGE('',*,*,#1857,.T.);
#2637=ORIENTED_EDGE('',*,*,#1858,.F.);
#2638=ORIENTED_EDGE('',*,*,#1859,.T.);
#2639=ORIENTED_EDGE('',*,*,#1849,.F.);
#2640=ORIENTED_EDGE('',*,*,#1844,.F.);
#2641=ORIENTED_EDGE('',*,*,#1860,.T.);
#2642=ORIENTED_EDGE('',*,*,#1861,.T.);
#2643=ORIENTED_EDGE('',*,*,#1862,.F.);
#2644=ORIENTED_EDGE('',*,*,#1863,.F.);
#2645=ORIENTED_EDGE('',*,*,#1855,.T.);
#2646=ORIENTED_EDGE('',*,*,#1843,.F.);
#2647=ORIENTED_EDGE('',*,*,#1839,.F.);
#2648=ORIENTED_EDGE('',*,*,#1864,.F.);
#2649=ORIENTED_EDGE('',*,*,#1865,.F.);
#2650=ORIENTED_EDGE('',*,*,#1866,.F.);
#2651=ORIENTED_EDGE('',*,*,#1867,.F.);
#2652=ORIENTED_EDGE('',*,*,#1868,.F.);
#2653=ORIENTED_EDGE('',*,*,#1860,.F.);
#2654=ORIENTED_EDGE('',*,*,#1869,.T.);
#2655=ORIENTED_EDGE('',*,*,#1870,.T.);
#2656=ORIENTED_EDGE('',*,*,#1871,.T.);
#2657=ORIENTED_EDGE('',*,*,#1863,.T.);
#2658=ORIENTED_EDGE('',*,*,#1872,.T.);
#2659=ORIENTED_EDGE('',*,*,#1856,.T.);
#2660=ORIENTED_EDGE('',*,*,#1871,.F.);
#2661=ORIENTED_EDGE('',*,*,#1873,.T.);
#2662=ORIENTED_EDGE('',*,*,#1831,.T.);
#2663=ORIENTED_EDGE('',*,*,#1854,.T.);
#2664=ORIENTED_EDGE('',*,*,#1872,.F.);
#2665=ORIENTED_EDGE('',*,*,#1874,.T.);
#2666=ORIENTED_EDGE('',*,*,#1874,.F.);
#2667=ORIENTED_EDGE('',*,*,#1873,.F.);
#2668=ORIENTED_EDGE('',*,*,#1870,.F.);
#2669=ORIENTED_EDGE('',*,*,#1875,.F.);
#2670=ORIENTED_EDGE('',*,*,#1876,.F.);
#2671=ORIENTED_EDGE('',*,*,#1877,.F.);
#2672=ORIENTED_EDGE('',*,*,#1878,.F.);
#2673=ORIENTED_EDGE('',*,*,#1832,.T.);
#2674=ORIENTED_EDGE('',*,*,#1869,.F.);
#2675=ORIENTED_EDGE('',*,*,#1862,.T.);
#2676=ORIENTED_EDGE('',*,*,#1879,.T.);
#2677=ORIENTED_EDGE('',*,*,#1880,.F.);
#2678=ORIENTED_EDGE('',*,*,#1881,.T.);
#2679=ORIENTED_EDGE('',*,*,#1882,.T.);
#2680=ORIENTED_EDGE('',*,*,#1883,.F.);
#2681=ORIENTED_EDGE('',*,*,#1884,.T.);
#2682=ORIENTED_EDGE('',*,*,#1885,.F.);
#2683=ORIENTED_EDGE('',*,*,#1886,.F.);
#2684=ORIENTED_EDGE('',*,*,#1887,.F.);
#2685=ORIENTED_EDGE('',*,*,#1888,.T.);
#2686=ORIENTED_EDGE('',*,*,#1889,.T.);
#2687=ORIENTED_EDGE('',*,*,#1890,.F.);
#2688=ORIENTED_EDGE('',*,*,#1891,.F.);
#2689=ORIENTED_EDGE('',*,*,#1875,.T.);
#2690=ORIENTED_EDGE('',*,*,#1891,.T.);
#2691=ORIENTED_EDGE('',*,*,#1892,.T.);
#2692=ORIENTED_EDGE('',*,*,#1893,.T.);
#2693=ORIENTED_EDGE('',*,*,#1876,.T.);
#2694=ORIENTED_EDGE('',*,*,#1894,.T.);
#2695=ORIENTED_EDGE('',*,*,#1877,.T.);
#2696=ORIENTED_EDGE('',*,*,#1893,.F.);
#2697=ORIENTED_EDGE('',*,*,#1895,.T.);
#2698=ORIENTED_EDGE('',*,*,#1833,.T.);
#2699=ORIENTED_EDGE('',*,*,#1878,.T.);
#2700=ORIENTED_EDGE('',*,*,#1894,.F.);
#2701=ORIENTED_EDGE('',*,*,#1896,.T.);
#2702=ORIENTED_EDGE('',*,*,#1826,.F.);
#2703=ORIENTED_EDGE('',*,*,#1834,.F.);
#2704=ORIENTED_EDGE('',*,*,#1896,.F.);
#2705=ORIENTED_EDGE('',*,*,#1897,.T.);
#2706=ORIENTED_EDGE('',*,*,#1898,.T.);
#2707=ORIENTED_EDGE('',*,*,#1899,.T.);
#2708=ORIENTED_EDGE('',*,*,#1900,.T.);
#2709=ORIENTED_EDGE('',*,*,#1901,.T.);
#2710=ORIENTED_EDGE('',*,*,#1823,.F.);
#2711=ORIENTED_EDGE('',*,*,#1901,.F.);
#2712=ORIENTED_EDGE('',*,*,#1902,.T.);
#2713=ORIENTED_EDGE('',*,*,#1903,.F.);
#2714=ORIENTED_EDGE('',*,*,#1904,.T.);
#2715=ORIENTED_EDGE('',*,*,#1897,.F.);
#2716=ORIENTED_EDGE('',*,*,#1895,.F.);
#2717=ORIENTED_EDGE('',*,*,#1905,.F.);
#2718=ORIENTED_EDGE('',*,*,#1821,.F.);
#2719=ORIENTED_EDGE('',*,*,#1905,.T.);
#2720=ORIENTED_EDGE('',*,*,#1892,.F.);
#2721=ORIENTED_EDGE('',*,*,#1890,.T.);
#2722=ORIENTED_EDGE('',*,*,#1906,.T.);
#2723=ORIENTED_EDGE('',*,*,#1907,.T.);
#2724=ORIENTED_EDGE('',*,*,#1908,.T.);
#2725=ORIENTED_EDGE('',*,*,#1909,.T.);
#2726=ORIENTED_EDGE('',*,*,#1910,.T.);
#2727=ORIENTED_EDGE('',*,*,#1911,.T.);
#2728=ORIENTED_EDGE('',*,*,#1912,.T.);
#2729=ORIENTED_EDGE('',*,*,#1913,.T.);
#2730=ORIENTED_EDGE('',*,*,#1914,.T.);
#2731=ORIENTED_EDGE('',*,*,#1915,.T.);
#2732=ORIENTED_EDGE('',*,*,#1916,.T.);
#2733=ORIENTED_EDGE('',*,*,#1917,.T.);
#2734=ORIENTED_EDGE('',*,*,#1918,.T.);
#2735=ORIENTED_EDGE('',*,*,#1919,.T.);
#2736=ORIENTED_EDGE('',*,*,#1920,.T.);
#2737=ORIENTED_EDGE('',*,*,#1921,.T.);
#2738=ORIENTED_EDGE('',*,*,#1916,.F.);
#2739=ORIENTED_EDGE('',*,*,#1922,.T.);
#2740=ORIENTED_EDGE('',*,*,#1866,.T.);
#2741=ORIENTED_EDGE('',*,*,#1923,.T.);
#2742=ORIENTED_EDGE('',*,*,#1920,.F.);
#2743=ORIENTED_EDGE('',*,*,#1924,.T.);
#2744=ORIENTED_EDGE('',*,*,#1924,.F.);
#2745=ORIENTED_EDGE('',*,*,#1925,.T.);
#2746=ORIENTED_EDGE('',*,*,#1926,.T.);
#2747=ORIENTED_EDGE('',*,*,#1927,.T.);
#2748=ORIENTED_EDGE('',*,*,#1880,.T.);
#2749=ORIENTED_EDGE('',*,*,#1928,.T.);
#2750=ORIENTED_EDGE('',*,*,#1867,.T.);
#2751=ORIENTED_EDGE('',*,*,#1922,.F.);
#2752=ORIENTED_EDGE('',*,*,#1929,.T.);
#2753=ORIENTED_EDGE('',*,*,#1930,.T.);
#2754=ORIENTED_EDGE('',*,*,#1931,.T.);
#2755=ORIENTED_EDGE('',*,*,#1932,.T.);
#2756=ORIENTED_EDGE('',*,*,#1933,.T.);
#2757=ORIENTED_EDGE('',*,*,#1934,.F.);
#2758=ORIENTED_EDGE('',*,*,#1935,.F.);
#2759=ORIENTED_EDGE('',*,*,#1936,.T.);
#2760=ORIENTED_EDGE('',*,*,#1937,.T.);
#2761=ORIENTED_EDGE('',*,*,#1938,.T.);
#2762=ORIENTED_EDGE('',*,*,#1925,.F.);
#2763=ORIENTED_EDGE('',*,*,#1919,.F.);
#2764=ORIENTED_EDGE('',*,*,#1939,.T.);
#2765=ORIENTED_EDGE('',*,*,#1940,.T.);
#2766=ORIENTED_EDGE('',*,*,#1941,.F.);
#2767=ORIENTED_EDGE('',*,*,#1942,.T.);
#2768=ORIENTED_EDGE('',*,*,#1943,.T.);
#2769=ORIENTED_EDGE('',*,*,#1944,.T.);
#2770=ORIENTED_EDGE('',*,*,#1945,.F.);
#2771=ORIENTED_EDGE('',*,*,#1946,.T.);
#2772=ORIENTED_EDGE('',*,*,#1947,.T.);
#2773=ORIENTED_EDGE('',*,*,#1948,.T.);
#2774=ORIENTED_EDGE('',*,*,#1888,.F.);
#2775=ORIENTED_EDGE('',*,*,#1949,.F.);
#2776=ORIENTED_EDGE('',*,*,#1950,.T.);
#2777=ORIENTED_EDGE('',*,*,#1929,.F.);
#2778=ORIENTED_EDGE('',*,*,#1951,.T.);
#2779=ORIENTED_EDGE('',*,*,#1952,.T.);
#2780=ORIENTED_EDGE('',*,*,#1883,.T.);
#2781=ORIENTED_EDGE('',*,*,#1953,.T.);
#2782=ORIENTED_EDGE('',*,*,#1954,.T.);
#2783=ORIENTED_EDGE('',*,*,#1955,.T.);
#2784=ORIENTED_EDGE('',*,*,#1951,.F.);
#2785=ORIENTED_EDGE('',*,*,#1934,.T.);
#2786=ORIENTED_EDGE('',*,*,#1885,.T.);
#2787=ORIENTED_EDGE('',*,*,#1956,.T.);
#2788=ORIENTED_EDGE('',*,*,#1954,.F.);
#2789=ORIENTED_EDGE('',*,*,#1957,.T.);
#2790=ORIENTED_EDGE('',*,*,#1957,.F.);
#2791=ORIENTED_EDGE('',*,*,#1933,.F.);
#2792=ORIENTED_EDGE('',*,*,#1958,.T.);
#2793=ORIENTED_EDGE('',*,*,#1959,.T.);
#2794=ORIENTED_EDGE('',*,*,#1886,.T.);
#2795=ORIENTED_EDGE('',*,*,#1953,.F.);
#2796=ORIENTED_EDGE('',*,*,#1882,.F.);
#2797=ORIENTED_EDGE('',*,*,#1960,.F.);
#2798=ORIENTED_EDGE('',*,*,#1961,.T.);
#2799=ORIENTED_EDGE('',*,*,#1935,.T.);
#2800=ORIENTED_EDGE('',*,*,#1962,.T.);
#2801=ORIENTED_EDGE('',*,*,#1963,.T.);
#2802=ORIENTED_EDGE('',*,*,#1964,.T.);
#2803=ORIENTED_EDGE('',*,*,#1858,.T.);
#2804=ORIENTED_EDGE('',*,*,#1963,.F.);
#2805=ORIENTED_EDGE('',*,*,#1965,.F.);
#2806=ORIENTED_EDGE('',*,*,#1966,.T.);
#2807=ORIENTED_EDGE('',*,*,#1967,.T.);
#2808=ORIENTED_EDGE('',*,*,#1968,.T.);
#2809=ORIENTED_EDGE('',*,*,#1969,.T.);
#2810=ORIENTED_EDGE('',*,*,#1970,.T.);
#2811=ORIENTED_EDGE('',*,*,#1903,.T.);
#2812=ORIENTED_EDGE('',*,*,#1969,.F.);
#2813=ORIENTED_EDGE('',*,*,#1971,.F.);
#2814=ORIENTED_EDGE('',*,*,#1972,.T.);
#2815=ORIENTED_EDGE('',*,*,#1973,.T.);
#2816=ORIENTED_EDGE('',*,*,#1861,.F.);
#2817=ORIENTED_EDGE('',*,*,#1868,.T.);
#2818=ORIENTED_EDGE('',*,*,#1928,.F.);
#2819=ORIENTED_EDGE('',*,*,#1879,.F.);
#2820=ORIENTED_EDGE('',*,*,#1974,.F.);
#2821=ORIENTED_EDGE('',*,*,#1864,.T.);
#2822=ORIENTED_EDGE('',*,*,#1838,.F.);
#2823=ORIENTED_EDGE('',*,*,#1975,.F.);
#2824=ORIENTED_EDGE('',*,*,#1932,.F.);
#2825=ORIENTED_EDGE('',*,*,#1976,.T.);
#2826=ORIENTED_EDGE('',*,*,#1898,.F.);
#2827=ORIENTED_EDGE('',*,*,#1904,.F.);
#2828=ORIENTED_EDGE('',*,*,#1970,.F.);
#2829=ORIENTED_EDGE('',*,*,#1973,.F.);
#2830=ORIENTED_EDGE('',*,*,#1958,.F.);
#2831=ORIENTED_EDGE('',*,*,#1931,.F.);
#2832=ORIENTED_EDGE('',*,*,#1977,.T.);
#2833=ORIENTED_EDGE('',*,*,#1899,.F.);
#2834=ORIENTED_EDGE('',*,*,#1976,.F.);
#2835=ORIENTED_EDGE('',*,*,#1930,.F.);
#2836=ORIENTED_EDGE('',*,*,#1950,.F.);
#2837=ORIENTED_EDGE('',*,*,#1971,.T.);
#2838=ORIENTED_EDGE('',*,*,#1968,.F.);
#2839=ORIENTED_EDGE('',*,*,#1902,.F.);
#2840=ORIENTED_EDGE('',*,*,#1900,.F.);
#2841=ORIENTED_EDGE('',*,*,#1977,.F.);
#2842=ORIENTED_EDGE('',*,*,#1937,.F.);
#2843=ORIENTED_EDGE('',*,*,#1978,.T.);
#2844=ORIENTED_EDGE('',*,*,#1851,.F.);
#2845=ORIENTED_EDGE('',*,*,#1979,.F.);
#2846=ORIENTED_EDGE('',*,*,#1938,.F.);
#2847=ORIENTED_EDGE('',*,*,#1979,.T.);
#2848=ORIENTED_EDGE('',*,*,#1850,.F.);
#2849=ORIENTED_EDGE('',*,*,#1859,.F.);
#2850=ORIENTED_EDGE('',*,*,#1964,.F.);
#2851=ORIENTED_EDGE('',*,*,#1967,.F.);
#2852=ORIENTED_EDGE('',*,*,#1926,.F.);
#2853=ORIENTED_EDGE('',*,*,#1936,.F.);
#2854=ORIENTED_EDGE('',*,*,#1961,.F.);
#2855=ORIENTED_EDGE('',*,*,#1965,.T.);
#2856=ORIENTED_EDGE('',*,*,#1962,.F.);
#2857=ORIENTED_EDGE('',*,*,#1857,.F.);
#2858=ORIENTED_EDGE('',*,*,#1852,.F.);
#2859=ORIENTED_EDGE('',*,*,#1978,.F.);
#2860=ORIENTED_EDGE('',*,*,#1980,.F.);
#2861=ORIENTED_EDGE('',*,*,#1836,.F.);
#2862=ORIENTED_EDGE('',*,*,#1981,.F.);
#2863=ORIENTED_EDGE('',*,*,#1982,.F.);
#2864=ORIENTED_EDGE('',*,*,#1983,.F.);
#2865=ORIENTED_EDGE('',*,*,#1940,.F.);
#2866=ORIENTED_EDGE('',*,*,#1984,.F.);
#2867=ORIENTED_EDGE('',*,*,#1914,.F.);
#2868=ORIENTED_EDGE('',*,*,#1818,.F.);
#2869=ORIENTED_EDGE('',*,*,#1915,.F.);
#2870=ORIENTED_EDGE('',*,*,#1984,.T.);
#2871=ORIENTED_EDGE('',*,*,#1939,.F.);
#2872=ORIENTED_EDGE('',*,*,#1918,.F.);
#2873=ORIENTED_EDGE('',*,*,#1985,.F.);
#2874=ORIENTED_EDGE('',*,*,#1981,.T.);
#2875=ORIENTED_EDGE('',*,*,#1835,.F.);
#2876=ORIENTED_EDGE('',*,*,#1943,.F.);
#2877=ORIENTED_EDGE('',*,*,#1986,.F.);
#2878=ORIENTED_EDGE('',*,*,#1911,.F.);
#2879=ORIENTED_EDGE('',*,*,#1987,.T.);
#2880=ORIENTED_EDGE('',*,*,#1944,.F.);
#2881=ORIENTED_EDGE('',*,*,#1987,.F.);
#2882=ORIENTED_EDGE('',*,*,#1910,.F.);
#2883=ORIENTED_EDGE('',*,*,#1988,.F.);
#2884=ORIENTED_EDGE('',*,*,#1942,.F.);
#2885=ORIENTED_EDGE('',*,*,#1989,.F.);
#2886=ORIENTED_EDGE('',*,*,#1912,.F.);
#2887=ORIENTED_EDGE('',*,*,#1986,.T.);
#2888=ORIENTED_EDGE('',*,*,#1947,.F.);
#2889=ORIENTED_EDGE('',*,*,#1990,.F.);
#2890=ORIENTED_EDGE('',*,*,#1907,.F.);
#2891=ORIENTED_EDGE('',*,*,#1991,.T.);
#2892=ORIENTED_EDGE('',*,*,#1948,.F.);
#2893=ORIENTED_EDGE('',*,*,#1991,.F.);
#2894=ORIENTED_EDGE('',*,*,#1906,.F.);
#2895=ORIENTED_EDGE('',*,*,#1889,.F.);
#2896=ORIENTED_EDGE('',*,*,#1946,.F.);
#2897=ORIENTED_EDGE('',*,*,#1992,.F.);
#2898=ORIENTED_EDGE('',*,*,#1908,.F.);
#2899=ORIENTED_EDGE('',*,*,#1990,.T.);
#2900=ORIENTED_EDGE('',*,*,#1923,.F.);
#2901=ORIENTED_EDGE('',*,*,#1865,.T.);
#2902=ORIENTED_EDGE('',*,*,#1974,.T.);
#2903=ORIENTED_EDGE('',*,*,#1993,.T.);
#2904=ORIENTED_EDGE('',*,*,#1982,.T.);
#2905=ORIENTED_EDGE('',*,*,#1985,.T.);
#2906=ORIENTED_EDGE('',*,*,#1917,.F.);
#2907=ORIENTED_EDGE('',*,*,#1921,.F.);
#2908=ORIENTED_EDGE('',*,*,#1988,.T.);
#2909=ORIENTED_EDGE('',*,*,#1909,.F.);
#2910=ORIENTED_EDGE('',*,*,#1992,.T.);
#2911=ORIENTED_EDGE('',*,*,#1945,.T.);
#2912=ORIENTED_EDGE('',*,*,#1975,.T.);
#2913=ORIENTED_EDGE('',*,*,#1837,.F.);
#2914=ORIENTED_EDGE('',*,*,#1980,.T.);
#2915=ORIENTED_EDGE('',*,*,#1993,.F.);
#2916=ORIENTED_EDGE('',*,*,#1994,.T.);
#2917=ORIENTED_EDGE('',*,*,#1995,.T.);
#2918=ORIENTED_EDGE('',*,*,#1927,.F.);
#2919=ORIENTED_EDGE('',*,*,#1996,.F.);
#2920=ORIENTED_EDGE('',*,*,#1949,.T.);
#2921=ORIENTED_EDGE('',*,*,#1997,.F.);
#2922=ORIENTED_EDGE('',*,*,#1998,.T.);
#2923=ORIENTED_EDGE('',*,*,#1881,.F.);
#2924=ORIENTED_EDGE('',*,*,#1995,.F.);
#2925=ORIENTED_EDGE('',*,*,#1999,.T.);
#2926=ORIENTED_EDGE('',*,*,#2000,.T.);
#2927=ORIENTED_EDGE('',*,*,#1999,.F.);
#2928=ORIENTED_EDGE('',*,*,#1994,.F.);
#2929=ORIENTED_EDGE('',*,*,#1966,.F.);
#2930=ORIENTED_EDGE('',*,*,#2000,.F.);
#2931=ORIENTED_EDGE('',*,*,#1960,.T.);
#2932=ORIENTED_EDGE('',*,*,#1998,.F.);
#2933=ORIENTED_EDGE('',*,*,#2001,.F.);
#2934=ORIENTED_EDGE('',*,*,#2002,.T.);
#2935=ORIENTED_EDGE('',*,*,#1997,.T.);
#2936=ORIENTED_EDGE('',*,*,#1887,.T.);
#2937=ORIENTED_EDGE('',*,*,#2003,.F.);
#2938=ORIENTED_EDGE('',*,*,#1972,.F.);
#2939=ORIENTED_EDGE('',*,*,#1996,.T.);
#2940=ORIENTED_EDGE('',*,*,#2002,.F.);
#2941=ORIENTED_EDGE('',*,*,#2003,.T.);
#2942=ORIENTED_EDGE('',*,*,#2001,.T.);
#2943=ORIENTED_EDGE('',*,*,#1959,.F.);
#2944=ORIENTED_EDGE('',*,*,#1956,.F.);
#2945=ORIENTED_EDGE('',*,*,#1884,.F.);
#2946=ORIENTED_EDGE('',*,*,#1952,.F.);
#2947=ORIENTED_EDGE('',*,*,#1955,.F.);
#2948=ORIENTED_EDGE('',*,*,#1983,.T.);
#2949=ORIENTED_EDGE('',*,*,#1913,.F.);
#2950=ORIENTED_EDGE('',*,*,#1989,.T.);
#2951=ORIENTED_EDGE('',*,*,#1941,.T.);
#2952=PLANE('',#3225);
#2953=PLANE('',#3229);
#2954=PLANE('',#3233);
#2955=PLANE('',#3237);
#2956=PLANE('',#3241);
#2957=PLANE('',#3245);
#2958=PLANE('',#3249);
#2959=PLANE('',#3253);
#2960=PLANE('',#3257);
#2961=PLANE('',#3261);
#2962=PLANE('',#3265);
#2963=PLANE('',#3269);
#2964=PLANE('',#3273);
#2965=PLANE('',#3277);
#2966=PLANE('',#3281);
#2967=PLANE('',#3285);
#2968=PLANE('',#3289);
#2969=PLANE('',#3293);
#2970=PLANE('',#3297);
#2971=PLANE('',#3301);
#2972=PLANE('',#3305);
#2973=PLANE('',#3309);
#2974=PLANE('',#3313);
#2975=PLANE('',#3317);
#2976=PLANE('',#3324);
#2977=PLANE('',#3328);
#2978=PLANE('',#3329);
#2979=PLANE('',#3354);
#2980=PLANE('',#3357);
#2981=PLANE('',#3360);
#2982=PLANE('',#3363);
#2983=PLANE('',#3368);
#2984=PLANE('',#3371);
#2985=PLANE('',#3374);
#2986=PLANE('',#3377);
#2987=PLANE('',#3380);
#2988=PLANE('',#3385);
#2989=PLANE('',#3390);
#2990=PLANE('',#3395);
#2991=PLANE('',#3398);
#2992=PLANE('',#3401);
#2993=PLANE('',#3404);
#2994=PLANE('',#3407);
#2995=PLANE('',#3410);
#2996=PLANE('',#3413);
#2997=PLANE('',#3414);
#2998=PLANE('',#3415);
#2999=PLANE('',#3416);
#3000=PLANE('',#3417);
#3001=PLANE('',#3427);
#3002=PLANE('',#3431);
#3003=PLANE('',#3440);
#3004=PLANE('',#3445);
#3005=PLANE('',#3446);
#3006=PLANE('',#3455);
#3007=PLANE('',#3457);
#3008=PLANE('',#3467);
#3009=PLANE('',#3471);
#3010=PLANE('',#3480);
#3011=PLANE('',#3487);
#3012=PLANE('',#3494);
#3013=PLANE('',#3495);
#3014=PLANE('',#3499);
#3015=PLANE('',#3503);
#3016=PLANE('',#3504);
#3017=PLANE('',#3505);
#3018=PLANE('',#3506);
#3019=PLANE('',#3507);
#3020=PLANE('',#3508);
#3021=PLANE('',#3509);
#3022=PLANE('',#3510);
#3023=PLANE('',#3511);
#3024=PLANE('',#3512);
#3025=PLANE('',#3513);
#3026=PLANE('',#3514);
#3027=PLANE('',#3515);
#3028=PLANE('',#3516);
#3029=PLANE('',#3517);
#3030=PLANE('',#3518);
#3031=PLANE('',#3519);
#3032=PLANE('',#3520);
#3033=PLANE('',#3521);
#3034=PLANE('',#3522);
#3035=PLANE('',#3523);
#3036=PLANE('',#3524);
#3037=PLANE('',#3525);
#3038=PLANE('',#3526);
#3039=PLANE('',#3527);
#3040=PLANE('',#3528);
#3041=PLANE('',#3529);
#3042=PLANE('',#3530);
#3043=PLANE('',#3531);
#3044=PLANE('',#3532);
#3045=PLANE('',#3533);
#3046=ADVANCED_FACE('',(#231),#2952,.F.);
#3047=ADVANCED_FACE('',(#232),#166,.T.);
#3048=ADVANCED_FACE('',(#233),#2953,.F.);
#3049=ADVANCED_FACE('',(#234),#167,.T.);
#3050=ADVANCED_FACE('',(#235),#2954,.F.);
#3051=ADVANCED_FACE('',(#236),#168,.F.);
#3052=ADVANCED_FACE('',(#237),#2955,.F.);
#3053=ADVANCED_FACE('',(#238),#169,.F.);
#3054=ADVANCED_FACE('',(#239),#2956,.F.);
#3055=ADVANCED_FACE('',(#240),#170,.T.);
#3056=ADVANCED_FACE('',(#241),#2957,.F.);
#3057=ADVANCED_FACE('',(#242),#171,.T.);
#3058=ADVANCED_FACE('',(#243),#2958,.F.);
#3059=ADVANCED_FACE('',(#244),#172,.F.);
#3060=ADVANCED_FACE('',(#245),#2959,.F.);
#3061=ADVANCED_FACE('',(#246),#173,.F.);
#3062=ADVANCED_FACE('',(#247),#2960,.F.);
#3063=ADVANCED_FACE('',(#248),#174,.T.);
#3064=ADVANCED_FACE('',(#249),#2961,.F.);
#3065=ADVANCED_FACE('',(#250),#175,.T.);
#3066=ADVANCED_FACE('',(#251),#2962,.F.);
#3067=ADVANCED_FACE('',(#252),#176,.F.);
#3068=ADVANCED_FACE('',(#253),#2963,.F.);
#3069=ADVANCED_FACE('',(#254),#177,.F.);
#3070=ADVANCED_FACE('',(#255),#2964,.F.);
#3071=ADVANCED_FACE('',(#256),#178,.T.);
#3072=ADVANCED_FACE('',(#257),#2965,.F.);
#3073=ADVANCED_FACE('',(#258),#179,.T.);
#3074=ADVANCED_FACE('',(#259),#2966,.F.);
#3075=ADVANCED_FACE('',(#260),#180,.F.);
#3076=ADVANCED_FACE('',(#261),#2967,.F.);
#3077=ADVANCED_FACE('',(#262),#181,.F.);
#3078=ADVANCED_FACE('',(#263),#2968,.F.);
#3079=ADVANCED_FACE('',(#264),#182,.T.);
#3080=ADVANCED_FACE('',(#265),#2969,.F.);
#3081=ADVANCED_FACE('',(#266),#183,.T.);
#3082=ADVANCED_FACE('',(#267),#2970,.F.);
#3083=ADVANCED_FACE('',(#268),#184,.F.);
#3084=ADVANCED_FACE('',(#269),#2971,.F.);
#3085=ADVANCED_FACE('',(#270),#185,.F.);
#3086=ADVANCED_FACE('',(#271),#2972,.F.);
#3087=ADVANCED_FACE('',(#272),#186,.T.);
#3088=ADVANCED_FACE('',(#273),#2973,.F.);
#3089=ADVANCED_FACE('',(#274),#187,.T.);
#3090=ADVANCED_FACE('',(#275),#2974,.F.);
#3091=ADVANCED_FACE('',(#276),#188,.F.);
#3092=ADVANCED_FACE('',(#277),#2975,.F.);
#3093=ADVANCED_FACE('',(#278),#189,.T.);
#3094=ADVANCED_FACE('',(#279),#190,.F.);
#3095=ADVANCED_FACE('',(#280),#2976,.T.);
#3096=ADVANCED_FACE('',(#281),#191,.T.);
#3097=ADVANCED_FACE('',(#282),#2977,.T.);
#3098=ADVANCED_FACE('',(#283),#2978,.F.);
#3099=ADVANCED_FACE('',(#284),#192,.F.);
#3100=ADVANCED_FACE('',(#285),#2979,.T.);
#3101=ADVANCED_FACE('',(#286),#193,.T.);
#3102=ADVANCED_FACE('',(#287),#2980,.T.);
#3103=ADVANCED_FACE('',(#288),#194,.T.);
#3104=ADVANCED_FACE('',(#289),#2981,.T.);
#3105=ADVANCED_FACE('',(#290),#195,.T.);
#3106=ADVANCED_FACE('',(#291),#2982,.T.);
#3107=ADVANCED_FACE('',(#292),#196,.F.);
#3108=ADVANCED_FACE('',(#293),#197,.T.);
#3109=ADVANCED_FACE('',(#294),#2983,.T.);
#3110=ADVANCED_FACE('',(#295),#198,.T.);
#3111=ADVANCED_FACE('',(#296),#2984,.T.);
#3112=ADVANCED_FACE('',(#297),#199,.F.);
#3113=ADVANCED_FACE('',(#298),#2985,.T.);
#3114=ADVANCED_FACE('',(#299),#200,.F.);
#3115=ADVANCED_FACE('',(#300),#2986,.T.);
#3116=ADVANCED_FACE('',(#301),#201,.F.);
#3117=ADVANCED_FACE('',(#302),#2987,.T.);
#3118=ADVANCED_FACE('',(#303),#202,.T.);
#3119=ADVANCED_FACE('',(#304),#203,.T.);
#3120=ADVANCED_FACE('',(#305),#2988,.T.);
#3121=ADVANCED_FACE('',(#306),#204,.T.);
#3122=ADVANCED_FACE('',(#307),#205,.T.);
#3123=ADVANCED_FACE('',(#308),#2989,.T.);
#3124=ADVANCED_FACE('',(#309),#206,.T.);
#3125=ADVANCED_FACE('',(#310),#207,.T.);
#3126=ADVANCED_FACE('',(#311),#2990,.T.);
#3127=ADVANCED_FACE('',(#312),#208,.F.);
#3128=ADVANCED_FACE('',(#313),#2991,.T.);
#3129=ADVANCED_FACE('',(#314),#209,.F.);
#3130=ADVANCED_FACE('',(#315),#2992,.T.);
#3131=ADVANCED_FACE('',(#316),#210,.F.);
#3132=ADVANCED_FACE('',(#317),#2993,.T.);
#3133=ADVANCED_FACE('',(#318),#211,.F.);
#3134=ADVANCED_FACE('',(#319),#2994,.T.);
#3135=ADVANCED_FACE('',(#320),#212,.F.);
#3136=ADVANCED_FACE('',(#321),#2995,.F.);
#3137=ADVANCED_FACE('',(#322),#213,.T.);
#3138=ADVANCED_FACE('',(#323),#2996,.T.);
#3139=ADVANCED_FACE('',(#324),#2997,.T.);
#3140=ADVANCED_FACE('',(#325),#2998,.T.);
#3141=ADVANCED_FACE('',(#326),#2999,.T.);
#3142=ADVANCED_FACE('',(#327),#3000,.T.);
#3143=ADVANCED_FACE('',(#328),#214,.T.);
#3144=ADVANCED_FACE('',(#329),#38,.T.);
#3145=ADVANCED_FACE('',(#330),#215,.T.);
#3146=ADVANCED_FACE('',(#331,#15),#3001,.T.);
#3147=ADVANCED_FACE('',(#332),#3002,.F.);
#3148=ADVANCED_FACE('',(#333),#216,.T.);
#3149=ADVANCED_FACE('',(#334),#39,.T.);
#3150=ADVANCED_FACE('',(#335),#217,.T.);
#3151=ADVANCED_FACE('',(#336),#3003,.F.);
#3152=ADVANCED_FACE('',(#337),#218,.T.);
#3153=ADVANCED_FACE('',(#338),#3004,.F.);
#3154=ADVANCED_FACE('',(#339),#3005,.F.);
#3155=ADVANCED_FACE('',(#340),#219,.T.);
#3156=ADVANCED_FACE('',(#341),#40,.T.);
#3157=ADVANCED_FACE('',(#342),#220,.T.);
#3158=ADVANCED_FACE('',(#343),#3006,.T.);
#3159=ADVANCED_FACE('',(#344),#3007,.T.);
#3160=ADVANCED_FACE('',(#345),#221,.T.);
#3161=ADVANCED_FACE('',(#346),#41,.T.);
#3162=ADVANCED_FACE('',(#347),#222,.T.);
#3163=ADVANCED_FACE('',(#348),#3008,.T.);
#3164=ADVANCED_FACE('',(#349),#223,.T.);
#3165=ADVANCED_FACE('',(#350),#3009,.T.);
#3166=ADVANCED_FACE('',(#351),#224,.F.);
#3167=ADVANCED_FACE('',(#352),#42,.F.);
#3168=ADVANCED_FACE('',(#353),#225,.F.);
#3169=ADVANCED_FACE('',(#354),#3010,.F.);
#3170=ADVANCED_FACE('',(#355),#226,.F.);
#3171=ADVANCED_FACE('',(#356),#3011,.T.);
#3172=ADVANCED_FACE('',(#357),#227,.F.);
#3173=ADVANCED_FACE('',(#358),#43,.F.);
#3174=ADVANCED_FACE('',(#359),#228,.F.);
#3175=ADVANCED_FACE('',(#360),#3012,.T.);
#3176=ADVANCED_FACE('',(#361),#3013,.F.);
#3177=ADVANCED_FACE('',(#362),#229,.T.);
#3178=ADVANCED_FACE('',(#363),#3014,.F.);
#3179=ADVANCED_FACE('',(#364),#230,.T.);
#3180=ADVANCED_FACE('',(#365),#3015,.F.);
#3181=ADVANCED_FACE('',(#366),#3016,.F.);
#3182=ADVANCED_FACE('',(#367),#3017,.F.);
#3183=ADVANCED_FACE('',(#368),#3018,.F.);
#3184=ADVANCED_FACE('',(#369),#3019,.F.);
#3185=ADVANCED_FACE('',(#370),#3020,.F.);
#3186=ADVANCED_FACE('',(#371),#3021,.F.);
#3187=ADVANCED_FACE('',(#372),#3022,.F.);
#3188=ADVANCED_FACE('',(#373),#3023,.F.);
#3189=ADVANCED_FACE('',(#374),#3024,.F.);
#3190=ADVANCED_FACE('',(#375),#3025,.F.);
#3191=ADVANCED_FACE('',(#376),#3026,.F.);
#3192=ADVANCED_FACE('',(#377),#3027,.F.);
#3193=ADVANCED_FACE('',(#378),#3028,.F.);
#3194=ADVANCED_FACE('',(#379),#3029,.F.);
#3195=ADVANCED_FACE('',(#380),#3030,.F.);
#3196=ADVANCED_FACE('',(#381),#3031,.F.);
#3197=ADVANCED_FACE('',(#382),#3032,.F.);
#3198=ADVANCED_FACE('',(#383),#3033,.T.);
#3199=ADVANCED_FACE('',(#384),#3034,.T.);
#3200=ADVANCED_FACE('',(#385),#3035,.T.);
#3201=ADVANCED_FACE('',(#386),#3036,.F.);
#3202=ADVANCED_FACE('',(#387),#3037,.T.);
#3203=ADVANCED_FACE('',(#388),#3038,.F.);
#3204=ADVANCED_FACE('',(#389),#3039,.F.);
#3205=ADVANCED_FACE('',(#390),#3040,.T.);
#3206=ADVANCED_FACE('',(#391),#3041,.T.);
#3207=ADVANCED_FACE('',(#392),#3042,.T.);
#3208=ADVANCED_FACE('',(#393),#3043,.F.);
#3209=ADVANCED_FACE('',(#394),#3044,.F.);
#3210=ADVANCED_FACE('',(#395),#3045,.T.);
#3211=CLOSED_SHELL('',(#3046,#3047,#3048,#3049,#3050,#3051,#3052,#3053,
#3054,#3055,#3056,#3057,#3058,#3059,#3060,#3061,#3062,#3063,#3064,#3065,
#3066,#3067,#3068,#3069,#3070,#3071,#3072,#3073,#3074,#3075,#3076,#3077,
#3078,#3079,#3080,#3081,#3082,#3083,#3084,#3085,#3086,#3087,#3088,#3089,
#3090,#3091,#3092,#3093,#3094,#3095,#3096,#3097,#3098,#3099,#3100,#3101,
#3102,#3103,#3104,#3105,#3106,#3107,#3108,#3109,#3110,#3111,#3112,#3113,
#3114,#3115,#3116,#3117,#3118,#3119,#3120,#3121,#3122,#3123,#3124,#3125,
#3126,#3127,#3128,#3129,#3130,#3131,#3132,#3133,#3134,#3135,#3136,#3137,
#3138,#3139,#3140,#3141,#3142,#3143,#3144,#3145,#3146,#3147,#3148,#3149,
#3150,#3151,#3152,#3153,#3154,#3155,#3156,#3157,#3158,#3159,#3160,#3161,
#3162,#3163,#3164,#3165,#3166,#3167,#3168,#3169,#3170,#3171,#3172,#3173,
#3174,#3175,#3176,#3177,#3178,#3179,#3180,#3181,#3182,#3183,#3184,#3185,
#3186,#3187,#3188,#3189,#3190,#3191,#3192,#3193,#3194,#3195,#3196,#3197,
#3198,#3199,#3200,#3201,#3202,#3203,#3204,#3205,#3206,#3207,#3208,#3209,
#3210));
#3212=DERIVED_UNIT_ELEMENT(#3214,1.);
#3213=DERIVED_UNIT_ELEMENT(#5437,-3.);
#3214=(
MASS_UNIT()
NAMED_UNIT(*)
SI_UNIT(.KILO.,.GRAM.)
);
#3215=DERIVED_UNIT((#3212,#3213));
#3216=MEASURE_REPRESENTATION_ITEM('density measure',
POSITIVE_RATIO_MEASURE(7850.),#3215);
#3217=PROPERTY_DEFINITION_REPRESENTATION(#3222,#3219);
#3218=PROPERTY_DEFINITION_REPRESENTATION(#3223,#3220);
#3219=REPRESENTATION('material name',(#3221),#5434);
#3220=REPRESENTATION('density',(#3216),#5434);
#3221=DESCRIPTIVE_REPRESENTATION_ITEM('Steel','Steel');
#3222=PROPERTY_DEFINITION('material property','material name',#5444);
#3223=PROPERTY_DEFINITION('material property','density of part',#5444);
#3224=AXIS2_PLACEMENT_3D('',#4484,#3534,#3535);
#3225=AXIS2_PLACEMENT_3D('',#4485,#3536,#3537);
#3226=AXIS2_PLACEMENT_3D('',#4494,#3542,#3543);
#3227=AXIS2_PLACEMENT_3D('',#4496,#3544,#3545);
#3228=AXIS2_PLACEMENT_3D('',#4499,#3547,#3548);
#3229=AXIS2_PLACEMENT_3D('',#4500,#3549,#3550);
#3230=AXIS2_PLACEMENT_3D('',#4506,#3554,#3555);
#3231=AXIS2_PLACEMENT_3D('',#4508,#3556,#3557);
#3232=AXIS2_PLACEMENT_3D('',#4511,#3559,#3560);
#3233=AXIS2_PLACEMENT_3D('',#4512,#3561,#3562);
#3234=AXIS2_PLACEMENT_3D('',#4518,#3566,#3567);
#3235=AXIS2_PLACEMENT_3D('',#4520,#3568,#3569);
#3236=AXIS2_PLACEMENT_3D('',#4523,#3571,#3572);
#3237=AXIS2_PLACEMENT_3D('',#4524,#3573,#3574);
#3238=AXIS2_PLACEMENT_3D('',#4530,#3578,#3579);
#3239=AXIS2_PLACEMENT_3D('',#4532,#3580,#3581);
#3240=AXIS2_PLACEMENT_3D('',#4535,#3583,#3584);
#3241=AXIS2_PLACEMENT_3D('',#4536,#3585,#3586);
#3242=AXIS2_PLACEMENT_3D('',#4542,#3590,#3591);
#3243=AXIS2_PLACEMENT_3D('',#4544,#3592,#3593);
#3244=AXIS2_PLACEMENT_3D('',#4547,#3595,#3596);
#3245=AXIS2_PLACEMENT_3D('',#4548,#3597,#3598);
#3246=AXIS2_PLACEMENT_3D('',#4554,#3602,#3603);
#3247=AXIS2_PLACEMENT_3D('',#4556,#3604,#3605);
#3248=AXIS2_PLACEMENT_3D('',#4559,#3607,#3608);
#3249=AXIS2_PLACEMENT_3D('',#4560,#3609,#3610);
#3250=AXIS2_PLACEMENT_3D('',#4566,#3614,#3615);
#3251=AXIS2_PLACEMENT_3D('',#4568,#3616,#3617);
#3252=AXIS2_PLACEMENT_3D('',#4571,#3619,#3620);
#3253=AXIS2_PLACEMENT_3D('',#4572,#3621,#3622);
#3254=AXIS2_PLACEMENT_3D('',#4578,#3626,#3627);
#3255=AXIS2_PLACEMENT_3D('',#4580,#3628,#3629);
#3256=AXIS2_PLACEMENT_3D('',#4583,#3631,#3632);
#3257=AXIS2_PLACEMENT_3D('',#4584,#3633,#3634);
#3258=AXIS2_PLACEMENT_3D('',#4590,#3638,#3639);
#3259=AXIS2_PLACEMENT_3D('',#4592,#3640,#3641);
#3260=AXIS2_PLACEMENT_3D('',#4595,#3643,#3644);
#3261=AXIS2_PLACEMENT_3D('',#4596,#3645,#3646);
#3262=AXIS2_PLACEMENT_3D('',#4602,#3650,#3651);
#3263=AXIS2_PLACEMENT_3D('',#4604,#3652,#3653);
#3264=AXIS2_PLACEMENT_3D('',#4607,#3655,#3656);
#3265=AXIS2_PLACEMENT_3D('',#4608,#3657,#3658);
#3266=AXIS2_PLACEMENT_3D('',#4614,#3662,#3663);
#3267=AXIS2_PLACEMENT_3D('',#4616,#3664,#3665);
#3268=AXIS2_PLACEMENT_3D('',#4619,#3667,#3668);
#3269=AXIS2_PLACEMENT_3D('',#4620,#3669,#3670);
#3270=AXIS2_PLACEMENT_3D('',#4626,#3674,#3675);
#3271=AXIS2_PLACEMENT_3D('',#4628,#3676,#3677);
#3272=AXIS2_PLACEMENT_3D('',#4631,#3679,#3680);
#3273=AXIS2_PLACEMENT_3D('',#4632,#3681,#3682);
#3274=AXIS2_PLACEMENT_3D('',#4638,#3686,#3687);
#3275=AXIS2_PLACEMENT_3D('',#4640,#3688,#3689);
#3276=AXIS2_PLACEMENT_3D('',#4643,#3691,#3692);
#3277=AXIS2_PLACEMENT_3D('',#4644,#3693,#3694);
#3278=AXIS2_PLACEMENT_3D('',#4650,#3698,#3699);
#3279=AXIS2_PLACEMENT_3D('',#4652,#3700,#3701);
#3280=AXIS2_PLACEMENT_3D('',#4655,#3703,#3704);
#3281=AXIS2_PLACEMENT_3D('',#4656,#3705,#3706);
#3282=AXIS2_PLACEMENT_3D('',#4662,#3710,#3711);
#3283=AXIS2_PLACEMENT_3D('',#4664,#3712,#3713);
#3284=AXIS2_PLACEMENT_3D('',#4667,#3715,#3716);
#3285=AXIS2_PLACEMENT_3D('',#4668,#3717,#3718);
#3286=AXIS2_PLACEMENT_3D('',#4674,#3722,#3723);
#3287=AXIS2_PLACEMENT_3D('',#4676,#3724,#3725);
#3288=AXIS2_PLACEMENT_3D('',#4679,#3727,#3728);
#3289=AXIS2_PLACEMENT_3D('',#4680,#3729,#3730);
#3290=AXIS2_PLACEMENT_3D('',#4686,#3734,#3735);
#3291=AXIS2_PLACEMENT_3D('',#4688,#3736,#3737);
#3292=AXIS2_PLACEMENT_3D('',#4691,#3739,#3740);
#3293=AXIS2_PLACEMENT_3D('',#4692,#3741,#3742);
#3294=AXIS2_PLACEMENT_3D('',#4698,#3746,#3747);
#3295=AXIS2_PLACEMENT_3D('',#4700,#3748,#3749);
#3296=AXIS2_PLACEMENT_3D('',#4703,#3751,#3752);
#3297=AXIS2_PLACEMENT_3D('',#4704,#3753,#3754);
#3298=AXIS2_PLACEMENT_3D('',#4710,#3758,#3759);
#3299=AXIS2_PLACEMENT_3D('',#4712,#3760,#3761);
#3300=AXIS2_PLACEMENT_3D('',#4715,#3763,#3764);
#3301=AXIS2_PLACEMENT_3D('',#4716,#3765,#3766);
#3302=AXIS2_PLACEMENT_3D('',#4722,#3770,#3771);
#3303=AXIS2_PLACEMENT_3D('',#4724,#3772,#3773);
#3304=AXIS2_PLACEMENT_3D('',#4727,#3775,#3776);
#3305=AXIS2_PLACEMENT_3D('',#4728,#3777,#3778);
#3306=AXIS2_PLACEMENT_3D('',#4734,#3782,#3783);
#3307=AXIS2_PLACEMENT_3D('',#4736,#3784,#3785);
#3308=AXIS2_PLACEMENT_3D('',#4739,#3787,#3788);
#3309=AXIS2_PLACEMENT_3D('',#4740,#3789,#3790);
#3310=AXIS2_PLACEMENT_3D('',#4746,#3794,#3795);
#3311=AXIS2_PLACEMENT_3D('',#4748,#3796,#3797);
#3312=AXIS2_PLACEMENT_3D('',#4751,#3799,#3800);
#3313=AXIS2_PLACEMENT_3D('',#4752,#3801,#3802);
#3314=AXIS2_PLACEMENT_3D('',#4758,#3806,#3807);
#3315=AXIS2_PLACEMENT_3D('',#4760,#3808,#3809);
#3316=AXIS2_PLACEMENT_3D('',#4763,#3811,#3812);
#3317=AXIS2_PLACEMENT_3D('',#4764,#3813,#3814);
#3318=AXIS2_PLACEMENT_3D('',#4770,#3818,#3819);
#3319=AXIS2_PLACEMENT_3D('',#4772,#3820,#3821);
#3320=AXIS2_PLACEMENT_3D('',#4775,#3823,#3824);
#3321=AXIS2_PLACEMENT_3D('',#4776,#3825,#3826);
#3322=AXIS2_PLACEMENT_3D('',#4779,#3827,#3828);
#3323=AXIS2_PLACEMENT_3D('',#4783,#3830,#3831);
#3324=AXIS2_PLACEMENT_3D('',#4785,#3833,#3834);
#3325=AXIS2_PLACEMENT_3D('',#4791,#3838,#3839);
#3326=AXIS2_PLACEMENT_3D('',#4794,#3840,#3841);
#3327=AXIS2_PLACEMENT_3D('',#4798,#3843,#3844);
#3328=AXIS2_PLACEMENT_3D('',#4800,#3846,#3847);
#3329=AXIS2_PLACEMENT_3D('',#4806,#3851,#3852);
#3330=AXIS2_PLACEMENT_3D('',#4810,#3854,#3855);
#3331=AXIS2_PLACEMENT_3D('',#4813,#3857,#3858);
#3332=AXIS2_PLACEMENT_3D('',#4817,#3860,#3861);
#3333=AXIS2_PLACEMENT_3D('',#4821,#3863,#3864);
#3334=AXIS2_PLACEMENT_3D('',#4824,#3866,#3867);
#3335=AXIS2_PLACEMENT_3D('',#4828,#3869,#3870);
#3336=AXIS2_PLACEMENT_3D('',#4832,#3872,#3873);
#3337=AXIS2_PLACEMENT_3D('',#4836,#3875,#3876);
#3338=AXIS2_PLACEMENT_3D('',#4840,#3878,#3879);
#3339=AXIS2_PLACEMENT_3D('',#4844,#3881,#3882);
#3340=AXIS2_PLACEMENT_3D('',#4848,#3884,#3885);
#3341=AXIS2_PLACEMENT_3D('',#4852,#3887,#3888);
#3342=AXIS2_PLACEMENT_3D('',#4856,#3890,#3891);
#3343=AXIS2_PLACEMENT_3D('',#4860,#3893,#3894);
#3344=AXIS2_PLACEMENT_3D('',#4864,#3896,#3897);
#3345=AXIS2_PLACEMENT_3D('',#4868,#3899,#3900);
#3346=AXIS2_PLACEMENT_3D('',#4872,#3902,#3903);
#3347=AXIS2_PLACEMENT_3D('',#4876,#3905,#3906);
#3348=AXIS2_PLACEMENT_3D('',#4880,#3908,#3909);
#3349=AXIS2_PLACEMENT_3D('',#4884,#3911,#3912);
#3350=AXIS2_PLACEMENT_3D('',#4888,#3914,#3915);
#3351=AXIS2_PLACEMENT_3D('',#4891,#3917,#3918);
#3352=AXIS2_PLACEMENT_3D('',#4892,#3919,#3920);
#3353=AXIS2_PLACEMENT_3D('',#4895,#3921,#3922);
#3354=AXIS2_PLACEMENT_3D('',#4898,#3925,#3926);
#3355=AXIS2_PLACEMENT_3D('',#4900,#3928,#3929);
#3356=AXIS2_PLACEMENT_3D('',#4903,#3930,#3931);
#3357=AXIS2_PLACEMENT_3D('',#4906,#3934,#3935);
#3358=AXIS2_PLACEMENT_3D('',#4910,#3938,#3939);
#3359=AXIS2_PLACEMENT_3D('',#4912,#3940,#3941);
#3360=AXIS2_PLACEMENT_3D('',#4914,#3943,#3944);
#3361=AXIS2_PLACEMENT_3D('',#4918,#3947,#3948);
#3362=AXIS2_PLACEMENT_3D('',#4920,#3949,#3950);
#3363=AXIS2_PLACEMENT_3D('',#4922,#3952,#3953);
#3364=AXIS2_PLACEMENT_3D('',#4926,#3956,#3957);
#3365=AXIS2_PLACEMENT_3D('',#4928,#3958,#3959);
#3366=AXIS2_PLACEMENT_3D('',#4930,#3961,#3962);
#3367=AXIS2_PLACEMENT_3D('',#4932,#3963,#3964);
#3368=AXIS2_PLACEMENT_3D('',#4934,#3966,#3967);
#3369=AXIS2_PLACEMENT_3D('',#4938,#3970,#3971);
#3370=AXIS2_PLACEMENT_3D('',#4941,#3972,#3973);
#3371=AXIS2_PLACEMENT_3D('',#4944,#3976,#3977);
#3372=AXIS2_PLACEMENT_3D('',#4948,#3980,#3981);
#3373=AXIS2_PLACEMENT_3D('',#4951,#3982,#3983);
#3374=AXIS2_PLACEMENT_3D('',#4954,#3986,#3987);
#3375=AXIS2_PLACEMENT_3D('',#4958,#3990,#3991);
#3376=AXIS2_PLACEMENT_3D('',#4961,#3992,#3993);
#3377=AXIS2_PLACEMENT_3D('',#4964,#3996,#3997);
#3378=AXIS2_PLACEMENT_3D('',#4968,#4000,#4001);
#3379=AXIS2_PLACEMENT_3D('',#4971,#4002,#4003);
#3380=AXIS2_PLACEMENT_3D('',#4974,#4006,#4007);
#3381=AXIS2_PLACEMENT_3D('',#4976,#4009,#4010);
#3382=AXIS2_PLACEMENT_3D('',#4978,#4011,#4012);
#3383=AXIS2_PLACEMENT_3D('',#4980,#4014,#4015);
#3384=AXIS2_PLACEMENT_3D('',#4983,#4016,#4017);
#3385=AXIS2_PLACEMENT_3D('',#4986,#4020,#4021);
#3386=AXIS2_PLACEMENT_3D('',#4990,#4024,#4025);
#3387=AXIS2_PLACEMENT_3D('',#4991,#4026,#4027);
#3388=AXIS2_PLACEMENT_3D('',#4992,#4028,#4029);
#3389=AXIS2_PLACEMENT_3D('',#4995,#4030,#4031);
#3390=AXIS2_PLACEMENT_3D('',#4998,#4034,#4035);
#3391=AXIS2_PLACEMENT_3D('',#5000,#4037,#4038);
#3392=AXIS2_PLACEMENT_3D('',#5001,#4039,#4040);
#3393=AXIS2_PLACEMENT_3D('',#5002,#4041,#4042);
#3394=AXIS2_PLACEMENT_3D('',#5005,#4043,#4044);
#3395=AXIS2_PLACEMENT_3D('',#5008,#4047,#4048);
#3396=AXIS2_PLACEMENT_3D('',#5012,#4051,#4052);
#3397=AXIS2_PLACEMENT_3D('',#5014,#4053,#4054);
#3398=AXIS2_PLACEMENT_3D('',#5016,#4056,#4057);
#3399=AXIS2_PLACEMENT_3D('',#5018,#4059,#4060);
#3400=AXIS2_PLACEMENT_3D('',#5021,#4061,#4062);
#3401=AXIS2_PLACEMENT_3D('',#5024,#4065,#4066);
#3402=AXIS2_PLACEMENT_3D('',#5028,#4069,#4070);
#3403=AXIS2_PLACEMENT_3D('',#5031,#4071,#4072);
#3404=AXIS2_PLACEMENT_3D('',#5034,#4075,#4076);
#3405=AXIS2_PLACEMENT_3D('',#5036,#4078,#4079);
#3406=AXIS2_PLACEMENT_3D('',#5038,#4080,#4081);
#3407=AXIS2_PLACEMENT_3D('',#5040,#4083,#4084);
#3408=AXIS2_PLACEMENT_3D('',#5042,#4086,#4087);
#3409=AXIS2_PLACEMENT_3D('',#5043,#4088,#4089);
#3410=AXIS2_PLACEMENT_3D('',#5044,#4090,#4091);
#3411=AXIS2_PLACEMENT_3D('',#5048,#4094,#4095);
#3412=AXIS2_PLACEMENT_3D('',#5050,#4096,#4097);
#3413=AXIS2_PLACEMENT_3D('',#5052,#4099,#4100);
#3414=AXIS2_PLACEMENT_3D('',#5054,#4102,#4103);
#3415=AXIS2_PLACEMENT_3D('',#5056,#4105,#4106);
#3416=AXIS2_PLACEMENT_3D('',#5058,#4108,#4109);
#3417=AXIS2_PLACEMENT_3D('',#5060,#4111,#4112);
#3418=AXIS2_PLACEMENT_3D('',#5062,#4114,#4115);
#3419=AXIS2_PLACEMENT_3D('',#5065,#4116,#4117);
#3420=AXIS2_PLACEMENT_3D('',#5069,#4119,#4120);
#3421=AXIS2_PLACEMENT_3D('',#5071,#4122,#4123);
#3422=AXIS2_PLACEMENT_3D('',#5074,#4124,#4125);
#3423=AXIS2_PLACEMENT_3D('',#5075,#4126,#4127);
#3424=AXIS2_PLACEMENT_3D('',#5076,#4128,#4129);
#3425=AXIS2_PLACEMENT_3D('',#5077,#4130,#4131);
#3426=AXIS2_PLACEMENT_3D('',#5080,#4132,#4133);
#3427=AXIS2_PLACEMENT_3D('',#5083,#4136,#4137);
#3428=AXIS2_PLACEMENT_3D('',#5087,#4139,#4140);
#3429=AXIS2_PLACEMENT_3D('',#5091,#4142,#4143);
#3430=AXIS2_PLACEMENT_3D('',#5095,#4145,#4146);
#3431=AXIS2_PLACEMENT_3D('',#5097,#4148,#4149);
#3432=AXIS2_PLACEMENT_3D('',#5111,#4156,#4157);
#3433=AXIS2_PLACEMENT_3D('',#5113,#4159,#4160);
#3434=AXIS2_PLACEMENT_3D('',#5115,#4161,#4162);
#3435=AXIS2_PLACEMENT_3D('',#5118,#4164,#4165);
#3436=AXIS2_PLACEMENT_3D('',#5119,#4166,#4167);
#3437=AXIS2_PLACEMENT_3D('',#5121,#4168,#4169);
#3438=AXIS2_PLACEMENT_3D('',#5122,#4170,#4171);
#3439=AXIS2_PLACEMENT_3D('',#5123,#4172,#4173);
#3440=AXIS2_PLACEMENT_3D('',#5125,#4175,#4176);
#3441=AXIS2_PLACEMENT_3D('',#5137,#4183,#4184);
#3442=AXIS2_PLACEMENT_3D('',#5140,#4186,#4187);
#3443=AXIS2_PLACEMENT_3D('',#5142,#4188,#4189);
#3444=AXIS2_PLACEMENT_3D('',#5145,#4191,#4192);
#3445=AXIS2_PLACEMENT_3D('',#5146,#4193,#4194);
#3446=AXIS2_PLACEMENT_3D('',#5154,#4199,#4200);
#3447=AXIS2_PLACEMENT_3D('',#5160,#4203,#4204);
#3448=AXIS2_PLACEMENT_3D('',#5164,#4207,#4208);
#3449=AXIS2_PLACEMENT_3D('',#5166,#4209,#4210);
#3450=AXIS2_PLACEMENT_3D('',#5169,#4212,#4213);
#3451=AXIS2_PLACEMENT_3D('',#5170,#4214,#4215);
#3452=AXIS2_PLACEMENT_3D('',#5172,#4216,#4217);
#3453=AXIS2_PLACEMENT_3D('',#5173,#4218,#4219);
#3454=AXIS2_PLACEMENT_3D('',#5174,#4220,#4221);
#3455=AXIS2_PLACEMENT_3D('',#5176,#4223,#4224);
#3456=AXIS2_PLACEMENT_3D('',#5182,#4227,#4228);
#3457=AXIS2_PLACEMENT_3D('',#5184,#4230,#4231);
#3458=AXIS2_PLACEMENT_3D('',#5194,#4236,#4237);
#3459=AXIS2_PLACEMENT_3D('',#5198,#4239,#4240);
#3460=AXIS2_PLACEMENT_3D('',#5209,#4246,#4247);
#3461=AXIS2_PLACEMENT_3D('',#5210,#4248,#4249);
#3462=AXIS2_PLACEMENT_3D('',#5213,#4251,#4252);
#3463=AXIS2_PLACEMENT_3D('',#5214,#4253,#4254);
#3464=AXIS2_PLACEMENT_3D('',#5216,#4255,#4256);
#3465=AXIS2_PLACEMENT_3D('',#5217,#4257,#4258);
#3466=AXIS2_PLACEMENT_3D('',#5218,#4259,#4260);
#3467=AXIS2_PLACEMENT_3D('',#5220,#4262,#4263);
#3468=AXIS2_PLACEMENT_3D('',#5230,#4269,#4270);
#3469=AXIS2_PLACEMENT_3D('',#5232,#4271,#4272);
#3470=AXIS2_PLACEMENT_3D('',#5235,#4274,#4275);
#3471=AXIS2_PLACEMENT_3D('',#5237,#4277,#4278);
#3472=AXIS2_PLACEMENT_3D('',#5257,#4289,#4290);
#3473=AXIS2_PLACEMENT_3D('',#5260,#4291,#4292);
#3474=AXIS2_PLACEMENT_3D('',#5264,#4294,#4295);
#3475=AXIS2_PLACEMENT_3D('',#5266,#4297,#4298);
#3476=AXIS2_PLACEMENT_3D('',#5269,#4299,#4300);
#3477=AXIS2_PLACEMENT_3D('',#5270,#4301,#4302);
#3478=AXIS2_PLACEMENT_3D('',#5271,#4303,#4304);
#3479=AXIS2_PLACEMENT_3D('',#5272,#4305,#4306);
#3480=AXIS2_PLACEMENT_3D('',#5275,#4309,#4310);
#3481=AXIS2_PLACEMENT_3D('',#5282,#4315,#4316);
#3482=AXIS2_PLACEMENT_3D('',#5286,#4318,#4319);
#3483=AXIS2_PLACEMENT_3D('',#5290,#4321,#4322);
#3484=AXIS2_PLACEMENT_3D('',#5294,#4324,#4325);
#3485=AXIS2_PLACEMENT_3D('',#5298,#4327,#4328);
#3486=AXIS2_PLACEMENT_3D('',#5301,#4330,#4331);
#3487=AXIS2_PLACEMENT_3D('',#5302,#4332,#4333);
#3488=AXIS2_PLACEMENT_3D('',#5325,#4346,#4347);
#3489=AXIS2_PLACEMENT_3D('',#5327,#4348,#4349);
#3490=AXIS2_PLACEMENT_3D('',#5330,#4352,#4353);
#3491=AXIS2_PLACEMENT_3D('',#5332,#4354,#4355);
#3492=AXIS2_PLACEMENT_3D('',#5333,#4356,#4357);
#3493=AXIS2_PLACEMENT_3D('',#5334,#4358,#4359);
#3494=AXIS2_PLACEMENT_3D('',#5337,#4362,#4363);
#3495=AXIS2_PLACEMENT_3D('',#5341,#4366,#4367);
#3496=AXIS2_PLACEMENT_3D('',#5345,#4370,#4371);
#3497=AXIS2_PLACEMENT_3D('',#5347,#4372,#4373);
#3498=AXIS2_PLACEMENT_3D('',#5350,#4375,#4376);
#3499=AXIS2_PLACEMENT_3D('',#5351,#4377,#4378);
#3500=AXIS2_PLACEMENT_3D('',#5355,#4382,#4383);
#3501=AXIS2_PLACEMENT_3D('',#5357,#4384,#4385);
#3502=AXIS2_PLACEMENT_3D('',#5360,#4387,#4388);
#3503=AXIS2_PLACEMENT_3D('',#5361,#4389,#4390);
#3504=AXIS2_PLACEMENT_3D('',#5365,#4394,#4395);
#3505=AXIS2_PLACEMENT_3D('',#5366,#4396,#4397);
#3506=AXIS2_PLACEMENT_3D('',#5370,#4400,#4401);
#3507=AXIS2_PLACEMENT_3D('',#5372,#4403,#4404);
#3508=AXIS2_PLACEMENT_3D('',#5374,#4406,#4407);
#3509=AXIS2_PLACEMENT_3D('',#5375,#4408,#4409);
#3510=AXIS2_PLACEMENT_3D('',#5378,#4412,#4413);
#3511=AXIS2_PLACEMENT_3D('',#5379,#4414,#4415);
#3512=AXIS2_PLACEMENT_3D('',#5380,#4416,#4417);
#3513=AXIS2_PLACEMENT_3D('',#5386,#4421,#4422);
#3514=AXIS2_PLACEMENT_3D('',#5389,#4425,#4426);
#3515=AXIS2_PLACEMENT_3D('',#5391,#4428,#4429);
#3516=AXIS2_PLACEMENT_3D('',#5394,#4432,#4433);
#3517=AXIS2_PLACEMENT_3D('',#5396,#4435,#4436);
#3518=AXIS2_PLACEMENT_3D('',#5398,#4438,#4439);
#3519=AXIS2_PLACEMENT_3D('',#5401,#4442,#4443);
#3520=AXIS2_PLACEMENT_3D('',#5402,#4444,#4445);
#3521=AXIS2_PLACEMENT_3D('',#5404,#4447,#4448);
#3522=AXIS2_PLACEMENT_3D('',#5406,#4450,#4451);
#3523=AXIS2_PLACEMENT_3D('',#5407,#4452,#4453);
#3524=AXIS2_PLACEMENT_3D('',#5408,#4454,#4455);
#3525=AXIS2_PLACEMENT_3D('',#5412,#4458,#4459);
#3526=AXIS2_PLACEMENT_3D('',#5416,#4462,#4463);
#3527=AXIS2_PLACEMENT_3D('',#5420,#4466,#4467);
#3528=AXIS2_PLACEMENT_3D('',#5422,#4469,#4470);
#3529=AXIS2_PLACEMENT_3D('',#5423,#4471,#4472);
#3530=AXIS2_PLACEMENT_3D('',#5427,#4475,#4476);
#3531=AXIS2_PLACEMENT_3D('',#5429,#4478,#4479);
#3532=AXIS2_PLACEMENT_3D('',#5430,#4480,#4481);
#3533=AXIS2_PLACEMENT_3D('',#5431,#4482,#4483);
#3534=DIRECTION('axis',(0.,0.,1.));
#3535=DIRECTION('refdir',(1.,0.,0.));
#3536=DIRECTION('center_axis',(1.,-9.81984884532571E-16,0.));
#3537=DIRECTION('ref_axis',(0.,0.,-1.));
#3538=DIRECTION('',(-9.81984884532571E-16,-1.,-6.9258245874191E-13));
#3539=DIRECTION('',(0.,0.,1.));
#3540=DIRECTION('',(-9.81984884532571E-16,-1.,0.));
#3541=DIRECTION('',(0.,0.,-1.));
#3542=DIRECTION('center_axis',(0.,0.,1.));
#3543=DIRECTION('ref_axis',(-0.707106781186548,0.707106781186548,0.));
#3544=DIRECTION('center_axis',(1.1646352963332E-17,-6.9258245874191E-13,
1.));
#3545=DIRECTION('ref_axis',(-0.707106781186548,0.707106781186548,0.));
#3546=DIRECTION('',(0.,0.,-1.));
#3547=DIRECTION('center_axis',(0.,0.,1.));
#3548=DIRECTION('ref_axis',(-0.707106781186548,0.707106781186548,0.));
#3549=DIRECTION('center_axis',(-9.81984884532571E-16,-1.,0.));
#3550=DIRECTION('ref_axis',(-1.,9.81984884532571E-16,0.));
#3551=DIRECTION('',(-1.,9.81984884532571E-16,1.16463529640121E-17));
#3552=DIRECTION('',(0.,0.,1.));
#3553=DIRECTION('',(-1.,9.81984884532571E-16,0.));
#3554=DIRECTION('center_axis',(0.,0.,1.));
#3555=DIRECTION('ref_axis',(0.707106781186554,0.707106781186541,0.));
#3556=DIRECTION('center_axis',(1.1646352963332E-17,-6.9258245874191E-13,
1.));
#3557=DIRECTION('ref_axis',(0.707106781186554,0.707106781186541,0.));
#3558=DIRECTION('',(0.,0.,-1.));
#3559=DIRECTION('center_axis',(0.,0.,1.));
#3560=DIRECTION('ref_axis',(0.707106781186554,0.707106781186541,0.));
#3561=DIRECTION('center_axis',(-1.,0.,0.));
#3562=DIRECTION('ref_axis',(0.,1.,0.));
#3563=DIRECTION('',(0.,1.,6.9258245874191E-13));
#3564=DIRECTION('',(0.,0.,1.));
#3565=DIRECTION('',(0.,1.,0.));
#3566=DIRECTION('center_axis',(0.,0.,1.));
#3567=DIRECTION('ref_axis',(-0.70710678118656,-0.707106781186535,0.));
#3568=DIRECTION('center_axis',(-1.1646352963332E-17,6.9258245874191E-13,
-1.));
#3569=DIRECTION('ref_axis',(-0.70710678118656,-0.707106781186535,0.));
#3570=DIRECTION('',(0.,0.,-1.));
#3571=DIRECTION('center_axis',(0.,0.,-1.));
#3572=DIRECTION('ref_axis',(-0.70710678118656,-0.707106781186535,0.));
#3573=DIRECTION('center_axis',(-5.05641269801038E-16,-1.,0.));
#3574=DIRECTION('ref_axis',(-1.,5.05641269801038E-16,0.));
#3575=DIRECTION('',(-1.,5.05641269801038E-16,1.16463529636822E-17));
#3576=DIRECTION('',(0.,0.,1.));
#3577=DIRECTION('',(-1.,5.05641269801038E-16,0.));
#3578=DIRECTION('center_axis',(0.,0.,1.));
#3579=DIRECTION('ref_axis',(0.707106781186548,-0.707106781186548,0.));
#3580=DIRECTION('center_axis',(-1.1646352963332E-17,6.9258245874191E-13,
-1.));
#3581=DIRECTION('ref_axis',(0.707106781186548,-0.707106781186548,0.));
#3582=DIRECTION('',(0.,0.,-1.));
#3583=DIRECTION('center_axis',(0.,0.,-1.));
#3584=DIRECTION('ref_axis',(0.707106781186548,-0.707106781186548,0.));
#3585=DIRECTION('center_axis',(1.,0.,0.));
#3586=DIRECTION('ref_axis',(0.,-1.,0.));
#3587=DIRECTION('',(0.,-1.,-6.9258245874191E-13));
#3588=DIRECTION('',(0.,0.,1.));
#3589=DIRECTION('',(0.,-1.,0.));
#3590=DIRECTION('center_axis',(0.,0.,1.));
#3591=DIRECTION('ref_axis',(-0.707106781186548,0.707106781186548,0.));
#3592=DIRECTION('center_axis',(1.1646352963332E-17,-6.9258245874191E-13,
1.));
#3593=DIRECTION('ref_axis',(-0.707106781186548,0.707106781186548,0.));
#3594=DIRECTION('',(0.,0.,-1.));
#3595=DIRECTION('center_axis',(0.,0.,1.));
#3596=DIRECTION('ref_axis',(-0.707106781186548,0.707106781186548,0.));
#3597=DIRECTION('center_axis',(0.,-1.,0.));
#3598=DIRECTION('ref_axis',(-1.,0.,0.));
#3599=DIRECTION('',(-1.,0.,1.1646352963332E-17));
#3600=DIRECTION('',(0.,0.,1.));
#3601=DIRECTION('',(-1.,0.,0.));
#3602=DIRECTION('center_axis',(0.,0.,1.));
#3603=DIRECTION('ref_axis',(0.707106781186548,0.707106781186548,0.));
#3604=DIRECTION('center_axis',(1.1646352963332E-17,-6.9258245874191E-13,
1.));
#3605=DIRECTION('ref_axis',(0.707106781186548,0.707106781186548,0.));
#3606=DIRECTION('',(0.,0.,-1.));
#3607=DIRECTION('center_axis',(0.,0.,1.));
#3608=DIRECTION('ref_axis',(0.707106781186548,0.707106781186548,0.));
#3609=DIRECTION('center_axis',(-1.,0.,0.));
#3610=DIRECTION('ref_axis',(0.,1.,0.));
#3611=DIRECTION('',(0.,1.,6.9258245874191E-13));
#3612=DIRECTION('',(0.,0.,1.));
#3613=DIRECTION('',(0.,1.,0.));
#3614=DIRECTION('center_axis',(0.,0.,1.));
#3615=DIRECTION('ref_axis',(-0.707106781186548,-0.707106781186548,0.));
#3616=DIRECTION('center_axis',(-1.1646352963332E-17,6.9258245874191E-13,
-1.));
#3617=DIRECTION('ref_axis',(-0.707106781186548,-0.707106781186548,0.));
#3618=DIRECTION('',(0.,0.,-1.));
#3619=DIRECTION('center_axis',(0.,0.,-1.));
#3620=DIRECTION('ref_axis',(-0.707106781186548,-0.707106781186548,0.));
#3621=DIRECTION('center_axis',(0.,-1.,0.));
#3622=DIRECTION('ref_axis',(-1.,0.,0.));
#3623=DIRECTION('',(-1.,0.,1.1646352963332E-17));
#3624=DIRECTION('',(0.,0.,1.));
#3625=DIRECTION('',(-1.,0.,0.));
#3626=DIRECTION('center_axis',(0.,0.,1.));
#3627=DIRECTION('ref_axis',(0.707106781186548,-0.707106781186548,0.));
#3628=DIRECTION('center_axis',(-1.1646352963332E-17,6.9258245874191E-13,
-1.));
#3629=DIRECTION('ref_axis',(0.707106781186548,-0.707106781186548,0.));
#3630=DIRECTION('',(0.,0.,-1.));
#3631=DIRECTION('center_axis',(0.,0.,-1.));
#3632=DIRECTION('ref_axis',(0.707106781186548,-0.707106781186548,0.));
#3633=DIRECTION('center_axis',(1.,0.,0.));
#3634=DIRECTION('ref_axis',(0.,-1.,0.));
#3635=DIRECTION('',(0.,-1.,-6.9258245874191E-13));
#3636=DIRECTION('',(0.,0.,1.));
#3637=DIRECTION('',(0.,-1.,0.));
#3638=DIRECTION('center_axis',(0.,0.,1.));
#3639=DIRECTION('ref_axis',(-0.707106781186548,0.707106781186548,0.));
#3640=DIRECTION('center_axis',(1.1646352963332E-17,-6.9258245874191E-13,
1.));
#3641=DIRECTION('ref_axis',(-0.707106781186548,0.707106781186548,0.));
#3642=DIRECTION('',(0.,0.,-1.));
#3643=DIRECTION('center_axis',(0.,0.,1.));
#3644=DIRECTION('ref_axis',(-0.707106781186548,0.707106781186548,0.));
#3645=DIRECTION('center_axis',(0.,-1.,0.));
#3646=DIRECTION('ref_axis',(-1.,0.,0.));
#3647=DIRECTION('',(-1.,0.,1.1646352963332E-17));
#3648=DIRECTION('',(0.,0.,1.));
#3649=DIRECTION('',(-1.,0.,0.));
#3650=DIRECTION('center_axis',(0.,0.,1.));
#3651=DIRECTION('ref_axis',(0.707106781186549,0.707106781186546,0.));
#3652=DIRECTION('center_axis',(1.1646352963332E-17,-6.9258245874191E-13,
1.));
#3653=DIRECTION('ref_axis',(0.707106781186549,0.707106781186546,0.));
#3654=DIRECTION('',(0.,0.,-1.));
#3655=DIRECTION('center_axis',(0.,0.,1.));
#3656=DIRECTION('ref_axis',(0.707106781186549,0.707106781186546,0.));
#3657=DIRECTION('center_axis',(-1.,0.,0.));
#3658=DIRECTION('ref_axis',(0.,1.,0.));
#3659=DIRECTION('',(0.,1.,6.9258245874191E-13));
#3660=DIRECTION('',(0.,0.,1.));
#3661=DIRECTION('',(0.,1.,0.));
#3662=DIRECTION('center_axis',(0.,0.,1.));
#3663=DIRECTION('ref_axis',(-0.707106781186549,-0.707106781186546,0.));
#3664=DIRECTION('center_axis',(-1.1646352963332E-17,6.9258245874191E-13,
-1.));
#3665=DIRECTION('ref_axis',(-0.707106781186549,-0.707106781186546,0.));
#3666=DIRECTION('',(0.,0.,-1.));
#3667=DIRECTION('center_axis',(0.,0.,-1.));
#3668=DIRECTION('ref_axis',(-0.707106781186549,-0.707106781186546,0.));
#3669=DIRECTION('center_axis',(0.,-1.,0.));
#3670=DIRECTION('ref_axis',(-1.,0.,0.));
#3671=DIRECTION('',(-1.,0.,1.1646352963332E-17));
#3672=DIRECTION('',(0.,0.,1.));
#3673=DIRECTION('',(-1.,0.,0.));
#3674=DIRECTION('center_axis',(0.,0.,1.));
#3675=DIRECTION('ref_axis',(0.707106781186549,-0.707106781186546,0.));
#3676=DIRECTION('center_axis',(-1.1646352963332E-17,6.9258245874191E-13,
-1.));
#3677=DIRECTION('ref_axis',(0.707106781186549,-0.707106781186546,0.));
#3678=DIRECTION('',(0.,0.,-1.));
#3679=DIRECTION('center_axis',(0.,0.,-1.));
#3680=DIRECTION('ref_axis',(0.707106781186549,-0.707106781186546,0.));
#3681=DIRECTION('center_axis',(1.,-2.03327183253328E-16,0.));
#3682=DIRECTION('ref_axis',(-2.03327183253328E-16,-1.,0.));
#3683=DIRECTION('',(-2.03327183253328E-16,-1.,-6.9258245874191E-13));
#3684=DIRECTION('',(0.,0.,1.));
#3685=DIRECTION('',(-2.03327183253328E-16,-1.,0.));
#3686=DIRECTION('center_axis',(0.,0.,1.));
#3687=DIRECTION('ref_axis',(-0.707106781186549,0.707106781186546,0.));
#3688=DIRECTION('center_axis',(1.1646352963332E-17,-6.9258245874191E-13,
1.));
#3689=DIRECTION('ref_axis',(-0.707106781186549,0.707106781186546,0.));
#3690=DIRECTION('',(0.,0.,-1.));
#3691=DIRECTION('center_axis',(0.,0.,1.));
#3692=DIRECTION('ref_axis',(-0.707106781186549,0.707106781186546,0.));
#3693=DIRECTION('center_axis',(0.,-1.,0.));
#3694=DIRECTION('ref_axis',(-1.,0.,0.));
#3695=DIRECTION('',(-1.,0.,1.1646352963332E-17));
#3696=DIRECTION('',(0.,0.,1.));
#3697=DIRECTION('',(-1.,0.,0.));
#3698=DIRECTION('center_axis',(0.,0.,1.));
#3699=DIRECTION('ref_axis',(0.707106781186549,0.707106781186546,0.));
#3700=DIRECTION('center_axis',(1.1646352963332E-17,-6.9258245874191E-13,
1.));
#3701=DIRECTION('ref_axis',(0.707106781186549,0.707106781186546,0.));
#3702=DIRECTION('',(0.,0.,-1.));
#3703=DIRECTION('center_axis',(0.,0.,1.));
#3704=DIRECTION('ref_axis',(0.707106781186549,0.707106781186546,0.));
#3705=DIRECTION('center_axis',(-1.,0.,0.));
#3706=DIRECTION('ref_axis',(0.,1.,0.));
#3707=DIRECTION('',(0.,1.,6.9258245874191E-13));
#3708=DIRECTION('',(0.,0.,1.));
#3709=DIRECTION('',(0.,1.,0.));
#3710=DIRECTION('center_axis',(0.,0.,1.));
#3711=DIRECTION('ref_axis',(-0.707106781186549,-0.707106781186546,0.));
#3712=DIRECTION('center_axis',(-1.1646352963332E-17,6.9258245874191E-13,
-1.));
#3713=DIRECTION('ref_axis',(-0.707106781186549,-0.707106781186546,0.));
#3714=DIRECTION('',(0.,0.,-1.));
#3715=DIRECTION('center_axis',(0.,0.,-1.));
#3716=DIRECTION('ref_axis',(-0.707106781186549,-0.707106781186546,0.));
#3717=DIRECTION('center_axis',(5.05641269801038E-16,-1.,0.));
#3718=DIRECTION('ref_axis',(-1.,-5.05641269801038E-16,0.));
#3719=DIRECTION('',(-1.,-5.05641269801038E-16,1.16463529629818E-17));
#3720=DIRECTION('',(0.,0.,1.));
#3721=DIRECTION('',(-1.,-5.05641269801038E-16,0.));
#3722=DIRECTION('center_axis',(0.,0.,1.));
#3723=DIRECTION('ref_axis',(0.707106781186548,-0.707106781186548,0.));
#3724=DIRECTION('center_axis',(-1.1646352963332E-17,6.9258245874191E-13,
-1.));
#3725=DIRECTION('ref_axis',(0.707106781186548,-0.707106781186548,0.));
#3726=DIRECTION('',(0.,0.,-1.));
#3727=DIRECTION('center_axis',(0.,0.,-1.));
#3728=DIRECTION('ref_axis',(0.707106781186548,-0.707106781186548,0.));
#3729=DIRECTION('center_axis',(1.,0.,0.));
#3730=DIRECTION('ref_axis',(0.,-1.,0.));
#3731=DIRECTION('',(0.,-1.,-6.9258245874191E-13));
#3732=DIRECTION('',(0.,0.,1.));
#3733=DIRECTION('',(0.,-1.,0.));
#3734=DIRECTION('center_axis',(0.,0.,1.));
#3735=DIRECTION('ref_axis',(-0.707106781186548,0.707106781186548,0.));
#3736=DIRECTION('center_axis',(1.1646352963332E-17,-6.9258245874191E-13,
1.));
#3737=DIRECTION('ref_axis',(-0.707106781186548,0.707106781186548,0.));
#3738=DIRECTION('',(0.,0.,-1.));
#3739=DIRECTION('center_axis',(0.,0.,1.));
#3740=DIRECTION('ref_axis',(-0.707106781186548,0.707106781186548,0.));
#3741=DIRECTION('center_axis',(0.,-1.,0.));
#3742=DIRECTION('ref_axis',(-1.,0.,0.));
#3743=DIRECTION('',(-1.,0.,1.1646352963332E-17));
#3744=DIRECTION('',(0.,0.,1.));
#3745=DIRECTION('',(-1.,0.,0.));
#3746=DIRECTION('center_axis',(0.,0.,1.));
#3747=DIRECTION('ref_axis',(0.707106781186548,0.707106781186548,0.));
#3748=DIRECTION('center_axis',(1.1646352963332E-17,-6.9258245874191E-13,
1.));
#3749=DIRECTION('ref_axis',(0.707106781186548,0.707106781186548,0.));
#3750=DIRECTION('',(0.,0.,-1.));
#3751=DIRECTION('center_axis',(0.,0.,1.));
#3752=DIRECTION('ref_axis',(0.707106781186548,0.707106781186548,0.));
#3753=DIRECTION('center_axis',(-1.,0.,0.));
#3754=DIRECTION('ref_axis',(0.,1.,0.));
#3755=DIRECTION('',(0.,1.,6.9258245874191E-13));
#3756=DIRECTION('',(0.,0.,1.));
#3757=DIRECTION('',(0.,1.,0.));
#3758=DIRECTION('center_axis',(0.,0.,1.));
#3759=DIRECTION('ref_axis',(-0.707106781186548,-0.707106781186548,0.));
#3760=DIRECTION('center_axis',(-1.1646352963332E-17,6.9258245874191E-13,
-1.));
#3761=DIRECTION('ref_axis',(-0.707106781186548,-0.707106781186548,0.));
#3762=DIRECTION('',(0.,0.,-1.));
#3763=DIRECTION('center_axis',(0.,0.,-1.));
#3764=DIRECTION('ref_axis',(-0.707106781186548,-0.707106781186548,0.));
#3765=DIRECTION('center_axis',(0.,-1.,0.));
#3766=DIRECTION('ref_axis',(-1.,0.,0.));
#3767=DIRECTION('',(-1.,0.,1.1646352963332E-17));
#3768=DIRECTION('',(0.,0.,1.));
#3769=DIRECTION('',(-1.,0.,0.));
#3770=DIRECTION('center_axis',(0.,0.,1.));
#3771=DIRECTION('ref_axis',(0.707106781186548,-0.707106781186548,0.));
#3772=DIRECTION('center_axis',(-1.1646352963332E-17,6.9258245874191E-13,
-1.));
#3773=DIRECTION('ref_axis',(0.707106781186548,-0.707106781186548,0.));
#3774=DIRECTION('',(0.,0.,-1.));
#3775=DIRECTION('center_axis',(0.,0.,-1.));
#3776=DIRECTION('ref_axis',(0.707106781186548,-0.707106781186548,0.));
#3777=DIRECTION('center_axis',(1.,0.,0.));
#3778=DIRECTION('ref_axis',(0.,-1.,0.));
#3779=DIRECTION('',(0.,-1.,-6.9258245874191E-13));
#3780=DIRECTION('',(0.,0.,1.));
#3781=DIRECTION('',(0.,-1.,0.));
#3782=DIRECTION('center_axis',(0.,0.,1.));
#3783=DIRECTION('ref_axis',(-0.707106781186548,0.707106781186548,0.));
#3784=DIRECTION('center_axis',(1.1646352963332E-17,-6.9258245874191E-13,
1.));
#3785=DIRECTION('ref_axis',(-0.707106781186548,0.707106781186548,0.));
#3786=DIRECTION('',(0.,0.,-1.));
#3787=DIRECTION('center_axis',(0.,0.,1.));
#3788=DIRECTION('ref_axis',(-0.707106781186548,0.707106781186548,0.));
#3789=DIRECTION('center_axis',(-5.05641269801038E-16,-1.,0.));
#3790=DIRECTION('ref_axis',(-1.,5.05641269801038E-16,0.));
#3791=DIRECTION('',(-1.,5.05641269801038E-16,1.16463529636822E-17));
#3792=DIRECTION('',(0.,0.,1.));
#3793=DIRECTION('',(-1.,5.05641269801038E-16,0.));
#3794=DIRECTION('center_axis',(0.,0.,1.));
#3795=DIRECTION('ref_axis',(0.707106781186554,0.707106781186541,0.));
#3796=DIRECTION('center_axis',(1.1646352963332E-17,-6.9258245874191E-13,
1.));
#3797=DIRECTION('ref_axis',(0.707106781186554,0.707106781186541,0.));
#3798=DIRECTION('',(0.,0.,-1.));
#3799=DIRECTION('center_axis',(0.,0.,1.));
#3800=DIRECTION('ref_axis',(0.707106781186554,0.707106781186541,0.));
#3801=DIRECTION('center_axis',(-1.,0.,0.));
#3802=DIRECTION('ref_axis',(0.,1.,0.));
#3803=DIRECTION('',(0.,1.,6.9258245874191E-13));
#3804=DIRECTION('',(0.,0.,1.));
#3805=DIRECTION('',(0.,1.,0.));
#3806=DIRECTION('center_axis',(0.,0.,1.));
#3807=DIRECTION('ref_axis',(-0.70710678118656,-0.707106781186535,0.));
#3808=DIRECTION('center_axis',(-1.1646352963332E-17,6.9258245874191E-13,
-1.));
#3809=DIRECTION('ref_axis',(-0.70710678118656,-0.707106781186535,0.));
#3810=DIRECTION('',(0.,0.,-1.));
#3811=DIRECTION('center_axis',(0.,0.,-1.));
#3812=DIRECTION('ref_axis',(-0.70710678118656,-0.707106781186535,0.));
#3813=DIRECTION('center_axis',(-9.81984884532571E-16,-1.,0.));
#3814=DIRECTION('ref_axis',(-1.,9.81984884532571E-16,0.));
#3815=DIRECTION('',(-1.,9.81984884532571E-16,1.16463529640121E-17));
#3816=DIRECTION('',(0.,0.,1.));
#3817=DIRECTION('',(-1.,9.81984884532571E-16,0.));
#3818=DIRECTION('center_axis',(0.,0.,-1.));
#3819=DIRECTION('ref_axis',(0.707106781186554,0.707106781186541,0.));
#3820=DIRECTION('center_axis',(1.1646352963332E-17,-6.9258245874191E-13,
1.));
#3821=DIRECTION('ref_axis',(0.707106781186554,0.707106781186541,0.));
#3822=DIRECTION('',(0.,0.,-1.));
#3823=DIRECTION('center_axis',(0.,0.,1.));
#3824=DIRECTION('ref_axis',(0.707106781186554,0.707106781186541,0.));
#3825=DIRECTION('center_axis',(0.,0.,-1.));
#3826=DIRECTION('ref_axis',(-0.707106781186548,0.707106781186548,0.));
#3827=DIRECTION('center_axis',(-1.1646352963332E-17,6.9258245874191E-13,
-1.));
#3828=DIRECTION('ref_axis',(-0.707106781186548,0.707106781186548,0.));
#3829=DIRECTION('',(0.,0.,-1.));
#3830=DIRECTION('center_axis',(0.,0.,-1.));
#3831=DIRECTION('ref_axis',(-0.707106781186548,0.707106781186548,0.));
#3832=DIRECTION('',(0.,0.,1.));
#3833=DIRECTION('center_axis',(1.,0.,0.));
#3834=DIRECTION('ref_axis',(0.,-1.,0.));
#3835=DIRECTION('',(0.,1.,6.9258245874191E-13));
#3836=DIRECTION('',(0.,0.,1.));
#3837=DIRECTION('',(0.,-1.,0.));
#3838=DIRECTION('center_axis',(0.,0.,-1.));
#3839=DIRECTION('ref_axis',(-0.707106781186548,-0.707106781186548,0.));
#3840=DIRECTION('center_axis',(1.1646352963332E-17,-6.9258245874191E-13,
1.));
#3841=DIRECTION('ref_axis',(-0.707106781186548,-0.707106781186548,0.));
#3842=DIRECTION('',(0.,0.,-1.));
#3843=DIRECTION('center_axis',(0.,0.,1.));
#3844=DIRECTION('ref_axis',(-0.707106781186548,-0.707106781186548,0.));
#3845=DIRECTION('',(0.,0.,1.));
#3846=DIRECTION('center_axis',(0.,-1.,0.));
#3847=DIRECTION('ref_axis',(-1.,0.,0.));
#3848=DIRECTION('',(1.,0.,-1.1646352963332E-17));
#3849=DIRECTION('',(-1.,0.,0.));
#3850=DIRECTION('',(0.,0.,-1.));
#3851=DIRECTION('center_axis',(0.,0.,1.));
#3852=DIRECTION('ref_axis',(1.,0.,0.));
#3853=DIRECTION('',(0.,1.,0.));
#3854=DIRECTION('center_axis',(0.,0.,-1.));
#3855=DIRECTION('ref_axis',(0.707106781186548,0.707106781186548,0.));
#3856=DIRECTION('',(-1.,0.,0.));
#3857=DIRECTION('center_axis',(0.,0.,1.));
#3858=DIRECTION('ref_axis',(0.707106781186548,-0.707106781186548,0.));
#3859=DIRECTION('',(-1.,5.05641269801038E-16,0.));
#3860=DIRECTION('center_axis',(0.,0.,1.));
#3861=DIRECTION('ref_axis',(-0.707106781186554,-0.707106781186541,0.));
#3862=DIRECTION('',(0.,1.,0.));
#3863=DIRECTION('center_axis',(0.,0.,-1.));
#3864=DIRECTION('ref_axis',(0.707106781186554,0.707106781186541,0.));
#3865=DIRECTION('',(-1.,9.81984884532571E-16,0.));
#3866=DIRECTION('center_axis',(0.,0.,1.));
#3867=DIRECTION('ref_axis',(-0.70710678118656,-0.707106781186535,0.));
#3868=DIRECTION('',(-9.81984884532571E-16,-1.,0.));
#3869=DIRECTION('center_axis',(0.,0.,1.));
#3870=DIRECTION('ref_axis',(0.707106781186554,-0.707106781186541,0.));
#3871=DIRECTION('',(-1.,9.81984884532571E-16,0.));
#3872=DIRECTION('center_axis',(0.,0.,1.));
#3873=DIRECTION('ref_axis',(-0.707106781186554,-0.707106781186541,0.));
#3874=DIRECTION('',(0.,1.,0.));
#3875=DIRECTION('center_axis',(0.,0.,-1.));
#3876=DIRECTION('ref_axis',(0.707106781186554,0.707106781186541,0.));
#3877=DIRECTION('',(-1.,5.05641269801038E-16,0.));
#3878=DIRECTION('center_axis',(0.,0.,-1.));
#3879=DIRECTION('ref_axis',(-0.707106781186541,0.707106781186554,0.));
#3880=DIRECTION('',(0.,-1.,0.));
#3881=DIRECTION('center_axis',(0.,0.,1.));
#3882=DIRECTION('ref_axis',(0.707106781186548,-0.707106781186548,0.));
#3883=DIRECTION('',(-1.,0.,0.));
#3884=DIRECTION('center_axis',(0.,0.,1.));
#3885=DIRECTION('ref_axis',(-0.707106781186548,-0.707106781186548,0.));
#3886=DIRECTION('',(0.,1.,0.));
#3887=DIRECTION('center_axis',(0.,0.,-1.));
#3888=DIRECTION('ref_axis',(0.707106781186548,0.707106781186548,0.));
#3889=DIRECTION('',(-1.,0.,0.));
#3890=DIRECTION('center_axis',(0.,0.,-1.));
#3891=DIRECTION('ref_axis',(-0.707106781186548,0.707106781186548,0.));
#3892=DIRECTION('',(0.,-1.,0.));
#3893=DIRECTION('center_axis',(0.,0.,1.));
#3894=DIRECTION('ref_axis',(0.707106781186548,-0.707106781186548,0.));
#3895=DIRECTION('',(-1.,-5.05641269801038E-16,0.));
#3896=DIRECTION('center_axis',(0.,0.,1.));
#3897=DIRECTION('ref_axis',(-0.707106781186549,-0.707106781186546,0.));
#3898=DIRECTION('',(0.,1.,0.));
#3899=DIRECTION('center_axis',(0.,0.,-1.));
#3900=DIRECTION('ref_axis',(0.707106781186549,0.707106781186546,0.));
#3901=DIRECTION('',(-1.,0.,0.));
#3902=DIRECTION('center_axis',(0.,0.,-1.));
#3903=DIRECTION('ref_axis',(-0.707106781186549,0.707106781186546,0.));
#3904=DIRECTION('',(-2.03327183253328E-16,-1.,0.));
#3905=DIRECTION('center_axis',(0.,0.,1.));
#3906=DIRECTION('ref_axis',(0.707106781186549,-0.707106781186546,0.));
#3907=DIRECTION('',(-1.,0.,0.));
#3908=DIRECTION('center_axis',(0.,0.,1.));
#3909=DIRECTION('ref_axis',(-0.707106781186548,-0.707106781186548,0.));
#3910=DIRECTION('',(0.,1.,0.));
#3911=DIRECTION('center_axis',(0.,0.,-1.));
#3912=DIRECTION('ref_axis',(0.707106781186548,0.707106781186548,0.));
#3913=DIRECTION('',(-1.,0.,0.));
#3914=DIRECTION('center_axis',(0.,0.,-1.));
#3915=DIRECTION('ref_axis',(-0.707106781186548,0.707106781186548,0.));
#3916=DIRECTION('',(0.,-1.,0.));
#3917=DIRECTION('center_axis',(0.,0.,1.));
#3918=DIRECTION('ref_axis',(0.707106781186548,-0.707106781186548,0.));
#3919=DIRECTION('center_axis',(0.,0.,-1.));
#3920=DIRECTION('ref_axis',(0.707106781186548,0.707106781186548,0.));
#3921=DIRECTION('center_axis',(-1.1646352963332E-17,6.9258245874191E-13,
-1.));
#3922=DIRECTION('ref_axis',(0.707106781186548,0.707106781186548,0.));
#3923=DIRECTION('',(0.,0.,-1.));
#3924=DIRECTION('',(0.,0.,1.));
#3925=DIRECTION('center_axis',(0.,-1.,0.));
#3926=DIRECTION('ref_axis',(-1.,0.,0.));
#3927=DIRECTION('',(1.,0.,-1.1646352963332E-17));
#3928=DIRECTION('center_axis',(0.,0.,-1.));
#3929=DIRECTION('ref_axis',(0.707106781186549,-0.707106781186546,0.));
#3930=DIRECTION('center_axis',(1.1646352963332E-17,-6.9258245874191E-13,
1.));
#3931=DIRECTION('ref_axis',(0.707106781186549,-0.707106781186546,0.));
#3932=DIRECTION('',(0.,0.,-1.));
#3933=DIRECTION('',(0.,0.,1.));
#3934=DIRECTION('center_axis',(1.,-2.03327183253328E-16,0.));
#3935=DIRECTION('ref_axis',(-2.03327183253328E-16,-1.,0.));
#3936=DIRECTION('',(2.03327183253328E-16,1.,6.9258245874191E-13));
#3937=DIRECTION('',(0.,0.,-1.));
#3938=DIRECTION('center_axis',(0.,0.,-1.));
#3939=DIRECTION('ref_axis',(0.707106781186548,-0.707106781186548,0.));
#3940=DIRECTION('center_axis',(1.1646352963332E-17,-6.9258245874191E-13,
1.));
#3941=DIRECTION('ref_axis',(0.707106781186548,-0.707106781186548,0.));
#3942=DIRECTION('',(0.,0.,-1.));
#3943=DIRECTION('center_axis',(-5.05641269801038E-16,-1.,0.));
#3944=DIRECTION('ref_axis',(-1.,5.05641269801038E-16,0.));
#3945=DIRECTION('',(1.,-5.05641269801038E-16,-1.16463529636822E-17));
#3946=DIRECTION('',(0.,0.,1.));
#3947=DIRECTION('center_axis',(0.,0.,-1.));
#3948=DIRECTION('ref_axis',(-0.70710678118656,-0.707106781186535,0.));
#3949=DIRECTION('center_axis',(1.1646352963332E-17,-6.9258245874191E-13,
1.));
#3950=DIRECTION('ref_axis',(-0.70710678118656,-0.707106781186535,0.));
#3951=DIRECTION('',(0.,0.,1.));
#3952=DIRECTION('center_axis',(-9.81984884532571E-16,-1.,0.));
#3953=DIRECTION('ref_axis',(-1.,9.81984884532571E-16,0.));
#3954=DIRECTION('',(1.,-9.81984884532571E-16,-1.16463529640121E-17));
#3955=DIRECTION('',(0.,0.,-1.));
#3956=DIRECTION('center_axis',(0.,0.,-1.));
#3957=DIRECTION('ref_axis',(-0.707106781186549,0.707106781186546,0.));
#3958=DIRECTION('center_axis',(-1.1646352963332E-17,6.9258245874191E-13,
-1.));
#3959=DIRECTION('ref_axis',(-0.707106781186549,0.707106781186546,0.));
#3960=DIRECTION('',(0.,0.,1.));
#3961=DIRECTION('center_axis',(0.,0.,-1.));
#3962=DIRECTION('ref_axis',(-0.707106781186554,-0.707106781186541,0.));
#3963=DIRECTION('center_axis',(1.1646352963332E-17,-6.9258245874191E-13,
1.));
#3964=DIRECTION('ref_axis',(-0.707106781186554,-0.707106781186541,0.));
#3965=DIRECTION('',(0.,0.,-1.));
#3966=DIRECTION('center_axis',(-1.,0.,0.));
#3967=DIRECTION('ref_axis',(0.,1.,0.));
#3968=DIRECTION('',(0.,-1.,-6.9258245874191E-13));
#3969=DIRECTION('',(0.,0.,1.));
#3970=DIRECTION('center_axis',(0.,0.,-1.));
#3971=DIRECTION('ref_axis',(-0.707106781186549,-0.707106781186546,0.));
#3972=DIRECTION('center_axis',(1.1646352963332E-17,-6.9258245874191E-13,
1.));
#3973=DIRECTION('ref_axis',(-0.707106781186549,-0.707106781186546,0.));
#3974=DIRECTION('',(0.,0.,-1.));
#3975=DIRECTION('',(0.,0.,1.));
#3976=DIRECTION('center_axis',(5.05641269801038E-16,-1.,0.));
#3977=DIRECTION('ref_axis',(-1.,-5.05641269801038E-16,0.));
#3978=DIRECTION('',(1.,5.05641269801038E-16,-1.16463529629818E-17));
#3979=DIRECTION('',(0.,0.,-1.));
#3980=DIRECTION('center_axis',(0.,0.,-1.));
#3981=DIRECTION('ref_axis',(-0.707106781186548,0.707106781186548,0.));
#3982=DIRECTION('center_axis',(-1.1646352963332E-17,6.9258245874191E-13,
-1.));
#3983=DIRECTION('ref_axis',(-0.707106781186548,0.707106781186548,0.));
#3984=DIRECTION('',(0.,0.,-1.));
#3985=DIRECTION('',(0.,0.,1.));
#3986=DIRECTION('center_axis',(1.,0.,0.));
#3987=DIRECTION('ref_axis',(0.,-1.,0.));
#3988=DIRECTION('',(0.,1.,6.9258245874191E-13));
#3989=DIRECTION('',(0.,0.,1.));
#3990=DIRECTION('center_axis',(0.,0.,-1.));
#3991=DIRECTION('ref_axis',(-0.707106781186541,0.707106781186554,0.));
#3992=DIRECTION('center_axis',(-1.1646352963332E-17,6.9258245874191E-13,
-1.));
#3993=DIRECTION('ref_axis',(-0.707106781186541,0.707106781186554,0.));
#3994=DIRECTION('',(0.,0.,-1.));
#3995=DIRECTION('',(0.,0.,1.));
#3996=DIRECTION('center_axis',(1.,0.,0.));
#3997=DIRECTION('ref_axis',(0.,-1.,0.));
#3998=DIRECTION('',(0.,1.,6.9258245874191E-13));
#3999=DIRECTION('',(0.,0.,1.));
#4000=DIRECTION('center_axis',(0.,0.,-1.));
#4001=DIRECTION('ref_axis',(0.707106781186548,0.707106781186548,0.));
#4002=DIRECTION('center_axis',(-1.1646352963332E-17,6.9258245874191E-13,
-1.));
#4003=DIRECTION('ref_axis',(0.707106781186548,0.707106781186548,0.));
#4004=DIRECTION('',(0.,0.,-1.));
#4005=DIRECTION('',(0.,0.,1.));
#4006=DIRECTION('center_axis',(0.,-1.,0.));
#4007=DIRECTION('ref_axis',(-1.,0.,0.));
#4008=DIRECTION('',(1.,0.,-1.1646352963332E-17));
#4009=DIRECTION('center_axis',(0.,0.,-1.));
#4010=DIRECTION('ref_axis',(0.707106781186548,-0.707106781186548,0.));
#4011=DIRECTION('center_axis',(1.1646352963332E-17,-6.9258245874191E-13,
1.));
#4012=DIRECTION('ref_axis',(0.707106781186548,-0.707106781186548,0.));
#4013=DIRECTION('',(0.,0.,1.));
#4014=DIRECTION('center_axis',(0.,0.,-1.));
#4015=DIRECTION('ref_axis',(-0.707106781186548,-0.707106781186548,0.));
#4016=DIRECTION('center_axis',(1.1646352963332E-17,-6.9258245874191E-13,
1.));
#4017=DIRECTION('ref_axis',(-0.707106781186548,-0.707106781186548,0.));
#4018=DIRECTION('',(0.,0.,-1.));
#4019=DIRECTION('',(0.,0.,1.));
#4020=DIRECTION('center_axis',(0.,-1.,0.));
#4021=DIRECTION('ref_axis',(-1.,0.,0.));
#4022=DIRECTION('',(1.,0.,-1.1646352963332E-17));
#4023=DIRECTION('',(0.,0.,-1.));
#4024=DIRECTION('center_axis',(0.,0.,-1.));
#4025=DIRECTION('ref_axis',(0.707106781186548,-0.707106781186548,0.));
#4026=DIRECTION('center_axis',(1.1646352963332E-17,-6.9258245874191E-13,
1.));
#4027=DIRECTION('ref_axis',(0.707106781186548,-0.707106781186548,0.));
#4028=DIRECTION('center_axis',(0.,0.,-1.));
#4029=DIRECTION('ref_axis',(-0.707106781186548,-0.707106781186548,0.));
#4030=DIRECTION('center_axis',(1.1646352963332E-17,-6.9258245874191E-13,
1.));
#4031=DIRECTION('ref_axis',(-0.707106781186548,-0.707106781186548,0.));
#4032=DIRECTION('',(0.,0.,-1.));
#4033=DIRECTION('',(0.,0.,1.));
#4034=DIRECTION('center_axis',(0.,-1.,0.));
#4035=DIRECTION('ref_axis',(-1.,0.,0.));
#4036=DIRECTION('',(1.,0.,-1.1646352963332E-17));
#4037=DIRECTION('center_axis',(0.,0.,-1.));
#4038=DIRECTION('ref_axis',(0.707106781186548,-0.707106781186548,0.));
#4039=DIRECTION('center_axis',(1.1646352963332E-17,-6.9258245874191E-13,
1.));
#4040=DIRECTION('ref_axis',(0.707106781186548,-0.707106781186548,0.));
#4041=DIRECTION('center_axis',(0.,0.,-1.));
#4042=DIRECTION('ref_axis',(-0.707106781186554,-0.707106781186541,0.));
#4043=DIRECTION('center_axis',(1.1646352963332E-17,-6.9258245874191E-13,
1.));
#4044=DIRECTION('ref_axis',(-0.707106781186554,-0.707106781186541,0.));
#4045=DIRECTION('',(0.,0.,-1.));
#4046=DIRECTION('',(0.,0.,1.));
#4047=DIRECTION('center_axis',(-1.,0.,0.));
#4048=DIRECTION('ref_axis',(0.,1.,0.));
#4049=DIRECTION('',(0.,-1.,-6.9258245874191E-13));
#4050=DIRECTION('',(0.,0.,1.));
#4051=DIRECTION('center_axis',(0.,0.,-1.));
#4052=DIRECTION('ref_axis',(0.707106781186554,0.707106781186541,0.));
#4053=DIRECTION('center_axis',(-1.1646352963332E-17,6.9258245874191E-13,
-1.));
#4054=DIRECTION('ref_axis',(0.707106781186554,0.707106781186541,0.));
#4055=DIRECTION('',(0.,0.,-1.));
#4056=DIRECTION('center_axis',(-5.05641269801038E-16,-1.,0.));
#4057=DIRECTION('ref_axis',(-1.,5.05641269801038E-16,0.));
#4058=DIRECTION('',(1.,-5.05641269801038E-16,-1.16463529636822E-17));
#4059=DIRECTION('center_axis',(0.,0.,-1.));
#4060=DIRECTION('ref_axis',(0.707106781186548,0.707106781186548,0.));
#4061=DIRECTION('center_axis',(-1.1646352963332E-17,6.9258245874191E-13,
-1.));
#4062=DIRECTION('ref_axis',(0.707106781186548,0.707106781186548,0.));
#4063=DIRECTION('',(0.,0.,-1.));
#4064=DIRECTION('',(0.,0.,1.));
#4065=DIRECTION('center_axis',(0.,-1.,0.));
#4066=DIRECTION('ref_axis',(-1.,0.,0.));
#4067=DIRECTION('',(1.,0.,-1.1646352963332E-17));
#4068=DIRECTION('',(0.,0.,1.));
#4069=DIRECTION('center_axis',(0.,0.,-1.));
#4070=DIRECTION('ref_axis',(0.707106781186549,0.707106781186546,0.));
#4071=DIRECTION('center_axis',(-1.1646352963332E-17,6.9258245874191E-13,
-1.));
#4072=DIRECTION('ref_axis',(0.707106781186549,0.707106781186546,0.));
#4073=DIRECTION('',(0.,0.,-1.));
#4074=DIRECTION('',(0.,0.,1.));
#4075=DIRECTION('center_axis',(0.,-1.,0.));
#4076=DIRECTION('ref_axis',(-1.,0.,0.));
#4077=DIRECTION('',(1.,0.,-1.1646352963332E-17));
#4078=DIRECTION('center_axis',(0.,0.,-1.));
#4079=DIRECTION('ref_axis',(-0.707106781186548,0.707106781186548,0.));
#4080=DIRECTION('center_axis',(-1.1646352963332E-17,6.9258245874191E-13,
-1.));
#4081=DIRECTION('ref_axis',(-0.707106781186548,0.707106781186548,0.));
#4082=DIRECTION('',(0.,0.,-1.));
#4083=DIRECTION('center_axis',(1.,0.,0.));
#4084=DIRECTION('ref_axis',(0.,-1.,0.));
#4085=DIRECTION('',(0.,1.,6.9258245874191E-13));
#4086=DIRECTION('center_axis',(0.,0.,-1.));
#4087=DIRECTION('ref_axis',(0.707106781186554,0.707106781186541,0.));
#4088=DIRECTION('center_axis',(-1.1646352963332E-17,6.9258245874191E-13,
-1.));
#4089=DIRECTION('ref_axis',(0.707106781186554,0.707106781186541,0.));
#4090=DIRECTION('center_axis',(-1.,9.81984884532571E-16,0.));
#4091=DIRECTION('ref_axis',(0.,0.,1.));
#4092=DIRECTION('',(9.81984884532571E-16,1.,6.9258245874191E-13));
#4093=DIRECTION('',(0.,0.,1.));
#4094=DIRECTION('center_axis',(0.,0.,1.));
#4095=DIRECTION('ref_axis',(0.707106781186554,-0.707106781186541,0.));
#4096=DIRECTION('center_axis',(1.1646352963332E-17,-6.9258245874191E-13,
1.));
#4097=DIRECTION('ref_axis',(0.707106781186554,-0.707106781186541,0.));
#4098=DIRECTION('',(0.,0.,-1.));
#4099=DIRECTION('center_axis',(-9.81984884532571E-16,-1.,0.));
#4100=DIRECTION('ref_axis',(-1.,9.81984884532571E-16,0.));
#4101=DIRECTION('',(1.,-9.81984884532571E-16,-1.16463529640121E-17));
#4102=DIRECTION('center_axis',(-1.,0.,0.));
#4103=DIRECTION('ref_axis',(0.,1.,0.));
#4104=DIRECTION('',(0.,-1.,-6.9258245874191E-13));
#4105=DIRECTION('center_axis',(-1.,0.,0.));
#4106=DIRECTION('ref_axis',(0.,1.,0.));
#4107=DIRECTION('',(0.,-1.,-6.9258245874191E-13));
#4108=DIRECTION('center_axis',(-1.,0.,0.));
#4109=DIRECTION('ref_axis',(0.,1.,0.));
#4110=DIRECTION('',(0.,-1.,-6.9258245874191E-13));
#4111=DIRECTION('center_axis',(-1.,0.,0.));
#4112=DIRECTION('ref_axis',(0.,1.,0.));
#4113=DIRECTION('',(0.,-1.,-6.9258245874191E-13));
#4114=DIRECTION('center_axis',(-1.29415241562606E-16,0.017452406437284,
-0.999847695156391));
#4115=DIRECTION('ref_axis',(-0.707106781186548,-0.706999085398824,-0.0123407149398271));
#4116=DIRECTION('center_axis',(1.11262956887514E-15,0.017452406437284,-0.999847695156391));
#4117=DIRECTION('ref_axis',(-0.707106781186548,-0.706999085398824,-0.0123407149398271));
#4118=DIRECTION('',(-1.29415241562606E-16,0.017452406437284,-0.999847695156391));
#4119=DIRECTION('center_axis',(0.,-0.0174524064372838,0.999847695156391));
#4120=DIRECTION('ref_axis',(-1.,0.,0.));
#4121=DIRECTION('',(1.29415241562606E-16,-0.017452406437284,0.999847695156391));
#4122=DIRECTION('center_axis',(1.,-2.79578063800849E-16,-1.34315008389355E-16));
#4123=DIRECTION('ref_axis',(0.,0.,-1.));
#4124=DIRECTION('center_axis',(0.,-0.707106781186411,0.707106781186684));
#4125=DIRECTION('ref_axis',(-1.,0.,0.));
#4126=DIRECTION('center_axis',(-1.,2.79578063800849E-16,1.34315008389355E-16));
#4127=DIRECTION('ref_axis',(-3.03527710445288E-16,-0.920505061925873,-0.390730637356279));
#4128=DIRECTION('center_axis',(1.,-2.79578063800849E-16,-1.34315008389355E-16));
#4129=DIRECTION('ref_axis',(-3.09834011766603E-16,-0.920505061925873,-0.390730637356279));
#4130=DIRECTION('center_axis',(1.02716491537288E-16,0.707106781186409,-0.707106781186686));
#4131=DIRECTION('ref_axis',(-0.707106781186548,-0.500000000000097,-0.499999999999902));
#4132=DIRECTION('center_axis',(1.1646352963332E-17,-6.9258245874191E-13,
1.));
#4133=DIRECTION('ref_axis',(-2.61682076447528E-16,-1.,-6.92594130195942E-13));
#4134=DIRECTION('',(-1.02716491537288E-16,-0.707106781186409,0.707106781186686));
#4135=DIRECTION('',(1.02716491537288E-16,0.707106781186409,-0.707106781186686));
#4136=DIRECTION('center_axis',(-1.1646352963332E-17,6.9258245874191E-13,
-1.));
#4137=DIRECTION('ref_axis',(0.,1.,6.9258245874191E-13));
#4138=DIRECTION('',(-2.79578063800942E-16,-1.,-6.9258245874191E-13));
#4139=DIRECTION('center_axis',(1.1646352963332E-17,-6.9258245874191E-13,
1.));
#4140=DIRECTION('ref_axis',(2.6168207644753E-16,1.,6.92594130195945E-13));
#4141=DIRECTION('',(1.,-1.37688541490637E-16,-1.16463529634274E-17));
#4142=DIRECTION('center_axis',(1.1646352963332E-17,-6.9258245874191E-13,
1.));
#4143=DIRECTION('ref_axis',(-1.96261557335647E-16,1.,6.92594130195945E-13));
#4144=DIRECTION('',(-7.68742582702996E-29,1.,6.9258245874191E-13));
#4145=DIRECTION('center_axis',(1.1646352963332E-17,-6.9258245874191E-13,
1.));
#4146=DIRECTION('ref_axis',(-1.30841038223764E-16,-1.,-6.92594130195942E-13));
#4147=DIRECTION('',(-1.,1.41889522310213E-16,1.16463529634274E-17));
#4148=DIRECTION('center_axis',(1.,-2.79578063800849E-16,-1.34315008389355E-16));
#4149=DIRECTION('ref_axis',(2.79578063800849E-16,1.,-3.25606481185631E-33));
#4150=DIRECTION('',(2.81879602824604E-16,0.999847695156391,0.017452406437284));
#4151=DIRECTION('',(1.29415241562606E-16,-0.017452406437284,0.999847695156391));
#4152=DIRECTION('',(2.79578063800849E-16,1.,1.04471349508087E-18));
#4153=DIRECTION('',(-1.34315008389355E-16,3.26821080576332E-31,-1.));
#4154=DIRECTION('',(2.79578063800849E-16,1.,0.));
#4155=DIRECTION('',(1.39173861563024E-16,0.0174524064358942,0.999847695156416));
#4156=DIRECTION('center_axis',(1.,-2.79578063800849E-16,-1.34315008389355E-16));
#4157=DIRECTION('ref_axis',(2.04872034097954E-16,0.920505061926417,-0.390730637354999));
#4158=DIRECTION('',(2.92666598031664E-16,0.707106781185426,0.707106781187669));
#4159=DIRECTION('center_axis',(-1.39173861563024E-16,-0.0174524064358942,
-0.999847695156416));
#4160=DIRECTION('ref_axis',(-0.707106781186546,0.706999085398842,-0.0123407149388443));
#4161=DIRECTION('center_axis',(0.,0.,-1.));
#4162=DIRECTION('ref_axis',(2.54572368469787E-13,1.,0.));
#4163=DIRECTION('',(-1.39173861563024E-16,-0.0174524064358942,-0.999847695156416));
#4164=DIRECTION('center_axis',(3.70017977427017E-16,0.0174524064358939,
0.999847695156415));
#4165=DIRECTION('ref_axis',(0.,0.999847695156415,-0.0174524064358939));
#4166=DIRECTION('center_axis',(-1.,2.79578063800849E-16,1.34315008389355E-16));
#4167=DIRECTION('ref_axis',(0.,0.,1.));
#4168=DIRECTION('center_axis',(0.,0.707106781185428,0.707106781187667));
#4169=DIRECTION('ref_axis',(0.,0.707106781187667,-0.707106781185428));
#4170=DIRECTION('center_axis',(-1.,2.79578063800849E-16,1.34315008389355E-16));
#4171=DIRECTION('ref_axis',(2.1680550746092E-16,0.920505061926417,-0.390730637354999));
#4172=DIRECTION('center_axis',(-2.92666598031664E-16,-0.707106781185426,
-0.707106781187669));
#4173=DIRECTION('ref_axis',(-0.707106781186548,0.500000000000792,-0.499999999999207));
#4174=DIRECTION('',(-2.92666598031664E-16,-0.707106781185426,-0.707106781187669));
#4175=DIRECTION('center_axis',(-8.91252862233503E-17,-0.707106781187669,
0.707106781185426));
#4176=DIRECTION('ref_axis',(-3.50430623771641E-17,-0.707106781185426,-0.707106781187669));
#4177=DIRECTION('',(1.,-1.37688541490637E-16,-1.16463529634274E-17));
#4178=DIRECTION('',(-0.0617457854184616,-0.705757556806832,-0.70575755680907));
#4179=DIRECTION('',(1.,-2.71918510459769E-16,-1.45876321932986E-16));
#4180=DIRECTION('',(-0.0617457854184611,0.705757556806832,0.70575755680907));
#4181=DIRECTION('',(1.,-1.37688541490637E-16,-1.16463529634274E-17));
#4182=DIRECTION('',(-7.85046229343022E-17,0.707106781185426,0.707106781187669));
#4183=DIRECTION('center_axis',(-1.,1.37688541490637E-16,1.16463529634274E-17));
#4184=DIRECTION('ref_axis',(1.37464328963461E-16,0.999847713779214,-0.0174513395038704));
#4185=DIRECTION('',(-1.,1.41889522310213E-16,1.16463529634274E-17));
#4186=DIRECTION('center_axis',(1.,-1.8056029121095E-32,1.110223024625E-16));
#4187=DIRECTION('ref_axis',(4.33611014921841E-17,0.920505061926417,-0.390730637355));
#4188=DIRECTION('center_axis',(0.996194698091746,-1.20984118436253E-13,
0.087155742747658));
#4189=DIRECTION('ref_axis',(0.087155742747658,1.38154084742785E-12,-0.996194698091746));
#4190=DIRECTION('',(1.,-1.37688541490637E-16,-1.16463529634274E-17));
#4191=DIRECTION('center_axis',(-0.996194698091746,-1.20705604251392E-13,
0.0871557427476583));
#4192=DIRECTION('ref_axis',(-0.0871557427476583,1.38134106546808E-12,-0.996194698091746));
#4193=DIRECTION('center_axis',(-1.37464313973448E-16,-0.999847695156416,
0.0174524064358942));
#4194=DIRECTION('ref_axis',(-2.61455445075854E-16,-0.0174524064358942,-0.999847695156416));
#4195=DIRECTION('',(1.,-1.37485253643499E-16,0.));
#4196=DIRECTION('',(0.,0.0174524064358942,0.999847695156416));
#4197=DIRECTION('',(-1.,4.20098081940557E-18,1.34315008389078E-16));
#4198=DIRECTION('',(-1.11005393228089E-16,0.0174524064358942,0.999847695156416));
#4199=DIRECTION('center_axis',(0.,0.,-1.));
#4200=DIRECTION('ref_axis',(-1.,0.,0.));
#4201=DIRECTION('',(-1.,2.43324319817587E-15,0.));
#4202=DIRECTION('',(-2.79578063800849E-16,-1.,0.));
#4203=DIRECTION('center_axis',(0.,0.,1.));
#4204=DIRECTION('ref_axis',(2.86185779416207E-13,1.,0.));
#4205=DIRECTION('',(-1.,1.37485253643499E-16,0.));
#4206=DIRECTION('',(0.,-1.,0.));
#4207=DIRECTION('center_axis',(1.11005393228089E-16,-0.0174524064358942,
-0.999847695156416));
#4208=DIRECTION('ref_axis',(0.707106781186549,0.70699908539884,-0.0123407149388443));
#4209=DIRECTION('center_axis',(-1.16463529634274E-17,1.04471349508088E-18,
-1.));
#4210=DIRECTION('ref_axis',(-7.57611808781814E-13,1.,1.02203992578812E-18));
#4211=DIRECTION('',(1.11005393228089E-16,-0.0174524064358942,-0.999847695156416));
#4212=DIRECTION('center_axis',(0.,0.0174524064358939,0.999847695156415));
#4213=DIRECTION('ref_axis',(1.,0.,0.));
#4214=DIRECTION('center_axis',(-1.,1.8056029121095E-32,-1.110223024625E-16));
#4215=DIRECTION('ref_axis',(0.,0.,1.));
#4216=DIRECTION('center_axis',(0.,0.707106781185427,0.707106781187668));
#4217=DIRECTION('ref_axis',(1.,0.,0.));
#4218=DIRECTION('center_axis',(-1.,1.8056029121095E-32,-1.110223024625E-16));
#4219=DIRECTION('ref_axis',(4.33798150017922E-17,0.920505061926417,-0.390730637355));
#4220=DIRECTION('center_axis',(7.85046229343022E-17,-0.707106781185426,
-0.707106781187669));
#4221=DIRECTION('ref_axis',(0.707106781186549,0.500000000000792,-0.499999999999206));
#4222=DIRECTION('',(7.85046229343022E-17,-0.707106781185426,-0.707106781187669));
#4223=DIRECTION('center_axis',(1.,-1.8056029121095E-32,1.110223024625E-16));
#4224=DIRECTION('ref_axis',(1.8056029121095E-32,1.,2.3879204655766E-50));
#4225=DIRECTION('',(2.75377082981366E-16,1.,7.00739943088024E-13));
#4226=DIRECTION('',(-1.11005393228086E-16,-0.017452406437284,0.999847695156391));
#4227=DIRECTION('center_axis',(-1.,1.8056029121095E-32,-1.110223024625E-16));
#4228=DIRECTION('ref_axis',(4.33798150019342E-17,-0.920505061925873,-0.390730637356279));
#4229=DIRECTION('',(-7.85046229341931E-17,-0.707106781186409,0.707106781186686));
#4230=DIRECTION('center_axis',(1.16463529634274E-17,-1.04471349508088E-18,
1.));
#4231=DIRECTION('ref_axis',(4.37535865904968E-18,-1.,-1.04471349508088E-18));
#4232=DIRECTION('',(0.,-1.,-1.04471349508088E-18));
#4233=DIRECTION('',(-1.,1.41889522310213E-16,1.16463529634274E-17));
#4234=DIRECTION('',(1.,-1.37688541490637E-16,-1.16463529634274E-17));
#4235=DIRECTION('',(1.,-1.37688541490637E-16,-1.16463529634274E-17));
#4236=DIRECTION('center_axis',(1.16463529634274E-17,-1.04471349508088E-18,
1.));
#4237=DIRECTION('ref_axis',(-2.86185779416207E-13,1.,1.53305988867243E-18));
#4238=DIRECTION('',(-2.75377082981366E-16,-1.,-7.00739943088024E-13));
#4239=DIRECTION('center_axis',(1.16463529634274E-17,-1.04471349508088E-18,
1.));
#4240=DIRECTION('ref_axis',(-3.46891853837819E-16,-1.,-1.53305988866934E-18));
#4241=DIRECTION('',(1.,-1.37688541490637E-16,-1.16463529634274E-17));
#4242=DIRECTION('',(1.,-1.37688541490637E-16,-1.16463529634274E-17));
#4243=DIRECTION('',(-1.,1.41889522310213E-16,1.16463529634274E-17));
#4244=DIRECTION('',(-1.28125146020785E-16,-1.,-1.04471349508087E-18));
#4245=DIRECTION('',(-1.,2.79578063800849E-16,1.34315008389269E-16));
#4246=DIRECTION('center_axis',(-1.16463529634274E-17,1.04471349508088E-18,
-1.));
#4247=DIRECTION('ref_axis',(-2.51982242627791E-13,-1.,-1.02203992577671E-18));
#4248=DIRECTION('center_axis',(1.11005393228086E-16,0.017452406437284,-0.999847695156391));
#4249=DIRECTION('ref_axis',(0.707106781186548,-0.706999085398823,-0.0123407149398272));
#4250=DIRECTION('',(1.11005393228086E-16,0.017452406437284,-0.999847695156391));
#4251=DIRECTION('center_axis',(-3.70017977427007E-16,-0.0174524064372839,
0.999847695156391));
#4252=DIRECTION('ref_axis',(0.,-0.999847695156391,-0.0174524064372838));
#4253=DIRECTION('center_axis',(1.,-1.8056029121095E-32,1.110223024625E-16));
#4254=DIRECTION('ref_axis',(0.,0.,-1.));
#4255=DIRECTION('center_axis',(0.,-0.707106781186411,0.707106781186684));
#4256=DIRECTION('ref_axis',(0.,-0.707106781186684,-0.707106781186411));
#4257=DIRECTION('center_axis',(1.,-1.8056029121095E-32,1.110223024625E-16));
#4258=DIRECTION('ref_axis',(4.3361101492184E-17,-0.920505061925873,-0.390730637356279));
#4259=DIRECTION('center_axis',(7.85046229341931E-17,0.707106781186409,-0.707106781186686));
#4260=DIRECTION('ref_axis',(0.707106781186548,-0.500000000000098,-0.499999999999902));
#4261=DIRECTION('',(7.85046229341931E-17,0.707106781186409,-0.707106781186686));
#4262=DIRECTION('center_axis',(-1.05595716536263E-16,-0.707106781186686,
-0.707106781186409));
#4263=DIRECTION('ref_axis',(1.59677940382103E-16,0.707106781186409,-0.707106781186686));
#4264=DIRECTION('',(-1.,1.41889522310213E-16,1.16463529634274E-17));
#4265=DIRECTION('',(0.0617457854184613,0.705757556807813,-0.705757556808089));
#4266=DIRECTION('',(-1.,2.76522267861819E-16,-1.27187373407809E-16));
#4267=DIRECTION('',(0.0617457854184614,-0.705757556807813,0.705757556808089));
#4268=DIRECTION('',(-1.,1.41889522310213E-16,1.16463529634274E-17));
#4269=DIRECTION('center_axis',(1.,-1.37688541490637E-16,-1.16463529634274E-17));
#4270=DIRECTION('ref_axis',(-1.37870817882567E-16,-0.999847713779189,-0.0174513395052602));
#4271=DIRECTION('center_axis',(-0.996194698091746,-1.58111602027906E-16,
0.0871557427476583));
#4272=DIRECTION('ref_axis',(-0.0871557427476583,2.94813378472785E-15,-0.996194698091746));
#4273=DIRECTION('',(-1.,1.37688541490637E-16,1.16463529634274E-17));
#4274=DIRECTION('center_axis',(0.996194698091746,-4.36625786889068E-16,
0.087155742747658));
#4275=DIRECTION('ref_axis',(0.087155742747658,3.36929575397468E-15,-0.996194698091746));
#4276=DIRECTION('',(1.,-1.37688541490637E-16,-1.16463529634274E-17));
#4277=DIRECTION('center_axis',(-1.37870827744288E-16,-0.999847695156391,
-0.017452406437284));
#4278=DIRECTION('ref_axis',(-2.56649452300342E-16,0.017452406437284,-0.999847695156391));
#4279=DIRECTION('',(2.40654424998372E-18,0.017452406437284,-0.999847695156391));
#4280=DIRECTION('',(-1.,1.3789182933779E-16,0.));
#4281=DIRECTION('',(-2.40654424998372E-18,-0.017452406437284,0.999847695156391));
#4282=DIRECTION('',(-1.,2.79578063800849E-16,1.34315008389269E-16));
#4283=DIRECTION('',(2.40654424998372E-18,0.017452406437284,-0.999847695156391));
#4284=DIRECTION('',(-1.,1.3789182933779E-16,0.));
#4285=DIRECTION('',(-2.40654424998372E-18,-0.017452406437284,0.999847695156391));
#4286=DIRECTION('',(-1.,2.79578063800849E-16,1.34315008389269E-16));
#4287=DIRECTION('',(2.40654424998372E-18,0.017452406437284,-0.999847695156391));
#4288=DIRECTION('',(-1.,1.57267892799579E-16,-1.11005393228102E-15));
#4289=DIRECTION('center_axis',(1.29415241562607E-16,-0.0174524064372828,
0.999847695156391));
#4290=DIRECTION('ref_axis',(-0.707106781186547,-0.706999085398825,-0.0123407149398272));
#4291=DIRECTION('center_axis',(0.,0.0174524064372828,-0.999847695156391));
#4292=DIRECTION('ref_axis',(0.,-0.999847695156391,-0.0174524064372828));
#4293=DIRECTION('',(1.29415241562607E-16,-0.0174524064372828,0.999847695156391));
#4294=DIRECTION('center_axis',(-1.11262956887514E-15,-0.017452406437284,
0.999847695156391));
#4295=DIRECTION('ref_axis',(-0.707106781186547,-0.706999085398825,-0.0123407149398272));
#4296=DIRECTION('',(-1.29415241562607E-16,0.0174524064372828,-0.999847695156391));
#4297=DIRECTION('center_axis',(-1.,2.79578063800849E-16,1.34315008389355E-16));
#4298=DIRECTION('ref_axis',(0.,6.81135693131944E-13,-1.));
#4299=DIRECTION('center_axis',(0.,0.0174524064359216,0.999847695156415));
#4300=DIRECTION('ref_axis',(0.,0.999847695156415,-0.0174524064359216));
#4301=DIRECTION('center_axis',(-1.,2.79578063800849E-16,1.34315008389355E-16));
#4302=DIRECTION('ref_axis',(-1.34315008389164E-16,6.80780919041483E-13,
-1.));
#4303=DIRECTION('center_axis',(1.,-2.79578063800849E-16,-1.34315008389355E-16));
#4304=DIRECTION('ref_axis',(-1.28473505615483E-16,6.80780919041483E-13,
-1.));
#4305=DIRECTION('center_axis',(1.39173861563023E-16,0.017452406435893,0.999847695156416));
#4306=DIRECTION('ref_axis',(-0.707106781186546,0.706999085398843,-0.0123407149388427));
#4307=DIRECTION('',(-1.39173861563023E-16,-0.017452406435893,-0.999847695156416));
#4308=DIRECTION('',(1.39173861563023E-16,0.017452406435893,0.999847695156416));
#4309=DIRECTION('center_axis',(1.37464313973448E-16,0.999847695156416,-0.017452406435893));
#4310=DIRECTION('ref_axis',(2.6249483190328E-16,0.017452406435893,0.999847695156416));
#4311=DIRECTION('',(1.,-1.37688541490637E-16,-1.16463529634274E-17));
#4312=DIRECTION('',(0.0871425693158094,0.0173860148731984,0.99604412507673));
#4313=DIRECTION('',(1.42017147295399E-16,0.017452406435893,0.999847695156416));
#4314=DIRECTION('',(0.,-0.017452406435893,-0.999847695156416));
#4315=DIRECTION('center_axis',(1.,-1.37688541490637E-16,-1.16463529634274E-17));
#4316=DIRECTION('ref_axis',(-1.37870827744288E-16,-0.999847695156391,-0.0174524064372832));
#4317=DIRECTION('',(1.,-1.37688541490637E-16,-1.16463529634274E-17));
#4318=DIRECTION('center_axis',(0.996194698091746,1.58111602027906E-16,-0.0871557427476583));
#4319=DIRECTION('ref_axis',(-0.0871557427476583,3.34679794739543E-15,-0.996194698091746));
#4320=DIRECTION('',(1.,-1.37688541490637E-16,-1.16463529634274E-17));
#4321=DIRECTION('center_axis',(-0.996194698091746,4.36625786889068E-16,
-0.087155742747658));
#4322=DIRECTION('ref_axis',(0.087155742747658,2.8796540656366E-15,-0.996194698091746));
#4323=DIRECTION('',(1.,-1.37688541490637E-16,-1.16463529634274E-17));
#4324=DIRECTION('center_axis',(-1.,1.8056029121095E-32,-1.110223024625E-16));
#4325=DIRECTION('ref_axis',(1.15626155053935E-16,-1.2662348713462E-13,-1.));
#4326=DIRECTION('',(1.,-1.37688541490637E-16,-1.16463529634274E-17));
#4327=DIRECTION('center_axis',(-0.996194698091746,1.20984118436253E-13,
-0.087155742747658));
#4328=DIRECTION('ref_axis',(0.087155742747658,1.38073333177581E-12,-0.996194698091746));
#4329=DIRECTION('',(-1.,1.37688541490637E-16,1.16463529634274E-17));
#4330=DIRECTION('center_axis',(0.996194698091746,1.20705604251392E-13,-0.0871557427476583));
#4331=DIRECTION('ref_axis',(-0.0871557427476583,1.38142124913593E-12,-0.996194698091746));
#4332=DIRECTION('center_axis',(1.37870827744288E-16,0.999847695156391,0.0174524064372828));
#4333=DIRECTION('ref_axis',(2.57688839127769E-16,-0.0174524064372828,0.999847695156391));
#4334=DIRECTION('',(1.,-1.57267892799578E-16,1.11005393228102E-15));
#4335=DIRECTION('',(-2.40654424998372E-18,-0.0174524064372828,0.999847695156391));
#4336=DIRECTION('',(-1.,1.41889522310213E-16,1.16463529634274E-17));
#4337=DIRECTION('',(2.40654424998372E-18,0.0174524064372828,-0.999847695156391));
#4338=DIRECTION('',(1.,-1.3789182933779E-16,0.));
#4339=DIRECTION('',(-2.40654424998372E-18,-0.0174524064372828,0.999847695156391));
#4340=DIRECTION('',(-1.,1.41889522310213E-16,1.16463529634274E-17));
#4341=DIRECTION('',(2.40654424998356E-18,0.0174524064372828,-0.999847695156391));
#4342=DIRECTION('',(1.,-1.3789182933779E-16,0.));
#4343=DIRECTION('',(-2.40654424998356E-18,-0.0174524064372828,0.999847695156391));
#4344=DIRECTION('',(1.37064520070496E-16,-0.0174524064372828,0.999847695156391));
#4345=DIRECTION('',(-0.0871425693158094,0.0173860148745829,-0.996044125076706));
#4346=DIRECTION('center_axis',(-1.11005393228089E-16,0.017452406435893,
0.999847695156416));
#4347=DIRECTION('ref_axis',(0.707106781186546,0.706999085398843,-0.0123407149388427));
#4348=DIRECTION('center_axis',(0.,-0.0174524064358928,-0.999847695156416));
#4349=DIRECTION('ref_axis',(0.,0.999847695156416,-0.0174524064358928));
#4350=DIRECTION('',(-1.11005393228089E-16,0.017452406435893,0.999847695156416));
#4351=DIRECTION('',(1.11005393228089E-16,-0.017452406435893,-0.999847695156416));
#4352=DIRECTION('center_axis',(-1.,1.8056029121095E-32,-1.110223024625E-16));
#4353=DIRECTION('ref_axis',(0.,6.80149016608817E-13,-1.));
#4354=DIRECTION('center_axis',(0.,-0.0174524064372838,0.999847695156391));
#4355=DIRECTION('ref_axis',(0.,-0.999847695156391,-0.0174524064372838));
#4356=DIRECTION('center_axis',(1.,-1.8056029121095E-32,1.110223024625E-16));
#4357=DIRECTION('ref_axis',(1.110223024625E-16,-1.2662348713462E-13,-1.));
#4358=DIRECTION('center_axis',(-1.11005393228086E-16,-0.0174524064372828,
0.999847695156391));
#4359=DIRECTION('ref_axis',(0.707106781186547,-0.706999085398825,-0.0123407149398256));
#4360=DIRECTION('',(1.11005393228086E-16,0.0174524064372828,-0.999847695156391));
#4361=DIRECTION('',(-1.11005393228086E-16,-0.0174524064372828,0.999847695156391));
#4362=DIRECTION('center_axis',(1.37870827744288E-16,0.999847695156391,0.0174524064372828));
#4363=DIRECTION('ref_axis',(2.57688839127769E-16,-0.0174524064372828,0.999847695156391));
#4364=DIRECTION('',(-0.0871425693158091,-0.0173860148745829,0.996044125076706));
#4365=DIRECTION('',(-1.18654671735976E-16,-0.0174524064372828,0.999847695156391));
#4366=DIRECTION('center_axis',(1.37464313973448E-16,0.999847695156416,-0.017452406435893));
#4367=DIRECTION('ref_axis',(2.6249483190328E-16,0.017452406435893,0.999847695156416));
#4368=DIRECTION('',(-1.13848678960464E-16,0.017452406435893,0.999847695156416));
#4369=DIRECTION('',(0.0871425693158091,-0.0173860148731984,-0.99604412507673));
#4370=DIRECTION('center_axis',(-1.,1.27534989586065E-16,-3.27098050877838E-17));
#4371=DIRECTION('ref_axis',(0.,-0.0688285870585433,-0.997628500797529));
#4372=DIRECTION('center_axis',(0.996194698091746,-1.20984118436253E-13,
0.087155742747658));
#4373=DIRECTION('ref_axis',(0.087155742747658,1.38056236652975E-12,-0.996194698091746));
#4374=DIRECTION('',(-1.,1.27534989586065E-16,-3.27098050877838E-17));
#4375=DIRECTION('center_axis',(-0.996194698091746,-1.20705604251392E-13,
0.0871557427476583));
#4376=DIRECTION('ref_axis',(-0.0871557427476584,1.38057964775304E-12,-0.996194698091746));
#4377=DIRECTION('center_axis',(1.24198833089206E-16,0.996194698091624,0.0871557427490431));
#4378=DIRECTION('ref_axis',(1.,-1.38856501710775E-16,1.62115280817496E-16));
#4379=DIRECTION('',(0.0868265938642474,0.0868265938656273,-0.992432509138846));
#4380=DIRECTION('',(-1.,1.38856501710775E-16,-1.62115280817496E-16));
#4381=DIRECTION('',(-0.0868265938642477,0.0868265938656273,-0.992432509138846));
#4382=DIRECTION('center_axis',(1.,-1.24495640166755E-16,-6.92800186768924E-17));
#4383=DIRECTION('ref_axis',(0.,0.0688285870598869,-0.997628500797436));
#4384=DIRECTION('center_axis',(-0.996194698091746,-1.58111602027906E-16,
0.0871557427476583));
#4385=DIRECTION('ref_axis',(-0.0871557427476583,4.58816478461907E-15,-0.996194698091746));
#4386=DIRECTION('',(1.,-1.24495640166755E-16,-6.92800186768924E-17));
#4387=DIRECTION('center_axis',(0.996194698091746,-4.36625786889068E-16,
0.087155742747658));
#4388=DIRECTION('ref_axis',(0.087155742747658,3.02421407649091E-15,-0.996194698091746));
#4389=DIRECTION('center_axis',(-1.17983745184303E-16,-0.996194698091746,
0.0871557427476585));
#4390=DIRECTION('ref_axis',(-1.,1.34655520890958E-16,1.85407986744347E-16));
#4391=DIRECTION('',(-0.0868265938642477,-0.0868265938642479,-0.992432509138967));
#4392=DIRECTION('',(1.,-1.34655520890958E-16,-1.85407986744347E-16));
#4393=DIRECTION('',(0.0868265938642473,-0.0868265938642479,-0.992432509138967));
#4394=DIRECTION('center_axis',(1.,0.,0.));
#4395=DIRECTION('ref_axis',(0.,-1.,0.));
#4396=DIRECTION('center_axis',(-2.43324319817587E-15,-1.,0.));
#4397=DIRECTION('ref_axis',(-1.,2.43324319817587E-15,0.));
#4398=DIRECTION('',(1.34315008389355E-16,-3.26821080576332E-31,1.));
#4399=DIRECTION('',(-1.,2.43324319817587E-15,1.16463529634274E-17));
#4400=DIRECTION('center_axis',(0.996194698091746,-4.36625786889068E-16,
0.087155742747658));
#4401=DIRECTION('ref_axis',(-4.3829362646222E-16,-1.,8.12631388852391E-32));
#4402=DIRECTION('',(0.0868265938642474,0.0868265938642476,-0.992432509138967));
#4403=DIRECTION('center_axis',(2.64384907150768E-16,0.996194698091746,0.0871557427476582));
#4404=DIRECTION('ref_axis',(1.,-2.79578063800849E-16,1.62115280817492E-16));
#4405=DIRECTION('',(-0.0868265938642478,0.0868265938642476,-0.992432509138967));
#4406=DIRECTION('center_axis',(-0.996194698091746,-1.58111602027906E-16,
0.0871557427476583));
#4407=DIRECTION('ref_axis',(-1.58715562661371E-16,1.,-7.43101591462962E-32));
#4408=DIRECTION('center_axis',(-2.58169819245896E-16,-0.996194698091867,
0.0871557427462735));
#4409=DIRECTION('ref_axis',(-1.,2.75377082981032E-16,1.85407986744538E-16));
#4410=DIRECTION('',(0.0868265938642474,-0.0868265938628682,-0.992432509139088));
#4411=DIRECTION('',(-0.0868265938642478,-0.0868265938628681,-0.992432509139088));
#4412=DIRECTION('center_axis',(-0.996194698091746,-1.20705604251392E-13,
0.0871557427476583));
#4413=DIRECTION('ref_axis',(4.42494607281812E-16,1.,1.3899992268307E-12));
#4414=DIRECTION('center_axis',(0.996194698091746,-1.20984118436253E-13,
0.087155742747658));
#4415=DIRECTION('ref_axis',(1.62916543480931E-16,-1.,-1.3899992268307E-12));
#4416=DIRECTION('center_axis',(0.,0.999847695156391,0.017452406437284));
#4417=DIRECTION('ref_axis',(0.,-0.017452406437284,0.999847695156391));
#4418=DIRECTION('',(1.,2.03287847153571E-19,-1.16463529634274E-17));
#4419=DIRECTION('',(-1.,1.57267892799579E-16,-1.11005393228102E-15));
#4420=DIRECTION('',(-1.29415241562606E-16,0.017452406437284,-0.999847695156391));
#4421=DIRECTION('center_axis',(1.,-4.19999883600247E-20,2.40617772163809E-18));
#4422=DIRECTION('ref_axis',(2.40654424998372E-18,0.017452406437284,-0.999847695156391));
#4423=DIRECTION('',(-4.19999883600247E-20,-1.,-1.04471349508088E-18));
#4424=DIRECTION('',(0.,0.999847695156391,0.017452406437284));
#4425=DIRECTION('center_axis',(1.11262956887514E-15,0.017452406437284,-0.999847695156391));
#4426=DIRECTION('ref_axis',(-1.,1.57267892799579E-16,-1.11005393228102E-15));
#4427=DIRECTION('',(-2.81879602824604E-16,-0.999847695156391,-0.017452406437284));
#4428=DIRECTION('center_axis',(2.40654424998372E-18,0.017452406437284,-0.999847695156391));
#4429=DIRECTION('ref_axis',(-1.,1.3789182933779E-16,0.));
#4430=DIRECTION('',(0.,0.999847695156391,0.017452406437284));
#4431=DIRECTION('',(0.,0.999847695156391,0.017452406437284));
#4432=DIRECTION('center_axis',(1.,-4.19999883600247E-20,2.40617772163809E-18));
#4433=DIRECTION('ref_axis',(2.40654424998372E-18,0.017452406437284,-0.999847695156391));
#4434=DIRECTION('',(-4.19999883600247E-20,-1.,-1.04471349508088E-18));
#4435=DIRECTION('center_axis',(-1.,4.19999883600247E-20,-2.40617772163809E-18));
#4436=DIRECTION('ref_axis',(-2.40654424998372E-18,-0.017452406437284,0.999847695156391));
#4437=DIRECTION('',(4.19999883600247E-20,1.,1.04471349508088E-18));
#4438=DIRECTION('center_axis',(2.40654424998372E-18,0.017452406437284,-0.999847695156391));
#4439=DIRECTION('ref_axis',(-1.,1.3789182933779E-16,0.));
#4440=DIRECTION('',(1.28102656687518E-16,0.999847695156391,0.017452406437284));
#4441=DIRECTION('',(1.28102656687518E-16,0.999847695156391,0.017452406437284));
#4442=DIRECTION('center_axis',(1.,-1.28125146020785E-16,1.70478091431662E-19));
#4443=DIRECTION('ref_axis',(2.40654424998372E-18,0.017452406437284,-0.999847695156391));
#4444=DIRECTION('center_axis',(-1.,1.28125146020785E-16,-1.70478091431662E-19));
#4445=DIRECTION('ref_axis',(-2.40654424998372E-18,-0.017452406437284,0.999847695156391));
#4446=DIRECTION('',(1.28125146020785E-16,1.,1.04471349508087E-18));
#4447=DIRECTION('center_axis',(1.,-2.79578063800849E-16,-1.34315008389355E-16));
#4448=DIRECTION('ref_axis',(2.79578063800849E-16,1.,-3.25606481185631E-33));
#4449=DIRECTION('',(2.79578063800849E-16,1.,1.04471349508087E-18));
#4450=DIRECTION('center_axis',(1.16463529634274E-17,-1.04471349508088E-18,
1.));
#4451=DIRECTION('ref_axis',(4.37535865904968E-18,-1.,-1.04471349508088E-18));
#4452=DIRECTION('center_axis',(1.16463529634274E-17,-1.04471349508088E-18,
1.));
#4453=DIRECTION('ref_axis',(4.37535865904968E-18,-1.,-1.04471349508088E-18));
#4454=DIRECTION('center_axis',(1.,-4.42494607281626E-16,-1.34315008389773E-16));
#4455=DIRECTION('ref_axis',(1.34315008389158E-16,-1.3899992268307E-12,1.));
#4456=DIRECTION('',(4.42494607281812E-16,1.,1.3899992268307E-12));
#4457=DIRECTION('',(-2.79252987758029E-16,-0.346333075972809,-0.938111614088224));
#4458=DIRECTION('center_axis',(-1.,-1.58715562661371E-16,1.34315008389355E-16));
#4459=DIRECTION('ref_axis',(1.34315008389355E-16,-3.42954651730343E-32,
1.));
#4460=DIRECTION('',(1.58715562661371E-16,-1.,7.43101591462962E-32));
#4461=DIRECTION('',(-1.80970918337821E-16,0.346333075974113,-0.938111614087742));
#4462=DIRECTION('center_axis',(1.9412152143908E-16,0.938111614088224,-0.346333075972809));
#4463=DIRECTION('ref_axis',(9.5372192201509E-17,0.346333075972809,0.938111614088224));
#4464=DIRECTION('',(1.60574698993834E-16,-0.346333075972809,-0.938111614088224));
#4465=DIRECTION('',(1.,-2.75377082981032E-16,-1.85407986744538E-16));
#4466=DIRECTION('center_axis',(1.85407986744156E-16,-1.3899992268307E-12,
1.));
#4467=DIRECTION('ref_axis',(-2.75377082981289E-16,-1.,-1.3899992268307E-12));
#4468=DIRECTION('',(-1.62916543480931E-16,1.,1.3899992268307E-12));
#4469=DIRECTION('center_axis',(1.,1.62916543480776E-16,1.11022302462918E-16));
#4470=DIRECTION('ref_axis',(-1.11022302462691E-16,-1.3899992268307E-12,
1.));
#4471=DIRECTION('center_axis',(6.42129183593373E-17,0.938111614087742,0.346333075974113));
#4472=DIRECTION('ref_axis',(0.,-0.346333075974113,0.938111614087742));
#4473=DIRECTION('',(2.55946891195343E-16,0.346333075974113,-0.938111614087742));
#4474=DIRECTION('',(-1.,2.79578063800849E-16,-1.62115280817492E-16));
#4475=DIRECTION('center_axis',(-1.85407986744347E-16,0.,-1.));
#4476=DIRECTION('ref_axis',(0.,1.,0.));
#4477=DIRECTION('',(-4.3829362646222E-16,-1.,8.12631388852391E-32));
#4478=DIRECTION('center_axis',(-1.,4.3829362646222E-16,-1.110223024625E-16));
#4479=DIRECTION('ref_axis',(-1.110223024625E-16,0.,1.));
#4480=DIRECTION('center_axis',(1.,-1.8056029121095E-32,1.110223024625E-16));
#4481=DIRECTION('ref_axis',(1.8056029121095E-32,1.,2.3879204655766E-50));
#4482=DIRECTION('center_axis',(1.16463529634274E-17,-1.04471349508088E-18,
1.));
#4483=DIRECTION('ref_axis',(4.37535865904968E-18,-1.,-1.04471349508088E-18));
#4484=CARTESIAN_POINT('',(0.,0.,0.));
#4485=CARTESIAN_POINT('Origin',(-49.1858285605913,26.13,-21.7290000000182));
#4486=CARTESIAN_POINT('',(-49.1858285605913,26.38,-21.2289999999998));
#4487=CARTESIAN_POINT('',(-49.1858285605913,25.88,-21.2290000000002));
#4488=CARTESIAN_POINT('',(-49.1858285605913,23.4786061341118,-21.2290000000018));
#4489=CARTESIAN_POINT('',(-49.1858285605913,26.38,-22.2290000000182));
#4490=CARTESIAN_POINT('',(-49.1858285605913,26.38,-21.4790000000182));
#4491=CARTESIAN_POINT('',(-49.1858285605913,25.88,-22.2290000000182));
#4492=CARTESIAN_POINT('',(-49.1858285605913,26.13,-22.2290000000182));
#4493=CARTESIAN_POINT('',(-49.1858285605913,25.88,-21.4790000000182));
#4494=CARTESIAN_POINT('Origin',(-48.6858285605913,26.38,-21.4790000000182));
#4495=CARTESIAN_POINT('',(-48.6858285605913,26.88,-21.2289999999995));
#4496=CARTESIAN_POINT('Origin',(-48.6858285605913,26.38,-21.2290000000037));
#4497=CARTESIAN_POINT('',(-48.6858285605913,26.88,-22.2290000000182));
#4498=CARTESIAN_POINT('',(-48.6858285605913,26.88,-21.4790000000182));
#4499=CARTESIAN_POINT('Origin',(-48.6858285605913,26.38,-22.2290000000182));
#4500=CARTESIAN_POINT('Origin',(-44.6634655706411,26.88,-21.2290000000182));
#4501=CARTESIAN_POINT('',(-44.4134655706411,26.88,-21.2289999999995));
#4502=CARTESIAN_POINT('',(-20.2067327853206,26.88,-21.2289999999995));
#4503=CARTESIAN_POINT('',(-44.4134655706411,26.88,-22.2290000000182));
#4504=CARTESIAN_POINT('',(-44.4134655706411,26.88,-21.2290000000182));
#4505=CARTESIAN_POINT('',(-44.6634655706411,26.88,-22.2290000000182));
#4506=CARTESIAN_POINT('Origin',(-44.4134655706411,26.38,-21.2290000000182));
#4507=CARTESIAN_POINT('',(-43.9134655706411,26.38,-21.2289999999998));
#4508=CARTESIAN_POINT('Origin',(-44.4134655706411,26.38,-21.2290000000037));
#4509=CARTESIAN_POINT('',(-43.9134655706411,26.38,-22.2290000000182));
#4510=CARTESIAN_POINT('',(-43.9134655706411,26.38,-21.2290000000182));
#4511=CARTESIAN_POINT('Origin',(-44.4134655706411,26.38,-22.2290000000182));
#4512=CARTESIAN_POINT('Origin',(-43.9134655706411,23.0585934061577,-21.2290000000182));
#4513=CARTESIAN_POINT('',(-43.9134655706411,24.3085934061577,-21.2290000000012));
#4514=CARTESIAN_POINT('',(-43.9134655706411,21.9429028371908,-21.2290000000029));
#4515=CARTESIAN_POINT('',(-43.9134655706411,24.3085934061577,-22.2290000000182));
#4516=CARTESIAN_POINT('',(-43.9134655706411,24.3085934061577,-21.2290000000182));
#4517=CARTESIAN_POINT('',(-43.9134655706411,23.0585934061577,-22.2290000000182));
#4518=CARTESIAN_POINT('Origin',(-43.4134655706411,24.3085934061577,-21.2290000000182));
#4519=CARTESIAN_POINT('',(-43.4134655706411,23.8085934061577,-21.2290000000016));
#4520=CARTESIAN_POINT('Origin',(-43.4134655706411,24.3085934061577,-21.2290000000037));
#4521=CARTESIAN_POINT('',(-43.4134655706411,23.8085934061577,-22.2290000000182));
#4522=CARTESIAN_POINT('',(-43.4134655706411,23.8085934061577,-21.2290000000182));
#4523=CARTESIAN_POINT('Origin',(-43.4134655706411,24.3085934061577,-22.2290000000182));
#4524=CARTESIAN_POINT('Origin',(-35.8807724565129,23.8085934061577,-21.2290000000182));
#4525=CARTESIAN_POINT('',(-37.1307724565129,23.8085934061577,-21.2290000000016));
#4526=CARTESIAN_POINT('',(-15.8153862282564,23.8085934061577,-21.2290000000016));
#4527=CARTESIAN_POINT('',(-37.1307724565129,23.8085934061577,-22.2290000000182));
#4528=CARTESIAN_POINT('',(-37.1307724565129,23.8085934061577,-21.2290000000182));
#4529=CARTESIAN_POINT('',(-35.8807724565129,23.8085934061577,-22.2290000000182));
#4530=CARTESIAN_POINT('Origin',(-37.1307724565129,24.3085934061577,-21.2290000000182));
#4531=CARTESIAN_POINT('',(-36.6307724565129,24.3085934061577,-21.2290000000012));
#4532=CARTESIAN_POINT('Origin',(-37.1307724565129,24.3085934061577,-21.2290000000037));
#4533=CARTESIAN_POINT('',(-36.6307724565129,24.3085934061577,-22.2290000000182));
#4534=CARTESIAN_POINT('',(-36.6307724565129,24.3085934061577,-21.2290000000182));
#4535=CARTESIAN_POINT('Origin',(-37.1307724565129,24.3085934061577,-22.2290000000182));
#4536=CARTESIAN_POINT('Origin',(-36.6307724565129,29.2014065938423,-21.2290000000182));
#4537=CARTESIAN_POINT('',(-36.6307724565129,29.4514065938423,-21.2289999999977));
#4538=CARTESIAN_POINT('',(-36.6307724565129,25.014309431033,-21.2290000000008));
#4539=CARTESIAN_POINT('',(-36.6307724565129,29.4514065938423,-22.2290000000182));
#4540=CARTESIAN_POINT('',(-36.6307724565129,29.4514065938423,-21.2290000000182));
#4541=CARTESIAN_POINT('',(-36.6307724565129,29.2014065938423,-22.2290000000182));
#4542=CARTESIAN_POINT('Origin',(-36.1307724565129,29.4514065938423,-21.2290000000182));
#4543=CARTESIAN_POINT('',(-36.1307724565129,29.9514065938423,-21.2289999999973));
#4544=CARTESIAN_POINT('Origin',(-36.1307724565129,29.4514065938423,-21.2290000000037));
#4545=CARTESIAN_POINT('',(-36.1307724565129,29.9514065938423,-22.2290000000182));
#4546=CARTESIAN_POINT('',(-36.1307724565129,29.9514065938423,-21.2290000000182));
#4547=CARTESIAN_POINT('Origin',(-36.1307724565129,29.4514065938423,-22.2290000000182));
#4548=CARTESIAN_POINT('Origin',(-27.0980793423847,29.9514065938423,-21.2290000000182));
#4549=CARTESIAN_POINT('',(-26.8480793423847,29.9514065938423,-21.2289999999973));
#4550=CARTESIAN_POINT('',(-11.4240396711923,29.9514065938423,-21.2289999999973));
#4551=CARTESIAN_POINT('',(-26.8480793423847,29.9514065938423,-22.2290000000182));
#4552=CARTESIAN_POINT('',(-26.8480793423847,29.9514065938423,-21.2290000000182));
#4553=CARTESIAN_POINT('',(-27.0980793423847,29.9514065938423,-22.2290000000182));
#4554=CARTESIAN_POINT('Origin',(-26.8480793423847,29.4514065938423,-21.2290000000182));
#4555=CARTESIAN_POINT('',(-26.3480793423847,29.4514065938423,-21.2289999999977));
#4556=CARTESIAN_POINT('Origin',(-26.8480793423847,29.4514065938423,-21.2290000000037));
#4557=CARTESIAN_POINT('',(-26.3480793423847,29.4514065938423,-22.2290000000182));
#4558=CARTESIAN_POINT('',(-26.3480793423847,29.4514065938423,-21.2290000000182));
#4559=CARTESIAN_POINT('Origin',(-26.8480793423847,29.4514065938423,-22.2290000000182));
#4560=CARTESIAN_POINT('Origin',(-26.3480793423847,23.0585934061577,-21.2290000000182));
#4561=CARTESIAN_POINT('',(-26.3480793423847,24.3085934061577,-21.2290000000012));
#4562=CARTESIAN_POINT('',(-26.3480793423847,21.9429028371908,-21.2290000000029));
#4563=CARTESIAN_POINT('',(-26.3480793423847,24.3085934061577,-22.2290000000182));
#4564=CARTESIAN_POINT('',(-26.3480793423847,24.3085934061577,-21.2290000000182));
#4565=CARTESIAN_POINT('',(-26.3480793423847,23.0585934061577,-22.2290000000182));
#4566=CARTESIAN_POINT('Origin',(-25.8480793423847,24.3085934061577,-21.2290000000182));
#4567=CARTESIAN_POINT('',(-25.8480793423847,23.8085934061577,-21.2290000000016));
#4568=CARTESIAN_POINT('Origin',(-25.8480793423847,24.3085934061577,-21.2290000000037));
#4569=CARTESIAN_POINT('',(-25.8480793423847,23.8085934061577,-22.2290000000182));
#4570=CARTESIAN_POINT('',(-25.8480793423847,23.8085934061577,-21.2290000000182));
#4571=CARTESIAN_POINT('Origin',(-25.8480793423847,24.3085934061577,-22.2290000000182));
#4572=CARTESIAN_POINT('Origin',(-18.3153862282564,23.8085934061577,-21.2290000000182));
#4573=CARTESIAN_POINT('',(-19.5653862282564,23.8085934061577,-21.2290000000016));
#4574=CARTESIAN_POINT('',(-7.03269311412823,23.8085934061577,-21.2290000000016));
#4575=CARTESIAN_POINT('',(-19.5653862282564,23.8085934061577,-22.2290000000182));
#4576=CARTESIAN_POINT('',(-19.5653862282564,23.8085934061577,-21.2290000000182));
#4577=CARTESIAN_POINT('',(-18.3153862282564,23.8085934061577,-22.2290000000182));
#4578=CARTESIAN_POINT('Origin',(-19.5653862282564,24.3085934061577,-21.2290000000182));
#4579=CARTESIAN_POINT('',(-19.0653862282564,24.3085934061577,-21.2290000000012));
#4580=CARTESIAN_POINT('Origin',(-19.5653862282564,24.3085934061577,-21.2290000000037));
#4581=CARTESIAN_POINT('',(-19.0653862282564,24.3085934061577,-22.2290000000182));
#4582=CARTESIAN_POINT('',(-19.0653862282564,24.3085934061577,-21.2290000000182));
#4583=CARTESIAN_POINT('Origin',(-19.5653862282564,24.3085934061577,-22.2290000000182));
#4584=CARTESIAN_POINT('Origin',(-19.0653862282564,29.2014065938423,-21.2290000000182));
#4585=CARTESIAN_POINT('',(-19.0653862282564,29.4514065938423,-21.2289999999977));
#4586=CARTESIAN_POINT('',(-19.0653862282564,25.014309431033,-21.2290000000008));
#4587=CARTESIAN_POINT('',(-19.0653862282564,29.4514065938423,-22.2290000000182));
#4588=CARTESIAN_POINT('',(-19.0653862282564,29.4514065938423,-21.2290000000182));
#4589=CARTESIAN_POINT('',(-19.0653862282564,29.2014065938423,-22.2290000000182));
#4590=CARTESIAN_POINT('Origin',(-18.5653862282564,29.4514065938423,-21.2290000000182));
#4591=CARTESIAN_POINT('',(-18.5653862282564,29.9514065938423,-21.2289999999973));
#4592=CARTESIAN_POINT('Origin',(-18.5653862282564,29.4514065938423,-21.2290000000037));
#4593=CARTESIAN_POINT('',(-18.5653862282564,29.9514065938423,-22.2290000000182));
#4594=CARTESIAN_POINT('',(-18.5653862282564,29.9514065938423,-21.2290000000182));
#4595=CARTESIAN_POINT('Origin',(-18.5653862282564,29.4514065938423,-22.2290000000182));
#4596=CARTESIAN_POINT('Origin',(-9.53269311412823,29.9514065938423,-21.2290000000182));
#4597=CARTESIAN_POINT('',(-9.28269311412823,29.9514065938423,-21.2289999999973));
#4598=CARTESIAN_POINT('',(-2.64134655706412,29.9514065938423,-21.2289999999973));
#4599=CARTESIAN_POINT('',(-9.28269311412823,29.9514065938423,-22.2290000000182));
#4600=CARTESIAN_POINT('',(-9.28269311412823,29.9514065938423,-21.2290000000182));
#4601=CARTESIAN_POINT('',(-9.53269311412823,29.9514065938423,-22.2290000000182));
#4602=CARTESIAN_POINT('Origin',(-9.28269311412823,29.4514065938423,-21.2290000000182));
#4603=CARTESIAN_POINT('',(-8.78269311412823,29.4514065938423,-21.2289999999977));
#4604=CARTESIAN_POINT('Origin',(-9.28269311412823,29.4514065938423,-21.2290000000037));
#4605=CARTESIAN_POINT('',(-8.78269311412823,29.4514065938423,-22.2290000000182));
#4606=CARTESIAN_POINT('',(-8.78269311412823,29.4514065938423,-21.2290000000182));
#4607=CARTESIAN_POINT('Origin',(-9.28269311412823,29.4514065938423,-22.2290000000182));
#4608=CARTESIAN_POINT('Origin',(-8.78269311412823,23.0585934061577,-21.2290000000182));
#4609=CARTESIAN_POINT('',(-8.78269311412823,24.3085934061577,-21.2290000000012));
#4610=CARTESIAN_POINT('',(-8.78269311412823,21.9429028371908,-21.2290000000029));
#4611=CARTESIAN_POINT('',(-8.78269311412823,24.3085934061577,-22.2290000000182));
#4612=CARTESIAN_POINT('',(-8.78269311412823,24.3085934061577,-21.2290000000182));
#4613=CARTESIAN_POINT('',(-8.78269311412823,23.0585934061577,-22.2290000000182));
#4614=CARTESIAN_POINT('Origin',(-8.28269311412823,24.3085934061577,-21.2290000000182));
#4615=CARTESIAN_POINT('',(-8.28269311412823,23.8085934061577,-21.2290000000016));
#4616=CARTESIAN_POINT('Origin',(-8.28269311412823,24.3085934061577,-21.2290000000037));
#4617=CARTESIAN_POINT('',(-8.28269311412823,23.8085934061577,-22.2290000000182));
#4618=CARTESIAN_POINT('',(-8.28269311412823,23.8085934061577,-21.2290000000182));
#4619=CARTESIAN_POINT('Origin',(-8.28269311412823,24.3085934061577,-22.2290000000182));
#4620=CARTESIAN_POINT('Origin',(-0.750000000000011,23.8085934061577,-21.2290000000182));
#4621=CARTESIAN_POINT('',(-2.00000000000001,23.8085934061577,-21.2290000000016));
#4622=CARTESIAN_POINT('',(1.74999999999999,23.8085934061577,-21.2290000000016));
#4623=CARTESIAN_POINT('',(-2.00000000000001,23.8085934061577,-22.2290000000182));
#4624=CARTESIAN_POINT('',(-2.00000000000001,23.8085934061577,-21.2290000000182));
#4625=CARTESIAN_POINT('',(-0.750000000000011,23.8085934061577,-22.2290000000182));
#4626=CARTESIAN_POINT('Origin',(-2.00000000000001,24.3085934061577,-21.2290000000182));
#4627=CARTESIAN_POINT('',(-1.50000000000001,24.3085934061577,-21.2290000000012));
#4628=CARTESIAN_POINT('Origin',(-2.00000000000001,24.3085934061577,-21.2290000000037));
#4629=CARTESIAN_POINT('',(-1.50000000000001,24.3085934061577,-22.2290000000182));
#4630=CARTESIAN_POINT('',(-1.50000000000001,24.3085934061577,-21.2290000000182));
#4631=CARTESIAN_POINT('Origin',(-2.00000000000001,24.3085934061577,-22.2290000000182));
#4632=CARTESIAN_POINT('Origin',(-1.50000000000001,29.2014065938423,-21.2290000000182));
#4633=CARTESIAN_POINT('',(-1.50000000000001,29.4514065938423,-21.2289999999977));
#4634=CARTESIAN_POINT('',(-1.50000000000001,25.014309431033,-21.2290000000008));
#4635=CARTESIAN_POINT('',(-1.50000000000001,29.4514065938423,-22.2290000000182));
#4636=CARTESIAN_POINT('',(-1.50000000000001,29.4514065938423,-21.2290000000182));
#4637=CARTESIAN_POINT('',(-1.50000000000001,29.2014065938423,-22.2290000000182));
#4638=CARTESIAN_POINT('Origin',(-1.00000000000001,29.4514065938423,-21.2290000000182));
#4639=CARTESIAN_POINT('',(-1.00000000000001,29.9514065938423,-21.2289999999973));
#4640=CARTESIAN_POINT('Origin',(-1.00000000000001,29.4514065938423,-21.2290000000037));
#4641=CARTESIAN_POINT('',(-1.00000000000001,29.9514065938423,-22.2290000000182));
#4642=CARTESIAN_POINT('',(-1.00000000000001,29.9514065938423,-21.2290000000182));
#4643=CARTESIAN_POINT('Origin',(-1.00000000000001,29.4514065938423,-22.2290000000182));
#4644=CARTESIAN_POINT('Origin',(8.03269311412821,29.9514065938423,-21.2290000000182));
#4645=CARTESIAN_POINT('',(8.28269311412821,29.9514065938423,-21.2289999999973));
#4646=CARTESIAN_POINT('',(6.1413465570641,29.9514065938423,-21.2289999999973));
#4647=CARTESIAN_POINT('',(8.28269311412821,29.9514065938423,-22.2290000000182));
#4648=CARTESIAN_POINT('',(8.28269311412821,29.9514065938423,-21.2290000000182));
#4649=CARTESIAN_POINT('',(-0.750000000000011,29.9514065938423,-22.2290000000182));
#4650=CARTESIAN_POINT('Origin',(8.28269311412821,29.4514065938423,-21.2290000000182));
#4651=CARTESIAN_POINT('',(8.78269311412821,29.4514065938423,-21.2289999999977));
#4652=CARTESIAN_POINT('Origin',(8.28269311412821,29.4514065938423,-21.2290000000037));
#4653=CARTESIAN_POINT('',(8.78269311412821,29.4514065938423,-22.2290000000182));
#4654=CARTESIAN_POINT('',(8.78269311412821,29.4514065938423,-21.2290000000182));
#4655=CARTESIAN_POINT('Origin',(8.28269311412821,29.4514065938423,-22.2290000000182));
#4656=CARTESIAN_POINT('Origin',(8.78269311412821,23.0585934061577,-21.2290000000182));
#4657=CARTESIAN_POINT('',(8.78269311412821,24.3085934061577,-21.2290000000012));
#4658=CARTESIAN_POINT('',(8.78269311412821,21.9429028371908,-21.2290000000029));
#4659=CARTESIAN_POINT('',(8.78269311412821,24.3085934061577,-22.2290000000182));
#4660=CARTESIAN_POINT('',(8.78269311412821,24.3085934061577,-21.2290000000182));
#4661=CARTESIAN_POINT('',(8.78269311412821,29.2014065938423,-22.2290000000182));
#4662=CARTESIAN_POINT('Origin',(9.28269311412821,24.3085934061577,-21.2290000000182));
#4663=CARTESIAN_POINT('',(9.28269311412821,23.8085934061577,-21.2290000000016));
#4664=CARTESIAN_POINT('Origin',(9.28269311412821,24.3085934061577,-21.2290000000037));
#4665=CARTESIAN_POINT('',(9.28269311412821,23.8085934061577,-22.2290000000182));
#4666=CARTESIAN_POINT('',(9.28269311412821,23.8085934061577,-21.2290000000182));
#4667=CARTESIAN_POINT('Origin',(9.28269311412821,24.3085934061577,-22.2290000000182));
#4668=CARTESIAN_POINT('Origin',(16.8153862282564,23.8085934061577,-21.2290000000182));
#4669=CARTESIAN_POINT('',(15.5653862282564,23.8085934061577,-21.2290000000016));
#4670=CARTESIAN_POINT('',(10.5326931141282,23.8085934061577,-21.2290000000016));
#4671=CARTESIAN_POINT('',(15.5653862282564,23.8085934061577,-22.2290000000182));
#4672=CARTESIAN_POINT('',(15.5653862282564,23.8085934061577,-21.2290000000182));
#4673=CARTESIAN_POINT('',(8.03269311412821,23.8085934061577,-22.2290000000182));
#4674=CARTESIAN_POINT('Origin',(15.5653862282564,24.3085934061577,-21.2290000000182));
#4675=CARTESIAN_POINT('',(16.0653862282564,24.3085934061577,-21.2290000000012));
#4676=CARTESIAN_POINT('Origin',(15.5653862282564,24.3085934061577,-21.2290000000037));
#4677=CARTESIAN_POINT('',(16.0653862282564,24.3085934061577,-22.2290000000182));
#4678=CARTESIAN_POINT('',(16.0653862282564,24.3085934061577,-21.2290000000182));
#4679=CARTESIAN_POINT('Origin',(15.5653862282564,24.3085934061577,-22.2290000000182));
#4680=CARTESIAN_POINT('Origin',(16.0653862282564,29.2014065938423,-21.2290000000182));
#4681=CARTESIAN_POINT('',(16.0653862282564,29.4514065938423,-21.2289999999977));
#4682=CARTESIAN_POINT('',(16.0653862282564,25.014309431033,-21.2290000000008));
#4683=CARTESIAN_POINT('',(16.0653862282564,29.4514065938423,-22.2290000000182));
#4684=CARTESIAN_POINT('',(16.0653862282564,29.4514065938423,-21.2290000000182));
#4685=CARTESIAN_POINT('',(16.0653862282564,23.0585934061577,-22.2290000000182));
#4686=CARTESIAN_POINT('Origin',(16.5653862282564,29.4514065938423,-21.2290000000182));
#4687=CARTESIAN_POINT('',(16.5653862282564,29.9514065938423,-21.2289999999973));
#4688=CARTESIAN_POINT('Origin',(16.5653862282564,29.4514065938423,-21.2290000000037));
#4689=CARTESIAN_POINT('',(16.5653862282564,29.9514065938423,-22.2290000000182));
#4690=CARTESIAN_POINT('',(16.5653862282564,29.9514065938423,-21.2290000000182));
#4691=CARTESIAN_POINT('Origin',(16.5653862282564,29.4514065938423,-22.2290000000182));
#4692=CARTESIAN_POINT('Origin',(25.5980793423846,29.9514065938423,-21.2290000000182));
#4693=CARTESIAN_POINT('',(25.8480793423846,29.9514065938423,-21.2289999999973));
#4694=CARTESIAN_POINT('',(14.9240396711923,29.9514065938423,-21.2289999999973));
#4695=CARTESIAN_POINT('',(25.8480793423846,29.9514065938423,-22.2290000000182));
#4696=CARTESIAN_POINT('',(25.8480793423846,29.9514065938423,-21.2290000000182));
#4697=CARTESIAN_POINT('',(16.8153862282564,29.9514065938423,-22.2290000000182));
#4698=CARTESIAN_POINT('Origin',(25.8480793423846,29.4514065938423,-21.2290000000182));
#4699=CARTESIAN_POINT('',(26.3480793423846,29.4514065938423,-21.2289999999977));
#4700=CARTESIAN_POINT('Origin',(25.8480793423846,29.4514065938423,-21.2290000000037));
#4701=CARTESIAN_POINT('',(26.3480793423846,29.4514065938423,-22.2290000000182));
#4702=CARTESIAN_POINT('',(26.3480793423846,29.4514065938423,-21.2290000000182));
#4703=CARTESIAN_POINT('Origin',(25.8480793423846,29.4514065938423,-22.2290000000182));
#4704=CARTESIAN_POINT('Origin',(26.3480793423846,23.0585934061577,-21.2290000000182));
#4705=CARTESIAN_POINT('',(26.3480793423846,24.3085934061577,-21.2290000000012));
#4706=CARTESIAN_POINT('',(26.3480793423846,21.9429028371908,-21.2290000000029));
#4707=CARTESIAN_POINT('',(26.3480793423846,24.3085934061577,-22.2290000000182));
#4708=CARTESIAN_POINT('',(26.3480793423846,24.3085934061577,-21.2290000000182));
#4709=CARTESIAN_POINT('',(26.3480793423846,29.2014065938423,-22.2290000000182));
#4710=CARTESIAN_POINT('Origin',(26.8480793423846,24.3085934061577,-21.2290000000182));
#4711=CARTESIAN_POINT('',(26.8480793423846,23.8085934061577,-21.2290000000016));
#4712=CARTESIAN_POINT('Origin',(26.8480793423846,24.3085934061577,-21.2290000000037));
#4713=CARTESIAN_POINT('',(26.8480793423846,23.8085934061577,-22.2290000000182));
#4714=CARTESIAN_POINT('',(26.8480793423846,23.8085934061577,-21.2290000000182));
#4715=CARTESIAN_POINT('Origin',(26.8480793423846,24.3085934061577,-22.2290000000182));
#4716=CARTESIAN_POINT('Origin',(34.3807724565129,23.8085934061577,-21.2290000000182));
#4717=CARTESIAN_POINT('',(33.1307724565129,23.8085934061577,-21.2290000000016));
#4718=CARTESIAN_POINT('',(19.3153862282564,23.8085934061577,-21.2290000000016));
#4719=CARTESIAN_POINT('',(33.1307724565129,23.8085934061577,-22.2290000000182));
#4720=CARTESIAN_POINT('',(33.1307724565129,23.8085934061577,-21.2290000000182));
#4721=CARTESIAN_POINT('',(25.5980793423846,23.8085934061577,-22.2290000000182));
#4722=CARTESIAN_POINT('Origin',(33.1307724565129,24.3085934061577,-21.2290000000182));
#4723=CARTESIAN_POINT('',(33.6307724565129,24.3085934061577,-21.2290000000012));
#4724=CARTESIAN_POINT('Origin',(33.1307724565129,24.3085934061577,-21.2290000000037));
#4725=CARTESIAN_POINT('',(33.6307724565129,24.3085934061577,-22.2290000000182));
#4726=CARTESIAN_POINT('',(33.6307724565129,24.3085934061577,-21.2290000000182));
#4727=CARTESIAN_POINT('Origin',(33.1307724565129,24.3085934061577,-22.2290000000182));
#4728=CARTESIAN_POINT('Origin',(33.6307724565129,29.2014065938423,-21.2290000000182));
#4729=CARTESIAN_POINT('',(33.6307724565129,29.4514065938423,-21.2289999999977));
#4730=CARTESIAN_POINT('',(33.6307724565129,25.014309431033,-21.2290000000008));
#4731=CARTESIAN_POINT('',(33.6307724565129,29.4514065938423,-22.2290000000182));
#4732=CARTESIAN_POINT('',(33.6307724565129,29.4514065938423,-21.2290000000182));
#4733=CARTESIAN_POINT('',(33.6307724565129,23.0585934061577,-22.2290000000182));
#4734=CARTESIAN_POINT('Origin',(34.1307724565129,29.4514065938423,-21.2290000000182));
#4735=CARTESIAN_POINT('',(34.1307724565129,29.9514065938423,-21.2289999999973));
#4736=CARTESIAN_POINT('Origin',(34.1307724565129,29.4514065938423,-21.2290000000037));
#4737=CARTESIAN_POINT('',(34.1307724565129,29.9514065938423,-22.2290000000182));
#4738=CARTESIAN_POINT('',(34.1307724565129,29.9514065938423,-21.2290000000182));
#4739=CARTESIAN_POINT('Origin',(34.1307724565129,29.4514065938423,-22.2290000000182));
#4740=CARTESIAN_POINT('Origin',(43.1634655706411,29.9514065938423,-21.2290000000182));
#4741=CARTESIAN_POINT('',(43.4134655706411,29.9514065938423,-21.2289999999973));
#4742=CARTESIAN_POINT('',(23.7067327853205,29.9514065938423,-21.2289999999973));
#4743=CARTESIAN_POINT('',(43.4134655706411,29.9514065938423,-22.2290000000182));
#4744=CARTESIAN_POINT('',(43.4134655706411,29.9514065938423,-21.2290000000182));
#4745=CARTESIAN_POINT('',(34.3807724565129,29.9514065938423,-22.2290000000182));
#4746=CARTESIAN_POINT('Origin',(43.4134655706411,29.4514065938423,-21.2290000000182));
#4747=CARTESIAN_POINT('',(43.9134655706411,29.4514065938423,-21.2289999999977));
#4748=CARTESIAN_POINT('Origin',(43.4134655706411,29.4514065938423,-21.2290000000037));
#4749=CARTESIAN_POINT('',(43.9134655706411,29.4514065938423,-22.2290000000182));
#4750=CARTESIAN_POINT('',(43.9134655706411,29.4514065938423,-21.2290000000182));
#4751=CARTESIAN_POINT('Origin',(43.4134655706411,29.4514065938423,-22.2290000000182));
#4752=CARTESIAN_POINT('Origin',(43.9134655706411,26.13,-21.2290000000182));
#4753=CARTESIAN_POINT('',(43.9134655706411,27.38,-21.2289999999991));
#4754=CARTESIAN_POINT('',(43.9134655706411,23.4786061341119,-21.2290000000018));
#4755=CARTESIAN_POINT('',(43.9134655706411,27.38,-22.2290000000182));
#4756=CARTESIAN_POINT('',(43.9134655706411,27.38,-21.2290000000182));
#4757=CARTESIAN_POINT('',(43.9134655706411,29.2014065938423,-22.2290000000182));
#4758=CARTESIAN_POINT('Origin',(44.4134655706411,27.38,-21.2290000000182));
#4759=CARTESIAN_POINT('',(44.4134655706411,26.88,-21.2289999999995));
#4760=CARTESIAN_POINT('Origin',(44.4134655706411,27.38,-21.2290000000037));
#4761=CARTESIAN_POINT('',(44.4134655706411,26.88,-22.2290000000182));
#4762=CARTESIAN_POINT('',(44.4134655706411,26.88,-21.2290000000182));
#4763=CARTESIAN_POINT('Origin',(44.4134655706411,27.38,-22.2290000000182));
#4764=CARTESIAN_POINT('Origin',(47.6858285605913,26.88,-21.2290000000182));
#4765=CARTESIAN_POINT('',(47.1858285605913,26.88,-21.2289999999995));
#4766=CARTESIAN_POINT('',(25.9679142802956,26.88,-21.2289999999995));
#4767=CARTESIAN_POINT('',(47.1858285605913,26.88,-22.2290000000182));
#4768=CARTESIAN_POINT('',(47.1858285605913,26.88,-21.4790000000182));
#4769=CARTESIAN_POINT('',(43.1634655706411,26.88,-22.2290000000182));
#4770=CARTESIAN_POINT('Origin',(47.1858285605913,26.38,-21.4790000000182));
#4771=CARTESIAN_POINT('',(47.6858285605913,26.38,-21.2289999999998));
#4772=CARTESIAN_POINT('Origin',(47.1858285605913,26.38,-21.2290000000037));
#4773=CARTESIAN_POINT('',(47.6858285605913,26.38,-22.2290000000182));
#4774=CARTESIAN_POINT('',(47.6858285605913,26.38,-21.4790000000182));
#4775=CARTESIAN_POINT('Origin',(47.1858285605913,26.38,-22.2290000000182));
#4776=CARTESIAN_POINT('Origin',(-34.6307724565129,27.9514065938423,-21.2290000000182));
#4777=CARTESIAN_POINT('',(-35.1307724565129,27.9514065938423,-21.2289999999987));
#4778=CARTESIAN_POINT('',(-34.6307724565129,28.4514065938423,-21.2289999999984));
#4779=CARTESIAN_POINT('Origin',(-34.6307724565129,27.9514065938423,-21.2290000000037));
#4780=CARTESIAN_POINT('',(-35.1307724565129,27.9514065938423,-22.2290000000182));
#4781=CARTESIAN_POINT('',(-35.1307724565129,27.9514065938423,-21.2290000000182));
#4782=CARTESIAN_POINT('',(-34.6307724565129,28.4514065938423,-22.2290000000182));
#4783=CARTESIAN_POINT('Origin',(-34.6307724565129,27.9514065938423,-22.2290000000182));
#4784=CARTESIAN_POINT('',(-34.6307724565129,28.4514065938423,-21.2290000000182));
#4785=CARTESIAN_POINT('Origin',(-35.1307724565129,29.2014065938423,-21.2290000000182));
#4786=CARTESIAN_POINT('',(-35.1307724565129,22.8085934061577,-21.2290000000023));
#4787=CARTESIAN_POINT('',(-35.1307724565129,25.014309431033,-21.2290000000008));
#4788=CARTESIAN_POINT('',(-35.1307724565129,22.8085934061577,-22.2290000000182));
#4789=CARTESIAN_POINT('',(-35.1307724565129,22.8085934061577,-21.2290000000182));
#4790=CARTESIAN_POINT('',(-35.1307724565129,29.2014065938423,-22.2290000000182));
#4791=CARTESIAN_POINT('Origin',(-27.3480793423847,22.8085934061577,-21.2290000000182));
#4792=CARTESIAN_POINT('',(-27.8480793423847,22.8085934061577,-21.2290000000023));
#4793=CARTESIAN_POINT('',(-27.3480793423847,22.3085934061577,-21.2290000000026));
#4794=CARTESIAN_POINT('Origin',(-27.3480793423847,22.8085934061577,-21.2290000000037));
#4795=CARTESIAN_POINT('',(-27.8480793423847,22.8085934061577,-22.2290000000182));
#4796=CARTESIAN_POINT('',(-27.8480793423847,22.8085934061577,-21.2290000000182));
#4797=CARTESIAN_POINT('',(-27.3480793423847,22.3085934061577,-22.2290000000182));
#4798=CARTESIAN_POINT('Origin',(-27.3480793423847,22.8085934061577,-22.2290000000182));
#4799=CARTESIAN_POINT('',(-27.3480793423847,22.3085934061577,-21.2290000000182));
#4800=CARTESIAN_POINT('Origin',(-18.3153862282564,22.3085934061577,-21.2290000000182));
#4801=CARTESIAN_POINT('',(-18.0653862282564,22.3085934061577,-21.2290000000026));
#4802=CARTESIAN_POINT('',(-7.03269311412823,22.3085934061577,-21.2290000000026));
#4803=CARTESIAN_POINT('',(-18.0653862282564,22.3085934061577,-22.2290000000182));
#4804=CARTESIAN_POINT('',(-18.3153862282564,22.3085934061577,-22.2290000000182));
#4805=CARTESIAN_POINT('',(-18.0653862282564,22.3085934061577,-21.2290000000182));
#4806=CARTESIAN_POINT('Origin',(-44.6634655706411,24.5942967030789,-22.2290000000182));
#4807=CARTESIAN_POINT('',(-27.8480793423847,27.9514065938423,-22.2290000000182));
#4808=CARTESIAN_POINT('',(-27.8480793423847,23.0585934061577,-22.2290000000182));
#4809=CARTESIAN_POINT('',(-28.3480793423847,28.4514065938423,-22.2290000000182));
#4810=CARTESIAN_POINT('Origin',(-28.3480793423847,27.9514065938423,-22.2290000000182));
#4811=CARTESIAN_POINT('',(-27.0980793423847,28.4514065938423,-22.2290000000182));
#4812=CARTESIAN_POINT('',(-35.6307724565129,22.3085934061577,-22.2290000000182));
#4813=CARTESIAN_POINT('Origin',(-35.6307724565129,22.8085934061577,-22.2290000000182));
#4814=CARTESIAN_POINT('',(-44.9134655706411,22.3085934061577,-22.2290000000182));
#4815=CARTESIAN_POINT('',(-35.8807724565129,22.3085934061577,-22.2290000000182));
#4816=CARTESIAN_POINT('',(-45.4134655706411,22.8085934061577,-22.2290000000182));
#4817=CARTESIAN_POINT('Origin',(-44.9134655706411,22.8085934061577,-22.2290000000182));
#4818=CARTESIAN_POINT('',(-45.4134655706411,24.88,-22.2290000000182));
#4819=CARTESIAN_POINT('',(-45.4134655706411,23.0585934061577,-22.2290000000182));
#4820=CARTESIAN_POINT('',(-45.9134655706411,25.38,-22.2290000000182));
#4821=CARTESIAN_POINT('Origin',(-45.9134655706411,24.88,-22.2290000000182));
#4822=CARTESIAN_POINT('',(-48.6858285605913,25.38,-22.2290000000182));
#4823=CARTESIAN_POINT('',(-44.6634655706411,25.38,-22.2290000000182));
#4824=CARTESIAN_POINT('Origin',(-48.6858285605913,25.88,-22.2290000000182));
#4825=CARTESIAN_POINT('',(47.6858285605913,25.88,-22.2290000000182));
#4826=CARTESIAN_POINT('',(47.6858285605913,26.13,-22.2290000000182));
#4827=CARTESIAN_POINT('',(47.1858285605913,25.38,-22.2290000000182));
#4828=CARTESIAN_POINT('Origin',(47.1858285605913,25.88,-22.2290000000182));
#4829=CARTESIAN_POINT('',(42.9134655706411,25.38,-22.2290000000182));
#4830=CARTESIAN_POINT('',(43.1634655706411,25.38,-22.2290000000182));
#4831=CARTESIAN_POINT('',(42.4134655706411,25.88,-22.2290000000182));
#4832=CARTESIAN_POINT('Origin',(42.9134655706411,25.88,-22.2290000000182));
#4833=CARTESIAN_POINT('',(42.4134655706411,27.9514065938423,-22.2290000000182));
#4834=CARTESIAN_POINT('',(42.4134655706411,29.2014065938423,-22.2290000000182));
#4835=CARTESIAN_POINT('',(41.9134655706411,28.4514065938423,-22.2290000000182));
#4836=CARTESIAN_POINT('Origin',(41.9134655706411,27.9514065938423,-22.2290000000182));
#4837=CARTESIAN_POINT('',(35.6307724565129,28.4514065938423,-22.2290000000182));
#4838=CARTESIAN_POINT('',(34.3807724565129,28.4514065938423,-22.2290000000182));
#4839=CARTESIAN_POINT('',(35.1307724565129,27.9514065938423,-22.2290000000182));
#4840=CARTESIAN_POINT('Origin',(35.6307724565129,27.9514065938423,-22.2290000000182));
#4841=CARTESIAN_POINT('',(35.1307724565129,22.8085934061577,-22.2290000000182));
#4842=CARTESIAN_POINT('',(35.1307724565129,23.0585934061577,-22.2290000000182));
#4843=CARTESIAN_POINT('',(34.6307724565129,22.3085934061577,-22.2290000000182));
#4844=CARTESIAN_POINT('Origin',(34.6307724565129,22.8085934061577,-22.2290000000182));
#4845=CARTESIAN_POINT('',(25.3480793423846,22.3085934061577,-22.2290000000182));
#4846=CARTESIAN_POINT('',(25.5980793423846,22.3085934061577,-22.2290000000182));
#4847=CARTESIAN_POINT('',(24.8480793423846,22.8085934061577,-22.2290000000182));
#4848=CARTESIAN_POINT('Origin',(25.3480793423846,22.8085934061577,-22.2290000000182));
#4849=CARTESIAN_POINT('',(24.8480793423846,27.9514065938423,-22.2290000000182));
#4850=CARTESIAN_POINT('',(24.8480793423846,29.2014065938423,-22.2290000000182));
#4851=CARTESIAN_POINT('',(24.3480793423846,28.4514065938423,-22.2290000000182));
#4852=CARTESIAN_POINT('Origin',(24.3480793423846,27.9514065938423,-22.2290000000182));
#4853=CARTESIAN_POINT('',(18.0653862282564,28.4514065938423,-22.2290000000182));
#4854=CARTESIAN_POINT('',(16.8153862282564,28.4514065938423,-22.2290000000182));
#4855=CARTESIAN_POINT('',(17.5653862282564,27.9514065938423,-22.2290000000182));
#4856=CARTESIAN_POINT('Origin',(18.0653862282564,27.9514065938423,-22.2290000000182));
#4857=CARTESIAN_POINT('',(17.5653862282564,22.8085934061577,-22.2290000000182));
#4858=CARTESIAN_POINT('',(17.5653862282564,23.0585934061577,-22.2290000000182));
#4859=CARTESIAN_POINT('',(17.0653862282564,22.3085934061577,-22.2290000000182));
#4860=CARTESIAN_POINT('Origin',(17.0653862282564,22.8085934061577,-22.2290000000182));
#4861=CARTESIAN_POINT('',(7.78269311412821,22.3085934061577,-22.2290000000182));
#4862=CARTESIAN_POINT('',(8.03269311412821,22.3085934061577,-22.2290000000182));
#4863=CARTESIAN_POINT('',(7.28269311412821,22.8085934061577,-22.2290000000182));
#4864=CARTESIAN_POINT('Origin',(7.78269311412821,22.8085934061577,-22.2290000000182));
#4865=CARTESIAN_POINT('',(7.28269311412821,27.9514065938423,-22.2290000000182));
#4866=CARTESIAN_POINT('',(7.28269311412821,29.2014065938423,-22.2290000000182));
#4867=CARTESIAN_POINT('',(6.78269311412821,28.4514065938423,-22.2290000000182));
#4868=CARTESIAN_POINT('Origin',(6.78269311412821,27.9514065938423,-22.2290000000182));
#4869=CARTESIAN_POINT('',(0.49999999999999,28.4514065938423,-22.2290000000182));
#4870=CARTESIAN_POINT('',(-0.750000000000011,28.4514065938423,-22.2290000000182));
#4871=CARTESIAN_POINT('',(-1.01073883226149E-14,27.9514065938423,-22.2290000000182));
#4872=CARTESIAN_POINT('Origin',(0.49999999999999,27.9514065938423,-22.2290000000182));
#4873=CARTESIAN_POINT('',(-1.11530620420649E-14,22.8085934061577,-22.2290000000182));
#4874=CARTESIAN_POINT('',(-9.85322934354826E-15,29.2014065938423,-22.2290000000182));
#4875=CARTESIAN_POINT('',(-0.500000000000011,22.3085934061577,-22.2290000000182));
#4876=CARTESIAN_POINT('Origin',(-0.500000000000011,22.8085934061577,-22.2290000000182));
#4877=CARTESIAN_POINT('',(-9.78269311412823,22.3085934061577,-22.2290000000182));
#4878=CARTESIAN_POINT('',(-0.750000000000011,22.3085934061577,-22.2290000000182));
#4879=CARTESIAN_POINT('',(-10.2826931141282,22.8085934061577,-22.2290000000182));
#4880=CARTESIAN_POINT('Origin',(-9.78269311412823,22.8085934061577,-22.2290000000182));
#4881=CARTESIAN_POINT('',(-10.2826931141282,27.9514065938423,-22.2290000000182));
#4882=CARTESIAN_POINT('',(-10.2826931141282,23.0585934061577,-22.2290000000182));
#4883=CARTESIAN_POINT('',(-10.7826931141282,28.4514065938423,-22.2290000000182));
#4884=CARTESIAN_POINT('Origin',(-10.7826931141282,27.9514065938423,-22.2290000000182));
#4885=CARTESIAN_POINT('',(-17.0653862282564,28.4514065938423,-22.2290000000182));
#4886=CARTESIAN_POINT('',(-9.53269311412823,28.4514065938423,-22.2290000000182));
#4887=CARTESIAN_POINT('',(-17.5653862282564,27.9514065938423,-22.2290000000182));
#4888=CARTESIAN_POINT('Origin',(-17.0653862282564,27.9514065938423,-22.2290000000182));
#4889=CARTESIAN_POINT('',(-17.5653862282564,22.8085934061577,-22.2290000000182));
#4890=CARTESIAN_POINT('',(-17.5653862282564,29.2014065938423,-22.2290000000182));
#4891=CARTESIAN_POINT('Origin',(-18.0653862282564,22.8085934061577,-22.2290000000182));
#4892=CARTESIAN_POINT('Origin',(-28.3480793423847,27.9514065938423,-21.2290000000182));
#4893=CARTESIAN_POINT('',(-28.3480793423847,28.4514065938423,-21.2289999999984));
#4894=CARTESIAN_POINT('',(-27.8480793423847,27.9514065938423,-21.2289999999987));
#4895=CARTESIAN_POINT('Origin',(-28.3480793423847,27.9514065938423,-21.2290000000037));
#4896=CARTESIAN_POINT('',(-28.3480793423847,28.4514065938423,-21.2290000000182));
#4897=CARTESIAN_POINT('',(-27.8480793423847,27.9514065938423,-21.2290000000182));
#4898=CARTESIAN_POINT('Origin',(-27.0980793423847,28.4514065938423,-21.2290000000182));
#4899=CARTESIAN_POINT('',(-11.4240396711923,28.4514065938423,-21.2289999999984));
#4900=CARTESIAN_POINT('Origin',(-0.500000000000011,22.8085934061577,-21.2290000000182));
#4901=CARTESIAN_POINT('',(-0.500000000000011,22.3085934061577,-21.2290000000026));
#4902=CARTESIAN_POINT('',(-1.11716191852906E-14,22.8085934061577,-21.2290000000023));
#4903=CARTESIAN_POINT('Origin',(-0.500000000000011,22.8085934061577,-21.2290000000037));
#4904=CARTESIAN_POINT('',(-0.500000000000011,22.3085934061577,-21.2290000000182));
#4905=CARTESIAN_POINT('',(-1.11716191852906E-14,22.8085934061577,-21.2290000000182));
#4906=CARTESIAN_POINT('Origin',(-9.85322934354826E-15,29.2014065938423,
-21.2290000000182));
#4907=CARTESIAN_POINT('',(-1.01307850997046E-14,27.9514065938423,-21.2289999999987));
#4908=CARTESIAN_POINT('',(-1.08246744900953E-14,25.014309431033,-21.2290000000008));
#4909=CARTESIAN_POINT('',(-1.01307850997046E-14,27.9514065938423,-21.2290000000182));
#4910=CARTESIAN_POINT('Origin',(-35.6307724565129,22.8085934061577,-21.2290000000182));
#4911=CARTESIAN_POINT('',(-35.6307724565129,22.3085934061577,-21.2290000000026));
#4912=CARTESIAN_POINT('Origin',(-35.6307724565129,22.8085934061577,-21.2290000000037));
#4913=CARTESIAN_POINT('',(-35.6307724565129,22.3085934061577,-21.2290000000182));
#4914=CARTESIAN_POINT('Origin',(-35.8807724565129,22.3085934061577,-21.2290000000182));
#4915=CARTESIAN_POINT('',(-44.9134655706411,22.3085934061577,-21.2290000000026));
#4916=CARTESIAN_POINT('',(-15.8153862282564,22.3085934061577,-21.2290000000026));
#4917=CARTESIAN_POINT('',(-44.9134655706411,22.3085934061577,-21.2290000000182));
#4918=CARTESIAN_POINT('Origin',(-48.6858285605913,25.88,-21.4790000000182));
#4919=CARTESIAN_POINT('',(-48.6858285605913,25.38,-21.2290000000005));
#4920=CARTESIAN_POINT('Origin',(-48.6858285605913,25.88,-21.2290000000037));
#4921=CARTESIAN_POINT('',(-48.6858285605913,25.38,-21.4790000000182));
#4922=CARTESIAN_POINT('Origin',(-44.6634655706411,25.38,-21.2290000000182));
#4923=CARTESIAN_POINT('',(-45.9134655706411,25.38,-21.2290000000005));
#4924=CARTESIAN_POINT('',(-20.2067327853206,25.38,-21.2290000000005));
#4925=CARTESIAN_POINT('',(-45.9134655706411,25.38,-21.2290000000182));
#4926=CARTESIAN_POINT('Origin',(0.49999999999999,27.9514065938423,-21.2290000000182));
#4927=CARTESIAN_POINT('',(0.49999999999999,28.4514065938423,-21.2289999999984));
#4928=CARTESIAN_POINT('Origin',(0.49999999999999,27.9514065938423,-21.2290000000037));
#4929=CARTESIAN_POINT('',(0.49999999999999,28.4514065938423,-21.2290000000182));
#4930=CARTESIAN_POINT('Origin',(-44.9134655706411,22.8085934061577,-21.2290000000182));
#4931=CARTESIAN_POINT('',(-45.4134655706411,22.8085934061577,-21.2290000000023));
#4932=CARTESIAN_POINT('Origin',(-44.9134655706411,22.8085934061577,-21.2290000000037));
#4933=CARTESIAN_POINT('',(-45.4134655706411,22.8085934061577,-21.2290000000182));
#4934=CARTESIAN_POINT('Origin',(-45.4134655706411,23.0585934061577,-21.2290000000182));
#4935=CARTESIAN_POINT('',(-45.4134655706411,24.88,-21.2290000000009));
#4936=CARTESIAN_POINT('',(-45.4134655706411,21.9429028371908,-21.2290000000029));
#4937=CARTESIAN_POINT('',(-45.4134655706411,24.88,-21.2290000000182));
#4938=CARTESIAN_POINT('Origin',(7.78269311412821,22.8085934061577,-21.2290000000182));
#4939=CARTESIAN_POINT('',(7.28269311412821,22.8085934061577,-21.2290000000023));
#4940=CARTESIAN_POINT('',(7.78269311412821,22.3085934061577,-21.2290000000026));
#4941=CARTESIAN_POINT('Origin',(7.78269311412821,22.8085934061577,-21.2290000000037));
#4942=CARTESIAN_POINT('',(7.28269311412821,22.8085934061577,-21.2290000000182));
#4943=CARTESIAN_POINT('',(7.78269311412821,22.3085934061577,-21.2290000000182));
#4944=CARTESIAN_POINT('Origin',(16.8153862282564,22.3085934061577,-21.2290000000182));
#4945=CARTESIAN_POINT('',(17.0653862282564,22.3085934061577,-21.2290000000026));
#4946=CARTESIAN_POINT('',(10.5326931141282,22.3085934061577,-21.2290000000026));
#4947=CARTESIAN_POINT('',(17.0653862282564,22.3085934061577,-21.2290000000182));
#4948=CARTESIAN_POINT('Origin',(-17.0653862282564,27.9514065938423,-21.2290000000182));
#4949=CARTESIAN_POINT('',(-17.5653862282564,27.9514065938423,-21.2289999999987));
#4950=CARTESIAN_POINT('',(-17.0653862282564,28.4514065938423,-21.2289999999984));
#4951=CARTESIAN_POINT('Origin',(-17.0653862282564,27.9514065938423,-21.2290000000037));
#4952=CARTESIAN_POINT('',(-17.5653862282564,27.9514065938423,-21.2290000000182));
#4953=CARTESIAN_POINT('',(-17.0653862282564,28.4514065938423,-21.2290000000182));
#4954=CARTESIAN_POINT('Origin',(-17.5653862282564,29.2014065938423,-21.2290000000182));
#4955=CARTESIAN_POINT('',(-17.5653862282564,22.8085934061577,-21.2290000000023));
#4956=CARTESIAN_POINT('',(-17.5653862282564,25.014309431033,-21.2290000000008));
#4957=CARTESIAN_POINT('',(-17.5653862282564,22.8085934061577,-21.2290000000182));
#4958=CARTESIAN_POINT('Origin',(35.6307724565129,27.9514065938423,-21.2290000000182));
#4959=CARTESIAN_POINT('',(35.1307724565129,27.9514065938423,-21.2289999999987));
#4960=CARTESIAN_POINT('',(35.6307724565129,28.4514065938423,-21.2289999999984));
#4961=CARTESIAN_POINT('Origin',(35.6307724565129,27.9514065938423,-21.2290000000037));
#4962=CARTESIAN_POINT('',(35.1307724565129,27.9514065938423,-21.2290000000182));
#4963=CARTESIAN_POINT('',(35.6307724565129,28.4514065938423,-21.2290000000182));
#4964=CARTESIAN_POINT('Origin',(35.1307724565129,29.2014065938423,-21.2290000000182));
#4965=CARTESIAN_POINT('',(35.1307724565129,22.8085934061577,-21.2290000000023));
#4966=CARTESIAN_POINT('',(35.1307724565129,25.014309431033,-21.2290000000008));
#4967=CARTESIAN_POINT('',(35.1307724565129,22.8085934061577,-21.2290000000182));
#4968=CARTESIAN_POINT('Origin',(-10.7826931141282,27.9514065938423,-21.2290000000182));
#4969=CARTESIAN_POINT('',(-10.7826931141282,28.4514065938423,-21.2289999999984));
#4970=CARTESIAN_POINT('',(-10.2826931141282,27.9514065938423,-21.2289999999987));
#4971=CARTESIAN_POINT('Origin',(-10.7826931141282,27.9514065938423,-21.2290000000037));
#4972=CARTESIAN_POINT('',(-10.7826931141282,28.4514065938423,-21.2290000000182));
#4973=CARTESIAN_POINT('',(-10.2826931141282,27.9514065938423,-21.2290000000182));
#4974=CARTESIAN_POINT('Origin',(-9.53269311412823,28.4514065938423,-21.2290000000182));
#4975=CARTESIAN_POINT('',(-2.64134655706412,28.4514065938423,-21.2289999999984));
#4976=CARTESIAN_POINT('Origin',(17.0653862282564,22.8085934061577,-21.2290000000182));
#4977=CARTESIAN_POINT('',(17.5653862282564,22.8085934061577,-21.2290000000023));
#4978=CARTESIAN_POINT('Origin',(17.0653862282564,22.8085934061577,-21.2290000000037));
#4979=CARTESIAN_POINT('',(17.5653862282564,22.8085934061577,-21.2290000000182));
#4980=CARTESIAN_POINT('Origin',(25.3480793423846,22.8085934061577,-21.2290000000182));
#4981=CARTESIAN_POINT('',(24.8480793423846,22.8085934061577,-21.2290000000023));
#4982=CARTESIAN_POINT('',(25.3480793423846,22.3085934061577,-21.2290000000026));
#4983=CARTESIAN_POINT('Origin',(25.3480793423846,22.8085934061577,-21.2290000000037));
#4984=CARTESIAN_POINT('',(24.8480793423846,22.8085934061577,-21.2290000000182));
#4985=CARTESIAN_POINT('',(25.3480793423846,22.3085934061577,-21.2290000000182));
#4986=CARTESIAN_POINT('Origin',(34.3807724565129,22.3085934061577,-21.2290000000182));
#4987=CARTESIAN_POINT('',(34.6307724565129,22.3085934061577,-21.2290000000026));
#4988=CARTESIAN_POINT('',(19.3153862282564,22.3085934061577,-21.2290000000026));
#4989=CARTESIAN_POINT('',(34.6307724565129,22.3085934061577,-21.2290000000182));
#4990=CARTESIAN_POINT('Origin',(-18.0653862282564,22.8085934061577,-21.2290000000182));
#4991=CARTESIAN_POINT('Origin',(-18.0653862282564,22.8085934061577,-21.2290000000037));
#4992=CARTESIAN_POINT('Origin',(-9.78269311412823,22.8085934061577,-21.2290000000182));
#4993=CARTESIAN_POINT('',(-10.2826931141282,22.8085934061577,-21.2290000000023));
#4994=CARTESIAN_POINT('',(-9.78269311412823,22.3085934061577,-21.2290000000026));
#4995=CARTESIAN_POINT('Origin',(-9.78269311412823,22.8085934061577,-21.2290000000037));
#4996=CARTESIAN_POINT('',(-10.2826931141282,22.8085934061577,-21.2290000000182));
#4997=CARTESIAN_POINT('',(-9.78269311412823,22.3085934061577,-21.2290000000182));
#4998=CARTESIAN_POINT('Origin',(-0.750000000000011,22.3085934061577,-21.2290000000182));
#4999=CARTESIAN_POINT('',(1.74999999999999,22.3085934061577,-21.2290000000026));
#5000=CARTESIAN_POINT('Origin',(34.6307724565129,22.8085934061577,-21.2290000000182));
#5001=CARTESIAN_POINT('Origin',(34.6307724565129,22.8085934061577,-21.2290000000037));
#5002=CARTESIAN_POINT('Origin',(42.9134655706411,25.88,-21.2290000000182));
#5003=CARTESIAN_POINT('',(42.4134655706411,25.88,-21.2290000000002));
#5004=CARTESIAN_POINT('',(42.9134655706411,25.38,-21.2290000000005));
#5005=CARTESIAN_POINT('Origin',(42.9134655706411,25.88,-21.2290000000037));
#5006=CARTESIAN_POINT('',(42.4134655706411,25.88,-21.2290000000182));
#5007=CARTESIAN_POINT('',(42.9134655706411,25.38,-21.2290000000182));
#5008=CARTESIAN_POINT('Origin',(42.4134655706411,26.13,-21.2290000000182));
#5009=CARTESIAN_POINT('',(42.4134655706411,27.9514065938423,-21.2289999999987));
#5010=CARTESIAN_POINT('',(42.4134655706411,23.4786061341119,-21.2290000000018));
#5011=CARTESIAN_POINT('',(42.4134655706411,27.9514065938423,-21.2290000000182));
#5012=CARTESIAN_POINT('Origin',(41.9134655706411,27.9514065938423,-21.2290000000182));
#5013=CARTESIAN_POINT('',(41.9134655706411,28.4514065938423,-21.2289999999984));
#5014=CARTESIAN_POINT('Origin',(41.9134655706411,27.9514065938423,-21.2290000000037));
#5015=CARTESIAN_POINT('',(41.9134655706411,28.4514065938423,-21.2290000000182));
#5016=CARTESIAN_POINT('Origin',(43.1634655706411,28.4514065938423,-21.2290000000182));
#5017=CARTESIAN_POINT('',(23.7067327853205,28.4514065938423,-21.2289999999984));
#5018=CARTESIAN_POINT('Origin',(24.3480793423846,27.9514065938423,-21.2290000000182));
#5019=CARTESIAN_POINT('',(24.3480793423846,28.4514065938423,-21.2289999999984));
#5020=CARTESIAN_POINT('',(24.8480793423846,27.9514065938423,-21.2289999999987));
#5021=CARTESIAN_POINT('Origin',(24.3480793423846,27.9514065938423,-21.2290000000037));
#5022=CARTESIAN_POINT('',(24.3480793423846,28.4514065938423,-21.2290000000182));
#5023=CARTESIAN_POINT('',(24.8480793423846,27.9514065938423,-21.2290000000182));
#5024=CARTESIAN_POINT('Origin',(25.5980793423846,28.4514065938423,-21.2290000000182));
#5025=CARTESIAN_POINT('',(18.0653862282564,28.4514065938423,-21.2289999999984));
#5026=CARTESIAN_POINT('',(14.9240396711923,28.4514065938423,-21.2289999999984));
#5027=CARTESIAN_POINT('',(18.0653862282564,28.4514065938423,-21.2290000000182));
#5028=CARTESIAN_POINT('Origin',(6.78269311412821,27.9514065938423,-21.2290000000182));
#5029=CARTESIAN_POINT('',(6.78269311412821,28.4514065938423,-21.2289999999984));
#5030=CARTESIAN_POINT('',(7.28269311412821,27.9514065938423,-21.2289999999987));
#5031=CARTESIAN_POINT('Origin',(6.78269311412821,27.9514065938423,-21.2290000000037));
#5032=CARTESIAN_POINT('',(6.78269311412821,28.4514065938423,-21.2290000000182));
#5033=CARTESIAN_POINT('',(7.28269311412821,27.9514065938423,-21.2290000000182));
#5034=CARTESIAN_POINT('Origin',(8.03269311412821,28.4514065938423,-21.2290000000182));
#5035=CARTESIAN_POINT('',(6.1413465570641,28.4514065938423,-21.2289999999984));
#5036=CARTESIAN_POINT('Origin',(18.0653862282564,27.9514065938423,-21.2290000000182));
#5037=CARTESIAN_POINT('',(17.5653862282564,27.9514065938423,-21.2289999999987));
#5038=CARTESIAN_POINT('Origin',(18.0653862282564,27.9514065938423,-21.2290000000037));
#5039=CARTESIAN_POINT('',(17.5653862282564,27.9514065938423,-21.2290000000182));
#5040=CARTESIAN_POINT('Origin',(17.5653862282564,29.2014065938423,-21.2290000000182));
#5041=CARTESIAN_POINT('',(17.5653862282564,25.014309431033,-21.2290000000008));
#5042=CARTESIAN_POINT('Origin',(-45.9134655706411,24.88,-21.2290000000182));
#5043=CARTESIAN_POINT('Origin',(-45.9134655706411,24.88,-21.2290000000037));
#5044=CARTESIAN_POINT('Origin',(47.6858285605913,26.13,-21.7290000000182));
#5045=CARTESIAN_POINT('',(47.6858285605913,25.88,-21.2290000000002));
#5046=CARTESIAN_POINT('',(47.6858285605913,23.4786061341117,-21.2290000000018));
#5047=CARTESIAN_POINT('',(47.6858285605913,25.88,-21.4790000000182));
#5048=CARTESIAN_POINT('Origin',(47.1858285605913,25.88,-21.4790000000182));
#5049=CARTESIAN_POINT('',(47.1858285605913,25.38,-21.2290000000005));
#5050=CARTESIAN_POINT('Origin',(47.1858285605913,25.88,-21.2290000000037));
#5051=CARTESIAN_POINT('',(47.1858285605913,25.38,-21.4790000000182));
#5052=CARTESIAN_POINT('Origin',(47.6858285605913,25.38,-21.2290000000182));
#5053=CARTESIAN_POINT('',(25.9679142802956,25.38,-21.2290000000005));
#5054=CARTESIAN_POINT('Origin',(-27.8480793423847,23.0585934061577,-21.2290000000182));
#5055=CARTESIAN_POINT('',(-27.8480793423847,21.9429028371908,-21.2290000000029));
#5056=CARTESIAN_POINT('Origin',(-10.2826931141282,23.0585934061577,-21.2290000000182));
#5057=CARTESIAN_POINT('',(-10.2826931141282,21.9429028371908,-21.2290000000029));
#5058=CARTESIAN_POINT('Origin',(7.28269311412821,23.0585934061577,-21.2290000000182));
#5059=CARTESIAN_POINT('',(7.28269311412821,21.9429028371908,-21.2290000000029));
#5060=CARTESIAN_POINT('Origin',(24.8480793423846,23.0585934061577,-21.2290000000182));
#5061=CARTESIAN_POINT('',(24.8480793423846,21.9429028371908,-21.2290000000029));
#5062=CARTESIAN_POINT('Origin',(-49.27705161185,16.2634619651752,-4.81865314094046));
#5063=CARTESIAN_POINT('',(-49.27705161185,13.2312522969137,-2.99954308546917));
#5064=CARTESIAN_POINT('',(-52.27705161185,16.2307953823829,-2.94718586615732));
#5065=CARTESIAN_POINT('Origin',(-49.27705161185,16.2307953823829,-2.94718586615732));
#5066=CARTESIAN_POINT('',(-52.27705161185,16.3294306026661,-8.59799385162664));
#5067=CARTESIAN_POINT('',(-52.27705161185,16.2634619651752,-4.81865314094046));
#5068=CARTESIAN_POINT('',(-49.27705161185,13.329887517197,-8.65035107093849));
#5069=CARTESIAN_POINT('Origin',(-49.27705161185,16.3294306026661,-8.59799385162664));
#5070=CARTESIAN_POINT('',(-49.27705161185,13.2639188797061,-4.87101036025231));
#5071=CARTESIAN_POINT('Origin',(-49.27705161185,26.130000000001,-8.4269379395541));
#5072=CARTESIAN_POINT('',(-52.27705161185,19.1988954474414,-15.3580424921111));
#5073=CARTESIAN_POINT('',(-49.27705161185,17.0775751038866,-17.479362835665));
#5074=CARTESIAN_POINT('Origin',(-49.27705161185,19.1988954474414,-15.3580424921111));
#5075=CARTESIAN_POINT('Origin',(-49.27705161185,26.130000000001,-8.4269379395541));
#5076=CARTESIAN_POINT('Origin',(-52.27705161185,26.130000000001,-8.4269379395541));
#5077=CARTESIAN_POINT('Origin',(-49.27705161185,18.1269359292686,-14.2860829739273));
#5078=CARTESIAN_POINT('',(-52.27705161185,25.0698529553393,-21.2290000000007));
#5079=CARTESIAN_POINT('',(-49.27705161185,20.8272122682238,-21.2290000000037));
#5080=CARTESIAN_POINT('Origin',(-49.27705161185,25.0698529553393,-21.2290000000007));
#5081=CARTESIAN_POINT('',(-49.27705161185,16.0056155857085,-16.4074033174865));
#5082=CARTESIAN_POINT('',(-52.27705161185,18.1269359292686,-14.2860829739273));
#5083=CARTESIAN_POINT('Origin',(4.24999999999998,20.8272122682238,-21.2290000000037));
#5084=CARTESIAN_POINT('',(-52.27705161185,27.1901470446607,-21.2289999999992));
#5085=CARTESIAN_POINT('',(-52.27705161185,20.740906067538,-21.2290000000037));
#5086=CARTESIAN_POINT('',(-49.27705161185,31.4327877317763,-21.2289999999963));
#5087=CARTESIAN_POINT('Origin',(-49.27705161185,27.1901470446607,-21.2289999999993));
#5088=CARTESIAN_POINT('',(47.77705161185,31.4327877317762,-21.2289999999963));
#5089=CARTESIAN_POINT('',(4.24999999999999,31.4327877317763,-21.2289999999963));
#5090=CARTESIAN_POINT('',(50.77705161185,27.1901470446607,-21.2289999999993));
#5091=CARTESIAN_POINT('Origin',(47.77705161185,27.1901470446607,-21.2289999999993));
#5092=CARTESIAN_POINT('',(50.77705161185,25.0698529553393,-21.2290000000007));
#5093=CARTESIAN_POINT('',(50.77705161185,20.8272122682238,-21.2290000000037));
#5094=CARTESIAN_POINT('',(47.77705161185,20.8272122682238,-21.2290000000037));
#5095=CARTESIAN_POINT('Origin',(47.77705161185,25.0698529553393,-21.2290000000007));
#5096=CARTESIAN_POINT('',(4.24999999999999,20.8272122682238,-21.2290000000037));
#5097=CARTESIAN_POINT('Origin',(-52.27705161185,20.6545998668442,-9.61449999999656));
#5098=CARTESIAN_POINT('',(-52.27705161185,19.7302623154302,-2.88610244362683));
#5099=CARTESIAN_POINT('',(-52.27705161185,16.8840808894306,-2.93578272521514));
#5100=CARTESIAN_POINT('',(-52.27705161185,19.6798852098872,6.24500451351651E-16));
#5101=CARTESIAN_POINT('',(-52.27705161185,19.7760182030506,-5.50745548977726));
#5102=CARTESIAN_POINT('',(-52.27705161185,35.0228670338471,7.53055971574503E-18));
#5103=CARTESIAN_POINT('',(-52.27705161185,17.9168998002669,5.55111512312578E-16));
#5104=CARTESIAN_POINT('',(-52.27705161185,35.0228670338471,-1.));
#5105=CARTESIAN_POINT('',(-52.27705161185,35.0228670338471,-4.80724999999828));
#5106=CARTESIAN_POINT('',(-52.27705161185,36.0631928733099,-1.));
#5107=CARTESIAN_POINT('',(-52.27705161185,28.853292922476,-1.));
#5108=CARTESIAN_POINT('',(-52.27705161185,35.9305693973164,-8.59799385161301));
#5109=CARTESIAN_POINT('',(-52.27705161185,35.9948703018918,-4.91419749536878));
#5110=CARTESIAN_POINT('',(-52.27705161185,33.0611045525505,-15.3580424921014));
#5111=CARTESIAN_POINT('Origin',(-52.27705161185,26.1299999999812,-8.4269379395541));
#5112=CARTESIAN_POINT('',(-52.27705161185,31.3953640041547,-17.023783040492));
#5113=CARTESIAN_POINT('Origin',(-49.27705161185,35.9948703018918,-4.91419749536878));
#5114=CARTESIAN_POINT('',(-49.27705161185,39.0636498574416,-1.));
#5115=CARTESIAN_POINT('Origin',(-49.27705161185,36.0631928733099,-1.));
#5116=CARTESIAN_POINT('',(-49.27705161185,38.9301124827856,-8.6503510709207));
#5117=CARTESIAN_POINT('',(-49.27705161185,38.9944133873611,-4.96655471467646));
#5118=CARTESIAN_POINT('Origin',(-49.27705161185,35.9305693973164,-8.59799385161301));
#5119=CARTESIAN_POINT('Origin',(-49.27705161185,26.1299999999812,-8.4269379395541));
#5120=CARTESIAN_POINT('',(-49.27705161185,35.1824248961082,-17.4793628356524));
#5121=CARTESIAN_POINT('Origin',(-49.27705161185,33.0611045525505,-15.3580424921014));
#5122=CARTESIAN_POINT('Origin',(-49.27705161185,26.1299999999812,-8.4269379395541));
#5123=CARTESIAN_POINT('Origin',(-49.27705161185,31.3953640041547,-17.023783040492));
#5124=CARTESIAN_POINT('',(-49.27705161185,33.5166843477177,-19.1451033840482));
#5125=CARTESIAN_POINT('Origin',(4.24999999999999,35.1824248961082,-17.4793628356524));
#5126=CARTESIAN_POINT('',(0.746106565107191,35.1824248961082,-17.4793628356524));
#5127=CARTESIAN_POINT('',(4.24999999999999,35.1824248961082,-17.4793628356524));
#5128=CARTESIAN_POINT('',(0.66871305761799,34.2978130576141,-18.3639746741494));
#5129=CARTESIAN_POINT('',(1.08464368548018,39.0519218883908,-13.6098658433576));
#5130=CARTESIAN_POINT('',(7.83128694238198,34.2978130576141,-18.3639746741494));
#5131=CARTESIAN_POINT('',(3.07999999999998,34.2978130576141,-18.3639746741494));
#5132=CARTESIAN_POINT('',(7.75389343489278,35.1824248961082,-17.4793628356524));
#5133=CARTESIAN_POINT('',(7.44735984312406,38.6861198825717,-13.9756678491778));
#5134=CARTESIAN_POINT('',(47.77705161185,35.1824248961082,-17.4793628356524));
#5135=CARTESIAN_POINT('',(4.24999999999999,35.1824248961082,-17.4793628356524));
#5136=CARTESIAN_POINT('',(47.77705161185,33.5166843477177,-19.1451033840482));
#5137=CARTESIAN_POINT('Origin',(4.24999999999999,26.1299999999812,-8.4269379395541));
#5138=CARTESIAN_POINT('',(47.77705161185,38.9301124827856,-8.6503510709207));
#5139=CARTESIAN_POINT('',(4.24999999999999,38.9301124827856,-8.6503510709207));
#5140=CARTESIAN_POINT('Origin',(47.77705161185,26.1299999999812,-8.4269379395541));
#5141=CARTESIAN_POINT('',(7.21183142714097,38.6092816553479,-11.2835657357046));
#5142=CARTESIAN_POINT('Origin',(6.96190887906324,26.1299999999812,-8.4269379395541));
#5143=CARTESIAN_POINT('',(1.28816857285901,38.6092816553479,-11.2835657357046));
#5144=CARTESIAN_POINT('',(4.24999999999999,38.6092816553479,-11.2835657357046));
#5145=CARTESIAN_POINT('Origin',(1.53809112093673,26.1299999999812,-8.4269379395541));
#5146=CARTESIAN_POINT('Origin',(4.24999999999999,39.0811049223687,1.80033743156156E-11));
#5147=CARTESIAN_POINT('',(-48.6268681021788,39.0636498574416,-1.));
#5148=CARTESIAN_POINT('',(-23.1009799285072,39.0636498574416,-1.));
#5149=CARTESIAN_POINT('',(-48.6268681021788,39.0811049223687,7.53055971574503E-18));
#5150=CARTESIAN_POINT('',(-48.6268681021788,39.0811049223685,9.00430585824045E-12));
#5151=CARTESIAN_POINT('',(47.77705161185,39.0811049223687,1.79924382834776E-11));
#5152=CARTESIAN_POINT('',(-40.27705161185,39.0811049223687,1.80042652710908E-11));
#5153=CARTESIAN_POINT('',(47.77705161185,38.994413387361,-4.96655471467646));
#5154=CARTESIAN_POINT('Origin',(-50.4519598570144,37.0519859781079,-1.));
#5155=CARTESIAN_POINT('',(-50.27705161185,35.022867033847,-1.));
#5156=CARTESIAN_POINT('',(-48.6268681021788,35.022867033847,-1.));
#5157=CARTESIAN_POINT('',(-50.27705161185,36.0631928733099,-1.));
#5158=CARTESIAN_POINT('',(-50.27705161185,28.853292922476,-1.));
#5159=CARTESIAN_POINT('',(-49.27705161185,37.0633452013538,-1.));
#5160=CARTESIAN_POINT('Origin',(-49.27705161185,36.0631928733099,-1.));
#5161=CARTESIAN_POINT('',(-48.6268681021788,37.0633452013538,-1.));
#5162=CARTESIAN_POINT('',(-23.1009799285072,37.0633452013538,-1.));
#5163=CARTESIAN_POINT('',(-48.6268681021788,39.0811049223687,-1.));
#5164=CARTESIAN_POINT('Origin',(47.77705161185,35.9948703018918,-4.91419749536878));
#5165=CARTESIAN_POINT('',(50.77705161185,36.080647938237,1.45220836002284E-11));
#5166=CARTESIAN_POINT('Origin',(47.77705161185,36.0806479382367,-5.55111512312578E-16));
#5167=CARTESIAN_POINT('',(50.77705161185,35.9305693973163,-8.59799385161302));
#5168=CARTESIAN_POINT('',(50.77705161185,35.9948703018918,-4.91419749536878));
#5169=CARTESIAN_POINT('Origin',(47.77705161185,35.9305693973163,-8.59799385161302));
#5170=CARTESIAN_POINT('Origin',(47.77705161185,26.1299999999812,-8.4269379395541));
#5171=CARTESIAN_POINT('',(50.77705161185,33.0611045525505,-15.3580424921014));
#5172=CARTESIAN_POINT('Origin',(47.77705161185,33.0611045525505,-15.3580424921014));
#5173=CARTESIAN_POINT('Origin',(50.77705161185,26.1299999999812,-8.4269379395541));
#5174=CARTESIAN_POINT('Origin',(47.77705161185,31.3953640041547,-17.023783040492));
#5175=CARTESIAN_POINT('',(50.77705161185,31.3953640041547,-17.023783040492));
#5176=CARTESIAN_POINT('Origin',(50.77705161185,20.6545998668441,-9.61449999999656));
#5177=CARTESIAN_POINT('',(50.77705161185,16.1793520617335,5.76450660349483E-13));
#5178=CARTESIAN_POINT('',(50.77705161185,37.0808002662809,1.52229302856612E-11));
#5179=CARTESIAN_POINT('',(50.77705161185,16.3294306026661,-8.59799385162664));
#5180=CARTESIAN_POINT('',(50.77705161185,16.2634619651752,-4.81865314094046));
#5181=CARTESIAN_POINT('',(50.77705161185,19.1988954474414,-15.3580424921111));
#5182=CARTESIAN_POINT('Origin',(50.77705161185,26.130000000001,-8.4269379395541));
#5183=CARTESIAN_POINT('',(50.77705161185,18.1269359292686,-14.2860829739273));
#5184=CARTESIAN_POINT('Origin',(4.24999999999999,15.1791997336897,-2.60999262011179E-17));
#5185=CARTESIAN_POINT('',(-48.6268681021788,37.0808002662806,7.53055971574503E-18));
#5186=CARTESIAN_POINT('',(-48.6268681021788,27.1301523280292,6.0220806477183E-16));
#5187=CARTESIAN_POINT('',(1.90999999999997,37.0808002662809,1.52225979623672E-11));
#5188=CARTESIAN_POINT('',(4.24999999999999,37.0808002662809,1.52230534739732E-11));
#5189=CARTESIAN_POINT('',(6.59000000000001,37.0808002662809,1.52224444634351E-11));
#5190=CARTESIAN_POINT('',(4.24999999999999,37.0808002662809,1.5222954479973E-11));
#5191=CARTESIAN_POINT('',(47.77705161185,37.0808002662809,1.52224475485664E-11));
#5192=CARTESIAN_POINT('',(4.24999999999999,37.0808002662809,1.5222954479973E-11));
#5193=CARTESIAN_POINT('',(48.77705161185,36.080647938237,1.45218615556235E-11));
#5194=CARTESIAN_POINT('Origin',(47.77705161185,36.0806479382367,0.));
#5195=CARTESIAN_POINT('',(48.77705161185,16.1793520617335,5.76228615744559E-13));
#5196=CARTESIAN_POINT('',(48.77705161185,37.0808002662809,1.52227082410563E-11));
#5197=CARTESIAN_POINT('',(47.77705161185,15.1791997336897,-5.33031332730045E-16));
#5198=CARTESIAN_POINT('Origin',(47.77705161185,16.1793520617336,0.));
#5199=CARTESIAN_POINT('',(6.59,15.1791997336897,-5.36116464070654E-16));
#5200=CARTESIAN_POINT('',(4.24999999999998,15.1791997336897,-2.60999262011179E-17));
#5201=CARTESIAN_POINT('',(1.90999999999997,15.1791997336897,-3.82617532012681E-16));
#5202=CARTESIAN_POINT('',(4.24999999999998,15.1791997336897,-2.60999262011179E-17));
#5203=CARTESIAN_POINT('',(1.63806528416693,15.1791997336897,1.03313587606036E-16));
#5204=CARTESIAN_POINT('',(4.24999999999999,15.1791997336897,7.28940739880146E-17));
#5205=CARTESIAN_POINT('',(1.63806528416692,13.1788950776018,9.71445146547012E-16));
#5206=CARTESIAN_POINT('',(1.63806528416692,14.1790474056458,3.27471478265935E-18));
#5207=CARTESIAN_POINT('',(47.77705161185,13.1788950776018,-1.0964221809508E-14));
#5208=CARTESIAN_POINT('',(-40.27705161185,13.1788950776018,8.62765803692861E-16));
#5209=CARTESIAN_POINT('Origin',(47.77705161185,16.1793520617336,-5.55111512312578E-16));
#5210=CARTESIAN_POINT('Origin',(47.77705161185,16.2634619651752,-4.81865314094046));
#5211=CARTESIAN_POINT('',(47.77705161185,13.3298875171969,-8.65035107093849));
#5212=CARTESIAN_POINT('',(47.77705161185,13.2639188797061,-4.87101036025231));
#5213=CARTESIAN_POINT('Origin',(47.77705161185,16.3294306026661,-8.59799385162664));
#5214=CARTESIAN_POINT('Origin',(47.77705161185,26.130000000001,-8.4269379395541));
#5215=CARTESIAN_POINT('',(47.77705161185,17.0775751038866,-17.479362835665));
#5216=CARTESIAN_POINT('Origin',(47.77705161185,19.1988954474414,-15.3580424921111));
#5217=CARTESIAN_POINT('Origin',(47.77705161185,26.130000000001,-8.4269379395541));
#5218=CARTESIAN_POINT('Origin',(47.77705161185,18.1269359292686,-14.2860829739273));
#5219=CARTESIAN_POINT('',(47.77705161185,16.0056155857085,-16.4074033174865));
#5220=CARTESIAN_POINT('Origin',(4.24999999999998,17.0775751038866,-17.479362835665));
#5221=CARTESIAN_POINT('',(7.75389343489278,17.0775751038866,-17.479362835665));
#5222=CARTESIAN_POINT('',(4.24999999999999,17.0775751038866,-17.479362835665));
#5223=CARTESIAN_POINT('',(7.83128694238198,17.962186942382,-18.3639746741607));
#5224=CARTESIAN_POINT('',(7.41535631451979,13.2080781115987,-13.6098658433756));
#5225=CARTESIAN_POINT('',(0.66871305761799,17.962186942382,-18.3639746741607));
#5226=CARTESIAN_POINT('',(5.41999999999999,17.962186942382,-18.3639746741607));
#5227=CARTESIAN_POINT('',(0.746106565107191,17.0775751038866,-17.479362835665));
#5228=CARTESIAN_POINT('',(1.05264015687591,13.5738801174182,-13.9756678491952));
#5229=CARTESIAN_POINT('',(4.24999999999999,17.0775751038866,-17.479362835665));
#5230=CARTESIAN_POINT('Origin',(4.24999999999998,26.130000000001,-8.4269379395541));
#5231=CARTESIAN_POINT('',(1.28816857285901,13.6507183446383,-11.2835657357219));
#5232=CARTESIAN_POINT('Origin',(1.53809112093674,26.130000000001,-8.4269379395541));
#5233=CARTESIAN_POINT('',(7.21183142714096,13.6507183446383,-11.2835657357219));
#5234=CARTESIAN_POINT('',(4.24999999999998,13.6507183446383,-11.2835657357219));
#5235=CARTESIAN_POINT('Origin',(6.96190887906324,26.130000000001,-8.4269379395541));
#5236=CARTESIAN_POINT('',(4.24999999999998,13.329887517197,-8.65035107093849));
#5237=CARTESIAN_POINT('Origin',(4.24999999999999,13.1788950776018,-2.8189671469606E-17));
#5238=CARTESIAN_POINT('',(1.63806528416692,13.1963474840391,-0.99984769515639));
#5239=CARTESIAN_POINT('',(1.63806528416692,13.1788950776018,4.38791483235017E-16));
#5240=CARTESIAN_POINT('',(-2.26944678020955,13.1963474840391,-0.99984769515639));
#5241=CARTESIAN_POINT('',(2.94403264208345,13.1963474840391,-0.99984769515639));
#5242=CARTESIAN_POINT('',(-2.26944678020955,13.1788950776018,1.11022302462516E-15));
#5243=CARTESIAN_POINT('',(-2.26944678020955,13.1876212808205,-0.499923847578195));
#5244=CARTESIAN_POINT('',(-22.4399571616296,13.1788950776018,1.52655665885959E-15));
#5245=CARTESIAN_POINT('',(-40.27705161185,13.1788950776018,8.62765803692861E-16));
#5246=CARTESIAN_POINT('',(-22.4399571616296,13.1963474840391,-0.99984769515639));
#5247=CARTESIAN_POINT('',(-22.4399571616296,13.1788950776018,7.42320662091835E-16));
#5248=CARTESIAN_POINT('',(-24.5795454559491,13.1963474840391,-0.99984769515639));
#5249=CARTESIAN_POINT('',(-9.09497858081482,13.1963474840391,-0.99984769515639));
#5250=CARTESIAN_POINT('',(-24.5795454559491,13.1788950776018,1.52655665885959E-15));
#5251=CARTESIAN_POINT('',(-24.5795454559491,13.1876212808205,-0.499923847578195));
#5252=CARTESIAN_POINT('',(-44.77705161185,13.1788950776018,2.08166817117217E-15));
#5253=CARTESIAN_POINT('',(-40.27705161185,13.1788950776018,8.62765803692861E-16));
#5254=CARTESIAN_POINT('',(-44.77705161185,13.2312522969137,-2.99954308546917));
#5255=CARTESIAN_POINT('',(-44.77705161185,13.1788950776018,1.07729515265723E-15));
#5256=CARTESIAN_POINT('',(-20.263525805925,13.2312522969137,-2.99954308546914));
#5257=CARTESIAN_POINT('Origin',(-49.27705161185,16.3389583041815,-9.1438355058748));
#5258=CARTESIAN_POINT('',(-49.27705161185,15.3295831459272,-8.61545991699413));
#5259=CARTESIAN_POINT('',(-50.27705161185,16.3294308410836,-8.59800751055684));
#5260=CARTESIAN_POINT('Origin',(-49.27705161185,16.3294308410836,-8.59800751055684));
#5261=CARTESIAN_POINT('',(-50.27705161185,16.2307953823829,-2.94718586615732));
#5262=CARTESIAN_POINT('',(-50.27705161185,16.3389583041815,-9.1438355058748));
#5263=CARTESIAN_POINT('',(-49.27705161185,15.2309476872265,-2.9646382725946));
#5264=CARTESIAN_POINT('Origin',(-49.27705161185,16.2307953823829,-2.94718586615732));
#5265=CARTESIAN_POINT('',(-49.27705161185,15.3391106090252,-9.16128791231209));
#5266=CARTESIAN_POINT('Origin',(-49.27705161185,26.13,-8.42693793955448));
#5267=CARTESIAN_POINT('',(-49.27705161185,36.9304168540553,-8.61545991697911));
#5268=CARTESIAN_POINT('',(-50.27705161185,35.9305691589166,-8.5980075105435));
#5269=CARTESIAN_POINT('Origin',(-49.27705161185,35.9305691589166,-8.5980075105435));
#5270=CARTESIAN_POINT('Origin',(-50.27705161185,26.13,-8.42693793955448));
#5271=CARTESIAN_POINT('Origin',(-49.27705161185,26.13,-8.42693793955448));
#5272=CARTESIAN_POINT('Origin',(-49.27705161185,35.9193739628915,-9.23937986030322));
#5273=CARTESIAN_POINT('',(-50.27705161185,35.9193739628915,-9.23937986030322));
#5274=CARTESIAN_POINT('',(-49.27705161185,36.9192216580479,-9.25683226673911));
#5275=CARTESIAN_POINT('Origin',(4.24999999999999,36.9304168540553,-8.61545991697911));
#5276=CARTESIAN_POINT('',(1.52159758508525,36.9304168540553,-8.61545991697911));
#5277=CARTESIAN_POINT('',(4.24999999999999,36.9304168540553,-8.61545991697911));
#5278=CARTESIAN_POINT('',(1.90999999999997,37.0079079151464,-4.17599999998488));
#5279=CARTESIAN_POINT('',(1.72615830103312,36.9712292340191,-6.27732023460451));
#5280=CARTESIAN_POINT('',(1.90999999999997,36.9872736276225,-5.35813754060598));
#5281=CARTESIAN_POINT('',(-48.6268681021788,37.0059131930554,-4.29027755205366));
#5282=CARTESIAN_POINT('Origin',(4.24999999999998,26.13,-8.42693793955448));
#5283=CARTESIAN_POINT('',(1.52159758508525,15.3295831459272,-8.61545991699413));
#5284=CARTESIAN_POINT('',(4.24999999999998,15.3295831459272,-8.61545991699413));
#5285=CARTESIAN_POINT('',(0.949173333395747,17.6817266666042,-15.1582990531741));
#5286=CARTESIAN_POINT('Origin',(1.5380911209367,26.13,-8.42693793955448));
#5287=CARTESIAN_POINT('',(7.55082666660422,17.6817266666042,-15.1582990531741));
#5288=CARTESIAN_POINT('',(4.24999999999998,17.6817266666042,-15.1582990531741));
#5289=CARTESIAN_POINT('',(6.97840241491472,15.3295831459272,-8.61545991699413));
#5290=CARTESIAN_POINT('Origin',(6.96190887906327,26.13,-8.42693793955448));
#5291=CARTESIAN_POINT('',(47.77705161185,15.3295831459272,-8.61545991699413));
#5292=CARTESIAN_POINT('',(4.24999999999998,15.3295831459272,-8.61545991699413));
#5293=CARTESIAN_POINT('',(47.77705161185,36.9304168540553,-8.61545991697911));
#5294=CARTESIAN_POINT('Origin',(47.77705161185,26.13,-8.42693793955448));
#5295=CARTESIAN_POINT('',(6.97840241491473,36.9304168540553,-8.61545991697911));
#5296=CARTESIAN_POINT('',(4.24999999999999,36.9304168540553,-8.61545991697911));
#5297=CARTESIAN_POINT('',(7.55082666660642,34.5782733333852,-15.1582990531874));
#5298=CARTESIAN_POINT('Origin',(6.96190887906327,26.13,-8.42693793955448));
#5299=CARTESIAN_POINT('',(0.949173333393558,34.5782733333852,-15.1582990531874));
#5300=CARTESIAN_POINT('',(4.24999999999999,34.5782733333852,-15.1582990531874));
#5301=CARTESIAN_POINT('Origin',(1.5380911209367,26.13,-8.42693793955448));
#5302=CARTESIAN_POINT('Origin',(4.24999999999998,15.3295831459272,-8.61545991699413));
#5303=CARTESIAN_POINT('',(-44.77705161185,15.2309476872265,-2.9646382725946));
#5304=CARTESIAN_POINT('',(-20.263525805925,15.2309476872265,-2.96463827259457));
#5305=CARTESIAN_POINT('',(-44.77705161185,15.1791997336897,6.43880421815792E-16));
#5306=CARTESIAN_POINT('',(-44.77705161185,15.2540868069209,-4.29027755205978));
#5307=CARTESIAN_POINT('',(-24.5795454559491,15.1791997336897,4.08653136143172E-16));
#5308=CARTESIAN_POINT('',(4.24999999999999,15.1791997336897,7.28940739880146E-17));
#5309=CARTESIAN_POINT('',(-24.5795454559491,15.1960428743519,-0.964942882281822));
#5310=CARTESIAN_POINT('',(-24.5795454559491,15.2628130101396,-4.79020139963798));
#5311=CARTESIAN_POINT('',(-22.4399571616296,15.1960428743519,-0.964942882281822));
#5312=CARTESIAN_POINT('',(-9.09497858081483,15.1960428743519,-0.964942882281822));
#5313=CARTESIAN_POINT('',(-22.4399571616296,15.1791997336897,3.8373473567111E-16));
#5314=CARTESIAN_POINT('',(-22.4399571616296,15.2540868069209,-4.29027755205978));
#5315=CARTESIAN_POINT('',(-2.26944678020955,15.1791997336897,1.48821852316615E-16));
#5316=CARTESIAN_POINT('',(4.24999999999999,15.1791997336897,7.28940739880146E-17));
#5317=CARTESIAN_POINT('',(-2.26944678020955,15.1960428743519,-0.964942882281822));
#5318=CARTESIAN_POINT('',(-2.26944678020955,15.2628130101396,-4.79020139963798));
#5319=CARTESIAN_POINT('',(1.63806528416693,15.1960428743519,-0.964942882281822));
#5320=CARTESIAN_POINT('',(2.94403264208345,15.1960428743519,-0.964942882281822));
#5321=CARTESIAN_POINT('',(1.63806528416692,15.2540868069209,-4.29027755205978));
#5322=CARTESIAN_POINT('',(1.90999999999997,15.2520920848299,-4.176));
#5323=CARTESIAN_POINT('',(1.90999999999997,15.2727263723555,-5.35813754062108));
#5324=CARTESIAN_POINT('',(1.72504563349968,15.2889927568245,-6.29003808272237));
#5325=CARTESIAN_POINT('Origin',(47.77705161185,35.9193739628915,-9.23937986030322));
#5326=CARTESIAN_POINT('',(48.77705161185,35.9305691588988,-8.59800751054322));
#5327=CARTESIAN_POINT('Origin',(47.77705161185,35.9305691588988,-8.59800751054322));
#5328=CARTESIAN_POINT('',(48.77705161185,35.9193739628915,-9.23937986030322));
#5329=CARTESIAN_POINT('',(47.77705161185,36.9192216580479,-9.25683226673912));
#5330=CARTESIAN_POINT('Origin',(47.77705161185,26.13,-8.42693793955448));
#5331=CARTESIAN_POINT('',(48.77705161185,16.3294308410836,-8.59800751055684));
#5332=CARTESIAN_POINT('Origin',(47.77705161185,16.3294308410836,-8.59800751055684));
#5333=CARTESIAN_POINT('Origin',(48.77705161185,26.13,-8.42693793955448));
#5334=CARTESIAN_POINT('Origin',(47.77705161185,16.3389583041815,-9.14383550587481));
#5335=CARTESIAN_POINT('',(48.77705161185,16.3389583041815,-9.14383550587481));
#5336=CARTESIAN_POINT('',(47.77705161185,15.3391106090251,-9.16128791231209));
#5337=CARTESIAN_POINT('Origin',(4.24999999999998,15.3295831459272,-8.61545991699413));
#5338=CARTESIAN_POINT('',(6.59,15.2520920848299,-4.176));
#5339=CARTESIAN_POINT('',(6.77384169896685,15.2887707659602,-6.27732023461958));
#5340=CARTESIAN_POINT('',(6.59,15.2727263723555,-5.35813754062108));
#5341=CARTESIAN_POINT('Origin',(4.24999999999999,36.9304168540553,-8.61545991697911));
#5342=CARTESIAN_POINT('',(6.59000000000001,37.0079079151464,-4.17599999998488));
#5343=CARTESIAN_POINT('',(6.59000000000001,36.9872736276225,-5.35813754060598));
#5344=CARTESIAN_POINT('',(6.77495436650029,36.9710072431547,-6.2900380827073));
#5345=CARTESIAN_POINT('Origin',(4.24999999999999,38.1218882340211,-11.171996686021));
#5346=CARTESIAN_POINT('',(7.20588296981903,37.6237908849753,-11.2155745573955));
#5347=CARTESIAN_POINT('Origin',(7.20207040009323,38.1218882340211,-11.171996686021));
#5348=CARTESIAN_POINT('',(1.29411703018094,37.6237908849753,-11.2155745573955));
#5349=CARTESIAN_POINT('',(4.24999999999999,37.6237908849753,-11.2155745573955));
#5350=CARTESIAN_POINT('Origin',(1.29792959990674,38.1218882340211,-11.171996686021));
#5351=CARTESIAN_POINT('Origin',(6.59000000000001,37.0079079151464,-4.17599999998488));
#5352=CARTESIAN_POINT('',(6.58446343328826,37.0023713484346,-4.11271675289189));
#5353=CARTESIAN_POINT('',(4.24999999999999,37.0079079151464,-4.17599999998488));
#5354=CARTESIAN_POINT('',(1.92764092632081,36.9902669888253,-3.97436328946858));
#5355=CARTESIAN_POINT('Origin',(4.24999999999998,14.138111765965,-11.1719966860377));
#5356=CARTESIAN_POINT('',(1.29411703018094,14.6362091150109,-11.2155745574115));
#5357=CARTESIAN_POINT('Origin',(1.29792959990674,14.138111765965,-11.1719966860377));
#5358=CARTESIAN_POINT('',(7.20588296981903,14.6362091150109,-11.2155745574115));
#5359=CARTESIAN_POINT('',(4.24999999999998,14.6362091150109,-11.2155745574115));
#5360=CARTESIAN_POINT('Origin',(7.20207040009323,14.138111765965,-11.1719966860377));
#5361=CARTESIAN_POINT('Origin',(1.90999999999997,15.2520920848299,-4.176));
#5362=CARTESIAN_POINT('',(1.91553656671172,15.2576286515416,-4.112716752907));
#5363=CARTESIAN_POINT('',(4.24999999999998,15.2520920848299,-4.176));
#5364=CARTESIAN_POINT('',(6.57235907367916,15.2697330111507,-3.97436328948368));
#5365=CARTESIAN_POINT('Origin',(-48.6268681021788,39.0811049223687,7.53055971574503E-18));
#5366=CARTESIAN_POINT('Origin',(-48.6268681021788,35.022867033847,7.53055971574503E-18));
#5367=CARTESIAN_POINT('',(-50.27705161185,35.022867033847,7.53055971574503E-18));
#5368=CARTESIAN_POINT('',(-50.27705161185,35.022867033847,-4.80724999999828));
#5369=CARTESIAN_POINT('',(-22.1884340510894,35.022867033847,3.02542355578536E-16));
#5370=CARTESIAN_POINT('Origin',(6.59,15.2520920848299,-4.176));
#5371=CARTESIAN_POINT('',(6.58446343328825,16.7153634332882,-4.112716752907));
#5372=CARTESIAN_POINT('Origin',(6.59,16.7209,-4.176));
#5373=CARTESIAN_POINT('',(1.92764092632081,16.7032590736792,-3.97436328948368));
#5374=CARTESIAN_POINT('Origin',(1.90999999999997,16.7209,-4.176));
#5375=CARTESIAN_POINT('Origin',(1.90999999999997,35.5390999999763,-4.17599999998692));
#5376=CARTESIAN_POINT('',(6.57235907367917,35.5567409262969,-3.97436328947057));
#5377=CARTESIAN_POINT('',(1.91553656671172,35.544636566688,-4.11271675289392));
#5378=CARTESIAN_POINT('Origin',(1.90999999999997,37.0079079151464,-4.17599999998488));
#5379=CARTESIAN_POINT('Origin',(6.59000000000001,35.5390999999763,-4.17599999998692));
#5380=CARTESIAN_POINT('Origin',(-48.52705161185,19.7040837057743,-1.38633090089224));
#5381=CARTESIAN_POINT('',(-50.27705161185,19.6798852098872,5.56953326961639E-16));
#5382=CARTESIAN_POINT('',(-22.138525805925,19.6798852098872,1.38777878078145E-16));
#5383=CARTESIAN_POINT('',(-50.27705161185,19.7302623154302,-2.88610244362683));
#5384=CARTESIAN_POINT('',(-50.27705161185,19.7302623154302,-2.88610244362683));
#5385=CARTESIAN_POINT('',(-50.27705161185,19.7760182030506,-5.50745548977726));
#5386=CARTESIAN_POINT('Origin',(-44.77705161185,13.1788950776018,2.22044604925031E-15));
#5387=CARTESIAN_POINT('',(-44.77705161185,14.1790474056458,5.43841548992416E-16));
#5388=CARTESIAN_POINT('',(-44.77705161185,13.2312522969137,-2.99954308546917));
#5389=CARTESIAN_POINT('Origin',(-44.77705161185,13.2312522969137,-2.99954308546917));
#5390=CARTESIAN_POINT('',(-50.27705161185,16.8840808894306,-2.93578272521514));
#5391=CARTESIAN_POINT('Origin',(-22.4399571616296,13.1963474840391,-0.99984769515639));
#5392=CARTESIAN_POINT('',(-24.5795454559491,13.1963474840391,-0.99984769515639));
#5393=CARTESIAN_POINT('',(-22.4399571616296,13.1963474840391,-0.99984769515639));
#5394=CARTESIAN_POINT('Origin',(-22.4399571616296,13.1788950776018,1.52655665885959E-15));
#5395=CARTESIAN_POINT('',(-22.4399571616296,14.1790474056458,2.83695862847734E-16));
#5396=CARTESIAN_POINT('Origin',(-24.5795454559491,13.1963474840391,-0.99984769515639));
#5397=CARTESIAN_POINT('',(-24.5795454559491,14.1877736088644,3.46944695195361E-16));
#5398=CARTESIAN_POINT('Origin',(1.63806528416692,13.1963474840391,-0.99984769515639));
#5399=CARTESIAN_POINT('',(-2.26944678020955,13.1963474840391,-0.99984769515639));
#5400=CARTESIAN_POINT('',(1.63806528416692,13.1963474840391,-0.99984769515639));
#5401=CARTESIAN_POINT('Origin',(1.63806528416692,13.1788950776018,9.71445146547012E-16));
#5402=CARTESIAN_POINT('Origin',(-2.26944678020955,13.1963474840391,-0.99984769515639));
#5403=CARTESIAN_POINT('',(-2.26944678020955,14.1877736088644,6.93889390390723E-17));
#5404=CARTESIAN_POINT('Origin',(-50.27705161185,20.6545998668442,-9.61449999999656));
#5405=CARTESIAN_POINT('',(-50.27705161185,17.9168998002669,5.55111512312578E-16));
#5406=CARTESIAN_POINT('Origin',(4.24999999999999,15.1791997336897,-2.60999262011179E-17));
#5407=CARTESIAN_POINT('Origin',(4.24999999999999,15.1791997336897,-2.60999262011179E-17));
#5408=CARTESIAN_POINT('Origin',(1.90999999999997,36.3099501331286,-2.08799999998585));
#5409=CARTESIAN_POINT('',(1.90999999999997,35.5390999999763,-4.17599999998692));
#5410=CARTESIAN_POINT('',(1.90999999999997,36.658929024139,-4.17599999998537));
#5411=CARTESIAN_POINT('',(1.90999999999997,35.9245250665525,-3.13199999998639));
#5412=CARTESIAN_POINT('Origin',(1.90999999999997,15.9500498668448,-2.088));
#5413=CARTESIAN_POINT('',(1.90999999999997,16.7209,-4.176));
#5414=CARTESIAN_POINT('',(1.90999999999997,15.6010709758374,-4.176));
#5415=CARTESIAN_POINT('',(1.90999999999997,16.3354749334224,-3.132));
#5416=CARTESIAN_POINT('Origin',(4.24999999999999,35.5390999999763,-4.17599999998692));
#5417=CARTESIAN_POINT('',(6.59000000000001,35.5390999999763,-4.17599999998692));
#5418=CARTESIAN_POINT('',(6.59000000000001,35.9245250665525,-3.13199999998639));
#5419=CARTESIAN_POINT('',(4.24999999999999,35.5390999999763,-4.17599999998692));
#5420=CARTESIAN_POINT('Origin',(4.24999999999999,37.0079079151464,-4.17599999998488));
#5421=CARTESIAN_POINT('',(6.59000000000001,36.658929024139,-4.17599999998537));
#5422=CARTESIAN_POINT('Origin',(6.59000000000001,36.3099501331286,-2.08799999998585));
#5423=CARTESIAN_POINT('Origin',(4.24999999999999,16.7209,-4.176));
#5424=CARTESIAN_POINT('',(6.59,16.7209,-4.176));
#5425=CARTESIAN_POINT('',(6.59,16.3354749334224,-3.132));
#5426=CARTESIAN_POINT('',(4.24999999999999,16.7209,-4.176));
#5427=CARTESIAN_POINT('Origin',(4.24999999999999,15.2520920848299,-4.176));
#5428=CARTESIAN_POINT('',(6.59,15.6010709758374,-4.176));
#5429=CARTESIAN_POINT('Origin',(6.59,15.9500498668448,-2.088));
#5430=CARTESIAN_POINT('Origin',(48.77705161185,20.6545998668441,-9.61449999999656));
#5431=CARTESIAN_POINT('Origin',(4.24999999999999,15.1791997336897,-2.60999262011179E-17));
#5432=UNCERTAINTY_MEASURE_WITH_UNIT(LENGTH_MEASURE(0.01),#5436,
'DISTANCE_ACCURACY_VALUE',
'Maximum model space distance between geometric entities at asserted c
onnectivities');
#5433=UNCERTAINTY_MEASURE_WITH_UNIT(LENGTH_MEASURE(0.01),#5436,
'DISTANCE_ACCURACY_VALUE',
'Maximum model space distance between geometric entities at asserted c
onnectivities');
#5434=(
GEOMETRIC_REPRESENTATION_CONTEXT(3)
GLOBAL_UNCERTAINTY_ASSIGNED_CONTEXT((#5432))
GLOBAL_UNIT_ASSIGNED_CONTEXT((#5436,#5438,#5439))
REPRESENTATION_CONTEXT('','3D')
);
#5435=(
GEOMETRIC_REPRESENTATION_CONTEXT(3)
GLOBAL_UNCERTAINTY_ASSIGNED_CONTEXT((#5433))
GLOBAL_UNIT_ASSIGNED_CONTEXT((#5436,#5438,#5439))
REPRESENTATION_CONTEXT('','3D')
);
#5436=(
LENGTH_UNIT()
NAMED_UNIT(*)
SI_UNIT(.MILLI.,.METRE.)
);
#5437=(
LENGTH_UNIT()
NAMED_UNIT(*)
SI_UNIT($,.METRE.)
);
#5438=(
NAMED_UNIT(*)
PLANE_ANGLE_UNIT()
SI_UNIT($,.RADIAN.)
);
#5439=(
NAMED_UNIT(*)
SI_UNIT($,.STERADIAN.)
SOLID_ANGLE_UNIT()
);
#5440=SHAPE_DEFINITION_REPRESENTATION(#5441,#5442);
#5441=PRODUCT_DEFINITION_SHAPE('',$,#5444);
#5442=SHAPE_REPRESENTATION('',(#3224),#5434);
#5443=PRODUCT_DEFINITION_CONTEXT('part definition',#5448,'design');
#5444=PRODUCT_DEFINITION('Rev0 Battery Cover','Rev0 Battery Cover',#5445,
#5443);
#5445=PRODUCT_DEFINITION_FORMATION('',$,#5450);
#5446=PRODUCT_RELATED_PRODUCT_CATEGORY('Rev0 Battery Cover',
'Rev0 Battery Cover',(#5450));
#5447=APPLICATION_PROTOCOL_DEFINITION('international standard',
'automotive_design',2009,#5448);
#5448=APPLICATION_CONTEXT(
'Core Data for Automotive Mechanical Design Process');
#5449=PRODUCT_CONTEXT('part definition',#5448,'mechanical');
#5450=PRODUCT('Rev0 Battery Cover','Rev0 Battery Cover',$,(#5449));
#5451=PRESENTATION_STYLE_ASSIGNMENT((#5452));
#5452=SURFACE_STYLE_USAGE(.BOTH.,#5453);
#5453=SURFACE_SIDE_STYLE('',(#5454));
#5454=SURFACE_STYLE_FILL_AREA(#5455);
#5455=FILL_AREA_STYLE('Steel - Satin',(#5456));
#5456=FILL_AREA_STYLE_COLOUR('Steel - Satin',#5457);
#5457=COLOUR_RGB('Steel - Satin',0.627450980392157,0.627450980392157,0.627450980392157);
ENDSEC;
END-ISO-10303-21;
