ISO-10303-21;
HEADER;
/* Generated by software containing ST-Developer
 * from STEP Tools, Inc. (www.steptools.com) 
 */

FILE_DESCRIPTION(
/* description */ (''),
/* implementation_level */ '2;1');

FILE_NAME(
/* name */ 'Rev0 Battery Cover - 3D Print.step',
/* time_stamp */ '2026-09-05T17:43:03-04:00',
/* author */ (''),
/* organization */ (''),
/* preprocessor_version */ 'ST-DEVELOPER v20.1',
/* originating_system */ 'Autodesk Translation Framework v15.8.0.0',
/* authorisation */ '');

FILE_SCHEMA (('AUTOMOTIVE_DESIGN { 1 0 10303 214 3 1 1 }'));
ENDSEC;

DATA;
#10=MECHANICAL_DESIGN_GEOMETRIC_PRESENTATION_REPRESENTATION('',(#13),#5435);
#11=SHAPE_REPRESENTATION_RELATIONSHIP('SRR','None',#5442,#12);
#12=ADVANCED_BREP_SHAPE_REPRESENTATION('',(#14),#5434);
#13=STYLED_ITEM('',(#5451),#14);
#14=MANIFOLD_SOLID_BREP('Body1',#3211);
#15=FACE_BOUND('',#404,.T.);
#16=ELLIPSE('',#3426,4.24264068711552,3.);
#17=ELLIPSE('',#3428,4.2426406871155,3.);
#18=ELLIPSE('',#3429,4.2426406871155,3.);
#19=ELLIPSE('',#3430,4.24264068711552,3.);
#20=ELLIPSE('',#3434,3.00045698413165,3.);
#21=ELLIPSE('',#3443,12.8509638577446,12.8020620604538);
#22=ELLIPSE('',#3444,12.8509638577446,12.8020620604538);
#23=ELLIPSE('',#3447,1.00015232804388,1.);
#24=ELLIPSE('',#3449,3.00045698413165,3.);
#25=ELLIPSE('',#3458,1.00015232804388,1.);
#26=ELLIPSE('',#3459,1.00015232804391,1.);
#27=ELLIPSE('',#3460,3.00045698413172,3.);
#28=ELLIPSE('',#3469,12.8509638577446,12.8020620604538);
#29=ELLIPSE('',#3470,12.8509638577446,12.8020620604538);
#30=ELLIPSE('',#3482,10.8433241826496,10.8020620604455);
#31=ELLIPSE('',#3483,10.8433241826496,10.8020620604455);
#32=ELLIPSE('',#3485,10.8433241826496,10.8020620604455);
#33=ELLIPSE('',#3486,10.8433241826496,10.8020620604455);
#34=ELLIPSE('',#3497,0.501909918771674,0.5);
#35=ELLIPSE('',#3498,0.501909918771674,0.5);
#36=ELLIPSE('',#3501,0.501909918771674,0.5);
#37=ELLIPSE('',#3502,0.501909918771674,0.5);
#38=TOROIDAL_SURFACE('',#3421,9.80206206045385,3.);
#39=TOROIDAL_SURFACE('',#3436,9.80206206045385,3.);
#40=TOROIDAL_SURFACE('',#3451,9.80206206045385,3.);
#41=TOROIDAL_SURFACE('',#3463,9.80206206045385,3.);
#42=TOROIDAL_SURFACE('',#3475,9.80206206044552,1.);
#43=TOROIDAL_SURFACE('',#3490,9.80206206044552,1.);
#44=PLANE('',#3228);
#45=PLANE('',#3232);
#46=PLANE('',#3236);
#47=PLANE('',#3240);
#48=PLANE('',#3244);
#49=PLANE('',#3248);
#50=PLANE('',#3252);
#51=PLANE('',#3256);
#52=PLANE('',#3260);
#53=PLANE('',#3264);
#54=PLANE('',#3268);
#55=PLANE('',#3272);
#56=PLANE('',#3276);
#57=PLANE('',#3280);
#58=PLANE('',#3284);
#59=PLANE('',#3288);
#60=PLANE('',#3292);
#61=PLANE('',#3296);
#62=PLANE('',#3300);
#63=PLANE('',#3304);
#64=PLANE('',#3308);
#65=PLANE('',#3312);
#66=PLANE('',#3316);
#67=PLANE('',#3320);
#68=PLANE('',#3324);
#69=PLANE('',#3328);
#70=PLANE('',#3329);
#71=PLANE('',#3354);
#72=PLANE('',#3357);
#73=PLANE('',#3360);
#74=PLANE('',#3363);
#75=PLANE('',#3366);
#76=PLANE('',#3371);
#77=PLANE('',#3376);
#78=PLANE('',#3379);
#79=PLANE('',#3382);
#80=PLANE('',#3387);
#81=PLANE('',#3390);
#82=PLANE('',#3393);
#83=PLANE('',#3396);
#84=PLANE('',#3399);
#85=PLANE('',#3406);
#86=PLANE('',#3411);
#87=PLANE('',#3412);
#88=PLANE('',#3413);
#89=PLANE('',#3414);
#90=PLANE('',#3415);
#91=PLANE('',#3416);
#92=PLANE('',#3417);
#93=PLANE('',#3427);
#94=PLANE('',#3431);
#95=PLANE('',#3440);
#96=PLANE('',#3445);
#97=PLANE('',#3446);
#98=PLANE('',#3455);
#99=PLANE('',#3457);
#100=PLANE('',#3467);
#101=PLANE('',#3471);
#102=PLANE('',#3480);
#103=PLANE('',#3487);
#104=PLANE('',#3494);
#105=PLANE('',#3495);
#106=PLANE('',#3499);
#107=PLANE('',#3503);
#108=PLANE('',#3504);
#109=PLANE('',#3505);
#110=PLANE('',#3506);
#111=PLANE('',#3507);
#112=PLANE('',#3508);
#113=PLANE('',#3509);
#114=PLANE('',#3510);
#115=PLANE('',#3511);
#116=PLANE('',#3512);
#117=PLANE('',#3513);
#118=PLANE('',#3514);
#119=PLANE('',#3515);
#120=PLANE('',#3516);
#121=PLANE('',#3517);
#122=PLANE('',#3518);
#123=PLANE('',#3519);
#124=PLANE('',#3520);
#125=PLANE('',#3521);
#126=PLANE('',#3522);
#127=PLANE('',#3523);
#128=PLANE('',#3524);
#129=PLANE('',#3525);
#130=PLANE('',#3526);
#131=PLANE('',#3527);
#132=PLANE('',#3528);
#133=PLANE('',#3529);
#134=PLANE('',#3530);
#135=PLANE('',#3531);
#136=PLANE('',#3532);
#137=PLANE('',#3533);
#138=FACE_OUTER_BOUND('',#303,.T.);
#139=FACE_OUTER_BOUND('',#304,.T.);
#140=FACE_OUTER_BOUND('',#305,.T.);
#141=FACE_OUTER_BOUND('',#306,.T.);
#142=FACE_OUTER_BOUND('',#307,.T.);
#143=FACE_OUTER_BOUND('',#308,.T.);
#144=FACE_OUTER_BOUND('',#309,.T.);
#145=FACE_OUTER_BOUND('',#310,.T.);
#146=FACE_OUTER_BOUND('',#311,.T.);
#147=FACE_OUTER_BOUND('',#312,.T.);
#148=FACE_OUTER_BOUND('',#313,.T.);
#149=FACE_OUTER_BOUND('',#314,.T.);
#150=FACE_OUTER_BOUND('',#315,.T.);
#151=FACE_OUTER_BOUND('',#316,.T.);
#152=FACE_OUTER_BOUND('',#317,.T.);
#153=FACE_OUTER_BOUND('',#318,.T.);
#154=FACE_OUTER_BOUND('',#319,.T.);
#155=FACE_OUTER_BOUND('',#320,.T.);
#156=FACE_OUTER_BOUND('',#321,.T.);
#157=FACE_OUTER_BOUND('',#322,.T.);
#158=FACE_OUTER_BOUND('',#323,.T.);
#159=FACE_OUTER_BOUND('',#324,.T.);
#160=FACE_OUTER_BOUND('',#325,.T.);
#161=FACE_OUTER_BOUND('',#326,.T.);
#162=FACE_OUTER_BOUND('',#327,.T.);
#163=FACE_OUTER_BOUND('',#328,.T.);
#164=FACE_OUTER_BOUND('',#329,.T.);
#165=FACE_OUTER_BOUND('',#330,.T.);
#166=FACE_OUTER_BOUND('',#331,.T.);
#167=FACE_OUTER_BOUND('',#332,.T.);
#168=FACE_OUTER_BOUND('',#333,.T.);
#169=FACE_OUTER_BOUND('',#334,.T.);
#170=FACE_OUTER_BOUND('',#335,.T.);
#171=FACE_OUTER_BOUND('',#336,.T.);
#172=FACE_OUTER_BOUND('',#337,.T.);
#173=FACE_OUTER_BOUND('',#338,.T.);
#174=FACE_OUTER_BOUND('',#339,.T.);
#175=FACE_OUTER_BOUND('',#340,.T.);
#176=FACE_OUTER_BOUND('',#341,.T.);
#177=FACE_OUTER_BOUND('',#342,.T.);
#178=FACE_OUTER_BOUND('',#343,.T.);
#179=FACE_OUTER_BOUND('',#344,.T.);
#180=FACE_OUTER_BOUND('',#345,.T.);
#181=FACE_OUTER_BOUND('',#346,.T.);
#182=FACE_OUTER_BOUND('',#347,.T.);
#183=FACE_OUTER_BOUND('',#348,.T.);
#184=FACE_OUTER_BOUND('',#349,.T.);
#185=FACE_OUTER_BOUND('',#350,.T.);
#186=FACE_OUTER_BOUND('',#351,.T.);
#187=FACE_OUTER_BOUND('',#352,.T.);
#188=FACE_OUTER_BOUND('',#353,.T.);
#189=FACE_OUTER_BOUND('',#354,.T.);
#190=FACE_OUTER_BOUND('',#355,.T.);
#191=FACE_OUTER_BOUND('',#356,.T.);
#192=FACE_OUTER_BOUND('',#357,.T.);
#193=FACE_OUTER_BOUND('',#358,.T.);
#194=FACE_OUTER_BOUND('',#359,.T.);
#195=FACE_OUTER_BOUND('',#360,.T.);
#196=FACE_OUTER_BOUND('',#361,.T.);
#197=FACE_OUTER_BOUND('',#362,.T.);
#198=FACE_OUTER_BOUND('',#363,.T.);
#199=FACE_OUTER_BOUND('',#364,.T.);
#200=FACE_OUTER_BOUND('',#365,.T.);
#201=FACE_OUTER_BOUND('',#366,.T.);
#202=FACE_OUTER_BOUND('',#367,.T.);
#203=FACE_OUTER_BOUND('',#368,.T.);
#204=FACE_OUTER_BOUND('',#369,.T.);
#205=FACE_OUTER_BOUND('',#370,.T.);
#206=FACE_OUTER_BOUND('',#371,.T.);
#207=FACE_OUTER_BOUND('',#372,.T.);
#208=FACE_OUTER_BOUND('',#373,.T.);
#209=FACE_OUTER_BOUND('',#374,.T.);
#210=FACE_OUTER_BOUND('',#375,.T.);
#211=FACE_OUTER_BOUND('',#376,.T.);
#212=FACE_OUTER_BOUND('',#377,.T.);
#213=FACE_OUTER_BOUND('',#378,.T.);
#214=FACE_OUTER_BOUND('',#379,.T.);
#215=FACE_OUTER_BOUND('',#380,.T.);
#216=FACE_OUTER_BOUND('',#381,.T.);
#217=FACE_OUTER_BOUND('',#382,.T.);
#218=FACE_OUTER_BOUND('',#383,.T.);
#219=FACE_OUTER_BOUND('',#384,.T.);
#220=FACE_OUTER_BOUND('',#385,.T.);
#221=FACE_OUTER_BOUND('',#386,.T.);
#222=FACE_OUTER_BOUND('',#387,.T.);
#223=FACE_OUTER_BOUND('',#388,.T.);
#224=FACE_OUTER_BOUND('',#389,.T.);
#225=FACE_OUTER_BOUND('',#390,.T.);
#226=FACE_OUTER_BOUND('',#391,.T.);
#227=FACE_OUTER_BOUND('',#392,.T.);
#228=FACE_OUTER_BOUND('',#393,.T.);
#229=FACE_OUTER_BOUND('',#394,.T.);
#230=FACE_OUTER_BOUND('',#395,.T.);
#231=FACE_OUTER_BOUND('',#396,.T.);
#232=FACE_OUTER_BOUND('',#397,.T.);
#233=FACE_OUTER_BOUND('',#398,.T.);
#234=FACE_OUTER_BOUND('',#399,.T.);
#235=FACE_OUTER_BOUND('',#400,.T.);
#236=FACE_OUTER_BOUND('',#401,.T.);
#237=FACE_OUTER_BOUND('',#402,.T.);
#238=FACE_OUTER_BOUND('',#403,.T.);
#239=FACE_OUTER_BOUND('',#405,.T.);
#240=FACE_OUTER_BOUND('',#406,.T.);
#241=FACE_OUTER_BOUND('',#407,.T.);
#242=FACE_OUTER_BOUND('',#408,.T.);
#243=FACE_OUTER_BOUND('',#409,.T.);
#244=FACE_OUTER_BOUND('',#410,.T.);
#245=FACE_OUTER_BOUND('',#411,.T.);
#246=FACE_OUTER_BOUND('',#412,.T.);
#247=FACE_OUTER_BOUND('',#413,.T.);
#248=FACE_OUTER_BOUND('',#414,.T.);
#249=FACE_OUTER_BOUND('',#415,.T.);
#250=FACE_OUTER_BOUND('',#416,.T.);
#251=FACE_OUTER_BOUND('',#417,.T.);
#252=FACE_OUTER_BOUND('',#418,.T.);
#253=FACE_OUTER_BOUND('',#419,.T.);
#254=FACE_OUTER_BOUND('',#420,.T.);
#255=FACE_OUTER_BOUND('',#421,.T.);
#256=FACE_OUTER_BOUND('',#422,.T.);
#257=FACE_OUTER_BOUND('',#423,.T.);
#258=FACE_OUTER_BOUND('',#424,.T.);
#259=FACE_OUTER_BOUND('',#425,.T.);
#260=FACE_OUTER_BOUND('',#426,.T.);
#261=FACE_OUTER_BOUND('',#427,.T.);
#262=FACE_OUTER_BOUND('',#428,.T.);
#263=FACE_OUTER_BOUND('',#429,.T.);
#264=FACE_OUTER_BOUND('',#430,.T.);
#265=FACE_OUTER_BOUND('',#431,.T.);
#266=FACE_OUTER_BOUND('',#432,.T.);
#267=FACE_OUTER_BOUND('',#433,.T.);
#268=FACE_OUTER_BOUND('',#434,.T.);
#269=FACE_OUTER_BOUND('',#435,.T.);
#270=FACE_OUTER_BOUND('',#436,.T.);
#271=FACE_OUTER_BOUND('',#437,.T.);
#272=FACE_OUTER_BOUND('',#438,.T.);
#273=FACE_OUTER_BOUND('',#439,.T.);
#274=FACE_OUTER_BOUND('',#440,.T.);
#275=FACE_OUTER_BOUND('',#441,.T.);
#276=FACE_OUTER_BOUND('',#442,.T.);
#277=FACE_OUTER_BOUND('',#443,.T.);
#278=FACE_OUTER_BOUND('',#444,.T.);
#279=FACE_OUTER_BOUND('',#445,.T.);
#280=FACE_OUTER_BOUND('',#446,.T.);
#281=FACE_OUTER_BOUND('',#447,.T.);
#282=FACE_OUTER_BOUND('',#448,.T.);
#283=FACE_OUTER_BOUND('',#449,.T.);
#284=FACE_OUTER_BOUND('',#450,.T.);
#285=FACE_OUTER_BOUND('',#451,.T.);
#286=FACE_OUTER_BOUND('',#452,.T.);
#287=FACE_OUTER_BOUND('',#453,.T.);
#288=FACE_OUTER_BOUND('',#454,.T.);
#289=FACE_OUTER_BOUND('',#455,.T.);
#290=FACE_OUTER_BOUND('',#456,.T.);
#291=FACE_OUTER_BOUND('',#457,.T.);
#292=FACE_OUTER_BOUND('',#458,.T.);
#293=FACE_OUTER_BOUND('',#459,.T.);
#294=FACE_OUTER_BOUND('',#460,.T.);
#295=FACE_OUTER_BOUND('',#461,.T.);
#296=FACE_OUTER_BOUND('',#462,.T.);
#297=FACE_OUTER_BOUND('',#463,.T.);
#298=FACE_OUTER_BOUND('',#464,.T.);
#299=FACE_OUTER_BOUND('',#465,.T.);
#300=FACE_OUTER_BOUND('',#466,.T.);
#301=FACE_OUTER_BOUND('',#467,.T.);
#302=FACE_OUTER_BOUND('',#468,.T.);
#303=EDGE_LOOP('',(#2033,#2034,#2035,#2036));
#304=EDGE_LOOP('',(#2037,#2038,#2039,#2040));
#305=EDGE_LOOP('',(#2041,#2042,#2043,#2044));
#306=EDGE_LOOP('',(#2045,#2046,#2047,#2048));
#307=EDGE_LOOP('',(#2049,#2050,#2051,#2052));
#308=EDGE_LOOP('',(#2053,#2054,#2055,#2056));
#309=EDGE_LOOP('',(#2057,#2058,#2059,#2060));
#310=EDGE_LOOP('',(#2061,#2062,#2063,#2064));
#311=EDGE_LOOP('',(#2065,#2066,#2067,#2068));
#312=EDGE_LOOP('',(#2069,#2070,#2071,#2072));
#313=EDGE_LOOP('',(#2073,#2074,#2075,#2076));
#314=EDGE_LOOP('',(#2077,#2078,#2079,#2080));
#315=EDGE_LOOP('',(#2081,#2082,#2083,#2084));
#316=EDGE_LOOP('',(#2085,#2086,#2087,#2088));
#317=EDGE_LOOP('',(#2089,#2090,#2091,#2092));
#318=EDGE_LOOP('',(#2093,#2094,#2095,#2096));
#319=EDGE_LOOP('',(#2097,#2098,#2099,#2100));
#320=EDGE_LOOP('',(#2101,#2102,#2103,#2104));
#321=EDGE_LOOP('',(#2105,#2106,#2107,#2108));
#322=EDGE_LOOP('',(#2109,#2110,#2111,#2112));
#323=EDGE_LOOP('',(#2113,#2114,#2115,#2116));
#324=EDGE_LOOP('',(#2117,#2118,#2119,#2120));
#325=EDGE_LOOP('',(#2121,#2122,#2123,#2124));
#326=EDGE_LOOP('',(#2125,#2126,#2127,#2128));
#327=EDGE_LOOP('',(#2129,#2130,#2131,#2132));
#328=EDGE_LOOP('',(#2133,#2134,#2135,#2136));
#329=EDGE_LOOP('',(#2137,#2138,#2139,#2140));
#330=EDGE_LOOP('',(#2141,#2142,#2143,#2144));
#331=EDGE_LOOP('',(#2145,#2146,#2147,#2148));
#332=EDGE_LOOP('',(#2149,#2150,#2151,#2152));
#333=EDGE_LOOP('',(#2153,#2154,#2155,#2156));
#334=EDGE_LOOP('',(#2157,#2158,#2159,#2160));
#335=EDGE_LOOP('',(#2161,#2162,#2163,#2164));
#336=EDGE_LOOP('',(#2165,#2166,#2167,#2168));
#337=EDGE_LOOP('',(#2169,#2170,#2171,#2172));
#338=EDGE_LOOP('',(#2173,#2174,#2175,#2176));
#339=EDGE_LOOP('',(#2177,#2178,#2179,#2180));
#340=EDGE_LOOP('',(#2181,#2182,#2183,#2184));
#341=EDGE_LOOP('',(#2185,#2186,#2187,#2188));
#342=EDGE_LOOP('',(#2189,#2190,#2191,#2192));
#343=EDGE_LOOP('',(#2193,#2194,#2195,#2196));
#344=EDGE_LOOP('',(#2197,#2198,#2199,#2200));
#345=EDGE_LOOP('',(#2201,#2202,#2203,#2204));
#346=EDGE_LOOP('',(#2205,#2206,#2207,#2208));
#347=EDGE_LOOP('',(#2209,#2210,#2211,#2212));
#348=EDGE_LOOP('',(#2213,#2214,#2215,#2216));
#349=EDGE_LOOP('',(#2217,#2218,#2219,#2220));
#350=EDGE_LOOP('',(#2221,#2222,#2223,#2224));
#351=EDGE_LOOP('',(#2225,#2226,#2227,#2228));
#352=EDGE_LOOP('',(#2229,#2230,#2231,#2232));
#353=EDGE_LOOP('',(#2233,#2234,#2235,#2236));
#354=EDGE_LOOP('',(#2237,#2238,#2239,#2240));
#355=EDGE_LOOP('',(#2241,#2242,#2243,#2244,#2245,#2246,#2247,#2248,#2249,
#2250,#2251,#2252,#2253,#2254,#2255,#2256,#2257,#2258,#2259,#2260,#2261,
#2262,#2263,#2264,#2265,#2266,#2267,#2268,#2269,#2270,#2271,#2272,#2273,
#2274,#2275,#2276,#2277,#2278,#2279,#2280,#2281,#2282,#2283,#2284,#2285,
#2286,#2287,#2288,#2289,#2290,#2291,#2292,#2293,#2294,#2295,#2296,#2297,
#2298,#2299,#2300,#2301,#2302,#2303,#2304,#2305,#2306,#2307,#2308,#2309,
#2310,#2311,#2312,#2313,#2314,#2315,#2316,#2317,#2318,#2319,#2320,#2321,
#2322,#2323,#2324,#2325,#2326,#2327,#2328,#2329,#2330,#2331,#2332,#2333,
#2334,#2335,#2336));
#356=EDGE_LOOP('',(#2337,#2338,#2339,#2340));
#357=EDGE_LOOP('',(#2341,#2342,#2343,#2344));
#358=EDGE_LOOP('',(#2345,#2346,#2347,#2348));
#359=EDGE_LOOP('',(#2349,#2350,#2351,#2352));
#360=EDGE_LOOP('',(#2353,#2354,#2355,#2356));
#361=EDGE_LOOP('',(#2357,#2358,#2359,#2360));
#362=EDGE_LOOP('',(#2361,#2362,#2363,#2364));
#363=EDGE_LOOP('',(#2365,#2366,#2367,#2368));
#364=EDGE_LOOP('',(#2369,#2370,#2371,#2372));
#365=EDGE_LOOP('',(#2373,#2374,#2375,#2376));
#366=EDGE_LOOP('',(#2377,#2378,#2379,#2380));
#367=EDGE_LOOP('',(#2381,#2382,#2383,#2384));
#368=EDGE_LOOP('',(#2385,#2386,#2387,#2388));
#369=EDGE_LOOP('',(#2389,#2390,#2391,#2392));
#370=EDGE_LOOP('',(#2393,#2394,#2395,#2396));
#371=EDGE_LOOP('',(#2397,#2398,#2399,#2400));
#372=EDGE_LOOP('',(#2401,#2402,#2403,#2404));
#373=EDGE_LOOP('',(#2405,#2406,#2407,#2408));
#374=EDGE_LOOP('',(#2409,#2410,#2411,#2412));
#375=EDGE_LOOP('',(#2413,#2414,#2415,#2416));
#376=EDGE_LOOP('',(#2417,#2418,#2419,#2420));
#377=EDGE_LOOP('',(#2421,#2422,#2423,#2424));
#378=EDGE_LOOP('',(#2425,#2426,#2427,#2428));
#379=EDGE_LOOP('',(#2429,#2430,#2431,#2432));
#380=EDGE_LOOP('',(#2433,#2434,#2435,#2436));
#381=EDGE_LOOP('',(#2437,#2438,#2439,#2440));
#382=EDGE_LOOP('',(#2441,#2442,#2443,#2444));
#383=EDGE_LOOP('',(#2445,#2446,#2447,#2448));
#384=EDGE_LOOP('',(#2449,#2450,#2451,#2452));
#385=EDGE_LOOP('',(#2453,#2454,#2455,#2456));
#386=EDGE_LOOP('',(#2457,#2458,#2459,#2460));
#387=EDGE_LOOP('',(#2461,#2462,#2463,#2464));
#388=EDGE_LOOP('',(#2465,#2466,#2467,#2468));
#389=EDGE_LOOP('',(#2469,#2470,#2471,#2472));
#390=EDGE_LOOP('',(#2473,#2474,#2475,#2476));
#391=EDGE_LOOP('',(#2477,#2478,#2479,#2480));
#392=EDGE_LOOP('',(#2481,#2482,#2483,#2484));
#393=EDGE_LOOP('',(#2485,#2486,#2487,#2488));
#394=EDGE_LOOP('',(#2489,#2490,#2491,#2492));
#395=EDGE_LOOP('',(#2493,#2494,#2495,#2496));
#396=EDGE_LOOP('',(#2497,#2498,#2499,#2500));
#397=EDGE_LOOP('',(#2501,#2502,#2503,#2504));
#398=EDGE_LOOP('',(#2505,#2506,#2507,#2508));
#399=EDGE_LOOP('',(#2509,#2510,#2511,#2512));
#400=EDGE_LOOP('',(#2513,#2514,#2515,#2516));
#401=EDGE_LOOP('',(#2517,#2518,#2519,#2520));
#402=EDGE_LOOP('',(#2521,#2522,#2523,#2524));
#403=EDGE_LOOP('',(#2525,#2526,#2527,#2528,#2529,#2530,#2531,#2532));
#404=EDGE_LOOP('',(#2533,#2534,#2535,#2536,#2537,#2538,#2539,#2540,#2541,
#2542,#2543,#2544,#2545,#2546,#2547,#2548,#2549,#2550,#2551,#2552,#2553,
#2554,#2555,#2556,#2557,#2558,#2559,#2560,#2561,#2562,#2563,#2564,#2565,
#2566,#2567,#2568,#2569,#2570,#2571,#2572,#2573,#2574,#2575,#2576,#2577,
#2578,#2579,#2580,#2581,#2582,#2583,#2584,#2585,#2586,#2587,#2588,#2589,
#2590,#2591,#2592,#2593,#2594,#2595,#2596,#2597,#2598,#2599,#2600,#2601,
#2602,#2603,#2604,#2605,#2606,#2607,#2608,#2609,#2610,#2611,#2612,#2613,
#2614,#2615,#2616,#2617,#2618,#2619,#2620,#2621,#2622,#2623,#2624,#2625,
#2626,#2627,#2628));
#405=EDGE_LOOP('',(#2629,#2630,#2631,#2632,#2633,#2634,#2635,#2636,#2637,
#2638,#2639,#2640));
#406=EDGE_LOOP('',(#2641,#2642,#2643,#2644));
#407=EDGE_LOOP('',(#2645,#2646,#2647,#2648));
#408=EDGE_LOOP('',(#2649,#2650,#2651,#2652));
#409=EDGE_LOOP('',(#2653,#2654,#2655,#2656,#2657,#2658,#2659,#2660));
#410=EDGE_LOOP('',(#2661,#2662,#2663,#2664,#2665,#2666,#2667,#2668));
#411=EDGE_LOOP('',(#2669,#2670,#2671,#2672,#2673,#2674));
#412=EDGE_LOOP('',(#2675,#2676,#2677,#2678,#2679,#2680,#2681,#2682));
#413=EDGE_LOOP('',(#2683,#2684,#2685,#2686));
#414=EDGE_LOOP('',(#2687,#2688,#2689,#2690));
#415=EDGE_LOOP('',(#2691,#2692,#2693,#2694));
#416=EDGE_LOOP('',(#2695,#2696,#2697,#2698,#2699,#2700,#2701,#2702));
#417=EDGE_LOOP('',(#2703,#2704,#2705,#2706,#2707,#2708,#2709,#2710,#2711,
#2712,#2713,#2714,#2715,#2716,#2717,#2718));
#418=EDGE_LOOP('',(#2719,#2720,#2721,#2722));
#419=EDGE_LOOP('',(#2723,#2724,#2725,#2726));
#420=EDGE_LOOP('',(#2727,#2728,#2729,#2730));
#421=EDGE_LOOP('',(#2731,#2732,#2733,#2734,#2735,#2736,#2737,#2738));
#422=EDGE_LOOP('',(#2739,#2740,#2741,#2742,#2743,#2744,#2745,#2746));
#423=EDGE_LOOP('',(#2747,#2748,#2749,#2750,#2751,#2752,#2753,#2754,#2755,
#2756,#2757,#2758,#2759,#2760));
#424=EDGE_LOOP('',(#2761,#2762,#2763,#2764));
#425=EDGE_LOOP('',(#2765,#2766,#2767,#2768));
#426=EDGE_LOOP('',(#2769,#2770,#2771,#2772));
#427=EDGE_LOOP('',(#2773,#2774,#2775,#2776,#2777,#2778,#2779));
#428=EDGE_LOOP('',(#2780,#2781,#2782,#2783,#2784,#2785,#2786,#2787,#2788,
#2789,#2790,#2791));
#429=EDGE_LOOP('',(#2792,#2793,#2794,#2795,#2796,#2797,#2798,#2799,#2800,
#2801,#2802,#2803,#2804,#2805,#2806));
#430=EDGE_LOOP('',(#2807,#2808,#2809,#2810));
#431=EDGE_LOOP('',(#2811,#2812,#2813,#2814));
#432=EDGE_LOOP('',(#2815,#2816,#2817,#2818));
#433=EDGE_LOOP('',(#2819,#2820,#2821,#2822,#2823));
#434=EDGE_LOOP('',(#2824,#2825,#2826,#2827,#2828));
#435=EDGE_LOOP('',(#2829,#2830,#2831,#2832));
#436=EDGE_LOOP('',(#2833,#2834,#2835,#2836));
#437=EDGE_LOOP('',(#2837,#2838,#2839,#2840));
#438=EDGE_LOOP('',(#2841,#2842,#2843,#2844));
#439=EDGE_LOOP('',(#2845,#2846,#2847,#2848));
#440=EDGE_LOOP('',(#2849,#2850,#2851,#2852));
#441=EDGE_LOOP('',(#2853,#2854,#2855,#2856,#2857,#2858,#2859));
#442=EDGE_LOOP('',(#2860,#2861,#2862,#2863));
#443=EDGE_LOOP('',(#2864,#2865,#2866,#2867,#2868,#2869,#2870));
#444=EDGE_LOOP('',(#2871,#2872,#2873,#2874));
#445=EDGE_LOOP('',(#2875,#2876,#2877,#2878,#2879,#2880,#2881));
#446=EDGE_LOOP('',(#2882,#2883,#2884,#2885,#2886,#2887,#2888));
#447=EDGE_LOOP('',(#2889,#2890,#2891,#2892));
#448=EDGE_LOOP('',(#2893,#2894,#2895,#2896));
#449=EDGE_LOOP('',(#2897,#2898,#2899,#2900,#2901,#2902,#2903,#2904));
#450=EDGE_LOOP('',(#2905,#2906,#2907,#2908));
#451=EDGE_LOOP('',(#2909,#2910,#2911,#2912));
#452=EDGE_LOOP('',(#2913,#2914,#2915,#2916));
#453=EDGE_LOOP('',(#2917,#2918,#2919,#2920));
#454=EDGE_LOOP('',(#2921,#2922,#2923,#2924));
#455=EDGE_LOOP('',(#2925,#2926,#2927,#2928));
#456=EDGE_LOOP('',(#2929,#2930,#2931,#2932,#2933,#2934,#2935,#2936));
#457=EDGE_LOOP('',(#2937,#2938,#2939,#2940));
#458=EDGE_LOOP('',(#2941,#2942,#2943,#2944));
#459=EDGE_LOOP('',(#2945,#2946,#2947));
#460=EDGE_LOOP('',(#2948,#2949,#2950));
#461=EDGE_LOOP('',(#2951,#2952,#2953,#2954));
#462=EDGE_LOOP('',(#2955,#2956,#2957,#2958));
#463=EDGE_LOOP('',(#2959,#2960,#2961));
#464=EDGE_LOOP('',(#2962,#2963,#2964,#2965));
#465=EDGE_LOOP('',(#2966,#2967,#2968,#2969));
#466=EDGE_LOOP('',(#2970,#2971,#2972));
#467=EDGE_LOOP('',(#2973,#2974,#2975,#2976));
#468=EDGE_LOOP('',(#2977,#2978,#2979,#2980));
#469=LINE('',#4490,#799);
#470=LINE('',#4493,#800);
#471=LINE('',#4496,#801);
#472=LINE('',#4498,#802);
#473=LINE('',#4499,#803);
#474=LINE('',#4505,#804);
#475=LINE('',#4508,#805);
#476=LINE('',#4510,#806);
#477=LINE('',#4511,#807);
#478=LINE('',#4517,#808);
#479=LINE('',#4520,#809);
#480=LINE('',#4522,#810);
#481=LINE('',#4523,#811);
#482=LINE('',#4529,#812);
#483=LINE('',#4532,#813);
#484=LINE('',#4534,#814);
#485=LINE('',#4535,#815);
#486=LINE('',#4541,#816);
#487=LINE('',#4544,#817);
#488=LINE('',#4546,#818);
#489=LINE('',#4547,#819);
#490=LINE('',#4553,#820);
#491=LINE('',#4556,#821);
#492=LINE('',#4558,#822);
#493=LINE('',#4559,#823);
#494=LINE('',#4565,#824);
#495=LINE('',#4568,#825);
#496=LINE('',#4570,#826);
#497=LINE('',#4571,#827);
#498=LINE('',#4577,#828);
#499=LINE('',#4580,#829);
#500=LINE('',#4582,#830);
#501=LINE('',#4583,#831);
#502=LINE('',#4589,#832);
#503=LINE('',#4592,#833);
#504=LINE('',#4594,#834);
#505=LINE('',#4595,#835);
#506=LINE('',#4601,#836);
#507=LINE('',#4604,#837);
#508=LINE('',#4606,#838);
#509=LINE('',#4607,#839);
#510=LINE('',#4613,#840);
#511=LINE('',#4616,#841);
#512=LINE('',#4618,#842);
#513=LINE('',#4619,#843);
#514=LINE('',#4625,#844);
#515=LINE('',#4628,#845);
#516=LINE('',#4630,#846);
#517=LINE('',#4631,#847);
#518=LINE('',#4637,#848);
#519=LINE('',#4640,#849);
#520=LINE('',#4642,#850);
#521=LINE('',#4643,#851);
#522=LINE('',#4649,#852);
#523=LINE('',#4652,#853);
#524=LINE('',#4654,#854);
#525=LINE('',#4655,#855);
#526=LINE('',#4661,#856);
#527=LINE('',#4664,#857);
#528=LINE('',#4666,#858);
#529=LINE('',#4667,#859);
#530=LINE('',#4673,#860);
#531=LINE('',#4676,#861);
#532=LINE('',#4678,#862);
#533=LINE('',#4679,#863);
#534=LINE('',#4685,#864);
#535=LINE('',#4688,#865);
#536=LINE('',#4690,#866);
#537=LINE('',#4691,#867);
#538=LINE('',#4697,#868);
#539=LINE('',#4700,#869);
#540=LINE('',#4702,#870);
#541=LINE('',#4703,#871);
#542=LINE('',#4709,#872);
#543=LINE('',#4712,#873);
#544=LINE('',#4714,#874);
#545=LINE('',#4715,#875);
#546=LINE('',#4721,#876);
#547=LINE('',#4724,#877);
#548=LINE('',#4726,#878);
#549=LINE('',#4727,#879);
#550=LINE('',#4733,#880);
#551=LINE('',#4736,#881);
#552=LINE('',#4738,#882);
#553=LINE('',#4739,#883);
#554=LINE('',#4745,#884);
#555=LINE('',#4748,#885);
#556=LINE('',#4750,#886);
#557=LINE('',#4751,#887);
#558=LINE('',#4757,#888);
#559=LINE('',#4760,#889);
#560=LINE('',#4762,#890);
#561=LINE('',#4763,#891);
#562=LINE('',#4769,#892);
#563=LINE('',#4772,#893);
#564=LINE('',#4774,#894);
#565=LINE('',#4775,#895);
#566=LINE('',#4781,#896);
#567=LINE('',#4784,#897);
#568=LINE('',#4787,#898);
#569=LINE('',#4789,#899);
#570=LINE('',#4790,#900);
#571=LINE('',#4796,#901);
#572=LINE('',#4799,#902);
#573=LINE('',#4802,#903);
#574=LINE('',#4804,#904);
#575=LINE('',#4805,#905);
#576=LINE('',#4807,#906);
#577=LINE('',#4811,#907);
#578=LINE('',#4815,#908);
#579=LINE('',#4819,#909);
#580=LINE('',#4823,#910);
#581=LINE('',#4827,#911);
#582=LINE('',#4831,#912);
#583=LINE('',#4835,#913);
#584=LINE('',#4839,#914);
#585=LINE('',#4843,#915);
#586=LINE('',#4847,#916);
#587=LINE('',#4851,#917);
#588=LINE('',#4855,#918);
#589=LINE('',#4859,#919);
#590=LINE('',#4863,#920);
#591=LINE('',#4867,#921);
#592=LINE('',#4871,#922);
#593=LINE('',#4874,#923);
#594=LINE('',#4878,#924);
#595=LINE('',#4882,#925);
#596=LINE('',#4886,#926);
#597=LINE('',#4890,#927);
#598=LINE('',#4896,#928);
#599=LINE('',#4897,#929);
#600=LINE('',#4900,#930);
#601=LINE('',#4901,#931);
#602=LINE('',#4906,#932);
#603=LINE('',#4907,#933);
#604=LINE('',#4910,#934);
#605=LINE('',#4911,#935);
#606=LINE('',#4916,#936);
#607=LINE('',#4917,#937);
#608=LINE('',#4919,#938);
#609=LINE('',#4924,#939);
#610=LINE('',#4925,#940);
#611=LINE('',#4927,#941);
#612=LINE('',#4932,#942);
#613=LINE('',#4933,#943);
#614=LINE('',#4936,#944);
#615=LINE('',#4937,#945);
#616=LINE('',#4943,#946);
#617=LINE('',#4946,#947);
#618=LINE('',#4947,#948);
#619=LINE('',#4951,#949);
#620=LINE('',#4956,#950);
#621=LINE('',#4957,#951);
#622=LINE('',#4960,#952);
#623=LINE('',#4961,#953);
#624=LINE('',#4966,#954);
#625=LINE('',#4967,#955);
#626=LINE('',#4970,#956);
#627=LINE('',#4971,#957);
#628=LINE('',#4976,#958);
#629=LINE('',#4977,#959);
#630=LINE('',#4980,#960);
#631=LINE('',#4981,#961);
#632=LINE('',#4985,#962);
#633=LINE('',#4990,#963);
#634=LINE('',#4991,#964);
#635=LINE('',#4993,#965);
#636=LINE('',#4997,#966);
#637=LINE('',#5000,#967);
#638=LINE('',#5001,#968);
#639=LINE('',#5006,#969);
#640=LINE('',#5007,#970);
#641=LINE('',#5010,#971);
#642=LINE('',#5011,#972);
#643=LINE('',#5016,#973);
#644=LINE('',#5017,#974);
#645=LINE('',#5019,#975);
#646=LINE('',#5023,#976);
#647=LINE('',#5025,#977);
#648=LINE('',#5031,#978);
#649=LINE('',#5036,#979);
#650=LINE('',#5037,#980);
#651=LINE('',#5040,#981);
#652=LINE('',#5041,#982);
#653=LINE('',#5047,#983);
#654=LINE('',#5049,#984);
#655=LINE('',#5051,#985);
#656=LINE('',#5053,#986);
#657=LINE('',#5055,#987);
#658=LINE('',#5057,#988);
#659=LINE('',#5059,#989);
#660=LINE('',#5061,#990);
#661=LINE('',#5067,#991);
#662=LINE('',#5070,#992);
#663=LINE('',#5081,#993);
#664=LINE('',#5082,#994);
#665=LINE('',#5085,#995);
#666=LINE('',#5089,#996);
#667=LINE('',#5093,#997);
#668=LINE('',#5096,#998);
#669=LINE('',#5099,#999);
#670=LINE('',#5101,#1000);
#671=LINE('',#5103,#1001);
#672=LINE('',#5105,#1002);
#673=LINE('',#5107,#1003);
#674=LINE('',#5109,#1004);
#675=LINE('',#5112,#1005);
#676=LINE('',#5117,#1006);
#677=LINE('',#5124,#1007);
#678=LINE('',#5127,#1008);
#679=LINE('',#5129,#1009);
#680=LINE('',#5131,#1010);
#681=LINE('',#5133,#1011);
#682=LINE('',#5135,#1012);
#683=LINE('',#5136,#1013);
#684=LINE('',#5139,#1014);
#685=LINE('',#5144,#1015);
#686=LINE('',#5148,#1016);
#687=LINE('',#5150,#1017);
#688=LINE('',#5152,#1018);
#689=LINE('',#5153,#1019);
#690=LINE('',#5156,#1020);
#691=LINE('',#5158,#1021);
#692=LINE('',#5162,#1022);
#693=LINE('',#5163,#1023);
#694=LINE('',#5168,#1024);
#695=LINE('',#5175,#1025);
#696=LINE('',#5178,#1026);
#697=LINE('',#5180,#1027);
#698=LINE('',#5183,#1028);
#699=LINE('',#5186,#1029);
#700=LINE('',#5188,#1030);
#701=LINE('',#5190,#1031);
#702=LINE('',#5192,#1032);
#703=LINE('',#5196,#1033);
#704=LINE('',#5200,#1034);
#705=LINE('',#5202,#1035);
#706=LINE('',#5204,#1036);
#707=LINE('',#5206,#1037);
#708=LINE('',#5208,#1038);
#709=LINE('',#5212,#1039);
#710=LINE('',#5219,#1040);
#711=LINE('',#5222,#1041);
#712=LINE('',#5224,#1042);
#713=LINE('',#5226,#1043);
#714=LINE('',#5228,#1044);
#715=LINE('',#5229,#1045);
#716=LINE('',#5234,#1046);
#717=LINE('',#5236,#1047);
#718=LINE('',#5239,#1048);
#719=LINE('',#5241,#1049);
#720=LINE('',#5243,#1050);
#721=LINE('',#5245,#1051);
#722=LINE('',#5247,#1052);
#723=LINE('',#5249,#1053);
#724=LINE('',#5251,#1054);
#725=LINE('',#5253,#1055);
#726=LINE('',#5255,#1056);
#727=LINE('',#5256,#1057);
#728=LINE('',#5262,#1058);
#729=LINE('',#5265,#1059);
#730=LINE('',#5273,#1060);
#731=LINE('',#5274,#1061);
#732=LINE('',#5277,#1062);
#733=LINE('',#5279,#1063);
#734=LINE('',#5280,#1064);
#735=LINE('',#5281,#1065);
#736=LINE('',#5284,#1066);
#737=LINE('',#5288,#1067);
#738=LINE('',#5292,#1068);
#739=LINE('',#5296,#1069);
#740=LINE('',#5300,#1070);
#741=LINE('',#5304,#1071);
#742=LINE('',#5306,#1072);
#743=LINE('',#5308,#1073);
#744=LINE('',#5310,#1074);
#745=LINE('',#5312,#1075);
#746=LINE('',#5314,#1076);
#747=LINE('',#5316,#1077);
#748=LINE('',#5318,#1078);
#749=LINE('',#5320,#1079);
#750=LINE('',#5321,#1080);
#751=LINE('',#5323,#1081);
#752=LINE('',#5324,#1082);
#753=LINE('',#5328,#1083);
#754=LINE('',#5329,#1084);
#755=LINE('',#5335,#1085);
#756=LINE('',#5336,#1086);
#757=LINE('',#5339,#1087);
#758=LINE('',#5340,#1088);
#759=LINE('',#5343,#1089);
#760=LINE('',#5344,#1090);
#761=LINE('',#5349,#1091);
#762=LINE('',#5352,#1092);
#763=LINE('',#5353,#1093);
#764=LINE('',#5354,#1094);
#765=LINE('',#5359,#1095);
#766=LINE('',#5362,#1096);
#767=LINE('',#5363,#1097);
#768=LINE('',#5364,#1098);
#769=LINE('',#5368,#1099);
#770=LINE('',#5369,#1100);
#771=LINE('',#5371,#1101);
#772=LINE('',#5373,#1102);
#773=LINE('',#5376,#1103);
#774=LINE('',#5377,#1104);
#775=LINE('',#5382,#1105);
#776=LINE('',#5384,#1106);
#777=LINE('',#5385,#1107);
#778=LINE('',#5387,#1108);
#779=LINE('',#5388,#1109);
#780=LINE('',#5390,#1110);
#781=LINE('',#5392,#1111);
#782=LINE('',#5393,#1112);
#783=LINE('',#5395,#1113);
#784=LINE('',#5397,#1114);
#785=LINE('',#5399,#1115);
#786=LINE('',#5400,#1116);
#787=LINE('',#5403,#1117);
#788=LINE('',#5405,#1118);
#789=LINE('',#5410,#1119);
#790=LINE('',#5411,#1120);
#791=LINE('',#5414,#1121);
#792=LINE('',#5415,#1122);
#793=LINE('',#5418,#1123);
#794=LINE('',#5419,#1124);
#795=LINE('',#5421,#1125);
#796=LINE('',#5425,#1126);
#797=LINE('',#5426,#1127);
#798=LINE('',#5428,#1128);
#799=VECTOR('',#3540,10.);
#800=VECTOR('',#3543,10.);
#801=VECTOR('',#3546,10.);
#802=VECTOR('',#3547,10.);
#803=VECTOR('',#3548,10.);
#804=VECTOR('',#3555,10.);
#805=VECTOR('',#3558,10.);
#806=VECTOR('',#3559,10.);
#807=VECTOR('',#3560,10.);
#808=VECTOR('',#3567,10.);
#809=VECTOR('',#3570,10.);
#810=VECTOR('',#3571,10.);
#811=VECTOR('',#3572,10.);
#812=VECTOR('',#3579,10.);
#813=VECTOR('',#3582,10.);
#814=VECTOR('',#3583,10.);
#815=VECTOR('',#3584,10.);
#816=VECTOR('',#3591,10.);
#817=VECTOR('',#3594,10.);
#818=VECTOR('',#3595,10.);
#819=VECTOR('',#3596,10.);
#820=VECTOR('',#3603,10.);
#821=VECTOR('',#3606,10.);
#822=VECTOR('',#3607,10.);
#823=VECTOR('',#3608,10.);
#824=VECTOR('',#3615,10.);
#825=VECTOR('',#3618,10.);
#826=VECTOR('',#3619,10.);
#827=VECTOR('',#3620,10.);
#828=VECTOR('',#3627,10.);
#829=VECTOR('',#3630,10.);
#830=VECTOR('',#3631,10.);
#831=VECTOR('',#3632,10.);
#832=VECTOR('',#3639,10.);
#833=VECTOR('',#3642,10.);
#834=VECTOR('',#3643,10.);
#835=VECTOR('',#3644,10.);
#836=VECTOR('',#3651,10.);
#837=VECTOR('',#3654,10.);
#838=VECTOR('',#3655,10.);
#839=VECTOR('',#3656,10.);
#840=VECTOR('',#3663,10.);
#841=VECTOR('',#3666,10.);
#842=VECTOR('',#3667,10.);
#843=VECTOR('',#3668,10.);
#844=VECTOR('',#3675,10.);
#845=VECTOR('',#3678,10.);
#846=VECTOR('',#3679,10.);
#847=VECTOR('',#3680,10.);
#848=VECTOR('',#3687,10.);
#849=VECTOR('',#3690,10.);
#850=VECTOR('',#3691,10.);
#851=VECTOR('',#3692,10.);
#852=VECTOR('',#3699,10.);
#853=VECTOR('',#3702,10.);
#854=VECTOR('',#3703,10.);
#855=VECTOR('',#3704,10.);
#856=VECTOR('',#3711,10.);
#857=VECTOR('',#3714,10.);
#858=VECTOR('',#3715,10.);
#859=VECTOR('',#3716,10.);
#860=VECTOR('',#3723,10.);
#861=VECTOR('',#3726,10.);
#862=VECTOR('',#3727,10.);
#863=VECTOR('',#3728,10.);
#864=VECTOR('',#3735,10.);
#865=VECTOR('',#3738,10.);
#866=VECTOR('',#3739,10.);
#867=VECTOR('',#3740,10.);
#868=VECTOR('',#3747,10.);
#869=VECTOR('',#3750,10.);
#870=VECTOR('',#3751,10.);
#871=VECTOR('',#3752,10.);
#872=VECTOR('',#3759,10.);
#873=VECTOR('',#3762,10.);
#874=VECTOR('',#3763,10.);
#875=VECTOR('',#3764,10.);
#876=VECTOR('',#3771,10.);
#877=VECTOR('',#3774,10.);
#878=VECTOR('',#3775,10.);
#879=VECTOR('',#3776,10.);
#880=VECTOR('',#3783,10.);
#881=VECTOR('',#3786,10.);
#882=VECTOR('',#3787,10.);
#883=VECTOR('',#3788,10.);
#884=VECTOR('',#3795,10.);
#885=VECTOR('',#3798,10.);
#886=VECTOR('',#3799,10.);
#887=VECTOR('',#3800,10.);
#888=VECTOR('',#3807,10.);
#889=VECTOR('',#3810,10.);
#890=VECTOR('',#3811,10.);
#891=VECTOR('',#3812,10.);
#892=VECTOR('',#3819,10.);
#893=VECTOR('',#3822,10.);
#894=VECTOR('',#3823,10.);
#895=VECTOR('',#3824,10.);
#896=VECTOR('',#3829,10.);
#897=VECTOR('',#3832,10.);
#898=VECTOR('',#3835,10.);
#899=VECTOR('',#3836,10.);
#900=VECTOR('',#3837,10.);
#901=VECTOR('',#3842,10.);
#902=VECTOR('',#3845,10.);
#903=VECTOR('',#3848,10.);
#904=VECTOR('',#3849,10.);
#905=VECTOR('',#3850,10.);
#906=VECTOR('',#3853,10.);
#907=VECTOR('',#3856,10.);
#908=VECTOR('',#3859,10.);
#909=VECTOR('',#3862,10.);
#910=VECTOR('',#3865,10.);
#911=VECTOR('',#3868,10.);
#912=VECTOR('',#3871,10.);
#913=VECTOR('',#3874,10.);
#914=VECTOR('',#3877,10.);
#915=VECTOR('',#3880,10.);
#916=VECTOR('',#3883,10.);
#917=VECTOR('',#3886,10.);
#918=VECTOR('',#3889,10.);
#919=VECTOR('',#3892,10.);
#920=VECTOR('',#3895,10.);
#921=VECTOR('',#3898,10.);
#922=VECTOR('',#3901,10.);
#923=VECTOR('',#3904,10.);
#924=VECTOR('',#3907,10.);
#925=VECTOR('',#3910,10.);
#926=VECTOR('',#3913,10.);
#927=VECTOR('',#3916,10.);
#928=VECTOR('',#3923,10.);
#929=VECTOR('',#3924,10.);
#930=VECTOR('',#3927,10.);
#931=VECTOR('',#3928,10.);
#932=VECTOR('',#3933,10.);
#933=VECTOR('',#3934,10.);
#934=VECTOR('',#3937,10.);
#935=VECTOR('',#3938,10.);
#936=VECTOR('',#3943,10.);
#937=VECTOR('',#3944,10.);
#938=VECTOR('',#3947,10.);
#939=VECTOR('',#3952,10.);
#940=VECTOR('',#3953,10.);
#941=VECTOR('',#3956,10.);
#942=VECTOR('',#3961,10.);
#943=VECTOR('',#3962,10.);
#944=VECTOR('',#3965,10.);
#945=VECTOR('',#3966,10.);
#946=VECTOR('',#3975,10.);
#947=VECTOR('',#3978,10.);
#948=VECTOR('',#3979,10.);
#949=VECTOR('',#3984,10.);
#950=VECTOR('',#3989,10.);
#951=VECTOR('',#3990,10.);
#952=VECTOR('',#3993,10.);
#953=VECTOR('',#3994,10.);
#954=VECTOR('',#3999,10.);
#955=VECTOR('',#4000,10.);
#956=VECTOR('',#4003,10.);
#957=VECTOR('',#4004,10.);
#958=VECTOR('',#4009,10.);
#959=VECTOR('',#4010,10.);
#960=VECTOR('',#4013,10.);
#961=VECTOR('',#4014,10.);
#962=VECTOR('',#4019,10.);
#963=VECTOR('',#4024,10.);
#964=VECTOR('',#4025,10.);
#965=VECTOR('',#4028,10.);
#966=VECTOR('',#4033,10.);
#967=VECTOR('',#4036,10.);
#968=VECTOR('',#4037,10.);
#969=VECTOR('',#4042,10.);
#970=VECTOR('',#4043,10.);
#971=VECTOR('',#4046,10.);
#972=VECTOR('',#4047,10.);
#973=VECTOR('',#4052,10.);
#974=VECTOR('',#4053,10.);
#975=VECTOR('',#4056,10.);
#976=VECTOR('',#4061,10.);
#977=VECTOR('',#4064,10.);
#978=VECTOR('',#4073,10.);
#979=VECTOR('',#4078,10.);
#980=VECTOR('',#4079,10.);
#981=VECTOR('',#4082,10.);
#982=VECTOR('',#4083,10.);
#983=VECTOR('',#4092,10.);
#984=VECTOR('',#4095,10.);
#985=VECTOR('',#4098,10.);
#986=VECTOR('',#4101,10.);
#987=VECTOR('',#4104,10.);
#988=VECTOR('',#4107,10.);
#989=VECTOR('',#4110,10.);
#990=VECTOR('',#4113,10.);
#991=VECTOR('',#4118,10.);
#992=VECTOR('',#4121,10.);
#993=VECTOR('',#4134,10.);
#994=VECTOR('',#4135,10.);
#995=VECTOR('',#4138,10.);
#996=VECTOR('',#4141,10.);
#997=VECTOR('',#4144,10.);
#998=VECTOR('',#4147,10.);
#999=VECTOR('',#4150,10.);
#1000=VECTOR('',#4151,10.);
#1001=VECTOR('',#4152,10.);
#1002=VECTOR('',#4153,10.);
#1003=VECTOR('',#4154,10.);
#1004=VECTOR('',#4155,10.);
#1005=VECTOR('',#4158,10.);
#1006=VECTOR('',#4163,10.);
#1007=VECTOR('',#4174,10.);
#1008=VECTOR('',#4177,10.);
#1009=VECTOR('',#4178,10.);
#1010=VECTOR('',#4179,10.);
#1011=VECTOR('',#4180,10.);
#1012=VECTOR('',#4181,10.);
#1013=VECTOR('',#4182,10.);
#1014=VECTOR('',#4185,10.);
#1015=VECTOR('',#4190,10.);
#1016=VECTOR('',#4195,10.);
#1017=VECTOR('',#4196,10.);
#1018=VECTOR('',#4197,10.);
#1019=VECTOR('',#4198,10.);
#1020=VECTOR('',#4201,10.);
#1021=VECTOR('',#4202,10.);
#1022=VECTOR('',#4205,10.);
#1023=VECTOR('',#4206,10.);
#1024=VECTOR('',#4211,10.);
#1025=VECTOR('',#4222,10.);
#1026=VECTOR('',#4225,10.);
#1027=VECTOR('',#4226,10.);
#1028=VECTOR('',#4229,10.);
#1029=VECTOR('',#4232,10.);
#1030=VECTOR('',#4233,10.);
#1031=VECTOR('',#4234,10.);
#1032=VECTOR('',#4235,10.);
#1033=VECTOR('',#4238,10.);
#1034=VECTOR('',#4241,10.);
#1035=VECTOR('',#4242,10.);
#1036=VECTOR('',#4243,10.);
#1037=VECTOR('',#4244,10.);
#1038=VECTOR('',#4245,10.);
#1039=VECTOR('',#4250,10.);
#1040=VECTOR('',#4261,10.);
#1041=VECTOR('',#4264,10.);
#1042=VECTOR('',#4265,10.);
#1043=VECTOR('',#4266,10.);
#1044=VECTOR('',#4267,10.);
#1045=VECTOR('',#4268,10.);
#1046=VECTOR('',#4273,10.);
#1047=VECTOR('',#4276,10.);
#1048=VECTOR('',#4279,10.);
#1049=VECTOR('',#4280,10.);
#1050=VECTOR('',#4281,10.);
#1051=VECTOR('',#4282,10.);
#1052=VECTOR('',#4283,10.);
#1053=VECTOR('',#4284,10.);
#1054=VECTOR('',#4285,10.);
#1055=VECTOR('',#4286,10.);
#1056=VECTOR('',#4287,10.);
#1057=VECTOR('',#4288,10.);
#1058=VECTOR('',#4293,10.);
#1059=VECTOR('',#4296,10.);
#1060=VECTOR('',#4307,10.);
#1061=VECTOR('',#4308,10.);
#1062=VECTOR('',#4311,10.);
#1063=VECTOR('',#4312,10.);
#1064=VECTOR('',#4313,10.);
#1065=VECTOR('',#4314,10.);
#1066=VECTOR('',#4317,10.);
#1067=VECTOR('',#4320,10.);
#1068=VECTOR('',#4323,10.);
#1069=VECTOR('',#4326,10.);
#1070=VECTOR('',#4329,10.);
#1071=VECTOR('',#4334,10.);
#1072=VECTOR('',#4335,10.);
#1073=VECTOR('',#4336,10.);
#1074=VECTOR('',#4337,10.);
#1075=VECTOR('',#4338,10.);
#1076=VECTOR('',#4339,10.);
#1077=VECTOR('',#4340,10.);
#1078=VECTOR('',#4341,10.);
#1079=VECTOR('',#4342,10.);
#1080=VECTOR('',#4343,10.);
#1081=VECTOR('',#4344,10.);
#1082=VECTOR('',#4345,10.);
#1083=VECTOR('',#4350,10.);
#1084=VECTOR('',#4351,10.);
#1085=VECTOR('',#4360,10.);
#1086=VECTOR('',#4361,10.);
#1087=VECTOR('',#4364,10.);
#1088=VECTOR('',#4365,10.);
#1089=VECTOR('',#4368,10.);
#1090=VECTOR('',#4369,10.);
#1091=VECTOR('',#4374,10.);
#1092=VECTOR('',#4379,10.);
#1093=VECTOR('',#4380,10.);
#1094=VECTOR('',#4381,10.);
#1095=VECTOR('',#4386,10.);
#1096=VECTOR('',#4391,10.);
#1097=VECTOR('',#4392,10.);
#1098=VECTOR('',#4393,10.);
#1099=VECTOR('',#4398,10.);
#1100=VECTOR('',#4399,10.);
#1101=VECTOR('',#4402,10.);
#1102=VECTOR('',#4405,10.);
#1103=VECTOR('',#4410,10.);
#1104=VECTOR('',#4411,10.);
#1105=VECTOR('',#4418,10.);
#1106=VECTOR('',#4419,10.);
#1107=VECTOR('',#4420,10.);
#1108=VECTOR('',#4423,10.);
#1109=VECTOR('',#4424,10.);
#1110=VECTOR('',#4427,10.);
#1111=VECTOR('',#4430,10.);
#1112=VECTOR('',#4431,10.);
#1113=VECTOR('',#4434,10.);
#1114=VECTOR('',#4437,10.);
#1115=VECTOR('',#4440,10.);
#1116=VECTOR('',#4441,10.);
#1117=VECTOR('',#4446,10.);
#1118=VECTOR('',#4449,10.);
#1119=VECTOR('',#4456,10.);
#1120=VECTOR('',#4457,10.);
#1121=VECTOR('',#4460,10.);
#1122=VECTOR('',#4461,10.);
#1123=VECTOR('',#4464,10.);
#1124=VECTOR('',#4465,10.);
#1125=VECTOR('',#4468,10.);
#1126=VECTOR('',#4473,10.);
#1127=VECTOR('',#4474,10.);
#1128=VECTOR('',#4477,10.);
#1129=CIRCLE('',#3226,0.5);
#1130=CIRCLE('',#3227,0.5);
#1131=CIRCLE('',#3230,0.5);
#1132=CIRCLE('',#3231,0.5);
#1133=CIRCLE('',#3234,0.5);
#1134=CIRCLE('',#3235,0.5);
#1135=CIRCLE('',#3238,0.5);
#1136=CIRCLE('',#3239,0.5);
#1137=CIRCLE('',#3242,0.5);
#1138=CIRCLE('',#3243,0.5);
#1139=CIRCLE('',#3246,0.5);
#1140=CIRCLE('',#3247,0.5);
#1141=CIRCLE('',#3250,0.5);
#1142=CIRCLE('',#3251,0.5);
#1143=CIRCLE('',#3254,0.5);
#1144=CIRCLE('',#3255,0.5);
#1145=CIRCLE('',#3258,0.5);
#1146=CIRCLE('',#3259,0.5);
#1147=CIRCLE('',#3262,0.5);
#1148=CIRCLE('',#3263,0.5);
#1149=CIRCLE('',#3266,0.5);
#1150=CIRCLE('',#3267,0.5);
#1151=CIRCLE('',#3270,0.5);
#1152=CIRCLE('',#3271,0.5);
#1153=CIRCLE('',#3274,0.5);
#1154=CIRCLE('',#3275,0.5);
#1155=CIRCLE('',#3278,0.5);
#1156=CIRCLE('',#3279,0.5);
#1157=CIRCLE('',#3282,0.5);
#1158=CIRCLE('',#3283,0.5);
#1159=CIRCLE('',#3286,0.5);
#1160=CIRCLE('',#3287,0.5);
#1161=CIRCLE('',#3290,0.5);
#1162=CIRCLE('',#3291,0.5);
#1163=CIRCLE('',#3294,0.5);
#1164=CIRCLE('',#3295,0.5);
#1165=CIRCLE('',#3298,0.5);
#1166=CIRCLE('',#3299,0.5);
#1167=CIRCLE('',#3302,0.5);
#1168=CIRCLE('',#3303,0.5);
#1169=CIRCLE('',#3306,0.5);
#1170=CIRCLE('',#3307,0.5);
#1171=CIRCLE('',#3310,0.5);
#1172=CIRCLE('',#3311,0.5);
#1173=CIRCLE('',#3314,0.5);
#1174=CIRCLE('',#3315,0.5);
#1175=CIRCLE('',#3318,0.5);
#1176=CIRCLE('',#3319,0.5);
#1177=CIRCLE('',#3322,0.5);
#1178=CIRCLE('',#3323,0.5);
#1179=CIRCLE('',#3326,0.5);
#1180=CIRCLE('',#3327,0.5);
#1181=CIRCLE('',#3330,0.5);
#1182=CIRCLE('',#3331,0.5);
#1183=CIRCLE('',#3332,0.5);
#1184=CIRCLE('',#3333,0.5);
#1185=CIRCLE('',#3334,0.5);
#1186=CIRCLE('',#3335,0.5);
#1187=CIRCLE('',#3336,0.5);
#1188=CIRCLE('',#3337,0.5);
#1189=CIRCLE('',#3338,0.5);
#1190=CIRCLE('',#3339,0.5);
#1191=CIRCLE('',#3340,0.5);
#1192=CIRCLE('',#3341,0.5);
#1193=CIRCLE('',#3342,0.5);
#1194=CIRCLE('',#3343,0.5);
#1195=CIRCLE('',#3344,0.5);
#1196=CIRCLE('',#3345,0.5);
#1197=CIRCLE('',#3346,0.5);
#1198=CIRCLE('',#3347,0.5);
#1199=CIRCLE('',#3348,0.5);
#1200=CIRCLE('',#3349,0.5);
#1201=CIRCLE('',#3350,0.5);
#1202=CIRCLE('',#3351,0.5);
#1203=CIRCLE('',#3353,0.5);
#1204=CIRCLE('',#3356,0.5);
#1205=CIRCLE('',#3359,0.5);
#1206=CIRCLE('',#3362,0.5);
#1207=CIRCLE('',#3365,0.5);
#1208=CIRCLE('',#3368,0.5);
#1209=CIRCLE('',#3370,0.5);
#1210=CIRCLE('',#3373,0.5);
#1211=CIRCLE('',#3375,0.5);
#1212=CIRCLE('',#3378,0.5);
#1213=CIRCLE('',#3381,0.5);
#1214=CIRCLE('',#3384,0.5);
#1215=CIRCLE('',#3386,0.5);
#1216=CIRCLE('',#3389,0.5);
#1217=CIRCLE('',#3392,0.5);
#1218=CIRCLE('',#3395,0.5);
#1219=CIRCLE('',#3398,0.5);
#1220=CIRCLE('',#3401,0.5);
#1221=CIRCLE('',#3403,0.5);
#1222=CIRCLE('',#3405,0.5);
#1223=CIRCLE('',#3408,0.5);
#1224=CIRCLE('',#3410,0.5);
#1225=CIRCLE('',#3419,3.);
#1226=CIRCLE('',#3420,3.);
#1227=CIRCLE('',#3422,3.);
#1228=CIRCLE('',#3423,12.8020620604538);
#1229=CIRCLE('',#3424,9.80206206045385);
#1230=CIRCLE('',#3432,9.80206206045385);
#1231=CIRCLE('',#3435,3.);
#1232=CIRCLE('',#3437,2.99999999999254);
#1233=CIRCLE('',#3438,12.8020620604538);
#1234=CIRCLE('',#3442,12.8020620604538);
#1235=CIRCLE('',#3450,3.);
#1236=CIRCLE('',#3452,3.);
#1237=CIRCLE('',#3453,9.80206206045385);
#1238=CIRCLE('',#3456,9.80206206045385);
#1239=CIRCLE('',#3462,3.);
#1240=CIRCLE('',#3464,2.99999999999255);
#1241=CIRCLE('',#3465,12.8020620604538);
#1242=CIRCLE('',#3473,0.999999999999999);
#1243=CIRCLE('',#3474,1.);
#1244=CIRCLE('',#3476,0.999999999982252);
#1245=CIRCLE('',#3477,9.80206206044552);
#1246=CIRCLE('',#3478,10.8020620604455);
#1247=CIRCLE('',#3484,10.8020620604455);
#1248=CIRCLE('',#3489,0.999999999999999);
#1249=CIRCLE('',#3491,1.);
#1250=CIRCLE('',#3492,9.80206206044552);
#1251=VERTEX_POINT('',#4486);
#1252=VERTEX_POINT('',#4487);
#1253=VERTEX_POINT('',#4489);
#1254=VERTEX_POINT('',#4491);
#1255=VERTEX_POINT('',#4495);
#1256=VERTEX_POINT('',#4497);
#1257=VERTEX_POINT('',#4501);
#1258=VERTEX_POINT('',#4503);
#1259=VERTEX_POINT('',#4507);
#1260=VERTEX_POINT('',#4509);
#1261=VERTEX_POINT('',#4513);
#1262=VERTEX_POINT('',#4515);
#1263=VERTEX_POINT('',#4519);
#1264=VERTEX_POINT('',#4521);
#1265=VERTEX_POINT('',#4525);
#1266=VERTEX_POINT('',#4527);
#1267=VERTEX_POINT('',#4531);
#1268=VERTEX_POINT('',#4533);
#1269=VERTEX_POINT('',#4537);
#1270=VERTEX_POINT('',#4539);
#1271=VERTEX_POINT('',#4543);
#1272=VERTEX_POINT('',#4545);
#1273=VERTEX_POINT('',#4549);
#1274=VERTEX_POINT('',#4551);
#1275=VERTEX_POINT('',#4555);
#1276=VERTEX_POINT('',#4557);
#1277=VERTEX_POINT('',#4561);
#1278=VERTEX_POINT('',#4563);
#1279=VERTEX_POINT('',#4567);
#1280=VERTEX_POINT('',#4569);
#1281=VERTEX_POINT('',#4573);
#1282=VERTEX_POINT('',#4575);
#1283=VERTEX_POINT('',#4579);
#1284=VERTEX_POINT('',#4581);
#1285=VERTEX_POINT('',#4585);
#1286=VERTEX_POINT('',#4587);
#1287=VERTEX_POINT('',#4591);
#1288=VERTEX_POINT('',#4593);
#1289=VERTEX_POINT('',#4597);
#1290=VERTEX_POINT('',#4599);
#1291=VERTEX_POINT('',#4603);
#1292=VERTEX_POINT('',#4605);
#1293=VERTEX_POINT('',#4609);
#1294=VERTEX_POINT('',#4611);
#1295=VERTEX_POINT('',#4615);
#1296=VERTEX_POINT('',#4617);
#1297=VERTEX_POINT('',#4621);
#1298=VERTEX_POINT('',#4623);
#1299=VERTEX_POINT('',#4627);
#1300=VERTEX_POINT('',#4629);
#1301=VERTEX_POINT('',#4633);
#1302=VERTEX_POINT('',#4635);
#1303=VERTEX_POINT('',#4639);
#1304=VERTEX_POINT('',#4641);
#1305=VERTEX_POINT('',#4645);
#1306=VERTEX_POINT('',#4647);
#1307=VERTEX_POINT('',#4651);
#1308=VERTEX_POINT('',#4653);
#1309=VERTEX_POINT('',#4657);
#1310=VERTEX_POINT('',#4659);
#1311=VERTEX_POINT('',#4663);
#1312=VERTEX_POINT('',#4665);
#1313=VERTEX_POINT('',#4669);
#1314=VERTEX_POINT('',#4671);
#1315=VERTEX_POINT('',#4675);
#1316=VERTEX_POINT('',#4677);
#1317=VERTEX_POINT('',#4681);
#1318=VERTEX_POINT('',#4683);
#1319=VERTEX_POINT('',#4687);
#1320=VERTEX_POINT('',#4689);
#1321=VERTEX_POINT('',#4693);
#1322=VERTEX_POINT('',#4695);
#1323=VERTEX_POINT('',#4699);
#1324=VERTEX_POINT('',#4701);
#1325=VERTEX_POINT('',#4705);
#1326=VERTEX_POINT('',#4707);
#1327=VERTEX_POINT('',#4711);
#1328=VERTEX_POINT('',#4713);
#1329=VERTEX_POINT('',#4717);
#1330=VERTEX_POINT('',#4719);
#1331=VERTEX_POINT('',#4723);
#1332=VERTEX_POINT('',#4725);
#1333=VERTEX_POINT('',#4729);
#1334=VERTEX_POINT('',#4731);
#1335=VERTEX_POINT('',#4735);
#1336=VERTEX_POINT('',#4737);
#1337=VERTEX_POINT('',#4741);
#1338=VERTEX_POINT('',#4743);
#1339=VERTEX_POINT('',#4747);
#1340=VERTEX_POINT('',#4749);
#1341=VERTEX_POINT('',#4753);
#1342=VERTEX_POINT('',#4755);
#1343=VERTEX_POINT('',#4759);
#1344=VERTEX_POINT('',#4761);
#1345=VERTEX_POINT('',#4765);
#1346=VERTEX_POINT('',#4767);
#1347=VERTEX_POINT('',#4771);
#1348=VERTEX_POINT('',#4773);
#1349=VERTEX_POINT('',#4777);
#1350=VERTEX_POINT('',#4778);
#1351=VERTEX_POINT('',#4780);
#1352=VERTEX_POINT('',#4782);
#1353=VERTEX_POINT('',#4786);
#1354=VERTEX_POINT('',#4788);
#1355=VERTEX_POINT('',#4792);
#1356=VERTEX_POINT('',#4793);
#1357=VERTEX_POINT('',#4795);
#1358=VERTEX_POINT('',#4797);
#1359=VERTEX_POINT('',#4801);
#1360=VERTEX_POINT('',#4803);
#1361=VERTEX_POINT('',#4808);
#1362=VERTEX_POINT('',#4810);
#1363=VERTEX_POINT('',#4812);
#1364=VERTEX_POINT('',#4814);
#1365=VERTEX_POINT('',#4816);
#1366=VERTEX_POINT('',#4818);
#1367=VERTEX_POINT('',#4820);
#1368=VERTEX_POINT('',#4822);
#1369=VERTEX_POINT('',#4824);
#1370=VERTEX_POINT('',#4826);
#1371=VERTEX_POINT('',#4828);
#1372=VERTEX_POINT('',#4830);
#1373=VERTEX_POINT('',#4832);
#1374=VERTEX_POINT('',#4834);
#1375=VERTEX_POINT('',#4836);
#1376=VERTEX_POINT('',#4838);
#1377=VERTEX_POINT('',#4840);
#1378=VERTEX_POINT('',#4842);
#1379=VERTEX_POINT('',#4844);
#1380=VERTEX_POINT('',#4846);
#1381=VERTEX_POINT('',#4848);
#1382=VERTEX_POINT('',#4850);
#1383=VERTEX_POINT('',#4852);
#1384=VERTEX_POINT('',#4854);
#1385=VERTEX_POINT('',#4856);
#1386=VERTEX_POINT('',#4858);
#1387=VERTEX_POINT('',#4860);
#1388=VERTEX_POINT('',#4862);
#1389=VERTEX_POINT('',#4864);
#1390=VERTEX_POINT('',#4866);
#1391=VERTEX_POINT('',#4868);
#1392=VERTEX_POINT('',#4870);
#1393=VERTEX_POINT('',#4873);
#1394=VERTEX_POINT('',#4875);
#1395=VERTEX_POINT('',#4877);
#1396=VERTEX_POINT('',#4879);
#1397=VERTEX_POINT('',#4881);
#1398=VERTEX_POINT('',#4883);
#1399=VERTEX_POINT('',#4885);
#1400=VERTEX_POINT('',#4887);
#1401=VERTEX_POINT('',#4889);
#1402=VERTEX_POINT('',#4893);
#1403=VERTEX_POINT('',#4894);
#1404=VERTEX_POINT('',#4899);
#1405=VERTEX_POINT('',#4903);
#1406=VERTEX_POINT('',#4904);
#1407=VERTEX_POINT('',#4909);
#1408=VERTEX_POINT('',#4913);
#1409=VERTEX_POINT('',#4914);
#1410=VERTEX_POINT('',#4921);
#1411=VERTEX_POINT('',#4922);
#1412=VERTEX_POINT('',#4929);
#1413=VERTEX_POINT('',#4930);
#1414=VERTEX_POINT('',#4935);
#1415=VERTEX_POINT('',#4941);
#1416=VERTEX_POINT('',#4945);
#1417=VERTEX_POINT('',#4949);
#1418=VERTEX_POINT('',#4953);
#1419=VERTEX_POINT('',#4954);
#1420=VERTEX_POINT('',#4959);
#1421=VERTEX_POINT('',#4963);
#1422=VERTEX_POINT('',#4964);
#1423=VERTEX_POINT('',#4969);
#1424=VERTEX_POINT('',#4973);
#1425=VERTEX_POINT('',#4974);
#1426=VERTEX_POINT('',#4979);
#1427=VERTEX_POINT('',#4983);
#1428=VERTEX_POINT('',#4987);
#1429=VERTEX_POINT('',#4988);
#1430=VERTEX_POINT('',#4995);
#1431=VERTEX_POINT('',#4999);
#1432=VERTEX_POINT('',#5003);
#1433=VERTEX_POINT('',#5004);
#1434=VERTEX_POINT('',#5009);
#1435=VERTEX_POINT('',#5013);
#1436=VERTEX_POINT('',#5014);
#1437=VERTEX_POINT('',#5021);
#1438=VERTEX_POINT('',#5029);
#1439=VERTEX_POINT('',#5033);
#1440=VERTEX_POINT('',#5034);
#1441=VERTEX_POINT('',#5039);
#1442=VERTEX_POINT('',#5045);
#1443=VERTEX_POINT('',#5063);
#1444=VERTEX_POINT('',#5064);
#1445=VERTEX_POINT('',#5066);
#1446=VERTEX_POINT('',#5068);
#1447=VERTEX_POINT('',#5072);
#1448=VERTEX_POINT('',#5073);
#1449=VERTEX_POINT('',#5078);
#1450=VERTEX_POINT('',#5079);
#1451=VERTEX_POINT('',#5084);
#1452=VERTEX_POINT('',#5086);
#1453=VERTEX_POINT('',#5088);
#1454=VERTEX_POINT('',#5090);
#1455=VERTEX_POINT('',#5092);
#1456=VERTEX_POINT('',#5094);
#1457=VERTEX_POINT('',#5098);
#1458=VERTEX_POINT('',#5100);
#1459=VERTEX_POINT('',#5102);
#1460=VERTEX_POINT('',#5104);
#1461=VERTEX_POINT('',#5106);
#1462=VERTEX_POINT('',#5108);
#1463=VERTEX_POINT('',#5110);
#1464=VERTEX_POINT('',#5114);
#1465=VERTEX_POINT('',#5116);
#1466=VERTEX_POINT('',#5120);
#1467=VERTEX_POINT('',#5126);
#1468=VERTEX_POINT('',#5128);
#1469=VERTEX_POINT('',#5130);
#1470=VERTEX_POINT('',#5132);
#1471=VERTEX_POINT('',#5134);
#1472=VERTEX_POINT('',#5138);
#1473=VERTEX_POINT('',#5141);
#1474=VERTEX_POINT('',#5143);
#1475=VERTEX_POINT('',#5147);
#1476=VERTEX_POINT('',#5149);
#1477=VERTEX_POINT('',#5151);
#1478=VERTEX_POINT('',#5155);
#1479=VERTEX_POINT('',#5157);
#1480=VERTEX_POINT('',#5159);
#1481=VERTEX_POINT('',#5161);
#1482=VERTEX_POINT('',#5165);
#1483=VERTEX_POINT('',#5167);
#1484=VERTEX_POINT('',#5171);
#1485=VERTEX_POINT('',#5177);
#1486=VERTEX_POINT('',#5179);
#1487=VERTEX_POINT('',#5181);
#1488=VERTEX_POINT('',#5185);
#1489=VERTEX_POINT('',#5187);
#1490=VERTEX_POINT('',#5189);
#1491=VERTEX_POINT('',#5191);
#1492=VERTEX_POINT('',#5193);
#1493=VERTEX_POINT('',#5195);
#1494=VERTEX_POINT('',#5197);
#1495=VERTEX_POINT('',#5199);
#1496=VERTEX_POINT('',#5201);
#1497=VERTEX_POINT('',#5203);
#1498=VERTEX_POINT('',#5205);
#1499=VERTEX_POINT('',#5207);
#1500=VERTEX_POINT('',#5211);
#1501=VERTEX_POINT('',#5215);
#1502=VERTEX_POINT('',#5221);
#1503=VERTEX_POINT('',#5223);
#1504=VERTEX_POINT('',#5225);
#1505=VERTEX_POINT('',#5227);
#1506=VERTEX_POINT('',#5231);
#1507=VERTEX_POINT('',#5233);
#1508=VERTEX_POINT('',#5238);
#1509=VERTEX_POINT('',#5240);
#1510=VERTEX_POINT('',#5242);
#1511=VERTEX_POINT('',#5244);
#1512=VERTEX_POINT('',#5246);
#1513=VERTEX_POINT('',#5248);
#1514=VERTEX_POINT('',#5250);
#1515=VERTEX_POINT('',#5252);
#1516=VERTEX_POINT('',#5254);
#1517=VERTEX_POINT('',#5258);
#1518=VERTEX_POINT('',#5259);
#1519=VERTEX_POINT('',#5261);
#1520=VERTEX_POINT('',#5263);
#1521=VERTEX_POINT('',#5267);
#1522=VERTEX_POINT('',#5268);
#1523=VERTEX_POINT('',#5276);
#1524=VERTEX_POINT('',#5278);
#1525=VERTEX_POINT('',#5283);
#1526=VERTEX_POINT('',#5285);
#1527=VERTEX_POINT('',#5287);
#1528=VERTEX_POINT('',#5289);
#1529=VERTEX_POINT('',#5291);
#1530=VERTEX_POINT('',#5293);
#1531=VERTEX_POINT('',#5295);
#1532=VERTEX_POINT('',#5297);
#1533=VERTEX_POINT('',#5299);
#1534=VERTEX_POINT('',#5303);
#1535=VERTEX_POINT('',#5305);
#1536=VERTEX_POINT('',#5307);
#1537=VERTEX_POINT('',#5309);
#1538=VERTEX_POINT('',#5311);
#1539=VERTEX_POINT('',#5313);
#1540=VERTEX_POINT('',#5315);
#1541=VERTEX_POINT('',#5317);
#1542=VERTEX_POINT('',#5319);
#1543=VERTEX_POINT('',#5322);
#1544=VERTEX_POINT('',#5326);
#1545=VERTEX_POINT('',#5331);
#1546=VERTEX_POINT('',#5338);
#1547=VERTEX_POINT('',#5342);
#1548=VERTEX_POINT('',#5346);
#1549=VERTEX_POINT('',#5348);
#1550=VERTEX_POINT('',#5356);
#1551=VERTEX_POINT('',#5358);
#1552=VERTEX_POINT('',#5367);
#1553=VERTEX_POINT('',#5381);
#1554=VERTEX_POINT('',#5383);
#1555=VERTEX_POINT('',#5409);
#1556=VERTEX_POINT('',#5413);
#1557=VERTEX_POINT('',#5417);
#1558=VERTEX_POINT('',#5424);
#1559=EDGE_CURVE('',#1251,#1252,#1129,.T.);
#1560=EDGE_CURVE('',#1253,#1251,#469,.T.);
#1561=EDGE_CURVE('',#1254,#1253,#1130,.T.);
#1562=EDGE_CURVE('',#1252,#1254,#470,.T.);
#1563=EDGE_CURVE('',#1252,#1255,#471,.T.);
#1564=EDGE_CURVE('',#1254,#1256,#472,.T.);
#1565=EDGE_CURVE('',#1256,#1255,#473,.T.);
#1566=EDGE_CURVE('',#1255,#1257,#1131,.T.);
#1567=EDGE_CURVE('',#1258,#1256,#1132,.T.);
#1568=EDGE_CURVE('',#1257,#1258,#474,.T.);
#1569=EDGE_CURVE('',#1257,#1259,#475,.T.);
#1570=EDGE_CURVE('',#1258,#1260,#476,.T.);
#1571=EDGE_CURVE('',#1260,#1259,#477,.T.);
#1572=EDGE_CURVE('',#1259,#1261,#1133,.T.);
#1573=EDGE_CURVE('',#1262,#1260,#1134,.T.);
#1574=EDGE_CURVE('',#1261,#1262,#478,.T.);
#1575=EDGE_CURVE('',#1261,#1263,#479,.T.);
#1576=EDGE_CURVE('',#1262,#1264,#480,.T.);
#1577=EDGE_CURVE('',#1264,#1263,#481,.T.);
#1578=EDGE_CURVE('',#1263,#1265,#1135,.T.);
#1579=EDGE_CURVE('',#1266,#1264,#1136,.T.);
#1580=EDGE_CURVE('',#1265,#1266,#482,.T.);
#1581=EDGE_CURVE('',#1265,#1267,#483,.T.);
#1582=EDGE_CURVE('',#1266,#1268,#484,.T.);
#1583=EDGE_CURVE('',#1268,#1267,#485,.T.);
#1584=EDGE_CURVE('',#1267,#1269,#1137,.T.);
#1585=EDGE_CURVE('',#1270,#1268,#1138,.T.);
#1586=EDGE_CURVE('',#1269,#1270,#486,.T.);
#1587=EDGE_CURVE('',#1269,#1271,#487,.T.);
#1588=EDGE_CURVE('',#1270,#1272,#488,.T.);
#1589=EDGE_CURVE('',#1272,#1271,#489,.T.);
#1590=EDGE_CURVE('',#1271,#1273,#1139,.T.);
#1591=EDGE_CURVE('',#1274,#1272,#1140,.T.);
#1592=EDGE_CURVE('',#1273,#1274,#490,.T.);
#1593=EDGE_CURVE('',#1273,#1275,#491,.T.);
#1594=EDGE_CURVE('',#1274,#1276,#492,.T.);
#1595=EDGE_CURVE('',#1276,#1275,#493,.T.);
#1596=EDGE_CURVE('',#1275,#1277,#1141,.T.);
#1597=EDGE_CURVE('',#1278,#1276,#1142,.T.);
#1598=EDGE_CURVE('',#1277,#1278,#494,.T.);
#1599=EDGE_CURVE('',#1277,#1279,#495,.T.);
#1600=EDGE_CURVE('',#1278,#1280,#496,.T.);
#1601=EDGE_CURVE('',#1280,#1279,#497,.T.);
#1602=EDGE_CURVE('',#1279,#1281,#1143,.T.);
#1603=EDGE_CURVE('',#1282,#1280,#1144,.T.);
#1604=EDGE_CURVE('',#1281,#1282,#498,.T.);
#1605=EDGE_CURVE('',#1281,#1283,#499,.T.);
#1606=EDGE_CURVE('',#1282,#1284,#500,.T.);
#1607=EDGE_CURVE('',#1284,#1283,#501,.T.);
#1608=EDGE_CURVE('',#1283,#1285,#1145,.T.);
#1609=EDGE_CURVE('',#1286,#1284,#1146,.T.);
#1610=EDGE_CURVE('',#1285,#1286,#502,.T.);
#1611=EDGE_CURVE('',#1285,#1287,#503,.T.);
#1612=EDGE_CURVE('',#1286,#1288,#504,.T.);
#1613=EDGE_CURVE('',#1288,#1287,#505,.T.);
#1614=EDGE_CURVE('',#1287,#1289,#1147,.T.);
#1615=EDGE_CURVE('',#1290,#1288,#1148,.T.);
#1616=EDGE_CURVE('',#1289,#1290,#506,.T.);
#1617=EDGE_CURVE('',#1289,#1291,#507,.T.);
#1618=EDGE_CURVE('',#1290,#1292,#508,.T.);
#1619=EDGE_CURVE('',#1292,#1291,#509,.T.);
#1620=EDGE_CURVE('',#1291,#1293,#1149,.T.);
#1621=EDGE_CURVE('',#1294,#1292,#1150,.T.);
#1622=EDGE_CURVE('',#1293,#1294,#510,.T.);
#1623=EDGE_CURVE('',#1293,#1295,#511,.T.);
#1624=EDGE_CURVE('',#1294,#1296,#512,.T.);
#1625=EDGE_CURVE('',#1296,#1295,#513,.T.);
#1626=EDGE_CURVE('',#1295,#1297,#1151,.T.);
#1627=EDGE_CURVE('',#1298,#1296,#1152,.T.);
#1628=EDGE_CURVE('',#1297,#1298,#514,.T.);
#1629=EDGE_CURVE('',#1297,#1299,#515,.T.);
#1630=EDGE_CURVE('',#1298,#1300,#516,.T.);
#1631=EDGE_CURVE('',#1300,#1299,#517,.T.);
#1632=EDGE_CURVE('',#1299,#1301,#1153,.T.);
#1633=EDGE_CURVE('',#1302,#1300,#1154,.T.);
#1634=EDGE_CURVE('',#1301,#1302,#518,.T.);
#1635=EDGE_CURVE('',#1301,#1303,#519,.T.);
#1636=EDGE_CURVE('',#1302,#1304,#520,.T.);
#1637=EDGE_CURVE('',#1304,#1303,#521,.T.);
#1638=EDGE_CURVE('',#1303,#1305,#1155,.T.);
#1639=EDGE_CURVE('',#1306,#1304,#1156,.T.);
#1640=EDGE_CURVE('',#1305,#1306,#522,.T.);
#1641=EDGE_CURVE('',#1305,#1307,#523,.T.);
#1642=EDGE_CURVE('',#1306,#1308,#524,.T.);
#1643=EDGE_CURVE('',#1308,#1307,#525,.T.);
#1644=EDGE_CURVE('',#1307,#1309,#1157,.T.);
#1645=EDGE_CURVE('',#1310,#1308,#1158,.T.);
#1646=EDGE_CURVE('',#1309,#1310,#526,.T.);
#1647=EDGE_CURVE('',#1309,#1311,#527,.T.);
#1648=EDGE_CURVE('',#1310,#1312,#528,.T.);
#1649=EDGE_CURVE('',#1312,#1311,#529,.T.);
#1650=EDGE_CURVE('',#1311,#1313,#1159,.T.);
#1651=EDGE_CURVE('',#1314,#1312,#1160,.T.);
#1652=EDGE_CURVE('',#1313,#1314,#530,.T.);
#1653=EDGE_CURVE('',#1313,#1315,#531,.T.);
#1654=EDGE_CURVE('',#1314,#1316,#532,.T.);
#1655=EDGE_CURVE('',#1316,#1315,#533,.T.);
#1656=EDGE_CURVE('',#1315,#1317,#1161,.T.);
#1657=EDGE_CURVE('',#1318,#1316,#1162,.T.);
#1658=EDGE_CURVE('',#1317,#1318,#534,.T.);
#1659=EDGE_CURVE('',#1317,#1319,#535,.T.);
#1660=EDGE_CURVE('',#1318,#1320,#536,.T.);
#1661=EDGE_CURVE('',#1320,#1319,#537,.T.);
#1662=EDGE_CURVE('',#1319,#1321,#1163,.T.);
#1663=EDGE_CURVE('',#1322,#1320,#1164,.T.);
#1664=EDGE_CURVE('',#1321,#1322,#538,.T.);
#1665=EDGE_CURVE('',#1321,#1323,#539,.T.);
#1666=EDGE_CURVE('',#1322,#1324,#540,.T.);
#1667=EDGE_CURVE('',#1324,#1323,#541,.T.);
#1668=EDGE_CURVE('',#1323,#1325,#1165,.T.);
#1669=EDGE_CURVE('',#1326,#1324,#1166,.T.);
#1670=EDGE_CURVE('',#1325,#1326,#542,.T.);
#1671=EDGE_CURVE('',#1325,#1327,#543,.T.);
#1672=EDGE_CURVE('',#1326,#1328,#544,.T.);
#1673=EDGE_CURVE('',#1328,#1327,#545,.T.);
#1674=EDGE_CURVE('',#1327,#1329,#1167,.T.);
#1675=EDGE_CURVE('',#1330,#1328,#1168,.T.);
#1676=EDGE_CURVE('',#1329,#1330,#546,.T.);
#1677=EDGE_CURVE('',#1329,#1331,#547,.T.);
#1678=EDGE_CURVE('',#1330,#1332,#548,.T.);
#1679=EDGE_CURVE('',#1332,#1331,#549,.T.);
#1680=EDGE_CURVE('',#1331,#1333,#1169,.T.);
#1681=EDGE_CURVE('',#1334,#1332,#1170,.T.);
#1682=EDGE_CURVE('',#1333,#1334,#550,.T.);
#1683=EDGE_CURVE('',#1333,#1335,#551,.T.);
#1684=EDGE_CURVE('',#1334,#1336,#552,.T.);
#1685=EDGE_CURVE('',#1336,#1335,#553,.T.);
#1686=EDGE_CURVE('',#1335,#1337,#1171,.T.);
#1687=EDGE_CURVE('',#1338,#1336,#1172,.T.);
#1688=EDGE_CURVE('',#1337,#1338,#554,.T.);
#1689=EDGE_CURVE('',#1337,#1339,#555,.T.);
#1690=EDGE_CURVE('',#1338,#1340,#556,.T.);
#1691=EDGE_CURVE('',#1340,#1339,#557,.T.);
#1692=EDGE_CURVE('',#1339,#1341,#1173,.T.);
#1693=EDGE_CURVE('',#1342,#1340,#1174,.T.);
#1694=EDGE_CURVE('',#1341,#1342,#558,.T.);
#1695=EDGE_CURVE('',#1341,#1343,#559,.T.);
#1696=EDGE_CURVE('',#1342,#1344,#560,.T.);
#1697=EDGE_CURVE('',#1344,#1343,#561,.T.);
#1698=EDGE_CURVE('',#1343,#1345,#1175,.T.);
#1699=EDGE_CURVE('',#1346,#1344,#1176,.T.);
#1700=EDGE_CURVE('',#1345,#1346,#562,.T.);
#1701=EDGE_CURVE('',#1345,#1347,#563,.T.);
#1702=EDGE_CURVE('',#1348,#1346,#564,.T.);
#1703=EDGE_CURVE('',#1348,#1347,#565,.T.);
#1704=EDGE_CURVE('',#1349,#1350,#1177,.T.);
#1705=EDGE_CURVE('',#1351,#1349,#566,.T.);
#1706=EDGE_CURVE('',#1352,#1351,#1178,.T.);
#1707=EDGE_CURVE('',#1350,#1352,#567,.T.);
#1708=EDGE_CURVE('',#1350,#1353,#568,.T.);
#1709=EDGE_CURVE('',#1354,#1352,#569,.T.);
#1710=EDGE_CURVE('',#1354,#1353,#570,.T.);
#1711=EDGE_CURVE('',#1355,#1356,#1179,.T.);
#1712=EDGE_CURVE('',#1357,#1355,#571,.T.);
#1713=EDGE_CURVE('',#1358,#1357,#1180,.T.);
#1714=EDGE_CURVE('',#1356,#1358,#572,.T.);
#1715=EDGE_CURVE('',#1359,#1355,#573,.T.);
#1716=EDGE_CURVE('',#1359,#1360,#574,.T.);
#1717=EDGE_CURVE('',#1357,#1360,#575,.T.);
#1718=EDGE_CURVE('',#1358,#1253,#576,.T.);
#1719=EDGE_CURVE('',#1360,#1361,#1181,.T.);
#1720=EDGE_CURVE('',#1361,#1362,#577,.T.);
#1721=EDGE_CURVE('',#1362,#1363,#1182,.T.);
#1722=EDGE_CURVE('',#1363,#1364,#578,.T.);
#1723=EDGE_CURVE('',#1364,#1365,#1183,.T.);
#1724=EDGE_CURVE('',#1365,#1366,#579,.T.);
#1725=EDGE_CURVE('',#1366,#1367,#1184,.T.);
#1726=EDGE_CURVE('',#1367,#1368,#580,.T.);
#1727=EDGE_CURVE('',#1368,#1369,#1185,.T.);
#1728=EDGE_CURVE('',#1369,#1370,#581,.T.);
#1729=EDGE_CURVE('',#1370,#1371,#1186,.T.);
#1730=EDGE_CURVE('',#1371,#1372,#582,.T.);
#1731=EDGE_CURVE('',#1372,#1373,#1187,.T.);
#1732=EDGE_CURVE('',#1373,#1374,#583,.T.);
#1733=EDGE_CURVE('',#1374,#1375,#1188,.T.);
#1734=EDGE_CURVE('',#1375,#1376,#584,.T.);
#1735=EDGE_CURVE('',#1376,#1377,#1189,.T.);
#1736=EDGE_CURVE('',#1377,#1378,#585,.T.);
#1737=EDGE_CURVE('',#1378,#1379,#1190,.T.);
#1738=EDGE_CURVE('',#1379,#1380,#586,.T.);
#1739=EDGE_CURVE('',#1380,#1381,#1191,.T.);
#1740=EDGE_CURVE('',#1381,#1382,#587,.T.);
#1741=EDGE_CURVE('',#1382,#1383,#1192,.T.);
#1742=EDGE_CURVE('',#1383,#1384,#588,.T.);
#1743=EDGE_CURVE('',#1384,#1385,#1193,.T.);
#1744=EDGE_CURVE('',#1385,#1386,#589,.T.);
#1745=EDGE_CURVE('',#1386,#1387,#1194,.T.);
#1746=EDGE_CURVE('',#1387,#1388,#590,.T.);
#1747=EDGE_CURVE('',#1388,#1389,#1195,.T.);
#1748=EDGE_CURVE('',#1389,#1390,#591,.T.);
#1749=EDGE_CURVE('',#1390,#1391,#1196,.T.);
#1750=EDGE_CURVE('',#1391,#1392,#592,.T.);
#1751=EDGE_CURVE('',#1392,#1354,#1197,.T.);
#1752=EDGE_CURVE('',#1351,#1393,#593,.T.);
#1753=EDGE_CURVE('',#1393,#1394,#1198,.T.);
#1754=EDGE_CURVE('',#1394,#1395,#594,.T.);
#1755=EDGE_CURVE('',#1395,#1396,#1199,.T.);
#1756=EDGE_CURVE('',#1396,#1397,#595,.T.);
#1757=EDGE_CURVE('',#1397,#1398,#1200,.T.);
#1758=EDGE_CURVE('',#1398,#1399,#596,.T.);
#1759=EDGE_CURVE('',#1399,#1400,#1201,.T.);
#1760=EDGE_CURVE('',#1400,#1401,#597,.T.);
#1761=EDGE_CURVE('',#1401,#1348,#1202,.T.);
#1762=EDGE_CURVE('',#1402,#1403,#1203,.T.);
#1763=EDGE_CURVE('',#1389,#1402,#598,.T.);
#1764=EDGE_CURVE('',#1403,#1388,#599,.T.);
#1765=EDGE_CURVE('',#1403,#1404,#600,.T.);
#1766=EDGE_CURVE('',#1387,#1404,#601,.T.);
#1767=EDGE_CURVE('',#1405,#1406,#1204,.T.);
#1768=EDGE_CURVE('',#1363,#1405,#602,.T.);
#1769=EDGE_CURVE('',#1406,#1362,#603,.T.);
#1770=EDGE_CURVE('',#1406,#1407,#604,.T.);
#1771=EDGE_CURVE('',#1361,#1407,#605,.T.);
#1772=EDGE_CURVE('',#1408,#1409,#1205,.T.);
#1773=EDGE_CURVE('',#1391,#1408,#606,.T.);
#1774=EDGE_CURVE('',#1409,#1390,#607,.T.);
#1775=EDGE_CURVE('',#1409,#1402,#608,.T.);
#1776=EDGE_CURVE('',#1410,#1411,#1206,.T.);
#1777=EDGE_CURVE('',#1394,#1410,#609,.T.);
#1778=EDGE_CURVE('',#1411,#1393,#610,.T.);
#1779=EDGE_CURVE('',#1411,#1349,#611,.T.);
#1780=EDGE_CURVE('',#1412,#1413,#1207,.T.);
#1781=EDGE_CURVE('',#1369,#1412,#612,.T.);
#1782=EDGE_CURVE('',#1413,#1368,#613,.T.);
#1783=EDGE_CURVE('',#1413,#1414,#614,.T.);
#1784=EDGE_CURVE('',#1367,#1414,#615,.T.);
#1785=EDGE_CURVE('',#1407,#1359,#1208,.T.);
#1786=EDGE_CURVE('',#1404,#1415,#1209,.T.);
#1787=EDGE_CURVE('',#1415,#1386,#616,.T.);
#1788=EDGE_CURVE('',#1415,#1416,#617,.T.);
#1789=EDGE_CURVE('',#1385,#1416,#618,.T.);
#1790=EDGE_CURVE('',#1414,#1417,#1210,.T.);
#1791=EDGE_CURVE('',#1417,#1366,#619,.T.);
#1792=EDGE_CURVE('',#1418,#1419,#1211,.T.);
#1793=EDGE_CURVE('',#1375,#1418,#620,.T.);
#1794=EDGE_CURVE('',#1419,#1374,#621,.T.);
#1795=EDGE_CURVE('',#1419,#1420,#622,.T.);
#1796=EDGE_CURVE('',#1373,#1420,#623,.T.);
#1797=EDGE_CURVE('',#1421,#1422,#1212,.T.);
#1798=EDGE_CURVE('',#1381,#1421,#624,.T.);
#1799=EDGE_CURVE('',#1422,#1380,#625,.T.);
#1800=EDGE_CURVE('',#1422,#1423,#626,.T.);
#1801=EDGE_CURVE('',#1379,#1423,#627,.T.);
#1802=EDGE_CURVE('',#1424,#1425,#1213,.T.);
#1803=EDGE_CURVE('',#1396,#1424,#628,.T.);
#1804=EDGE_CURVE('',#1425,#1395,#629,.T.);
#1805=EDGE_CURVE('',#1426,#1424,#630,.T.);
#1806=EDGE_CURVE('',#1426,#1397,#631,.T.);
#1807=EDGE_CURVE('',#1353,#1427,#1214,.T.);
#1808=EDGE_CURVE('',#1427,#1392,#632,.T.);
#1809=EDGE_CURVE('',#1428,#1429,#1215,.T.);
#1810=EDGE_CURVE('',#1365,#1428,#633,.T.);
#1811=EDGE_CURVE('',#1429,#1364,#634,.T.);
#1812=EDGE_CURVE('',#1429,#1405,#635,.T.);
#1813=EDGE_CURVE('',#1416,#1430,#1216,.T.);
#1814=EDGE_CURVE('',#1430,#1384,#636,.T.);
#1815=EDGE_CURVE('',#1430,#1431,#637,.T.);
#1816=EDGE_CURVE('',#1383,#1431,#638,.T.);
#1817=EDGE_CURVE('',#1432,#1433,#1217,.T.);
#1818=EDGE_CURVE('',#1377,#1432,#639,.T.);
#1819=EDGE_CURVE('',#1433,#1376,#640,.T.);
#1820=EDGE_CURVE('',#1434,#1432,#641,.T.);
#1821=EDGE_CURVE('',#1434,#1378,#642,.T.);
#1822=EDGE_CURVE('',#1435,#1436,#1218,.T.);
#1823=EDGE_CURVE('',#1371,#1435,#643,.T.);
#1824=EDGE_CURVE('',#1436,#1370,#644,.T.);
#1825=EDGE_CURVE('',#1436,#1412,#645,.T.);
#1826=EDGE_CURVE('',#1420,#1437,#1219,.T.);
#1827=EDGE_CURVE('',#1437,#1372,#646,.T.);
#1828=EDGE_CURVE('',#1437,#1435,#647,.T.);
#1829=EDGE_CURVE('',#1423,#1434,#1220,.T.);
#1830=EDGE_CURVE('',#1431,#1438,#1221,.T.);
#1831=EDGE_CURVE('',#1438,#1382,#648,.T.);
#1832=EDGE_CURVE('',#1439,#1440,#1222,.T.);
#1833=EDGE_CURVE('',#1400,#1439,#649,.T.);
#1834=EDGE_CURVE('',#1440,#1399,#650,.T.);
#1835=EDGE_CURVE('',#1440,#1441,#651,.T.);
#1836=EDGE_CURVE('',#1398,#1441,#652,.T.);
#1837=EDGE_CURVE('',#1441,#1426,#1223,.T.);
#1838=EDGE_CURVE('',#1347,#1442,#1224,.T.);
#1839=EDGE_CURVE('',#1442,#1401,#653,.T.);
#1840=EDGE_CURVE('',#1417,#1428,#654,.T.);
#1841=EDGE_CURVE('',#1433,#1418,#655,.T.);
#1842=EDGE_CURVE('',#1438,#1421,#656,.T.);
#1843=EDGE_CURVE('',#1427,#1408,#657,.T.);
#1844=EDGE_CURVE('',#1425,#1410,#658,.T.);
#1845=EDGE_CURVE('',#1442,#1439,#659,.T.);
#1846=EDGE_CURVE('',#1356,#1251,#660,.T.);
#1847=EDGE_CURVE('',#1443,#1444,#1225,.T.);
#1848=EDGE_CURVE('',#1444,#1445,#661,.T.);
#1849=EDGE_CURVE('',#1445,#1446,#1226,.T.);
#1850=EDGE_CURVE('',#1446,#1443,#662,.T.);
#1851=EDGE_CURVE('',#1447,#1448,#1227,.T.);
#1852=EDGE_CURVE('',#1448,#1446,#1228,.T.);
#1853=EDGE_CURVE('',#1445,#1447,#1229,.T.);
#1854=EDGE_CURVE('',#1449,#1450,#16,.T.);
#1855=EDGE_CURVE('',#1450,#1448,#663,.T.);
#1856=EDGE_CURVE('',#1447,#1449,#664,.T.);
#1857=EDGE_CURVE('',#1449,#1451,#665,.F.);
#1858=EDGE_CURVE('',#1452,#1451,#17,.T.);
#1859=EDGE_CURVE('',#1452,#1453,#666,.T.);
#1860=EDGE_CURVE('',#1454,#1453,#18,.T.);
#1861=EDGE_CURVE('',#1455,#1454,#667,.T.);
#1862=EDGE_CURVE('',#1456,#1455,#19,.T.);
#1863=EDGE_CURVE('',#1456,#1450,#668,.T.);
#1864=EDGE_CURVE('',#1444,#1457,#669,.T.);
#1865=EDGE_CURVE('',#1457,#1458,#670,.T.);
#1866=EDGE_CURVE('',#1458,#1459,#671,.T.);
#1867=EDGE_CURVE('',#1459,#1460,#672,.T.);
#1868=EDGE_CURVE('',#1460,#1461,#673,.T.);
#1869=EDGE_CURVE('',#1462,#1461,#674,.T.);
#1870=EDGE_CURVE('',#1463,#1462,#1230,.T.);
#1871=EDGE_CURVE('',#1451,#1463,#675,.T.);
#1872=EDGE_CURVE('',#1461,#1464,#20,.T.);
#1873=EDGE_CURVE('',#1464,#1465,#676,.T.);
#1874=EDGE_CURVE('',#1465,#1462,#1231,.T.);
#1875=EDGE_CURVE('',#1466,#1463,#1232,.T.);
#1876=EDGE_CURVE('',#1465,#1466,#1233,.T.);
#1877=EDGE_CURVE('',#1466,#1452,#677,.T.);
#1878=EDGE_CURVE('',#1466,#1467,#678,.T.);
#1879=EDGE_CURVE('',#1467,#1468,#679,.T.);
#1880=EDGE_CURVE('',#1468,#1469,#680,.T.);
#1881=EDGE_CURVE('',#1469,#1470,#681,.T.);
#1882=EDGE_CURVE('',#1470,#1471,#682,.T.);
#1883=EDGE_CURVE('',#1453,#1471,#683,.T.);
#1884=EDGE_CURVE('',#1472,#1465,#684,.T.);
#1885=EDGE_CURVE('',#1471,#1472,#1234,.T.);
#1886=EDGE_CURVE('',#1470,#1473,#21,.T.);
#1887=EDGE_CURVE('',#1474,#1473,#685,.T.);
#1888=EDGE_CURVE('',#1474,#1467,#22,.T.);
#1889=EDGE_CURVE('',#1464,#1475,#686,.T.);
#1890=EDGE_CURVE('',#1475,#1476,#687,.T.);
#1891=EDGE_CURVE('',#1477,#1476,#688,.T.);
#1892=EDGE_CURVE('',#1472,#1477,#689,.T.);
#1893=EDGE_CURVE('',#1478,#1460,#690,.T.);
#1894=EDGE_CURVE('',#1479,#1478,#691,.T.);
#1895=EDGE_CURVE('',#1480,#1479,#23,.T.);
#1896=EDGE_CURVE('',#1481,#1480,#692,.T.);
#1897=EDGE_CURVE('',#1475,#1481,#693,.T.);
#1898=EDGE_CURVE('',#1477,#1482,#24,.T.);
#1899=EDGE_CURVE('',#1482,#1483,#694,.T.);
#1900=EDGE_CURVE('',#1483,#1472,#1235,.T.);
#1901=EDGE_CURVE('',#1484,#1471,#1236,.T.);
#1902=EDGE_CURVE('',#1483,#1484,#1237,.T.);
#1903=EDGE_CURVE('',#1484,#1454,#695,.T.);
#1904=EDGE_CURVE('',#1485,#1482,#696,.T.);
#1905=EDGE_CURVE('',#1486,#1485,#697,.T.);
#1906=EDGE_CURVE('',#1487,#1486,#1238,.T.);
#1907=EDGE_CURVE('',#1455,#1487,#698,.T.);
#1908=EDGE_CURVE('',#1476,#1488,#699,.T.);
#1909=EDGE_CURVE('',#1489,#1488,#700,.T.);
#1910=EDGE_CURVE('',#1489,#1490,#701,.T.);
#1911=EDGE_CURVE('',#1490,#1491,#702,.T.);
#1912=EDGE_CURVE('',#1492,#1491,#25,.T.);
#1913=EDGE_CURVE('',#1492,#1493,#703,.T.);
#1914=EDGE_CURVE('',#1494,#1493,#26,.T.);
#1915=EDGE_CURVE('',#1495,#1494,#704,.T.);
#1916=EDGE_CURVE('',#1496,#1495,#705,.T.);
#1917=EDGE_CURVE('',#1496,#1497,#706,.T.);
#1918=EDGE_CURVE('',#1497,#1498,#707,.T.);
#1919=EDGE_CURVE('',#1499,#1498,#708,.T.);
#1920=EDGE_CURVE('',#1485,#1499,#27,.T.);
#1921=EDGE_CURVE('',#1499,#1500,#709,.T.);
#1922=EDGE_CURVE('',#1500,#1486,#1239,.T.);
#1923=EDGE_CURVE('',#1501,#1487,#1240,.T.);
#1924=EDGE_CURVE('',#1500,#1501,#1241,.T.);
#1925=EDGE_CURVE('',#1501,#1456,#710,.T.);
#1926=EDGE_CURVE('',#1501,#1502,#711,.T.);
#1927=EDGE_CURVE('',#1502,#1503,#712,.T.);
#1928=EDGE_CURVE('',#1503,#1504,#713,.T.);
#1929=EDGE_CURVE('',#1504,#1505,#714,.T.);
#1930=EDGE_CURVE('',#1505,#1448,#715,.T.);
#1931=EDGE_CURVE('',#1505,#1506,#28,.T.);
#1932=EDGE_CURVE('',#1507,#1506,#716,.T.);
#1933=EDGE_CURVE('',#1507,#1502,#29,.T.);
#1934=EDGE_CURVE('',#1446,#1500,#717,.T.);
#1935=EDGE_CURVE('',#1498,#1508,#718,.T.);
#1936=EDGE_CURVE('',#1508,#1509,#719,.T.);
#1937=EDGE_CURVE('',#1509,#1510,#720,.T.);
#1938=EDGE_CURVE('',#1510,#1511,#721,.T.);
#1939=EDGE_CURVE('',#1511,#1512,#722,.T.);
#1940=EDGE_CURVE('',#1512,#1513,#723,.T.);
#1941=EDGE_CURVE('',#1513,#1514,#724,.T.);
#1942=EDGE_CURVE('',#1514,#1515,#725,.T.);
#1943=EDGE_CURVE('',#1515,#1516,#726,.T.);
#1944=EDGE_CURVE('',#1516,#1443,#727,.T.);
#1945=EDGE_CURVE('',#1517,#1518,#1242,.T.);
#1946=EDGE_CURVE('',#1518,#1519,#728,.T.);
#1947=EDGE_CURVE('',#1519,#1520,#1243,.T.);
#1948=EDGE_CURVE('',#1520,#1517,#729,.T.);
#1949=EDGE_CURVE('',#1521,#1522,#1244,.T.);
#1950=EDGE_CURVE('',#1522,#1518,#1245,.T.);
#1951=EDGE_CURVE('',#1517,#1521,#1246,.T.);
#1952=EDGE_CURVE('',#1479,#1522,#730,.T.);
#1953=EDGE_CURVE('',#1521,#1480,#731,.T.);
#1954=EDGE_CURVE('',#1521,#1523,#732,.T.);
#1955=EDGE_CURVE('',#1523,#1524,#733,.T.);
#1956=EDGE_CURVE('',#1524,#1489,#734,.T.);
#1957=EDGE_CURVE('',#1488,#1481,#735,.T.);
#1958=EDGE_CURVE('',#1517,#1525,#736,.T.);
#1959=EDGE_CURVE('',#1525,#1526,#30,.T.);
#1960=EDGE_CURVE('',#1526,#1527,#737,.T.);
#1961=EDGE_CURVE('',#1527,#1528,#31,.T.);
#1962=EDGE_CURVE('',#1528,#1529,#738,.T.);
#1963=EDGE_CURVE('',#1530,#1529,#1247,.T.);
#1964=EDGE_CURVE('',#1531,#1530,#739,.T.);
#1965=EDGE_CURVE('',#1531,#1532,#32,.T.);
#1966=EDGE_CURVE('',#1532,#1533,#740,.T.);
#1967=EDGE_CURVE('',#1533,#1523,#33,.T.);
#1968=EDGE_CURVE('',#1520,#1534,#741,.T.);
#1969=EDGE_CURVE('',#1534,#1535,#742,.T.);
#1970=EDGE_CURVE('',#1536,#1535,#743,.T.);
#1971=EDGE_CURVE('',#1536,#1537,#744,.T.);
#1972=EDGE_CURVE('',#1537,#1538,#745,.T.);
#1973=EDGE_CURVE('',#1538,#1539,#746,.T.);
#1974=EDGE_CURVE('',#1540,#1539,#747,.T.);
#1975=EDGE_CURVE('',#1540,#1541,#748,.T.);
#1976=EDGE_CURVE('',#1541,#1542,#749,.T.);
#1977=EDGE_CURVE('',#1542,#1497,#750,.T.);
#1978=EDGE_CURVE('',#1543,#1496,#751,.T.);
#1979=EDGE_CURVE('',#1543,#1525,#752,.T.);
#1980=EDGE_CURVE('',#1530,#1544,#1248,.T.);
#1981=EDGE_CURVE('',#1544,#1492,#753,.T.);
#1982=EDGE_CURVE('',#1491,#1530,#754,.T.);
#1983=EDGE_CURVE('',#1529,#1545,#1249,.T.);
#1984=EDGE_CURVE('',#1545,#1544,#1250,.T.);
#1985=EDGE_CURVE('',#1493,#1545,#755,.T.);
#1986=EDGE_CURVE('',#1529,#1494,#756,.T.);
#1987=EDGE_CURVE('',#1528,#1546,#757,.T.);
#1988=EDGE_CURVE('',#1546,#1495,#758,.T.);
#1989=EDGE_CURVE('',#1547,#1490,#759,.T.);
#1990=EDGE_CURVE('',#1547,#1531,#760,.T.);
#1991=EDGE_CURVE('',#1473,#1548,#34,.F.);
#1992=EDGE_CURVE('',#1548,#1549,#761,.T.);
#1993=EDGE_CURVE('',#1549,#1474,#35,.F.);
#1994=EDGE_CURVE('',#1547,#1548,#762,.T.);
#1995=EDGE_CURVE('',#1547,#1524,#763,.T.);
#1996=EDGE_CURVE('',#1524,#1549,#764,.T.);
#1997=EDGE_CURVE('',#1506,#1550,#36,.F.);
#1998=EDGE_CURVE('',#1550,#1551,#765,.T.);
#1999=EDGE_CURVE('',#1551,#1507,#37,.F.);
#2000=EDGE_CURVE('',#1543,#1550,#766,.T.);
#2001=EDGE_CURVE('',#1543,#1546,#767,.T.);
#2002=EDGE_CURVE('',#1546,#1551,#768,.T.);
#2003=EDGE_CURVE('',#1478,#1552,#769,.T.);
#2004=EDGE_CURVE('',#1552,#1459,#770,.T.);
#2005=EDGE_CURVE('',#1527,#1503,#771,.T.);
#2006=EDGE_CURVE('',#1526,#1504,#772,.T.);
#2007=EDGE_CURVE('',#1532,#1469,#773,.T.);
#2008=EDGE_CURVE('',#1533,#1468,#774,.T.);
#2009=EDGE_CURVE('',#1458,#1553,#775,.T.);
#2010=EDGE_CURVE('',#1554,#1457,#776,.T.);
#2011=EDGE_CURVE('',#1553,#1554,#777,.T.);
#2012=EDGE_CURVE('',#1535,#1515,#778,.T.);
#2013=EDGE_CURVE('',#1516,#1534,#779,.T.);
#2014=EDGE_CURVE('',#1554,#1519,#780,.T.);
#2015=EDGE_CURVE('',#1513,#1537,#781,.T.);
#2016=EDGE_CURVE('',#1512,#1538,#782,.T.);
#2017=EDGE_CURVE('',#1539,#1511,#783,.T.);
#2018=EDGE_CURVE('',#1514,#1536,#784,.T.);
#2019=EDGE_CURVE('',#1509,#1541,#785,.T.);
#2020=EDGE_CURVE('',#1508,#1542,#786,.T.);
#2021=EDGE_CURVE('',#1510,#1540,#787,.T.);
#2022=EDGE_CURVE('',#1552,#1553,#788,.F.);
#2023=EDGE_CURVE('',#1524,#1555,#789,.F.);
#2024=EDGE_CURVE('',#1555,#1489,#790,.F.);
#2025=EDGE_CURVE('',#1543,#1556,#791,.F.);
#2026=EDGE_CURVE('',#1556,#1496,#792,.F.);
#2027=EDGE_CURVE('',#1557,#1490,#793,.F.);
#2028=EDGE_CURVE('',#1555,#1557,#794,.T.);
#2029=EDGE_CURVE('',#1547,#1557,#795,.F.);
#2030=EDGE_CURVE('',#1558,#1495,#796,.F.);
#2031=EDGE_CURVE('',#1558,#1556,#797,.T.);
#2032=EDGE_CURVE('',#1546,#1558,#798,.F.);
#2033=ORIENTED_EDGE('',*,*,#1559,.F.);
#2034=ORIENTED_EDGE('',*,*,#1560,.F.);
#2035=ORIENTED_EDGE('',*,*,#1561,.F.);
#2036=ORIENTED_EDGE('',*,*,#1562,.F.);
#2037=ORIENTED_EDGE('',*,*,#1563,.F.);
#2038=ORIENTED_EDGE('',*,*,#1562,.T.);
#2039=ORIENTED_EDGE('',*,*,#1564,.T.);
#2040=ORIENTED_EDGE('',*,*,#1565,.T.);
#2041=ORIENTED_EDGE('',*,*,#1566,.F.);
#2042=ORIENTED_EDGE('',*,*,#1565,.F.);
#2043=ORIENTED_EDGE('',*,*,#1567,.F.);
#2044=ORIENTED_EDGE('',*,*,#1568,.F.);
#2045=ORIENTED_EDGE('',*,*,#1569,.F.);
#2046=ORIENTED_EDGE('',*,*,#1568,.T.);
#2047=ORIENTED_EDGE('',*,*,#1570,.T.);
#2048=ORIENTED_EDGE('',*,*,#1571,.T.);
#2049=ORIENTED_EDGE('',*,*,#1572,.F.);
#2050=ORIENTED_EDGE('',*,*,#1571,.F.);
#2051=ORIENTED_EDGE('',*,*,#1573,.F.);
#2052=ORIENTED_EDGE('',*,*,#1574,.F.);
#2053=ORIENTED_EDGE('',*,*,#1575,.F.);
#2054=ORIENTED_EDGE('',*,*,#1574,.T.);
#2055=ORIENTED_EDGE('',*,*,#1576,.T.);
#2056=ORIENTED_EDGE('',*,*,#1577,.T.);
#2057=ORIENTED_EDGE('',*,*,#1578,.F.);
#2058=ORIENTED_EDGE('',*,*,#1577,.F.);
#2059=ORIENTED_EDGE('',*,*,#1579,.F.);
#2060=ORIENTED_EDGE('',*,*,#1580,.F.);
#2061=ORIENTED_EDGE('',*,*,#1581,.F.);
#2062=ORIENTED_EDGE('',*,*,#1580,.T.);
#2063=ORIENTED_EDGE('',*,*,#1582,.T.);
#2064=ORIENTED_EDGE('',*,*,#1583,.T.);
#2065=ORIENTED_EDGE('',*,*,#1584,.F.);
#2066=ORIENTED_EDGE('',*,*,#1583,.F.);
#2067=ORIENTED_EDGE('',*,*,#1585,.F.);
#2068=ORIENTED_EDGE('',*,*,#1586,.F.);
#2069=ORIENTED_EDGE('',*,*,#1587,.F.);
#2070=ORIENTED_EDGE('',*,*,#1586,.T.);
#2071=ORIENTED_EDGE('',*,*,#1588,.T.);
#2072=ORIENTED_EDGE('',*,*,#1589,.T.);
#2073=ORIENTED_EDGE('',*,*,#1590,.F.);
#2074=ORIENTED_EDGE('',*,*,#1589,.F.);
#2075=ORIENTED_EDGE('',*,*,#1591,.F.);
#2076=ORIENTED_EDGE('',*,*,#1592,.F.);
#2077=ORIENTED_EDGE('',*,*,#1593,.F.);
#2078=ORIENTED_EDGE('',*,*,#1592,.T.);
#2079=ORIENTED_EDGE('',*,*,#1594,.T.);
#2080=ORIENTED_EDGE('',*,*,#1595,.T.);
#2081=ORIENTED_EDGE('',*,*,#1596,.F.);
#2082=ORIENTED_EDGE('',*,*,#1595,.F.);
#2083=ORIENTED_EDGE('',*,*,#1597,.F.);
#2084=ORIENTED_EDGE('',*,*,#1598,.F.);
#2085=ORIENTED_EDGE('',*,*,#1599,.F.);
#2086=ORIENTED_EDGE('',*,*,#1598,.T.);
#2087=ORIENTED_EDGE('',*,*,#1600,.T.);
#2088=ORIENTED_EDGE('',*,*,#1601,.T.);
#2089=ORIENTED_EDGE('',*,*,#1602,.F.);
#2090=ORIENTED_EDGE('',*,*,#1601,.F.);
#2091=ORIENTED_EDGE('',*,*,#1603,.F.);
#2092=ORIENTED_EDGE('',*,*,#1604,.F.);
#2093=ORIENTED_EDGE('',*,*,#1605,.F.);
#2094=ORIENTED_EDGE('',*,*,#1604,.T.);
#2095=ORIENTED_EDGE('',*,*,#1606,.T.);
#2096=ORIENTED_EDGE('',*,*,#1607,.T.);
#2097=ORIENTED_EDGE('',*,*,#1608,.F.);
#2098=ORIENTED_EDGE('',*,*,#1607,.F.);
#2099=ORIENTED_EDGE('',*,*,#1609,.F.);
#2100=ORIENTED_EDGE('',*,*,#1610,.F.);
#2101=ORIENTED_EDGE('',*,*,#1611,.F.);
#2102=ORIENTED_EDGE('',*,*,#1610,.T.);
#2103=ORIENTED_EDGE('',*,*,#1612,.T.);
#2104=ORIENTED_EDGE('',*,*,#1613,.T.);
#2105=ORIENTED_EDGE('',*,*,#1614,.F.);
#2106=ORIENTED_EDGE('',*,*,#1613,.F.);
#2107=ORIENTED_EDGE('',*,*,#1615,.F.);
#2108=ORIENTED_EDGE('',*,*,#1616,.F.);
#2109=ORIENTED_EDGE('',*,*,#1617,.F.);
#2110=ORIENTED_EDGE('',*,*,#1616,.T.);
#2111=ORIENTED_EDGE('',*,*,#1618,.T.);
#2112=ORIENTED_EDGE('',*,*,#1619,.T.);
#2113=ORIENTED_EDGE('',*,*,#1620,.F.);
#2114=ORIENTED_EDGE('',*,*,#1619,.F.);
#2115=ORIENTED_EDGE('',*,*,#1621,.F.);
#2116=ORIENTED_EDGE('',*,*,#1622,.F.);
#2117=ORIENTED_EDGE('',*,*,#1623,.F.);
#2118=ORIENTED_EDGE('',*,*,#1622,.T.);
#2119=ORIENTED_EDGE('',*,*,#1624,.T.);
#2120=ORIENTED_EDGE('',*,*,#1625,.T.);
#2121=ORIENTED_EDGE('',*,*,#1626,.F.);
#2122=ORIENTED_EDGE('',*,*,#1625,.F.);
#2123=ORIENTED_EDGE('',*,*,#1627,.F.);
#2124=ORIENTED_EDGE('',*,*,#1628,.F.);
#2125=ORIENTED_EDGE('',*,*,#1629,.F.);
#2126=ORIENTED_EDGE('',*,*,#1628,.T.);
#2127=ORIENTED_EDGE('',*,*,#1630,.T.);
#2128=ORIENTED_EDGE('',*,*,#1631,.T.);
#2129=ORIENTED_EDGE('',*,*,#1632,.F.);
#2130=ORIENTED_EDGE('',*,*,#1631,.F.);
#2131=ORIENTED_EDGE('',*,*,#1633,.F.);
#2132=ORIENTED_EDGE('',*,*,#1634,.F.);
#2133=ORIENTED_EDGE('',*,*,#1635,.F.);
#2134=ORIENTED_EDGE('',*,*,#1634,.T.);
#2135=ORIENTED_EDGE('',*,*,#1636,.T.);
#2136=ORIENTED_EDGE('',*,*,#1637,.T.);
#2137=ORIENTED_EDGE('',*,*,#1638,.F.);
#2138=ORIENTED_EDGE('',*,*,#1637,.F.);
#2139=ORIENTED_EDGE('',*,*,#1639,.F.);
#2140=ORIENTED_EDGE('',*,*,#1640,.F.);
#2141=ORIENTED_EDGE('',*,*,#1641,.F.);
#2142=ORIENTED_EDGE('',*,*,#1640,.T.);
#2143=ORIENTED_EDGE('',*,*,#1642,.T.);
#2144=ORIENTED_EDGE('',*,*,#1643,.T.);
#2145=ORIENTED_EDGE('',*,*,#1644,.F.);
#2146=ORIENTED_EDGE('',*,*,#1643,.F.);
#2147=ORIENTED_EDGE('',*,*,#1645,.F.);
#2148=ORIENTED_EDGE('',*,*,#1646,.F.);
#2149=ORIENTED_EDGE('',*,*,#1647,.F.);
#2150=ORIENTED_EDGE('',*,*,#1646,.T.);
#2151=ORIENTED_EDGE('',*,*,#1648,.T.);
#2152=ORIENTED_EDGE('',*,*,#1649,.T.);
#2153=ORIENTED_EDGE('',*,*,#1650,.F.);
#2154=ORIENTED_EDGE('',*,*,#1649,.F.);
#2155=ORIENTED_EDGE('',*,*,#1651,.F.);
#2156=ORIENTED_EDGE('',*,*,#1652,.F.);
#2157=ORIENTED_EDGE('',*,*,#1653,.F.);
#2158=ORIENTED_EDGE('',*,*,#1652,.T.);
#2159=ORIENTED_EDGE('',*,*,#1654,.T.);
#2160=ORIENTED_EDGE('',*,*,#1655,.T.);
#2161=ORIENTED_EDGE('',*,*,#1656,.F.);
#2162=ORIENTED_EDGE('',*,*,#1655,.F.);
#2163=ORIENTED_EDGE('',*,*,#1657,.F.);
#2164=ORIENTED_EDGE('',*,*,#1658,.F.);
#2165=ORIENTED_EDGE('',*,*,#1659,.F.);
#2166=ORIENTED_EDGE('',*,*,#1658,.T.);
#2167=ORIENTED_EDGE('',*,*,#1660,.T.);
#2168=ORIENTED_EDGE('',*,*,#1661,.T.);
#2169=ORIENTED_EDGE('',*,*,#1662,.F.);
#2170=ORIENTED_EDGE('',*,*,#1661,.F.);
#2171=ORIENTED_EDGE('',*,*,#1663,.F.);
#2172=ORIENTED_EDGE('',*,*,#1664,.F.);
#2173=ORIENTED_EDGE('',*,*,#1665,.F.);
#2174=ORIENTED_EDGE('',*,*,#1664,.T.);
#2175=ORIENTED_EDGE('',*,*,#1666,.T.);
#2176=ORIENTED_EDGE('',*,*,#1667,.T.);
#2177=ORIENTED_EDGE('',*,*,#1668,.F.);
#2178=ORIENTED_EDGE('',*,*,#1667,.F.);
#2179=ORIENTED_EDGE('',*,*,#1669,.F.);
#2180=ORIENTED_EDGE('',*,*,#1670,.F.);
#2181=ORIENTED_EDGE('',*,*,#1671,.F.);
#2182=ORIENTED_EDGE('',*,*,#1670,.T.);
#2183=ORIENTED_EDGE('',*,*,#1672,.T.);
#2184=ORIENTED_EDGE('',*,*,#1673,.T.);
#2185=ORIENTED_EDGE('',*,*,#1674,.F.);
#2186=ORIENTED_EDGE('',*,*,#1673,.F.);
#2187=ORIENTED_EDGE('',*,*,#1675,.F.);
#2188=ORIENTED_EDGE('',*,*,#1676,.F.);
#2189=ORIENTED_EDGE('',*,*,#1677,.F.);
#2190=ORIENTED_EDGE('',*,*,#1676,.T.);
#2191=ORIENTED_EDGE('',*,*,#1678,.T.);
#2192=ORIENTED_EDGE('',*,*,#1679,.T.);
#2193=ORIENTED_EDGE('',*,*,#1680,.F.);
#2194=ORIENTED_EDGE('',*,*,#1679,.F.);
#2195=ORIENTED_EDGE('',*,*,#1681,.F.);
#2196=ORIENTED_EDGE('',*,*,#1682,.F.);
#2197=ORIENTED_EDGE('',*,*,#1683,.F.);
#2198=ORIENTED_EDGE('',*,*,#1682,.T.);
#2199=ORIENTED_EDGE('',*,*,#1684,.T.);
#2200=ORIENTED_EDGE('',*,*,#1685,.T.);
#2201=ORIENTED_EDGE('',*,*,#1686,.F.);
#2202=ORIENTED_EDGE('',*,*,#1685,.F.);
#2203=ORIENTED_EDGE('',*,*,#1687,.F.);
#2204=ORIENTED_EDGE('',*,*,#1688,.F.);
#2205=ORIENTED_EDGE('',*,*,#1689,.F.);
#2206=ORIENTED_EDGE('',*,*,#1688,.T.);
#2207=ORIENTED_EDGE('',*,*,#1690,.T.);
#2208=ORIENTED_EDGE('',*,*,#1691,.T.);
#2209=ORIENTED_EDGE('',*,*,#1692,.F.);
#2210=ORIENTED_EDGE('',*,*,#1691,.F.);
#2211=ORIENTED_EDGE('',*,*,#1693,.F.);
#2212=ORIENTED_EDGE('',*,*,#1694,.F.);
#2213=ORIENTED_EDGE('',*,*,#1695,.F.);
#2214=ORIENTED_EDGE('',*,*,#1694,.T.);
#2215=ORIENTED_EDGE('',*,*,#1696,.T.);
#2216=ORIENTED_EDGE('',*,*,#1697,.T.);
#2217=ORIENTED_EDGE('',*,*,#1698,.F.);
#2218=ORIENTED_EDGE('',*,*,#1697,.F.);
#2219=ORIENTED_EDGE('',*,*,#1699,.F.);
#2220=ORIENTED_EDGE('',*,*,#1700,.F.);
#2221=ORIENTED_EDGE('',*,*,#1701,.F.);
#2222=ORIENTED_EDGE('',*,*,#1700,.T.);
#2223=ORIENTED_EDGE('',*,*,#1702,.F.);
#2224=ORIENTED_EDGE('',*,*,#1703,.T.);
#2225=ORIENTED_EDGE('',*,*,#1704,.F.);
#2226=ORIENTED_EDGE('',*,*,#1705,.F.);
#2227=ORIENTED_EDGE('',*,*,#1706,.F.);
#2228=ORIENTED_EDGE('',*,*,#1707,.F.);
#2229=ORIENTED_EDGE('',*,*,#1708,.F.);
#2230=ORIENTED_EDGE('',*,*,#1707,.T.);
#2231=ORIENTED_EDGE('',*,*,#1709,.F.);
#2232=ORIENTED_EDGE('',*,*,#1710,.T.);
#2233=ORIENTED_EDGE('',*,*,#1711,.F.);
#2234=ORIENTED_EDGE('',*,*,#1712,.F.);
#2235=ORIENTED_EDGE('',*,*,#1713,.F.);
#2236=ORIENTED_EDGE('',*,*,#1714,.F.);
#2237=ORIENTED_EDGE('',*,*,#1715,.F.);
#2238=ORIENTED_EDGE('',*,*,#1716,.T.);
#2239=ORIENTED_EDGE('',*,*,#1717,.F.);
#2240=ORIENTED_EDGE('',*,*,#1712,.T.);
#2241=ORIENTED_EDGE('',*,*,#1597,.T.);
#2242=ORIENTED_EDGE('',*,*,#1594,.F.);
#2243=ORIENTED_EDGE('',*,*,#1591,.T.);
#2244=ORIENTED_EDGE('',*,*,#1588,.F.);
#2245=ORIENTED_EDGE('',*,*,#1585,.T.);
#2246=ORIENTED_EDGE('',*,*,#1582,.F.);
#2247=ORIENTED_EDGE('',*,*,#1579,.T.);
#2248=ORIENTED_EDGE('',*,*,#1576,.F.);
#2249=ORIENTED_EDGE('',*,*,#1573,.T.);
#2250=ORIENTED_EDGE('',*,*,#1570,.F.);
#2251=ORIENTED_EDGE('',*,*,#1567,.T.);
#2252=ORIENTED_EDGE('',*,*,#1564,.F.);
#2253=ORIENTED_EDGE('',*,*,#1561,.T.);
#2254=ORIENTED_EDGE('',*,*,#1718,.F.);
#2255=ORIENTED_EDGE('',*,*,#1713,.T.);
#2256=ORIENTED_EDGE('',*,*,#1717,.T.);
#2257=ORIENTED_EDGE('',*,*,#1719,.T.);
#2258=ORIENTED_EDGE('',*,*,#1720,.T.);
#2259=ORIENTED_EDGE('',*,*,#1721,.T.);
#2260=ORIENTED_EDGE('',*,*,#1722,.T.);
#2261=ORIENTED_EDGE('',*,*,#1723,.T.);
#2262=ORIENTED_EDGE('',*,*,#1724,.T.);
#2263=ORIENTED_EDGE('',*,*,#1725,.T.);
#2264=ORIENTED_EDGE('',*,*,#1726,.T.);
#2265=ORIENTED_EDGE('',*,*,#1727,.T.);
#2266=ORIENTED_EDGE('',*,*,#1728,.T.);
#2267=ORIENTED_EDGE('',*,*,#1729,.T.);
#2268=ORIENTED_EDGE('',*,*,#1730,.T.);
#2269=ORIENTED_EDGE('',*,*,#1731,.T.);
#2270=ORIENTED_EDGE('',*,*,#1732,.T.);
#2271=ORIENTED_EDGE('',*,*,#1733,.T.);
#2272=ORIENTED_EDGE('',*,*,#1734,.T.);
#2273=ORIENTED_EDGE('',*,*,#1735,.T.);
#2274=ORIENTED_EDGE('',*,*,#1736,.T.);
#2275=ORIENTED_EDGE('',*,*,#1737,.T.);
#2276=ORIENTED_EDGE('',*,*,#1738,.T.);
#2277=ORIENTED_EDGE('',*,*,#1739,.T.);
#2278=ORIENTED_EDGE('',*,*,#1740,.T.);
#2279=ORIENTED_EDGE('',*,*,#1741,.T.);
#2280=ORIENTED_EDGE('',*,*,#1742,.T.);
#2281=ORIENTED_EDGE('',*,*,#1743,.T.);
#2282=ORIENTED_EDGE('',*,*,#1744,.T.);
#2283=ORIENTED_EDGE('',*,*,#1745,.T.);
#2284=ORIENTED_EDGE('',*,*,#1746,.T.);
#2285=ORIENTED_EDGE('',*,*,#1747,.T.);
#2286=ORIENTED_EDGE('',*,*,#1748,.T.);
#2287=ORIENTED_EDGE('',*,*,#1749,.T.);
#2288=ORIENTED_EDGE('',*,*,#1750,.T.);
#2289=ORIENTED_EDGE('',*,*,#1751,.T.);
#2290=ORIENTED_EDGE('',*,*,#1709,.T.);
#2291=ORIENTED_EDGE('',*,*,#1706,.T.);
#2292=ORIENTED_EDGE('',*,*,#1752,.T.);
#2293=ORIENTED_EDGE('',*,*,#1753,.T.);
#2294=ORIENTED_EDGE('',*,*,#1754,.T.);
#2295=ORIENTED_EDGE('',*,*,#1755,.T.);
#2296=ORIENTED_EDGE('',*,*,#1756,.T.);
#2297=ORIENTED_EDGE('',*,*,#1757,.T.);
#2298=ORIENTED_EDGE('',*,*,#1758,.T.);
#2299=ORIENTED_EDGE('',*,*,#1759,.T.);
#2300=ORIENTED_EDGE('',*,*,#1760,.T.);
#2301=ORIENTED_EDGE('',*,*,#1761,.T.);
#2302=ORIENTED_EDGE('',*,*,#1702,.T.);
#2303=ORIENTED_EDGE('',*,*,#1699,.T.);
#2304=ORIENTED_EDGE('',*,*,#1696,.F.);
#2305=ORIENTED_EDGE('',*,*,#1693,.T.);
#2306=ORIENTED_EDGE('',*,*,#1690,.F.);
#2307=ORIENTED_EDGE('',*,*,#1687,.T.);
#2308=ORIENTED_EDGE('',*,*,#1684,.F.);
#2309=ORIENTED_EDGE('',*,*,#1681,.T.);
#2310=ORIENTED_EDGE('',*,*,#1678,.F.);
#2311=ORIENTED_EDGE('',*,*,#1675,.T.);
#2312=ORIENTED_EDGE('',*,*,#1672,.F.);
#2313=ORIENTED_EDGE('',*,*,#1669,.T.);
#2314=ORIENTED_EDGE('',*,*,#1666,.F.);
#2315=ORIENTED_EDGE('',*,*,#1663,.T.);
#2316=ORIENTED_EDGE('',*,*,#1660,.F.);
#2317=ORIENTED_EDGE('',*,*,#1657,.T.);
#2318=ORIENTED_EDGE('',*,*,#1654,.F.);
#2319=ORIENTED_EDGE('',*,*,#1651,.T.);
#2320=ORIENTED_EDGE('',*,*,#1648,.F.);
#2321=ORIENTED_EDGE('',*,*,#1645,.T.);
#2322=ORIENTED_EDGE('',*,*,#1642,.F.);
#2323=ORIENTED_EDGE('',*,*,#1639,.T.);
#2324=ORIENTED_EDGE('',*,*,#1636,.F.);
#2325=ORIENTED_EDGE('',*,*,#1633,.T.);
#2326=ORIENTED_EDGE('',*,*,#1630,.F.);
#2327=ORIENTED_EDGE('',*,*,#1627,.T.);
#2328=ORIENTED_EDGE('',*,*,#1624,.F.);
#2329=ORIENTED_EDGE('',*,*,#1621,.T.);
#2330=ORIENTED_EDGE('',*,*,#1618,.F.);
#2331=ORIENTED_EDGE('',*,*,#1615,.T.);
#2332=ORIENTED_EDGE('',*,*,#1612,.F.);
#2333=ORIENTED_EDGE('',*,*,#1609,.T.);
#2334=ORIENTED_EDGE('',*,*,#1606,.F.);
#2335=ORIENTED_EDGE('',*,*,#1603,.T.);
#2336=ORIENTED_EDGE('',*,*,#1600,.F.);
#2337=ORIENTED_EDGE('',*,*,#1762,.F.);
#2338=ORIENTED_EDGE('',*,*,#1763,.F.);
#2339=ORIENTED_EDGE('',*,*,#1747,.F.);
#2340=ORIENTED_EDGE('',*,*,#1764,.F.);
#2341=ORIENTED_EDGE('',*,*,#1765,.F.);
#2342=ORIENTED_EDGE('',*,*,#1764,.T.);
#2343=ORIENTED_EDGE('',*,*,#1746,.F.);
#2344=ORIENTED_EDGE('',*,*,#1766,.T.);
#2345=ORIENTED_EDGE('',*,*,#1767,.F.);
#2346=ORIENTED_EDGE('',*,*,#1768,.F.);
#2347=ORIENTED_EDGE('',*,*,#1721,.F.);
#2348=ORIENTED_EDGE('',*,*,#1769,.F.);
#2349=ORIENTED_EDGE('',*,*,#1770,.F.);
#2350=ORIENTED_EDGE('',*,*,#1769,.T.);
#2351=ORIENTED_EDGE('',*,*,#1720,.F.);
#2352=ORIENTED_EDGE('',*,*,#1771,.T.);
#2353=ORIENTED_EDGE('',*,*,#1772,.F.);
#2354=ORIENTED_EDGE('',*,*,#1773,.F.);
#2355=ORIENTED_EDGE('',*,*,#1749,.F.);
#2356=ORIENTED_EDGE('',*,*,#1774,.F.);
#2357=ORIENTED_EDGE('',*,*,#1775,.F.);
#2358=ORIENTED_EDGE('',*,*,#1774,.T.);
#2359=ORIENTED_EDGE('',*,*,#1748,.F.);
#2360=ORIENTED_EDGE('',*,*,#1763,.T.);
#2361=ORIENTED_EDGE('',*,*,#1776,.F.);
#2362=ORIENTED_EDGE('',*,*,#1777,.F.);
#2363=ORIENTED_EDGE('',*,*,#1753,.F.);
#2364=ORIENTED_EDGE('',*,*,#1778,.F.);
#2365=ORIENTED_EDGE('',*,*,#1779,.F.);
#2366=ORIENTED_EDGE('',*,*,#1778,.T.);
#2367=ORIENTED_EDGE('',*,*,#1752,.F.);
#2368=ORIENTED_EDGE('',*,*,#1705,.T.);
#2369=ORIENTED_EDGE('',*,*,#1780,.F.);
#2370=ORIENTED_EDGE('',*,*,#1781,.F.);
#2371=ORIENTED_EDGE('',*,*,#1727,.F.);
#2372=ORIENTED_EDGE('',*,*,#1782,.F.);
#2373=ORIENTED_EDGE('',*,*,#1783,.F.);
#2374=ORIENTED_EDGE('',*,*,#1782,.T.);
#2375=ORIENTED_EDGE('',*,*,#1726,.F.);
#2376=ORIENTED_EDGE('',*,*,#1784,.T.);
#2377=ORIENTED_EDGE('',*,*,#1785,.F.);
#2378=ORIENTED_EDGE('',*,*,#1771,.F.);
#2379=ORIENTED_EDGE('',*,*,#1719,.F.);
#2380=ORIENTED_EDGE('',*,*,#1716,.F.);
#2381=ORIENTED_EDGE('',*,*,#1786,.F.);
#2382=ORIENTED_EDGE('',*,*,#1766,.F.);
#2383=ORIENTED_EDGE('',*,*,#1745,.F.);
#2384=ORIENTED_EDGE('',*,*,#1787,.F.);
#2385=ORIENTED_EDGE('',*,*,#1788,.F.);
#2386=ORIENTED_EDGE('',*,*,#1787,.T.);
#2387=ORIENTED_EDGE('',*,*,#1744,.F.);
#2388=ORIENTED_EDGE('',*,*,#1789,.T.);
#2389=ORIENTED_EDGE('',*,*,#1790,.F.);
#2390=ORIENTED_EDGE('',*,*,#1784,.F.);
#2391=ORIENTED_EDGE('',*,*,#1725,.F.);
#2392=ORIENTED_EDGE('',*,*,#1791,.F.);
#2393=ORIENTED_EDGE('',*,*,#1792,.F.);
#2394=ORIENTED_EDGE('',*,*,#1793,.F.);
#2395=ORIENTED_EDGE('',*,*,#1733,.F.);
#2396=ORIENTED_EDGE('',*,*,#1794,.F.);
#2397=ORIENTED_EDGE('',*,*,#1795,.F.);
#2398=ORIENTED_EDGE('',*,*,#1794,.T.);
#2399=ORIENTED_EDGE('',*,*,#1732,.F.);
#2400=ORIENTED_EDGE('',*,*,#1796,.T.);
#2401=ORIENTED_EDGE('',*,*,#1797,.F.);
#2402=ORIENTED_EDGE('',*,*,#1798,.F.);
#2403=ORIENTED_EDGE('',*,*,#1739,.F.);
#2404=ORIENTED_EDGE('',*,*,#1799,.F.);
#2405=ORIENTED_EDGE('',*,*,#1800,.F.);
#2406=ORIENTED_EDGE('',*,*,#1799,.T.);
#2407=ORIENTED_EDGE('',*,*,#1738,.F.);
#2408=ORIENTED_EDGE('',*,*,#1801,.T.);
#2409=ORIENTED_EDGE('',*,*,#1802,.F.);
#2410=ORIENTED_EDGE('',*,*,#1803,.F.);
#2411=ORIENTED_EDGE('',*,*,#1755,.F.);
#2412=ORIENTED_EDGE('',*,*,#1804,.F.);
#2413=ORIENTED_EDGE('',*,*,#1805,.F.);
#2414=ORIENTED_EDGE('',*,*,#1806,.T.);
#2415=ORIENTED_EDGE('',*,*,#1756,.F.);
#2416=ORIENTED_EDGE('',*,*,#1803,.T.);
#2417=ORIENTED_EDGE('',*,*,#1807,.F.);
#2418=ORIENTED_EDGE('',*,*,#1710,.F.);
#2419=ORIENTED_EDGE('',*,*,#1751,.F.);
#2420=ORIENTED_EDGE('',*,*,#1808,.F.);
#2421=ORIENTED_EDGE('',*,*,#1809,.F.);
#2422=ORIENTED_EDGE('',*,*,#1810,.F.);
#2423=ORIENTED_EDGE('',*,*,#1723,.F.);
#2424=ORIENTED_EDGE('',*,*,#1811,.F.);
#2425=ORIENTED_EDGE('',*,*,#1812,.F.);
#2426=ORIENTED_EDGE('',*,*,#1811,.T.);
#2427=ORIENTED_EDGE('',*,*,#1722,.F.);
#2428=ORIENTED_EDGE('',*,*,#1768,.T.);
#2429=ORIENTED_EDGE('',*,*,#1813,.F.);
#2430=ORIENTED_EDGE('',*,*,#1789,.F.);
#2431=ORIENTED_EDGE('',*,*,#1743,.F.);
#2432=ORIENTED_EDGE('',*,*,#1814,.F.);
#2433=ORIENTED_EDGE('',*,*,#1815,.F.);
#2434=ORIENTED_EDGE('',*,*,#1814,.T.);
#2435=ORIENTED_EDGE('',*,*,#1742,.F.);
#2436=ORIENTED_EDGE('',*,*,#1816,.T.);
#2437=ORIENTED_EDGE('',*,*,#1817,.F.);
#2438=ORIENTED_EDGE('',*,*,#1818,.F.);
#2439=ORIENTED_EDGE('',*,*,#1735,.F.);
#2440=ORIENTED_EDGE('',*,*,#1819,.F.);
#2441=ORIENTED_EDGE('',*,*,#1820,.F.);
#2442=ORIENTED_EDGE('',*,*,#1821,.T.);
#2443=ORIENTED_EDGE('',*,*,#1736,.F.);
#2444=ORIENTED_EDGE('',*,*,#1818,.T.);
#2445=ORIENTED_EDGE('',*,*,#1822,.F.);
#2446=ORIENTED_EDGE('',*,*,#1823,.F.);
#2447=ORIENTED_EDGE('',*,*,#1729,.F.);
#2448=ORIENTED_EDGE('',*,*,#1824,.F.);
#2449=ORIENTED_EDGE('',*,*,#1825,.F.);
#2450=ORIENTED_EDGE('',*,*,#1824,.T.);
#2451=ORIENTED_EDGE('',*,*,#1728,.F.);
#2452=ORIENTED_EDGE('',*,*,#1781,.T.);
#2453=ORIENTED_EDGE('',*,*,#1826,.F.);
#2454=ORIENTED_EDGE('',*,*,#1796,.F.);
#2455=ORIENTED_EDGE('',*,*,#1731,.F.);
#2456=ORIENTED_EDGE('',*,*,#1827,.F.);
#2457=ORIENTED_EDGE('',*,*,#1828,.F.);
#2458=ORIENTED_EDGE('',*,*,#1827,.T.);
#2459=ORIENTED_EDGE('',*,*,#1730,.F.);
#2460=ORIENTED_EDGE('',*,*,#1823,.T.);
#2461=ORIENTED_EDGE('',*,*,#1829,.F.);
#2462=ORIENTED_EDGE('',*,*,#1801,.F.);
#2463=ORIENTED_EDGE('',*,*,#1737,.F.);
#2464=ORIENTED_EDGE('',*,*,#1821,.F.);
#2465=ORIENTED_EDGE('',*,*,#1830,.F.);
#2466=ORIENTED_EDGE('',*,*,#1816,.F.);
#2467=ORIENTED_EDGE('',*,*,#1741,.F.);
#2468=ORIENTED_EDGE('',*,*,#1831,.F.);
#2469=ORIENTED_EDGE('',*,*,#1832,.F.);
#2470=ORIENTED_EDGE('',*,*,#1833,.F.);
#2471=ORIENTED_EDGE('',*,*,#1759,.F.);
#2472=ORIENTED_EDGE('',*,*,#1834,.F.);
#2473=ORIENTED_EDGE('',*,*,#1835,.F.);
#2474=ORIENTED_EDGE('',*,*,#1834,.T.);
#2475=ORIENTED_EDGE('',*,*,#1758,.F.);
#2476=ORIENTED_EDGE('',*,*,#1836,.T.);
#2477=ORIENTED_EDGE('',*,*,#1837,.F.);
#2478=ORIENTED_EDGE('',*,*,#1836,.F.);
#2479=ORIENTED_EDGE('',*,*,#1757,.F.);
#2480=ORIENTED_EDGE('',*,*,#1806,.F.);
#2481=ORIENTED_EDGE('',*,*,#1838,.F.);
#2482=ORIENTED_EDGE('',*,*,#1703,.F.);
#2483=ORIENTED_EDGE('',*,*,#1761,.F.);
#2484=ORIENTED_EDGE('',*,*,#1839,.F.);
#2485=ORIENTED_EDGE('',*,*,#1840,.F.);
#2486=ORIENTED_EDGE('',*,*,#1791,.T.);
#2487=ORIENTED_EDGE('',*,*,#1724,.F.);
#2488=ORIENTED_EDGE('',*,*,#1810,.T.);
#2489=ORIENTED_EDGE('',*,*,#1841,.F.);
#2490=ORIENTED_EDGE('',*,*,#1819,.T.);
#2491=ORIENTED_EDGE('',*,*,#1734,.F.);
#2492=ORIENTED_EDGE('',*,*,#1793,.T.);
#2493=ORIENTED_EDGE('',*,*,#1842,.F.);
#2494=ORIENTED_EDGE('',*,*,#1831,.T.);
#2495=ORIENTED_EDGE('',*,*,#1740,.F.);
#2496=ORIENTED_EDGE('',*,*,#1798,.T.);
#2497=ORIENTED_EDGE('',*,*,#1843,.F.);
#2498=ORIENTED_EDGE('',*,*,#1808,.T.);
#2499=ORIENTED_EDGE('',*,*,#1750,.F.);
#2500=ORIENTED_EDGE('',*,*,#1773,.T.);
#2501=ORIENTED_EDGE('',*,*,#1844,.F.);
#2502=ORIENTED_EDGE('',*,*,#1804,.T.);
#2503=ORIENTED_EDGE('',*,*,#1754,.F.);
#2504=ORIENTED_EDGE('',*,*,#1777,.T.);
#2505=ORIENTED_EDGE('',*,*,#1845,.F.);
#2506=ORIENTED_EDGE('',*,*,#1839,.T.);
#2507=ORIENTED_EDGE('',*,*,#1760,.F.);
#2508=ORIENTED_EDGE('',*,*,#1833,.T.);
#2509=ORIENTED_EDGE('',*,*,#1846,.F.);
#2510=ORIENTED_EDGE('',*,*,#1714,.T.);
#2511=ORIENTED_EDGE('',*,*,#1718,.T.);
#2512=ORIENTED_EDGE('',*,*,#1560,.T.);
#2513=ORIENTED_EDGE('',*,*,#1847,.T.);
#2514=ORIENTED_EDGE('',*,*,#1848,.T.);
#2515=ORIENTED_EDGE('',*,*,#1849,.T.);
#2516=ORIENTED_EDGE('',*,*,#1850,.T.);
#2517=ORIENTED_EDGE('',*,*,#1851,.T.);
#2518=ORIENTED_EDGE('',*,*,#1852,.T.);
#2519=ORIENTED_EDGE('',*,*,#1849,.F.);
#2520=ORIENTED_EDGE('',*,*,#1853,.T.);
#2521=ORIENTED_EDGE('',*,*,#1854,.T.);
#2522=ORIENTED_EDGE('',*,*,#1855,.T.);
#2523=ORIENTED_EDGE('',*,*,#1851,.F.);
#2524=ORIENTED_EDGE('',*,*,#1856,.T.);
#2525=ORIENTED_EDGE('',*,*,#1854,.F.);
#2526=ORIENTED_EDGE('',*,*,#1857,.T.);
#2527=ORIENTED_EDGE('',*,*,#1858,.F.);
#2528=ORIENTED_EDGE('',*,*,#1859,.T.);
#2529=ORIENTED_EDGE('',*,*,#1860,.F.);
#2530=ORIENTED_EDGE('',*,*,#1861,.F.);
#2531=ORIENTED_EDGE('',*,*,#1862,.F.);
#2532=ORIENTED_EDGE('',*,*,#1863,.T.);
#2533=ORIENTED_EDGE('',*,*,#1838,.T.);
#2534=ORIENTED_EDGE('',*,*,#1845,.T.);
#2535=ORIENTED_EDGE('',*,*,#1832,.T.);
#2536=ORIENTED_EDGE('',*,*,#1835,.T.);
#2537=ORIENTED_EDGE('',*,*,#1837,.T.);
#2538=ORIENTED_EDGE('',*,*,#1805,.T.);
#2539=ORIENTED_EDGE('',*,*,#1802,.T.);
#2540=ORIENTED_EDGE('',*,*,#1844,.T.);
#2541=ORIENTED_EDGE('',*,*,#1776,.T.);
#2542=ORIENTED_EDGE('',*,*,#1779,.T.);
#2543=ORIENTED_EDGE('',*,*,#1704,.T.);
#2544=ORIENTED_EDGE('',*,*,#1708,.T.);
#2545=ORIENTED_EDGE('',*,*,#1807,.T.);
#2546=ORIENTED_EDGE('',*,*,#1843,.T.);
#2547=ORIENTED_EDGE('',*,*,#1772,.T.);
#2548=ORIENTED_EDGE('',*,*,#1775,.T.);
#2549=ORIENTED_EDGE('',*,*,#1762,.T.);
#2550=ORIENTED_EDGE('',*,*,#1765,.T.);
#2551=ORIENTED_EDGE('',*,*,#1786,.T.);
#2552=ORIENTED_EDGE('',*,*,#1788,.T.);
#2553=ORIENTED_EDGE('',*,*,#1813,.T.);
#2554=ORIENTED_EDGE('',*,*,#1815,.T.);
#2555=ORIENTED_EDGE('',*,*,#1830,.T.);
#2556=ORIENTED_EDGE('',*,*,#1842,.T.);
#2557=ORIENTED_EDGE('',*,*,#1797,.T.);
#2558=ORIENTED_EDGE('',*,*,#1800,.T.);
#2559=ORIENTED_EDGE('',*,*,#1829,.T.);
#2560=ORIENTED_EDGE('',*,*,#1820,.T.);
#2561=ORIENTED_EDGE('',*,*,#1817,.T.);
#2562=ORIENTED_EDGE('',*,*,#1841,.T.);
#2563=ORIENTED_EDGE('',*,*,#1792,.T.);
#2564=ORIENTED_EDGE('',*,*,#1795,.T.);
#2565=ORIENTED_EDGE('',*,*,#1826,.T.);
#2566=ORIENTED_EDGE('',*,*,#1828,.T.);
#2567=ORIENTED_EDGE('',*,*,#1822,.T.);
#2568=ORIENTED_EDGE('',*,*,#1825,.T.);
#2569=ORIENTED_EDGE('',*,*,#1780,.T.);
#2570=ORIENTED_EDGE('',*,*,#1783,.T.);
#2571=ORIENTED_EDGE('',*,*,#1790,.T.);
#2572=ORIENTED_EDGE('',*,*,#1840,.T.);
#2573=ORIENTED_EDGE('',*,*,#1809,.T.);
#2574=ORIENTED_EDGE('',*,*,#1812,.T.);
#2575=ORIENTED_EDGE('',*,*,#1767,.T.);
#2576=ORIENTED_EDGE('',*,*,#1770,.T.);
#2577=ORIENTED_EDGE('',*,*,#1785,.T.);
#2578=ORIENTED_EDGE('',*,*,#1715,.T.);
#2579=ORIENTED_EDGE('',*,*,#1711,.T.);
#2580=ORIENTED_EDGE('',*,*,#1846,.T.);
#2581=ORIENTED_EDGE('',*,*,#1559,.T.);
#2582=ORIENTED_EDGE('',*,*,#1563,.T.);
#2583=ORIENTED_EDGE('',*,*,#1566,.T.);
#2584=ORIENTED_EDGE('',*,*,#1569,.T.);
#2585=ORIENTED_EDGE('',*,*,#1572,.T.);
#2586=ORIENTED_EDGE('',*,*,#1575,.T.);
#2587=ORIENTED_EDGE('',*,*,#1578,.T.);
#2588=ORIENTED_EDGE('',*,*,#1581,.T.);
#2589=ORIENTED_EDGE('',*,*,#1584,.T.);
#2590=ORIENTED_EDGE('',*,*,#1587,.T.);
#2591=ORIENTED_EDGE('',*,*,#1590,.T.);
#2592=ORIENTED_EDGE('',*,*,#1593,.T.);
#2593=ORIENTED_EDGE('',*,*,#1596,.T.);
#2594=ORIENTED_EDGE('',*,*,#1599,.T.);
#2595=ORIENTED_EDGE('',*,*,#1602,.T.);
#2596=ORIENTED_EDGE('',*,*,#1605,.T.);
#2597=ORIENTED_EDGE('',*,*,#1608,.T.);
#2598=ORIENTED_EDGE('',*,*,#1611,.T.);
#2599=ORIENTED_EDGE('',*,*,#1614,.T.);
#2600=ORIENTED_EDGE('',*,*,#1617,.T.);
#2601=ORIENTED_EDGE('',*,*,#1620,.T.);
#2602=ORIENTED_EDGE('',*,*,#1623,.T.);
#2603=ORIENTED_EDGE('',*,*,#1626,.T.);
#2604=ORIENTED_EDGE('',*,*,#1629,.T.);
#2605=ORIENTED_EDGE('',*,*,#1632,.T.);
#2606=ORIENTED_EDGE('',*,*,#1635,.T.);
#2607=ORIENTED_EDGE('',*,*,#1638,.T.);
#2608=ORIENTED_EDGE('',*,*,#1641,.T.);
#2609=ORIENTED_EDGE('',*,*,#1644,.T.);
#2610=ORIENTED_EDGE('',*,*,#1647,.T.);
#2611=ORIENTED_EDGE('',*,*,#1650,.T.);
#2612=ORIENTED_EDGE('',*,*,#1653,.T.);
#2613=ORIENTED_EDGE('',*,*,#1656,.T.);
#2614=ORIENTED_EDGE('',*,*,#1659,.T.);
#2615=ORIENTED_EDGE('',*,*,#1662,.T.);
#2616=ORIENTED_EDGE('',*,*,#1665,.T.);
#2617=ORIENTED_EDGE('',*,*,#1668,.T.);
#2618=ORIENTED_EDGE('',*,*,#1671,.T.);
#2619=ORIENTED_EDGE('',*,*,#1674,.T.);
#2620=ORIENTED_EDGE('',*,*,#1677,.T.);
#2621=ORIENTED_EDGE('',*,*,#1680,.T.);
#2622=ORIENTED_EDGE('',*,*,#1683,.T.);
#2623=ORIENTED_EDGE('',*,*,#1686,.T.);
#2624=ORIENTED_EDGE('',*,*,#1689,.T.);
#2625=ORIENTED_EDGE('',*,*,#1692,.T.);
#2626=ORIENTED_EDGE('',*,*,#1695,.T.);
#2627=ORIENTED_EDGE('',*,*,#1698,.T.);
#2628=ORIENTED_EDGE('',*,*,#1701,.T.);
#2629=ORIENTED_EDGE('',*,*,#1856,.F.);
#2630=ORIENTED_EDGE('',*,*,#1853,.F.);
#2631=ORIENTED_EDGE('',*,*,#1848,.F.);
#2632=ORIENTED_EDGE('',*,*,#1864,.T.);
#2633=ORIENTED_EDGE('',*,*,#1865,.T.);
#2634=ORIENTED_EDGE('',*,*,#1866,.T.);
#2635=ORIENTED_EDGE('',*,*,#1867,.T.);
#2636=ORIENTED_EDGE('',*,*,#1868,.T.);
#2637=ORIENTED_EDGE('',*,*,#1869,.F.);
#2638=ORIENTED_EDGE('',*,*,#1870,.F.);
#2639=ORIENTED_EDGE('',*,*,#1871,.F.);
#2640=ORIENTED_EDGE('',*,*,#1857,.F.);
#2641=ORIENTED_EDGE('',*,*,#1872,.T.);
#2642=ORIENTED_EDGE('',*,*,#1873,.T.);
#2643=ORIENTED_EDGE('',*,*,#1874,.T.);
#2644=ORIENTED_EDGE('',*,*,#1869,.T.);
#2645=ORIENTED_EDGE('',*,*,#1875,.T.);
#2646=ORIENTED_EDGE('',*,*,#1870,.T.);
#2647=ORIENTED_EDGE('',*,*,#1874,.F.);
#2648=ORIENTED_EDGE('',*,*,#1876,.T.);
#2649=ORIENTED_EDGE('',*,*,#1858,.T.);
#2650=ORIENTED_EDGE('',*,*,#1871,.T.);
#2651=ORIENTED_EDGE('',*,*,#1875,.F.);
#2652=ORIENTED_EDGE('',*,*,#1877,.T.);
#2653=ORIENTED_EDGE('',*,*,#1877,.F.);
#2654=ORIENTED_EDGE('',*,*,#1878,.T.);
#2655=ORIENTED_EDGE('',*,*,#1879,.T.);
#2656=ORIENTED_EDGE('',*,*,#1880,.T.);
#2657=ORIENTED_EDGE('',*,*,#1881,.T.);
#2658=ORIENTED_EDGE('',*,*,#1882,.T.);
#2659=ORIENTED_EDGE('',*,*,#1883,.F.);
#2660=ORIENTED_EDGE('',*,*,#1859,.F.);
#2661=ORIENTED_EDGE('',*,*,#1876,.F.);
#2662=ORIENTED_EDGE('',*,*,#1884,.F.);
#2663=ORIENTED_EDGE('',*,*,#1885,.F.);
#2664=ORIENTED_EDGE('',*,*,#1882,.F.);
#2665=ORIENTED_EDGE('',*,*,#1886,.T.);
#2666=ORIENTED_EDGE('',*,*,#1887,.F.);
#2667=ORIENTED_EDGE('',*,*,#1888,.T.);
#2668=ORIENTED_EDGE('',*,*,#1878,.F.);
#2669=ORIENTED_EDGE('',*,*,#1873,.F.);
#2670=ORIENTED_EDGE('',*,*,#1889,.T.);
#2671=ORIENTED_EDGE('',*,*,#1890,.T.);
#2672=ORIENTED_EDGE('',*,*,#1891,.F.);
#2673=ORIENTED_EDGE('',*,*,#1892,.F.);
#2674=ORIENTED_EDGE('',*,*,#1884,.T.);
#2675=ORIENTED_EDGE('',*,*,#1872,.F.);
#2676=ORIENTED_EDGE('',*,*,#1868,.F.);
#2677=ORIENTED_EDGE('',*,*,#1893,.F.);
#2678=ORIENTED_EDGE('',*,*,#1894,.F.);
#2679=ORIENTED_EDGE('',*,*,#1895,.F.);
#2680=ORIENTED_EDGE('',*,*,#1896,.F.);
#2681=ORIENTED_EDGE('',*,*,#1897,.F.);
#2682=ORIENTED_EDGE('',*,*,#1889,.F.);
#2683=ORIENTED_EDGE('',*,*,#1898,.T.);
#2684=ORIENTED_EDGE('',*,*,#1899,.T.);
#2685=ORIENTED_EDGE('',*,*,#1900,.T.);
#2686=ORIENTED_EDGE('',*,*,#1892,.T.);
#2687=ORIENTED_EDGE('',*,*,#1901,.T.);
#2688=ORIENTED_EDGE('',*,*,#1885,.T.);
#2689=ORIENTED_EDGE('',*,*,#1900,.F.);
#2690=ORIENTED_EDGE('',*,*,#1902,.T.);
#2691=ORIENTED_EDGE('',*,*,#1860,.T.);
#2692=ORIENTED_EDGE('',*,*,#1883,.T.);
#2693=ORIENTED_EDGE('',*,*,#1901,.F.);
#2694=ORIENTED_EDGE('',*,*,#1903,.T.);
#2695=ORIENTED_EDGE('',*,*,#1903,.F.);
#2696=ORIENTED_EDGE('',*,*,#1902,.F.);
#2697=ORIENTED_EDGE('',*,*,#1899,.F.);
#2698=ORIENTED_EDGE('',*,*,#1904,.F.);
#2699=ORIENTED_EDGE('',*,*,#1905,.F.);
#2700=ORIENTED_EDGE('',*,*,#1906,.F.);
#2701=ORIENTED_EDGE('',*,*,#1907,.F.);
#2702=ORIENTED_EDGE('',*,*,#1861,.T.);
#2703=ORIENTED_EDGE('',*,*,#1898,.F.);
#2704=ORIENTED_EDGE('',*,*,#1891,.T.);
#2705=ORIENTED_EDGE('',*,*,#1908,.T.);
#2706=ORIENTED_EDGE('',*,*,#1909,.F.);
#2707=ORIENTED_EDGE('',*,*,#1910,.T.);
#2708=ORIENTED_EDGE('',*,*,#1911,.T.);
#2709=ORIENTED_EDGE('',*,*,#1912,.F.);
#2710=ORIENTED_EDGE('',*,*,#1913,.T.);
#2711=ORIENTED_EDGE('',*,*,#1914,.F.);
#2712=ORIENTED_EDGE('',*,*,#1915,.F.);
#2713=ORIENTED_EDGE('',*,*,#1916,.F.);
#2714=ORIENTED_EDGE('',*,*,#1917,.T.);
#2715=ORIENTED_EDGE('',*,*,#1918,.T.);
#2716=ORIENTED_EDGE('',*,*,#1919,.F.);
#2717=ORIENTED_EDGE('',*,*,#1920,.F.);
#2718=ORIENTED_EDGE('',*,*,#1904,.T.);
#2719=ORIENTED_EDGE('',*,*,#1920,.T.);
#2720=ORIENTED_EDGE('',*,*,#1921,.T.);
#2721=ORIENTED_EDGE('',*,*,#1922,.T.);
#2722=ORIENTED_EDGE('',*,*,#1905,.T.);
#2723=ORIENTED_EDGE('',*,*,#1923,.T.);
#2724=ORIENTED_EDGE('',*,*,#1906,.T.);
#2725=ORIENTED_EDGE('',*,*,#1922,.F.);
#2726=ORIENTED_EDGE('',*,*,#1924,.T.);
#2727=ORIENTED_EDGE('',*,*,#1862,.T.);
#2728=ORIENTED_EDGE('',*,*,#1907,.T.);
#2729=ORIENTED_EDGE('',*,*,#1923,.F.);
#2730=ORIENTED_EDGE('',*,*,#1925,.T.);
#2731=ORIENTED_EDGE('',*,*,#1855,.F.);
#2732=ORIENTED_EDGE('',*,*,#1863,.F.);
#2733=ORIENTED_EDGE('',*,*,#1925,.F.);
#2734=ORIENTED_EDGE('',*,*,#1926,.T.);
#2735=ORIENTED_EDGE('',*,*,#1927,.T.);
#2736=ORIENTED_EDGE('',*,*,#1928,.T.);
#2737=ORIENTED_EDGE('',*,*,#1929,.T.);
#2738=ORIENTED_EDGE('',*,*,#1930,.T.);
#2739=ORIENTED_EDGE('',*,*,#1852,.F.);
#2740=ORIENTED_EDGE('',*,*,#1930,.F.);
#2741=ORIENTED_EDGE('',*,*,#1931,.T.);
#2742=ORIENTED_EDGE('',*,*,#1932,.F.);
#2743=ORIENTED_EDGE('',*,*,#1933,.T.);
#2744=ORIENTED_EDGE('',*,*,#1926,.F.);
#2745=ORIENTED_EDGE('',*,*,#1924,.F.);
#2746=ORIENTED_EDGE('',*,*,#1934,.F.);
#2747=ORIENTED_EDGE('',*,*,#1850,.F.);
#2748=ORIENTED_EDGE('',*,*,#1934,.T.);
#2749=ORIENTED_EDGE('',*,*,#1921,.F.);
#2750=ORIENTED_EDGE('',*,*,#1919,.T.);
#2751=ORIENTED_EDGE('',*,*,#1935,.T.);
#2752=ORIENTED_EDGE('',*,*,#1936,.T.);
#2753=ORIENTED_EDGE('',*,*,#1937,.T.);
#2754=ORIENTED_EDGE('',*,*,#1938,.T.);
#2755=ORIENTED_EDGE('',*,*,#1939,.T.);
#2756=ORIENTED_EDGE('',*,*,#1940,.T.);
#2757=ORIENTED_EDGE('',*,*,#1941,.T.);
#2758=ORIENTED_EDGE('',*,*,#1942,.T.);
#2759=ORIENTED_EDGE('',*,*,#1943,.T.);
#2760=ORIENTED_EDGE('',*,*,#1944,.T.);
#2761=ORIENTED_EDGE('',*,*,#1945,.T.);
#2762=ORIENTED_EDGE('',*,*,#1946,.T.);
#2763=ORIENTED_EDGE('',*,*,#1947,.T.);
#2764=ORIENTED_EDGE('',*,*,#1948,.T.);
#2765=ORIENTED_EDGE('',*,*,#1949,.T.);
#2766=ORIENTED_EDGE('',*,*,#1950,.T.);
#2767=ORIENTED_EDGE('',*,*,#1945,.F.);
#2768=ORIENTED_EDGE('',*,*,#1951,.T.);
#2769=ORIENTED_EDGE('',*,*,#1895,.T.);
#2770=ORIENTED_EDGE('',*,*,#1952,.T.);
#2771=ORIENTED_EDGE('',*,*,#1949,.F.);
#2772=ORIENTED_EDGE('',*,*,#1953,.T.);
#2773=ORIENTED_EDGE('',*,*,#1953,.F.);
#2774=ORIENTED_EDGE('',*,*,#1954,.T.);
#2775=ORIENTED_EDGE('',*,*,#1955,.T.);
#2776=ORIENTED_EDGE('',*,*,#1956,.T.);
#2777=ORIENTED_EDGE('',*,*,#1909,.T.);
#2778=ORIENTED_EDGE('',*,*,#1957,.T.);
#2779=ORIENTED_EDGE('',*,*,#1896,.T.);
#2780=ORIENTED_EDGE('',*,*,#1951,.F.);
#2781=ORIENTED_EDGE('',*,*,#1958,.T.);
#2782=ORIENTED_EDGE('',*,*,#1959,.T.);
#2783=ORIENTED_EDGE('',*,*,#1960,.T.);
#2784=ORIENTED_EDGE('',*,*,#1961,.T.);
#2785=ORIENTED_EDGE('',*,*,#1962,.T.);
#2786=ORIENTED_EDGE('',*,*,#1963,.F.);
#2787=ORIENTED_EDGE('',*,*,#1964,.F.);
#2788=ORIENTED_EDGE('',*,*,#1965,.T.);
#2789=ORIENTED_EDGE('',*,*,#1966,.T.);
#2790=ORIENTED_EDGE('',*,*,#1967,.T.);
#2791=ORIENTED_EDGE('',*,*,#1954,.F.);
#2792=ORIENTED_EDGE('',*,*,#1948,.F.);
#2793=ORIENTED_EDGE('',*,*,#1968,.T.);
#2794=ORIENTED_EDGE('',*,*,#1969,.T.);
#2795=ORIENTED_EDGE('',*,*,#1970,.F.);
#2796=ORIENTED_EDGE('',*,*,#1971,.T.);
#2797=ORIENTED_EDGE('',*,*,#1972,.T.);
#2798=ORIENTED_EDGE('',*,*,#1973,.T.);
#2799=ORIENTED_EDGE('',*,*,#1974,.F.);
#2800=ORIENTED_EDGE('',*,*,#1975,.T.);
#2801=ORIENTED_EDGE('',*,*,#1976,.T.);
#2802=ORIENTED_EDGE('',*,*,#1977,.T.);
#2803=ORIENTED_EDGE('',*,*,#1917,.F.);
#2804=ORIENTED_EDGE('',*,*,#1978,.F.);
#2805=ORIENTED_EDGE('',*,*,#1979,.T.);
#2806=ORIENTED_EDGE('',*,*,#1958,.F.);
#2807=ORIENTED_EDGE('',*,*,#1980,.T.);
#2808=ORIENTED_EDGE('',*,*,#1981,.T.);
#2809=ORIENTED_EDGE('',*,*,#1912,.T.);
#2810=ORIENTED_EDGE('',*,*,#1982,.T.);
#2811=ORIENTED_EDGE('',*,*,#1983,.T.);
#2812=ORIENTED_EDGE('',*,*,#1984,.T.);
#2813=ORIENTED_EDGE('',*,*,#1980,.F.);
#2814=ORIENTED_EDGE('',*,*,#1963,.T.);
#2815=ORIENTED_EDGE('',*,*,#1914,.T.);
#2816=ORIENTED_EDGE('',*,*,#1985,.T.);
#2817=ORIENTED_EDGE('',*,*,#1983,.F.);
#2818=ORIENTED_EDGE('',*,*,#1986,.T.);
#2819=ORIENTED_EDGE('',*,*,#1986,.F.);
#2820=ORIENTED_EDGE('',*,*,#1962,.F.);
#2821=ORIENTED_EDGE('',*,*,#1987,.T.);
#2822=ORIENTED_EDGE('',*,*,#1988,.T.);
#2823=ORIENTED_EDGE('',*,*,#1915,.T.);
#2824=ORIENTED_EDGE('',*,*,#1982,.F.);
#2825=ORIENTED_EDGE('',*,*,#1911,.F.);
#2826=ORIENTED_EDGE('',*,*,#1989,.F.);
#2827=ORIENTED_EDGE('',*,*,#1990,.T.);
#2828=ORIENTED_EDGE('',*,*,#1964,.T.);
#2829=ORIENTED_EDGE('',*,*,#1991,.T.);
#2830=ORIENTED_EDGE('',*,*,#1992,.T.);
#2831=ORIENTED_EDGE('',*,*,#1993,.T.);
#2832=ORIENTED_EDGE('',*,*,#1887,.T.);
#2833=ORIENTED_EDGE('',*,*,#1992,.F.);
#2834=ORIENTED_EDGE('',*,*,#1994,.F.);
#2835=ORIENTED_EDGE('',*,*,#1995,.T.);
#2836=ORIENTED_EDGE('',*,*,#1996,.T.);
#2837=ORIENTED_EDGE('',*,*,#1997,.T.);
#2838=ORIENTED_EDGE('',*,*,#1998,.T.);
#2839=ORIENTED_EDGE('',*,*,#1999,.T.);
#2840=ORIENTED_EDGE('',*,*,#1932,.T.);
#2841=ORIENTED_EDGE('',*,*,#1998,.F.);
#2842=ORIENTED_EDGE('',*,*,#2000,.F.);
#2843=ORIENTED_EDGE('',*,*,#2001,.T.);
#2844=ORIENTED_EDGE('',*,*,#2002,.T.);
#2845=ORIENTED_EDGE('',*,*,#1890,.F.);
#2846=ORIENTED_EDGE('',*,*,#1897,.T.);
#2847=ORIENTED_EDGE('',*,*,#1957,.F.);
#2848=ORIENTED_EDGE('',*,*,#1908,.F.);
#2849=ORIENTED_EDGE('',*,*,#2003,.F.);
#2850=ORIENTED_EDGE('',*,*,#1893,.T.);
#2851=ORIENTED_EDGE('',*,*,#1867,.F.);
#2852=ORIENTED_EDGE('',*,*,#2004,.F.);
#2853=ORIENTED_EDGE('',*,*,#1961,.F.);
#2854=ORIENTED_EDGE('',*,*,#2005,.T.);
#2855=ORIENTED_EDGE('',*,*,#1927,.F.);
#2856=ORIENTED_EDGE('',*,*,#1933,.F.);
#2857=ORIENTED_EDGE('',*,*,#1999,.F.);
#2858=ORIENTED_EDGE('',*,*,#2002,.F.);
#2859=ORIENTED_EDGE('',*,*,#1987,.F.);
#2860=ORIENTED_EDGE('',*,*,#1960,.F.);
#2861=ORIENTED_EDGE('',*,*,#2006,.T.);
#2862=ORIENTED_EDGE('',*,*,#1928,.F.);
#2863=ORIENTED_EDGE('',*,*,#2005,.F.);
#2864=ORIENTED_EDGE('',*,*,#1959,.F.);
#2865=ORIENTED_EDGE('',*,*,#1979,.F.);
#2866=ORIENTED_EDGE('',*,*,#2000,.T.);
#2867=ORIENTED_EDGE('',*,*,#1997,.F.);
#2868=ORIENTED_EDGE('',*,*,#1931,.F.);
#2869=ORIENTED_EDGE('',*,*,#1929,.F.);
#2870=ORIENTED_EDGE('',*,*,#2006,.F.);
#2871=ORIENTED_EDGE('',*,*,#1966,.F.);
#2872=ORIENTED_EDGE('',*,*,#2007,.T.);
#2873=ORIENTED_EDGE('',*,*,#1880,.F.);
#2874=ORIENTED_EDGE('',*,*,#2008,.F.);
#2875=ORIENTED_EDGE('',*,*,#1967,.F.);
#2876=ORIENTED_EDGE('',*,*,#2008,.T.);
#2877=ORIENTED_EDGE('',*,*,#1879,.F.);
#2878=ORIENTED_EDGE('',*,*,#1888,.F.);
#2879=ORIENTED_EDGE('',*,*,#1993,.F.);
#2880=ORIENTED_EDGE('',*,*,#1996,.F.);
#2881=ORIENTED_EDGE('',*,*,#1955,.F.);
#2882=ORIENTED_EDGE('',*,*,#1965,.F.);
#2883=ORIENTED_EDGE('',*,*,#1990,.F.);
#2884=ORIENTED_EDGE('',*,*,#1994,.T.);
#2885=ORIENTED_EDGE('',*,*,#1991,.F.);
#2886=ORIENTED_EDGE('',*,*,#1886,.F.);
#2887=ORIENTED_EDGE('',*,*,#1881,.F.);
#2888=ORIENTED_EDGE('',*,*,#2007,.F.);
#2889=ORIENTED_EDGE('',*,*,#2009,.F.);
#2890=ORIENTED_EDGE('',*,*,#1865,.F.);
#2891=ORIENTED_EDGE('',*,*,#2010,.F.);
#2892=ORIENTED_EDGE('',*,*,#2011,.F.);
#2893=ORIENTED_EDGE('',*,*,#2012,.F.);
#2894=ORIENTED_EDGE('',*,*,#1969,.F.);
#2895=ORIENTED_EDGE('',*,*,#2013,.F.);
#2896=ORIENTED_EDGE('',*,*,#1943,.F.);
#2897=ORIENTED_EDGE('',*,*,#1847,.F.);
#2898=ORIENTED_EDGE('',*,*,#1944,.F.);
#2899=ORIENTED_EDGE('',*,*,#2013,.T.);
#2900=ORIENTED_EDGE('',*,*,#1968,.F.);
#2901=ORIENTED_EDGE('',*,*,#1947,.F.);
#2902=ORIENTED_EDGE('',*,*,#2014,.F.);
#2903=ORIENTED_EDGE('',*,*,#2010,.T.);
#2904=ORIENTED_EDGE('',*,*,#1864,.F.);
#2905=ORIENTED_EDGE('',*,*,#1972,.F.);
#2906=ORIENTED_EDGE('',*,*,#2015,.F.);
#2907=ORIENTED_EDGE('',*,*,#1940,.F.);
#2908=ORIENTED_EDGE('',*,*,#2016,.T.);
#2909=ORIENTED_EDGE('',*,*,#1973,.F.);
#2910=ORIENTED_EDGE('',*,*,#2016,.F.);
#2911=ORIENTED_EDGE('',*,*,#1939,.F.);
#2912=ORIENTED_EDGE('',*,*,#2017,.F.);
#2913=ORIENTED_EDGE('',*,*,#1971,.F.);
#2914=ORIENTED_EDGE('',*,*,#2018,.F.);
#2915=ORIENTED_EDGE('',*,*,#1941,.F.);
#2916=ORIENTED_EDGE('',*,*,#2015,.T.);
#2917=ORIENTED_EDGE('',*,*,#1976,.F.);
#2918=ORIENTED_EDGE('',*,*,#2019,.F.);
#2919=ORIENTED_EDGE('',*,*,#1936,.F.);
#2920=ORIENTED_EDGE('',*,*,#2020,.T.);
#2921=ORIENTED_EDGE('',*,*,#1977,.F.);
#2922=ORIENTED_EDGE('',*,*,#2020,.F.);
#2923=ORIENTED_EDGE('',*,*,#1935,.F.);
#2924=ORIENTED_EDGE('',*,*,#1918,.F.);
#2925=ORIENTED_EDGE('',*,*,#1975,.F.);
#2926=ORIENTED_EDGE('',*,*,#2021,.F.);
#2927=ORIENTED_EDGE('',*,*,#1937,.F.);
#2928=ORIENTED_EDGE('',*,*,#2019,.T.);
#2929=ORIENTED_EDGE('',*,*,#1952,.F.);
#2930=ORIENTED_EDGE('',*,*,#1894,.T.);
#2931=ORIENTED_EDGE('',*,*,#2003,.T.);
#2932=ORIENTED_EDGE('',*,*,#2022,.T.);
#2933=ORIENTED_EDGE('',*,*,#2011,.T.);
#2934=ORIENTED_EDGE('',*,*,#2014,.T.);
#2935=ORIENTED_EDGE('',*,*,#1946,.F.);
#2936=ORIENTED_EDGE('',*,*,#1950,.F.);
#2937=ORIENTED_EDGE('',*,*,#2017,.T.);
#2938=ORIENTED_EDGE('',*,*,#1938,.F.);
#2939=ORIENTED_EDGE('',*,*,#2021,.T.);
#2940=ORIENTED_EDGE('',*,*,#1974,.T.);
#2941=ORIENTED_EDGE('',*,*,#2004,.T.);
#2942=ORIENTED_EDGE('',*,*,#1866,.F.);
#2943=ORIENTED_EDGE('',*,*,#2009,.T.);
#2944=ORIENTED_EDGE('',*,*,#2022,.F.);
#2945=ORIENTED_EDGE('',*,*,#2023,.T.);
#2946=ORIENTED_EDGE('',*,*,#2024,.T.);
#2947=ORIENTED_EDGE('',*,*,#1956,.F.);
#2948=ORIENTED_EDGE('',*,*,#2025,.F.);
#2949=ORIENTED_EDGE('',*,*,#1978,.T.);
#2950=ORIENTED_EDGE('',*,*,#2026,.F.);
#2951=ORIENTED_EDGE('',*,*,#2027,.T.);
#2952=ORIENTED_EDGE('',*,*,#1910,.F.);
#2953=ORIENTED_EDGE('',*,*,#2024,.F.);
#2954=ORIENTED_EDGE('',*,*,#2028,.T.);
#2955=ORIENTED_EDGE('',*,*,#2029,.T.);
#2956=ORIENTED_EDGE('',*,*,#2028,.F.);
#2957=ORIENTED_EDGE('',*,*,#2023,.F.);
#2958=ORIENTED_EDGE('',*,*,#1995,.F.);
#2959=ORIENTED_EDGE('',*,*,#2029,.F.);
#2960=ORIENTED_EDGE('',*,*,#1989,.T.);
#2961=ORIENTED_EDGE('',*,*,#2027,.F.);
#2962=ORIENTED_EDGE('',*,*,#2030,.F.);
#2963=ORIENTED_EDGE('',*,*,#2031,.T.);
#2964=ORIENTED_EDGE('',*,*,#2026,.T.);
#2965=ORIENTED_EDGE('',*,*,#1916,.T.);
#2966=ORIENTED_EDGE('',*,*,#2032,.F.);
#2967=ORIENTED_EDGE('',*,*,#2001,.F.);
#2968=ORIENTED_EDGE('',*,*,#2025,.T.);
#2969=ORIENTED_EDGE('',*,*,#2031,.F.);
#2970=ORIENTED_EDGE('',*,*,#2032,.T.);
#2971=ORIENTED_EDGE('',*,*,#2030,.T.);
#2972=ORIENTED_EDGE('',*,*,#1988,.F.);
#2973=ORIENTED_EDGE('',*,*,#1985,.F.);
#2974=ORIENTED_EDGE('',*,*,#1913,.F.);
#2975=ORIENTED_EDGE('',*,*,#1981,.F.);
#2976=ORIENTED_EDGE('',*,*,#1984,.F.);
#2977=ORIENTED_EDGE('',*,*,#2012,.T.);
#2978=ORIENTED_EDGE('',*,*,#1942,.F.);
#2979=ORIENTED_EDGE('',*,*,#2018,.T.);
#2980=ORIENTED_EDGE('',*,*,#1970,.T.);
#2981=CYLINDRICAL_SURFACE('',#3225,0.5);
#2982=CYLINDRICAL_SURFACE('',#3229,0.5);
#2983=CYLINDRICAL_SURFACE('',#3233,0.5);
#2984=CYLINDRICAL_SURFACE('',#3237,0.5);
#2985=CYLINDRICAL_SURFACE('',#3241,0.5);
#2986=CYLINDRICAL_SURFACE('',#3245,0.5);
#2987=CYLINDRICAL_SURFACE('',#3249,0.5);
#2988=CYLINDRICAL_SURFACE('',#3253,0.5);
#2989=CYLINDRICAL_SURFACE('',#3257,0.5);
#2990=CYLINDRICAL_SURFACE('',#3261,0.5);
#2991=CYLINDRICAL_SURFACE('',#3265,0.5);
#2992=CYLINDRICAL_SURFACE('',#3269,0.5);
#2993=CYLINDRICAL_SURFACE('',#3273,0.5);
#2994=CYLINDRICAL_SURFACE('',#3277,0.5);
#2995=CYLINDRICAL_SURFACE('',#3281,0.5);
#2996=CYLINDRICAL_SURFACE('',#3285,0.5);
#2997=CYLINDRICAL_SURFACE('',#3289,0.5);
#2998=CYLINDRICAL_SURFACE('',#3293,0.5);
#2999=CYLINDRICAL_SURFACE('',#3297,0.5);
#3000=CYLINDRICAL_SURFACE('',#3301,0.5);
#3001=CYLINDRICAL_SURFACE('',#3305,0.5);
#3002=CYLINDRICAL_SURFACE('',#3309,0.5);
#3003=CYLINDRICAL_SURFACE('',#3313,0.5);
#3004=CYLINDRICAL_SURFACE('',#3317,0.5);
#3005=CYLINDRICAL_SURFACE('',#3321,0.5);
#3006=CYLINDRICAL_SURFACE('',#3325,0.5);
#3007=CYLINDRICAL_SURFACE('',#3352,0.5);
#3008=CYLINDRICAL_SURFACE('',#3355,0.5);
#3009=CYLINDRICAL_SURFACE('',#3358,0.5);
#3010=CYLINDRICAL_SURFACE('',#3361,0.5);
#3011=CYLINDRICAL_SURFACE('',#3364,0.5);
#3012=CYLINDRICAL_SURFACE('',#3367,0.5);
#3013=CYLINDRICAL_SURFACE('',#3369,0.5);
#3014=CYLINDRICAL_SURFACE('',#3372,0.5);
#3015=CYLINDRICAL_SURFACE('',#3374,0.5);
#3016=CYLINDRICAL_SURFACE('',#3377,0.5);
#3017=CYLINDRICAL_SURFACE('',#3380,0.5);
#3018=CYLINDRICAL_SURFACE('',#3383,0.5);
#3019=CYLINDRICAL_SURFACE('',#3385,0.5);
#3020=CYLINDRICAL_SURFACE('',#3388,0.5);
#3021=CYLINDRICAL_SURFACE('',#3391,0.5);
#3022=CYLINDRICAL_SURFACE('',#3394,0.5);
#3023=CYLINDRICAL_SURFACE('',#3397,0.5);
#3024=CYLINDRICAL_SURFACE('',#3400,0.5);
#3025=CYLINDRICAL_SURFACE('',#3402,0.5);
#3026=CYLINDRICAL_SURFACE('',#3404,0.5);
#3027=CYLINDRICAL_SURFACE('',#3407,0.5);
#3028=CYLINDRICAL_SURFACE('',#3409,0.5);
#3029=CYLINDRICAL_SURFACE('',#3418,3.);
#3030=CYLINDRICAL_SURFACE('',#3425,3.);
#3031=CYLINDRICAL_SURFACE('',#3433,3.);
#3032=CYLINDRICAL_SURFACE('',#3439,3.);
#3033=CYLINDRICAL_SURFACE('',#3441,12.8020620604538);
#3034=CYLINDRICAL_SURFACE('',#3448,3.);
#3035=CYLINDRICAL_SURFACE('',#3454,3.);
#3036=CYLINDRICAL_SURFACE('',#3461,3.);
#3037=CYLINDRICAL_SURFACE('',#3466,3.);
#3038=CYLINDRICAL_SURFACE('',#3468,12.8020620604538);
#3039=CYLINDRICAL_SURFACE('',#3472,1.);
#3040=CYLINDRICAL_SURFACE('',#3479,1.);
#3041=CYLINDRICAL_SURFACE('',#3481,10.8020620604455);
#3042=CYLINDRICAL_SURFACE('',#3488,1.);
#3043=CYLINDRICAL_SURFACE('',#3493,1.);
#3044=CYLINDRICAL_SURFACE('',#3496,0.5);
#3045=CYLINDRICAL_SURFACE('',#3500,0.5);
#3046=ADVANCED_FACE('',(#138),#2981,.F.);
#3047=ADVANCED_FACE('',(#139),#44,.F.);
#3048=ADVANCED_FACE('',(#140),#2982,.T.);
#3049=ADVANCED_FACE('',(#141),#45,.F.);
#3050=ADVANCED_FACE('',(#142),#2983,.F.);
#3051=ADVANCED_FACE('',(#143),#46,.F.);
#3052=ADVANCED_FACE('',(#144),#2984,.F.);
#3053=ADVANCED_FACE('',(#145),#47,.F.);
#3054=ADVANCED_FACE('',(#146),#2985,.T.);
#3055=ADVANCED_FACE('',(#147),#48,.F.);
#3056=ADVANCED_FACE('',(#148),#2986,.T.);
#3057=ADVANCED_FACE('',(#149),#49,.F.);
#3058=ADVANCED_FACE('',(#150),#2987,.F.);
#3059=ADVANCED_FACE('',(#151),#50,.F.);
#3060=ADVANCED_FACE('',(#152),#2988,.F.);
#3061=ADVANCED_FACE('',(#153),#51,.F.);
#3062=ADVANCED_FACE('',(#154),#2989,.T.);
#3063=ADVANCED_FACE('',(#155),#52,.F.);
#3064=ADVANCED_FACE('',(#156),#2990,.T.);
#3065=ADVANCED_FACE('',(#157),#53,.F.);
#3066=ADVANCED_FACE('',(#158),#2991,.F.);
#3067=ADVANCED_FACE('',(#159),#54,.F.);
#3068=ADVANCED_FACE('',(#160),#2992,.F.);
#3069=ADVANCED_FACE('',(#161),#55,.F.);
#3070=ADVANCED_FACE('',(#162),#2993,.T.);
#3071=ADVANCED_FACE('',(#163),#56,.F.);
#3072=ADVANCED_FACE('',(#164),#2994,.T.);
#3073=ADVANCED_FACE('',(#165),#57,.F.);
#3074=ADVANCED_FACE('',(#166),#2995,.F.);
#3075=ADVANCED_FACE('',(#167),#58,.F.);
#3076=ADVANCED_FACE('',(#168),#2996,.F.);
#3077=ADVANCED_FACE('',(#169),#59,.F.);
#3078=ADVANCED_FACE('',(#170),#2997,.T.);
#3079=ADVANCED_FACE('',(#171),#60,.F.);
#3080=ADVANCED_FACE('',(#172),#2998,.T.);
#3081=ADVANCED_FACE('',(#173),#61,.F.);
#3082=ADVANCED_FACE('',(#174),#2999,.F.);
#3083=ADVANCED_FACE('',(#175),#62,.F.);
#3084=ADVANCED_FACE('',(#176),#3000,.F.);
#3085=ADVANCED_FACE('',(#177),#63,.F.);
#3086=ADVANCED_FACE('',(#178),#3001,.T.);
#3087=ADVANCED_FACE('',(#179),#64,.F.);
#3088=ADVANCED_FACE('',(#180),#3002,.T.);
#3089=ADVANCED_FACE('',(#181),#65,.F.);
#3090=ADVANCED_FACE('',(#182),#3003,.F.);
#3091=ADVANCED_FACE('',(#183),#66,.F.);
#3092=ADVANCED_FACE('',(#184),#3004,.F.);
#3093=ADVANCED_FACE('',(#185),#67,.T.);
#3094=ADVANCED_FACE('',(#186),#3005,.T.);
#3095=ADVANCED_FACE('',(#187),#68,.T.);
#3096=ADVANCED_FACE('',(#188),#3006,.F.);
#3097=ADVANCED_FACE('',(#189),#69,.T.);
#3098=ADVANCED_FACE('',(#190),#70,.T.);
#3099=ADVANCED_FACE('',(#191),#3007,.T.);
#3100=ADVANCED_FACE('',(#192),#71,.T.);
#3101=ADVANCED_FACE('',(#193),#3008,.T.);
#3102=ADVANCED_FACE('',(#194),#72,.T.);
#3103=ADVANCED_FACE('',(#195),#3009,.F.);
#3104=ADVANCED_FACE('',(#196),#73,.T.);
#3105=ADVANCED_FACE('',(#197),#3010,.T.);
#3106=ADVANCED_FACE('',(#198),#74,.T.);
#3107=ADVANCED_FACE('',(#199),#3011,.F.);
#3108=ADVANCED_FACE('',(#200),#75,.T.);
#3109=ADVANCED_FACE('',(#201),#3012,.F.);
#3110=ADVANCED_FACE('',(#202),#3013,.T.);
#3111=ADVANCED_FACE('',(#203),#76,.T.);
#3112=ADVANCED_FACE('',(#204),#3014,.F.);
#3113=ADVANCED_FACE('',(#205),#3015,.F.);
#3114=ADVANCED_FACE('',(#206),#77,.T.);
#3115=ADVANCED_FACE('',(#207),#3016,.T.);
#3116=ADVANCED_FACE('',(#208),#78,.T.);
#3117=ADVANCED_FACE('',(#209),#3017,.F.);
#3118=ADVANCED_FACE('',(#210),#79,.T.);
#3119=ADVANCED_FACE('',(#211),#3018,.F.);
#3120=ADVANCED_FACE('',(#212),#3019,.T.);
#3121=ADVANCED_FACE('',(#213),#80,.T.);
#3122=ADVANCED_FACE('',(#214),#3020,.F.);
#3123=ADVANCED_FACE('',(#215),#81,.T.);
#3124=ADVANCED_FACE('',(#216),#3021,.F.);
#3125=ADVANCED_FACE('',(#217),#82,.T.);
#3126=ADVANCED_FACE('',(#218),#3022,.T.);
#3127=ADVANCED_FACE('',(#219),#83,.T.);
#3128=ADVANCED_FACE('',(#220),#3023,.T.);
#3129=ADVANCED_FACE('',(#221),#84,.T.);
#3130=ADVANCED_FACE('',(#222),#3024,.T.);
#3131=ADVANCED_FACE('',(#223),#3025,.F.);
#3132=ADVANCED_FACE('',(#224),#3026,.T.);
#3133=ADVANCED_FACE('',(#225),#85,.T.);
#3134=ADVANCED_FACE('',(#226),#3027,.F.);
#3135=ADVANCED_FACE('',(#227),#3028,.F.);
#3136=ADVANCED_FACE('',(#228),#86,.T.);
#3137=ADVANCED_FACE('',(#229),#87,.T.);
#3138=ADVANCED_FACE('',(#230),#88,.T.);
#3139=ADVANCED_FACE('',(#231),#89,.T.);
#3140=ADVANCED_FACE('',(#232),#90,.T.);
#3141=ADVANCED_FACE('',(#233),#91,.T.);
#3142=ADVANCED_FACE('',(#234),#92,.T.);
#3143=ADVANCED_FACE('',(#235),#3029,.T.);
#3144=ADVANCED_FACE('',(#236),#38,.T.);
#3145=ADVANCED_FACE('',(#237),#3030,.T.);
#3146=ADVANCED_FACE('',(#238,#15),#93,.T.);
#3147=ADVANCED_FACE('',(#239),#94,.F.);
#3148=ADVANCED_FACE('',(#240),#3031,.T.);
#3149=ADVANCED_FACE('',(#241),#39,.T.);
#3150=ADVANCED_FACE('',(#242),#3032,.T.);
#3151=ADVANCED_FACE('',(#243),#95,.F.);
#3152=ADVANCED_FACE('',(#244),#3033,.T.);
#3153=ADVANCED_FACE('',(#245),#96,.F.);
#3154=ADVANCED_FACE('',(#246),#97,.F.);
#3155=ADVANCED_FACE('',(#247),#3034,.T.);
#3156=ADVANCED_FACE('',(#248),#40,.T.);
#3157=ADVANCED_FACE('',(#249),#3035,.T.);
#3158=ADVANCED_FACE('',(#250),#98,.T.);
#3159=ADVANCED_FACE('',(#251),#99,.T.);
#3160=ADVANCED_FACE('',(#252),#3036,.T.);
#3161=ADVANCED_FACE('',(#253),#41,.T.);
#3162=ADVANCED_FACE('',(#254),#3037,.T.);
#3163=ADVANCED_FACE('',(#255),#100,.T.);
#3164=ADVANCED_FACE('',(#256),#3038,.T.);
#3165=ADVANCED_FACE('',(#257),#101,.T.);
#3166=ADVANCED_FACE('',(#258),#3039,.F.);
#3167=ADVANCED_FACE('',(#259),#42,.F.);
#3168=ADVANCED_FACE('',(#260),#3040,.F.);
#3169=ADVANCED_FACE('',(#261),#102,.F.);
#3170=ADVANCED_FACE('',(#262),#3041,.F.);
#3171=ADVANCED_FACE('',(#263),#103,.T.);
#3172=ADVANCED_FACE('',(#264),#3042,.F.);
#3173=ADVANCED_FACE('',(#265),#43,.F.);
#3174=ADVANCED_FACE('',(#266),#3043,.F.);
#3175=ADVANCED_FACE('',(#267),#104,.T.);
#3176=ADVANCED_FACE('',(#268),#105,.F.);
#3177=ADVANCED_FACE('',(#269),#3044,.T.);
#3178=ADVANCED_FACE('',(#270),#106,.F.);
#3179=ADVANCED_FACE('',(#271),#3045,.T.);
#3180=ADVANCED_FACE('',(#272),#107,.F.);
#3181=ADVANCED_FACE('',(#273),#108,.F.);
#3182=ADVANCED_FACE('',(#274),#109,.F.);
#3183=ADVANCED_FACE('',(#275),#110,.F.);
#3184=ADVANCED_FACE('',(#276),#111,.F.);
#3185=ADVANCED_FACE('',(#277),#112,.F.);
#3186=ADVANCED_FACE('',(#278),#113,.F.);
#3187=ADVANCED_FACE('',(#279),#114,.F.);
#3188=ADVANCED_FACE('',(#280),#115,.F.);
#3189=ADVANCED_FACE('',(#281),#116,.F.);
#3190=ADVANCED_FACE('',(#282),#117,.F.);
#3191=ADVANCED_FACE('',(#283),#118,.F.);
#3192=ADVANCED_FACE('',(#284),#119,.F.);
#3193=ADVANCED_FACE('',(#285),#120,.F.);
#3194=ADVANCED_FACE('',(#286),#121,.F.);
#3195=ADVANCED_FACE('',(#287),#122,.F.);
#3196=ADVANCED_FACE('',(#288),#123,.F.);
#3197=ADVANCED_FACE('',(#289),#124,.F.);
#3198=ADVANCED_FACE('',(#290),#125,.T.);
#3199=ADVANCED_FACE('',(#291),#126,.T.);
#3200=ADVANCED_FACE('',(#292),#127,.T.);
#3201=ADVANCED_FACE('',(#293),#128,.F.);
#3202=ADVANCED_FACE('',(#294),#129,.T.);
#3203=ADVANCED_FACE('',(#295),#130,.F.);
#3204=ADVANCED_FACE('',(#296),#131,.F.);
#3205=ADVANCED_FACE('',(#297),#132,.T.);
#3206=ADVANCED_FACE('',(#298),#133,.T.);
#3207=ADVANCED_FACE('',(#299),#134,.T.);
#3208=ADVANCED_FACE('',(#300),#135,.F.);
#3209=ADVANCED_FACE('',(#301),#136,.F.);
#3210=ADVANCED_FACE('',(#302),#137,.T.);
#3211=CLOSED_SHELL('',(#3046,#3047,#3048,#3049,#3050,#3051,#3052,#3053,
#3054,#3055,#3056,#3057,#3058,#3059,#3060,#3061,#3062,#3063,#3064,#3065,
#3066,#3067,#3068,#3069,#3070,#3071,#3072,#3073,#3074,#3075,#3076,#3077,
#3078,#3079,#3080,#3081,#3082,#3083,#3084,#3085,#3086,#3087,#3088,#3089,
#3090,#3091,#3092,#3093,#3094,#3095,#3096,#3097,#3098,#3099,#3100,#3101,
#3102,#3103,#3104,#3105,#3106,#3107,#3108,#3109,#3110,#3111,#3112,#3113,
#3114,#3115,#3116,#3117,#3118,#3119,#3120,#3121,#3122,#3123,#3124,#3125,
#3126,#3127,#3128,#3129,#3130,#3131,#3132,#3133,#3134,#3135,#3136,#3137,
#3138,#3139,#3140,#3141,#3142,#3143,#3144,#3145,#3146,#3147,#3148,#3149,
#3150,#3151,#3152,#3153,#3154,#3155,#3156,#3157,#3158,#3159,#3160,#3161,
#3162,#3163,#3164,#3165,#3166,#3167,#3168,#3169,#3170,#3171,#3172,#3173,
#3174,#3175,#3176,#3177,#3178,#3179,#3180,#3181,#3182,#3183,#3184,#3185,
#3186,#3187,#3188,#3189,#3190,#3191,#3192,#3193,#3194,#3195,#3196,#3197,
#3198,#3199,#3200,#3201,#3202,#3203,#3204,#3205,#3206,#3207,#3208,#3209,
#3210));
#3212=DERIVED_UNIT_ELEMENT(#3214,1.);
#3213=DERIVED_UNIT_ELEMENT(#5437,-3.);
#3214=(
MASS_UNIT()
NAMED_UNIT(*)
SI_UNIT(.KILO.,.GRAM.)
);
#3215=DERIVED_UNIT((#3212,#3213));
#3216=MEASURE_REPRESENTATION_ITEM('density measure',
POSITIVE_RATIO_MEASURE(7850.),#3215);
#3217=PROPERTY_DEFINITION_REPRESENTATION(#3222,#3219);
#3218=PROPERTY_DEFINITION_REPRESENTATION(#3223,#3220);
#3219=REPRESENTATION('material name',(#3221),#5434);
#3220=REPRESENTATION('density',(#3216),#5434);
#3221=DESCRIPTIVE_REPRESENTATION_ITEM('Steel','Steel');
#3222=PROPERTY_DEFINITION('material property','material name',#5444);
#3223=PROPERTY_DEFINITION('material property','density of part',#5444);
#3224=AXIS2_PLACEMENT_3D('',#4484,#3534,#3535);
#3225=AXIS2_PLACEMENT_3D('',#4485,#3536,#3537);
#3226=AXIS2_PLACEMENT_3D('',#4488,#3538,#3539);
#3227=AXIS2_PLACEMENT_3D('',#4492,#3541,#3542);
#3228=AXIS2_PLACEMENT_3D('',#4494,#3544,#3545);
#3229=AXIS2_PLACEMENT_3D('',#4500,#3549,#3550);
#3230=AXIS2_PLACEMENT_3D('',#4502,#3551,#3552);
#3231=AXIS2_PLACEMENT_3D('',#4504,#3553,#3554);
#3232=AXIS2_PLACEMENT_3D('',#4506,#3556,#3557);
#3233=AXIS2_PLACEMENT_3D('',#4512,#3561,#3562);
#3234=AXIS2_PLACEMENT_3D('',#4514,#3563,#3564);
#3235=AXIS2_PLACEMENT_3D('',#4516,#3565,#3566);
#3236=AXIS2_PLACEMENT_3D('',#4518,#3568,#3569);
#3237=AXIS2_PLACEMENT_3D('',#4524,#3573,#3574);
#3238=AXIS2_PLACEMENT_3D('',#4526,#3575,#3576);
#3239=AXIS2_PLACEMENT_3D('',#4528,#3577,#3578);
#3240=AXIS2_PLACEMENT_3D('',#4530,#3580,#3581);
#3241=AXIS2_PLACEMENT_3D('',#4536,#3585,#3586);
#3242=AXIS2_PLACEMENT_3D('',#4538,#3587,#3588);
#3243=AXIS2_PLACEMENT_3D('',#4540,#3589,#3590);
#3244=AXIS2_PLACEMENT_3D('',#4542,#3592,#3593);
#3245=AXIS2_PLACEMENT_3D('',#4548,#3597,#3598);
#3246=AXIS2_PLACEMENT_3D('',#4550,#3599,#3600);
#3247=AXIS2_PLACEMENT_3D('',#4552,#3601,#3602);
#3248=AXIS2_PLACEMENT_3D('',#4554,#3604,#3605);
#3249=AXIS2_PLACEMENT_3D('',#4560,#3609,#3610);
#3250=AXIS2_PLACEMENT_3D('',#4562,#3611,#3612);
#3251=AXIS2_PLACEMENT_3D('',#4564,#3613,#3614);
#3252=AXIS2_PLACEMENT_3D('',#4566,#3616,#3617);
#3253=AXIS2_PLACEMENT_3D('',#4572,#3621,#3622);
#3254=AXIS2_PLACEMENT_3D('',#4574,#3623,#3624);
#3255=AXIS2_PLACEMENT_3D('',#4576,#3625,#3626);
#3256=AXIS2_PLACEMENT_3D('',#4578,#3628,#3629);
#3257=AXIS2_PLACEMENT_3D('',#4584,#3633,#3634);
#3258=AXIS2_PLACEMENT_3D('',#4586,#3635,#3636);
#3259=AXIS2_PLACEMENT_3D('',#4588,#3637,#3638);
#3260=AXIS2_PLACEMENT_3D('',#4590,#3640,#3641);
#3261=AXIS2_PLACEMENT_3D('',#4596,#3645,#3646);
#3262=AXIS2_PLACEMENT_3D('',#4598,#3647,#3648);
#3263=AXIS2_PLACEMENT_3D('',#4600,#3649,#3650);
#3264=AXIS2_PLACEMENT_3D('',#4602,#3652,#3653);
#3265=AXIS2_PLACEMENT_3D('',#4608,#3657,#3658);
#3266=AXIS2_PLACEMENT_3D('',#4610,#3659,#3660);
#3267=AXIS2_PLACEMENT_3D('',#4612,#3661,#3662);
#3268=AXIS2_PLACEMENT_3D('',#4614,#3664,#3665);
#3269=AXIS2_PLACEMENT_3D('',#4620,#3669,#3670);
#3270=AXIS2_PLACEMENT_3D('',#4622,#3671,#3672);
#3271=AXIS2_PLACEMENT_3D('',#4624,#3673,#3674);
#3272=AXIS2_PLACEMENT_3D('',#4626,#3676,#3677);
#3273=AXIS2_PLACEMENT_3D('',#4632,#3681,#3682);
#3274=AXIS2_PLACEMENT_3D('',#4634,#3683,#3684);
#3275=AXIS2_PLACEMENT_3D('',#4636,#3685,#3686);
#3276=AXIS2_PLACEMENT_3D('',#4638,#3688,#3689);
#3277=AXIS2_PLACEMENT_3D('',#4644,#3693,#3694);
#3278=AXIS2_PLACEMENT_3D('',#4646,#3695,#3696);
#3279=AXIS2_PLACEMENT_3D('',#4648,#3697,#3698);
#3280=AXIS2_PLACEMENT_3D('',#4650,#3700,#3701);
#3281=AXIS2_PLACEMENT_3D('',#4656,#3705,#3706);
#3282=AXIS2_PLACEMENT_3D('',#4658,#3707,#3708);
#3283=AXIS2_PLACEMENT_3D('',#4660,#3709,#3710);
#3284=AXIS2_PLACEMENT_3D('',#4662,#3712,#3713);
#3285=AXIS2_PLACEMENT_3D('',#4668,#3717,#3718);
#3286=AXIS2_PLACEMENT_3D('',#4670,#3719,#3720);
#3287=AXIS2_PLACEMENT_3D('',#4672,#3721,#3722);
#3288=AXIS2_PLACEMENT_3D('',#4674,#3724,#3725);
#3289=AXIS2_PLACEMENT_3D('',#4680,#3729,#3730);
#3290=AXIS2_PLACEMENT_3D('',#4682,#3731,#3732);
#3291=AXIS2_PLACEMENT_3D('',#4684,#3733,#3734);
#3292=AXIS2_PLACEMENT_3D('',#4686,#3736,#3737);
#3293=AXIS2_PLACEMENT_3D('',#4692,#3741,#3742);
#3294=AXIS2_PLACEMENT_3D('',#4694,#3743,#3744);
#3295=AXIS2_PLACEMENT_3D('',#4696,#3745,#3746);
#3296=AXIS2_PLACEMENT_3D('',#4698,#3748,#3749);
#3297=AXIS2_PLACEMENT_3D('',#4704,#3753,#3754);
#3298=AXIS2_PLACEMENT_3D('',#4706,#3755,#3756);
#3299=AXIS2_PLACEMENT_3D('',#4708,#3757,#3758);
#3300=AXIS2_PLACEMENT_3D('',#4710,#3760,#3761);
#3301=AXIS2_PLACEMENT_3D('',#4716,#3765,#3766);
#3302=AXIS2_PLACEMENT_3D('',#4718,#3767,#3768);
#3303=AXIS2_PLACEMENT_3D('',#4720,#3769,#3770);
#3304=AXIS2_PLACEMENT_3D('',#4722,#3772,#3773);
#3305=AXIS2_PLACEMENT_3D('',#4728,#3777,#3778);
#3306=AXIS2_PLACEMENT_3D('',#4730,#3779,#3780);
#3307=AXIS2_PLACEMENT_3D('',#4732,#3781,#3782);
#3308=AXIS2_PLACEMENT_3D('',#4734,#3784,#3785);
#3309=AXIS2_PLACEMENT_3D('',#4740,#3789,#3790);
#3310=AXIS2_PLACEMENT_3D('',#4742,#3791,#3792);
#3311=AXIS2_PLACEMENT_3D('',#4744,#3793,#3794);
#3312=AXIS2_PLACEMENT_3D('',#4746,#3796,#3797);
#3313=AXIS2_PLACEMENT_3D('',#4752,#3801,#3802);
#3314=AXIS2_PLACEMENT_3D('',#4754,#3803,#3804);
#3315=AXIS2_PLACEMENT_3D('',#4756,#3805,#3806);
#3316=AXIS2_PLACEMENT_3D('',#4758,#3808,#3809);
#3317=AXIS2_PLACEMENT_3D('',#4764,#3813,#3814);
#3318=AXIS2_PLACEMENT_3D('',#4766,#3815,#3816);
#3319=AXIS2_PLACEMENT_3D('',#4768,#3817,#3818);
#3320=AXIS2_PLACEMENT_3D('',#4770,#3820,#3821);
#3321=AXIS2_PLACEMENT_3D('',#4776,#3825,#3826);
#3322=AXIS2_PLACEMENT_3D('',#4779,#3827,#3828);
#3323=AXIS2_PLACEMENT_3D('',#4783,#3830,#3831);
#3324=AXIS2_PLACEMENT_3D('',#4785,#3833,#3834);
#3325=AXIS2_PLACEMENT_3D('',#4791,#3838,#3839);
#3326=AXIS2_PLACEMENT_3D('',#4794,#3840,#3841);
#3327=AXIS2_PLACEMENT_3D('',#4798,#3843,#3844);
#3328=AXIS2_PLACEMENT_3D('',#4800,#3846,#3847);
#3329=AXIS2_PLACEMENT_3D('',#4806,#3851,#3852);
#3330=AXIS2_PLACEMENT_3D('',#4809,#3854,#3855);
#3331=AXIS2_PLACEMENT_3D('',#4813,#3857,#3858);
#3332=AXIS2_PLACEMENT_3D('',#4817,#3860,#3861);
#3333=AXIS2_PLACEMENT_3D('',#4821,#3863,#3864);
#3334=AXIS2_PLACEMENT_3D('',#4825,#3866,#3867);
#3335=AXIS2_PLACEMENT_3D('',#4829,#3869,#3870);
#3336=AXIS2_PLACEMENT_3D('',#4833,#3872,#3873);
#3337=AXIS2_PLACEMENT_3D('',#4837,#3875,#3876);
#3338=AXIS2_PLACEMENT_3D('',#4841,#3878,#3879);
#3339=AXIS2_PLACEMENT_3D('',#4845,#3881,#3882);
#3340=AXIS2_PLACEMENT_3D('',#4849,#3884,#3885);
#3341=AXIS2_PLACEMENT_3D('',#4853,#3887,#3888);
#3342=AXIS2_PLACEMENT_3D('',#4857,#3890,#3891);
#3343=AXIS2_PLACEMENT_3D('',#4861,#3893,#3894);
#3344=AXIS2_PLACEMENT_3D('',#4865,#3896,#3897);
#3345=AXIS2_PLACEMENT_3D('',#4869,#3899,#3900);
#3346=AXIS2_PLACEMENT_3D('',#4872,#3902,#3903);
#3347=AXIS2_PLACEMENT_3D('',#4876,#3905,#3906);
#3348=AXIS2_PLACEMENT_3D('',#4880,#3908,#3909);
#3349=AXIS2_PLACEMENT_3D('',#4884,#3911,#3912);
#3350=AXIS2_PLACEMENT_3D('',#4888,#3914,#3915);
#3351=AXIS2_PLACEMENT_3D('',#4891,#3917,#3918);
#3352=AXIS2_PLACEMENT_3D('',#4892,#3919,#3920);
#3353=AXIS2_PLACEMENT_3D('',#4895,#3921,#3922);
#3354=AXIS2_PLACEMENT_3D('',#4898,#3925,#3926);
#3355=AXIS2_PLACEMENT_3D('',#4902,#3929,#3930);
#3356=AXIS2_PLACEMENT_3D('',#4905,#3931,#3932);
#3357=AXIS2_PLACEMENT_3D('',#4908,#3935,#3936);
#3358=AXIS2_PLACEMENT_3D('',#4912,#3939,#3940);
#3359=AXIS2_PLACEMENT_3D('',#4915,#3941,#3942);
#3360=AXIS2_PLACEMENT_3D('',#4918,#3945,#3946);
#3361=AXIS2_PLACEMENT_3D('',#4920,#3948,#3949);
#3362=AXIS2_PLACEMENT_3D('',#4923,#3950,#3951);
#3363=AXIS2_PLACEMENT_3D('',#4926,#3954,#3955);
#3364=AXIS2_PLACEMENT_3D('',#4928,#3957,#3958);
#3365=AXIS2_PLACEMENT_3D('',#4931,#3959,#3960);
#3366=AXIS2_PLACEMENT_3D('',#4934,#3963,#3964);
#3367=AXIS2_PLACEMENT_3D('',#4938,#3967,#3968);
#3368=AXIS2_PLACEMENT_3D('',#4939,#3969,#3970);
#3369=AXIS2_PLACEMENT_3D('',#4940,#3971,#3972);
#3370=AXIS2_PLACEMENT_3D('',#4942,#3973,#3974);
#3371=AXIS2_PLACEMENT_3D('',#4944,#3976,#3977);
#3372=AXIS2_PLACEMENT_3D('',#4948,#3980,#3981);
#3373=AXIS2_PLACEMENT_3D('',#4950,#3982,#3983);
#3374=AXIS2_PLACEMENT_3D('',#4952,#3985,#3986);
#3375=AXIS2_PLACEMENT_3D('',#4955,#3987,#3988);
#3376=AXIS2_PLACEMENT_3D('',#4958,#3991,#3992);
#3377=AXIS2_PLACEMENT_3D('',#4962,#3995,#3996);
#3378=AXIS2_PLACEMENT_3D('',#4965,#3997,#3998);
#3379=AXIS2_PLACEMENT_3D('',#4968,#4001,#4002);
#3380=AXIS2_PLACEMENT_3D('',#4972,#4005,#4006);
#3381=AXIS2_PLACEMENT_3D('',#4975,#4007,#4008);
#3382=AXIS2_PLACEMENT_3D('',#4978,#4011,#4012);
#3383=AXIS2_PLACEMENT_3D('',#4982,#4015,#4016);
#3384=AXIS2_PLACEMENT_3D('',#4984,#4017,#4018);
#3385=AXIS2_PLACEMENT_3D('',#4986,#4020,#4021);
#3386=AXIS2_PLACEMENT_3D('',#4989,#4022,#4023);
#3387=AXIS2_PLACEMENT_3D('',#4992,#4026,#4027);
#3388=AXIS2_PLACEMENT_3D('',#4994,#4029,#4030);
#3389=AXIS2_PLACEMENT_3D('',#4996,#4031,#4032);
#3390=AXIS2_PLACEMENT_3D('',#4998,#4034,#4035);
#3391=AXIS2_PLACEMENT_3D('',#5002,#4038,#4039);
#3392=AXIS2_PLACEMENT_3D('',#5005,#4040,#4041);
#3393=AXIS2_PLACEMENT_3D('',#5008,#4044,#4045);
#3394=AXIS2_PLACEMENT_3D('',#5012,#4048,#4049);
#3395=AXIS2_PLACEMENT_3D('',#5015,#4050,#4051);
#3396=AXIS2_PLACEMENT_3D('',#5018,#4054,#4055);
#3397=AXIS2_PLACEMENT_3D('',#5020,#4057,#4058);
#3398=AXIS2_PLACEMENT_3D('',#5022,#4059,#4060);
#3399=AXIS2_PLACEMENT_3D('',#5024,#4062,#4063);
#3400=AXIS2_PLACEMENT_3D('',#5026,#4065,#4066);
#3401=AXIS2_PLACEMENT_3D('',#5027,#4067,#4068);
#3402=AXIS2_PLACEMENT_3D('',#5028,#4069,#4070);
#3403=AXIS2_PLACEMENT_3D('',#5030,#4071,#4072);
#3404=AXIS2_PLACEMENT_3D('',#5032,#4074,#4075);
#3405=AXIS2_PLACEMENT_3D('',#5035,#4076,#4077);
#3406=AXIS2_PLACEMENT_3D('',#5038,#4080,#4081);
#3407=AXIS2_PLACEMENT_3D('',#5042,#4084,#4085);
#3408=AXIS2_PLACEMENT_3D('',#5043,#4086,#4087);
#3409=AXIS2_PLACEMENT_3D('',#5044,#4088,#4089);
#3410=AXIS2_PLACEMENT_3D('',#5046,#4090,#4091);
#3411=AXIS2_PLACEMENT_3D('',#5048,#4093,#4094);
#3412=AXIS2_PLACEMENT_3D('',#5050,#4096,#4097);
#3413=AXIS2_PLACEMENT_3D('',#5052,#4099,#4100);
#3414=AXIS2_PLACEMENT_3D('',#5054,#4102,#4103);
#3415=AXIS2_PLACEMENT_3D('',#5056,#4105,#4106);
#3416=AXIS2_PLACEMENT_3D('',#5058,#4108,#4109);
#3417=AXIS2_PLACEMENT_3D('',#5060,#4111,#4112);
#3418=AXIS2_PLACEMENT_3D('',#5062,#4114,#4115);
#3419=AXIS2_PLACEMENT_3D('',#5065,#4116,#4117);
#3420=AXIS2_PLACEMENT_3D('',#5069,#4119,#4120);
#3421=AXIS2_PLACEMENT_3D('',#5071,#4122,#4123);
#3422=AXIS2_PLACEMENT_3D('',#5074,#4124,#4125);
#3423=AXIS2_PLACEMENT_3D('',#5075,#4126,#4127);
#3424=AXIS2_PLACEMENT_3D('',#5076,#4128,#4129);
#3425=AXIS2_PLACEMENT_3D('',#5077,#4130,#4131);
#3426=AXIS2_PLACEMENT_3D('',#5080,#4132,#4133);
#3427=AXIS2_PLACEMENT_3D('',#5083,#4136,#4137);
#3428=AXIS2_PLACEMENT_3D('',#5087,#4139,#4140);
#3429=AXIS2_PLACEMENT_3D('',#5091,#4142,#4143);
#3430=AXIS2_PLACEMENT_3D('',#5095,#4145,#4146);
#3431=AXIS2_PLACEMENT_3D('',#5097,#4148,#4149);
#3432=AXIS2_PLACEMENT_3D('',#5111,#4156,#4157);
#3433=AXIS2_PLACEMENT_3D('',#5113,#4159,#4160);
#3434=AXIS2_PLACEMENT_3D('',#5115,#4161,#4162);
#3435=AXIS2_PLACEMENT_3D('',#5118,#4164,#4165);
#3436=AXIS2_PLACEMENT_3D('',#5119,#4166,#4167);
#3437=AXIS2_PLACEMENT_3D('',#5121,#4168,#4169);
#3438=AXIS2_PLACEMENT_3D('',#5122,#4170,#4171);
#3439=AXIS2_PLACEMENT_3D('',#5123,#4172,#4173);
#3440=AXIS2_PLACEMENT_3D('',#5125,#4175,#4176);
#3441=AXIS2_PLACEMENT_3D('',#5137,#4183,#4184);
#3442=AXIS2_PLACEMENT_3D('',#5140,#4186,#4187);
#3443=AXIS2_PLACEMENT_3D('',#5142,#4188,#4189);
#3444=AXIS2_PLACEMENT_3D('',#5145,#4191,#4192);
#3445=AXIS2_PLACEMENT_3D('',#5146,#4193,#4194);
#3446=AXIS2_PLACEMENT_3D('',#5154,#4199,#4200);
#3447=AXIS2_PLACEMENT_3D('',#5160,#4203,#4204);
#3448=AXIS2_PLACEMENT_3D('',#5164,#4207,#4208);
#3449=AXIS2_PLACEMENT_3D('',#5166,#4209,#4210);
#3450=AXIS2_PLACEMENT_3D('',#5169,#4212,#4213);
#3451=AXIS2_PLACEMENT_3D('',#5170,#4214,#4215);
#3452=AXIS2_PLACEMENT_3D('',#5172,#4216,#4217);
#3453=AXIS2_PLACEMENT_3D('',#5173,#4218,#4219);
#3454=AXIS2_PLACEMENT_3D('',#5174,#4220,#4221);
#3455=AXIS2_PLACEMENT_3D('',#5176,#4223,#4224);
#3456=AXIS2_PLACEMENT_3D('',#5182,#4227,#4228);
#3457=AXIS2_PLACEMENT_3D('',#5184,#4230,#4231);
#3458=AXIS2_PLACEMENT_3D('',#5194,#4236,#4237);
#3459=AXIS2_PLACEMENT_3D('',#5198,#4239,#4240);
#3460=AXIS2_PLACEMENT_3D('',#5209,#4246,#4247);
#3461=AXIS2_PLACEMENT_3D('',#5210,#4248,#4249);
#3462=AXIS2_PLACEMENT_3D('',#5213,#4251,#4252);
#3463=AXIS2_PLACEMENT_3D('',#5214,#4253,#4254);
#3464=AXIS2_PLACEMENT_3D('',#5216,#4255,#4256);
#3465=AXIS2_PLACEMENT_3D('',#5217,#4257,#4258);
#3466=AXIS2_PLACEMENT_3D('',#5218,#4259,#4260);
#3467=AXIS2_PLACEMENT_3D('',#5220,#4262,#4263);
#3468=AXIS2_PLACEMENT_3D('',#5230,#4269,#4270);
#3469=AXIS2_PLACEMENT_3D('',#5232,#4271,#4272);
#3470=AXIS2_PLACEMENT_3D('',#5235,#4274,#4275);
#3471=AXIS2_PLACEMENT_3D('',#5237,#4277,#4278);
#3472=AXIS2_PLACEMENT_3D('',#5257,#4289,#4290);
#3473=AXIS2_PLACEMENT_3D('',#5260,#4291,#4292);
#3474=AXIS2_PLACEMENT_3D('',#5264,#4294,#4295);
#3475=AXIS2_PLACEMENT_3D('',#5266,#4297,#4298);
#3476=AXIS2_PLACEMENT_3D('',#5269,#4299,#4300);
#3477=AXIS2_PLACEMENT_3D('',#5270,#4301,#4302);
#3478=AXIS2_PLACEMENT_3D('',#5271,#4303,#4304);
#3479=AXIS2_PLACEMENT_3D('',#5272,#4305,#4306);
#3480=AXIS2_PLACEMENT_3D('',#5275,#4309,#4310);
#3481=AXIS2_PLACEMENT_3D('',#5282,#4315,#4316);
#3482=AXIS2_PLACEMENT_3D('',#5286,#4318,#4319);
#3483=AXIS2_PLACEMENT_3D('',#5290,#4321,#4322);
#3484=AXIS2_PLACEMENT_3D('',#5294,#4324,#4325);
#3485=AXIS2_PLACEMENT_3D('',#5298,#4327,#4328);
#3486=AXIS2_PLACEMENT_3D('',#5301,#4330,#4331);
#3487=AXIS2_PLACEMENT_3D('',#5302,#4332,#4333);
#3488=AXIS2_PLACEMENT_3D('',#5325,#4346,#4347);
#3489=AXIS2_PLACEMENT_3D('',#5327,#4348,#4349);
#3490=AXIS2_PLACEMENT_3D('',#5330,#4352,#4353);
#3491=AXIS2_PLACEMENT_3D('',#5332,#4354,#4355);
#3492=AXIS2_PLACEMENT_3D('',#5333,#4356,#4357);
#3493=AXIS2_PLACEMENT_3D('',#5334,#4358,#4359);
#3494=AXIS2_PLACEMENT_3D('',#5337,#4362,#4363);
#3495=AXIS2_PLACEMENT_3D('',#5341,#4366,#4367);
#3496=AXIS2_PLACEMENT_3D('',#5345,#4370,#4371);
#3497=AXIS2_PLACEMENT_3D('',#5347,#4372,#4373);
#3498=AXIS2_PLACEMENT_3D('',#5350,#4375,#4376);
#3499=AXIS2_PLACEMENT_3D('',#5351,#4377,#4378);
#3500=AXIS2_PLACEMENT_3D('',#5355,#4382,#4383);
#3501=AXIS2_PLACEMENT_3D('',#5357,#4384,#4385);
#3502=AXIS2_PLACEMENT_3D('',#5360,#4387,#4388);
#3503=AXIS2_PLACEMENT_3D('',#5361,#4389,#4390);
#3504=AXIS2_PLACEMENT_3D('',#5365,#4394,#4395);
#3505=AXIS2_PLACEMENT_3D('',#5366,#4396,#4397);
#3506=AXIS2_PLACEMENT_3D('',#5370,#4400,#4401);
#3507=AXIS2_PLACEMENT_3D('',#5372,#4403,#4404);
#3508=AXIS2_PLACEMENT_3D('',#5374,#4406,#4407);
#3509=AXIS2_PLACEMENT_3D('',#5375,#4408,#4409);
#3510=AXIS2_PLACEMENT_3D('',#5378,#4412,#4413);
#3511=AXIS2_PLACEMENT_3D('',#5379,#4414,#4415);
#3512=AXIS2_PLACEMENT_3D('',#5380,#4416,#4417);
#3513=AXIS2_PLACEMENT_3D('',#5386,#4421,#4422);
#3514=AXIS2_PLACEMENT_3D('',#5389,#4425,#4426);
#3515=AXIS2_PLACEMENT_3D('',#5391,#4428,#4429);
#3516=AXIS2_PLACEMENT_3D('',#5394,#4432,#4433);
#3517=AXIS2_PLACEMENT_3D('',#5396,#4435,#4436);
#3518=AXIS2_PLACEMENT_3D('',#5398,#4438,#4439);
#3519=AXIS2_PLACEMENT_3D('',#5401,#4442,#4443);
#3520=AXIS2_PLACEMENT_3D('',#5402,#4444,#4445);
#3521=AXIS2_PLACEMENT_3D('',#5404,#4447,#4448);
#3522=AXIS2_PLACEMENT_3D('',#5406,#4450,#4451);
#3523=AXIS2_PLACEMENT_3D('',#5407,#4452,#4453);
#3524=AXIS2_PLACEMENT_3D('',#5408,#4454,#4455);
#3525=AXIS2_PLACEMENT_3D('',#5412,#4458,#4459);
#3526=AXIS2_PLACEMENT_3D('',#5416,#4462,#4463);
#3527=AXIS2_PLACEMENT_3D('',#5420,#4466,#4467);
#3528=AXIS2_PLACEMENT_3D('',#5422,#4469,#4470);
#3529=AXIS2_PLACEMENT_3D('',#5423,#4471,#4472);
#3530=AXIS2_PLACEMENT_3D('',#5427,#4475,#4476);
#3531=AXIS2_PLACEMENT_3D('',#5429,#4478,#4479);
#3532=AXIS2_PLACEMENT_3D('',#5430,#4480,#4481);
#3533=AXIS2_PLACEMENT_3D('',#5431,#4482,#4483);
#3534=DIRECTION('axis',(0.,0.,1.));
#3535=DIRECTION('refdir',(1.,0.,0.));
#3536=DIRECTION('center_axis',(0.,0.,-1.));
#3537=DIRECTION('ref_axis',(-0.70710678118656,-0.707106781186535,0.));
#3538=DIRECTION('center_axis',(1.1646352963332E-17,-6.9258245874191E-13,
1.));
#3539=DIRECTION('ref_axis',(-0.70710678118656,-0.707106781186535,0.));
#3540=DIRECTION('',(0.,0.,-1.));
#3541=DIRECTION('center_axis',(0.,0.,-1.));
#3542=DIRECTION('ref_axis',(-0.70710678118656,-0.707106781186535,0.));
#3543=DIRECTION('',(0.,0.,1.));
#3544=DIRECTION('center_axis',(-9.81984884532571E-16,-1.,0.));
#3545=DIRECTION('ref_axis',(-1.,9.81984884532571E-16,0.));
#3546=DIRECTION('',(1.,-9.81984884532571E-16,-1.16463529640121E-17));
#3547=DIRECTION('',(1.,-9.81984884532571E-16,0.));
#3548=DIRECTION('',(0.,0.,-1.));
#3549=DIRECTION('center_axis',(0.,0.,-1.));
#3550=DIRECTION('ref_axis',(0.707106781186554,0.707106781186541,0.));
#3551=DIRECTION('center_axis',(-1.1646352963332E-17,6.9258245874191E-13,
-1.));
#3552=DIRECTION('ref_axis',(0.707106781186554,0.707106781186541,0.));
#3553=DIRECTION('center_axis',(0.,0.,1.));
#3554=DIRECTION('ref_axis',(0.707106781186554,0.707106781186541,0.));
#3555=DIRECTION('',(0.,0.,1.));
#3556=DIRECTION('center_axis',(-1.,0.,0.));
#3557=DIRECTION('ref_axis',(0.,1.,0.));
#3558=DIRECTION('',(0.,-1.,-6.9258245874191E-13));
#3559=DIRECTION('',(0.,-1.,0.));
#3560=DIRECTION('',(0.,0.,-1.));
#3561=DIRECTION('center_axis',(0.,0.,-1.));
#3562=DIRECTION('ref_axis',(-0.707106781186554,-0.707106781186541,0.));
#3563=DIRECTION('center_axis',(1.1646352963332E-17,-6.9258245874191E-13,
1.));
#3564=DIRECTION('ref_axis',(-0.707106781186554,-0.707106781186541,0.));
#3565=DIRECTION('center_axis',(0.,0.,-1.));
#3566=DIRECTION('ref_axis',(-0.707106781186554,-0.707106781186541,0.));
#3567=DIRECTION('',(0.,0.,1.));
#3568=DIRECTION('center_axis',(-5.05641269801038E-16,-1.,0.));
#3569=DIRECTION('ref_axis',(-1.,5.05641269801038E-16,0.));
#3570=DIRECTION('',(1.,-5.05641269801038E-16,-1.16463529636822E-17));
#3571=DIRECTION('',(1.,-5.05641269801038E-16,0.));
#3572=DIRECTION('',(0.,0.,-1.));
#3573=DIRECTION('center_axis',(0.,0.,-1.));
#3574=DIRECTION('ref_axis',(0.707106781186548,-0.707106781186548,0.));
#3575=DIRECTION('center_axis',(1.1646352963332E-17,-6.9258245874191E-13,
1.));
#3576=DIRECTION('ref_axis',(0.707106781186548,-0.707106781186548,0.));
#3577=DIRECTION('center_axis',(0.,0.,-1.));
#3578=DIRECTION('ref_axis',(0.707106781186548,-0.707106781186548,0.));
#3579=DIRECTION('',(0.,0.,1.));
#3580=DIRECTION('center_axis',(1.,0.,0.));
#3581=DIRECTION('ref_axis',(0.,-1.,0.));
#3582=DIRECTION('',(0.,1.,6.9258245874191E-13));
#3583=DIRECTION('',(0.,1.,0.));
#3584=DIRECTION('',(0.,0.,-1.));
#3585=DIRECTION('center_axis',(0.,0.,-1.));
#3586=DIRECTION('ref_axis',(-0.707106781186548,0.707106781186548,0.));
#3587=DIRECTION('center_axis',(-1.1646352963332E-17,6.9258245874191E-13,
-1.));
#3588=DIRECTION('ref_axis',(-0.707106781186548,0.707106781186548,0.));
#3589=DIRECTION('center_axis',(0.,0.,1.));
#3590=DIRECTION('ref_axis',(-0.707106781186548,0.707106781186548,0.));
#3591=DIRECTION('',(0.,0.,1.));
#3592=DIRECTION('center_axis',(0.,-1.,0.));
#3593=DIRECTION('ref_axis',(-1.,0.,0.));
#3594=DIRECTION('',(1.,0.,-1.1646352963332E-17));
#3595=DIRECTION('',(1.,0.,0.));
#3596=DIRECTION('',(0.,0.,-1.));
#3597=DIRECTION('center_axis',(0.,0.,-1.));
#3598=DIRECTION('ref_axis',(0.707106781186548,0.707106781186548,0.));
#3599=DIRECTION('center_axis',(-1.1646352963332E-17,6.9258245874191E-13,
-1.));
#3600=DIRECTION('ref_axis',(0.707106781186548,0.707106781186548,0.));
#3601=DIRECTION('center_axis',(0.,0.,1.));
#3602=DIRECTION('ref_axis',(0.707106781186548,0.707106781186548,0.));
#3603=DIRECTION('',(0.,0.,1.));
#3604=DIRECTION('center_axis',(-1.,0.,0.));
#3605=DIRECTION('ref_axis',(0.,1.,0.));
#3606=DIRECTION('',(0.,-1.,-6.9258245874191E-13));
#3607=DIRECTION('',(0.,-1.,0.));
#3608=DIRECTION('',(0.,0.,-1.));
#3609=DIRECTION('center_axis',(0.,0.,-1.));
#3610=DIRECTION('ref_axis',(-0.707106781186548,-0.707106781186548,0.));
#3611=DIRECTION('center_axis',(1.1646352963332E-17,-6.9258245874191E-13,
1.));
#3612=DIRECTION('ref_axis',(-0.707106781186548,-0.707106781186548,0.));
#3613=DIRECTION('center_axis',(0.,0.,-1.));
#3614=DIRECTION('ref_axis',(-0.707106781186548,-0.707106781186548,0.));
#3615=DIRECTION('',(0.,0.,1.));
#3616=DIRECTION('center_axis',(0.,-1.,0.));
#3617=DIRECTION('ref_axis',(-1.,0.,0.));
#3618=DIRECTION('',(1.,0.,-1.1646352963332E-17));
#3619=DIRECTION('',(1.,0.,0.));
#3620=DIRECTION('',(0.,0.,-1.));
#3621=DIRECTION('center_axis',(0.,0.,-1.));
#3622=DIRECTION('ref_axis',(0.707106781186548,-0.707106781186548,0.));
#3623=DIRECTION('center_axis',(1.1646352963332E-17,-6.9258245874191E-13,
1.));
#3624=DIRECTION('ref_axis',(0.707106781186548,-0.707106781186548,0.));
#3625=DIRECTION('center_axis',(0.,0.,-1.));
#3626=DIRECTION('ref_axis',(0.707106781186548,-0.707106781186548,0.));
#3627=DIRECTION('',(0.,0.,1.));
#3628=DIRECTION('center_axis',(1.,0.,0.));
#3629=DIRECTION('ref_axis',(0.,-1.,0.));
#3630=DIRECTION('',(0.,1.,6.9258245874191E-13));
#3631=DIRECTION('',(0.,1.,0.));
#3632=DIRECTION('',(0.,0.,-1.));
#3633=DIRECTION('center_axis',(0.,0.,-1.));
#3634=DIRECTION('ref_axis',(-0.707106781186548,0.707106781186548,0.));
#3635=DIRECTION('center_axis',(-1.1646352963332E-17,6.9258245874191E-13,
-1.));
#3636=DIRECTION('ref_axis',(-0.707106781186548,0.707106781186548,0.));
#3637=DIRECTION('center_axis',(0.,0.,1.));
#3638=DIRECTION('ref_axis',(-0.707106781186548,0.707106781186548,0.));
#3639=DIRECTION('',(0.,0.,1.));
#3640=DIRECTION('center_axis',(0.,-1.,0.));
#3641=DIRECTION('ref_axis',(-1.,0.,0.));
#3642=DIRECTION('',(1.,0.,-1.1646352963332E-17));
#3643=DIRECTION('',(1.,0.,0.));
#3644=DIRECTION('',(0.,0.,-1.));
#3645=DIRECTION('center_axis',(0.,0.,-1.));
#3646=DIRECTION('ref_axis',(0.707106781186548,0.707106781186548,0.));
#3647=DIRECTION('center_axis',(-1.1646352963332E-17,6.9258245874191E-13,
-1.));
#3648=DIRECTION('ref_axis',(0.707106781186548,0.707106781186548,0.));
#3649=DIRECTION('center_axis',(0.,0.,1.));
#3650=DIRECTION('ref_axis',(0.707106781186548,0.707106781186548,0.));
#3651=DIRECTION('',(0.,0.,1.));
#3652=DIRECTION('center_axis',(-1.,0.,0.));
#3653=DIRECTION('ref_axis',(0.,1.,0.));
#3654=DIRECTION('',(0.,-1.,-6.9258245874191E-13));
#3655=DIRECTION('',(0.,-1.,0.));
#3656=DIRECTION('',(0.,0.,-1.));
#3657=DIRECTION('center_axis',(0.,0.,-1.));
#3658=DIRECTION('ref_axis',(-0.707106781186548,-0.707106781186548,0.));
#3659=DIRECTION('center_axis',(1.1646352963332E-17,-6.9258245874191E-13,
1.));
#3660=DIRECTION('ref_axis',(-0.707106781186548,-0.707106781186548,0.));
#3661=DIRECTION('center_axis',(0.,0.,-1.));
#3662=DIRECTION('ref_axis',(-0.707106781186548,-0.707106781186548,0.));
#3663=DIRECTION('',(0.,0.,1.));
#3664=DIRECTION('center_axis',(0.,-1.,0.));
#3665=DIRECTION('ref_axis',(-1.,0.,0.));
#3666=DIRECTION('',(1.,0.,-1.1646352963332E-17));
#3667=DIRECTION('',(1.,0.,0.));
#3668=DIRECTION('',(0.,0.,-1.));
#3669=DIRECTION('center_axis',(0.,0.,-1.));
#3670=DIRECTION('ref_axis',(0.707106781186549,-0.707106781186546,0.));
#3671=DIRECTION('center_axis',(1.1646352963332E-17,-6.9258245874191E-13,
1.));
#3672=DIRECTION('ref_axis',(0.707106781186549,-0.707106781186546,0.));
#3673=DIRECTION('center_axis',(0.,0.,-1.));
#3674=DIRECTION('ref_axis',(0.707106781186549,-0.707106781186546,0.));
#3675=DIRECTION('',(0.,0.,1.));
#3676=DIRECTION('center_axis',(1.,-2.03327183253328E-16,0.));
#3677=DIRECTION('ref_axis',(-2.03327183253328E-16,-1.,0.));
#3678=DIRECTION('',(2.03327183253328E-16,1.,6.9258245874191E-13));
#3679=DIRECTION('',(2.03327183253328E-16,1.,0.));
#3680=DIRECTION('',(0.,0.,-1.));
#3681=DIRECTION('center_axis',(0.,0.,-1.));
#3682=DIRECTION('ref_axis',(-0.707106781186549,0.707106781186546,0.));
#3683=DIRECTION('center_axis',(-1.1646352963332E-17,6.9258245874191E-13,
-1.));
#3684=DIRECTION('ref_axis',(-0.707106781186549,0.707106781186546,0.));
#3685=DIRECTION('center_axis',(0.,0.,1.));
#3686=DIRECTION('ref_axis',(-0.707106781186549,0.707106781186546,0.));
#3687=DIRECTION('',(0.,0.,1.));
#3688=DIRECTION('center_axis',(0.,-1.,0.));
#3689=DIRECTION('ref_axis',(-1.,0.,0.));
#3690=DIRECTION('',(1.,0.,-1.1646352963332E-17));
#3691=DIRECTION('',(1.,0.,0.));
#3692=DIRECTION('',(0.,0.,-1.));
#3693=DIRECTION('center_axis',(0.,0.,-1.));
#3694=DIRECTION('ref_axis',(0.707106781186549,0.707106781186546,0.));
#3695=DIRECTION('center_axis',(-1.1646352963332E-17,6.9258245874191E-13,
-1.));
#3696=DIRECTION('ref_axis',(0.707106781186549,0.707106781186546,0.));
#3697=DIRECTION('center_axis',(0.,0.,1.));
#3698=DIRECTION('ref_axis',(0.707106781186549,0.707106781186546,0.));
#3699=DIRECTION('',(0.,0.,1.));
#3700=DIRECTION('center_axis',(-1.,0.,0.));
#3701=DIRECTION('ref_axis',(0.,1.,0.));
#3702=DIRECTION('',(0.,-1.,-6.9258245874191E-13));
#3703=DIRECTION('',(0.,-1.,0.));
#3704=DIRECTION('',(0.,0.,-1.));
#3705=DIRECTION('center_axis',(0.,0.,-1.));
#3706=DIRECTION('ref_axis',(-0.707106781186549,-0.707106781186546,0.));
#3707=DIRECTION('center_axis',(1.1646352963332E-17,-6.9258245874191E-13,
1.));
#3708=DIRECTION('ref_axis',(-0.707106781186549,-0.707106781186546,0.));
#3709=DIRECTION('center_axis',(0.,0.,-1.));
#3710=DIRECTION('ref_axis',(-0.707106781186549,-0.707106781186546,0.));
#3711=DIRECTION('',(0.,0.,1.));
#3712=DIRECTION('center_axis',(5.05641269801038E-16,-1.,0.));
#3713=DIRECTION('ref_axis',(-1.,-5.05641269801038E-16,0.));
#3714=DIRECTION('',(1.,5.05641269801038E-16,-1.16463529629818E-17));
#3715=DIRECTION('',(1.,5.05641269801038E-16,0.));
#3716=DIRECTION('',(0.,0.,-1.));
#3717=DIRECTION('center_axis',(0.,0.,-1.));
#3718=DIRECTION('ref_axis',(0.707106781186548,-0.707106781186548,0.));
#3719=DIRECTION('center_axis',(1.1646352963332E-17,-6.9258245874191E-13,
1.));
#3720=DIRECTION('ref_axis',(0.707106781186548,-0.707106781186548,0.));
#3721=DIRECTION('center_axis',(0.,0.,-1.));
#3722=DIRECTION('ref_axis',(0.707106781186548,-0.707106781186548,0.));
#3723=DIRECTION('',(0.,0.,1.));
#3724=DIRECTION('center_axis',(1.,0.,0.));
#3725=DIRECTION('ref_axis',(0.,-1.,0.));
#3726=DIRECTION('',(0.,1.,6.9258245874191E-13));
#3727=DIRECTION('',(0.,1.,0.));
#3728=DIRECTION('',(0.,0.,-1.));
#3729=DIRECTION('center_axis',(0.,0.,-1.));
#3730=DIRECTION('ref_axis',(-0.707106781186548,0.707106781186548,0.));
#3731=DIRECTION('center_axis',(-1.1646352963332E-17,6.9258245874191E-13,
-1.));
#3732=DIRECTION('ref_axis',(-0.707106781186548,0.707106781186548,0.));
#3733=DIRECTION('center_axis',(0.,0.,1.));
#3734=DIRECTION('ref_axis',(-0.707106781186548,0.707106781186548,0.));
#3735=DIRECTION('',(0.,0.,1.));
#3736=DIRECTION('center_axis',(0.,-1.,0.));
#3737=DIRECTION('ref_axis',(-1.,0.,0.));
#3738=DIRECTION('',(1.,0.,-1.1646352963332E-17));
#3739=DIRECTION('',(1.,0.,0.));
#3740=DIRECTION('',(0.,0.,-1.));
#3741=DIRECTION('center_axis',(0.,0.,-1.));
#3742=DIRECTION('ref_axis',(0.707106781186548,0.707106781186548,0.));
#3743=DIRECTION('center_axis',(-1.1646352963332E-17,6.9258245874191E-13,
-1.));
#3744=DIRECTION('ref_axis',(0.707106781186548,0.707106781186548,0.));
#3745=DIRECTION('center_axis',(0.,0.,1.));
#3746=DIRECTION('ref_axis',(0.707106781186548,0.707106781186548,0.));
#3747=DIRECTION('',(0.,0.,1.));
#3748=DIRECTION('center_axis',(-1.,0.,0.));
#3749=DIRECTION('ref_axis',(0.,1.,0.));
#3750=DIRECTION('',(0.,-1.,-6.9258245874191E-13));
#3751=DIRECTION('',(0.,-1.,0.));
#3752=DIRECTION('',(0.,0.,-1.));
#3753=DIRECTION('center_axis',(0.,0.,-1.));
#3754=DIRECTION('ref_axis',(-0.707106781186548,-0.707106781186548,0.));
#3755=DIRECTION('center_axis',(1.1646352963332E-17,-6.9258245874191E-13,
1.));
#3756=DIRECTION('ref_axis',(-0.707106781186548,-0.707106781186548,0.));
#3757=DIRECTION('center_axis',(0.,0.,-1.));
#3758=DIRECTION('ref_axis',(-0.707106781186548,-0.707106781186548,0.));
#3759=DIRECTION('',(0.,0.,1.));
#3760=DIRECTION('center_axis',(0.,-1.,0.));
#3761=DIRECTION('ref_axis',(-1.,0.,0.));
#3762=DIRECTION('',(1.,0.,-1.1646352963332E-17));
#3763=DIRECTION('',(1.,0.,0.));
#3764=DIRECTION('',(0.,0.,-1.));
#3765=DIRECTION('center_axis',(0.,0.,-1.));
#3766=DIRECTION('ref_axis',(0.707106781186548,-0.707106781186548,0.));
#3767=DIRECTION('center_axis',(1.1646352963332E-17,-6.9258245874191E-13,
1.));
#3768=DIRECTION('ref_axis',(0.707106781186548,-0.707106781186548,0.));
#3769=DIRECTION('center_axis',(0.,0.,-1.));
#3770=DIRECTION('ref_axis',(0.707106781186548,-0.707106781186548,0.));
#3771=DIRECTION('',(0.,0.,1.));
#3772=DIRECTION('center_axis',(1.,0.,0.));
#3773=DIRECTION('ref_axis',(0.,-1.,0.));
#3774=DIRECTION('',(0.,1.,6.9258245874191E-13));
#3775=DIRECTION('',(0.,1.,0.));
#3776=DIRECTION('',(0.,0.,-1.));
#3777=DIRECTION('center_axis',(0.,0.,-1.));
#3778=DIRECTION('ref_axis',(-0.707106781186541,0.707106781186554,0.));
#3779=DIRECTION('center_axis',(-1.1646352963332E-17,6.9258245874191E-13,
-1.));
#3780=DIRECTION('ref_axis',(-0.707106781186541,0.707106781186554,0.));
#3781=DIRECTION('center_axis',(0.,0.,1.));
#3782=DIRECTION('ref_axis',(-0.707106781186541,0.707106781186554,0.));
#3783=DIRECTION('',(0.,0.,1.));
#3784=DIRECTION('center_axis',(-5.05641269801038E-16,-1.,0.));
#3785=DIRECTION('ref_axis',(-1.,5.05641269801038E-16,0.));
#3786=DIRECTION('',(1.,-5.05641269801038E-16,-1.16463529636822E-17));
#3787=DIRECTION('',(1.,-5.05641269801038E-16,0.));
#3788=DIRECTION('',(0.,0.,-1.));
#3789=DIRECTION('center_axis',(0.,0.,-1.));
#3790=DIRECTION('ref_axis',(0.707106781186554,0.707106781186541,0.));
#3791=DIRECTION('center_axis',(-1.1646352963332E-17,6.9258245874191E-13,
-1.));
#3792=DIRECTION('ref_axis',(0.707106781186554,0.707106781186541,0.));
#3793=DIRECTION('center_axis',(0.,0.,1.));
#3794=DIRECTION('ref_axis',(0.707106781186554,0.707106781186541,0.));
#3795=DIRECTION('',(0.,0.,1.));
#3796=DIRECTION('center_axis',(-1.,0.,0.));
#3797=DIRECTION('ref_axis',(0.,1.,0.));
#3798=DIRECTION('',(0.,-1.,-6.9258245874191E-13));
#3799=DIRECTION('',(0.,-1.,0.));
#3800=DIRECTION('',(0.,0.,-1.));
#3801=DIRECTION('center_axis',(0.,0.,-1.));
#3802=DIRECTION('ref_axis',(-0.707106781186554,-0.707106781186541,0.));
#3803=DIRECTION('center_axis',(1.1646352963332E-17,-6.9258245874191E-13,
1.));
#3804=DIRECTION('ref_axis',(-0.707106781186554,-0.707106781186541,0.));
#3805=DIRECTION('center_axis',(0.,0.,-1.));
#3806=DIRECTION('ref_axis',(-0.707106781186554,-0.707106781186541,0.));
#3807=DIRECTION('',(0.,0.,1.));
#3808=DIRECTION('center_axis',(-9.81984884532571E-16,-1.,0.));
#3809=DIRECTION('ref_axis',(-1.,9.81984884532571E-16,0.));
#3810=DIRECTION('',(1.,-9.81984884532571E-16,-1.16463529640121E-17));
#3811=DIRECTION('',(1.,-9.81984884532571E-16,0.));
#3812=DIRECTION('',(0.,0.,-1.));
#3813=DIRECTION('center_axis',(0.,0.,1.));
#3814=DIRECTION('ref_axis',(0.707106781186554,-0.707106781186541,0.));
#3815=DIRECTION('center_axis',(1.1646352963332E-17,-6.9258245874191E-13,
1.));
#3816=DIRECTION('ref_axis',(0.707106781186554,-0.707106781186541,0.));
#3817=DIRECTION('center_axis',(0.,0.,-1.));
#3818=DIRECTION('ref_axis',(0.707106781186554,-0.707106781186541,0.));
#3819=DIRECTION('',(0.,0.,1.));
#3820=DIRECTION('center_axis',(-1.,9.81984884532571E-16,0.));
#3821=DIRECTION('ref_axis',(0.,0.,1.));
#3822=DIRECTION('',(9.81984884532571E-16,1.,6.9258245874191E-13));
#3823=DIRECTION('',(-9.81984884532571E-16,-1.,0.));
#3824=DIRECTION('',(0.,0.,-1.));
#3825=DIRECTION('center_axis',(0.,0.,1.));
#3826=DIRECTION('ref_axis',(-0.707106781186548,-0.707106781186548,0.));
#3827=DIRECTION('center_axis',(-1.1646352963332E-17,6.9258245874191E-13,
-1.));
#3828=DIRECTION('ref_axis',(-0.707106781186548,-0.707106781186548,0.));
#3829=DIRECTION('',(0.,0.,-1.));
#3830=DIRECTION('center_axis',(0.,0.,1.));
#3831=DIRECTION('ref_axis',(-0.707106781186548,-0.707106781186548,0.));
#3832=DIRECTION('',(0.,0.,1.));
#3833=DIRECTION('center_axis',(-1.,0.,0.));
#3834=DIRECTION('ref_axis',(0.,1.,0.));
#3835=DIRECTION('',(0.,1.,6.9258245874191E-13));
#3836=DIRECTION('',(0.,-1.,0.));
#3837=DIRECTION('',(0.,0.,-1.));
#3838=DIRECTION('center_axis',(0.,0.,1.));
#3839=DIRECTION('ref_axis',(-0.707106781186548,0.707106781186548,0.));
#3840=DIRECTION('center_axis',(1.1646352963332E-17,-6.9258245874191E-13,
1.));
#3841=DIRECTION('ref_axis',(-0.707106781186548,0.707106781186548,0.));
#3842=DIRECTION('',(0.,0.,-1.));
#3843=DIRECTION('center_axis',(0.,0.,-1.));
#3844=DIRECTION('ref_axis',(-0.707106781186548,0.707106781186548,0.));
#3845=DIRECTION('',(0.,0.,1.));
#3846=DIRECTION('center_axis',(-9.81984884532571E-16,-1.,0.));
#3847=DIRECTION('ref_axis',(-1.,9.81984884532571E-16,0.));
#3848=DIRECTION('',(-1.,9.81984884532571E-16,1.16463529640121E-17));
#3849=DIRECTION('',(0.,0.,1.));
#3850=DIRECTION('',(1.,-9.81984884532571E-16,0.));
#3851=DIRECTION('center_axis',(0.,0.,-1.));
#3852=DIRECTION('ref_axis',(-1.,0.,0.));
#3853=DIRECTION('',(-9.81984884532571E-16,-1.,0.));
#3854=DIRECTION('center_axis',(0.,0.,-1.));
#3855=DIRECTION('ref_axis',(0.707106781186554,0.707106781186541,0.));
#3856=DIRECTION('',(0.,-1.,0.));
#3857=DIRECTION('center_axis',(0.,0.,1.));
#3858=DIRECTION('ref_axis',(-0.70710678118656,-0.707106781186535,0.));
#3859=DIRECTION('',(1.,-5.05641269801038E-16,0.));
#3860=DIRECTION('center_axis',(0.,0.,1.));
#3861=DIRECTION('ref_axis',(0.707106781186548,-0.707106781186548,0.));
#3862=DIRECTION('',(0.,1.,0.));
#3863=DIRECTION('center_axis',(0.,0.,-1.));
#3864=DIRECTION('ref_axis',(-0.707106781186548,0.707106781186548,0.));
#3865=DIRECTION('',(1.,0.,0.));
#3866=DIRECTION('center_axis',(0.,0.,-1.));
#3867=DIRECTION('ref_axis',(0.707106781186548,0.707106781186548,0.));
#3868=DIRECTION('',(0.,-1.,0.));
#3869=DIRECTION('center_axis',(0.,0.,1.));
#3870=DIRECTION('ref_axis',(-0.707106781186548,-0.707106781186548,0.));
#3871=DIRECTION('',(1.,0.,0.));
#3872=DIRECTION('center_axis',(0.,0.,1.));
#3873=DIRECTION('ref_axis',(0.707106781186548,-0.707106781186548,0.));
#3874=DIRECTION('',(0.,1.,0.));
#3875=DIRECTION('center_axis',(0.,0.,-1.));
#3876=DIRECTION('ref_axis',(-0.707106781186548,0.707106781186548,0.));
#3877=DIRECTION('',(1.,0.,0.));
#3878=DIRECTION('center_axis',(0.,0.,-1.));
#3879=DIRECTION('ref_axis',(0.707106781186549,0.707106781186546,0.));
#3880=DIRECTION('',(0.,-1.,0.));
#3881=DIRECTION('center_axis',(0.,0.,1.));
#3882=DIRECTION('ref_axis',(-0.707106781186549,-0.707106781186546,0.));
#3883=DIRECTION('',(1.,0.,0.));
#3884=DIRECTION('center_axis',(0.,0.,1.));
#3885=DIRECTION('ref_axis',(0.707106781186549,-0.707106781186546,0.));
#3886=DIRECTION('',(2.03327183253328E-16,1.,0.));
#3887=DIRECTION('center_axis',(0.,0.,-1.));
#3888=DIRECTION('ref_axis',(-0.707106781186549,0.707106781186546,0.));
#3889=DIRECTION('',(1.,0.,0.));
#3890=DIRECTION('center_axis',(0.,0.,-1.));
#3891=DIRECTION('ref_axis',(0.707106781186549,0.707106781186546,0.));
#3892=DIRECTION('',(0.,-1.,0.));
#3893=DIRECTION('center_axis',(0.,0.,1.));
#3894=DIRECTION('ref_axis',(-0.707106781186549,-0.707106781186546,0.));
#3895=DIRECTION('',(1.,5.05641269801038E-16,0.));
#3896=DIRECTION('center_axis',(0.,0.,1.));
#3897=DIRECTION('ref_axis',(0.707106781186548,-0.707106781186548,0.));
#3898=DIRECTION('',(0.,1.,0.));
#3899=DIRECTION('center_axis',(0.,0.,-1.));
#3900=DIRECTION('ref_axis',(-0.707106781186548,0.707106781186548,0.));
#3901=DIRECTION('',(1.,0.,0.));
#3902=DIRECTION('center_axis',(0.,0.,-1.));
#3903=DIRECTION('ref_axis',(0.707106781186548,0.707106781186548,0.));
#3904=DIRECTION('',(1.,0.,0.));
#3905=DIRECTION('center_axis',(0.,0.,1.));
#3906=DIRECTION('ref_axis',(0.707106781186548,-0.707106781186548,0.));
#3907=DIRECTION('',(0.,1.,0.));
#3908=DIRECTION('center_axis',(0.,0.,-1.));
#3909=DIRECTION('ref_axis',(-0.707106781186548,0.707106781186548,0.));
#3910=DIRECTION('',(1.,-5.05641269801038E-16,0.));
#3911=DIRECTION('center_axis',(0.,0.,-1.));
#3912=DIRECTION('ref_axis',(0.707106781186554,0.707106781186541,0.));
#3913=DIRECTION('',(0.,-1.,0.));
#3914=DIRECTION('center_axis',(0.,0.,1.));
#3915=DIRECTION('ref_axis',(-0.70710678118656,-0.707106781186535,0.));
#3916=DIRECTION('',(1.,-9.81984884532571E-16,0.));
#3917=DIRECTION('center_axis',(0.,0.,-1.));
#3918=DIRECTION('ref_axis',(0.707106781186554,0.707106781186541,0.));
#3919=DIRECTION('center_axis',(0.,0.,1.));
#3920=DIRECTION('ref_axis',(0.707106781186548,-0.707106781186548,0.));
#3921=DIRECTION('center_axis',(-1.1646352963332E-17,6.9258245874191E-13,
-1.));
#3922=DIRECTION('ref_axis',(0.707106781186548,-0.707106781186548,0.));
#3923=DIRECTION('',(0.,0.,-1.));
#3924=DIRECTION('',(0.,0.,1.));
#3925=DIRECTION('center_axis',(5.05641269801038E-16,-1.,0.));
#3926=DIRECTION('ref_axis',(-1.,-5.05641269801038E-16,0.));
#3927=DIRECTION('',(-1.,-5.05641269801038E-16,1.16463529629818E-17));
#3928=DIRECTION('',(0.,0.,-1.));
#3929=DIRECTION('center_axis',(0.,0.,1.));
#3930=DIRECTION('ref_axis',(-0.70710678118656,-0.707106781186535,0.));
#3931=DIRECTION('center_axis',(-1.1646352963332E-17,6.9258245874191E-13,
-1.));
#3932=DIRECTION('ref_axis',(-0.70710678118656,-0.707106781186535,0.));
#3933=DIRECTION('',(0.,0.,-1.));
#3934=DIRECTION('',(0.,0.,1.));
#3935=DIRECTION('center_axis',(-1.,0.,0.));
#3936=DIRECTION('ref_axis',(0.,1.,0.));
#3937=DIRECTION('',(0.,1.,6.9258245874191E-13));
#3938=DIRECTION('',(0.,0.,-1.));
#3939=DIRECTION('center_axis',(0.,0.,1.));
#3940=DIRECTION('ref_axis',(-0.707106781186548,0.707106781186548,0.));
#3941=DIRECTION('center_axis',(1.1646352963332E-17,-6.9258245874191E-13,
1.));
#3942=DIRECTION('ref_axis',(-0.707106781186548,0.707106781186548,0.));
#3943=DIRECTION('',(0.,0.,-1.));
#3944=DIRECTION('',(0.,0.,1.));
#3945=DIRECTION('center_axis',(1.,0.,0.));
#3946=DIRECTION('ref_axis',(0.,-1.,0.));
#3947=DIRECTION('',(0.,-1.,-6.9258245874191E-13));
#3948=DIRECTION('center_axis',(0.,0.,1.));
#3949=DIRECTION('ref_axis',(0.707106781186548,-0.707106781186548,0.));
#3950=DIRECTION('center_axis',(-1.1646352963332E-17,6.9258245874191E-13,
-1.));
#3951=DIRECTION('ref_axis',(0.707106781186548,-0.707106781186548,0.));
#3952=DIRECTION('',(0.,0.,-1.));
#3953=DIRECTION('',(0.,0.,1.));
#3954=DIRECTION('center_axis',(0.,-1.,0.));
#3955=DIRECTION('ref_axis',(-1.,0.,0.));
#3956=DIRECTION('',(-1.,0.,1.1646352963332E-17));
#3957=DIRECTION('center_axis',(0.,0.,1.));
#3958=DIRECTION('ref_axis',(0.707106781186548,0.707106781186548,0.));
#3959=DIRECTION('center_axis',(1.1646352963332E-17,-6.9258245874191E-13,
1.));
#3960=DIRECTION('ref_axis',(0.707106781186548,0.707106781186548,0.));
#3961=DIRECTION('',(0.,0.,-1.));
#3962=DIRECTION('',(0.,0.,1.));
#3963=DIRECTION('center_axis',(0.,-1.,0.));
#3964=DIRECTION('ref_axis',(-1.,0.,0.));
#3965=DIRECTION('',(-1.,0.,1.1646352963332E-17));
#3966=DIRECTION('',(0.,0.,-1.));
#3967=DIRECTION('center_axis',(0.,0.,1.));
#3968=DIRECTION('ref_axis',(0.707106781186554,0.707106781186541,0.));
#3969=DIRECTION('center_axis',(1.1646352963332E-17,-6.9258245874191E-13,
1.));
#3970=DIRECTION('ref_axis',(0.707106781186554,0.707106781186541,0.));
#3971=DIRECTION('center_axis',(0.,0.,1.));
#3972=DIRECTION('ref_axis',(-0.707106781186549,-0.707106781186546,0.));
#3973=DIRECTION('center_axis',(-1.1646352963332E-17,6.9258245874191E-13,
-1.));
#3974=DIRECTION('ref_axis',(-0.707106781186549,-0.707106781186546,0.));
#3975=DIRECTION('',(0.,0.,1.));
#3976=DIRECTION('center_axis',(-1.,0.,0.));
#3977=DIRECTION('ref_axis',(0.,1.,0.));
#3978=DIRECTION('',(0.,1.,6.9258245874191E-13));
#3979=DIRECTION('',(0.,0.,-1.));
#3980=DIRECTION('center_axis',(0.,0.,1.));
#3981=DIRECTION('ref_axis',(-0.707106781186548,0.707106781186548,0.));
#3982=DIRECTION('center_axis',(1.1646352963332E-17,-6.9258245874191E-13,
1.));
#3983=DIRECTION('ref_axis',(-0.707106781186548,0.707106781186548,0.));
#3984=DIRECTION('',(0.,0.,1.));
#3985=DIRECTION('center_axis',(0.,0.,1.));
#3986=DIRECTION('ref_axis',(-0.707106781186548,0.707106781186548,0.));
#3987=DIRECTION('center_axis',(1.1646352963332E-17,-6.9258245874191E-13,
1.));
#3988=DIRECTION('ref_axis',(-0.707106781186548,0.707106781186548,0.));
#3989=DIRECTION('',(0.,0.,-1.));
#3990=DIRECTION('',(0.,0.,1.));
#3991=DIRECTION('center_axis',(1.,0.,0.));
#3992=DIRECTION('ref_axis',(0.,-1.,0.));
#3993=DIRECTION('',(0.,-1.,-6.9258245874191E-13));
#3994=DIRECTION('',(0.,0.,-1.));
#3995=DIRECTION('center_axis',(0.,0.,1.));
#3996=DIRECTION('ref_axis',(0.707106781186549,-0.707106781186546,0.));
#3997=DIRECTION('center_axis',(-1.1646352963332E-17,6.9258245874191E-13,
-1.));
#3998=DIRECTION('ref_axis',(0.707106781186549,-0.707106781186546,0.));
#3999=DIRECTION('',(0.,0.,-1.));
#4000=DIRECTION('',(0.,0.,1.));
#4001=DIRECTION('center_axis',(0.,-1.,0.));
#4002=DIRECTION('ref_axis',(-1.,0.,0.));
#4003=DIRECTION('',(-1.,0.,1.1646352963332E-17));
#4004=DIRECTION('',(0.,0.,-1.));
#4005=DIRECTION('center_axis',(0.,0.,1.));
#4006=DIRECTION('ref_axis',(-0.707106781186548,0.707106781186548,0.));
#4007=DIRECTION('center_axis',(1.1646352963332E-17,-6.9258245874191E-13,
1.));
#4008=DIRECTION('ref_axis',(-0.707106781186548,0.707106781186548,0.));
#4009=DIRECTION('',(0.,0.,-1.));
#4010=DIRECTION('',(0.,0.,1.));
#4011=DIRECTION('center_axis',(-5.05641269801038E-16,-1.,0.));
#4012=DIRECTION('ref_axis',(-1.,5.05641269801038E-16,0.));
#4013=DIRECTION('',(-1.,5.05641269801038E-16,1.16463529636822E-17));
#4014=DIRECTION('',(0.,0.,1.));
#4015=DIRECTION('center_axis',(0.,0.,1.));
#4016=DIRECTION('ref_axis',(0.707106781186548,0.707106781186548,0.));
#4017=DIRECTION('center_axis',(1.1646352963332E-17,-6.9258245874191E-13,
1.));
#4018=DIRECTION('ref_axis',(0.707106781186548,0.707106781186548,0.));
#4019=DIRECTION('',(0.,0.,1.));
#4020=DIRECTION('center_axis',(0.,0.,1.));
#4021=DIRECTION('ref_axis',(0.707106781186548,-0.707106781186548,0.));
#4022=DIRECTION('center_axis',(-1.1646352963332E-17,6.9258245874191E-13,
-1.));
#4023=DIRECTION('ref_axis',(0.707106781186548,-0.707106781186548,0.));
#4024=DIRECTION('',(0.,0.,-1.));
#4025=DIRECTION('',(0.,0.,1.));
#4026=DIRECTION('center_axis',(-5.05641269801038E-16,-1.,0.));
#4027=DIRECTION('ref_axis',(-1.,5.05641269801038E-16,0.));
#4028=DIRECTION('',(-1.,5.05641269801038E-16,1.16463529636822E-17));
#4029=DIRECTION('center_axis',(0.,0.,1.));
#4030=DIRECTION('ref_axis',(0.707106781186549,0.707106781186546,0.));
#4031=DIRECTION('center_axis',(1.1646352963332E-17,-6.9258245874191E-13,
1.));
#4032=DIRECTION('ref_axis',(0.707106781186549,0.707106781186546,0.));
#4033=DIRECTION('',(0.,0.,1.));
#4034=DIRECTION('center_axis',(0.,-1.,0.));
#4035=DIRECTION('ref_axis',(-1.,0.,0.));
#4036=DIRECTION('',(-1.,0.,1.1646352963332E-17));
#4037=DIRECTION('',(0.,0.,-1.));
#4038=DIRECTION('center_axis',(0.,0.,1.));
#4039=DIRECTION('ref_axis',(0.707106781186549,0.707106781186546,0.));
#4040=DIRECTION('center_axis',(1.1646352963332E-17,-6.9258245874191E-13,
1.));
#4041=DIRECTION('ref_axis',(0.707106781186549,0.707106781186546,0.));
#4042=DIRECTION('',(0.,0.,-1.));
#4043=DIRECTION('',(0.,0.,1.));
#4044=DIRECTION('center_axis',(-1.,0.,0.));
#4045=DIRECTION('ref_axis',(0.,1.,0.));
#4046=DIRECTION('',(0.,1.,6.9258245874191E-13));
#4047=DIRECTION('',(0.,0.,1.));
#4048=DIRECTION('center_axis',(0.,0.,1.));
#4049=DIRECTION('ref_axis',(-0.707106781186548,-0.707106781186548,0.));
#4050=DIRECTION('center_axis',(-1.1646352963332E-17,6.9258245874191E-13,
-1.));
#4051=DIRECTION('ref_axis',(-0.707106781186548,-0.707106781186548,0.));
#4052=DIRECTION('',(0.,0.,-1.));
#4053=DIRECTION('',(0.,0.,1.));
#4054=DIRECTION('center_axis',(-1.,0.,0.));
#4055=DIRECTION('ref_axis',(0.,1.,0.));
#4056=DIRECTION('',(0.,1.,6.9258245874191E-13));
#4057=DIRECTION('center_axis',(0.,0.,1.));
#4058=DIRECTION('ref_axis',(0.707106781186548,-0.707106781186548,0.));
#4059=DIRECTION('center_axis',(-1.1646352963332E-17,6.9258245874191E-13,
-1.));
#4060=DIRECTION('ref_axis',(0.707106781186548,-0.707106781186548,0.));
#4061=DIRECTION('',(0.,0.,1.));
#4062=DIRECTION('center_axis',(0.,-1.,0.));
#4063=DIRECTION('ref_axis',(-1.,0.,0.));
#4064=DIRECTION('',(-1.,0.,1.1646352963332E-17));
#4065=DIRECTION('center_axis',(0.,0.,1.));
#4066=DIRECTION('ref_axis',(-0.707106781186549,-0.707106781186546,0.));
#4067=DIRECTION('center_axis',(-1.1646352963332E-17,6.9258245874191E-13,
-1.));
#4068=DIRECTION('ref_axis',(-0.707106781186549,-0.707106781186546,0.));
#4069=DIRECTION('center_axis',(0.,0.,1.));
#4070=DIRECTION('ref_axis',(-0.707106781186549,0.707106781186546,0.));
#4071=DIRECTION('center_axis',(1.1646352963332E-17,-6.9258245874191E-13,
1.));
#4072=DIRECTION('ref_axis',(-0.707106781186549,0.707106781186546,0.));
#4073=DIRECTION('',(0.,0.,1.));
#4074=DIRECTION('center_axis',(0.,0.,1.));
#4075=DIRECTION('ref_axis',(-0.70710678118656,-0.707106781186535,0.));
#4076=DIRECTION('center_axis',(-1.1646352963332E-17,6.9258245874191E-13,
-1.));
#4077=DIRECTION('ref_axis',(-0.70710678118656,-0.707106781186535,0.));
#4078=DIRECTION('',(0.,0.,-1.));
#4079=DIRECTION('',(0.,0.,1.));
#4080=DIRECTION('center_axis',(-1.,0.,0.));
#4081=DIRECTION('ref_axis',(0.,1.,0.));
#4082=DIRECTION('',(0.,1.,6.9258245874191E-13));
#4083=DIRECTION('',(0.,0.,-1.));
#4084=DIRECTION('center_axis',(0.,0.,1.));
#4085=DIRECTION('ref_axis',(0.707106781186554,0.707106781186541,0.));
#4086=DIRECTION('center_axis',(1.1646352963332E-17,-6.9258245874191E-13,
1.));
#4087=DIRECTION('ref_axis',(0.707106781186554,0.707106781186541,0.));
#4088=DIRECTION('center_axis',(0.,0.,-1.));
#4089=DIRECTION('ref_axis',(0.707106781186554,0.707106781186541,0.));
#4090=DIRECTION('center_axis',(1.1646352963332E-17,-6.9258245874191E-13,
1.));
#4091=DIRECTION('ref_axis',(0.707106781186554,0.707106781186541,0.));
#4092=DIRECTION('',(0.,0.,1.));
#4093=DIRECTION('center_axis',(1.,0.,0.));
#4094=DIRECTION('ref_axis',(0.,-1.,0.));
#4095=DIRECTION('',(0.,-1.,-6.9258245874191E-13));
#4096=DIRECTION('center_axis',(0.,-1.,0.));
#4097=DIRECTION('ref_axis',(-1.,0.,0.));
#4098=DIRECTION('',(-1.,0.,1.1646352963332E-17));
#4099=DIRECTION('center_axis',(1.,-2.03327183253328E-16,0.));
#4100=DIRECTION('ref_axis',(-2.03327183253328E-16,-1.,0.));
#4101=DIRECTION('',(-2.03327183253328E-16,-1.,-6.9258245874191E-13));
#4102=DIRECTION('center_axis',(0.,-1.,0.));
#4103=DIRECTION('ref_axis',(-1.,0.,0.));
#4104=DIRECTION('',(-1.,0.,1.1646352963332E-17));
#4105=DIRECTION('center_axis',(1.,0.,0.));
#4106=DIRECTION('ref_axis',(0.,-1.,0.));
#4107=DIRECTION('',(0.,-1.,-6.9258245874191E-13));
#4108=DIRECTION('center_axis',(-9.81984884532571E-16,-1.,0.));
#4109=DIRECTION('ref_axis',(-1.,9.81984884532571E-16,0.));
#4110=DIRECTION('',(-1.,9.81984884532571E-16,1.16463529640121E-17));
#4111=DIRECTION('center_axis',(1.,-9.81984884532571E-16,0.));
#4112=DIRECTION('ref_axis',(0.,0.,-1.));
#4113=DIRECTION('',(-9.81984884532571E-16,-1.,-6.9258245874191E-13));
#4114=DIRECTION('center_axis',(-1.29415241562606E-16,0.017452406437284,
-0.999847695156391));
#4115=DIRECTION('ref_axis',(-0.707106781186548,-0.706999085398824,-0.0123407149398271));
#4116=DIRECTION('center_axis',(1.11262956887514E-15,0.017452406437284,-0.999847695156391));
#4117=DIRECTION('ref_axis',(-0.707106781186548,-0.706999085398824,-0.0123407149398271));
#4118=DIRECTION('',(-1.29415241562606E-16,0.017452406437284,-0.999847695156391));
#4119=DIRECTION('center_axis',(0.,-0.0174524064372838,0.999847695156391));
#4120=DIRECTION('ref_axis',(-1.,0.,0.));
#4121=DIRECTION('',(1.29415241562606E-16,-0.017452406437284,0.999847695156391));
#4122=DIRECTION('center_axis',(1.,-2.79578063800849E-16,-1.34315008389355E-16));
#4123=DIRECTION('ref_axis',(0.,0.,-1.));
#4124=DIRECTION('center_axis',(0.,-0.707106781186411,0.707106781186684));
#4125=DIRECTION('ref_axis',(-1.,0.,0.));
#4126=DIRECTION('center_axis',(-1.,2.79578063800849E-16,1.34315008389355E-16));
#4127=DIRECTION('ref_axis',(-3.03527710445288E-16,-0.920505061925873,-0.390730637356279));
#4128=DIRECTION('center_axis',(1.,-2.79578063800849E-16,-1.34315008389355E-16));
#4129=DIRECTION('ref_axis',(-3.09834011766603E-16,-0.920505061925873,-0.390730637356279));
#4130=DIRECTION('center_axis',(1.02716491537288E-16,0.707106781186409,-0.707106781186686));
#4131=DIRECTION('ref_axis',(-0.707106781186548,-0.500000000000097,-0.499999999999902));
#4132=DIRECTION('center_axis',(1.1646352963332E-17,-6.9258245874191E-13,
1.));
#4133=DIRECTION('ref_axis',(-2.61682076447528E-16,-1.,-6.92594130195942E-13));
#4134=DIRECTION('',(-1.02716491537288E-16,-0.707106781186409,0.707106781186686));
#4135=DIRECTION('',(1.02716491537288E-16,0.707106781186409,-0.707106781186686));
#4136=DIRECTION('center_axis',(-1.1646352963332E-17,6.9258245874191E-13,
-1.));
#4137=DIRECTION('ref_axis',(0.,1.,6.9258245874191E-13));
#4138=DIRECTION('',(-2.79578063800942E-16,-1.,-6.9258245874191E-13));
#4139=DIRECTION('center_axis',(1.1646352963332E-17,-6.9258245874191E-13,
1.));
#4140=DIRECTION('ref_axis',(2.6168207644753E-16,1.,6.92594130195945E-13));
#4141=DIRECTION('',(1.,-1.37688541490637E-16,-1.16463529634274E-17));
#4142=DIRECTION('center_axis',(1.1646352963332E-17,-6.9258245874191E-13,
1.));
#4143=DIRECTION('ref_axis',(-1.96261557335647E-16,1.,6.92594130195945E-13));
#4144=DIRECTION('',(-7.68742582702996E-29,1.,6.9258245874191E-13));
#4145=DIRECTION('center_axis',(1.1646352963332E-17,-6.9258245874191E-13,
1.));
#4146=DIRECTION('ref_axis',(-1.30841038223764E-16,-1.,-6.92594130195942E-13));
#4147=DIRECTION('',(-1.,1.41889522310213E-16,1.16463529634274E-17));
#4148=DIRECTION('center_axis',(1.,-2.79578063800849E-16,-1.34315008389355E-16));
#4149=DIRECTION('ref_axis',(2.79578063800849E-16,1.,-3.25606481185631E-33));
#4150=DIRECTION('',(2.81879602824604E-16,0.999847695156391,0.017452406437284));
#4151=DIRECTION('',(1.29415241562606E-16,-0.017452406437284,0.999847695156391));
#4152=DIRECTION('',(2.79578063800849E-16,1.,1.04471349508087E-18));
#4153=DIRECTION('',(-1.34315008389355E-16,3.26821080576332E-31,-1.));
#4154=DIRECTION('',(2.79578063800849E-16,1.,0.));
#4155=DIRECTION('',(1.39173861563024E-16,0.0174524064358942,0.999847695156416));
#4156=DIRECTION('center_axis',(1.,-2.79578063800849E-16,-1.34315008389355E-16));
#4157=DIRECTION('ref_axis',(2.04872034097954E-16,0.920505061926417,-0.390730637354999));
#4158=DIRECTION('',(2.92666598031664E-16,0.707106781185426,0.707106781187669));
#4159=DIRECTION('center_axis',(-1.39173861563024E-16,-0.0174524064358942,
-0.999847695156416));
#4160=DIRECTION('ref_axis',(-0.707106781186546,0.706999085398842,-0.0123407149388443));
#4161=DIRECTION('center_axis',(0.,0.,-1.));
#4162=DIRECTION('ref_axis',(2.54572368469787E-13,1.,0.));
#4163=DIRECTION('',(-1.39173861563024E-16,-0.0174524064358942,-0.999847695156416));
#4164=DIRECTION('center_axis',(3.70017977427017E-16,0.0174524064358939,
0.999847695156415));
#4165=DIRECTION('ref_axis',(0.,0.999847695156415,-0.0174524064358939));
#4166=DIRECTION('center_axis',(-1.,2.79578063800849E-16,1.34315008389355E-16));
#4167=DIRECTION('ref_axis',(0.,0.,1.));
#4168=DIRECTION('center_axis',(0.,0.707106781185428,0.707106781187667));
#4169=DIRECTION('ref_axis',(0.,0.707106781187667,-0.707106781185428));
#4170=DIRECTION('center_axis',(-1.,2.79578063800849E-16,1.34315008389355E-16));
#4171=DIRECTION('ref_axis',(2.1680550746092E-16,0.920505061926417,-0.390730637354999));
#4172=DIRECTION('center_axis',(-2.92666598031664E-16,-0.707106781185426,
-0.707106781187669));
#4173=DIRECTION('ref_axis',(-0.707106781186548,0.500000000000792,-0.499999999999207));
#4174=DIRECTION('',(-2.92666598031664E-16,-0.707106781185426,-0.707106781187669));
#4175=DIRECTION('center_axis',(-8.91252862233503E-17,-0.707106781187669,
0.707106781185426));
#4176=DIRECTION('ref_axis',(-3.50430623771641E-17,-0.707106781185426,-0.707106781187669));
#4177=DIRECTION('',(1.,-1.37688541490637E-16,-1.16463529634274E-17));
#4178=DIRECTION('',(-0.0617457854184616,-0.705757556806832,-0.70575755680907));
#4179=DIRECTION('',(1.,-2.71918510459769E-16,-1.45876321932986E-16));
#4180=DIRECTION('',(-0.0617457854184611,0.705757556806832,0.70575755680907));
#4181=DIRECTION('',(1.,-1.37688541490637E-16,-1.16463529634274E-17));
#4182=DIRECTION('',(-7.85046229343022E-17,0.707106781185426,0.707106781187669));
#4183=DIRECTION('center_axis',(-1.,1.37688541490637E-16,1.16463529634274E-17));
#4184=DIRECTION('ref_axis',(1.37464328963461E-16,0.999847713779214,-0.0174513395038704));
#4185=DIRECTION('',(-1.,1.41889522310213E-16,1.16463529634274E-17));
#4186=DIRECTION('center_axis',(1.,-1.8056029121095E-32,1.110223024625E-16));
#4187=DIRECTION('ref_axis',(4.33611014921841E-17,0.920505061926417,-0.390730637355));
#4188=DIRECTION('center_axis',(0.996194698091746,-1.20984118436253E-13,
0.087155742747658));
#4189=DIRECTION('ref_axis',(0.087155742747658,1.38154084742785E-12,-0.996194698091746));
#4190=DIRECTION('',(1.,-1.37688541490637E-16,-1.16463529634274E-17));
#4191=DIRECTION('center_axis',(-0.996194698091746,-1.20705604251392E-13,
0.0871557427476583));
#4192=DIRECTION('ref_axis',(-0.0871557427476583,1.38134106546808E-12,-0.996194698091746));
#4193=DIRECTION('center_axis',(-1.37464313973448E-16,-0.999847695156416,
0.0174524064358942));
#4194=DIRECTION('ref_axis',(-2.61455445075854E-16,-0.0174524064358942,-0.999847695156416));
#4195=DIRECTION('',(1.,-1.37485253643499E-16,0.));
#4196=DIRECTION('',(0.,0.0174524064358942,0.999847695156416));
#4197=DIRECTION('',(-1.,4.20098081940557E-18,1.34315008389078E-16));
#4198=DIRECTION('',(-1.11005393228089E-16,0.0174524064358942,0.999847695156416));
#4199=DIRECTION('center_axis',(0.,0.,-1.));
#4200=DIRECTION('ref_axis',(-1.,0.,0.));
#4201=DIRECTION('',(-1.,2.43324319817587E-15,0.));
#4202=DIRECTION('',(-2.79578063800849E-16,-1.,0.));
#4203=DIRECTION('center_axis',(0.,0.,1.));
#4204=DIRECTION('ref_axis',(2.86185779416207E-13,1.,0.));
#4205=DIRECTION('',(-1.,1.37485253643499E-16,0.));
#4206=DIRECTION('',(0.,-1.,0.));
#4207=DIRECTION('center_axis',(1.11005393228089E-16,-0.0174524064358942,
-0.999847695156416));
#4208=DIRECTION('ref_axis',(0.707106781186549,0.70699908539884,-0.0123407149388443));
#4209=DIRECTION('center_axis',(-1.16463529634274E-17,1.04471349508088E-18,
-1.));
#4210=DIRECTION('ref_axis',(-7.57611808781814E-13,1.,1.02203992578812E-18));
#4211=DIRECTION('',(1.11005393228089E-16,-0.0174524064358942,-0.999847695156416));
#4212=DIRECTION('center_axis',(0.,0.0174524064358939,0.999847695156415));
#4213=DIRECTION('ref_axis',(1.,0.,0.));
#4214=DIRECTION('center_axis',(-1.,1.8056029121095E-32,-1.110223024625E-16));
#4215=DIRECTION('ref_axis',(0.,0.,1.));
#4216=DIRECTION('center_axis',(0.,0.707106781185427,0.707106781187668));
#4217=DIRECTION('ref_axis',(1.,0.,0.));
#4218=DIRECTION('center_axis',(-1.,1.8056029121095E-32,-1.110223024625E-16));
#4219=DIRECTION('ref_axis',(4.33798150017922E-17,0.920505061926417,-0.390730637355));
#4220=DIRECTION('center_axis',(7.85046229343022E-17,-0.707106781185426,
-0.707106781187669));
#4221=DIRECTION('ref_axis',(0.707106781186549,0.500000000000792,-0.499999999999206));
#4222=DIRECTION('',(7.85046229343022E-17,-0.707106781185426,-0.707106781187669));
#4223=DIRECTION('center_axis',(1.,-1.8056029121095E-32,1.110223024625E-16));
#4224=DIRECTION('ref_axis',(1.8056029121095E-32,1.,2.3879204655766E-50));
#4225=DIRECTION('',(2.75377082981366E-16,1.,7.00739943088024E-13));
#4226=DIRECTION('',(-1.11005393228086E-16,-0.017452406437284,0.999847695156391));
#4227=DIRECTION('center_axis',(-1.,1.8056029121095E-32,-1.110223024625E-16));
#4228=DIRECTION('ref_axis',(4.33798150019342E-17,-0.920505061925873,-0.390730637356279));
#4229=DIRECTION('',(-7.85046229341931E-17,-0.707106781186409,0.707106781186686));
#4230=DIRECTION('center_axis',(1.16463529634274E-17,-1.04471349508088E-18,
1.));
#4231=DIRECTION('ref_axis',(4.37535865904968E-18,-1.,-1.04471349508088E-18));
#4232=DIRECTION('',(0.,-1.,-1.04471349508088E-18));
#4233=DIRECTION('',(-1.,1.41889522310213E-16,1.16463529634274E-17));
#4234=DIRECTION('',(1.,-1.37688541490637E-16,-1.16463529634274E-17));
#4235=DIRECTION('',(1.,-1.37688541490637E-16,-1.16463529634274E-17));
#4236=DIRECTION('center_axis',(1.16463529634274E-17,-1.04471349508088E-18,
1.));
#4237=DIRECTION('ref_axis',(-2.86185779416207E-13,1.,1.53305988867243E-18));
#4238=DIRECTION('',(-2.75377082981366E-16,-1.,-7.00739943088024E-13));
#4239=DIRECTION('center_axis',(1.16463529634274E-17,-1.04471349508088E-18,
1.));
#4240=DIRECTION('ref_axis',(-3.46891853837819E-16,-1.,-1.53305988866934E-18));
#4241=DIRECTION('',(1.,-1.37688541490637E-16,-1.16463529634274E-17));
#4242=DIRECTION('',(1.,-1.37688541490637E-16,-1.16463529634274E-17));
#4243=DIRECTION('',(-1.,1.41889522310213E-16,1.16463529634274E-17));
#4244=DIRECTION('',(-1.28125146020785E-16,-1.,-1.04471349508087E-18));
#4245=DIRECTION('',(-1.,2.79578063800849E-16,1.34315008389269E-16));
#4246=DIRECTION('center_axis',(-1.16463529634274E-17,1.04471349508088E-18,
-1.));
#4247=DIRECTION('ref_axis',(-2.51982242627791E-13,-1.,-1.02203992577671E-18));
#4248=DIRECTION('center_axis',(1.11005393228086E-16,0.017452406437284,-0.999847695156391));
#4249=DIRECTION('ref_axis',(0.707106781186548,-0.706999085398823,-0.0123407149398272));
#4250=DIRECTION('',(1.11005393228086E-16,0.017452406437284,-0.999847695156391));
#4251=DIRECTION('center_axis',(-3.70017977427007E-16,-0.0174524064372839,
0.999847695156391));
#4252=DIRECTION('ref_axis',(0.,-0.999847695156391,-0.0174524064372838));
#4253=DIRECTION('center_axis',(1.,-1.8056029121095E-32,1.110223024625E-16));
#4254=DIRECTION('ref_axis',(0.,0.,-1.));
#4255=DIRECTION('center_axis',(0.,-0.707106781186411,0.707106781186684));
#4256=DIRECTION('ref_axis',(0.,-0.707106781186684,-0.707106781186411));
#4257=DIRECTION('center_axis',(1.,-1.8056029121095E-32,1.110223024625E-16));
#4258=DIRECTION('ref_axis',(4.3361101492184E-17,-0.920505061925873,-0.390730637356279));
#4259=DIRECTION('center_axis',(7.85046229341931E-17,0.707106781186409,-0.707106781186686));
#4260=DIRECTION('ref_axis',(0.707106781186548,-0.500000000000098,-0.499999999999902));
#4261=DIRECTION('',(7.85046229341931E-17,0.707106781186409,-0.707106781186686));
#4262=DIRECTION('center_axis',(-1.05595716536263E-16,-0.707106781186686,
-0.707106781186409));
#4263=DIRECTION('ref_axis',(1.59677940382103E-16,0.707106781186409,-0.707106781186686));
#4264=DIRECTION('',(-1.,1.41889522310213E-16,1.16463529634274E-17));
#4265=DIRECTION('',(0.0617457854184613,0.705757556807813,-0.705757556808089));
#4266=DIRECTION('',(-1.,2.76522267861819E-16,-1.27187373407809E-16));
#4267=DIRECTION('',(0.0617457854184614,-0.705757556807813,0.705757556808089));
#4268=DIRECTION('',(-1.,1.41889522310213E-16,1.16463529634274E-17));
#4269=DIRECTION('center_axis',(1.,-1.37688541490637E-16,-1.16463529634274E-17));
#4270=DIRECTION('ref_axis',(-1.37870817882567E-16,-0.999847713779189,-0.0174513395052602));
#4271=DIRECTION('center_axis',(-0.996194698091746,-1.58111602027906E-16,
0.0871557427476583));
#4272=DIRECTION('ref_axis',(-0.0871557427476583,2.94813378472785E-15,-0.996194698091746));
#4273=DIRECTION('',(-1.,1.37688541490637E-16,1.16463529634274E-17));
#4274=DIRECTION('center_axis',(0.996194698091746,-4.36625786889068E-16,
0.087155742747658));
#4275=DIRECTION('ref_axis',(0.087155742747658,3.36929575397468E-15,-0.996194698091746));
#4276=DIRECTION('',(1.,-1.37688541490637E-16,-1.16463529634274E-17));
#4277=DIRECTION('center_axis',(-1.37870827744288E-16,-0.999847695156391,
-0.017452406437284));
#4278=DIRECTION('ref_axis',(-2.56649452300342E-16,0.017452406437284,-0.999847695156391));
#4279=DIRECTION('',(2.40654424998372E-18,0.017452406437284,-0.999847695156391));
#4280=DIRECTION('',(-1.,1.3789182933779E-16,0.));
#4281=DIRECTION('',(-2.40654424998372E-18,-0.017452406437284,0.999847695156391));
#4282=DIRECTION('',(-1.,2.79578063800849E-16,1.34315008389269E-16));
#4283=DIRECTION('',(2.40654424998372E-18,0.017452406437284,-0.999847695156391));
#4284=DIRECTION('',(-1.,1.3789182933779E-16,0.));
#4285=DIRECTION('',(-2.40654424998372E-18,-0.017452406437284,0.999847695156391));
#4286=DIRECTION('',(-1.,2.79578063800849E-16,1.34315008389269E-16));
#4287=DIRECTION('',(2.40654424998372E-18,0.017452406437284,-0.999847695156391));
#4288=DIRECTION('',(-1.,1.57267892799579E-16,-1.11005393228102E-15));
#4289=DIRECTION('center_axis',(1.29415241562607E-16,-0.0174524064372828,
0.999847695156391));
#4290=DIRECTION('ref_axis',(-0.707106781186547,-0.706999085398825,-0.0123407149398272));
#4291=DIRECTION('center_axis',(0.,0.0174524064372828,-0.999847695156391));
#4292=DIRECTION('ref_axis',(0.,-0.999847695156391,-0.0174524064372828));
#4293=DIRECTION('',(1.29415241562607E-16,-0.0174524064372828,0.999847695156391));
#4294=DIRECTION('center_axis',(-1.11262956887514E-15,-0.017452406437284,
0.999847695156391));
#4295=DIRECTION('ref_axis',(-0.707106781186547,-0.706999085398825,-0.0123407149398272));
#4296=DIRECTION('',(-1.29415241562607E-16,0.0174524064372828,-0.999847695156391));
#4297=DIRECTION('center_axis',(-1.,2.79578063800849E-16,1.34315008389355E-16));
#4298=DIRECTION('ref_axis',(0.,6.81135693131944E-13,-1.));
#4299=DIRECTION('center_axis',(0.,0.0174524064359216,0.999847695156415));
#4300=DIRECTION('ref_axis',(0.,0.999847695156415,-0.0174524064359216));
#4301=DIRECTION('center_axis',(-1.,2.79578063800849E-16,1.34315008389355E-16));
#4302=DIRECTION('ref_axis',(-1.34315008389164E-16,6.80780919041483E-13,
-1.));
#4303=DIRECTION('center_axis',(1.,-2.79578063800849E-16,-1.34315008389355E-16));
#4304=DIRECTION('ref_axis',(-1.28473505615483E-16,6.80780919041483E-13,
-1.));
#4305=DIRECTION('center_axis',(1.39173861563023E-16,0.017452406435893,0.999847695156416));
#4306=DIRECTION('ref_axis',(-0.707106781186546,0.706999085398843,-0.0123407149388427));
#4307=DIRECTION('',(-1.39173861563023E-16,-0.017452406435893,-0.999847695156416));
#4308=DIRECTION('',(1.39173861563023E-16,0.017452406435893,0.999847695156416));
#4309=DIRECTION('center_axis',(1.37464313973448E-16,0.999847695156416,-0.017452406435893));
#4310=DIRECTION('ref_axis',(2.6249483190328E-16,0.017452406435893,0.999847695156416));
#4311=DIRECTION('',(1.,-1.37688541490637E-16,-1.16463529634274E-17));
#4312=DIRECTION('',(0.0871425693158094,0.0173860148731984,0.99604412507673));
#4313=DIRECTION('',(1.42017147295399E-16,0.017452406435893,0.999847695156416));
#4314=DIRECTION('',(0.,-0.017452406435893,-0.999847695156416));
#4315=DIRECTION('center_axis',(1.,-1.37688541490637E-16,-1.16463529634274E-17));
#4316=DIRECTION('ref_axis',(-1.37870827744288E-16,-0.999847695156391,-0.0174524064372832));
#4317=DIRECTION('',(1.,-1.37688541490637E-16,-1.16463529634274E-17));
#4318=DIRECTION('center_axis',(0.996194698091746,1.58111602027906E-16,-0.0871557427476583));
#4319=DIRECTION('ref_axis',(-0.0871557427476583,3.34679794739543E-15,-0.996194698091746));
#4320=DIRECTION('',(1.,-1.37688541490637E-16,-1.16463529634274E-17));
#4321=DIRECTION('center_axis',(-0.996194698091746,4.36625786889068E-16,
-0.087155742747658));
#4322=DIRECTION('ref_axis',(0.087155742747658,2.8796540656366E-15,-0.996194698091746));
#4323=DIRECTION('',(1.,-1.37688541490637E-16,-1.16463529634274E-17));
#4324=DIRECTION('center_axis',(-1.,1.8056029121095E-32,-1.110223024625E-16));
#4325=DIRECTION('ref_axis',(1.15626155053935E-16,-1.2662348713462E-13,-1.));
#4326=DIRECTION('',(1.,-1.37688541490637E-16,-1.16463529634274E-17));
#4327=DIRECTION('center_axis',(-0.996194698091746,1.20984118436253E-13,
-0.087155742747658));
#4328=DIRECTION('ref_axis',(0.087155742747658,1.38073333177581E-12,-0.996194698091746));
#4329=DIRECTION('',(-1.,1.37688541490637E-16,1.16463529634274E-17));
#4330=DIRECTION('center_axis',(0.996194698091746,1.20705604251392E-13,-0.0871557427476583));
#4331=DIRECTION('ref_axis',(-0.0871557427476583,1.38142124913593E-12,-0.996194698091746));
#4332=DIRECTION('center_axis',(1.37870827744288E-16,0.999847695156391,0.0174524064372828));
#4333=DIRECTION('ref_axis',(2.57688839127769E-16,-0.0174524064372828,0.999847695156391));
#4334=DIRECTION('',(1.,-1.57267892799578E-16,1.11005393228102E-15));
#4335=DIRECTION('',(-2.40654424998372E-18,-0.0174524064372828,0.999847695156391));
#4336=DIRECTION('',(-1.,1.41889522310213E-16,1.16463529634274E-17));
#4337=DIRECTION('',(2.40654424998372E-18,0.0174524064372828,-0.999847695156391));
#4338=DIRECTION('',(1.,-1.3789182933779E-16,0.));
#4339=DIRECTION('',(-2.40654424998372E-18,-0.0174524064372828,0.999847695156391));
#4340=DIRECTION('',(-1.,1.41889522310213E-16,1.16463529634274E-17));
#4341=DIRECTION('',(2.40654424998356E-18,0.0174524064372828,-0.999847695156391));
#4342=DIRECTION('',(1.,-1.3789182933779E-16,0.));
#4343=DIRECTION('',(-2.40654424998356E-18,-0.0174524064372828,0.999847695156391));
#4344=DIRECTION('',(1.37064520070496E-16,-0.0174524064372828,0.999847695156391));
#4345=DIRECTION('',(-0.0871425693158094,0.0173860148745829,-0.996044125076706));
#4346=DIRECTION('center_axis',(-1.11005393228089E-16,0.017452406435893,
0.999847695156416));
#4347=DIRECTION('ref_axis',(0.707106781186546,0.706999085398843,-0.0123407149388427));
#4348=DIRECTION('center_axis',(0.,-0.0174524064358928,-0.999847695156416));
#4349=DIRECTION('ref_axis',(0.,0.999847695156416,-0.0174524064358928));
#4350=DIRECTION('',(-1.11005393228089E-16,0.017452406435893,0.999847695156416));
#4351=DIRECTION('',(1.11005393228089E-16,-0.017452406435893,-0.999847695156416));
#4352=DIRECTION('center_axis',(-1.,1.8056029121095E-32,-1.110223024625E-16));
#4353=DIRECTION('ref_axis',(0.,6.80149016608817E-13,-1.));
#4354=DIRECTION('center_axis',(0.,-0.0174524064372838,0.999847695156391));
#4355=DIRECTION('ref_axis',(0.,-0.999847695156391,-0.0174524064372838));
#4356=DIRECTION('center_axis',(1.,-1.8056029121095E-32,1.110223024625E-16));
#4357=DIRECTION('ref_axis',(1.110223024625E-16,-1.2662348713462E-13,-1.));
#4358=DIRECTION('center_axis',(-1.11005393228086E-16,-0.0174524064372828,
0.999847695156391));
#4359=DIRECTION('ref_axis',(0.707106781186547,-0.706999085398825,-0.0123407149398256));
#4360=DIRECTION('',(1.11005393228086E-16,0.0174524064372828,-0.999847695156391));
#4361=DIRECTION('',(-1.11005393228086E-16,-0.0174524064372828,0.999847695156391));
#4362=DIRECTION('center_axis',(1.37870827744288E-16,0.999847695156391,0.0174524064372828));
#4363=DIRECTION('ref_axis',(2.57688839127769E-16,-0.0174524064372828,0.999847695156391));
#4364=DIRECTION('',(-0.0871425693158091,-0.0173860148745829,0.996044125076706));
#4365=DIRECTION('',(-1.18654671735976E-16,-0.0174524064372828,0.999847695156391));
#4366=DIRECTION('center_axis',(1.37464313973448E-16,0.999847695156416,-0.017452406435893));
#4367=DIRECTION('ref_axis',(2.6249483190328E-16,0.017452406435893,0.999847695156416));
#4368=DIRECTION('',(-1.13848678960464E-16,0.017452406435893,0.999847695156416));
#4369=DIRECTION('',(0.0871425693158091,-0.0173860148731984,-0.99604412507673));
#4370=DIRECTION('center_axis',(-1.,1.27534989586065E-16,-3.27098050877838E-17));
#4371=DIRECTION('ref_axis',(0.,-0.0688285870585433,-0.997628500797529));
#4372=DIRECTION('center_axis',(0.996194698091746,-1.20984118436253E-13,
0.087155742747658));
#4373=DIRECTION('ref_axis',(0.087155742747658,1.38056236652975E-12,-0.996194698091746));
#4374=DIRECTION('',(-1.,1.27534989586065E-16,-3.27098050877838E-17));
#4375=DIRECTION('center_axis',(-0.996194698091746,-1.20705604251392E-13,
0.0871557427476583));
#4376=DIRECTION('ref_axis',(-0.0871557427476584,1.38057964775304E-12,-0.996194698091746));
#4377=DIRECTION('center_axis',(1.24198833089206E-16,0.996194698091624,0.0871557427490431));
#4378=DIRECTION('ref_axis',(1.,-1.38856501710775E-16,1.62115280817496E-16));
#4379=DIRECTION('',(0.0868265938642474,0.0868265938656273,-0.992432509138846));
#4380=DIRECTION('',(-1.,1.38856501710775E-16,-1.62115280817496E-16));
#4381=DIRECTION('',(-0.0868265938642477,0.0868265938656273,-0.992432509138846));
#4382=DIRECTION('center_axis',(1.,-1.24495640166755E-16,-6.92800186768924E-17));
#4383=DIRECTION('ref_axis',(0.,0.0688285870598869,-0.997628500797436));
#4384=DIRECTION('center_axis',(-0.996194698091746,-1.58111602027906E-16,
0.0871557427476583));
#4385=DIRECTION('ref_axis',(-0.0871557427476583,4.58816478461907E-15,-0.996194698091746));
#4386=DIRECTION('',(1.,-1.24495640166755E-16,-6.92800186768924E-17));
#4387=DIRECTION('center_axis',(0.996194698091746,-4.36625786889068E-16,
0.087155742747658));
#4388=DIRECTION('ref_axis',(0.087155742747658,3.02421407649091E-15,-0.996194698091746));
#4389=DIRECTION('center_axis',(-1.17983745184303E-16,-0.996194698091746,
0.0871557427476585));
#4390=DIRECTION('ref_axis',(-1.,1.34655520890958E-16,1.85407986744347E-16));
#4391=DIRECTION('',(-0.0868265938642477,-0.0868265938642479,-0.992432509138967));
#4392=DIRECTION('',(1.,-1.34655520890958E-16,-1.85407986744347E-16));
#4393=DIRECTION('',(0.0868265938642473,-0.0868265938642479,-0.992432509138967));
#4394=DIRECTION('center_axis',(1.,0.,0.));
#4395=DIRECTION('ref_axis',(0.,-1.,0.));
#4396=DIRECTION('center_axis',(-2.43324319817587E-15,-1.,0.));
#4397=DIRECTION('ref_axis',(-1.,2.43324319817587E-15,0.));
#4398=DIRECTION('',(1.34315008389355E-16,-3.26821080576332E-31,1.));
#4399=DIRECTION('',(-1.,2.43324319817587E-15,1.16463529634274E-17));
#4400=DIRECTION('center_axis',(0.996194698091746,-4.36625786889068E-16,
0.087155742747658));
#4401=DIRECTION('ref_axis',(-4.3829362646222E-16,-1.,8.12631388852391E-32));
#4402=DIRECTION('',(0.0868265938642474,0.0868265938642476,-0.992432509138967));
#4403=DIRECTION('center_axis',(2.64384907150768E-16,0.996194698091746,0.0871557427476582));
#4404=DIRECTION('ref_axis',(1.,-2.79578063800849E-16,1.62115280817492E-16));
#4405=DIRECTION('',(-0.0868265938642478,0.0868265938642476,-0.992432509138967));
#4406=DIRECTION('center_axis',(-0.996194698091746,-1.58111602027906E-16,
0.0871557427476583));
#4407=DIRECTION('ref_axis',(-1.58715562661371E-16,1.,-7.43101591462962E-32));
#4408=DIRECTION('center_axis',(-2.58169819245896E-16,-0.996194698091867,
0.0871557427462735));
#4409=DIRECTION('ref_axis',(-1.,2.75377082981032E-16,1.85407986744538E-16));
#4410=DIRECTION('',(0.0868265938642474,-0.0868265938628682,-0.992432509139088));
#4411=DIRECTION('',(-0.0868265938642478,-0.0868265938628681,-0.992432509139088));
#4412=DIRECTION('center_axis',(-0.996194698091746,-1.20705604251392E-13,
0.0871557427476583));
#4413=DIRECTION('ref_axis',(4.42494607281812E-16,1.,1.3899992268307E-12));
#4414=DIRECTION('center_axis',(0.996194698091746,-1.20984118436253E-13,
0.087155742747658));
#4415=DIRECTION('ref_axis',(1.62916543480931E-16,-1.,-1.3899992268307E-12));
#4416=DIRECTION('center_axis',(0.,0.999847695156391,0.017452406437284));
#4417=DIRECTION('ref_axis',(0.,-0.017452406437284,0.999847695156391));
#4418=DIRECTION('',(1.,2.03287847153571E-19,-1.16463529634274E-17));
#4419=DIRECTION('',(-1.,1.57267892799579E-16,-1.11005393228102E-15));
#4420=DIRECTION('',(-1.29415241562606E-16,0.017452406437284,-0.999847695156391));
#4421=DIRECTION('center_axis',(1.,-4.19999883600247E-20,2.40617772163809E-18));
#4422=DIRECTION('ref_axis',(2.40654424998372E-18,0.017452406437284,-0.999847695156391));
#4423=DIRECTION('',(-4.19999883600247E-20,-1.,-1.04471349508088E-18));
#4424=DIRECTION('',(0.,0.999847695156391,0.017452406437284));
#4425=DIRECTION('center_axis',(1.11262956887514E-15,0.017452406437284,-0.999847695156391));
#4426=DIRECTION('ref_axis',(-1.,1.57267892799579E-16,-1.11005393228102E-15));
#4427=DIRECTION('',(-2.81879602824604E-16,-0.999847695156391,-0.017452406437284));
#4428=DIRECTION('center_axis',(2.40654424998372E-18,0.017452406437284,-0.999847695156391));
#4429=DIRECTION('ref_axis',(-1.,1.3789182933779E-16,0.));
#4430=DIRECTION('',(0.,0.999847695156391,0.017452406437284));
#4431=DIRECTION('',(0.,0.999847695156391,0.017452406437284));
#4432=DIRECTION('center_axis',(1.,-4.19999883600247E-20,2.40617772163809E-18));
#4433=DIRECTION('ref_axis',(2.40654424998372E-18,0.017452406437284,-0.999847695156391));
#4434=DIRECTION('',(-4.19999883600247E-20,-1.,-1.04471349508088E-18));
#4435=DIRECTION('center_axis',(-1.,4.19999883600247E-20,-2.40617772163809E-18));
#4436=DIRECTION('ref_axis',(-2.40654424998372E-18,-0.017452406437284,0.999847695156391));
#4437=DIRECTION('',(4.19999883600247E-20,1.,1.04471349508088E-18));
#4438=DIRECTION('center_axis',(2.40654424998372E-18,0.017452406437284,-0.999847695156391));
#4439=DIRECTION('ref_axis',(-1.,1.3789182933779E-16,0.));
#4440=DIRECTION('',(1.28102656687518E-16,0.999847695156391,0.017452406437284));
#4441=DIRECTION('',(1.28102656687518E-16,0.999847695156391,0.017452406437284));
#4442=DIRECTION('center_axis',(1.,-1.28125146020785E-16,1.70478091431662E-19));
#4443=DIRECTION('ref_axis',(2.40654424998372E-18,0.017452406437284,-0.999847695156391));
#4444=DIRECTION('center_axis',(-1.,1.28125146020785E-16,-1.70478091431662E-19));
#4445=DIRECTION('ref_axis',(-2.40654424998372E-18,-0.017452406437284,0.999847695156391));
#4446=DIRECTION('',(1.28125146020785E-16,1.,1.04471349508087E-18));
#4447=DIRECTION('center_axis',(1.,-2.79578063800849E-16,-1.34315008389355E-16));
#4448=DIRECTION('ref_axis',(2.79578063800849E-16,1.,-3.25606481185631E-33));
#4449=DIRECTION('',(2.79578063800849E-16,1.,1.04471349508087E-18));
#4450=DIRECTION('center_axis',(1.16463529634274E-17,-1.04471349508088E-18,
1.));
#4451=DIRECTION('ref_axis',(4.37535865904968E-18,-1.,-1.04471349508088E-18));
#4452=DIRECTION('center_axis',(1.16463529634274E-17,-1.04471349508088E-18,
1.));
#4453=DIRECTION('ref_axis',(4.37535865904968E-18,-1.,-1.04471349508088E-18));
#4454=DIRECTION('center_axis',(1.,-4.42494607281626E-16,-1.34315008389773E-16));
#4455=DIRECTION('ref_axis',(1.34315008389158E-16,-1.3899992268307E-12,1.));
#4456=DIRECTION('',(4.42494607281812E-16,1.,1.3899992268307E-12));
#4457=DIRECTION('',(-2.79252987758029E-16,-0.346333075972809,-0.938111614088224));
#4458=DIRECTION('center_axis',(-1.,-1.58715562661371E-16,1.34315008389355E-16));
#4459=DIRECTION('ref_axis',(1.34315008389355E-16,-3.42954651730343E-32,
1.));
#4460=DIRECTION('',(1.58715562661371E-16,-1.,7.43101591462962E-32));
#4461=DIRECTION('',(-1.80970918337821E-16,0.346333075974113,-0.938111614087742));
#4462=DIRECTION('center_axis',(1.9412152143908E-16,0.938111614088224,-0.346333075972809));
#4463=DIRECTION('ref_axis',(9.5372192201509E-17,0.346333075972809,0.938111614088224));
#4464=DIRECTION('',(1.60574698993834E-16,-0.346333075972809,-0.938111614088224));
#4465=DIRECTION('',(1.,-2.75377082981032E-16,-1.85407986744538E-16));
#4466=DIRECTION('center_axis',(1.85407986744156E-16,-1.3899992268307E-12,
1.));
#4467=DIRECTION('ref_axis',(-2.75377082981289E-16,-1.,-1.3899992268307E-12));
#4468=DIRECTION('',(-1.62916543480931E-16,1.,1.3899992268307E-12));
#4469=DIRECTION('center_axis',(1.,1.62916543480776E-16,1.11022302462918E-16));
#4470=DIRECTION('ref_axis',(-1.11022302462691E-16,-1.3899992268307E-12,
1.));
#4471=DIRECTION('center_axis',(6.42129183593373E-17,0.938111614087742,0.346333075974113));
#4472=DIRECTION('ref_axis',(0.,-0.346333075974113,0.938111614087742));
#4473=DIRECTION('',(2.55946891195343E-16,0.346333075974113,-0.938111614087742));
#4474=DIRECTION('',(-1.,2.79578063800849E-16,-1.62115280817492E-16));
#4475=DIRECTION('center_axis',(-1.85407986744347E-16,0.,-1.));
#4476=DIRECTION('ref_axis',(0.,1.,0.));
#4477=DIRECTION('',(-4.3829362646222E-16,-1.,8.12631388852391E-32));
#4478=DIRECTION('center_axis',(-1.,4.3829362646222E-16,-1.110223024625E-16));
#4479=DIRECTION('ref_axis',(-1.110223024625E-16,0.,1.));
#4480=DIRECTION('center_axis',(1.,-1.8056029121095E-32,1.110223024625E-16));
#4481=DIRECTION('ref_axis',(1.8056029121095E-32,1.,2.3879204655766E-50));
#4482=DIRECTION('center_axis',(1.16463529634274E-17,-1.04471349508088E-18,
1.));
#4483=DIRECTION('ref_axis',(4.37535865904968E-18,-1.,-1.04471349508088E-18));
#4484=CARTESIAN_POINT('',(0.,0.,0.));
#4485=CARTESIAN_POINT('Origin',(-48.6858285605913,25.88,-21.4790000000182));
#4486=CARTESIAN_POINT('',(-49.1858285605913,25.88,-21.2290000000002));
#4487=CARTESIAN_POINT('',(-48.6858285605913,25.38,-21.2290000000005));
#4488=CARTESIAN_POINT('Origin',(-48.6858285605913,25.88,-21.2290000000037));
#4489=CARTESIAN_POINT('',(-49.1858285605913,25.88,-20.2290000000182));
#4490=CARTESIAN_POINT('',(-49.1858285605913,25.88,-21.4790000000182));
#4491=CARTESIAN_POINT('',(-48.6858285605913,25.38,-20.2290000000182));
#4492=CARTESIAN_POINT('Origin',(-48.6858285605913,25.88,-20.2290000000182));
#4493=CARTESIAN_POINT('',(-48.6858285605913,25.38,-21.4790000000182));
#4494=CARTESIAN_POINT('Origin',(-44.6634655706411,25.38,-21.2290000000182));
#4495=CARTESIAN_POINT('',(-45.9134655706411,25.38,-21.2290000000005));
#4496=CARTESIAN_POINT('',(-20.2067327853206,25.38,-21.2290000000005));
#4497=CARTESIAN_POINT('',(-45.9134655706411,25.38,-20.2290000000182));
#4498=CARTESIAN_POINT('',(-44.6634655706411,25.38,-20.2290000000182));
#4499=CARTESIAN_POINT('',(-45.9134655706411,25.38,-21.2290000000182));
#4500=CARTESIAN_POINT('Origin',(-45.9134655706411,24.88,-21.2290000000182));
#4501=CARTESIAN_POINT('',(-45.4134655706411,24.88,-21.2290000000009));
#4502=CARTESIAN_POINT('Origin',(-45.9134655706411,24.88,-21.2290000000037));
#4503=CARTESIAN_POINT('',(-45.4134655706411,24.88,-20.2290000000182));
#4504=CARTESIAN_POINT('Origin',(-45.9134655706411,24.88,-20.2290000000182));
#4505=CARTESIAN_POINT('',(-45.4134655706411,24.88,-21.2290000000182));
#4506=CARTESIAN_POINT('Origin',(-45.4134655706411,23.0585934061577,-21.2290000000182));
#4507=CARTESIAN_POINT('',(-45.4134655706411,22.8085934061577,-21.2290000000023));
#4508=CARTESIAN_POINT('',(-45.4134655706411,21.9429028371908,-21.2290000000029));
#4509=CARTESIAN_POINT('',(-45.4134655706411,22.8085934061577,-20.2290000000182));
#4510=CARTESIAN_POINT('',(-45.4134655706411,23.0585934061577,-20.2290000000182));
#4511=CARTESIAN_POINT('',(-45.4134655706411,22.8085934061577,-21.2290000000182));
#4512=CARTESIAN_POINT('Origin',(-44.9134655706411,22.8085934061577,-21.2290000000182));
#4513=CARTESIAN_POINT('',(-44.9134655706411,22.3085934061577,-21.2290000000026));
#4514=CARTESIAN_POINT('Origin',(-44.9134655706411,22.8085934061577,-21.2290000000037));
#4515=CARTESIAN_POINT('',(-44.9134655706411,22.3085934061577,-20.2290000000182));
#4516=CARTESIAN_POINT('Origin',(-44.9134655706411,22.8085934061577,-20.2290000000182));
#4517=CARTESIAN_POINT('',(-44.9134655706411,22.3085934061577,-21.2290000000182));
#4518=CARTESIAN_POINT('Origin',(-35.8807724565129,22.3085934061577,-21.2290000000182));
#4519=CARTESIAN_POINT('',(-35.6307724565129,22.3085934061577,-21.2290000000026));
#4520=CARTESIAN_POINT('',(-15.8153862282564,22.3085934061577,-21.2290000000026));
#4521=CARTESIAN_POINT('',(-35.6307724565129,22.3085934061577,-20.2290000000182));
#4522=CARTESIAN_POINT('',(-35.8807724565129,22.3085934061577,-20.2290000000182));
#4523=CARTESIAN_POINT('',(-35.6307724565129,22.3085934061577,-21.2290000000182));
#4524=CARTESIAN_POINT('Origin',(-35.6307724565129,22.8085934061577,-21.2290000000182));
#4525=CARTESIAN_POINT('',(-35.1307724565129,22.8085934061577,-21.2290000000023));
#4526=CARTESIAN_POINT('Origin',(-35.6307724565129,22.8085934061577,-21.2290000000037));
#4527=CARTESIAN_POINT('',(-35.1307724565129,22.8085934061577,-20.2290000000182));
#4528=CARTESIAN_POINT('Origin',(-35.6307724565129,22.8085934061577,-20.2290000000182));
#4529=CARTESIAN_POINT('',(-35.1307724565129,22.8085934061577,-21.2290000000182));
#4530=CARTESIAN_POINT('Origin',(-35.1307724565129,29.2014065938423,-21.2290000000182));
#4531=CARTESIAN_POINT('',(-35.1307724565129,27.9514065938423,-21.2289999999987));
#4532=CARTESIAN_POINT('',(-35.1307724565129,25.014309431033,-21.2290000000008));
#4533=CARTESIAN_POINT('',(-35.1307724565129,27.9514065938423,-20.2290000000182));
#4534=CARTESIAN_POINT('',(-35.1307724565129,29.2014065938423,-20.2290000000182));
#4535=CARTESIAN_POINT('',(-35.1307724565129,27.9514065938423,-21.2290000000182));
#4536=CARTESIAN_POINT('Origin',(-34.6307724565129,27.9514065938423,-21.2290000000182));
#4537=CARTESIAN_POINT('',(-34.6307724565129,28.4514065938423,-21.2289999999984));
#4538=CARTESIAN_POINT('Origin',(-34.6307724565129,27.9514065938423,-21.2290000000037));
#4539=CARTESIAN_POINT('',(-34.6307724565129,28.4514065938423,-20.2290000000182));
#4540=CARTESIAN_POINT('Origin',(-34.6307724565129,27.9514065938423,-20.2290000000182));
#4541=CARTESIAN_POINT('',(-34.6307724565129,28.4514065938423,-21.2290000000182));
#4542=CARTESIAN_POINT('Origin',(-27.0980793423847,28.4514065938423,-21.2290000000182));
#4543=CARTESIAN_POINT('',(-28.3480793423847,28.4514065938423,-21.2289999999984));
#4544=CARTESIAN_POINT('',(-11.4240396711923,28.4514065938423,-21.2289999999984));
#4545=CARTESIAN_POINT('',(-28.3480793423847,28.4514065938423,-20.2290000000182));
#4546=CARTESIAN_POINT('',(-27.0980793423847,28.4514065938423,-20.2290000000182));
#4547=CARTESIAN_POINT('',(-28.3480793423847,28.4514065938423,-21.2290000000182));
#4548=CARTESIAN_POINT('Origin',(-28.3480793423847,27.9514065938423,-21.2290000000182));
#4549=CARTESIAN_POINT('',(-27.8480793423847,27.9514065938423,-21.2289999999987));
#4550=CARTESIAN_POINT('Origin',(-28.3480793423847,27.9514065938423,-21.2290000000037));
#4551=CARTESIAN_POINT('',(-27.8480793423847,27.9514065938423,-20.2290000000182));
#4552=CARTESIAN_POINT('Origin',(-28.3480793423847,27.9514065938423,-20.2290000000182));
#4553=CARTESIAN_POINT('',(-27.8480793423847,27.9514065938423,-21.2290000000182));
#4554=CARTESIAN_POINT('Origin',(-27.8480793423847,23.0585934061577,-21.2290000000182));
#4555=CARTESIAN_POINT('',(-27.8480793423847,22.8085934061577,-21.2290000000023));
#4556=CARTESIAN_POINT('',(-27.8480793423847,21.9429028371908,-21.2290000000029));
#4557=CARTESIAN_POINT('',(-27.8480793423847,22.8085934061577,-20.2290000000182));
#4558=CARTESIAN_POINT('',(-27.8480793423847,23.0585934061577,-20.2290000000182));
#4559=CARTESIAN_POINT('',(-27.8480793423847,22.8085934061577,-21.2290000000182));
#4560=CARTESIAN_POINT('Origin',(-27.3480793423847,22.8085934061577,-21.2290000000182));
#4561=CARTESIAN_POINT('',(-27.3480793423847,22.3085934061577,-21.2290000000026));
#4562=CARTESIAN_POINT('Origin',(-27.3480793423847,22.8085934061577,-21.2290000000037));
#4563=CARTESIAN_POINT('',(-27.3480793423847,22.3085934061577,-20.2290000000182));
#4564=CARTESIAN_POINT('Origin',(-27.3480793423847,22.8085934061577,-20.2290000000182));
#4565=CARTESIAN_POINT('',(-27.3480793423847,22.3085934061577,-21.2290000000182));
#4566=CARTESIAN_POINT('Origin',(-18.3153862282564,22.3085934061577,-21.2290000000182));
#4567=CARTESIAN_POINT('',(-18.0653862282564,22.3085934061577,-21.2290000000026));
#4568=CARTESIAN_POINT('',(-7.03269311412823,22.3085934061577,-21.2290000000026));
#4569=CARTESIAN_POINT('',(-18.0653862282564,22.3085934061577,-20.2290000000182));
#4570=CARTESIAN_POINT('',(-18.3153862282564,22.3085934061577,-20.2290000000182));
#4571=CARTESIAN_POINT('',(-18.0653862282564,22.3085934061577,-21.2290000000182));
#4572=CARTESIAN_POINT('Origin',(-18.0653862282564,22.8085934061577,-21.2290000000182));
#4573=CARTESIAN_POINT('',(-17.5653862282564,22.8085934061577,-21.2290000000023));
#4574=CARTESIAN_POINT('Origin',(-18.0653862282564,22.8085934061577,-21.2290000000037));
#4575=CARTESIAN_POINT('',(-17.5653862282564,22.8085934061577,-20.2290000000182));
#4576=CARTESIAN_POINT('Origin',(-18.0653862282564,22.8085934061577,-20.2290000000182));
#4577=CARTESIAN_POINT('',(-17.5653862282564,22.8085934061577,-21.2290000000182));
#4578=CARTESIAN_POINT('Origin',(-17.5653862282564,29.2014065938423,-21.2290000000182));
#4579=CARTESIAN_POINT('',(-17.5653862282564,27.9514065938423,-21.2289999999987));
#4580=CARTESIAN_POINT('',(-17.5653862282564,25.014309431033,-21.2290000000008));
#4581=CARTESIAN_POINT('',(-17.5653862282564,27.9514065938423,-20.2290000000182));
#4582=CARTESIAN_POINT('',(-17.5653862282564,29.2014065938423,-20.2290000000182));
#4583=CARTESIAN_POINT('',(-17.5653862282564,27.9514065938423,-21.2290000000182));
#4584=CARTESIAN_POINT('Origin',(-17.0653862282564,27.9514065938423,-21.2290000000182));
#4585=CARTESIAN_POINT('',(-17.0653862282564,28.4514065938423,-21.2289999999984));
#4586=CARTESIAN_POINT('Origin',(-17.0653862282564,27.9514065938423,-21.2290000000037));
#4587=CARTESIAN_POINT('',(-17.0653862282564,28.4514065938423,-20.2290000000182));
#4588=CARTESIAN_POINT('Origin',(-17.0653862282564,27.9514065938423,-20.2290000000182));
#4589=CARTESIAN_POINT('',(-17.0653862282564,28.4514065938423,-21.2290000000182));
#4590=CARTESIAN_POINT('Origin',(-9.53269311412823,28.4514065938423,-21.2290000000182));
#4591=CARTESIAN_POINT('',(-10.7826931141282,28.4514065938423,-21.2289999999984));
#4592=CARTESIAN_POINT('',(-2.64134655706412,28.4514065938423,-21.2289999999984));
#4593=CARTESIAN_POINT('',(-10.7826931141282,28.4514065938423,-20.2290000000182));
#4594=CARTESIAN_POINT('',(-9.53269311412823,28.4514065938423,-20.2290000000182));
#4595=CARTESIAN_POINT('',(-10.7826931141282,28.4514065938423,-21.2290000000182));
#4596=CARTESIAN_POINT('Origin',(-10.7826931141282,27.9514065938423,-21.2290000000182));
#4597=CARTESIAN_POINT('',(-10.2826931141282,27.9514065938423,-21.2289999999987));
#4598=CARTESIAN_POINT('Origin',(-10.7826931141282,27.9514065938423,-21.2290000000037));
#4599=CARTESIAN_POINT('',(-10.2826931141282,27.9514065938423,-20.2290000000182));
#4600=CARTESIAN_POINT('Origin',(-10.7826931141282,27.9514065938423,-20.2290000000182));
#4601=CARTESIAN_POINT('',(-10.2826931141282,27.9514065938423,-21.2290000000182));
#4602=CARTESIAN_POINT('Origin',(-10.2826931141282,23.0585934061577,-21.2290000000182));
#4603=CARTESIAN_POINT('',(-10.2826931141282,22.8085934061577,-21.2290000000023));
#4604=CARTESIAN_POINT('',(-10.2826931141282,21.9429028371908,-21.2290000000029));
#4605=CARTESIAN_POINT('',(-10.2826931141282,22.8085934061577,-20.2290000000182));
#4606=CARTESIAN_POINT('',(-10.2826931141282,23.0585934061577,-20.2290000000182));
#4607=CARTESIAN_POINT('',(-10.2826931141282,22.8085934061577,-21.2290000000182));
#4608=CARTESIAN_POINT('Origin',(-9.78269311412823,22.8085934061577,-21.2290000000182));
#4609=CARTESIAN_POINT('',(-9.78269311412823,22.3085934061577,-21.2290000000026));
#4610=CARTESIAN_POINT('Origin',(-9.78269311412823,22.8085934061577,-21.2290000000037));
#4611=CARTESIAN_POINT('',(-9.78269311412823,22.3085934061577,-20.2290000000182));
#4612=CARTESIAN_POINT('Origin',(-9.78269311412823,22.8085934061577,-20.2290000000182));
#4613=CARTESIAN_POINT('',(-9.78269311412823,22.3085934061577,-21.2290000000182));
#4614=CARTESIAN_POINT('Origin',(-0.750000000000011,22.3085934061577,-21.2290000000182));
#4615=CARTESIAN_POINT('',(-0.500000000000011,22.3085934061577,-21.2290000000026));
#4616=CARTESIAN_POINT('',(1.74999999999999,22.3085934061577,-21.2290000000026));
#4617=CARTESIAN_POINT('',(-0.500000000000011,22.3085934061577,-20.2290000000182));
#4618=CARTESIAN_POINT('',(-0.750000000000011,22.3085934061577,-20.2290000000182));
#4619=CARTESIAN_POINT('',(-0.500000000000011,22.3085934061577,-21.2290000000182));
#4620=CARTESIAN_POINT('Origin',(-0.500000000000011,22.8085934061577,-21.2290000000182));
#4621=CARTESIAN_POINT('',(-1.11716191852906E-14,22.8085934061577,-21.2290000000023));
#4622=CARTESIAN_POINT('Origin',(-0.500000000000011,22.8085934061577,-21.2290000000037));
#4623=CARTESIAN_POINT('',(-1.11530620420649E-14,22.8085934061577,-20.2290000000182));
#4624=CARTESIAN_POINT('Origin',(-0.500000000000011,22.8085934061577,-20.2290000000182));
#4625=CARTESIAN_POINT('',(-1.11716191852906E-14,22.8085934061577,-21.2290000000182));
#4626=CARTESIAN_POINT('Origin',(-9.85322934354826E-15,29.2014065938423,
-21.2290000000182));
#4627=CARTESIAN_POINT('',(-1.01307850997046E-14,27.9514065938423,-21.2289999999987));
#4628=CARTESIAN_POINT('',(-1.08246744900953E-14,25.014309431033,-21.2290000000008));
#4629=CARTESIAN_POINT('',(-1.01073883226149E-14,27.9514065938423,-20.2290000000182));
#4630=CARTESIAN_POINT('',(-9.85322934354826E-15,29.2014065938423,-20.2290000000182));
#4631=CARTESIAN_POINT('',(-1.01307850997046E-14,27.9514065938423,-21.2290000000182));
#4632=CARTESIAN_POINT('Origin',(0.49999999999999,27.9514065938423,-21.2290000000182));
#4633=CARTESIAN_POINT('',(0.49999999999999,28.4514065938423,-21.2289999999984));
#4634=CARTESIAN_POINT('Origin',(0.49999999999999,27.9514065938423,-21.2290000000037));
#4635=CARTESIAN_POINT('',(0.49999999999999,28.4514065938423,-20.2290000000182));
#4636=CARTESIAN_POINT('Origin',(0.49999999999999,27.9514065938423,-20.2290000000182));
#4637=CARTESIAN_POINT('',(0.49999999999999,28.4514065938423,-21.2290000000182));
#4638=CARTESIAN_POINT('Origin',(8.03269311412821,28.4514065938423,-21.2290000000182));
#4639=CARTESIAN_POINT('',(6.78269311412821,28.4514065938423,-21.2289999999984));
#4640=CARTESIAN_POINT('',(6.1413465570641,28.4514065938423,-21.2289999999984));
#4641=CARTESIAN_POINT('',(6.78269311412821,28.4514065938423,-20.2290000000182));
#4642=CARTESIAN_POINT('',(-0.750000000000011,28.4514065938423,-20.2290000000182));
#4643=CARTESIAN_POINT('',(6.78269311412821,28.4514065938423,-21.2290000000182));
#4644=CARTESIAN_POINT('Origin',(6.78269311412821,27.9514065938423,-21.2290000000182));
#4645=CARTESIAN_POINT('',(7.28269311412821,27.9514065938423,-21.2289999999987));
#4646=CARTESIAN_POINT('Origin',(6.78269311412821,27.9514065938423,-21.2290000000037));
#4647=CARTESIAN_POINT('',(7.28269311412821,27.9514065938423,-20.2290000000182));
#4648=CARTESIAN_POINT('Origin',(6.78269311412821,27.9514065938423,-20.2290000000182));
#4649=CARTESIAN_POINT('',(7.28269311412821,27.9514065938423,-21.2290000000182));
#4650=CARTESIAN_POINT('Origin',(7.28269311412821,23.0585934061577,-21.2290000000182));
#4651=CARTESIAN_POINT('',(7.28269311412821,22.8085934061577,-21.2290000000023));
#4652=CARTESIAN_POINT('',(7.28269311412821,21.9429028371908,-21.2290000000029));
#4653=CARTESIAN_POINT('',(7.28269311412821,22.8085934061577,-20.2290000000182));
#4654=CARTESIAN_POINT('',(7.28269311412821,29.2014065938423,-20.2290000000182));
#4655=CARTESIAN_POINT('',(7.28269311412821,22.8085934061577,-21.2290000000182));
#4656=CARTESIAN_POINT('Origin',(7.78269311412821,22.8085934061577,-21.2290000000182));
#4657=CARTESIAN_POINT('',(7.78269311412821,22.3085934061577,-21.2290000000026));
#4658=CARTESIAN_POINT('Origin',(7.78269311412821,22.8085934061577,-21.2290000000037));
#4659=CARTESIAN_POINT('',(7.78269311412821,22.3085934061577,-20.2290000000182));
#4660=CARTESIAN_POINT('Origin',(7.78269311412821,22.8085934061577,-20.2290000000182));
#4661=CARTESIAN_POINT('',(7.78269311412821,22.3085934061577,-21.2290000000182));
#4662=CARTESIAN_POINT('Origin',(16.8153862282564,22.3085934061577,-21.2290000000182));
#4663=CARTESIAN_POINT('',(17.0653862282564,22.3085934061577,-21.2290000000026));
#4664=CARTESIAN_POINT('',(10.5326931141282,22.3085934061577,-21.2290000000026));
#4665=CARTESIAN_POINT('',(17.0653862282564,22.3085934061577,-20.2290000000182));
#4666=CARTESIAN_POINT('',(8.03269311412821,22.3085934061577,-20.2290000000182));
#4667=CARTESIAN_POINT('',(17.0653862282564,22.3085934061577,-21.2290000000182));
#4668=CARTESIAN_POINT('Origin',(17.0653862282564,22.8085934061577,-21.2290000000182));
#4669=CARTESIAN_POINT('',(17.5653862282564,22.8085934061577,-21.2290000000023));
#4670=CARTESIAN_POINT('Origin',(17.0653862282564,22.8085934061577,-21.2290000000037));
#4671=CARTESIAN_POINT('',(17.5653862282564,22.8085934061577,-20.2290000000182));
#4672=CARTESIAN_POINT('Origin',(17.0653862282564,22.8085934061577,-20.2290000000182));
#4673=CARTESIAN_POINT('',(17.5653862282564,22.8085934061577,-21.2290000000182));
#4674=CARTESIAN_POINT('Origin',(17.5653862282564,29.2014065938423,-21.2290000000182));
#4675=CARTESIAN_POINT('',(17.5653862282564,27.9514065938423,-21.2289999999987));
#4676=CARTESIAN_POINT('',(17.5653862282564,25.014309431033,-21.2290000000008));
#4677=CARTESIAN_POINT('',(17.5653862282564,27.9514065938423,-20.2290000000182));
#4678=CARTESIAN_POINT('',(17.5653862282564,23.0585934061577,-20.2290000000182));
#4679=CARTESIAN_POINT('',(17.5653862282564,27.9514065938423,-21.2290000000182));
#4680=CARTESIAN_POINT('Origin',(18.0653862282564,27.9514065938423,-21.2290000000182));
#4681=CARTESIAN_POINT('',(18.0653862282564,28.4514065938423,-21.2289999999984));
#4682=CARTESIAN_POINT('Origin',(18.0653862282564,27.9514065938423,-21.2290000000037));
#4683=CARTESIAN_POINT('',(18.0653862282564,28.4514065938423,-20.2290000000182));
#4684=CARTESIAN_POINT('Origin',(18.0653862282564,27.9514065938423,-20.2290000000182));
#4685=CARTESIAN_POINT('',(18.0653862282564,28.4514065938423,-21.2290000000182));
#4686=CARTESIAN_POINT('Origin',(25.5980793423846,28.4514065938423,-21.2290000000182));
#4687=CARTESIAN_POINT('',(24.3480793423846,28.4514065938423,-21.2289999999984));
#4688=CARTESIAN_POINT('',(14.9240396711923,28.4514065938423,-21.2289999999984));
#4689=CARTESIAN_POINT('',(24.3480793423846,28.4514065938423,-20.2290000000182));
#4690=CARTESIAN_POINT('',(16.8153862282564,28.4514065938423,-20.2290000000182));
#4691=CARTESIAN_POINT('',(24.3480793423846,28.4514065938423,-21.2290000000182));
#4692=CARTESIAN_POINT('Origin',(24.3480793423846,27.9514065938423,-21.2290000000182));
#4693=CARTESIAN_POINT('',(24.8480793423846,27.9514065938423,-21.2289999999987));
#4694=CARTESIAN_POINT('Origin',(24.3480793423846,27.9514065938423,-21.2290000000037));
#4695=CARTESIAN_POINT('',(24.8480793423846,27.9514065938423,-20.2290000000182));
#4696=CARTESIAN_POINT('Origin',(24.3480793423846,27.9514065938423,-20.2290000000182));
#4697=CARTESIAN_POINT('',(24.8480793423846,27.9514065938423,-21.2290000000182));
#4698=CARTESIAN_POINT('Origin',(24.8480793423846,23.0585934061577,-21.2290000000182));
#4699=CARTESIAN_POINT('',(24.8480793423846,22.8085934061577,-21.2290000000023));
#4700=CARTESIAN_POINT('',(24.8480793423846,21.9429028371908,-21.2290000000029));
#4701=CARTESIAN_POINT('',(24.8480793423846,22.8085934061577,-20.2290000000182));
#4702=CARTESIAN_POINT('',(24.8480793423846,29.2014065938423,-20.2290000000182));
#4703=CARTESIAN_POINT('',(24.8480793423846,22.8085934061577,-21.2290000000182));
#4704=CARTESIAN_POINT('Origin',(25.3480793423846,22.8085934061577,-21.2290000000182));
#4705=CARTESIAN_POINT('',(25.3480793423846,22.3085934061577,-21.2290000000026));
#4706=CARTESIAN_POINT('Origin',(25.3480793423846,22.8085934061577,-21.2290000000037));
#4707=CARTESIAN_POINT('',(25.3480793423846,22.3085934061577,-20.2290000000182));
#4708=CARTESIAN_POINT('Origin',(25.3480793423846,22.8085934061577,-20.2290000000182));
#4709=CARTESIAN_POINT('',(25.3480793423846,22.3085934061577,-21.2290000000182));
#4710=CARTESIAN_POINT('Origin',(34.3807724565129,22.3085934061577,-21.2290000000182));
#4711=CARTESIAN_POINT('',(34.6307724565129,22.3085934061577,-21.2290000000026));
#4712=CARTESIAN_POINT('',(19.3153862282564,22.3085934061577,-21.2290000000026));
#4713=CARTESIAN_POINT('',(34.6307724565129,22.3085934061577,-20.2290000000182));
#4714=CARTESIAN_POINT('',(25.5980793423846,22.3085934061577,-20.2290000000182));
#4715=CARTESIAN_POINT('',(34.6307724565129,22.3085934061577,-21.2290000000182));
#4716=CARTESIAN_POINT('Origin',(34.6307724565129,22.8085934061577,-21.2290000000182));
#4717=CARTESIAN_POINT('',(35.1307724565129,22.8085934061577,-21.2290000000023));
#4718=CARTESIAN_POINT('Origin',(34.6307724565129,22.8085934061577,-21.2290000000037));
#4719=CARTESIAN_POINT('',(35.1307724565129,22.8085934061577,-20.2290000000182));
#4720=CARTESIAN_POINT('Origin',(34.6307724565129,22.8085934061577,-20.2290000000182));
#4721=CARTESIAN_POINT('',(35.1307724565129,22.8085934061577,-21.2290000000182));
#4722=CARTESIAN_POINT('Origin',(35.1307724565129,29.2014065938423,-21.2290000000182));
#4723=CARTESIAN_POINT('',(35.1307724565129,27.9514065938423,-21.2289999999987));
#4724=CARTESIAN_POINT('',(35.1307724565129,25.014309431033,-21.2290000000008));
#4725=CARTESIAN_POINT('',(35.1307724565129,27.9514065938423,-20.2290000000182));
#4726=CARTESIAN_POINT('',(35.1307724565129,23.0585934061577,-20.2290000000182));
#4727=CARTESIAN_POINT('',(35.1307724565129,27.9514065938423,-21.2290000000182));
#4728=CARTESIAN_POINT('Origin',(35.6307724565129,27.9514065938423,-21.2290000000182));
#4729=CARTESIAN_POINT('',(35.6307724565129,28.4514065938423,-21.2289999999984));
#4730=CARTESIAN_POINT('Origin',(35.6307724565129,27.9514065938423,-21.2290000000037));
#4731=CARTESIAN_POINT('',(35.6307724565129,28.4514065938423,-20.2290000000182));
#4732=CARTESIAN_POINT('Origin',(35.6307724565129,27.9514065938423,-20.2290000000182));
#4733=CARTESIAN_POINT('',(35.6307724565129,28.4514065938423,-21.2290000000182));
#4734=CARTESIAN_POINT('Origin',(43.1634655706411,28.4514065938423,-21.2290000000182));
#4735=CARTESIAN_POINT('',(41.9134655706411,28.4514065938423,-21.2289999999984));
#4736=CARTESIAN_POINT('',(23.7067327853205,28.4514065938423,-21.2289999999984));
#4737=CARTESIAN_POINT('',(41.9134655706411,28.4514065938423,-20.2290000000182));
#4738=CARTESIAN_POINT('',(34.3807724565129,28.4514065938423,-20.2290000000182));
#4739=CARTESIAN_POINT('',(41.9134655706411,28.4514065938423,-21.2290000000182));
#4740=CARTESIAN_POINT('Origin',(41.9134655706411,27.9514065938423,-21.2290000000182));
#4741=CARTESIAN_POINT('',(42.4134655706411,27.9514065938423,-21.2289999999987));
#4742=CARTESIAN_POINT('Origin',(41.9134655706411,27.9514065938423,-21.2290000000037));
#4743=CARTESIAN_POINT('',(42.4134655706411,27.9514065938423,-20.2290000000182));
#4744=CARTESIAN_POINT('Origin',(41.9134655706411,27.9514065938423,-20.2290000000182));
#4745=CARTESIAN_POINT('',(42.4134655706411,27.9514065938423,-21.2290000000182));
#4746=CARTESIAN_POINT('Origin',(42.4134655706411,26.13,-21.2290000000182));
#4747=CARTESIAN_POINT('',(42.4134655706411,25.88,-21.2290000000002));
#4748=CARTESIAN_POINT('',(42.4134655706411,23.4786061341119,-21.2290000000018));
#4749=CARTESIAN_POINT('',(42.4134655706411,25.88,-20.2290000000182));
#4750=CARTESIAN_POINT('',(42.4134655706411,29.2014065938423,-20.2290000000182));
#4751=CARTESIAN_POINT('',(42.4134655706411,25.88,-21.2290000000182));
#4752=CARTESIAN_POINT('Origin',(42.9134655706411,25.88,-21.2290000000182));
#4753=CARTESIAN_POINT('',(42.9134655706411,25.38,-21.2290000000005));
#4754=CARTESIAN_POINT('Origin',(42.9134655706411,25.88,-21.2290000000037));
#4755=CARTESIAN_POINT('',(42.9134655706411,25.38,-20.2290000000182));
#4756=CARTESIAN_POINT('Origin',(42.9134655706411,25.88,-20.2290000000182));
#4757=CARTESIAN_POINT('',(42.9134655706411,25.38,-21.2290000000182));
#4758=CARTESIAN_POINT('Origin',(47.6858285605913,25.38,-21.2290000000182));
#4759=CARTESIAN_POINT('',(47.1858285605913,25.38,-21.2290000000005));
#4760=CARTESIAN_POINT('',(25.9679142802956,25.38,-21.2290000000005));
#4761=CARTESIAN_POINT('',(47.1858285605913,25.38,-20.2290000000182));
#4762=CARTESIAN_POINT('',(43.1634655706411,25.38,-20.2290000000182));
#4763=CARTESIAN_POINT('',(47.1858285605913,25.38,-21.4790000000182));
#4764=CARTESIAN_POINT('Origin',(47.1858285605913,25.88,-21.4790000000182));
#4765=CARTESIAN_POINT('',(47.6858285605913,25.88,-21.2290000000002));
#4766=CARTESIAN_POINT('Origin',(47.1858285605913,25.88,-21.2290000000037));
#4767=CARTESIAN_POINT('',(47.6858285605913,25.88,-20.2290000000182));
#4768=CARTESIAN_POINT('Origin',(47.1858285605913,25.88,-20.2290000000182));
#4769=CARTESIAN_POINT('',(47.6858285605913,25.88,-21.4790000000182));
#4770=CARTESIAN_POINT('Origin',(47.6858285605913,26.13,-21.7290000000182));
#4771=CARTESIAN_POINT('',(47.6858285605913,26.38,-21.2289999999998));
#4772=CARTESIAN_POINT('',(47.6858285605913,23.4786061341117,-21.2290000000018));
#4773=CARTESIAN_POINT('',(47.6858285605913,26.38,-20.2290000000182));
#4774=CARTESIAN_POINT('',(47.6858285605913,26.13,-20.2290000000182));
#4775=CARTESIAN_POINT('',(47.6858285605913,26.38,-21.4790000000182));
#4776=CARTESIAN_POINT('Origin',(26.8480793423846,24.3085934061577,-21.2290000000182));
#4777=CARTESIAN_POINT('',(26.8480793423846,23.8085934061577,-21.2290000000016));
#4778=CARTESIAN_POINT('',(26.3480793423846,24.3085934061577,-21.2290000000012));
#4779=CARTESIAN_POINT('Origin',(26.8480793423846,24.3085934061577,-21.2290000000037));
#4780=CARTESIAN_POINT('',(26.8480793423846,23.8085934061577,-20.2290000000182));
#4781=CARTESIAN_POINT('',(26.8480793423846,23.8085934061577,-21.2290000000182));
#4782=CARTESIAN_POINT('',(26.3480793423846,24.3085934061577,-20.2290000000182));
#4783=CARTESIAN_POINT('Origin',(26.8480793423846,24.3085934061577,-20.2290000000182));
#4784=CARTESIAN_POINT('',(26.3480793423846,24.3085934061577,-21.2290000000182));
#4785=CARTESIAN_POINT('Origin',(26.3480793423846,23.0585934061577,-21.2290000000182));
#4786=CARTESIAN_POINT('',(26.3480793423846,29.4514065938423,-21.2289999999977));
#4787=CARTESIAN_POINT('',(26.3480793423846,21.9429028371908,-21.2290000000029));
#4788=CARTESIAN_POINT('',(26.3480793423846,29.4514065938423,-20.2290000000182));
#4789=CARTESIAN_POINT('',(26.3480793423846,29.2014065938423,-20.2290000000182));
#4790=CARTESIAN_POINT('',(26.3480793423846,29.4514065938423,-21.2290000000182));
#4791=CARTESIAN_POINT('Origin',(-48.6858285605913,26.38,-21.4790000000182));
#4792=CARTESIAN_POINT('',(-48.6858285605913,26.88,-21.2289999999995));
#4793=CARTESIAN_POINT('',(-49.1858285605913,26.38,-21.2289999999998));
#4794=CARTESIAN_POINT('Origin',(-48.6858285605913,26.38,-21.2290000000037));
#4795=CARTESIAN_POINT('',(-48.6858285605913,26.88,-20.2290000000182));
#4796=CARTESIAN_POINT('',(-48.6858285605913,26.88,-21.4790000000182));
#4797=CARTESIAN_POINT('',(-49.1858285605913,26.38,-20.2290000000182));
#4798=CARTESIAN_POINT('Origin',(-48.6858285605913,26.38,-20.2290000000182));
#4799=CARTESIAN_POINT('',(-49.1858285605913,26.38,-21.4790000000182));
#4800=CARTESIAN_POINT('Origin',(-44.6634655706411,26.88,-21.2290000000182));
#4801=CARTESIAN_POINT('',(-44.4134655706411,26.88,-21.2289999999995));
#4802=CARTESIAN_POINT('',(-20.2067327853206,26.88,-21.2289999999995));
#4803=CARTESIAN_POINT('',(-44.4134655706411,26.88,-20.2290000000182));
#4804=CARTESIAN_POINT('',(-44.4134655706411,26.88,-21.2290000000182));
#4805=CARTESIAN_POINT('',(-44.6634655706411,26.88,-20.2290000000182));
#4806=CARTESIAN_POINT('Origin',(45.4246470656162,26.13,-20.2290000000182));
#4807=CARTESIAN_POINT('',(-49.1858285605913,26.13,-20.2290000000182));
#4808=CARTESIAN_POINT('',(-43.9134655706411,26.38,-20.2290000000182));
#4809=CARTESIAN_POINT('Origin',(-44.4134655706411,26.38,-20.2290000000182));
#4810=CARTESIAN_POINT('',(-43.9134655706411,24.3085934061577,-20.2290000000182));
#4811=CARTESIAN_POINT('',(-43.9134655706411,23.0585934061577,-20.2290000000182));
#4812=CARTESIAN_POINT('',(-43.4134655706411,23.8085934061577,-20.2290000000182));
#4813=CARTESIAN_POINT('Origin',(-43.4134655706411,24.3085934061577,-20.2290000000182));
#4814=CARTESIAN_POINT('',(-37.1307724565129,23.8085934061577,-20.2290000000182));
#4815=CARTESIAN_POINT('',(-35.8807724565129,23.8085934061577,-20.2290000000182));
#4816=CARTESIAN_POINT('',(-36.6307724565129,24.3085934061577,-20.2290000000182));
#4817=CARTESIAN_POINT('Origin',(-37.1307724565129,24.3085934061577,-20.2290000000182));
#4818=CARTESIAN_POINT('',(-36.6307724565129,29.4514065938423,-20.2290000000182));
#4819=CARTESIAN_POINT('',(-36.6307724565129,29.2014065938423,-20.2290000000182));
#4820=CARTESIAN_POINT('',(-36.1307724565129,29.9514065938423,-20.2290000000182));
#4821=CARTESIAN_POINT('Origin',(-36.1307724565129,29.4514065938423,-20.2290000000182));
#4822=CARTESIAN_POINT('',(-26.8480793423847,29.9514065938423,-20.2290000000182));
#4823=CARTESIAN_POINT('',(-27.0980793423847,29.9514065938423,-20.2290000000182));
#4824=CARTESIAN_POINT('',(-26.3480793423847,29.4514065938423,-20.2290000000182));
#4825=CARTESIAN_POINT('Origin',(-26.8480793423847,29.4514065938423,-20.2290000000182));
#4826=CARTESIAN_POINT('',(-26.3480793423847,24.3085934061577,-20.2290000000182));
#4827=CARTESIAN_POINT('',(-26.3480793423847,23.0585934061577,-20.2290000000182));
#4828=CARTESIAN_POINT('',(-25.8480793423847,23.8085934061577,-20.2290000000182));
#4829=CARTESIAN_POINT('Origin',(-25.8480793423847,24.3085934061577,-20.2290000000182));
#4830=CARTESIAN_POINT('',(-19.5653862282564,23.8085934061577,-20.2290000000182));
#4831=CARTESIAN_POINT('',(-18.3153862282564,23.8085934061577,-20.2290000000182));
#4832=CARTESIAN_POINT('',(-19.0653862282564,24.3085934061577,-20.2290000000182));
#4833=CARTESIAN_POINT('Origin',(-19.5653862282564,24.3085934061577,-20.2290000000182));
#4834=CARTESIAN_POINT('',(-19.0653862282564,29.4514065938423,-20.2290000000182));
#4835=CARTESIAN_POINT('',(-19.0653862282564,29.2014065938423,-20.2290000000182));
#4836=CARTESIAN_POINT('',(-18.5653862282564,29.9514065938423,-20.2290000000182));
#4837=CARTESIAN_POINT('Origin',(-18.5653862282564,29.4514065938423,-20.2290000000182));
#4838=CARTESIAN_POINT('',(-9.28269311412823,29.9514065938423,-20.2290000000182));
#4839=CARTESIAN_POINT('',(-9.53269311412823,29.9514065938423,-20.2290000000182));
#4840=CARTESIAN_POINT('',(-8.78269311412823,29.4514065938423,-20.2290000000182));
#4841=CARTESIAN_POINT('Origin',(-9.28269311412823,29.4514065938423,-20.2290000000182));
#4842=CARTESIAN_POINT('',(-8.78269311412823,24.3085934061577,-20.2290000000182));
#4843=CARTESIAN_POINT('',(-8.78269311412823,23.0585934061577,-20.2290000000182));
#4844=CARTESIAN_POINT('',(-8.28269311412823,23.8085934061577,-20.2290000000182));
#4845=CARTESIAN_POINT('Origin',(-8.28269311412823,24.3085934061577,-20.2290000000182));
#4846=CARTESIAN_POINT('',(-2.00000000000001,23.8085934061577,-20.2290000000182));
#4847=CARTESIAN_POINT('',(-0.750000000000011,23.8085934061577,-20.2290000000182));
#4848=CARTESIAN_POINT('',(-1.50000000000001,24.3085934061577,-20.2290000000182));
#4849=CARTESIAN_POINT('Origin',(-2.00000000000001,24.3085934061577,-20.2290000000182));
#4850=CARTESIAN_POINT('',(-1.50000000000001,29.4514065938423,-20.2290000000182));
#4851=CARTESIAN_POINT('',(-1.50000000000001,29.2014065938423,-20.2290000000182));
#4852=CARTESIAN_POINT('',(-1.00000000000001,29.9514065938423,-20.2290000000182));
#4853=CARTESIAN_POINT('Origin',(-1.00000000000001,29.4514065938423,-20.2290000000182));
#4854=CARTESIAN_POINT('',(8.28269311412821,29.9514065938423,-20.2290000000182));
#4855=CARTESIAN_POINT('',(-0.750000000000011,29.9514065938423,-20.2290000000182));
#4856=CARTESIAN_POINT('',(8.78269311412821,29.4514065938423,-20.2290000000182));
#4857=CARTESIAN_POINT('Origin',(8.28269311412821,29.4514065938423,-20.2290000000182));
#4858=CARTESIAN_POINT('',(8.78269311412821,24.3085934061577,-20.2290000000182));
#4859=CARTESIAN_POINT('',(8.78269311412821,29.2014065938423,-20.2290000000182));
#4860=CARTESIAN_POINT('',(9.28269311412821,23.8085934061577,-20.2290000000182));
#4861=CARTESIAN_POINT('Origin',(9.28269311412821,24.3085934061577,-20.2290000000182));
#4862=CARTESIAN_POINT('',(15.5653862282564,23.8085934061577,-20.2290000000182));
#4863=CARTESIAN_POINT('',(8.03269311412821,23.8085934061577,-20.2290000000182));
#4864=CARTESIAN_POINT('',(16.0653862282564,24.3085934061577,-20.2290000000182));
#4865=CARTESIAN_POINT('Origin',(15.5653862282564,24.3085934061577,-20.2290000000182));
#4866=CARTESIAN_POINT('',(16.0653862282564,29.4514065938423,-20.2290000000182));
#4867=CARTESIAN_POINT('',(16.0653862282564,23.0585934061577,-20.2290000000182));
#4868=CARTESIAN_POINT('',(16.5653862282564,29.9514065938423,-20.2290000000182));
#4869=CARTESIAN_POINT('Origin',(16.5653862282564,29.4514065938423,-20.2290000000182));
#4870=CARTESIAN_POINT('',(25.8480793423846,29.9514065938423,-20.2290000000182));
#4871=CARTESIAN_POINT('',(16.8153862282564,29.9514065938423,-20.2290000000182));
#4872=CARTESIAN_POINT('Origin',(25.8480793423846,29.4514065938423,-20.2290000000182));
#4873=CARTESIAN_POINT('',(33.1307724565129,23.8085934061577,-20.2290000000182));
#4874=CARTESIAN_POINT('',(25.5980793423846,23.8085934061577,-20.2290000000182));
#4875=CARTESIAN_POINT('',(33.6307724565129,24.3085934061577,-20.2290000000182));
#4876=CARTESIAN_POINT('Origin',(33.1307724565129,24.3085934061577,-20.2290000000182));
#4877=CARTESIAN_POINT('',(33.6307724565129,29.4514065938423,-20.2290000000182));
#4878=CARTESIAN_POINT('',(33.6307724565129,23.0585934061577,-20.2290000000182));
#4879=CARTESIAN_POINT('',(34.1307724565129,29.9514065938423,-20.2290000000182));
#4880=CARTESIAN_POINT('Origin',(34.1307724565129,29.4514065938423,-20.2290000000182));
#4881=CARTESIAN_POINT('',(43.4134655706411,29.9514065938423,-20.2290000000182));
#4882=CARTESIAN_POINT('',(34.3807724565129,29.9514065938423,-20.2290000000182));
#4883=CARTESIAN_POINT('',(43.9134655706411,29.4514065938423,-20.2290000000182));
#4884=CARTESIAN_POINT('Origin',(43.4134655706411,29.4514065938423,-20.2290000000182));
#4885=CARTESIAN_POINT('',(43.9134655706411,27.38,-20.2290000000182));
#4886=CARTESIAN_POINT('',(43.9134655706411,29.2014065938423,-20.2290000000182));
#4887=CARTESIAN_POINT('',(44.4134655706411,26.88,-20.2290000000182));
#4888=CARTESIAN_POINT('Origin',(44.4134655706411,27.38,-20.2290000000182));
#4889=CARTESIAN_POINT('',(47.1858285605913,26.88,-20.2290000000182));
#4890=CARTESIAN_POINT('',(43.1634655706411,26.88,-20.2290000000182));
#4891=CARTESIAN_POINT('Origin',(47.1858285605913,26.38,-20.2290000000182));
#4892=CARTESIAN_POINT('Origin',(15.5653862282564,24.3085934061577,-21.2290000000182));
#4893=CARTESIAN_POINT('',(16.0653862282564,24.3085934061577,-21.2290000000012));
#4894=CARTESIAN_POINT('',(15.5653862282564,23.8085934061577,-21.2290000000016));
#4895=CARTESIAN_POINT('Origin',(15.5653862282564,24.3085934061577,-21.2290000000037));
#4896=CARTESIAN_POINT('',(16.0653862282564,24.3085934061577,-21.2290000000182));
#4897=CARTESIAN_POINT('',(15.5653862282564,23.8085934061577,-21.2290000000182));
#4898=CARTESIAN_POINT('Origin',(16.8153862282564,23.8085934061577,-21.2290000000182));
#4899=CARTESIAN_POINT('',(9.28269311412821,23.8085934061577,-21.2290000000016));
#4900=CARTESIAN_POINT('',(10.5326931141282,23.8085934061577,-21.2290000000016));
#4901=CARTESIAN_POINT('',(9.28269311412821,23.8085934061577,-21.2290000000182));
#4902=CARTESIAN_POINT('Origin',(-43.4134655706411,24.3085934061577,-21.2290000000182));
#4903=CARTESIAN_POINT('',(-43.4134655706411,23.8085934061577,-21.2290000000016));
#4904=CARTESIAN_POINT('',(-43.9134655706411,24.3085934061577,-21.2290000000012));
#4905=CARTESIAN_POINT('Origin',(-43.4134655706411,24.3085934061577,-21.2290000000037));
#4906=CARTESIAN_POINT('',(-43.4134655706411,23.8085934061577,-21.2290000000182));
#4907=CARTESIAN_POINT('',(-43.9134655706411,24.3085934061577,-21.2290000000182));
#4908=CARTESIAN_POINT('Origin',(-43.9134655706411,23.0585934061577,-21.2290000000182));
#4909=CARTESIAN_POINT('',(-43.9134655706411,26.38,-21.2289999999998));
#4910=CARTESIAN_POINT('',(-43.9134655706411,21.9429028371908,-21.2290000000029));
#4911=CARTESIAN_POINT('',(-43.9134655706411,26.38,-21.2290000000182));
#4912=CARTESIAN_POINT('Origin',(16.5653862282564,29.4514065938423,-21.2290000000182));
#4913=CARTESIAN_POINT('',(16.5653862282564,29.9514065938423,-21.2289999999973));
#4914=CARTESIAN_POINT('',(16.0653862282564,29.4514065938423,-21.2289999999977));
#4915=CARTESIAN_POINT('Origin',(16.5653862282564,29.4514065938423,-21.2290000000037));
#4916=CARTESIAN_POINT('',(16.5653862282564,29.9514065938423,-21.2290000000182));
#4917=CARTESIAN_POINT('',(16.0653862282564,29.4514065938423,-21.2290000000182));
#4918=CARTESIAN_POINT('Origin',(16.0653862282564,29.2014065938423,-21.2290000000182));
#4919=CARTESIAN_POINT('',(16.0653862282564,25.014309431033,-21.2290000000008));
#4920=CARTESIAN_POINT('Origin',(33.1307724565129,24.3085934061577,-21.2290000000182));
#4921=CARTESIAN_POINT('',(33.6307724565129,24.3085934061577,-21.2290000000012));
#4922=CARTESIAN_POINT('',(33.1307724565129,23.8085934061577,-21.2290000000016));
#4923=CARTESIAN_POINT('Origin',(33.1307724565129,24.3085934061577,-21.2290000000037));
#4924=CARTESIAN_POINT('',(33.6307724565129,24.3085934061577,-21.2290000000182));
#4925=CARTESIAN_POINT('',(33.1307724565129,23.8085934061577,-21.2290000000182));
#4926=CARTESIAN_POINT('Origin',(34.3807724565129,23.8085934061577,-21.2290000000182));
#4927=CARTESIAN_POINT('',(19.3153862282564,23.8085934061577,-21.2290000000016));
#4928=CARTESIAN_POINT('Origin',(-26.8480793423847,29.4514065938423,-21.2290000000182));
#4929=CARTESIAN_POINT('',(-26.3480793423847,29.4514065938423,-21.2289999999977));
#4930=CARTESIAN_POINT('',(-26.8480793423847,29.9514065938423,-21.2289999999973));
#4931=CARTESIAN_POINT('Origin',(-26.8480793423847,29.4514065938423,-21.2290000000037));
#4932=CARTESIAN_POINT('',(-26.3480793423847,29.4514065938423,-21.2290000000182));
#4933=CARTESIAN_POINT('',(-26.8480793423847,29.9514065938423,-21.2290000000182));
#4934=CARTESIAN_POINT('Origin',(-27.0980793423847,29.9514065938423,-21.2290000000182));
#4935=CARTESIAN_POINT('',(-36.1307724565129,29.9514065938423,-21.2289999999973));
#4936=CARTESIAN_POINT('',(-11.4240396711923,29.9514065938423,-21.2289999999973));
#4937=CARTESIAN_POINT('',(-36.1307724565129,29.9514065938423,-21.2290000000182));
#4938=CARTESIAN_POINT('Origin',(-44.4134655706411,26.38,-21.2290000000182));
#4939=CARTESIAN_POINT('Origin',(-44.4134655706411,26.38,-21.2290000000037));
#4940=CARTESIAN_POINT('Origin',(9.28269311412821,24.3085934061577,-21.2290000000182));
#4941=CARTESIAN_POINT('',(8.78269311412821,24.3085934061577,-21.2290000000012));
#4942=CARTESIAN_POINT('Origin',(9.28269311412821,24.3085934061577,-21.2290000000037));
#4943=CARTESIAN_POINT('',(8.78269311412821,24.3085934061577,-21.2290000000182));
#4944=CARTESIAN_POINT('Origin',(8.78269311412821,23.0585934061577,-21.2290000000182));
#4945=CARTESIAN_POINT('',(8.78269311412821,29.4514065938423,-21.2289999999977));
#4946=CARTESIAN_POINT('',(8.78269311412821,21.9429028371908,-21.2290000000029));
#4947=CARTESIAN_POINT('',(8.78269311412821,29.4514065938423,-21.2290000000182));
#4948=CARTESIAN_POINT('Origin',(-36.1307724565129,29.4514065938423,-21.2290000000182));
#4949=CARTESIAN_POINT('',(-36.6307724565129,29.4514065938423,-21.2289999999977));
#4950=CARTESIAN_POINT('Origin',(-36.1307724565129,29.4514065938423,-21.2290000000037));
#4951=CARTESIAN_POINT('',(-36.6307724565129,29.4514065938423,-21.2290000000182));
#4952=CARTESIAN_POINT('Origin',(-18.5653862282564,29.4514065938423,-21.2290000000182));
#4953=CARTESIAN_POINT('',(-18.5653862282564,29.9514065938423,-21.2289999999973));
#4954=CARTESIAN_POINT('',(-19.0653862282564,29.4514065938423,-21.2289999999977));
#4955=CARTESIAN_POINT('Origin',(-18.5653862282564,29.4514065938423,-21.2290000000037));
#4956=CARTESIAN_POINT('',(-18.5653862282564,29.9514065938423,-21.2290000000182));
#4957=CARTESIAN_POINT('',(-19.0653862282564,29.4514065938423,-21.2290000000182));
#4958=CARTESIAN_POINT('Origin',(-19.0653862282564,29.2014065938423,-21.2290000000182));
#4959=CARTESIAN_POINT('',(-19.0653862282564,24.3085934061577,-21.2290000000012));
#4960=CARTESIAN_POINT('',(-19.0653862282564,25.014309431033,-21.2290000000008));
#4961=CARTESIAN_POINT('',(-19.0653862282564,24.3085934061577,-21.2290000000182));
#4962=CARTESIAN_POINT('Origin',(-2.00000000000001,24.3085934061577,-21.2290000000182));
#4963=CARTESIAN_POINT('',(-1.50000000000001,24.3085934061577,-21.2290000000012));
#4964=CARTESIAN_POINT('',(-2.00000000000001,23.8085934061577,-21.2290000000016));
#4965=CARTESIAN_POINT('Origin',(-2.00000000000001,24.3085934061577,-21.2290000000037));
#4966=CARTESIAN_POINT('',(-1.50000000000001,24.3085934061577,-21.2290000000182));
#4967=CARTESIAN_POINT('',(-2.00000000000001,23.8085934061577,-21.2290000000182));
#4968=CARTESIAN_POINT('Origin',(-0.750000000000011,23.8085934061577,-21.2290000000182));
#4969=CARTESIAN_POINT('',(-8.28269311412823,23.8085934061577,-21.2290000000016));
#4970=CARTESIAN_POINT('',(1.74999999999999,23.8085934061577,-21.2290000000016));
#4971=CARTESIAN_POINT('',(-8.28269311412823,23.8085934061577,-21.2290000000182));
#4972=CARTESIAN_POINT('Origin',(34.1307724565129,29.4514065938423,-21.2290000000182));
#4973=CARTESIAN_POINT('',(34.1307724565129,29.9514065938423,-21.2289999999973));
#4974=CARTESIAN_POINT('',(33.6307724565129,29.4514065938423,-21.2289999999977));
#4975=CARTESIAN_POINT('Origin',(34.1307724565129,29.4514065938423,-21.2290000000037));
#4976=CARTESIAN_POINT('',(34.1307724565129,29.9514065938423,-21.2290000000182));
#4977=CARTESIAN_POINT('',(33.6307724565129,29.4514065938423,-21.2290000000182));
#4978=CARTESIAN_POINT('Origin',(43.1634655706411,29.9514065938423,-21.2290000000182));
#4979=CARTESIAN_POINT('',(43.4134655706411,29.9514065938423,-21.2289999999973));
#4980=CARTESIAN_POINT('',(23.7067327853205,29.9514065938423,-21.2289999999973));
#4981=CARTESIAN_POINT('',(43.4134655706411,29.9514065938423,-21.2290000000182));
#4982=CARTESIAN_POINT('Origin',(25.8480793423846,29.4514065938423,-21.2290000000182));
#4983=CARTESIAN_POINT('',(25.8480793423846,29.9514065938423,-21.2289999999973));
#4984=CARTESIAN_POINT('Origin',(25.8480793423846,29.4514065938423,-21.2290000000037));
#4985=CARTESIAN_POINT('',(25.8480793423846,29.9514065938423,-21.2290000000182));
#4986=CARTESIAN_POINT('Origin',(-37.1307724565129,24.3085934061577,-21.2290000000182));
#4987=CARTESIAN_POINT('',(-36.6307724565129,24.3085934061577,-21.2290000000012));
#4988=CARTESIAN_POINT('',(-37.1307724565129,23.8085934061577,-21.2290000000016));
#4989=CARTESIAN_POINT('Origin',(-37.1307724565129,24.3085934061577,-21.2290000000037));
#4990=CARTESIAN_POINT('',(-36.6307724565129,24.3085934061577,-21.2290000000182));
#4991=CARTESIAN_POINT('',(-37.1307724565129,23.8085934061577,-21.2290000000182));
#4992=CARTESIAN_POINT('Origin',(-35.8807724565129,23.8085934061577,-21.2290000000182));
#4993=CARTESIAN_POINT('',(-15.8153862282564,23.8085934061577,-21.2290000000016));
#4994=CARTESIAN_POINT('Origin',(8.28269311412821,29.4514065938423,-21.2290000000182));
#4995=CARTESIAN_POINT('',(8.28269311412821,29.9514065938423,-21.2289999999973));
#4996=CARTESIAN_POINT('Origin',(8.28269311412821,29.4514065938423,-21.2290000000037));
#4997=CARTESIAN_POINT('',(8.28269311412821,29.9514065938423,-21.2290000000182));
#4998=CARTESIAN_POINT('Origin',(8.03269311412821,29.9514065938423,-21.2290000000182));
#4999=CARTESIAN_POINT('',(-1.00000000000001,29.9514065938423,-21.2289999999973));
#5000=CARTESIAN_POINT('',(6.1413465570641,29.9514065938423,-21.2289999999973));
#5001=CARTESIAN_POINT('',(-1.00000000000001,29.9514065938423,-21.2290000000182));
#5002=CARTESIAN_POINT('Origin',(-9.28269311412823,29.4514065938423,-21.2290000000182));
#5003=CARTESIAN_POINT('',(-8.78269311412823,29.4514065938423,-21.2289999999977));
#5004=CARTESIAN_POINT('',(-9.28269311412823,29.9514065938423,-21.2289999999973));
#5005=CARTESIAN_POINT('Origin',(-9.28269311412823,29.4514065938423,-21.2290000000037));
#5006=CARTESIAN_POINT('',(-8.78269311412823,29.4514065938423,-21.2290000000182));
#5007=CARTESIAN_POINT('',(-9.28269311412823,29.9514065938423,-21.2290000000182));
#5008=CARTESIAN_POINT('Origin',(-8.78269311412823,23.0585934061577,-21.2290000000182));
#5009=CARTESIAN_POINT('',(-8.78269311412823,24.3085934061577,-21.2290000000012));
#5010=CARTESIAN_POINT('',(-8.78269311412823,21.9429028371908,-21.2290000000029));
#5011=CARTESIAN_POINT('',(-8.78269311412823,24.3085934061577,-21.2290000000182));
#5012=CARTESIAN_POINT('Origin',(-25.8480793423847,24.3085934061577,-21.2290000000182));
#5013=CARTESIAN_POINT('',(-25.8480793423847,23.8085934061577,-21.2290000000016));
#5014=CARTESIAN_POINT('',(-26.3480793423847,24.3085934061577,-21.2290000000012));
#5015=CARTESIAN_POINT('Origin',(-25.8480793423847,24.3085934061577,-21.2290000000037));
#5016=CARTESIAN_POINT('',(-25.8480793423847,23.8085934061577,-21.2290000000182));
#5017=CARTESIAN_POINT('',(-26.3480793423847,24.3085934061577,-21.2290000000182));
#5018=CARTESIAN_POINT('Origin',(-26.3480793423847,23.0585934061577,-21.2290000000182));
#5019=CARTESIAN_POINT('',(-26.3480793423847,21.9429028371908,-21.2290000000029));
#5020=CARTESIAN_POINT('Origin',(-19.5653862282564,24.3085934061577,-21.2290000000182));
#5021=CARTESIAN_POINT('',(-19.5653862282564,23.8085934061577,-21.2290000000016));
#5022=CARTESIAN_POINT('Origin',(-19.5653862282564,24.3085934061577,-21.2290000000037));
#5023=CARTESIAN_POINT('',(-19.5653862282564,23.8085934061577,-21.2290000000182));
#5024=CARTESIAN_POINT('Origin',(-18.3153862282564,23.8085934061577,-21.2290000000182));
#5025=CARTESIAN_POINT('',(-7.03269311412823,23.8085934061577,-21.2290000000016));
#5026=CARTESIAN_POINT('Origin',(-8.28269311412823,24.3085934061577,-21.2290000000182));
#5027=CARTESIAN_POINT('Origin',(-8.28269311412823,24.3085934061577,-21.2290000000037));
#5028=CARTESIAN_POINT('Origin',(-1.00000000000001,29.4514065938423,-21.2290000000182));
#5029=CARTESIAN_POINT('',(-1.50000000000001,29.4514065938423,-21.2289999999977));
#5030=CARTESIAN_POINT('Origin',(-1.00000000000001,29.4514065938423,-21.2290000000037));
#5031=CARTESIAN_POINT('',(-1.50000000000001,29.4514065938423,-21.2290000000182));
#5032=CARTESIAN_POINT('Origin',(44.4134655706411,27.38,-21.2290000000182));
#5033=CARTESIAN_POINT('',(44.4134655706411,26.88,-21.2289999999995));
#5034=CARTESIAN_POINT('',(43.9134655706411,27.38,-21.2289999999991));
#5035=CARTESIAN_POINT('Origin',(44.4134655706411,27.38,-21.2290000000037));
#5036=CARTESIAN_POINT('',(44.4134655706411,26.88,-21.2290000000182));
#5037=CARTESIAN_POINT('',(43.9134655706411,27.38,-21.2290000000182));
#5038=CARTESIAN_POINT('Origin',(43.9134655706411,26.13,-21.2290000000182));
#5039=CARTESIAN_POINT('',(43.9134655706411,29.4514065938423,-21.2289999999977));
#5040=CARTESIAN_POINT('',(43.9134655706411,23.4786061341119,-21.2290000000018));
#5041=CARTESIAN_POINT('',(43.9134655706411,29.4514065938423,-21.2290000000182));
#5042=CARTESIAN_POINT('Origin',(43.4134655706411,29.4514065938423,-21.2290000000182));
#5043=CARTESIAN_POINT('Origin',(43.4134655706411,29.4514065938423,-21.2290000000037));
#5044=CARTESIAN_POINT('Origin',(47.1858285605913,26.38,-21.4790000000182));
#5045=CARTESIAN_POINT('',(47.1858285605913,26.88,-21.2289999999995));
#5046=CARTESIAN_POINT('Origin',(47.1858285605913,26.38,-21.2290000000037));
#5047=CARTESIAN_POINT('',(47.1858285605913,26.88,-21.4790000000182));
#5048=CARTESIAN_POINT('Origin',(-36.6307724565129,29.2014065938423,-21.2290000000182));
#5049=CARTESIAN_POINT('',(-36.6307724565129,25.014309431033,-21.2290000000008));
#5050=CARTESIAN_POINT('Origin',(-9.53269311412823,29.9514065938423,-21.2290000000182));
#5051=CARTESIAN_POINT('',(-2.64134655706412,29.9514065938423,-21.2289999999973));
#5052=CARTESIAN_POINT('Origin',(-1.50000000000001,29.2014065938423,-21.2290000000182));
#5053=CARTESIAN_POINT('',(-1.50000000000001,25.014309431033,-21.2290000000008));
#5054=CARTESIAN_POINT('Origin',(25.5980793423846,29.9514065938423,-21.2290000000182));
#5055=CARTESIAN_POINT('',(14.9240396711923,29.9514065938423,-21.2289999999973));
#5056=CARTESIAN_POINT('Origin',(33.6307724565129,29.2014065938423,-21.2290000000182));
#5057=CARTESIAN_POINT('',(33.6307724565129,25.014309431033,-21.2290000000008));
#5058=CARTESIAN_POINT('Origin',(47.6858285605913,26.88,-21.2290000000182));
#5059=CARTESIAN_POINT('',(25.9679142802956,26.88,-21.2289999999995));
#5060=CARTESIAN_POINT('Origin',(-49.1858285605913,26.13,-21.7290000000182));
#5061=CARTESIAN_POINT('',(-49.1858285605913,23.4786061341118,-21.2290000000018));
#5062=CARTESIAN_POINT('Origin',(-49.27705161185,16.2634619651752,-4.81865314094046));
#5063=CARTESIAN_POINT('',(-49.27705161185,13.2312522969137,-2.99954308546917));
#5064=CARTESIAN_POINT('',(-52.27705161185,16.2307953823829,-2.94718586615732));
#5065=CARTESIAN_POINT('Origin',(-49.27705161185,16.2307953823829,-2.94718586615732));
#5066=CARTESIAN_POINT('',(-52.27705161185,16.3294306026661,-8.59799385162664));
#5067=CARTESIAN_POINT('',(-52.27705161185,16.2634619651752,-4.81865314094046));
#5068=CARTESIAN_POINT('',(-49.27705161185,13.329887517197,-8.65035107093849));
#5069=CARTESIAN_POINT('Origin',(-49.27705161185,16.3294306026661,-8.59799385162664));
#5070=CARTESIAN_POINT('',(-49.27705161185,13.2639188797061,-4.87101036025231));
#5071=CARTESIAN_POINT('Origin',(-49.27705161185,26.130000000001,-8.4269379395541));
#5072=CARTESIAN_POINT('',(-52.27705161185,19.1988954474414,-15.3580424921111));
#5073=CARTESIAN_POINT('',(-49.27705161185,17.0775751038866,-17.479362835665));
#5074=CARTESIAN_POINT('Origin',(-49.27705161185,19.1988954474414,-15.3580424921111));
#5075=CARTESIAN_POINT('Origin',(-49.27705161185,26.130000000001,-8.4269379395541));
#5076=CARTESIAN_POINT('Origin',(-52.27705161185,26.130000000001,-8.4269379395541));
#5077=CARTESIAN_POINT('Origin',(-49.27705161185,18.1269359292686,-14.2860829739273));
#5078=CARTESIAN_POINT('',(-52.27705161185,25.0698529553393,-21.2290000000007));
#5079=CARTESIAN_POINT('',(-49.27705161185,20.8272122682238,-21.2290000000037));
#5080=CARTESIAN_POINT('Origin',(-49.27705161185,25.0698529553393,-21.2290000000007));
#5081=CARTESIAN_POINT('',(-49.27705161185,16.0056155857085,-16.4074033174865));
#5082=CARTESIAN_POINT('',(-52.27705161185,18.1269359292686,-14.2860829739273));
#5083=CARTESIAN_POINT('Origin',(4.24999999999998,20.8272122682238,-21.2290000000037));
#5084=CARTESIAN_POINT('',(-52.27705161185,27.1901470446607,-21.2289999999992));
#5085=CARTESIAN_POINT('',(-52.27705161185,20.740906067538,-21.2290000000037));
#5086=CARTESIAN_POINT('',(-49.27705161185,31.4327877317763,-21.2289999999963));
#5087=CARTESIAN_POINT('Origin',(-49.27705161185,27.1901470446607,-21.2289999999993));
#5088=CARTESIAN_POINT('',(47.77705161185,31.4327877317762,-21.2289999999963));
#5089=CARTESIAN_POINT('',(4.24999999999999,31.4327877317763,-21.2289999999963));
#5090=CARTESIAN_POINT('',(50.77705161185,27.1901470446607,-21.2289999999993));
#5091=CARTESIAN_POINT('Origin',(47.77705161185,27.1901470446607,-21.2289999999993));
#5092=CARTESIAN_POINT('',(50.77705161185,25.0698529553393,-21.2290000000007));
#5093=CARTESIAN_POINT('',(50.77705161185,20.8272122682238,-21.2290000000037));
#5094=CARTESIAN_POINT('',(47.77705161185,20.8272122682238,-21.2290000000037));
#5095=CARTESIAN_POINT('Origin',(47.77705161185,25.0698529553393,-21.2290000000007));
#5096=CARTESIAN_POINT('',(4.24999999999999,20.8272122682238,-21.2290000000037));
#5097=CARTESIAN_POINT('Origin',(-52.27705161185,20.6545998668442,-9.61449999999656));
#5098=CARTESIAN_POINT('',(-52.27705161185,19.7302623154302,-2.88610244362683));
#5099=CARTESIAN_POINT('',(-52.27705161185,16.8840808894306,-2.93578272521514));
#5100=CARTESIAN_POINT('',(-52.27705161185,19.6798852098872,6.24500451351651E-16));
#5101=CARTESIAN_POINT('',(-52.27705161185,19.7760182030506,-5.50745548977726));
#5102=CARTESIAN_POINT('',(-52.27705161185,35.0228670338471,7.53055971574503E-18));
#5103=CARTESIAN_POINT('',(-52.27705161185,17.9168998002669,5.55111512312578E-16));
#5104=CARTESIAN_POINT('',(-52.27705161185,35.0228670338471,-1.));
#5105=CARTESIAN_POINT('',(-52.27705161185,35.0228670338471,-4.80724999999828));
#5106=CARTESIAN_POINT('',(-52.27705161185,36.0631928733099,-1.));
#5107=CARTESIAN_POINT('',(-52.27705161185,28.853292922476,-1.));
#5108=CARTESIAN_POINT('',(-52.27705161185,35.9305693973164,-8.59799385161301));
#5109=CARTESIAN_POINT('',(-52.27705161185,35.9948703018918,-4.91419749536878));
#5110=CARTESIAN_POINT('',(-52.27705161185,33.0611045525505,-15.3580424921014));
#5111=CARTESIAN_POINT('Origin',(-52.27705161185,26.1299999999812,-8.4269379395541));
#5112=CARTESIAN_POINT('',(-52.27705161185,31.3953640041547,-17.023783040492));
#5113=CARTESIAN_POINT('Origin',(-49.27705161185,35.9948703018918,-4.91419749536878));
#5114=CARTESIAN_POINT('',(-49.27705161185,39.0636498574416,-1.));
#5115=CARTESIAN_POINT('Origin',(-49.27705161185,36.0631928733099,-1.));
#5116=CARTESIAN_POINT('',(-49.27705161185,38.9301124827856,-8.6503510709207));
#5117=CARTESIAN_POINT('',(-49.27705161185,38.9944133873611,-4.96655471467646));
#5118=CARTESIAN_POINT('Origin',(-49.27705161185,35.9305693973164,-8.59799385161301));
#5119=CARTESIAN_POINT('Origin',(-49.27705161185,26.1299999999812,-8.4269379395541));
#5120=CARTESIAN_POINT('',(-49.27705161185,35.1824248961082,-17.4793628356524));
#5121=CARTESIAN_POINT('Origin',(-49.27705161185,33.0611045525505,-15.3580424921014));
#5122=CARTESIAN_POINT('Origin',(-49.27705161185,26.1299999999812,-8.4269379395541));
#5123=CARTESIAN_POINT('Origin',(-49.27705161185,31.3953640041547,-17.023783040492));
#5124=CARTESIAN_POINT('',(-49.27705161185,33.5166843477177,-19.1451033840482));
#5125=CARTESIAN_POINT('Origin',(4.24999999999999,35.1824248961082,-17.4793628356524));
#5126=CARTESIAN_POINT('',(0.746106565107191,35.1824248961082,-17.4793628356524));
#5127=CARTESIAN_POINT('',(4.24999999999999,35.1824248961082,-17.4793628356524));
#5128=CARTESIAN_POINT('',(0.66871305761799,34.2978130576141,-18.3639746741494));
#5129=CARTESIAN_POINT('',(1.08464368548018,39.0519218883908,-13.6098658433576));
#5130=CARTESIAN_POINT('',(7.83128694238198,34.2978130576141,-18.3639746741494));
#5131=CARTESIAN_POINT('',(3.07999999999998,34.2978130576141,-18.3639746741494));
#5132=CARTESIAN_POINT('',(7.75389343489278,35.1824248961082,-17.4793628356524));
#5133=CARTESIAN_POINT('',(7.44735984312406,38.6861198825717,-13.9756678491778));
#5134=CARTESIAN_POINT('',(47.77705161185,35.1824248961082,-17.4793628356524));
#5135=CARTESIAN_POINT('',(4.24999999999999,35.1824248961082,-17.4793628356524));
#5136=CARTESIAN_POINT('',(47.77705161185,33.5166843477177,-19.1451033840482));
#5137=CARTESIAN_POINT('Origin',(4.24999999999999,26.1299999999812,-8.4269379395541));
#5138=CARTESIAN_POINT('',(47.77705161185,38.9301124827856,-8.6503510709207));
#5139=CARTESIAN_POINT('',(4.24999999999999,38.9301124827856,-8.6503510709207));
#5140=CARTESIAN_POINT('Origin',(47.77705161185,26.1299999999812,-8.4269379395541));
#5141=CARTESIAN_POINT('',(7.21183142714097,38.6092816553479,-11.2835657357046));
#5142=CARTESIAN_POINT('Origin',(6.96190887906324,26.1299999999812,-8.4269379395541));
#5143=CARTESIAN_POINT('',(1.28816857285901,38.6092816553479,-11.2835657357046));
#5144=CARTESIAN_POINT('',(4.24999999999999,38.6092816553479,-11.2835657357046));
#5145=CARTESIAN_POINT('Origin',(1.53809112093673,26.1299999999812,-8.4269379395541));
#5146=CARTESIAN_POINT('Origin',(4.24999999999999,39.0811049223687,1.80033743156156E-11));
#5147=CARTESIAN_POINT('',(-48.6268681021788,39.0636498574416,-1.));
#5148=CARTESIAN_POINT('',(-23.1009799285072,39.0636498574416,-1.));
#5149=CARTESIAN_POINT('',(-48.6268681021788,39.0811049223687,7.53055971574503E-18));
#5150=CARTESIAN_POINT('',(-48.6268681021788,39.0811049223685,9.00430585824045E-12));
#5151=CARTESIAN_POINT('',(47.77705161185,39.0811049223687,1.79924382834776E-11));
#5152=CARTESIAN_POINT('',(-40.27705161185,39.0811049223687,1.80042652710908E-11));
#5153=CARTESIAN_POINT('',(47.77705161185,38.994413387361,-4.96655471467646));
#5154=CARTESIAN_POINT('Origin',(-50.4519598570144,37.0519859781079,-1.));
#5155=CARTESIAN_POINT('',(-50.27705161185,35.022867033847,-1.));
#5156=CARTESIAN_POINT('',(-48.6268681021788,35.022867033847,-1.));
#5157=CARTESIAN_POINT('',(-50.27705161185,36.0631928733099,-1.));
#5158=CARTESIAN_POINT('',(-50.27705161185,28.853292922476,-1.));
#5159=CARTESIAN_POINT('',(-49.27705161185,37.0633452013538,-1.));
#5160=CARTESIAN_POINT('Origin',(-49.27705161185,36.0631928733099,-1.));
#5161=CARTESIAN_POINT('',(-48.6268681021788,37.0633452013538,-1.));
#5162=CARTESIAN_POINT('',(-23.1009799285072,37.0633452013538,-1.));
#5163=CARTESIAN_POINT('',(-48.6268681021788,39.0811049223687,-1.));
#5164=CARTESIAN_POINT('Origin',(47.77705161185,35.9948703018918,-4.91419749536878));
#5165=CARTESIAN_POINT('',(50.77705161185,36.080647938237,1.45220836002284E-11));
#5166=CARTESIAN_POINT('Origin',(47.77705161185,36.0806479382367,-5.55111512312578E-16));
#5167=CARTESIAN_POINT('',(50.77705161185,35.9305693973163,-8.59799385161302));
#5168=CARTESIAN_POINT('',(50.77705161185,35.9948703018918,-4.91419749536878));
#5169=CARTESIAN_POINT('Origin',(47.77705161185,35.9305693973163,-8.59799385161302));
#5170=CARTESIAN_POINT('Origin',(47.77705161185,26.1299999999812,-8.4269379395541));
#5171=CARTESIAN_POINT('',(50.77705161185,33.0611045525505,-15.3580424921014));
#5172=CARTESIAN_POINT('Origin',(47.77705161185,33.0611045525505,-15.3580424921014));
#5173=CARTESIAN_POINT('Origin',(50.77705161185,26.1299999999812,-8.4269379395541));
#5174=CARTESIAN_POINT('Origin',(47.77705161185,31.3953640041547,-17.023783040492));
#5175=CARTESIAN_POINT('',(50.77705161185,31.3953640041547,-17.023783040492));
#5176=CARTESIAN_POINT('Origin',(50.77705161185,20.6545998668441,-9.61449999999656));
#5177=CARTESIAN_POINT('',(50.77705161185,16.1793520617335,5.76450660349483E-13));
#5178=CARTESIAN_POINT('',(50.77705161185,37.0808002662809,1.52229302856612E-11));
#5179=CARTESIAN_POINT('',(50.77705161185,16.3294306026661,-8.59799385162664));
#5180=CARTESIAN_POINT('',(50.77705161185,16.2634619651752,-4.81865314094046));
#5181=CARTESIAN_POINT('',(50.77705161185,19.1988954474414,-15.3580424921111));
#5182=CARTESIAN_POINT('Origin',(50.77705161185,26.130000000001,-8.4269379395541));
#5183=CARTESIAN_POINT('',(50.77705161185,18.1269359292686,-14.2860829739273));
#5184=CARTESIAN_POINT('Origin',(4.24999999999999,15.1791997336897,-2.60999262011179E-17));
#5185=CARTESIAN_POINT('',(-48.6268681021788,37.0808002662806,7.53055971574503E-18));
#5186=CARTESIAN_POINT('',(-48.6268681021788,27.1301523280292,6.0220806477183E-16));
#5187=CARTESIAN_POINT('',(1.90999999999997,37.0808002662809,1.52225979623672E-11));
#5188=CARTESIAN_POINT('',(4.24999999999999,37.0808002662809,1.52230534739732E-11));
#5189=CARTESIAN_POINT('',(6.59000000000001,37.0808002662809,1.52224444634351E-11));
#5190=CARTESIAN_POINT('',(4.24999999999999,37.0808002662809,1.5222954479973E-11));
#5191=CARTESIAN_POINT('',(47.77705161185,37.0808002662809,1.52224475485664E-11));
#5192=CARTESIAN_POINT('',(4.24999999999999,37.0808002662809,1.5222954479973E-11));
#5193=CARTESIAN_POINT('',(48.77705161185,36.080647938237,1.45218615556235E-11));
#5194=CARTESIAN_POINT('Origin',(47.77705161185,36.0806479382367,0.));
#5195=CARTESIAN_POINT('',(48.77705161185,16.1793520617335,5.76228615744559E-13));
#5196=CARTESIAN_POINT('',(48.77705161185,37.0808002662809,1.52227082410563E-11));
#5197=CARTESIAN_POINT('',(47.77705161185,15.1791997336897,-5.33031332730045E-16));
#5198=CARTESIAN_POINT('Origin',(47.77705161185,16.1793520617336,0.));
#5199=CARTESIAN_POINT('',(6.59,15.1791997336897,-5.36116464070654E-16));
#5200=CARTESIAN_POINT('',(4.24999999999998,15.1791997336897,-2.60999262011179E-17));
#5201=CARTESIAN_POINT('',(1.90999999999997,15.1791997336897,-3.82617532012681E-16));
#5202=CARTESIAN_POINT('',(4.24999999999998,15.1791997336897,-2.60999262011179E-17));
#5203=CARTESIAN_POINT('',(1.63806528416693,15.1791997336897,1.03313587606036E-16));
#5204=CARTESIAN_POINT('',(4.24999999999999,15.1791997336897,7.28940739880146E-17));
#5205=CARTESIAN_POINT('',(1.63806528416692,13.1788950776018,9.71445146547012E-16));
#5206=CARTESIAN_POINT('',(1.63806528416692,14.1790474056458,3.27471478265935E-18));
#5207=CARTESIAN_POINT('',(47.77705161185,13.1788950776018,-1.0964221809508E-14));
#5208=CARTESIAN_POINT('',(-40.27705161185,13.1788950776018,8.62765803692861E-16));
#5209=CARTESIAN_POINT('Origin',(47.77705161185,16.1793520617336,-5.55111512312578E-16));
#5210=CARTESIAN_POINT('Origin',(47.77705161185,16.2634619651752,-4.81865314094046));
#5211=CARTESIAN_POINT('',(47.77705161185,13.3298875171969,-8.65035107093849));
#5212=CARTESIAN_POINT('',(47.77705161185,13.2639188797061,-4.87101036025231));
#5213=CARTESIAN_POINT('Origin',(47.77705161185,16.3294306026661,-8.59799385162664));
#5214=CARTESIAN_POINT('Origin',(47.77705161185,26.130000000001,-8.4269379395541));
#5215=CARTESIAN_POINT('',(47.77705161185,17.0775751038866,-17.479362835665));
#5216=CARTESIAN_POINT('Origin',(47.77705161185,19.1988954474414,-15.3580424921111));
#5217=CARTESIAN_POINT('Origin',(47.77705161185,26.130000000001,-8.4269379395541));
#5218=CARTESIAN_POINT('Origin',(47.77705161185,18.1269359292686,-14.2860829739273));
#5219=CARTESIAN_POINT('',(47.77705161185,16.0056155857085,-16.4074033174865));
#5220=CARTESIAN_POINT('Origin',(4.24999999999998,17.0775751038866,-17.479362835665));
#5221=CARTESIAN_POINT('',(7.75389343489278,17.0775751038866,-17.479362835665));
#5222=CARTESIAN_POINT('',(4.24999999999999,17.0775751038866,-17.479362835665));
#5223=CARTESIAN_POINT('',(7.83128694238198,17.962186942382,-18.3639746741607));
#5224=CARTESIAN_POINT('',(7.41535631451979,13.2080781115987,-13.6098658433756));
#5225=CARTESIAN_POINT('',(0.66871305761799,17.962186942382,-18.3639746741607));
#5226=CARTESIAN_POINT('',(5.41999999999999,17.962186942382,-18.3639746741607));
#5227=CARTESIAN_POINT('',(0.746106565107191,17.0775751038866,-17.479362835665));
#5228=CARTESIAN_POINT('',(1.05264015687591,13.5738801174182,-13.9756678491952));
#5229=CARTESIAN_POINT('',(4.24999999999999,17.0775751038866,-17.479362835665));
#5230=CARTESIAN_POINT('Origin',(4.24999999999998,26.130000000001,-8.4269379395541));
#5231=CARTESIAN_POINT('',(1.28816857285901,13.6507183446383,-11.2835657357219));
#5232=CARTESIAN_POINT('Origin',(1.53809112093674,26.130000000001,-8.4269379395541));
#5233=CARTESIAN_POINT('',(7.21183142714096,13.6507183446383,-11.2835657357219));
#5234=CARTESIAN_POINT('',(4.24999999999998,13.6507183446383,-11.2835657357219));
#5235=CARTESIAN_POINT('Origin',(6.96190887906324,26.130000000001,-8.4269379395541));
#5236=CARTESIAN_POINT('',(4.24999999999998,13.329887517197,-8.65035107093849));
#5237=CARTESIAN_POINT('Origin',(4.24999999999999,13.1788950776018,-2.8189671469606E-17));
#5238=CARTESIAN_POINT('',(1.63806528416692,13.1963474840391,-0.99984769515639));
#5239=CARTESIAN_POINT('',(1.63806528416692,13.1788950776018,4.38791483235017E-16));
#5240=CARTESIAN_POINT('',(-2.26944678020955,13.1963474840391,-0.99984769515639));
#5241=CARTESIAN_POINT('',(2.94403264208345,13.1963474840391,-0.99984769515639));
#5242=CARTESIAN_POINT('',(-2.26944678020955,13.1788950776018,1.11022302462516E-15));
#5243=CARTESIAN_POINT('',(-2.26944678020955,13.1876212808205,-0.499923847578195));
#5244=CARTESIAN_POINT('',(-22.4399571616296,13.1788950776018,1.52655665885959E-15));
#5245=CARTESIAN_POINT('',(-40.27705161185,13.1788950776018,8.62765803692861E-16));
#5246=CARTESIAN_POINT('',(-22.4399571616296,13.1963474840391,-0.99984769515639));
#5247=CARTESIAN_POINT('',(-22.4399571616296,13.1788950776018,7.42320662091835E-16));
#5248=CARTESIAN_POINT('',(-24.5795454559491,13.1963474840391,-0.99984769515639));
#5249=CARTESIAN_POINT('',(-9.09497858081482,13.1963474840391,-0.99984769515639));
#5250=CARTESIAN_POINT('',(-24.5795454559491,13.1788950776018,1.52655665885959E-15));
#5251=CARTESIAN_POINT('',(-24.5795454559491,13.1876212808205,-0.499923847578195));
#5252=CARTESIAN_POINT('',(-44.77705161185,13.1788950776018,2.08166817117217E-15));
#5253=CARTESIAN_POINT('',(-40.27705161185,13.1788950776018,8.62765803692861E-16));
#5254=CARTESIAN_POINT('',(-44.77705161185,13.2312522969137,-2.99954308546917));
#5255=CARTESIAN_POINT('',(-44.77705161185,13.1788950776018,1.07729515265723E-15));
#5256=CARTESIAN_POINT('',(-20.263525805925,13.2312522969137,-2.99954308546914));
#5257=CARTESIAN_POINT('Origin',(-49.27705161185,16.3389583041815,-9.1438355058748));
#5258=CARTESIAN_POINT('',(-49.27705161185,15.3295831459272,-8.61545991699413));
#5259=CARTESIAN_POINT('',(-50.27705161185,16.3294308410836,-8.59800751055684));
#5260=CARTESIAN_POINT('Origin',(-49.27705161185,16.3294308410836,-8.59800751055684));
#5261=CARTESIAN_POINT('',(-50.27705161185,16.2307953823829,-2.94718586615732));
#5262=CARTESIAN_POINT('',(-50.27705161185,16.3389583041815,-9.1438355058748));
#5263=CARTESIAN_POINT('',(-49.27705161185,15.2309476872265,-2.9646382725946));
#5264=CARTESIAN_POINT('Origin',(-49.27705161185,16.2307953823829,-2.94718586615732));
#5265=CARTESIAN_POINT('',(-49.27705161185,15.3391106090252,-9.16128791231209));
#5266=CARTESIAN_POINT('Origin',(-49.27705161185,26.13,-8.42693793955448));
#5267=CARTESIAN_POINT('',(-49.27705161185,36.9304168540553,-8.61545991697911));
#5268=CARTESIAN_POINT('',(-50.27705161185,35.9305691589166,-8.5980075105435));
#5269=CARTESIAN_POINT('Origin',(-49.27705161185,35.9305691589166,-8.5980075105435));
#5270=CARTESIAN_POINT('Origin',(-50.27705161185,26.13,-8.42693793955448));
#5271=CARTESIAN_POINT('Origin',(-49.27705161185,26.13,-8.42693793955448));
#5272=CARTESIAN_POINT('Origin',(-49.27705161185,35.9193739628915,-9.23937986030322));
#5273=CARTESIAN_POINT('',(-50.27705161185,35.9193739628915,-9.23937986030322));
#5274=CARTESIAN_POINT('',(-49.27705161185,36.9192216580479,-9.25683226673911));
#5275=CARTESIAN_POINT('Origin',(4.24999999999999,36.9304168540553,-8.61545991697911));
#5276=CARTESIAN_POINT('',(1.52159758508525,36.9304168540553,-8.61545991697911));
#5277=CARTESIAN_POINT('',(4.24999999999999,36.9304168540553,-8.61545991697911));
#5278=CARTESIAN_POINT('',(1.90999999999997,37.0079079151464,-4.17599999998488));
#5279=CARTESIAN_POINT('',(1.72615830103312,36.9712292340191,-6.27732023460451));
#5280=CARTESIAN_POINT('',(1.90999999999997,36.9872736276225,-5.35813754060598));
#5281=CARTESIAN_POINT('',(-48.6268681021788,37.0059131930554,-4.29027755205366));
#5282=CARTESIAN_POINT('Origin',(4.24999999999998,26.13,-8.42693793955448));
#5283=CARTESIAN_POINT('',(1.52159758508525,15.3295831459272,-8.61545991699413));
#5284=CARTESIAN_POINT('',(4.24999999999998,15.3295831459272,-8.61545991699413));
#5285=CARTESIAN_POINT('',(0.949173333395747,17.6817266666042,-15.1582990531741));
#5286=CARTESIAN_POINT('Origin',(1.5380911209367,26.13,-8.42693793955448));
#5287=CARTESIAN_POINT('',(7.55082666660422,17.6817266666042,-15.1582990531741));
#5288=CARTESIAN_POINT('',(4.24999999999998,17.6817266666042,-15.1582990531741));
#5289=CARTESIAN_POINT('',(6.97840241491472,15.3295831459272,-8.61545991699413));
#5290=CARTESIAN_POINT('Origin',(6.96190887906327,26.13,-8.42693793955448));
#5291=CARTESIAN_POINT('',(47.77705161185,15.3295831459272,-8.61545991699413));
#5292=CARTESIAN_POINT('',(4.24999999999998,15.3295831459272,-8.61545991699413));
#5293=CARTESIAN_POINT('',(47.77705161185,36.9304168540553,-8.61545991697911));
#5294=CARTESIAN_POINT('Origin',(47.77705161185,26.13,-8.42693793955448));
#5295=CARTESIAN_POINT('',(6.97840241491473,36.9304168540553,-8.61545991697911));
#5296=CARTESIAN_POINT('',(4.24999999999999,36.9304168540553,-8.61545991697911));
#5297=CARTESIAN_POINT('',(7.55082666660642,34.5782733333852,-15.1582990531874));
#5298=CARTESIAN_POINT('Origin',(6.96190887906327,26.13,-8.42693793955448));
#5299=CARTESIAN_POINT('',(0.949173333393558,34.5782733333852,-15.1582990531874));
#5300=CARTESIAN_POINT('',(4.24999999999999,34.5782733333852,-15.1582990531874));
#5301=CARTESIAN_POINT('Origin',(1.5380911209367,26.13,-8.42693793955448));
#5302=CARTESIAN_POINT('Origin',(4.24999999999998,15.3295831459272,-8.61545991699413));
#5303=CARTESIAN_POINT('',(-44.77705161185,15.2309476872265,-2.9646382725946));
#5304=CARTESIAN_POINT('',(-20.263525805925,15.2309476872265,-2.96463827259457));
#5305=CARTESIAN_POINT('',(-44.77705161185,15.1791997336897,6.43880421815792E-16));
#5306=CARTESIAN_POINT('',(-44.77705161185,15.2540868069209,-4.29027755205978));
#5307=CARTESIAN_POINT('',(-24.5795454559491,15.1791997336897,4.08653136143172E-16));
#5308=CARTESIAN_POINT('',(4.24999999999999,15.1791997336897,7.28940739880146E-17));
#5309=CARTESIAN_POINT('',(-24.5795454559491,15.1960428743519,-0.964942882281822));
#5310=CARTESIAN_POINT('',(-24.5795454559491,15.2628130101396,-4.79020139963798));
#5311=CARTESIAN_POINT('',(-22.4399571616296,15.1960428743519,-0.964942882281822));
#5312=CARTESIAN_POINT('',(-9.09497858081483,15.1960428743519,-0.964942882281822));
#5313=CARTESIAN_POINT('',(-22.4399571616296,15.1791997336897,3.8373473567111E-16));
#5314=CARTESIAN_POINT('',(-22.4399571616296,15.2540868069209,-4.29027755205978));
#5315=CARTESIAN_POINT('',(-2.26944678020955,15.1791997336897,1.48821852316615E-16));
#5316=CARTESIAN_POINT('',(4.24999999999999,15.1791997336897,7.28940739880146E-17));
#5317=CARTESIAN_POINT('',(-2.26944678020955,15.1960428743519,-0.964942882281822));
#5318=CARTESIAN_POINT('',(-2.26944678020955,15.2628130101396,-4.79020139963798));
#5319=CARTESIAN_POINT('',(1.63806528416693,15.1960428743519,-0.964942882281822));
#5320=CARTESIAN_POINT('',(2.94403264208345,15.1960428743519,-0.964942882281822));
#5321=CARTESIAN_POINT('',(1.63806528416692,15.2540868069209,-4.29027755205978));
#5322=CARTESIAN_POINT('',(1.90999999999997,15.2520920848299,-4.176));
#5323=CARTESIAN_POINT('',(1.90999999999997,15.2727263723555,-5.35813754062108));
#5324=CARTESIAN_POINT('',(1.72504563349968,15.2889927568245,-6.29003808272237));
#5325=CARTESIAN_POINT('Origin',(47.77705161185,35.9193739628915,-9.23937986030322));
#5326=CARTESIAN_POINT('',(48.77705161185,35.9305691588988,-8.59800751054322));
#5327=CARTESIAN_POINT('Origin',(47.77705161185,35.9305691588988,-8.59800751054322));
#5328=CARTESIAN_POINT('',(48.77705161185,35.9193739628915,-9.23937986030322));
#5329=CARTESIAN_POINT('',(47.77705161185,36.9192216580479,-9.25683226673912));
#5330=CARTESIAN_POINT('Origin',(47.77705161185,26.13,-8.42693793955448));
#5331=CARTESIAN_POINT('',(48.77705161185,16.3294308410836,-8.59800751055684));
#5332=CARTESIAN_POINT('Origin',(47.77705161185,16.3294308410836,-8.59800751055684));
#5333=CARTESIAN_POINT('Origin',(48.77705161185,26.13,-8.42693793955448));
#5334=CARTESIAN_POINT('Origin',(47.77705161185,16.3389583041815,-9.14383550587481));
#5335=CARTESIAN_POINT('',(48.77705161185,16.3389583041815,-9.14383550587481));
#5336=CARTESIAN_POINT('',(47.77705161185,15.3391106090251,-9.16128791231209));
#5337=CARTESIAN_POINT('Origin',(4.24999999999998,15.3295831459272,-8.61545991699413));
#5338=CARTESIAN_POINT('',(6.59,15.2520920848299,-4.176));
#5339=CARTESIAN_POINT('',(6.77384169896685,15.2887707659602,-6.27732023461958));
#5340=CARTESIAN_POINT('',(6.59,15.2727263723555,-5.35813754062108));
#5341=CARTESIAN_POINT('Origin',(4.24999999999999,36.9304168540553,-8.61545991697911));
#5342=CARTESIAN_POINT('',(6.59000000000001,37.0079079151464,-4.17599999998488));
#5343=CARTESIAN_POINT('',(6.59000000000001,36.9872736276225,-5.35813754060598));
#5344=CARTESIAN_POINT('',(6.77495436650029,36.9710072431547,-6.2900380827073));
#5345=CARTESIAN_POINT('Origin',(4.24999999999999,38.1218882340211,-11.171996686021));
#5346=CARTESIAN_POINT('',(7.20588296981903,37.6237908849753,-11.2155745573955));
#5347=CARTESIAN_POINT('Origin',(7.20207040009323,38.1218882340211,-11.171996686021));
#5348=CARTESIAN_POINT('',(1.29411703018094,37.6237908849753,-11.2155745573955));
#5349=CARTESIAN_POINT('',(4.24999999999999,37.6237908849753,-11.2155745573955));
#5350=CARTESIAN_POINT('Origin',(1.29792959990674,38.1218882340211,-11.171996686021));
#5351=CARTESIAN_POINT('Origin',(6.59000000000001,37.0079079151464,-4.17599999998488));
#5352=CARTESIAN_POINT('',(6.58446343328826,37.0023713484346,-4.11271675289189));
#5353=CARTESIAN_POINT('',(4.24999999999999,37.0079079151464,-4.17599999998488));
#5354=CARTESIAN_POINT('',(1.92764092632081,36.9902669888253,-3.97436328946858));
#5355=CARTESIAN_POINT('Origin',(4.24999999999998,14.138111765965,-11.1719966860377));
#5356=CARTESIAN_POINT('',(1.29411703018094,14.6362091150109,-11.2155745574115));
#5357=CARTESIAN_POINT('Origin',(1.29792959990674,14.138111765965,-11.1719966860377));
#5358=CARTESIAN_POINT('',(7.20588296981903,14.6362091150109,-11.2155745574115));
#5359=CARTESIAN_POINT('',(4.24999999999998,14.6362091150109,-11.2155745574115));
#5360=CARTESIAN_POINT('Origin',(7.20207040009323,14.138111765965,-11.1719966860377));
#5361=CARTESIAN_POINT('Origin',(1.90999999999997,15.2520920848299,-4.176));
#5362=CARTESIAN_POINT('',(1.91553656671172,15.2576286515416,-4.112716752907));
#5363=CARTESIAN_POINT('',(4.24999999999998,15.2520920848299,-4.176));
#5364=CARTESIAN_POINT('',(6.57235907367916,15.2697330111507,-3.97436328948368));
#5365=CARTESIAN_POINT('Origin',(-48.6268681021788,39.0811049223687,7.53055971574503E-18));
#5366=CARTESIAN_POINT('Origin',(-48.6268681021788,35.022867033847,7.53055971574503E-18));
#5367=CARTESIAN_POINT('',(-50.27705161185,35.022867033847,7.53055971574503E-18));
#5368=CARTESIAN_POINT('',(-50.27705161185,35.022867033847,-4.80724999999828));
#5369=CARTESIAN_POINT('',(-22.1884340510894,35.022867033847,3.02542355578536E-16));
#5370=CARTESIAN_POINT('Origin',(6.59,15.2520920848299,-4.176));
#5371=CARTESIAN_POINT('',(6.58446343328825,16.7153634332882,-4.112716752907));
#5372=CARTESIAN_POINT('Origin',(6.59,16.7209,-4.176));
#5373=CARTESIAN_POINT('',(1.92764092632081,16.7032590736792,-3.97436328948368));
#5374=CARTESIAN_POINT('Origin',(1.90999999999997,16.7209,-4.176));
#5375=CARTESIAN_POINT('Origin',(1.90999999999997,35.5390999999763,-4.17599999998692));
#5376=CARTESIAN_POINT('',(6.57235907367917,35.5567409262969,-3.97436328947057));
#5377=CARTESIAN_POINT('',(1.91553656671172,35.544636566688,-4.11271675289392));
#5378=CARTESIAN_POINT('Origin',(1.90999999999997,37.0079079151464,-4.17599999998488));
#5379=CARTESIAN_POINT('Origin',(6.59000000000001,35.5390999999763,-4.17599999998692));
#5380=CARTESIAN_POINT('Origin',(-48.52705161185,19.7040837057743,-1.38633090089224));
#5381=CARTESIAN_POINT('',(-50.27705161185,19.6798852098872,5.56953326961639E-16));
#5382=CARTESIAN_POINT('',(-22.138525805925,19.6798852098872,1.38777878078145E-16));
#5383=CARTESIAN_POINT('',(-50.27705161185,19.7302623154302,-2.88610244362683));
#5384=CARTESIAN_POINT('',(-50.27705161185,19.7302623154302,-2.88610244362683));
#5385=CARTESIAN_POINT('',(-50.27705161185,19.7760182030506,-5.50745548977726));
#5386=CARTESIAN_POINT('Origin',(-44.77705161185,13.1788950776018,2.22044604925031E-15));
#5387=CARTESIAN_POINT('',(-44.77705161185,14.1790474056458,5.43841548992416E-16));
#5388=CARTESIAN_POINT('',(-44.77705161185,13.2312522969137,-2.99954308546917));
#5389=CARTESIAN_POINT('Origin',(-44.77705161185,13.2312522969137,-2.99954308546917));
#5390=CARTESIAN_POINT('',(-50.27705161185,16.8840808894306,-2.93578272521514));
#5391=CARTESIAN_POINT('Origin',(-22.4399571616296,13.1963474840391,-0.99984769515639));
#5392=CARTESIAN_POINT('',(-24.5795454559491,13.1963474840391,-0.99984769515639));
#5393=CARTESIAN_POINT('',(-22.4399571616296,13.1963474840391,-0.99984769515639));
#5394=CARTESIAN_POINT('Origin',(-22.4399571616296,13.1788950776018,1.52655665885959E-15));
#5395=CARTESIAN_POINT('',(-22.4399571616296,14.1790474056458,2.83695862847734E-16));
#5396=CARTESIAN_POINT('Origin',(-24.5795454559491,13.1963474840391,-0.99984769515639));
#5397=CARTESIAN_POINT('',(-24.5795454559491,14.1877736088644,3.46944695195361E-16));
#5398=CARTESIAN_POINT('Origin',(1.63806528416692,13.1963474840391,-0.99984769515639));
#5399=CARTESIAN_POINT('',(-2.26944678020955,13.1963474840391,-0.99984769515639));
#5400=CARTESIAN_POINT('',(1.63806528416692,13.1963474840391,-0.99984769515639));
#5401=CARTESIAN_POINT('Origin',(1.63806528416692,13.1788950776018,9.71445146547012E-16));
#5402=CARTESIAN_POINT('Origin',(-2.26944678020955,13.1963474840391,-0.99984769515639));
#5403=CARTESIAN_POINT('',(-2.26944678020955,14.1877736088644,6.93889390390723E-17));
#5404=CARTESIAN_POINT('Origin',(-50.27705161185,20.6545998668442,-9.61449999999656));
#5405=CARTESIAN_POINT('',(-50.27705161185,17.9168998002669,5.55111512312578E-16));
#5406=CARTESIAN_POINT('Origin',(4.24999999999999,15.1791997336897,-2.60999262011179E-17));
#5407=CARTESIAN_POINT('Origin',(4.24999999999999,15.1791997336897,-2.60999262011179E-17));
#5408=CARTESIAN_POINT('Origin',(1.90999999999997,36.3099501331286,-2.08799999998585));
#5409=CARTESIAN_POINT('',(1.90999999999997,35.5390999999763,-4.17599999998692));
#5410=CARTESIAN_POINT('',(1.90999999999997,36.658929024139,-4.17599999998537));
#5411=CARTESIAN_POINT('',(1.90999999999997,35.9245250665525,-3.13199999998639));
#5412=CARTESIAN_POINT('Origin',(1.90999999999997,15.9500498668448,-2.088));
#5413=CARTESIAN_POINT('',(1.90999999999997,16.7209,-4.176));
#5414=CARTESIAN_POINT('',(1.90999999999997,15.6010709758374,-4.176));
#5415=CARTESIAN_POINT('',(1.90999999999997,16.3354749334224,-3.132));
#5416=CARTESIAN_POINT('Origin',(4.24999999999999,35.5390999999763,-4.17599999998692));
#5417=CARTESIAN_POINT('',(6.59000000000001,35.5390999999763,-4.17599999998692));
#5418=CARTESIAN_POINT('',(6.59000000000001,35.9245250665525,-3.13199999998639));
#5419=CARTESIAN_POINT('',(4.24999999999999,35.5390999999763,-4.17599999998692));
#5420=CARTESIAN_POINT('Origin',(4.24999999999999,37.0079079151464,-4.17599999998488));
#5421=CARTESIAN_POINT('',(6.59000000000001,36.658929024139,-4.17599999998537));
#5422=CARTESIAN_POINT('Origin',(6.59000000000001,36.3099501331286,-2.08799999998585));
#5423=CARTESIAN_POINT('Origin',(4.24999999999999,16.7209,-4.176));
#5424=CARTESIAN_POINT('',(6.59,16.7209,-4.176));
#5425=CARTESIAN_POINT('',(6.59,16.3354749334224,-3.132));
#5426=CARTESIAN_POINT('',(4.24999999999999,16.7209,-4.176));
#5427=CARTESIAN_POINT('Origin',(4.24999999999999,15.2520920848299,-4.176));
#5428=CARTESIAN_POINT('',(6.59,15.6010709758374,-4.176));
#5429=CARTESIAN_POINT('Origin',(6.59,15.9500498668448,-2.088));
#5430=CARTESIAN_POINT('Origin',(48.77705161185,20.6545998668441,-9.61449999999656));
#5431=CARTESIAN_POINT('Origin',(4.24999999999999,15.1791997336897,-2.60999262011179E-17));
#5432=UNCERTAINTY_MEASURE_WITH_UNIT(LENGTH_MEASURE(0.01),#5436,
'DISTANCE_ACCURACY_VALUE',
'Maximum model space distance between geometric entities at asserted c
onnectivities');
#5433=UNCERTAINTY_MEASURE_WITH_UNIT(LENGTH_MEASURE(0.01),#5436,
'DISTANCE_ACCURACY_VALUE',
'Maximum model space distance between geometric entities at asserted c
onnectivities');
#5434=(
GEOMETRIC_REPRESENTATION_CONTEXT(3)
GLOBAL_UNCERTAINTY_ASSIGNED_CONTEXT((#5432))
GLOBAL_UNIT_ASSIGNED_CONTEXT((#5436,#5438,#5439))
REPRESENTATION_CONTEXT('','3D')
);
#5435=(
GEOMETRIC_REPRESENTATION_CONTEXT(3)
GLOBAL_UNCERTAINTY_ASSIGNED_CONTEXT((#5433))
GLOBAL_UNIT_ASSIGNED_CONTEXT((#5436,#5438,#5439))
REPRESENTATION_CONTEXT('','3D')
);
#5436=(
LENGTH_UNIT()
NAMED_UNIT(*)
SI_UNIT(.MILLI.,.METRE.)
);
#5437=(
LENGTH_UNIT()
NAMED_UNIT(*)
SI_UNIT($,.METRE.)
);
#5438=(
NAMED_UNIT(*)
PLANE_ANGLE_UNIT()
SI_UNIT($,.RADIAN.)
);
#5439=(
NAMED_UNIT(*)
SI_UNIT($,.STERADIAN.)
SOLID_ANGLE_UNIT()
);
#5440=SHAPE_DEFINITION_REPRESENTATION(#5441,#5442);
#5441=PRODUCT_DEFINITION_SHAPE('',$,#5444);
#5442=SHAPE_REPRESENTATION('',(#3224),#5434);
#5443=PRODUCT_DEFINITION_CONTEXT('part definition',#5448,'design');
#5444=PRODUCT_DEFINITION('Rev0 Battery Cover','Rev0 Battery Cover',#5445,
#5443);
#5445=PRODUCT_DEFINITION_FORMATION('',$,#5450);
#5446=PRODUCT_RELATED_PRODUCT_CATEGORY('Rev0 Battery Cover',
'Rev0 Battery Cover',(#5450));
#5447=APPLICATION_PROTOCOL_DEFINITION('international standard',
'automotive_design',2009,#5448);
#5448=APPLICATION_CONTEXT(
'Core Data for Automotive Mechanical Design Process');
#5449=PRODUCT_CONTEXT('part definition',#5448,'mechanical');
#5450=PRODUCT('Rev0 Battery Cover','Rev0 Battery Cover',$,(#5449));
#5451=PRESENTATION_STYLE_ASSIGNMENT((#5452));
#5452=SURFACE_STYLE_USAGE(.BOTH.,#5453);
#5453=SURFACE_SIDE_STYLE('',(#5454));
#5454=SURFACE_STYLE_FILL_AREA(#5455);
#5455=FILL_AREA_STYLE('Steel - Satin',(#5456));
#5456=FILL_AREA_STYLE_COLOUR('Steel - Satin',#5457);
#5457=COLOUR_RGB('Steel - Satin',0.627450980392157,0.627450980392157,0.627450980392157);
ENDSEC;
END-ISO-10303-21;
