ISO-10303-21;
HEADER;
FILE_DESCRIPTION (( 'STEP AP214' ),
    '1' );
FILE_NAME ('Rev1 Battery Cover - IM.STEP',
    '2026-09-27T17:19:57',
    ( '' ),
    ( '' ),
    'SwSTEP 2.0',
    'SolidWorks 2026',
    '' );
FILE_SCHEMA (( 'AUTOMOTIVE_DESIGN' ));
ENDSEC;

DATA;
#1 = ORIENTED_EDGE ( 'NONE', *, *, #6756, .T. ) ;
#2 = CARTESIAN_POINT ( 'NONE',  ( 34.13077245651290070, 29.95140659384229664, -22.22900000001819976 ) ) ;
#3 = FACE_OUTER_BOUND ( 'NONE', #330, .T. ) ;
#4 = EDGE_CURVE ( 'NONE', #2326, #5446, #4130, .T. ) ;
#5 = DIRECTION ( 'NONE',  ( 0.000000000000000000, -0.9998476951563912696, -0.01745240643728427840 ) ) ;
#6 = LINE ( 'NONE', #1638, #6839 ) ;
#7 = ORIENTED_EDGE ( 'NONE', *, *, #2606, .F. ) ;
#8 = VECTOR ( 'NONE', #2115, 1000.000000000000000 ) ;
#9 = ORIENTED_EDGE ( 'NONE', *, *, #3369, .F. ) ;
#10 = CARTESIAN_POINT ( 'NONE',  ( 33.13077245651290070, 23.80859340615770137, -21.22900000000160148 ) ) ;
#11 = CARTESIAN_POINT ( 'NONE',  ( -9.532693114128230505, 28.45140659384229664, -21.22900000001820331 ) ) ;
#12 = CARTESIAN_POINT ( 'NONE',  ( -2.000000000000000000, 24.30859340615769781, -21.22900000000370113 ) ) ;
#13 = LINE ( 'NONE', #2697, #1476 ) ;
#14 = ORIENTED_EDGE ( 'NONE', *, *, #5412, .T. ) ;
#15 = ORIENTED_EDGE ( 'NONE', *, *, #4708, .T. ) ;
#16 = AXIS2_PLACEMENT_3D ( 'NONE', #5637, #747, #3909 ) ;
#17 = EDGE_CURVE ( 'NONE', #5141, #4406, #713, .T. ) ;
#18 = DIRECTION ( 'NONE',  ( 3.462970525474364994E-13, -3.462970525474364994E-13, 1.000000000000000000 ) ) ;
#19 = CIRCLE ( 'NONE', #6244, 0.4999999999999982236 ) ;
#20 = DIRECTION ( 'NONE',  ( 0.000000000000000000, -1.000000000000000000, 0.000000000000000000 ) ) ;
#21 = CARTESIAN_POINT ( 'NONE',  ( -49.27705161185000549, 19.19889544744140153, -15.35804249211109962 ) ) ;
#22 = CARTESIAN_POINT ( 'NONE',  ( 0.4999999999999900080, 28.45140659384229664, -21.22899999999840048 ) ) ;
#23 = DIRECTION ( 'NONE',  ( 0.000000000000000000, 0.000000000000000000, -1.000000000000000000 ) ) ;
#24 = ORIENTED_EDGE ( 'NONE', *, *, #2829, .T. ) ;
#25 = AXIS2_PLACEMENT_3D ( 'NONE', #3696, #6369, #5868 ) ;
#26 = ADVANCED_FACE ( 'NONE', ( #1380 ), #3503, .F. ) ;
#27 = LINE ( 'NONE', #567, #5264 ) ;
#28 = CARTESIAN_POINT ( 'NONE',  ( 26.84807934238460092, 24.30859340615769781, -22.22900000001819976 ) ) ;
#29 = AXIS2_PLACEMENT_3D ( 'NONE', #5087, #5672, #6464 ) ;
#30 = LINE ( 'NONE', #3910, #2981 ) ;
#31 = CARTESIAN_POINT ( 'NONE',  ( 17.71183283766312755, 28.30495998443557326, -21.22900000000370113 ) ) ;
#32 = ORIENTED_EDGE ( 'NONE', *, *, #3577, .T. ) ;
#33 = ORIENTED_EDGE ( 'NONE', *, *, #900, .F. ) ;
#34 = EDGE_LOOP ( 'NONE', ( #1245, #4557, #694, #963 ) ) ;
#35 = EDGE_CURVE ( 'NONE', #2637, #2142, #3038, .T. ) ;
#36 = ORIENTED_EDGE ( 'NONE', *, *, #4475, .F. ) ;
#37 = CARTESIAN_POINT ( 'NONE',  ( 1.725045633499679987, 15.28899275682450032, -6.290038082722370305 ) ) ;
#38 = CARTESIAN_POINT ( 'NONE',  ( -51.39837195540964387, 14.20843334646961331, -8.635015996446121278 ) ) ;
#39 = FACE_OUTER_BOUND ( 'NONE', #3234, .T. ) ;
#40 = VECTOR ( 'NONE', #5394, 1000.000000000000000 ) ;
#41 = DIRECTION ( 'NONE',  ( -1.000000000000000000, 0.000000000000000000, 0.000000000000000000 ) ) ;
#42 = ORIENTED_EDGE ( 'NONE', *, *, #6988, .F. ) ;
#43 = ORIENTED_EDGE ( 'NONE', *, *, #1931, .F. ) ;
#44 = EDGE_CURVE ( 'NONE', #6851, #119, #2888, .T. ) ;
#45 = AXIS2_PLACEMENT_3D ( 'NONE', #681, #5177, #6655 ) ;
#46 = ORIENTED_EDGE ( 'NONE', *, *, #4496, .F. ) ;
#47 = DIRECTION ( 'NONE',  ( -0.08682659386424779191, -0.08682659386286809000, -0.9924325091390877596 ) ) ;
#48 = CARTESIAN_POINT ( 'NONE',  ( 7.782693114128210077, 22.30859340615769781, -21.22900000000259979 ) ) ;
#49 = CARTESIAN_POINT ( 'NONE',  ( -1.500000000000000000, 29.45140659384229664, -21.22899999999770060 ) ) ;
#50 = CARTESIAN_POINT ( 'NONE',  ( -36.77721906591962409, 23.95504001556442475, -22.22900000001819976 ) ) ;
#51 = ORIENTED_EDGE ( 'NONE', *, *, #4060, .F. ) ;
#52 = VECTOR ( 'NONE', #5449, 1000.000000000000000 ) ;
#53 = ORIENTED_EDGE ( 'NONE', *, *, #1623, .T. ) ;
#54 = CARTESIAN_POINT ( 'NONE',  ( -9.782693114128232281, 22.80859340615770137, -22.22900000001819976 ) ) ;
#55 = VECTOR ( 'NONE', #6928, 1000.000000000000000 ) ;
#56 = CARTESIAN_POINT ( 'NONE',  ( -26.84807934238470040, 29.95140659384229664, -21.22899999999730269 ) ) ;
#57 = DIRECTION ( 'NONE',  ( -1.000000000000000000, 0.000000000000000000, 0.000000000000000000 ) ) ;
#58 = LINE ( 'NONE', #2912, #1244 ) ;
#60 = DIRECTION ( 'NONE',  ( -0.7071067811865492381, -0.7071067811865457964, 0.000000000000000000 ) ) ;
#59 = VECTOR ( 'NONE', #3920, 1000.000000000000000 ) ;
#61 = EDGE_CURVE ( 'NONE', #3922, #6738, #4141, .T. ) ;
#62 = VECTOR ( 'NONE', #2166, 999.9999999999998863 ) ;
#63 = EDGE_LOOP ( 'NONE', ( #1805, #4549, #4380, #2337 ) ) ;
#64 = LINE ( 'NONE', #2884, #3139 ) ;
#65 = VECTOR ( 'NONE', #991, 1000.000000000000000 ) ;
#66 = CARTESIAN_POINT ( 'NONE',  ( 47.77705161185000549, 19.19889544744140153, -15.35804249211109962 ) ) ;
#67 = EDGE_CURVE ( 'NONE', #1882, #6679, #5634, .T. ) ;
#68 = VERTEX_POINT ( 'NONE', #3001 ) ;
#69 = ORIENTED_EDGE ( 'NONE', *, *, #5211, .T. ) ;
#70 = EDGE_LOOP ( 'NONE', ( #4933, #3465, #6293, #2208 ) ) ;
#71 = LINE ( 'NONE', #5572, #5594 ) ;
#72 = AXIS2_PLACEMENT_3D ( 'NONE', #6683, #1118, #675 ) ;
#73 = CARTESIAN_POINT ( 'NONE',  ( 7.211831427140970696, 38.60928165534789969, -11.28356573570460064 ) ) ;
#74 = DIRECTION ( 'NONE',  ( 0.000000000000000000, 0.000000000000000000, -1.000000000000000000 ) ) ;
#75 = AXIS2_PLACEMENT_3D ( 'NONE', #5994, #6067, #1112 ) ;
#76 = ADVANCED_FACE ( 'NONE', ( #250 ), #3544, .T. ) ;
#77 = VERTEX_POINT ( 'NONE', #5676 ) ;
#78 = ORIENTED_EDGE ( 'NONE', *, *, #6169, .F. ) ;
#79 = AXIS2_PLACEMENT_3D ( 'NONE', #4582, #2444, #5189 ) ;
#80 = DIRECTION ( 'NONE',  ( 0.000000000000000000, 0.000000000000000000, 1.000000000000000000 ) ) ;
#81 = CARTESIAN_POINT ( 'NONE',  ( -49.27705161185000549, 17.07757510388659838, -17.47936283566500038 ) ) ;
#82 = CARTESIAN_POINT ( 'NONE',  ( 47.77705161185000549, 26.13000000000734957, -19.22899999999998855 ) ) ;
#83 = DIRECTION ( 'NONE',  ( 0.7071067811865475727, 0.7071067811865475727, 0.000000000000000000 ) ) ;
#84 = EDGE_CURVE ( 'NONE', #6630, #972, #3905, .T. ) ;
#85 = ORIENTED_EDGE ( 'NONE', *, *, #2695, .F. ) ;
#86 = VERTEX_POINT ( 'NONE', #6253 ) ;
#87 = ORIENTED_EDGE ( 'NONE', *, *, #609, .T. ) ;
#88 = CARTESIAN_POINT ( 'NONE',  ( 1.909999999999970166, 15.25209208482990064, -4.176000000000000156 ) ) ;
#89 = PLANE ( 'NONE',  #2895 ) ;
#90 = CARTESIAN_POINT ( 'NONE',  ( 47.77705161185000549, 33.06110455255049629, -15.35804249210140071 ) ) ;
#91 = ORIENTED_EDGE ( 'NONE', *, *, #1844, .F. ) ;
#92 = AXIS2_PLACEMENT_3D ( 'NONE', #11, #4937, #1134 ) ;
#93 = EDGE_CURVE ( 'NONE', #2594, #7026, #5717, .T. ) ;
#94 = CARTESIAN_POINT ( 'NONE',  ( 4.250000000000000000, 26.13000000000100087, -8.426937939554100865 ) ) ;
#95 = CARTESIAN_POINT ( 'NONE',  ( -49.27705161185000549, 19.19889544744140153, -15.35804249211109962 ) ) ;
#96 = ORIENTED_EDGE ( 'NONE', *, *, #836, .F. ) ;
#97 = CIRCLE ( 'NONE', #4741, 0.4999999999999996114 ) ;
#98 = ORIENTED_EDGE ( 'NONE', *, *, #4286, .T. ) ;
#99 = ORIENTED_EDGE ( 'NONE', *, *, #1757, .T. ) ;
#100 = DIRECTION ( 'NONE',  ( 0.000000000000000000, 1.000000000000000000, 0.000000000000000000 ) ) ;
#101 = EDGE_CURVE ( 'NONE', #1846, #584, #3867, .T. ) ;
#102 = CIRCLE ( 'NONE', #6107, 0.5000000000000006661 ) ;
#103 = DIRECTION ( 'NONE',  ( 0.000000000000000000, 0.000000000000000000, 1.000000000000000000 ) ) ;
#104 = CARTESIAN_POINT ( 'NONE',  ( -2.000000000000000000, 24.30859340615769781, -21.22900000001820331 ) ) ;
#105 = CARTESIAN_POINT ( 'NONE',  ( 7.282693114128210077, 27.95140659384230020, -21.22900000001820331 ) ) ;
#106 = VERTEX_POINT ( 'NONE', #22 ) ;
#107 = ORIENTED_EDGE ( 'NONE', *, *, #4112, .T. ) ;
#108 = UNCERTAINTY_MEASURE_WITH_UNIT (LENGTH_MEASURE( 1.000000000000000082E-05 ), #2689, 'distance_accuracy_value', 'NONE');
#109 = CARTESIAN_POINT ( 'NONE',  ( 4.250000000000000000, 15.32958314592720050, -8.615459916994128164 ) ) ;
#110 = EDGE_CURVE ( 'NONE', #3914, #1340, #4413, .T. ) ;
#111 = ORIENTED_EDGE ( 'NONE', *, *, #2484, .T. ) ;
#112 = DIRECTION ( 'NONE',  ( 0.000000000000000000, 1.000000000000000000, 6.925824587419099363E-13 ) ) ;
#113 = DIRECTION ( 'NONE',  ( 3.700179774270168716E-16, 0.01745240643589389407, 0.9998476951564155835 ) ) ;
#114 = VERTEX_POINT ( 'NONE', #5531 ) ;
#115 = ORIENTED_EDGE ( 'NONE', *, *, #5544, .F. ) ;
#116 = CARTESIAN_POINT ( 'NONE',  ( 43.91346557064109390, 29.45140659384229664, -21.22900000001820331 ) ) ;
#117 = ADVANCED_FACE ( 'NONE', ( #631 ), #3454, .F. ) ;
#118 = EDGE_CURVE ( 'NONE', #3522, #4899, #5013, .T. ) ;
#119 = VERTEX_POINT ( 'NONE', #4981 ) ;
#120 = CARTESIAN_POINT ( 'NONE',  ( 4.250000000000000000, 15.17919973368969977, -2.609992620111790041E-17 ) ) ;
#121 = DIRECTION ( 'NONE',  ( 0.08714256931580910415, -0.01738601487319840419, -0.9960441250767300136 ) ) ;
#122 = LINE ( 'NONE', #6743, #871 ) ;
#123 = DIRECTION ( 'NONE',  ( 0.7071067811865475727, -0.7071067811865475727, 0.000000000000000000 ) ) ;
#124 = CARTESIAN_POINT ( 'NONE',  ( 42.41346557064109390, 23.47860613411189945, -21.22900000000180043 ) ) ;
#125 = DIRECTION ( 'NONE',  ( -0.7071067811865475727, 0.7071067811865475727, 0.000000000000000000 ) ) ;
#126 = ORIENTED_EDGE ( 'NONE', *, *, #2354, .T. ) ;
#127 = EDGE_CURVE ( 'NONE', #4472, #4918, #4254, .T. ) ;
#128 = CARTESIAN_POINT ( 'NONE',  ( -49.27705161185000549, 16.33895830418149941, -9.143835505874799097 ) ) ;
#129 = LINE ( 'NONE', #6752, #3403 ) ;
#130 = DIRECTION ( 'NONE',  ( -0.7071067811865580088, -0.7071067811865372477, 0.000000000000000000 ) ) ;
#131 = ADVANCED_FACE ( 'NONE', ( #2343 ), #2877, .T. ) ;
#132 = FACE_OUTER_BOUND ( 'NONE', #3304, .T. ) ;
#133 = CARTESIAN_POINT ( 'NONE',  ( 50.77705161184999838, 16.32943060266610047, -8.597993851626638317 ) ) ;
#134 = VERTEX_POINT ( 'NONE', #1653 ) ;
#135 = ORIENTED_EDGE ( 'NONE', *, *, #1987, .F. ) ;
#136 = VERTEX_POINT ( 'NONE', #1755 ) ;
#137 = ORIENTED_EDGE ( 'NONE', *, *, #1734, .F. ) ;
#138 = VECTOR ( 'NONE', #3754, 1000.000000000000000 ) ;
#139 = CARTESIAN_POINT ( 'NONE',  ( -49.27705161185000549, 36.91922165804790268, -9.256832266739110082 ) ) ;
#140 = DIRECTION ( 'NONE',  ( 0.000000000000000000, 0.000000000000000000, 1.000000000000000000 ) ) ;
#141 = DIRECTION ( 'NONE',  ( -0.7071067811865475727, -0.7071067811865475727, 0.000000000000000000 ) ) ;
#142 = CARTESIAN_POINT ( 'NONE',  ( 44.05991218004781729, 27.02644660940673305, -22.22900000001819976 ) ) ;
#143 = ORIENTED_EDGE ( 'NONE', *, *, #1305, .F. ) ;
#144 = AXIS2_PLACEMENT_3D ( 'NONE', #1589, #6028, #528 ) ;
#145 = ORIENTED_EDGE ( 'NONE', *, *, #5574, .T. ) ;
#146 = ADVANCED_FACE ( 'NONE', ( #3967 ), #4553, .F. ) ;
#147 = CYLINDRICAL_SURFACE ( 'NONE', #4555, 0.4999999999999982236 ) ;
#148 = ORIENTED_EDGE ( 'NONE', *, *, #3497, .T. ) ;
#149 = CYLINDRICAL_SURFACE ( 'NONE', #5021, 0.5000000000000006661 ) ;
#150 = CARTESIAN_POINT ( 'NONE',  ( -26.34807934238470040, 21.94290283719080037, -21.22900000000290177 ) ) ;
#151 = VECTOR ( 'NONE', #1743, 1000.000000000000000 ) ;
#152 = CARTESIAN_POINT ( 'NONE',  ( -43.91346557064109390, 23.05859340615770137, -21.22900000001820331 ) ) ;
#153 = ORIENTED_EDGE ( 'NONE', *, *, #5928, .T. ) ;
#154 = ORIENTED_EDGE ( 'NONE', *, *, #6024, .F. ) ;
#155 = EDGE_CURVE ( 'NONE', #4174, #3999, #3414, .T. ) ;
#156 = CIRCLE ( 'NONE', #6977, 0.5000000000000006661 ) ;
#157 = EDGE_LOOP ( 'NONE', ( #5901, #4587, #6405, #2612 ) ) ;
#158 = CARTESIAN_POINT ( 'NONE',  ( -9.282693114128230505, 29.45140659384229664, -21.22900000000370113 ) ) ;
#159 = DIRECTION ( 'NONE',  ( 0.000000000000000000, 0.000000000000000000, -1.000000000000000000 ) ) ;
#160 = LINE ( 'NONE', #5116, #6370 ) ;
#161 = CIRCLE ( 'NONE', #5130, 0.4999999999999994449 ) ;
#162 = CARTESIAN_POINT ( 'NONE',  ( 0.9491733333957469432, 17.68172666660420234, -15.15829905317410109 ) ) ;
#163 = LINE ( 'NONE', #1756, #5240 ) ;
#164 = EDGE_CURVE ( 'NONE', #1081, #6841, #2969, .T. ) ;
#165 = ORIENTED_EDGE ( 'NONE', *, *, #5482, .T. ) ;
#166 = AXIS2_PLACEMENT_3D ( 'NONE', #1466, #4695, #6990 ) ;
#167 = AXIS2_PLACEMENT_3D ( 'NONE', #6861, #5884, #3133 ) ;
#168 = VECTOR ( 'NONE', #5549, 1000.000000000000000 ) ;
#169 = CARTESIAN_POINT ( 'NONE',  ( -49.27705161185000549, 18.12693592926860120, -14.28608297392730009 ) ) ;
#170 = DIRECTION ( 'NONE',  ( -9.819848845325710630E-16, -1.000000000000000000, 0.000000000000000000 ) ) ;
#171 = CARTESIAN_POINT ( 'NONE',  ( -44.41346557064109390, 26.37999999999999901, -21.22900000001820331 ) ) ;
#172 = AXIS2_PLACEMENT_3D ( 'NONE', #3316, #20, #159 ) ;
#173 = EDGE_CURVE ( 'NONE', #3094, #4472, #5562, .T. ) ;
#174 = ORIENTED_EDGE ( 'NONE', *, *, #4703, .F. ) ;
#175 = ORIENTED_EDGE ( 'NONE', *, *, #6039, .T. ) ;
#176 = CARTESIAN_POINT ( 'NONE',  ( -40.27705161185000549, 13.17889507760179946, 8.627658036928610115E-16 ) ) ;
#177 = ORIENTED_EDGE ( 'NONE', *, *, #7044, .T. ) ;
#178 = CIRCLE ( 'NONE', #6184, 0.4999999999999994449 ) ;
#179 = LINE ( 'NONE', #2287, #3458 ) ;
#180 = CARTESIAN_POINT ( 'NONE',  ( 43.41346557064109390, 29.45140659384229664, -21.22900000001820331 ) ) ;
#181 = DIRECTION ( 'NONE',  ( 0.000000000000000000, 0.000000000000000000, 1.000000000000000000 ) ) ;
#182 = DIRECTION ( 'NONE',  ( 0.000000000000000000, -1.000000000000000000, 0.000000000000000000 ) ) ;
#183 = EDGE_CURVE ( 'NONE', #1153, #410, #3936, .T. ) ;
#184 = ORIENTED_EDGE ( 'NONE', *, *, #4237, .T. ) ;
#185 = ORIENTED_EDGE ( 'NONE', *, *, #110, .F. ) ;
#186 = ORIENTED_EDGE ( 'NONE', *, *, #1478, .F. ) ;
#187 = CIRCLE ( 'NONE', #1369, 0.5000000000000006661 ) ;
#188 = PLANE ( 'NONE',  #1896 ) ;
#189 = ORIENTED_EDGE ( 'NONE', *, *, #5368, .F. ) ;
#190 = DIRECTION ( 'NONE',  ( 0.000000000000000000, 0.000000000000000000, -1.000000000000000000 ) ) ;
#191 = LINE ( 'NONE', #6733, #2075 ) ;
#192 = EDGE_CURVE ( 'NONE', #6810, #6804, #58, .T. ) ;
#193 = CARTESIAN_POINT ( 'NONE',  ( 48.29411559524736930, 36.97793417825286610, -4.646316112097955431E-18 ) ) ;
#194 = FACE_OUTER_BOUND ( 'NONE', #5476, .T. ) ;
#195 = ORIENTED_EDGE ( 'NONE', *, *, #4294, .T. ) ;
#196 = AXIS2_PLACEMENT_3D ( 'NONE', #6191, #5774, #3442 ) ;
#197 = ORIENTED_EDGE ( 'NONE', *, *, #2754, .T. ) ;
#198 = AXIS2_PLACEMENT_3D ( 'NONE', #5133, #1845, #4055 ) ;
#199 = VERTEX_POINT ( 'NONE', #7151 ) ;
#200 = CARTESIAN_POINT ( 'NONE',  ( -43.41346557064109390, 24.30859340615769781, -21.22900000001820331 ) ) ;
#201 = EDGE_CURVE ( 'NONE', #3839, #2594, #2311, .T. ) ;
#202 = DIRECTION ( 'NONE',  ( 0.7071067811865475727, -0.7071067811865475727, 0.000000000000000000 ) ) ;
#203 = CARTESIAN_POINT ( 'NONE',  ( -20.20673278532060024, 25.37999999999999901, -21.22900000000050014 ) ) ;
#204 = DIRECTION ( 'NONE',  ( 0.000000000000000000, 0.000000000000000000, -1.000000000000000000 ) ) ;
#205 = CYLINDRICAL_SURFACE ( 'NONE', #1763, 0.5000000000000002220 ) ;
#206 = ORIENTED_EDGE ( 'NONE', *, *, #1481, .T. ) ;
#207 = CARTESIAN_POINT ( 'NONE',  ( 47.77705161185000549, 36.93041685405530217, -8.615459916979109067 ) ) ;
#208 = EDGE_CURVE ( 'NONE', #1104, #4305, #561, .T. ) ;
#209 = LINE ( 'NONE', #2389, #6994 ) ;
#210 = CARTESIAN_POINT ( 'NONE',  ( -10.28269311412819853, 23.05859340615770137, -22.22900000001819976 ) ) ;
#211 = DIRECTION ( 'NONE',  ( 3.462970525474364994E-13, -3.462970525474430123E-13, 1.000000000000000000 ) ) ;
#212 = DIRECTION ( 'NONE',  ( 0.000000000000000000, -0.7071067811866843522, -0.7071067811864107933 ) ) ;
#213 = ORIENTED_EDGE ( 'NONE', *, *, #7064, .F. ) ;
#214 = ORIENTED_EDGE ( 'NONE', *, *, #497, .F. ) ;
#215 = ORIENTED_EDGE ( 'NONE', *, *, #4121, .F. ) ;
#216 = ORIENTED_EDGE ( 'NONE', *, *, #5053, .T. ) ;
#217 = EDGE_CURVE ( 'NONE', #3358, #869, #2780, .T. ) ;
#218 = FACE_OUTER_BOUND ( 'NONE', #6328, .T. ) ;
#219 = CARTESIAN_POINT ( 'NONE',  ( 47.77705161185000549, 38.99441338736099993, -4.966554714676459703 ) ) ;
#220 = DIRECTION ( 'NONE',  ( -0.7071067811865580088, -0.7071067811865372477, 0.000000000000000000 ) ) ;
#221 = ORIENTED_EDGE ( 'NONE', *, *, #6538, .T. ) ;
#222 = VERTEX_POINT ( 'NONE', #2811 ) ;
#223 = ORIENTED_EDGE ( 'NONE', *, *, #4417, .F. ) ;
#224 = CIRCLE ( 'NONE', #6233, 0.4999999999999996114 ) ;
#225 = DIRECTION ( 'NONE',  ( 0.7071067811865475727, -0.7071067811865475727, 0.000000000000000000 ) ) ;
#226 = ORIENTED_EDGE ( 'NONE', *, *, #3327, .F. ) ;
#227 = CARTESIAN_POINT ( 'NONE',  ( 33.48432584710617022, 23.95504001556442475, -21.22900000001820331 ) ) ;
#228 = CARTESIAN_POINT ( 'NONE',  ( 25.84807934238460092, 29.45140659384229664, -22.22900000001819976 ) ) ;
#229 = FACE_OUTER_BOUND ( 'NONE', #6670, .T. ) ;
#230 = DIRECTION ( 'NONE',  ( -1.000000000000000000, 5.056412698010379758E-16, 0.000000000000000000 ) ) ;
#231 = EDGE_LOOP ( 'NONE', ( #3486, #2973, #1359, #1256, #2054 ) ) ;
#232 = ORIENTED_EDGE ( 'NONE', *, *, #6824, .F. ) ;
#233 = DIRECTION ( 'NONE',  ( 0.000000000000000000, 0.000000000000000000, -1.000000000000000000 ) ) ;
#234 = CARTESIAN_POINT ( 'NONE',  ( 35.27721906591963119, 28.30495998443557681, -21.22900000000370113 ) ) ;
#235 = CARTESIAN_POINT ( 'NONE',  ( 16.06538622825639706, 24.30859340615769781, -22.22900000001819976 ) ) ;
#236 = CARTESIAN_POINT ( 'NONE',  ( 43.41346557064109390, 29.95140659384229664, -21.22899999999730269 ) ) ;
#237 = DIRECTION ( 'NONE',  ( -0.7071067811865475727, -0.7071067811865475727, 0.000000000000000000 ) ) ;
#238 = CARTESIAN_POINT ( 'NONE',  ( -50.27705161184999838, 36.08064793823670158, -1.561251128379126385E-14 ) ) ;
#239 = AXIS2_PLACEMENT_3D ( 'NONE', #2310, #4979, #1754 ) ;
#240 = ORIENTED_EDGE ( 'NONE', *, *, #4060, .T. ) ;
#241 = EDGE_CURVE ( 'NONE', #4062, #2898, #3376, .T. ) ;
#242 =( BOUNDED_CURVE ( )  B_SPLINE_CURVE ( 3, ( #5061, #6844, #6260, #3393 ),
 .UNSPECIFIED., .F., .F. ) 
 B_SPLINE_CURVE_WITH_KNOTS ( ( 4, 4 ),
 ( 4.937421538393423681, 5.497787143781938113 ),
 .UNSPECIFIED. ) 
 CURVE ( )  GEOMETRIC_REPRESENTATION_ITEM ( )  RATIONAL_B_SPLINE_CURVE ( ( 1.000000000000000000, 0.9740032691308072588, 0.9740032691308072588, 1.000000000000000000 ) ) 
 REPRESENTATION_ITEM ( '' )  );
#243 = CARTESIAN_POINT ( 'NONE',  ( 7.603990761736747928, 15.36417970937955957, -15.76596744116783100 ) ) ;
#244 = CYLINDRICAL_SURFACE ( 'NONE', #2574, 0.4999999999999982236 ) ;
#245 = CARTESIAN_POINT ( 'NONE',  ( -18.56538622825640061, 29.45140659384229664, -22.22900000001819976 ) ) ;
#246 = DIRECTION ( 'NONE',  ( -5.056412698010379758E-16, -1.000000000000000000, 0.000000000000000000 ) ) ;
#247 = VERTEX_POINT ( 'NONE', #2274 ) ;
#248 = ORIENTED_EDGE ( 'NONE', *, *, #1385, .T. ) ;
#249 = EDGE_CURVE ( 'NONE', #5765, #5737, #2534, .T. ) ;
#250 = FACE_OUTER_BOUND ( 'NONE', #2018, .T. ) ;
#251 = EDGE_CURVE ( 'NONE', #6518, #5176, #329, .T. ) ;
#252 = VERTEX_POINT ( 'NONE', #3065 ) ;
#253 = CARTESIAN_POINT ( 'NONE',  ( -10.28269311412819853, 27.95140659384230020, -22.22900000001819976 ) ) ;
#254 = DIRECTION ( 'NONE',  ( -0.7071067811865495711, 0.7071067811865455743, 0.000000000000000000 ) ) ;
#255 = CIRCLE ( 'NONE', #2109, 0.4999999999999982236 ) ;
#256 = DIRECTION ( 'NONE',  ( 0.000000000000000000, -0.9205050619258732247, -0.3907306373562791646 ) ) ;
#257 = DIRECTION ( 'NONE',  ( 0.000000000000000000, 0.000000000000000000, 1.000000000000000000 ) ) ;
#258 = VERTEX_POINT ( 'NONE', #886 ) ;
#259 = VERTEX_POINT ( 'NONE', #3645 ) ;
#260 = EDGE_CURVE ( 'NONE', #2291, #4202, #5821, .T. ) ;
#261 = ORIENTED_EDGE ( 'NONE', *, *, #3417, .F. ) ;
#262 = AXIS2_PLACEMENT_3D ( 'NONE', #171, #1260, #1184 ) ;
#263 = DIRECTION ( 'NONE',  ( 1.000000000000000000, -1.376885414906370062E-16, -1.164635296342740053E-17 ) ) ;
#264 = ORIENTED_EDGE ( 'NONE', *, *, #1221, .T. ) ;
#265 = FACE_OUTER_BOUND ( 'NONE', #6695, .T. ) ;
#266 = CARTESIAN_POINT ( 'NONE',  ( 49.89837195540965098, 30.19014704465804755, -21.22899999999722098 ) ) ;
#267 = AXIS2_PLACEMENT_3D ( 'NONE', #7114, #6609, #1654 ) ;
#268 = CARTESIAN_POINT ( 'NONE',  ( 35.13077245651290070, 22.80859340615770137, -21.22900000000230136 ) ) ;
#269 = VERTEX_POINT ( 'NONE', #6938 ) ;
#270 = ORIENTED_EDGE ( 'NONE', *, *, #2235, .F. ) ;
#271 = EDGE_CURVE ( 'NONE', #4110, #2070, #814, .T. ) ;
#272 = AXIS2_PLACEMENT_3D ( 'NONE', #941, #3050, #5843 ) ;
#273 = CARTESIAN_POINT ( 'NONE',  ( -45.41346557064109390, 22.80859340615770137, -22.22900000001819976 ) ) ;
#274 = CYLINDRICAL_SURFACE ( 'NONE', #5908, 0.5000000000000006661 ) ;
#275 = DIRECTION ( 'NONE',  ( 0.000000000000000000, 0.000000000000000000, -1.000000000000000000 ) ) ;
#276 = CARTESIAN_POINT ( 'NONE',  ( -49.27705161185000549, 16.26346196517519971, -4.818653140940460489 ) ) ;
#277 = CIRCLE ( 'NONE', #6740, 3.000000000000003109 ) ;
#278 = EDGE_CURVE ( 'NONE', #3849, #5400, #5276, .T. ) ;
#279 = VECTOR ( 'NONE', #5824, 1000.000000000000227 ) ;
#280 = DIRECTION ( 'NONE',  ( -8.923019608412663042E-45, 6.802672122339833747E-13, -1.000000000000000000 ) ) ;
#281 = CARTESIAN_POINT ( 'NONE',  ( -26.84807934238470040, 29.45140659384229664, -22.22900000001819976 ) ) ;
#282 = EDGE_CURVE ( 'NONE', #1828, #2326, #4455, .T. ) ;
#283 = CARTESIAN_POINT ( 'NONE',  ( 47.18582856059130393, 25.87999999999999901, -21.47900000001820331 ) ) ;
#284 = DIRECTION ( 'NONE',  ( 0.000000000000000000, 0.000000000000000000, -1.000000000000000000 ) ) ;
#285 = ORIENTED_EDGE ( 'NONE', *, *, #6275, .T. ) ;
#287 = CIRCLE ( 'NONE', #4336, 0.9999999999999994449 ) ;
#286 = DIRECTION ( 'NONE',  ( 0.000000000000000000, 0.000000000000000000, -1.000000000000000000 ) ) ;
#288 = ORIENTED_EDGE ( 'NONE', *, *, #3278, .T. ) ;
#289 = AXIS2_PLACEMENT_3D ( 'NONE', #5421, #3872, #6032 ) ;
#290 = VERTEX_POINT ( 'NONE', #3570 ) ;
#291 = DIRECTION ( 'NONE',  ( 1.000000000000000000, -1.376885414906370062E-16, -1.164635296342740053E-17 ) ) ;
#292 = CARTESIAN_POINT ( 'NONE',  ( 1.271645095728904273, 37.64626281942766184, -11.47242994352646761 ) ) ;
#293 = AXIS2_PLACEMENT_3D ( 'NONE', #5225, #4249, #2441 ) ;
#294 = EDGE_CURVE ( 'NONE', #972, #3522, #4191, .T. ) ;
#295 = CARTESIAN_POINT ( 'NONE',  ( -18.56538622825640061, 29.95140659384229664, -22.22900000001819976 ) ) ;
#296 = CARTESIAN_POINT ( 'NONE',  ( -0.7500000000000109912, 23.80859340615770137, -21.22900000001820331 ) ) ;
#297 = ORIENTED_EDGE ( 'NONE', *, *, #6812, .T. ) ;
#298 = EDGE_LOOP ( 'NONE', ( #5844, #4469, #510, #1096 ) ) ;
#299 = ORIENTED_EDGE ( 'NONE', *, *, #2636, .T. ) ;
#300 = AXIS2_PLACEMENT_3D ( 'NONE', #4267, #1952, #924 ) ;
#301 = CARTESIAN_POINT ( 'NONE',  ( -49.27705161185000549, 26.12999999999999901, -8.426937939554479229 ) ) ;
#302 = ORIENTED_EDGE ( 'NONE', *, *, #6122, .T. ) ;
#303 = LINE ( 'NONE', #227, #4909 ) ;
#304 = DIRECTION ( 'NONE',  ( -1.000000000000000000, 0.000000000000000000, 1.164635296333200074E-17 ) ) ;
#305 = EDGE_CURVE ( 'NONE', #7078, #2163, #7138, .T. ) ;
#306 = DIRECTION ( 'NONE',  ( -1.000000000000000000, 0.000000000000000000, 0.000000000000000000 ) ) ;
#307 = CYLINDRICAL_SURFACE ( 'NONE', #2739, 0.4999999999999982236 ) ;
#308 = ORIENTED_EDGE ( 'NONE', *, *, #1376, .F. ) ;
#309 = EDGE_LOOP ( 'NONE', ( #3716, #5316, #3802, #5534 ) ) ;
#310 = CARTESIAN_POINT ( 'NONE',  ( 50.77705161184999838, 25.06985295533930014, -21.22900000000070264 ) ) ;
#311 = CARTESIAN_POINT ( 'NONE',  ( 7.782693114128210077, 22.80859340615770137, -22.22900000001819976 ) ) ;
#312 = DIRECTION ( 'NONE',  ( 0.000000000000000000, 0.000000000000000000, 1.000000000000000000 ) ) ;
#313 = ADVANCED_FACE ( 'NONE', ( #4705 ), #1329, .F. ) ;
#314 = CARTESIAN_POINT ( 'NONE',  ( 4.250000000000000000, 14.63620911501089950, -11.21557455741150022 ) ) ;
#315 = CIRCLE ( 'NONE', #419, 1.000000000000001110 ) ;
#316 = DIRECTION ( 'NONE',  ( 0.7071067811865580088, 0.7071067811865372477, 0.000000000000000000 ) ) ;
#317 = CARTESIAN_POINT ( 'NONE',  ( -44.41346557064109390, 26.37999999999999901, -21.22900000000370113 ) ) ;
#318 = AXIS2_PLACEMENT_3D ( 'NONE', #349, #2414, #2560 ) ;
#319 = AXIS2_PLACEMENT_3D ( 'NONE', #1063, #3270, #3309 ) ;
#320 = PRODUCT ( 'Rev1 Battery Cover - IM', 'Rev1 Battery Cover - IM', '', ( #3814 ) ) ;
#321 = DIRECTION ( 'NONE',  ( 0.000000000000000000, 0.000000000000000000, -1.000000000000000000 ) ) ;
#322 = EDGE_CURVE ( 'NONE', #3943, #677, #1710, .T. ) ;
#323 = LINE ( 'NONE', #4742, #2835 ) ;
#324 = FACE_OUTER_BOUND ( 'NONE', #3620, .T. ) ;
#325 = FACE_OUTER_BOUND ( 'NONE', #2977, .T. ) ;
#326 = FACE_OUTER_BOUND ( 'NONE', #1460, .T. ) ;
#327 = ORIENTED_EDGE ( 'NONE', *, *, #3621, .T. ) ;
#328 = EDGE_CURVE ( 'NONE', #4322, #410, #3677, .T. ) ;
#329 = CIRCLE ( 'NONE', #5300, 0.4999999999999994449 ) ;
#330 = EDGE_LOOP ( 'NONE', ( #7117, #337, #2736, #3444 ) ) ;
#331 = FACE_OUTER_BOUND ( 'NONE', #4584, .T. ) ;
#332 = CARTESIAN_POINT ( 'NONE',  ( 7.136246504721484030, 28.30495998443557326, -21.22900000000370113 ) ) ;
#333 = DIRECTION ( 'NONE',  ( 0.000000000000000000, 0.000000000000000000, -1.000000000000000000 ) ) ;
#334 = DIRECTION ( 'NONE',  ( 0.7071067811865494601, -0.7071067811865455743, 0.000000000000000000 ) ) ;
#335 = ORIENTED_EDGE ( 'NONE', *, *, #4417, .T. ) ;
#336 = ORIENTED_EDGE ( 'NONE', *, *, #4747, .T. ) ;
#337 = ORIENTED_EDGE ( 'NONE', *, *, #5904, .F. ) ;
#338 = EDGE_CURVE ( 'NONE', #6528, #6976, #2453, .T. ) ;
#339 = UNCERTAINTY_MEASURE_WITH_UNIT (LENGTH_MEASURE( 1.000000000000000082E-05 ), #4488, 'distance_accuracy_value', 'NONE');
#340 = VECTOR ( 'NONE', #7030, 1000.000000000000000 ) ;
#341 = VERTEX_POINT ( 'NONE', #4043 ) ;
#342 = CARTESIAN_POINT ( 'NONE',  ( 1.252736388108189658, 13.91530098664673254, -11.68855746062489764 ) ) ;
#343 = CARTESIAN_POINT ( 'NONE',  ( 42.91346557064109390, 25.37999999999999901, -21.22900000000050014 ) ) ;
#344 = PLANE ( 'NONE',  #6986 ) ;
#345 = FACE_OUTER_BOUND ( 'NONE', #6225, .T. ) ;
#346 = VERTEX_POINT ( 'NONE', #6242 ) ;
#347 = VERTEX_POINT ( 'NONE', #5704 ) ;
#348 = CIRCLE ( 'NONE', #796, 0.5000000000000006661 ) ;
#349 = CARTESIAN_POINT ( 'NONE',  ( 47.77705161185000549, 16.33895830418149941, -9.143835505874807978 ) ) ;
#350 = EDGE_CURVE ( 'NONE', #1891, #3747, #1301, .T. ) ;
#351 = DIRECTION ( 'NONE',  ( 0.7071067811865475727, 0.7071067811865475727, 0.000000000000000000 ) ) ;
#352 = CARTESIAN_POINT ( 'NONE',  ( -52.27705161184999838, 33.06110455255049629, -15.35804249210140071 ) ) ;
#353 = VERTEX_POINT ( 'NONE', #739 ) ;
#354 = ADVANCED_FACE ( 'NONE', ( #1869 ), #780, .T. ) ;
#355 = DIRECTION ( 'NONE',  ( 0.7071067811865580088, 0.7071067811865372477, 0.000000000000000000 ) ) ;
#356 = CIRCLE ( 'NONE', #4975, 10.80206206044549866 ) ;
#357 = DIRECTION ( 'NONE',  ( -3.462970525474364994E-13, 3.462970525474364994E-13, -1.000000000000000000 ) ) ;
#358 = DIRECTION ( 'NONE',  ( 1.000000000000000000, -2.719185104597690019E-16, -1.458763219329859727E-16 ) ) ;
#359 = VERTEX_POINT ( 'NONE', #1947 ) ;
#360 = EDGE_CURVE ( 'NONE', #1892, #258, #6318, .T. ) ;
#361 = ORIENTED_EDGE ( 'NONE', *, *, #2807, .F. ) ;
#362 = CARTESIAN_POINT ( 'NONE',  ( 4.250000000000000000, 17.68172666660420234, -15.15829905317410109 ) ) ;
#363 = DIRECTION ( 'NONE',  ( 0.7071067811865580088, -0.7071067811865372477, 0.000000000000000000 ) ) ;
#364 = DIRECTION ( 'NONE',  ( -0.7071067811865475727, 0.7071067811865475727, 0.000000000000000000 ) ) ;
#365 = DIRECTION ( 'NONE',  ( 0.000000000000000000, 0.000000000000000000, -1.000000000000000000 ) ) ;
#366 = ORIENTED_EDGE ( 'NONE', *, *, #2321, .T. ) ;
#367 = EDGE_LOOP ( 'NONE', ( #1207, #3842, #788, #2753, #5791, #2404, #5498, #5627 ) ) ;
#368 = ORIENTED_EDGE ( 'NONE', *, *, #6519, .F. ) ;
#369 = CARTESIAN_POINT ( 'NONE',  ( -49.27705161185000549, 15.17919973368960562, -1.044872634244110710E-18 ) ) ;
#370 = AXIS2_PLACEMENT_3D ( 'NONE', #4743, #4809, #1444 ) ;
#371 = DIRECTION ( 'NONE',  ( 3.462854061944730330E-13, 3.462854061944730330E-13, -1.000000000000000000 ) ) ;
#372 = LINE ( 'NONE', #5358, #5889 ) ;
#373 = CARTESIAN_POINT ( 'NONE',  ( -20.20673278532060024, 26.88000000000000256, -21.22899999999950182 ) ) ;
#374 = DIRECTION ( 'NONE',  ( 0.000000000000000000, -1.000000000000000000, -6.925824587419099363E-13 ) ) ;
#375 = ADVANCED_FACE ( 'NONE', ( #2948 ), #4114, .T. ) ;
#376 = ORIENTED_EDGE ( 'NONE', *, *, #6803, .F. ) ;
#377 = AXIS2_PLACEMENT_3D ( 'NONE', #2640, #1519, #4137 ) ;
#378 = ORIENTED_EDGE ( 'NONE', *, *, #4484, .F. ) ;
#379 = FACE_OUTER_BOUND ( 'NONE', #2931, .T. ) ;
#380 = DIRECTION ( 'NONE',  ( 0.000000000000000000, 0.000000000000000000, 1.000000000000000000 ) ) ;
#381 = CARTESIAN_POINT ( 'NONE',  ( 41.91346557064109390, 27.95140659384230020, -21.22900000000370113 ) ) ;
#382 = EDGE_CURVE ( 'NONE', #3747, #2688, #664, .T. ) ;
#383 = ORIENTED_EDGE ( 'NONE', *, *, #6017, .F. ) ;
#384 = CIRCLE ( 'NONE', #2240, 0.4999999999999982236 ) ;
#385 = CARTESIAN_POINT ( 'NONE',  ( 7.282693114128210077, 22.80859340615770137, -21.22900000001820331 ) ) ;
#386 = CARTESIAN_POINT ( 'NONE',  ( 47.77705161185000549, 16.32943060266610047, -8.597993851626638317 ) ) ;
#387 = EDGE_CURVE ( 'NONE', #5589, #3541, #5076, .T. ) ;
#388 = PLANE ( 'NONE',  #835 ) ;
#389 = ORIENTED_EDGE ( 'NONE', *, *, #3654, .T. ) ;
#390 = AXIS2_PLACEMENT_3D ( 'NONE', #1487, #3691, #792 ) ;
#391 = ORIENTED_EDGE ( 'NONE', *, *, #1181, .T. ) ;
#392 = LINE ( 'NONE', #4646, #3277 ) ;
#393 = CARTESIAN_POINT ( 'NONE',  ( -28.34807934238470040, 27.95140659384230020, -21.22900000001820331 ) ) ;
#394 = EDGE_CURVE ( 'NONE', #6825, #3488, #1372, .T. ) ;
#395 = CARTESIAN_POINT ( 'NONE',  ( -43.76701896123437763, 23.95504001556442830, -21.22900000000370113 ) ) ;
#396 = PLANE ( 'NONE',  #5919 ) ;
#397 = AXIS2_PLACEMENT_3D ( 'NONE', #454, #3788, #2201 ) ;
#398 = ORIENTED_EDGE ( 'NONE', *, *, #4977, .F. ) ;
#399 = ORIENTED_EDGE ( 'NONE', *, *, #5633, .T. ) ;
#400 = ORIENTED_EDGE ( 'NONE', *, *, #2599, .F. ) ;
#401 = VECTOR ( 'NONE', #1278, 1000.000000000000000 ) ;
#402 = DIRECTION ( 'NONE',  ( 0.000000000000000000, 0.000000000000000000, -1.000000000000000000 ) ) ;
#403 = CARTESIAN_POINT ( 'NONE',  ( 47.18582856059130393, 25.87999999999999901, -21.22900000000370113 ) ) ;
#404 = DIRECTION ( 'NONE',  ( 0.000000000000000000, 0.000000000000000000, 1.000000000000000000 ) ) ;
#405 = EDGE_CURVE ( 'NONE', #6741, #6858, #776, .T. ) ;
#406 = AXIS2_PLACEMENT_3D ( 'NONE', #928, #3110, #1484 ) ;
#407 = FACE_OUTER_BOUND ( 'NONE', #4450, .T. ) ;
#408 = ORIENTED_EDGE ( 'NONE', *, *, #5913, .T. ) ;
#409 = AXIS2_PLACEMENT_3D ( 'NONE', #3029, #5241, #280 ) ;
#410 = VERTEX_POINT ( 'NONE', #700 ) ;
#411 = EDGE_CURVE ( 'NONE', #2986, #4670, #1363, .T. ) ;
#412 = CARTESIAN_POINT ( 'NONE',  ( -49.27705161185000549, 13.17889507760180656, 5.952052646935947166E-16 ) ) ;
#413 = CARTESIAN_POINT ( 'NONE',  ( 8.782693114128209189, 24.30859340615769781, -21.22900000000120002 ) ) ;
#414 = CIRCLE ( 'NONE', #6896, 0.5000000000000006661 ) ;
#415 = DIRECTION ( 'NONE',  ( 0.000000000000000000, 0.000000000000000000, 1.000000000000000000 ) ) ;
#416 = ORIENTED_EDGE ( 'NONE', *, *, #2448, .T. ) ;
#417 = EDGE_LOOP ( 'NONE', ( #5063, #511, #4645, #2887 ) ) ;
#418 = ADVANCED_FACE ( 'NONE', ( #2339 ), #2908, .T. ) ;
#419 = AXIS2_PLACEMENT_3D ( 'NONE', #2470, #5180, #6884 ) ;
#420 = DIRECTION ( 'NONE',  ( 0.000000000000000000, 0.000000000000000000, 1.000000000000000000 ) ) ;
#421 = CARTESIAN_POINT ( 'NONE',  ( 25.84807934238460092, 29.45140659384229664, -21.22900000000370113 ) ) ;
#422 = VECTOR ( 'NONE', #2572, 1000.000000000000000 ) ;
#423 = LINE ( 'NONE', #2634, #6622 ) ;
#424 = ORIENTED_EDGE ( 'NONE', *, *, #6353, .F. ) ;
#425 = ADVANCED_FACE ( 'NONE', ( #3022 ), #6742, .F. ) ;
#426 = ORIENTED_EDGE ( 'NONE', *, *, #2269, .F. ) ;
#427 = CARTESIAN_POINT ( 'NONE',  ( 24.70163273297787043, 28.30495998443557326, -21.22900000000370113 ) ) ;
#428 = VECTOR ( 'NONE', #6205, 1000.000000000000000 ) ;
#429 = DIRECTION ( 'NONE',  ( 0.7071067811865492381, 0.7071067811865457964, 0.000000000000000000 ) ) ;
#430 = DIRECTION ( 'NONE',  ( 0.000000000000000000, 0.000000000000000000, 1.000000000000000000 ) ) ;
#431 = ORIENTED_EDGE ( 'NONE', *, *, #836, .T. ) ;
#432 = ORIENTED_EDGE ( 'NONE', *, *, #4449, .T. ) ;
#433 = CIRCLE ( 'NONE', #5041, 0.4999999999999994449 ) ;
#434 = ORIENTED_EDGE ( 'NONE', *, *, #3067, .F. ) ;
#435 = EDGE_CURVE ( 'NONE', #3017, #3726, #3565, .T. ) ;
#436 = CARTESIAN_POINT ( 'NONE',  ( -8.782693114128230505, 24.30859340615769781, -21.22900000000120002 ) ) ;
#437 = ADVANCED_FACE ( 'NONE', ( #6786 ), #4957, .T. ) ;
#438 = DIRECTION ( 'NONE',  ( -0.7071067811865580088, -0.7071067811865372477, 0.000000000000000000 ) ) ;
#439 = FACE_OUTER_BOUND ( 'NONE', #833, .T. ) ;
#440 = CARTESIAN_POINT ( 'NONE',  ( 1.113585633066586089, 36.07560308742752397, -13.27905786870532268 ) ) ;
#441 = VERTEX_POINT ( 'NONE', #4073 ) ;
#442 = EDGE_LOOP ( 'NONE', ( #3851, #5917, #1541, #5541 ) ) ;
#443 = VERTEX_POINT ( 'NONE', #4629 ) ;
#444 = LINE ( 'NONE', #5366, #1677 ) ;
#445 = DIRECTION ( 'NONE',  ( 3.462854061944730330E-13, 3.462854061944730330E-13, -1.000000000000000000 ) ) ;
#446 = DIRECTION ( 'NONE',  ( 0.000000000000000000, 0.000000000000000000, -1.000000000000000000 ) ) ;
#447 = DIRECTION ( 'NONE',  ( -0.7071067811865475727, -0.7071067811865475727, 0.000000000000000000 ) ) ;
#448 = AXIS2_PLACEMENT_3D ( 'NONE', #576, #3360, #5434 ) ;
#449 = VERTEX_POINT ( 'NONE', #234 ) ;
#450 = VERTEX_POINT ( 'NONE', #273 ) ;
#451 = ADVANCED_FACE ( 'NONE', ( #4039 ), #6239, .T. ) ;
#452 = ORIENTED_EDGE ( 'NONE', *, *, #2702, .T. ) ;
#453 = AXIS2_PLACEMENT_3D ( 'NONE', #4453, #2138, #7122 ) ;
#454 = CARTESIAN_POINT ( 'NONE',  ( 18.06538622825640061, 27.95140659384230020, -21.22900000000370113 ) ) ;
#455 = DIRECTION ( 'NONE',  ( -0.7071067811865580088, -0.7071067811865372477, 0.000000000000000000 ) ) ;
#456 = DIRECTION ( 'NONE',  ( 0.000000000000000000, 0.000000000000000000, -1.000000000000000000 ) ) ;
#457 = EDGE_CURVE ( 'NONE', #347, #269, #3527, .T. ) ;
#458 = CARTESIAN_POINT ( 'NONE',  ( 42.41346557064109390, 26.12999999999999901, -21.22900000001820331 ) ) ;
#459 = ORIENTED_EDGE ( 'NONE', *, *, #3852, .T. ) ;
#460 = DIRECTION ( 'NONE',  ( 0.000000000000000000, 0.000000000000000000, 1.000000000000000000 ) ) ;
#461 = ORIENTED_EDGE ( 'NONE', *, *, #4987, .T. ) ;
#462 = DIRECTION ( 'NONE',  ( -2.033271832533279793E-16, -1.000000000000000000, -6.925824587419099363E-13 ) ) ;
#463 = DIRECTION ( 'NONE',  ( 0.000000000000000000, 0.000000000000000000, -1.000000000000000000 ) ) ;
#464 = CARTESIAN_POINT ( 'NONE',  ( -2.000000000000000000, 23.80859340615770137, -22.22900000001819976 ) ) ;
#465 = EDGE_CURVE ( 'NONE', #766, #3726, #3980, .T. ) ;
#466 = ORIENTED_EDGE ( 'NONE', *, *, #1459, .T. ) ;
#467 = ORIENTED_EDGE ( 'NONE', *, *, #6540, .T. ) ;
#468 = VECTOR ( 'NONE', #630, 1000.000000000000000 ) ;
#469 = ORIENTED_EDGE ( 'NONE', *, *, #707, .T. ) ;
#470 =( BOUNDED_CURVE ( )  B_SPLINE_CURVE ( 3, ( #238, #1330, #3066, #3571 ),
 .UNSPECIFIED., .F., .F. ) 
 B_SPLINE_CURVE_WITH_KNOTS ( ( 4, 4 ),
 ( 4.712388980384652371, 5.497787143782095320 ),
 .UNSPECIFIED. ) 
 CURVE ( )  GEOMETRIC_REPRESENTATION_ITEM ( )  RATIONAL_B_SPLINE_CURVE ( ( 1.000000000000000000, 0.9492530216741918991, 0.9492530216741918991, 1.000000000000000000 ) ) 
 REPRESENTATION_ITEM ( '' )  );
#471 = DIRECTION ( 'NONE',  ( 0.000000000000000000, 0.000000000000000000, 1.000000000000000000 ) ) ;
#472 = CARTESIAN_POINT ( 'NONE',  ( -49.27705161185000549, 35.91937396289149831, -9.239379860303220227 ) ) ;
#473 = AXIS2_PLACEMENT_3D ( 'NONE', #95, #3461, #5670 ) ;
#474 = CARTESIAN_POINT ( 'NONE',  ( 8.282693114128209189, 29.45140659384229664, -21.22900000001820331 ) ) ;
#475 = CARTESIAN_POINT ( 'NONE',  ( -44.91346557064109390, 22.80859340615770137, -21.22900000000370113 ) ) ;
#476 = EDGE_CURVE ( 'NONE', #2505, #7001, #6350, .T. ) ;
#477 = ORIENTED_EDGE ( 'NONE', *, *, #3861, .F. ) ;
#478 = ORIENTED_EDGE ( 'NONE', *, *, #67, .F. ) ;
#479 = CIRCLE ( 'NONE', #1415, 0.4999999999999994449 ) ;
#480 = CYLINDRICAL_SURFACE ( 'NONE', #4803, 0.4999999999999982236 ) ;
#481 = CARTESIAN_POINT ( 'NONE',  ( -15.81538622825640061, 23.80859340615770137, -21.22900000000160148 ) ) ;
#482 = CARTESIAN_POINT ( 'NONE',  ( 33.63077245651290070, 29.45140659384229664, -21.22900000001820331 ) ) ;
#483 = AXIS2_PLACEMENT_3D ( 'NONE', #2858, #3510, #5181 ) ;
#484 = EDGE_CURVE ( 'NONE', #1969, #7075, #3684, .T. ) ;
#485 = ORIENTED_EDGE ( 'NONE', *, *, #2280, .T. ) ;
#486 = ORIENTED_EDGE ( 'NONE', *, *, #3923, .F. ) ;
#487 = CIRCLE ( 'NONE', #4543, 0.4999999999999996114 ) ;
#488 = DIRECTION ( 'NONE',  ( 1.110053932280890402E-16, -0.01745240643589300936, -0.9998476951564154724 ) ) ;
#489 = LINE ( 'NONE', #3827, #705 ) ;
#490 = EDGE_CURVE ( 'NONE', #6570, #252, #1401, .T. ) ;
#491 = LINE ( 'NONE', #2706, #3729 ) ;
#492 = DIRECTION ( 'NONE',  ( 0.000000000000000000, 0.000000000000000000, 1.000000000000000000 ) ) ;
#493 = ORIENTED_EDGE ( 'NONE', *, *, #1160, .F. ) ;
#494 = CARTESIAN_POINT ( 'NONE',  ( -34.63077245651290070, 28.45140659384229664, -21.22900000001820331 ) ) ;
#495 = EDGE_LOOP ( 'NONE', ( #107, #4821, #1999, #6762 ) ) ;
#496 = CARTESIAN_POINT ( 'NONE',  ( 4.250000000000000000, 15.25209208482990064, -4.176000000000000156 ) ) ;
#497 = EDGE_CURVE ( 'NONE', #5074, #5621, #5885, .T. ) ;
#498 = CARTESIAN_POINT ( 'NONE',  ( -17.06538622825639706, 27.95140659384230020, -22.22900000001819976 ) ) ;
#499 = DIRECTION ( 'NONE',  ( 0.000000000000000000, 0.000000000000000000, -1.000000000000000000 ) ) ;
#500 = ORIENTED_EDGE ( 'NONE', *, *, #3966, .T. ) ;
#501 = ORIENTED_EDGE ( 'NONE', *, *, #2040, .T. ) ;
#502 = ORIENTED_EDGE ( 'NONE', *, *, #786, .T. ) ;
#503 = CARTESIAN_POINT ( 'NONE',  ( 47.77705161185000549, 31.39536400415470041, -17.02378304049199897 ) ) ;
#504 = EDGE_CURVE ( 'NONE', #5732, #7078, #4266, .T. ) ;
#505 = CARTESIAN_POINT ( 'NONE',  ( -40.27705161185000549, 39.08110492236869504, 1.800426527109080267E-11 ) ) ;
#506 = CARTESIAN_POINT ( 'NONE',  ( 42.91346557064109390, 25.37999999999999901, -21.22900000001820331 ) ) ;
#507 = AXIS2_PLACEMENT_3D ( 'NONE', #1441, #3650, #5920 ) ;
#508 = CARTESIAN_POINT ( 'NONE',  ( 47.77705161185000549, 16.32943084108359599, -8.598007510556838540 ) ) ;
#509 = PLANE ( 'NONE',  #2903 ) ;
#510 = ORIENTED_EDGE ( 'NONE', *, *, #4546, .T. ) ;
#511 = ORIENTED_EDGE ( 'NONE', *, *, #2944, .F. ) ;
#512 =( BOUNDED_CURVE ( )  B_SPLINE_CURVE ( 3, ( #5159, #6827, #702, #1252 ),
 .UNSPECIFIED., .F., .F. ) 
 B_SPLINE_CURVE_WITH_KNOTS ( ( 4, 4 ),
 ( 4.729842272904656753, 5.385159503751434151 ),
 .UNSPECIFIED. ) 
 CURVE ( )  GEOMETRIC_REPRESENTATION_ITEM ( )  RATIONAL_B_SPLINE_CURVE ( ( 1.000000000000000000, 0.9645323060296464579, 0.9645323060296464579, 1.000000000000000000 ) ) 
 REPRESENTATION_ITEM ( '' )  );
#513 = AXIS2_PLACEMENT_3D ( 'NONE', #5547, #6259, #1192 ) ;
#514 = CIRCLE ( 'NONE', #5948, 0.4999999999999982236 ) ;
#515 = ADVANCED_FACE ( 'NONE', ( #6455 ), #4035, .T. ) ;
#516 = AXIS2_PLACEMENT_3D ( 'NONE', #1073, #1695, #2815 ) ;
#517 = CARTESIAN_POINT ( 'NONE',  ( 1.252736388108189214, 38.34469901334003339, -11.68855746060789791 ) ) ;
#518 = CARTESIAN_POINT ( 'NONE',  ( 26.49452595179132786, 23.95504001556442475, -21.22900000001820331 ) ) ;
#519 = CARTESIAN_POINT ( 'NONE',  ( 6.141346557064100153, 28.45140659384229664, -21.22899999999840048 ) ) ;
#520 = VECTOR ( 'NONE', #3107, 1000.000000000000000 ) ;
#521 = VERTEX_POINT ( 'NONE', #2051 ) ;
#522 = ORIENTED_EDGE ( 'NONE', *, *, #1862, .F. ) ;
#523 = VECTOR ( 'NONE', #2017, 1000.000000000000000 ) ;
#524 = EDGE_CURVE ( 'NONE', #2937, #4748, #6926, .T. ) ;
#525 = DIRECTION ( 'NONE',  ( -9.819848845325710630E-16, -1.000000000000000000, -6.925824587419099363E-13 ) ) ;
#526 = CARTESIAN_POINT ( 'NONE',  ( 47.77705161185000549, 36.91922165804790268, -9.256832266739120740 ) ) ;
#527 = DIRECTION ( 'NONE',  ( 0.7071067811865580088, 0.7071067811865372477, 0.000000000000000000 ) ) ;
#528 = DIRECTION ( 'NONE',  ( 0.7071067811865580088, -0.7071067811865372477, 0.000000000000000000 ) ) ;
#529 = CARTESIAN_POINT ( 'NONE',  ( 6.590000000000000746, 37.08080026628089598, 1.522244446343510391E-11 ) ) ;
#530 = VERTEX_POINT ( 'NONE', #352 ) ;
#531 = ORIENTED_EDGE ( 'NONE', *, *, #2013, .F. ) ;
#532 = CARTESIAN_POINT ( 'NONE',  ( 42.91346557064109390, 25.87999999999999901, -21.22900000001820331 ) ) ;
#533 = CARTESIAN_POINT ( 'NONE',  ( 4.250000000000000000, 35.18242489610819490, -17.47936283565239890 ) ) ;
#534 = AXIS2_PLACEMENT_3D ( 'NONE', #6834, #415, #2958 ) ;
#535 = CARTESIAN_POINT ( 'NONE',  ( 1.909999999999970166, 37.08080026628089598, 1.522259796236720542E-11 ) ) ;
#536 = ORIENTED_EDGE ( 'NONE', *, *, #405, .F. ) ;
#537 = VERTEX_POINT ( 'NONE', #2591 ) ;
#538 = EDGE_CURVE ( 'NONE', #6261, #2637, #6339, .T. ) ;
#539 = AXIS2_PLACEMENT_3D ( 'NONE', #6217, #2466, #4681 ) ;
#540 = VERTEX_POINT ( 'NONE', #1575 ) ;
#541 = LINE ( 'NONE', #4859, #6734 ) ;
#542 = DIRECTION ( 'NONE',  ( 1.000000000000000000, -1.722588045147145205E-20, 1.110149905209079839E-16 ) ) ;
#543 = CARTESIAN_POINT ( 'NONE',  ( 26.34807934238460092, 29.45140659384229664, -22.22900000001819976 ) ) ;
#544 = CARTESIAN_POINT ( 'NONE',  ( 0.9491733333935580275, 34.57827333338519082, -15.15829905318740067 ) ) ;
#545 = ORIENTED_EDGE ( 'NONE', *, *, #1922, .F. ) ;
#546 = VECTOR ( 'NONE', #1437, 1000.000000000000000 ) ;
#547 = ORIENTED_EDGE ( 'NONE', *, *, #4513, .F. ) ;
#548 = EDGE_CURVE ( 'NONE', #3524, #3969, #1504, .T. ) ;
#549 = ORIENTED_EDGE ( 'NONE', *, *, #4643, .F. ) ;
#550 = CARTESIAN_POINT ( 'NONE',  ( -18.31538622825640061, 23.80859340615770137, -21.22900000001820331 ) ) ;
#551 = CARTESIAN_POINT ( 'NONE',  ( 34.98432584710617022, 22.45504001556442830, -22.22900000001819976 ) ) ;
#552 = CARTESIAN_POINT ( 'NONE',  ( 47.68582856059130393, 26.37999999999999901, -21.47900000001820331 ) ) ;
#553 = ORIENTED_EDGE ( 'NONE', *, *, #6658, .T. ) ;
#554 = EDGE_LOOP ( 'NONE', ( #6771, #398, #4207, #5208 ) ) ;
#555 = EDGE_CURVE ( 'NONE', #1312, #6076, #5883, .T. ) ;
#556 = VECTOR ( 'NONE', #6488, 1000.000000000000000 ) ;
#557 = CARTESIAN_POINT ( 'NONE',  ( 49.89837195540965098, 30.19014704465804755, -21.22899999999722098 ) ) ;
#558 = AXIS2_PLACEMENT_3D ( 'NONE', #3856, #1098, #2938 ) ;
#559 = DIRECTION ( 'NONE',  ( 0.000000000000000000, 0.000000000000000000, 1.000000000000000000 ) ) ;
#560 = CARTESIAN_POINT ( 'NONE',  ( -49.27705161185000549, 26.13000000000667455, -18.22900000000000276 ) ) ;
#561 = LINE ( 'NONE', #1725, #1249 ) ;
#562 = CARTESIAN_POINT ( 'NONE',  ( 50.77705161184999838, 27.19014704466070143, -21.22899999999929932 ) ) ;
#563 = EDGE_CURVE ( 'NONE', #3921, #2619, #3223, .T. ) ;
#564 = LINE ( 'NONE', #1247, #2398 ) ;
#565 = ORIENTED_EDGE ( 'NONE', *, *, #4353, .T. ) ;
#566 = VECTOR ( 'NONE', #6140, 1000.000000000000227 ) ;
#567 = CARTESIAN_POINT ( 'NONE',  ( -36.48432584710617022, 29.80495998443556971, -21.22900000001820331 ) ) ;
#568 = DIRECTION ( 'NONE',  ( 0.000000000000000000, 0.000000000000000000, -1.000000000000000000 ) ) ;
#569 = LINE ( 'NONE', #5603, #3200 ) ;
#570 = LINE ( 'NONE', #5020, #4665 ) ;
#571 = ADVANCED_FACE ( 'NONE', ( #3708 ), #5914, .T. ) ;
#572 = EDGE_LOOP ( 'NONE', ( #2464, #5296, #4503, #1189 ) ) ;
#573 = ORIENTED_EDGE ( 'NONE', *, *, #5510, .F. ) ;
#574 = ORIENTED_EDGE ( 'NONE', *, *, #3176, .T. ) ;
#575 = CARTESIAN_POINT ( 'NONE',  ( -18.91893961884967368, 29.80495998443556971, -21.22900000000370113 ) ) ;
#576 = CARTESIAN_POINT ( 'NONE',  ( -27.34807934238470040, 22.80859340615770137, -22.22900000001819976 ) ) ;
#577 = CARTESIAN_POINT ( 'NONE',  ( 6.590000000000000746, 16.33547493342240031, -3.131999999999999673 ) ) ;
#578 = CARTESIAN_POINT ( 'NONE',  ( 17.06538622825639706, 22.30859340615769781, -21.22900000001820331 ) ) ;
#579 = CARTESIAN_POINT ( 'NONE',  ( -19.06538622825640061, 24.30859340615769781, -22.22900000001819976 ) ) ;
#580 = AXIS2_PLACEMENT_3D ( 'NONE', #532, #3383, #708 ) ;
#581 = VERTEX_POINT ( 'NONE', #4327 ) ;
#582 = ORIENTED_EDGE ( 'NONE', *, *, #2472, .F. ) ;
#583 = AXIS2_PLACEMENT_3D ( 'NONE', #1327, #4737, #3530 ) ;
#584 = VERTEX_POINT ( 'NONE', #413 ) ;
#585 = LINE ( 'NONE', #3268, #5991 ) ;
#586 = EDGE_CURVE ( 'NONE', #6106, #3541, #3446, .T. ) ;
#587 = FACE_OUTER_BOUND ( 'NONE', #1122, .T. ) ;
#588 = DIRECTION ( 'NONE',  ( 1.241988330892060179E-16, 0.9961946980916244199, 0.08715574274904312746 ) ) ;
#589 = ORIENTED_EDGE ( 'NONE', *, *, #4725, .F. ) ;
#590 = CIRCLE ( 'NONE', #6131, 0.4999999999999982236 ) ;
#591 = ORIENTED_EDGE ( 'NONE', *, *, #4747, .F. ) ;
#592 = LINE ( 'NONE', #1033, #2709 ) ;
#593 = EDGE_CURVE ( 'NONE', #1818, #6858, #5818, .T. ) ;
#594 = CARTESIAN_POINT ( 'NONE',  ( -28.34807934238470040, 28.45140659384229664, -22.22900000001819976 ) ) ;
#595 = DIRECTION ( 'NONE',  ( 0.000000000000000000, -1.000000000000000000, -6.925824587419099363E-13 ) ) ;
#596 = CARTESIAN_POINT ( 'NONE',  ( -50.82824356204231009, 38.77250665828501042, 8.882396880860562742E-16 ) ) ;
#597 = ORIENTED_EDGE ( 'NONE', *, *, #2994, .F. ) ;
#598 = CARTESIAN_POINT ( 'NONE',  ( 43.16346557064109390, 25.37999999999999901, -22.22900000001819976 ) ) ;
#599 = EDGE_CURVE ( 'NONE', #581, #199, #2087, .T. ) ;
#600 = LINE ( 'NONE', #5168, #4416 ) ;
#601 = AXIS2_PLACEMENT_3D ( 'NONE', #1293, #5081, #2913 ) ;
#602 = CARTESIAN_POINT ( 'NONE',  ( -18.56538622825640061, 29.95140659384229664, -21.22899999999730269 ) ) ;
#603 = CARTESIAN_POINT ( 'NONE',  ( 35.27721906591963119, 28.30495998443557681, -22.22900000001819976 ) ) ;
#604 = VERTEX_POINT ( 'NONE', #3742 ) ;
#605 = VERTEX_POINT ( 'NONE', #4223 ) ;
#606 = ORIENTED_EDGE ( 'NONE', *, *, #1886, .F. ) ;
#607 = VECTOR ( 'NONE', #6747, 999.9999999999998863 ) ;
#608 = DIRECTION ( 'NONE',  ( 0.000000000000000000, 0.000000000000000000, 1.000000000000000000 ) ) ;
#609 = EDGE_CURVE ( 'NONE', #6509, #4026, #4619, .T. ) ;
#610 = DIRECTION ( 'NONE',  ( 0.000000000000000000, 0.000000000000000000, 1.000000000000000000 ) ) ;
#611 = DIRECTION ( 'NONE',  ( 0.000000000000000000, 0.000000000000000000, 1.000000000000000000 ) ) ;
#612 = CARTESIAN_POINT ( 'NONE',  ( 16.56538622825639706, 29.45140659384229664, -21.22900000001820331 ) ) ;
#613 = CARTESIAN_POINT ( 'NONE',  ( 24.84807934238459737, 27.95140659384230020, -21.22899999999869891 ) ) ;
#614 = VERTEX_POINT ( 'NONE', #6936 ) ;
#615 = EDGE_LOOP ( 'NONE', ( #2583, #2428, #4037, #2668, #5333, #1185, #5519, #3764 ) ) ;
#616 = VECTOR ( 'NONE', #5897, 1000.000000000000000 ) ;
#617 = DIRECTION ( 'NONE',  ( 1.000000000000000000, -2.795780638008489905E-16, -1.343150083893549737E-16 ) ) ;
#618 = EDGE_CURVE ( 'NONE', #5120, #3367, #2870, .T. ) ;
#619 = EDGE_LOOP ( 'NONE', ( #4906, #43, #5249, #6006 ) ) ;
#620 = LINE ( 'NONE', #4367, #1720 ) ;
#621 = CARTESIAN_POINT ( 'NONE',  ( -8.636246504721503570, 23.95504001556442475, -21.22900000001820331 ) ) ;
#622 = DIRECTION ( 'NONE',  ( -0.7071067811865580088, -0.7071067811865372477, 0.000000000000000000 ) ) ;
#623 = ORIENTED_EDGE ( 'NONE', *, *, #3072, .T. ) ;
#624 = AXIS2_PLACEMENT_3D ( 'NONE', #4038, #4516, #4628 ) ;
#625 = ORIENTED_EDGE ( 'NONE', *, *, #1160, .T. ) ;
#626 = EDGE_CURVE ( 'NONE', #6579, #6630, #6421, .T. ) ;
#627 = AXIS2_PLACEMENT_3D ( 'NONE', #4829, #3016, #6931 ) ;
#628 = AXIS2_PLACEMENT_3D ( 'NONE', #4833, #3855, #6018 ) ;
#629 = DIRECTION ( 'NONE',  ( 1.000000000000000000, -1.805602912109500105E-32, 1.110223024624999878E-16 ) ) ;
#630 = DIRECTION ( 'NONE',  ( 0.000000000000000000, -1.000000000000000000, -6.925824587419099363E-13 ) ) ;
#631 = FACE_OUTER_BOUND ( 'NONE', #6396, .T. ) ;
#632 = AXIS2_PLACEMENT_3D ( 'NONE', #3844, #2723, #5433 ) ;
#633 = EDGE_LOOP ( 'NONE', ( #434, #2518, #4283, #755, #1433, #4430, #6023, #3020 ) ) ;
#634 = ADVANCED_FACE ( 'NONE', ( #1716 ), #6053, .T. ) ;
#635 = CARTESIAN_POINT ( 'NONE',  ( 17.56538622825639706, 22.80859340615770137, -21.22900000001820331 ) ) ;
#636 = DIRECTION ( 'NONE',  ( -0.7071067811865481278, -0.5000000000000970335, -0.4999999999999021338 ) ) ;
#637 = AXIS2_PLACEMENT_3D ( 'NONE', #6315, #4666, #2309 ) ;
#638 = FACE_OUTER_BOUND ( 'NONE', #2627, .T. ) ;
#639 = DIRECTION ( 'NONE',  ( -3.462854061944730330E-13, -3.462854061944730330E-13, 1.000000000000000000 ) ) ;
#640 = ORIENTED_EDGE ( 'NONE', *, *, #5997, .F. ) ;
#641 = ORIENTED_EDGE ( 'NONE', *, *, #599, .T. ) ;
#642 = ADVANCED_FACE ( 'NONE', ( #5985 ), #3307, .T. ) ;
#643 = ORIENTED_EDGE ( 'NONE', *, *, #5325, .T. ) ;
#644 = ORIENTED_EDGE ( 'NONE', *, *, #2882, .T. ) ;
#645 = DIRECTION ( 'NONE',  ( 1.000000000000000000, -1.376885414906370062E-16, -1.164635296342740053E-17 ) ) ;
#646 = DIRECTION ( 'NONE',  ( -0.9961946980917455452, -1.581116020279059959E-16, 0.08715574274765824914 ) ) ;
#647 = DIRECTION ( 'NONE',  ( -3.462970525474364994E-13, 3.462970525474380140E-13, -1.000000000000000000 ) ) ;
#648 = CARTESIAN_POINT ( 'NONE',  ( 34.38077245651290070, 23.80859340615770137, -21.22900000001820331 ) ) ;
#649 = AXIS2_PLACEMENT_3D ( 'NONE', #4547, #1787, #1285 ) ;
#650 = ORIENTED_EDGE ( 'NONE', *, *, #6783, .T. ) ;
#651 = ORIENTED_EDGE ( 'NONE', *, *, #2020, .T. ) ;
#652 = EDGE_CURVE ( 'NONE', #134, #247, #6454, .T. ) ;
#653 = EDGE_CURVE ( 'NONE', #685, #5355, #3237, .T. ) ;
#654 = VECTOR ( 'NONE', #3371, 1000.000000000000000 ) ;
#655 = FACE_OUTER_BOUND ( 'NONE', #1121, .T. ) ;
#656 = ORIENTED_EDGE ( 'NONE', *, *, #3681, .T. ) ;
#657 = CARTESIAN_POINT ( 'NONE',  ( 49.89837195540964387, 22.06985295534195402, -21.22900000000278098 ) ) ;
#658 = CARTESIAN_POINT ( 'NONE',  ( -49.03938195118458054, 25.52644660940672949, -22.22900000001819976 ) ) ;
#659 = DIRECTION ( 'NONE',  ( 0.7071067811865492381, 0.7071067811865457964, 0.000000000000000000 ) ) ;
#660 = VERTEX_POINT ( 'NONE', #5003 ) ;
#661 = ORIENTED_EDGE ( 'NONE', *, *, #5763, .T. ) ;
#662 = VERTEX_POINT ( 'NONE', #551 ) ;
#663 = DIRECTION ( 'NONE',  ( 0.000000000000000000, -6.800116025829077752E-13, 1.000000000000000000 ) ) ;
#664 = LINE ( 'NONE', #5740, #5403 ) ;
#665 = CYLINDRICAL_SURFACE ( 'NONE', #6422, 0.5000000000000006661 ) ;
#666 = CARTESIAN_POINT ( 'NONE',  ( 25.34807934238459737, 22.30859340615769781, -21.22900000000259979 ) ) ;
#667 = DIRECTION ( 'NONE',  ( 0.000000000000000000, 0.000000000000000000, -1.000000000000000000 ) ) ;
#668 = CARTESIAN_POINT ( 'NONE',  ( 8.929139723534936124, 23.95504001556442475, -22.22900000001819976 ) ) ;
#669 = VERTEX_POINT ( 'NONE', #2194 ) ;
#670 = VECTOR ( 'NONE', #5853, 1000.000000000000000 ) ;
#671 = CARTESIAN_POINT ( 'NONE',  ( 18.06538622825640061, 28.45140659384229664, -22.22900000001819976 ) ) ;
#672 = CARTESIAN_POINT ( 'NONE',  ( 8.782693114128209189, 29.45140659384229664, -22.22900000001819976 ) ) ;
#673 = CARTESIAN_POINT ( 'NONE',  ( -0.7500000000000109912, 22.30859340615769781, -22.22900000001819976 ) ) ;
#674 = EDGE_CURVE ( 'NONE', #258, #2036, #3780, .T. ) ;
#675 = DIRECTION ( 'NONE',  ( -1.000000000000000000, 5.056412698010379758E-16, 0.000000000000000000 ) ) ;
#676 = DIRECTION ( 'NONE',  ( -2.033271832533279793E-16, -1.000000000000000000, 0.000000000000000000 ) ) ;
#677 = VERTEX_POINT ( 'NONE', #82 ) ;
#678 = AXIS2_PLACEMENT_3D ( 'NONE', #874, #5876, #1430 ) ;
#679 = ORIENTED_EDGE ( 'NONE', *, *, #2814, .F. ) ;
#680 = CARTESIAN_POINT ( 'NONE',  ( 44.41346557064109390, 27.38000000000000256, -21.22900000001820331 ) ) ;
#681 = CARTESIAN_POINT ( 'NONE',  ( 25.34807934238459737, 22.80859340615770137, -22.22900000001819976 ) ) ;
#682 = ADVANCED_FACE ( 'NONE', ( #7140 ), #2264, .T. ) ;
#683 = DIRECTION ( 'NONE',  ( 3.462970525474364994E-13, -3.462970525474364994E-13, 1.000000000000000000 ) ) ;
#684 = EDGE_LOOP ( 'NONE', ( #6154, #6082, #904, #5399 ) ) ;
#685 = VERTEX_POINT ( 'NONE', #2768 ) ;
#686 = VECTOR ( 'NONE', #6073, 1000.000000000000000 ) ;
#687 = CARTESIAN_POINT ( 'NONE',  ( 24.34807934238459737, 28.45140659384229664, -21.22900000001820331 ) ) ;
#688 = ORIENTED_EDGE ( 'NONE', *, *, #6321, .F. ) ;
#689 = DIRECTION ( 'NONE',  ( 1.110053932280860080E-16, 0.01745240643728400085, -0.9998476951563911586 ) ) ;
#690 = DIRECTION ( 'NONE',  ( 0.06174578541846133251, 0.7057575568078133799, -0.7057575568080893813 ) ) ;
#691 = VECTOR ( 'NONE', #819, 1000.000000000000000 ) ;
#692 = ADVANCED_FACE ( 'NONE', ( #1165 ), #4436, .F. ) ;
#693 = DIRECTION ( 'NONE',  ( 0.000000000000000000, 0.9998476951564155835, -0.01745240643589415774 ) ) ;
#694 = ORIENTED_EDGE ( 'NONE', *, *, #6345, .T. ) ;
#695 = VERTEX_POINT ( 'NONE', #6019 ) ;
#696 = DIRECTION ( 'NONE',  ( 0.000000000000000000, 0.000000000000000000, -1.000000000000000000 ) ) ;
#697 = AXIS2_PLACEMENT_3D ( 'NONE', #6607, #1652, #1109 ) ;
#698 = ORIENTED_EDGE ( 'NONE', *, *, #3313, .T. ) ;
#699 = CARTESIAN_POINT ( 'NONE',  ( -43.91346557064109390, 26.37999999999999901, -22.22900000001819976 ) ) ;
#700 = CARTESIAN_POINT ( 'NONE',  ( 43.76701896123437763, 29.80495998443556616, -21.22900000000370113 ) ) ;
#701 = EDGE_CURVE ( 'NONE', #3396, #4030, #2158, .T. ) ;
#702 = CARTESIAN_POINT ( 'NONE',  ( 7.386414366933384379, 36.07560308742752397, -13.27905786870532268 ) ) ;
#703 = DIRECTION ( 'NONE',  ( 0.7071067811865475727, 0.7071067811865475727, 0.000000000000000000 ) ) ;
#704 = CARTESIAN_POINT ( 'NONE',  ( 47.68582856059130393, 25.87999999999999901, -21.47900000001820331 ) ) ;
#705 = VECTOR ( 'NONE', #3175, 1000.000000000000000 ) ;
#706 = DIRECTION ( 'NONE',  ( -4.735795089416681396E-16, -0.01745240643728340410, 0.9998476951563912696 ) ) ;
#707 = EDGE_CURVE ( 'NONE', #798, #4472, #620, .T. ) ;
#708 = DIRECTION ( 'NONE',  ( -0.7071067811865580088, -0.7071067811865372477, 0.000000000000000000 ) ) ;
#709 = CARTESIAN_POINT ( 'NONE',  ( 47.77705161185000549, 35.93056939731629740, -8.597993851613018990 ) ) ;
#710 = AXIS2_PLACEMENT_3D ( 'NONE', #2819, #2675, #4887 ) ;
#711 = VERTEX_POINT ( 'NONE', #3892 ) ;
#712 = EDGE_LOOP ( 'NONE', ( #3476, #4713, #6484, #6646, #3077, #1187, #946, #4876 ) ) ;
#713 = LINE ( 'NONE', #176, #2743 ) ;
#714 = EDGE_CURVE ( 'NONE', #7163, #4213, #5768, .T. ) ;
#715 = ORIENTED_EDGE ( 'NONE', *, *, #1560, .T. ) ;
#716 = CIRCLE ( 'NONE', #3033, 0.5000000000000006661 ) ;
#717 = FACE_OUTER_BOUND ( 'NONE', #6663, .T. ) ;
#718 = DIRECTION ( 'NONE',  ( 0.000000000000000000, 0.000000000000000000, 1.000000000000000000 ) ) ;
#719 = DIRECTION ( 'NONE',  ( -1.000000000000000000, -5.056412698010379758E-16, 1.164635296298180043E-17 ) ) ;
#720 = EDGE_LOOP ( 'NONE', ( #5318, #1507, #5165, #6769, #5182, #5219, #2805, #1939, #895, #2234, #6847, #2355, #4797, #1054, #606, #4149, #1615, #4272, #2676, #2894, #4219, #4865, #3457, #4905, #6877, #4018, #477, #2357, #3312, #2653, #640, #3830, #4432, #3248, #2773, #115, #4173, #2191, #6033, #3189, #5912, #4313, #4354, #3406, #3085, #1300, #2173, #679, #1768, #36, #6175, #2003, #4476, #1592, #3405, #78, #493, #2512, #4864, #5660, #1748, #1275, #3514, #5109, #3630, #4614, #1933, #3634, #3294, #2871, #3591, #6802, #2804, #1744, #5805, #3796, #2628, #2893, #143, #5792, #1470, #3813, #1622, #4564, #6875, #5981, #2363, #6846, #5418, #6848, #2217, #4815, #2752, #2301, #5183, #3961, #6546, #4389, #4387, #6502, #299, #383, #4512, #391, #2745, #1817, #2552, #5302, #2367, #98, #2064, #807, #3879, #5071, #1990, #4424, #1966, #1241, #4390, #4765, #1798, #7000, #1103, #2502, #5804, #4139, #1432, #452, #478, #2438, #3385, #3291, #1553, #5699, #1841, #6412, #2319, #2998, #6549, #6760, #1693, #582, #6602, #6892 ) ) ;
#721 = VECTOR ( 'NONE', #5782, 1000.000000000000000 ) ;
#722 = ORIENTED_EDGE ( 'NONE', *, *, #5295, .F. ) ;
#723 = VERTEX_POINT ( 'NONE', #2298 ) ;
#724 = EDGE_CURVE ( 'NONE', #5372, #3988, #6680, .T. ) ;
#725 = DIRECTION ( 'NONE',  ( 0.000000000000000000, 0.000000000000000000, -1.000000000000000000 ) ) ;
#726 = ORIENTED_EDGE ( 'NONE', *, *, #6055, .F. ) ;
#727 = CARTESIAN_POINT ( 'NONE',  ( -52.27705161184999838, 35.93056939731639687, -8.597993851613010108 ) ) ;
#728 = CARTESIAN_POINT ( 'NONE',  ( 7.782693114128210077, 22.80859340615770137, -22.22900000001819976 ) ) ;
#729 = DIRECTION ( 'NONE',  ( 0.000000000000000000, 0.000000000000000000, -1.000000000000000000 ) ) ;
#730 = ORIENTED_EDGE ( 'NONE', *, *, #93, .T. ) ;
#731 = VERTEX_POINT ( 'NONE', #4402 ) ;
#732 = AXIS2_PLACEMENT_3D ( 'NONE', #4816, #3720, #2638 ) ;
#733 = EDGE_CURVE ( 'NONE', #6619, #1169, #585, .T. ) ;
#734 = VERTEX_POINT ( 'NONE', #48 ) ;
#735 = DIRECTION ( 'NONE',  ( 1.000000000000000000, 0.000000000000000000, 0.000000000000000000 ) ) ;
#736 = DIRECTION ( 'NONE',  ( 0.000000000000000000, 0.7071067811864090169, -0.7071067811866860175 ) ) ;
#737 = LINE ( 'NONE', #1724, #3249 ) ;
#738 = CIRCLE ( 'NONE', #624, 0.4999999999999982236 ) ;
#739 = CARTESIAN_POINT ( 'NONE',  ( 24.84807934238459737, 22.80859340615770137, -22.22900000001819976 ) ) ;
#740 = CARTESIAN_POINT ( 'NONE',  ( 47.77705161185000549, 33.51668434771769967, -19.14510338404819834 ) ) ;
#741 = VERTEX_POINT ( 'NONE', #3927 ) ;
#742 = EDGE_CURVE ( 'NONE', #1779, #825, #5481, .T. ) ;
#743 = AXIS2_PLACEMENT_3D ( 'NONE', #2865, #113, #693 ) ;
#744 = VECTOR ( 'NONE', #4936, 1000.000000000000000 ) ;
#745 = DIRECTION ( 'NONE',  ( -1.000000000000000000, 0.000000000000000000, 1.164635296333200074E-17 ) ) ;
#746 = VECTOR ( 'NONE', #1091, 1000.000000000000227 ) ;
#747 = DIRECTION ( 'NONE',  ( -3.462854061944730330E-13, -3.462854061944730330E-13, 1.000000000000000000 ) ) ;
#748 = DIRECTION ( 'NONE',  ( -3.462970525474364994E-13, 3.462970525474364994E-13, -1.000000000000000000 ) ) ;
#749 = FACE_OUTER_BOUND ( 'NONE', #2869, .T. ) ;
#750 = VECTOR ( 'NONE', #5600, 1000.000000000000000 ) ;
#751 = ORIENTED_EDGE ( 'NONE', *, *, #5016, .F. ) ;
#752 = ORIENTED_EDGE ( 'NONE', *, *, #7135, .T. ) ;
#753 = ADVANCED_FACE ( 'NONE', ( #4508 ), #6700, .T. ) ;
#754 = CARTESIAN_POINT ( 'NONE',  ( 4.250000000000000000, 37.08080026628089598, 1.522295447997300059E-11 ) ) ;
#755 = ORIENTED_EDGE ( 'NONE', *, *, #3831, .F. ) ;
#756 = VECTOR ( 'NONE', #5407, 1000.000000000000000 ) ;
#757 = DIRECTION ( 'NONE',  ( 0.000000000000000000, 0.000000000000000000, -1.000000000000000000 ) ) ;
#758 = CARTESIAN_POINT ( 'NONE',  ( 16.06538622825639706, 29.20140659384229664, -21.22900000001820331 ) ) ;
#759 = DIRECTION ( 'NONE',  ( 0.000000000000000000, 0.000000000000000000, 1.000000000000000000 ) ) ;
#760 = LINE ( 'NONE', #2436, #4661 ) ;
#761 = VERTEX_POINT ( 'NONE', #5692 ) ;
#762 = ORIENTED_EDGE ( 'NONE', *, *, #6537, .F. ) ;
#763 = EDGE_LOOP ( 'NONE', ( #91, #7161, #6887, #661 ) ) ;
#764 = VECTOR ( 'NONE', #333, 1000.000000000000000 ) ;
#765 = FACE_OUTER_BOUND ( 'NONE', #1473, .T. ) ;
#766 = VERTEX_POINT ( 'NONE', #768 ) ;
#767 = DIRECTION ( 'NONE',  ( 0.000000000000000000, 0.000000000000000000, -1.000000000000000000 ) ) ;
#768 = CARTESIAN_POINT ( 'NONE',  ( -51.39837195540963677, 22.06985295534195402, -21.22900000000278098 ) ) ;
#769 = AXIS2_PLACEMENT_3D ( 'NONE', #1022, #6963, #915 ) ;
#770 = CARTESIAN_POINT ( 'NONE',  ( -52.27705161184999838, 35.99487030189180103, -4.914197495368780366 ) ) ;
#771 = EDGE_CURVE ( 'NONE', #2986, #7026, #5734, .T. ) ;
#772 = ORIENTED_EDGE ( 'NONE', *, *, #3484, .T. ) ;
#773 = VECTOR ( 'NONE', #3639, 1000.000000000000000 ) ;
#774 = ORIENTED_EDGE ( 'NONE', *, *, #6267, .T. ) ;
#775 = FACE_OUTER_BOUND ( 'NONE', #763, .T. ) ;
#776 = LINE ( 'NONE', #6314, #2295 ) ;
#777 = CARTESIAN_POINT ( 'NONE',  ( 44.41346557064109390, 27.38000000000000256, -22.22900000001819976 ) ) ;
#778 = CARTESIAN_POINT ( 'NONE',  ( 44.41346557064109390, 27.38000000000000256, -21.22900000001820331 ) ) ;
#779 = EDGE_CURVE ( 'NONE', #136, #7040, #4105, .T. ) ;
#780 = CYLINDRICAL_SURFACE ( 'NONE', #4258, 2.999999999999998224 ) ;
#781 = CARTESIAN_POINT ( 'NONE',  ( 35.13077245651290070, 25.01430943103299853, -21.22900000000080212 ) ) ;
#782 = VECTOR ( 'NONE', #992, 1000.000000000000000 ) ;
#783 = ORIENTED_EDGE ( 'NONE', *, *, #5179, .T. ) ;
#784 = CARTESIAN_POINT ( 'NONE',  ( -49.18582856059130393, 26.12999999999999901, -21.72900000001819976 ) ) ;
#785 = CARTESIAN_POINT ( 'NONE',  ( -34.63077245651290070, 27.95140659384230020, -22.22900000001819976 ) ) ;
#786 = EDGE_CURVE ( 'NONE', #7009, #614, #191, .T. ) ;
#787 = ORIENTED_EDGE ( 'NONE', *, *, #2242, .F. ) ;
#788 = ORIENTED_EDGE ( 'NONE', *, *, #5728, .F. ) ;
#789 = AXIS2_PLACEMENT_3D ( 'NONE', #1945, #3606, #736 ) ;
#790 = ORIENTED_EDGE ( 'NONE', *, *, #5857, .T. ) ;
#791 = ORIENTED_EDGE ( 'NONE', *, *, #35, .F. ) ;
#792 = DIRECTION ( 'NONE',  ( 0.7071067811865476838, -0.5000000000000978106, -0.4999999999999018563 ) ) ;
#793 = CARTESIAN_POINT ( 'NONE',  ( 0.4999999999999900080, 27.95140659384230020, -21.22900000000370113 ) ) ;
#794 = ADVANCED_FACE ( 'NONE', ( #1355 ), #5187, .T. ) ;
#795 = CARTESIAN_POINT ( 'NONE',  ( 48.77705161185000549, 36.08064793823699290, 1.452186155562350073E-11 ) ) ;
#796 = AXIS2_PLACEMENT_3D ( 'NONE', #3013, #1858, #6853 ) ;
#797 = DIRECTION ( 'NONE',  ( 1.000000000000000000, -1.376885414906370062E-16, -1.164635296342740053E-17 ) ) ;
#798 = VERTEX_POINT ( 'NONE', #2409 ) ;
#799 = VERTEX_POINT ( 'NONE', #6149 ) ;
#800 = ORIENTED_EDGE ( 'NONE', *, *, #548, .F. ) ;
#801 = VECTOR ( 'NONE', #3430, 1000.000000000000000 ) ;
#802 = LINE ( 'NONE', #5222, #4442 ) ;
#803 = ORIENTED_EDGE ( 'NONE', *, *, #5221, .F. ) ;
#804 = CARTESIAN_POINT ( 'NONE',  ( 6.978402414914730123, 36.93041685405530217, -8.615459916979109067 ) ) ;
#805 = EDGE_CURVE ( 'NONE', #1037, #3094, #3450, .T. ) ;
#806 = LINE ( 'NONE', #5299, #2490 ) ;
#807 = ORIENTED_EDGE ( 'NONE', *, *, #6714, .F. ) ;
#808 = VERTEX_POINT ( 'NONE', #3558 ) ;
#809 = EDGE_CURVE ( 'NONE', #7028, #1882, #4040, .T. ) ;
#810 = FACE_OUTER_BOUND ( 'NONE', #4867, .T. ) ;
#811 = DIRECTION ( 'NONE',  ( -0.7071067811865580088, -0.7071067811865372477, 0.000000000000000000 ) ) ;
#812 = DIRECTION ( 'NONE',  ( 1.000000000000000000, -1.244956401667550365E-16, -6.928001867689239965E-17 ) ) ;
#813 = DIRECTION ( 'NONE',  ( -0.7071067811865475727, -0.7071067811865475727, 0.000000000000000000 ) ) ;
#814 = LINE ( 'NONE', #2532, #2182 ) ;
#815 = CIRCLE ( 'NONE', #239, 9.802062060453847536 ) ;
#816 = ADVANCED_FACE ( 'NONE', ( #3401 ), #2979, .F. ) ;
#817 = CARTESIAN_POINT ( 'NONE',  ( 47.18582856059130393, 25.37999999999999901, -21.22900000000050014 ) ) ;
#818 = FACE_OUTER_BOUND ( 'NONE', #1558, .T. ) ;
#819 = DIRECTION ( 'NONE',  ( 0.000000000000000000, 1.000000000000000000, 0.000000000000000000 ) ) ;
#820 = CARTESIAN_POINT ( 'NONE',  ( 7.136246504721484030, 28.30495998443557326, -22.22900000001819976 ) ) ;
#821 = CARTESIAN_POINT ( 'NONE',  ( 4.250000000000000000, 13.17889507760179946, -2.818967146960600088E-17 ) ) ;
#822 = VERTEX_POINT ( 'NONE', #6266 ) ;
#823 = CARTESIAN_POINT ( 'NONE',  ( -52.27705161185000549, 36.88705406398964470, 9.031432602407756556E-16 ) ) ;
#824 = ORIENTED_EDGE ( 'NONE', *, *, #1886, .T. ) ;
#825 = VERTEX_POINT ( 'NONE', #4065 ) ;
#826 = EDGE_CURVE ( 'NONE', #3163, #3969, #3924, .T. ) ;
#827 = ORIENTED_EDGE ( 'NONE', *, *, #7034, .T. ) ;
#828 = CARTESIAN_POINT ( 'NONE',  ( -44.66346557064109390, 25.37999999999999901, -22.22900000001819976 ) ) ;
#829 = VECTOR ( 'NONE', #2104, 1000.000000000000227 ) ;
#830 = DIRECTION ( 'NONE',  ( 1.000000000000000000, -2.795780638008489905E-16, -1.343150083893549737E-16 ) ) ;
#831 = DIRECTION ( 'NONE',  ( -0.7071067811865475727, 0.7071067811865475727, 0.000000000000000000 ) ) ;
#832 = ORIENTED_EDGE ( 'NONE', *, *, #2771, .T. ) ;
#833 = EDGE_LOOP ( 'NONE', ( #803, #1809, #1625, #4361 ) ) ;
#834 = ORIENTED_EDGE ( 'NONE', *, *, #2665, .T. ) ;
#835 = AXIS2_PLACEMENT_3D ( 'NONE', #6361, #246, #857 ) ;
#836 = EDGE_CURVE ( 'NONE', #2826, #6016, #3440, .T. ) ;
#837 = PRODUCT_DEFINITION_CONTEXT ( 'detailed design', #5442, 'design' ) ;
#838 = CARTESIAN_POINT ( 'NONE',  ( -49.79411559524744746, 15.28206582171740280, 5.084502611427133376E-18 ) ) ;
#839 = ORIENTED_EDGE ( 'NONE', *, *, #4892, .T. ) ;
#840 = CARTESIAN_POINT ( 'NONE',  ( -17.56538622825639706, 27.95140659384230020, -21.22899999999869891 ) ) ;
#841 = DIRECTION ( 'NONE',  ( -6.470518565393491448E-16, -0.01745240643728225571, 0.9998476951563912696 ) ) ;
#842 = CIRCLE ( 'NONE', #4548, 3.000000000000002665 ) ;
#843 = DIRECTION ( 'NONE',  ( 0.9961946980917455452, -4.366257868890675360E-16, 0.08715574274765794383 ) ) ;
#844 = EDGE_LOOP ( 'NONE', ( #4440, #1321, #6837, #4888, #431, #336, #6626, #1900 ) ) ;
#845 = ORIENTED_EDGE ( 'NONE', *, *, #3525, .T. ) ;
#846 = AXIS2_PLACEMENT_3D ( 'NONE', #2757, #1668, #2110 ) ;
#847 = CARTESIAN_POINT ( 'NONE',  ( 43.91346557064109390, 29.45140659384229664, -21.22899999999770060 ) ) ;
#848 = CARTESIAN_POINT ( 'NONE',  ( 7.282693114128210077, 21.94290283719080037, -21.22900000000290177 ) ) ;
#849 = DIRECTION ( 'NONE',  ( 0.000000000000000000, 0.000000000000000000, 1.000000000000000000 ) ) ;
#850 = CARTESIAN_POINT ( 'NONE',  ( 17.41893961884967013, 22.45504001556442830, -21.22900000001820331 ) ) ;
#851 = LINE ( 'NONE', #4706, #5111 ) ;
#852 = VECTOR ( 'NONE', #967, 1000.000000000000114 ) ;
#853 = EDGE_CURVE ( 'NONE', #3017, #4305, #6146, .T. ) ;
#854 = CIRCLE ( 'NONE', #5715, 1.000000000000000888 ) ;
#855 = CARTESIAN_POINT ( 'NONE',  ( 4.250000000000000000, 34.57827333338519082, -15.15829905318740067 ) ) ;
#856 = CARTESIAN_POINT ( 'NONE',  ( 41.91346557064109390, 27.95140659384230020, -21.22900000000370113 ) ) ;
#857 = DIRECTION ( 'NONE',  ( -1.000000000000000000, 5.056412698010379758E-16, 0.000000000000000000 ) ) ;
#858 = EDGE_CURVE ( 'NONE', #5684, #441, #2864, .T. ) ;
#859 = DIRECTION ( 'NONE',  ( -0.7071067811865477948, 0.5000000000007919221, -0.4999999999992074673 ) ) ;
#860 = ORIENTED_EDGE ( 'NONE', *, *, #7090, .T. ) ;
#861 = CIRCLE ( 'NONE', #6991, 0.4999999999999982236 ) ;
#862 = ORIENTED_EDGE ( 'NONE', *, *, #2694, .T. ) ;
#863 = CARTESIAN_POINT ( 'NONE',  ( 16.56538622825639706, 29.45140659384229664, -21.22900000000370113 ) ) ;
#864 = CARTESIAN_POINT ( 'NONE',  ( -50.82824356204231009, 13.48749334168516789, 8.826152458226847963E-16 ) ) ;
#865 = TOROIDAL_SURFACE ( 'NONE', #2381, 9.802062060445519975, 1.000000000000000000 ) ;
#866 = LINE ( 'NONE', #219, #2395 ) ;
#867 = CARTESIAN_POINT ( 'NONE',  ( -43.76701896123437763, 23.95504001556442830, -21.22900000001820331 ) ) ;
#868 = EDGE_CURVE ( 'NONE', #1941, #7009, #2480, .T. ) ;
#869 = VERTEX_POINT ( 'NONE', #2900 ) ;
#870 = ORIENTED_EDGE ( 'NONE', *, *, #1608, .F. ) ;
#871 = VECTOR ( 'NONE', #3412, 1000.000000000000000 ) ;
#872 = VERTEX_POINT ( 'NONE', #727 ) ;
#873 = CARTESIAN_POINT ( 'NONE',  ( 1.266179551963016570, 13.70825149833163614, -11.53490139464963349 ) ) ;
#874 = CARTESIAN_POINT ( 'NONE',  ( -45.91346557064109390, 24.87999999999999901, -21.22900000000370113 ) ) ;
#875 = CARTESIAN_POINT ( 'NONE',  ( -45.41346557064109390, 24.87999999999999901, -21.22900000000090159 ) ) ;
#876 = AXIS2_PLACEMENT_3D ( 'NONE', #728, #2370, #1166 ) ;
#877 = DIRECTION ( 'NONE',  ( -1.186546717359760225E-16, -0.01745240643728280389, 0.9998476951563912696 ) ) ;
#878 = EDGE_CURVE ( 'NONE', #410, #2143, #348, .T. ) ;
#879 = VERTEX_POINT ( 'NONE', #2442 ) ;
#880 = ORIENTED_EDGE ( 'NONE', *, *, #35, .T. ) ;
#881 = CYLINDRICAL_SURFACE ( 'NONE', #318, 1.000000000000000000 ) ;
#882 = CARTESIAN_POINT ( 'NONE',  ( 24.84807934238459737, 29.20140659384229664, -22.22900000001819976 ) ) ;
#883 = DIRECTION ( 'NONE',  ( 0.000000000000000000, 0.000000000000000000, -1.000000000000000000 ) ) ;
#884 = DIRECTION ( 'NONE',  ( 0.000000000000000000, 0.000000000000000000, 1.000000000000000000 ) ) ;
#885 = EDGE_CURVE ( 'NONE', #1477, #6518, #5226, .T. ) ;
#886 = CARTESIAN_POINT ( 'NONE',  ( -36.63077245651289360, 24.30859340615769781, -21.22900000000120002 ) ) ;
#887 = FACE_OUTER_BOUND ( 'NONE', #6120, .T. ) ;
#888 = AXIS2_PLACEMENT_3D ( 'NONE', #3215, #492, #5417 ) ;
#889 = CARTESIAN_POINT ( 'NONE',  ( -36.63077245651289360, 29.45140659384229664, -22.22900000001819976 ) ) ;
#890 = ADVANCED_FACE ( 'NONE', ( #2331 ), #3483, .T. ) ;
#891 = CARTESIAN_POINT ( 'NONE',  ( 41.91346557064109390, 28.45140659384229664, -22.22900000001819976 ) ) ;
#892 = DIRECTION ( 'NONE',  ( 3.462970525474364994E-13, -3.462970525474380140E-13, 1.000000000000000000 ) ) ;
#893 = CARTESIAN_POINT ( 'NONE',  ( -9.782693114128232281, 22.80859340615770137, -21.22900000001820331 ) ) ;
#894 = CARTESIAN_POINT ( 'NONE',  ( -43.41346557064109390, 24.30859340615769781, -21.22900000000370113 ) ) ;
#895 = ORIENTED_EDGE ( 'NONE', *, *, #1911, .F. ) ;
#896 = AXIS2_PLACEMENT_3D ( 'NONE', #5237, #275, #237 ) ;
#897 = ORIENTED_EDGE ( 'NONE', *, *, #2027, .F. ) ;
#898 = PRODUCT_DEFINITION ( 'UNKNOWN', '', #6197, #837 ) ;
#899 = DIRECTION ( 'NONE',  ( 0.000000000000000000, 0.000000000000000000, -1.000000000000000000 ) ) ;
#900 = EDGE_CURVE ( 'NONE', #6214, #6570, #6347, .T. ) ;
#901 = DIRECTION ( 'NONE',  ( 3.462854061944730330E-13, 3.462854061944730330E-13, -1.000000000000000000 ) ) ;
#902 = LINE ( 'NONE', #4280, #6490 ) ;
#903 = ORIENTED_EDGE ( 'NONE', *, *, #6007, .F. ) ;
#904 = ORIENTED_EDGE ( 'NONE', *, *, #6008, .T. ) ;
#905 = ORIENTED_EDGE ( 'NONE', *, *, #4703, .T. ) ;
#906 = CARTESIAN_POINT ( 'NONE',  ( -27.99452595179142733, 28.30495998443557326, -22.22900000001819976 ) ) ;
#907 = ADVANCED_FACE ( 'NONE', ( #6414 ), #4179, .F. ) ;
#908 = DIRECTION ( 'NONE',  ( 1.000000000000000000, -1.805602912109510232E-32, 1.110223024624999878E-16 ) ) ;
#909 = CARTESIAN_POINT ( 'NONE',  ( -44.91346557064109390, 22.30859340615769781, -22.22900000001819976 ) ) ;
#910 = CYLINDRICAL_SURFACE ( 'NONE', #4586, 0.4999999999999982236 ) ;
#911 = DIRECTION ( 'NONE',  ( 0.000000000000000000, 0.000000000000000000, -1.000000000000000000 ) ) ;
#912 = ORIENTED_EDGE ( 'NONE', *, *, #2535, .T. ) ;
#913 = ORIENTED_EDGE ( 'NONE', *, *, #5823, .F. ) ;
#914 = VECTOR ( 'NONE', #3519, 1000.000000000000000 ) ;
#915 = DIRECTION ( 'NONE',  ( 0.7071067811865580088, 0.7071067811865372477, 0.000000000000000000 ) ) ;
#916 = EDGE_CURVE ( 'NONE', #5769, #5644, #1842, .T. ) ;
#917 = DIRECTION ( 'NONE',  ( -1.294152415626070233E-16, 0.01745240643728280389, -0.9998476951563912696 ) ) ;
#918 = CARTESIAN_POINT ( 'NONE',  ( 8.282693114128209189, 29.45140659384229664, -21.22900000000370113 ) ) ;
#919 = VECTOR ( 'NONE', #2400, 1000.000000000000000 ) ;
#920 = FACE_OUTER_BOUND ( 'NONE', #1732, .T. ) ;
#921 = ORIENTED_EDGE ( 'NONE', *, *, #2328, .T. ) ;
#922 = EDGE_CURVE ( 'NONE', #2860, #5258, #97, .T. ) ;
#923 = FACE_OUTER_BOUND ( 'NONE', #6475, .T. ) ;
#924 = DIRECTION ( 'NONE',  ( 0.7071067811865492381, 0.7071067811865457964, 0.000000000000000000 ) ) ;
#925 = CARTESIAN_POINT ( 'NONE',  ( 7.782693114128210077, 22.80859340615770137, -21.22900000000370113 ) ) ;
#926 = AXIS2_PLACEMENT_3D ( 'NONE', #2212, #4308, #6035 ) ;
#927 = CARTESIAN_POINT ( 'NONE',  ( -9.282693114128230505, 29.45140659384229664, -22.22900000001819976 ) ) ;
#928 = CARTESIAN_POINT ( 'NONE',  ( 24.34807934238459737, 27.95140659384230020, -22.22900000001819976 ) ) ;
#929 = VERTEX_POINT ( 'NONE', #4827 ) ;
#930 = VECTOR ( 'NONE', #2531, 1000.000000000000000 ) ;
#931 = EDGE_CURVE ( 'NONE', #3988, #798, #2585, .T. ) ;
#932 = ORIENTED_EDGE ( 'NONE', *, *, #3587, .F. ) ;
#933 = CARTESIAN_POINT ( 'NONE',  ( -50.27705161185001259, 15.91055001981587047, 1.136553184273076082E-17 ) ) ;
#934 = CARTESIAN_POINT ( 'NONE',  ( -8.782693114128230505, 29.45140659384229664, -22.22900000001819976 ) ) ;
#935 = PLANE ( 'NONE',  #6264 ) ;
#936 = ORIENTED_EDGE ( 'NONE', *, *, #2260, .T. ) ;
#937 = EDGE_LOOP ( 'NONE', ( #1740, #1975, #1353, #955 ) ) ;
#938 = EDGE_CURVE ( 'NONE', #6588, #3163, #4157, .T. ) ;
#939 = ORIENTED_EDGE ( 'NONE', *, *, #5368, .T. ) ;
#940 = AXIS2_PLACEMENT_3D ( 'NONE', #4359, #6556, #2725 ) ;
#941 = CARTESIAN_POINT ( 'NONE',  ( -10.78269311412819853, 27.95140659384230020, -21.22900000001820331 ) ) ;
#942 = DIRECTION ( 'NONE',  ( 1.000000000000000000, -1.376885414906365871E-16, -1.164635296342740053E-17 ) ) ;
#943 = CARTESIAN_POINT ( 'NONE',  ( 43.41346557064109390, 29.45140659384229664, -22.22900000001819976 ) ) ;
#944 = LINE ( 'NONE', #373, #7098 ) ;
#945 = DIRECTION ( 'NONE',  ( -0.08682659386424772252, -0.08682659386424790293, -0.9924325091389669673 ) ) ;
#946 = ORIENTED_EDGE ( 'NONE', *, *, #3122, .F. ) ;
#947 = CIRCLE ( 'NONE', #1062, 0.4999999999999994449 ) ;
#948 = VERTEX_POINT ( 'NONE', #3669 ) ;
#949 = ADVANCED_FACE ( 'NONE', ( #7022 ), #1496, .T. ) ;
#950 = CARTESIAN_POINT ( 'NONE',  ( -17.71183283766312755, 22.45504001556442830, -21.22900000001820331 ) ) ;
#951 = AXIS2_PLACEMENT_3D ( 'NONE', #821, #6430, #6066 ) ;
#952 = DIRECTION ( 'NONE',  ( 0.7071067811865580088, 0.7071067811865372477, 0.000000000000000000 ) ) ;
#953 = DIRECTION ( 'NONE',  ( 0.7071067811865580088, 0.7071067811865372477, 0.000000000000000000 ) ) ;
#954 = ORIENTED_EDGE ( 'NONE', *, *, #853, .F. ) ;
#955 = ORIENTED_EDGE ( 'NONE', *, *, #5170, .T. ) ;
#956 = EDGE_CURVE ( 'NONE', #4248, #1491, #4848, .T. ) ;
#957 = DIRECTION ( 'NONE',  ( -0.7071067811865475727, -0.7069990853988241675, -0.01234071493982711459 ) ) ;
#958 = CARTESIAN_POINT ( 'NONE',  ( 14.92403967119230046, 28.45140659384229664, -21.22899999999840048 ) ) ;
#959 = AXIS2_PLACEMENT_3D ( 'NONE', #3955, #2976, #225 ) ;
#960 = CARTESIAN_POINT ( 'NONE',  ( 17.06538622825639706, 22.80859340615770137, -21.22900000000370113 ) ) ;
#961 = EDGE_CURVE ( 'NONE', #2603, #6022, #3701, .T. ) ;
#962 = DIRECTION ( 'NONE',  ( 0.000000000000000000, -1.000000000000000000, -6.925824587419099363E-13 ) ) ;
#963 = ORIENTED_EDGE ( 'NONE', *, *, #618, .F. ) ;
#964 = ADVANCED_BREP_SHAPE_REPRESENTATION ( 'Rev1 Battery Cover - IM', ( #6870, #4595 ), #5391 ) ;
#965 = AXIS2_PLACEMENT_3D ( 'NONE', #5835, #2030, #4203 ) ;
#966 = ORIENTED_EDGE ( 'NONE', *, *, #6629, .F. ) ;
#967 = DIRECTION ( 'NONE',  ( -0.08682659386424775028, 0.08682659386562734116, -0.9924325091388463971 ) ) ;
#968 = CARTESIAN_POINT ( 'NONE',  ( -37.13077245651289360, 24.30859340615769781, -21.22900000000370113 ) ) ;
#969 = DIRECTION ( 'NONE',  ( 2.033271832533279793E-16, 1.000000000000000000, 6.925824587419099363E-13 ) ) ;
#970 = CIRCLE ( 'NONE', #2254, 9.802062060453847536 ) ;
#971 = ADVANCED_FACE ( 'NONE', ( #3194 ), #4285, .T. ) ;
#972 = VERTEX_POINT ( 'NONE', #909 ) ;
#973 = ORIENTED_EDGE ( 'NONE', *, *, #4076, .T. ) ;
#974 = ORIENTED_EDGE ( 'NONE', *, *, #6950, .T. ) ;
#975 =( BOUNDED_CURVE ( )  B_SPLINE_CURVE ( 3, ( #5050, #596, #2312, #4520 ),
 .UNSPECIFIED., .F., .F. ) 
 B_SPLINE_CURVE_WITH_KNOTS ( ( 4, 4 ),
 ( 2.356194490192335067, 3.141592653589780237 ),
 .UNSPECIFIED. ) 
 CURVE ( )  GEOMETRIC_REPRESENTATION_ITEM ( )  RATIONAL_B_SPLINE_CURVE ( ( 1.000000000000000000, 0.9492530216741915661, 0.9492530216741915661, 1.000000000000000000 ) ) 
 REPRESENTATION_ITEM ( '' )  );
#976 = AXIS2_PLACEMENT_3D ( 'NONE', #3926, #6116, #4578 ) ;
#977 = LINE ( 'NONE', #6589, #2816 ) ;
#978 = DIRECTION ( 'NONE',  ( 0.000000000000000000, 0.000000000000000000, 1.000000000000000000 ) ) ;
#979 = CARTESIAN_POINT ( 'NONE',  ( 1.081519227442905073, 14.19140583621411089, -13.64557856215943765 ) ) ;
#980 = CIRCLE ( 'NONE', #1208, 0.4999999999999982236 ) ;
#981 = LINE ( 'NONE', #4189, #8 ) ;
#982 = LINE ( 'NONE', #2651, #1788 ) ;
#983 = VERTEX_POINT ( 'NONE', #343 ) ;
#984 = CIRCLE ( 'NONE', #632, 0.4999999999999982236 ) ;
#985 = ORIENTED_EDGE ( 'NONE', *, *, #3264, .F. ) ;
#986 = VERTEX_POINT ( 'NONE', #5329 ) ;
#987 = PLANE ( 'NONE',  #6883 ) ;
#988 = CARTESIAN_POINT ( 'NONE',  ( -49.27705161185000549, 16.32943084108359599, -8.598007510556838540 ) ) ;
#989 = AXIS2_PLACEMENT_3D ( 'NONE', #2231, #2265, #6567 ) ;
#990 = EDGE_CURVE ( 'NONE', #4030, #6804, #372, .T. ) ;
#991 = DIRECTION ( 'NONE',  ( 1.000000000000000000, 0.000000000000000000, -1.164635296333200074E-17 ) ) ;
#992 = DIRECTION ( 'NONE',  ( 1.000000000000000000, 0.000000000000000000, -1.164635296333200074E-17 ) ) ;
#993 = ORIENTED_EDGE ( 'NONE', *, *, #3952, .F. ) ;
#994 = ORIENTED_EDGE ( 'NONE', *, *, #4102, .T. ) ;
#995 = AXIS2_PLACEMENT_3D ( 'NONE', #2818, #4525, #4492 ) ;
#996 = CARTESIAN_POINT ( 'NONE',  ( 1.909999999999970166, 15.95004986684479853, -2.088000000000000078 ) ) ;
#997 = ADVANCED_FACE ( 'NONE', ( #4760 ), #5846, .T. ) ;
#998 = LINE ( 'NONE', #3212, #3069 ) ;
#999 = CARTESIAN_POINT ( 'NONE',  ( -48.68582856059130393, 25.87999999999999901, -22.22900000001819976 ) ) ;
#1000 = AXIS2_PLACEMENT_3D ( 'NONE', #458, #1656, #7116 ) ;
#1001 = DIRECTION ( 'NONE',  ( 3.462854061944735379E-13, 3.462854061944750020E-13, -1.000000000000000000 ) ) ;
#1002 = DIRECTION ( 'NONE',  ( -0.7071067811865477948, 0.5000000000007919221, -0.4999999999992074673 ) ) ;
#1003 = VERTEX_POINT ( 'NONE', #4793 ) ;
#1004 = ORIENTED_EDGE ( 'NONE', *, *, #1862, .T. ) ;
#1005 = CARTESIAN_POINT ( 'NONE',  ( 50.77705161184999838, 25.06985295533930014, -21.22900000000070264 ) ) ;
#1006 = EDGE_CURVE ( 'NONE', #6696, #1153, #3695, .T. ) ;
#1007 = AXIS2_PLACEMENT_3D ( 'NONE', #3903, #6608, #1144 ) ;
#1008 = CARTESIAN_POINT ( 'NONE',  ( -2.000000000000000000, 24.30859340615769781, -22.22900000001819976 ) ) ;
#1009 = LINE ( 'NONE', #7084, #3777 ) ;
#1010 = EDGE_LOOP ( 'NONE', ( #5448, #3180, #3736, #1146 ) ) ;
#1011 = ORIENTED_EDGE ( 'NONE', *, *, #6940, .T. ) ;
#1012 = VECTOR ( 'NONE', #1292, 1000.000000000000000 ) ;
#1013 = ORIENTED_EDGE ( 'NONE', *, *, #4618, .T. ) ;
#1014 = CARTESIAN_POINT ( 'NONE',  ( 4.250000000000000000, 36.93041685405530217, -8.615459916979109067 ) ) ;
#1015 = EDGE_CURVE ( 'NONE', #4573, #5579, #6894, .T. ) ;
#1016 = CYLINDRICAL_SURFACE ( 'NONE', #2999, 0.9999999999999975575 ) ;
#1017 = LINE ( 'NONE', #3886, #2714 ) ;
#1018 = CARTESIAN_POINT ( 'NONE',  ( 4.250000000000000000, 14.17252605949494360, -11.67081093643641765 ) ) ;
#1019 = DIRECTION ( 'NONE',  ( -0.7071067811865475727, 0.7071067811865475727, 0.000000000000000000 ) ) ;
#1020 = ORIENTED_EDGE ( 'NONE', *, *, #3456, .F. ) ;
#1021 = ORIENTED_EDGE ( 'NONE', *, *, #5499, .T. ) ;
#1022 = CARTESIAN_POINT ( 'NONE',  ( -45.91346557064109390, 24.87999999999999901, -21.22900000001820331 ) ) ;
#1023 = AXIS2_PLACEMENT_3D ( 'NONE', #3099, #4834, #5406 ) ;
#1024 = EDGE_CURVE ( 'NONE', #6337, #6810, #3689, .T. ) ;
#1025 = CARTESIAN_POINT ( 'NONE',  ( -18.56538622825640061, 29.45140659384229664, -21.22900000001820331 ) ) ;
#1026 = DIRECTION ( 'NONE',  ( 0.000000000000000000, 0.7071067811854270246, 0.7071067811876680098 ) ) ;
#1027 = DIRECTION ( 'NONE',  ( 0.000000000000000000, 0.000000000000000000, -1.000000000000000000 ) ) ;
#1028 = AXIS2_PLACEMENT_3D ( 'NONE', #1527, #841, #1935 ) ;
#1029 = VERTEX_POINT ( 'NONE', #4995 ) ;
#1030 = VERTEX_POINT ( 'NONE', #4317 ) ;
#1031 = EDGE_CURVE ( 'NONE', #4213, #983, #2253, .T. ) ;
#1032 = CIRCLE ( 'NONE', #4510, 0.4999999999999982236 ) ;
#1033 = CARTESIAN_POINT ( 'NONE',  ( -36.13077245651289360, 29.95140659384229664, -21.22900000001820331 ) ) ;
#1034 = CARTESIAN_POINT ( 'NONE',  ( 8.032693114128209189, 29.95140659384229664, -21.22900000001820331 ) ) ;
#1035 = FACE_OUTER_BOUND ( 'NONE', #3198, .T. ) ;
#1036 = LINE ( 'NONE', #5533, #2849 ) ;
#1037 = VERTEX_POINT ( 'NONE', #3298 ) ;
#1038 = ADVANCED_FACE ( 'NONE', ( #3884 ), #2221, .T. ) ;
#1039 = PRESENTATION_STYLE_ASSIGNMENT (( #7155 ) ) ;
#1040 = VERTEX_POINT ( 'NONE', #4394 ) ;
#1041 = CARTESIAN_POINT ( 'NONE',  ( 4.250000000000000000, 13.65071834463829958, -11.28356573572190058 ) ) ;
#1042 = CARTESIAN_POINT ( 'NONE',  ( -48.68582856059130393, 26.88000000000000256, -21.47900000001820331 ) ) ;
#1043 = DIRECTION ( 'NONE',  ( 1.000000000000000000, 0.000000000000000000, 0.000000000000000000 ) ) ;
#1044 = VERTEX_POINT ( 'NONE', #1086 ) ;
#1045 = ORIENTED_EDGE ( 'NONE', *, *, #2056, .T. ) ;
#1046 = EDGE_CURVE ( 'NONE', #6619, #6058, #1126, .T. ) ;
#1047 = VERTEX_POINT ( 'NONE', #38 ) ;
#1048 = CARTESIAN_POINT ( 'NONE',  ( -9.282693114128230505, 29.95140659384229664, -21.22899999999730269 ) ) ;
#1049 = CYLINDRICAL_SURFACE ( 'NONE', #3573, 0.4999999999999982236 ) ;
#1050 = DIRECTION ( 'NONE',  ( 0.000000000000000000, 0.000000000000000000, 1.000000000000000000 ) ) ;
#1051 = DIRECTION ( 'NONE',  ( 0.000000000000000000, 0.000000000000000000, -1.000000000000000000 ) ) ;
#1052 = CARTESIAN_POINT ( 'NONE',  ( 6.590000000000000746, 35.92452506655249778, -3.131999999986390115 ) ) ;
#1053 = ORIENTED_EDGE ( 'NONE', *, *, #1588, .F. ) ;
#1054 = ORIENTED_EDGE ( 'NONE', *, *, #3322, .T. ) ;
#1055 = ADVANCED_FACE ( 'NONE', ( #3 ), #7132, .F. ) ;
#1056 = DIRECTION ( 'NONE',  ( 0.000000000000000000, 0.000000000000000000, 1.000000000000000000 ) ) ;
#1057 = CIRCLE ( 'NONE', #3608, 0.5000000000000006661 ) ;
#1058 = ORIENTED_EDGE ( 'NONE', *, *, #5640, .T. ) ;
#1059 = CARTESIAN_POINT ( 'NONE',  ( 1.288168572859009986, 38.60928165534789969, -11.28356573570460064 ) ) ;
#1060 = DIRECTION ( 'NONE',  ( 0.7071067811865475727, 0.7071067811865475727, 0.000000000000000000 ) ) ;
#1061 = FACE_OUTER_BOUND ( 'NONE', #712, .T. ) ;
#1062 = AXIS2_PLACEMENT_3D ( 'NONE', #4570, #647, #6767 ) ;
#1063 = CARTESIAN_POINT ( 'NONE',  ( 47.77705161185000549, 35.91937396289149831, -9.239379860303220227 ) ) ;
#1064 = ORIENTED_EDGE ( 'NONE', *, *, #6093, .T. ) ;
#1065 = VERTEX_POINT ( 'NONE', #4962 ) ;
#1066 = CARTESIAN_POINT ( 'NONE',  ( 35.13077245651290070, 29.20140659384229664, -21.22900000001820331 ) ) ;
#1067 = CARTESIAN_POINT ( 'NONE',  ( 44.41346557064109390, 26.88000000000000256, -21.22900000001820331 ) ) ;
#1068 = ADVANCED_FACE ( 'NONE', ( #4464 ), #3916, .F. ) ;
#1069 = DIRECTION ( 'NONE',  ( 0.7071067811865494601, -0.7071067811865455743, 0.000000000000000000 ) ) ;
#1070 = VECTOR ( 'NONE', #6243, 1000.000000000000000 ) ;
#1071 = CARTESIAN_POINT ( 'NONE',  ( -49.03938195118457344, 26.73355339059327207, -22.22900000001819976 ) ) ;
#1072 = EDGE_LOOP ( 'NONE', ( #4099, #4999, #14, #5641 ) ) ;
#1073 = CARTESIAN_POINT ( 'NONE',  ( 33.13077245651290070, 24.30859340615769781, -21.22900000000370113 ) ) ;
#1074 = ORIENTED_EDGE ( 'NONE', *, *, #2020, .F. ) ;
#1075 = AXIS2_PLACEMENT_3D ( 'NONE', #1276, #3437, #1198 ) ;
#1076 = DIRECTION ( 'NONE',  ( 0.000000000000000000, 0.000000000000000000, -1.000000000000000000 ) ) ;
#1077 = CARTESIAN_POINT ( 'NONE',  ( -44.05991218004781729, 26.73355339059326852, -22.22900000001819976 ) ) ;
#1078 = ADVANCED_FACE ( 'NONE', ( #6624 ), #1049, .T. ) ;
#1079 = DIRECTION ( 'NONE',  ( 1.000000000000000000, 0.000000000000000000, 0.000000000000000000 ) ) ;
#1080 = DIRECTION ( 'NONE',  ( -0.7071067811865475727, 0.7071067811865475727, 0.000000000000000000 ) ) ;
#1081 = VERTEX_POINT ( 'NONE', #2186 ) ;
#1082 = VECTOR ( 'NONE', #6708, 1000.000000000000000 ) ;
#1083 = ORIENTED_EDGE ( 'NONE', *, *, #4172, .T. ) ;
#1084 = ORIENTED_EDGE ( 'NONE', *, *, #5772, .F. ) ;
#1085 = CARTESIAN_POINT ( 'NONE',  ( -34.98432584710617022, 28.30495998443557326, -21.22900000001820331 ) ) ;
#1086 = CARTESIAN_POINT ( 'NONE',  ( 9.282693114128210965, 23.80859340615770137, -21.22900000000160148 ) ) ;
#1087 = AXIS2_PLACEMENT_3D ( 'NONE', #5306, #5272, #351 ) ;
#1088 = EDGE_CURVE ( 'NONE', #3222, #1806, #6686, .T. ) ;
#1089 = LINE ( 'NONE', #2188, #6059 ) ;
#1090 = DIRECTION ( 'NONE',  ( 0.000000000000000000, 0.000000000000000000, 1.000000000000000000 ) ) ;
#1091 = DIRECTION ( 'NONE',  ( -1.605746989938339289E-16, 0.3463330759728089348, 0.9381116140882237442 ) ) ;
#1092 = EDGE_LOOP ( 'NONE', ( #126, #6365, #165, #1542, #6130 ) ) ;
#1093 = VERTEX_POINT ( 'NONE', #5546 ) ;
#1094 = AXIS2_PLACEMENT_3D ( 'NONE', #1813, #6806, #3392 ) ;
#1095 = VECTOR ( 'NONE', #945, 1000.000000000000114 ) ;
#1096 = ORIENTED_EDGE ( 'NONE', *, *, #1742, .T. ) ;
#1097 = LINE ( 'NONE', #3306, #1332 ) ;
#1098 = DIRECTION ( 'NONE',  ( 9.097660896233921377E-17, 0.01745240643728400431, -0.9998476951563912696 ) ) ;
#1099 = ADVANCED_FACE ( 'NONE', ( #5573 ), #3845, .F. ) ;
#1100 = LINE ( 'NONE', #3858, #6998 ) ;
#1101 = VECTOR ( 'NONE', #3751, 1000.000000000000000 ) ;
#1102 = DIRECTION ( 'NONE',  ( 0.000000000000000000, 0.000000000000000000, -1.000000000000000000 ) ) ;
#1103 = ORIENTED_EDGE ( 'NONE', *, *, #2292, .F. ) ;
#1104 = VERTEX_POINT ( 'NONE', #3769 ) ;
#1105 = CIRCLE ( 'NONE', #6178, 0.4999999999999982236 ) ;
#1106 = CARTESIAN_POINT ( 'NONE',  ( -34.98432584710617022, 28.30495998443557326, -21.22900000000370113 ) ) ;
#1107 = ADVANCED_FACE ( 'NONE', ( #5976 ), #1016, .F. ) ;
#1108 = FACE_OUTER_BOUND ( 'NONE', #5902, .T. ) ;
#1109 = DIRECTION ( 'NONE',  ( 0.7071067811865475727, -0.7071067811865475727, 0.000000000000000000 ) ) ;
#1110 = CARTESIAN_POINT ( 'NONE',  ( 1.909999999999970166, 36.98727362762250692, -5.358137540605979687 ) ) ;
#1111 = CARTESIAN_POINT ( 'NONE',  ( 17.56538622825639706, 23.05859340615770137, -22.22900000001819976 ) ) ;
#1112 = DIRECTION ( 'NONE',  ( 0.000000000000000000, 0.000000000000000000, -1.000000000000000000 ) ) ;
#1113 = ORIENTED_EDGE ( 'NONE', *, *, #183, .F. ) ;
#1114 = CIRCLE ( 'NONE', #3908, 9.802062060453849313 ) ;
#1115 = CARTESIAN_POINT ( 'NONE',  ( -51.39837195540964387, 30.19014704465804755, -21.22899999999722098 ) ) ;
#1116 = AXIS2_PLACEMENT_3D ( 'NONE', #1533, #2118, #4364 ) ;
#1117 = DIRECTION ( 'NONE',  ( -0.7071067811865475727, 0.7071067811865475727, 0.000000000000000000 ) ) ;
#1118 = DIRECTION ( 'NONE',  ( -5.056412698010379758E-16, -1.000000000000000000, 0.000000000000000000 ) ) ;
#1119 = AXIS2_PLACEMENT_3D ( 'NONE', #3671, #1396, #5228 ) ;
#1120 = CARTESIAN_POINT ( 'NONE',  ( -48.68582856059130393, 26.88000000000000256, -22.22900000001819976 ) ) ;
#1121 = EDGE_LOOP ( 'NONE', ( #4997, #2107, #1820, #6821 ) ) ;
#1122 = EDGE_LOOP ( 'NONE', ( #3351, #4655, #6995, #2923 ) ) ;
#1123 = EDGE_CURVE ( 'NONE', #2327, #2291, #1032, .T. ) ;
#1124 = ORIENTED_EDGE ( 'NONE', *, *, #1793, .F. ) ;
#1125 = CARTESIAN_POINT ( 'NONE',  ( 8.782693114128209189, 29.45140659384229664, -21.22900000001820331 ) ) ;
#1126 = LINE ( 'NONE', #4894, #6458 ) ;
#1127 = CYLINDRICAL_SURFACE ( 'NONE', #7115, 0.4999999999999982236 ) ;
#1128 = CARTESIAN_POINT ( 'NONE',  ( 7.282693114128210077, 29.20140659384229664, -22.22900000001819976 ) ) ;
#1129 = PLANE ( 'NONE',  #5953 ) ;
#1130 = ORIENTED_EDGE ( 'NONE', *, *, #6136, .T. ) ;
#1131 = ORIENTED_EDGE ( 'NONE', *, *, #282, .T. ) ;
#1132 = EDGE_CURVE ( 'NONE', #4949, #3545, #102, .T. ) ;
#1133 = CARTESIAN_POINT ( 'NONE',  ( 4.250000000000000000, 35.53909999997630109, -4.175999999986919953 ) ) ;
#1134 = DIRECTION ( 'NONE',  ( 0.000000000000000000, 0.000000000000000000, -1.000000000000000000 ) ) ;
#1135 = LINE ( 'NONE', #3238, #5504 ) ;
#1136 = CARTESIAN_POINT ( 'NONE',  ( 47.77705161185000549, 16.32943060266610047, -8.597993851626638317 ) ) ;
#1137 = ORIENTED_EDGE ( 'NONE', *, *, #5625, .F. ) ;
#1138 = EDGE_LOOP ( 'NONE', ( #6452, #5284, #1606, #2934 ) ) ;
#1139 = AXIS2_PLACEMENT_3D ( 'NONE', #4903, #5584, #7102 ) ;
#1140 = EDGE_CURVE ( 'NONE', #3216, #2547, #6220, .T. ) ;
#1141 = DIRECTION ( 'NONE',  ( 0.000000000000000000, 0.000000000000000000, -1.000000000000000000 ) ) ;
#1142 = AXIS2_PLACEMENT_3D ( 'NONE', #3262, #2794, #2724 ) ;
#1143 = CYLINDRICAL_SURFACE ( 'NONE', #1512, 0.4999999999999982236 ) ;
#1144 = DIRECTION ( 'NONE',  ( -2.033271832533279793E-16, -1.000000000000000000, 0.000000000000000000 ) ) ;
#1145 = CARTESIAN_POINT ( 'NONE',  ( 25.84807934238460092, 29.95140659384229664, -22.22900000001819976 ) ) ;
#1146 = ORIENTED_EDGE ( 'NONE', *, *, #2027, .T. ) ;
#1147 = ADVANCED_FACE ( 'NONE', ( #218 ), #4568, .F. ) ;
#1148 = AXIS2_PLACEMENT_3D ( 'NONE', #1191, #5610, #6805 ) ;
#1149 = LINE ( 'NONE', #4381, #3526 ) ;
#1150 = LINE ( 'NONE', #6715, #1859 ) ;
#1151 = PLANE ( 'NONE',  #6031 ) ;
#1152 = EDGE_LOOP ( 'NONE', ( #6148, #897, #5582, #726, #5428, #5606, #3364, #174 ) ) ;
#1153 = VERTEX_POINT ( 'NONE', #1848 ) ;
#1154 = EDGE_CURVE ( 'NONE', #1530, #695, #4279, .T. ) ;
#1155 = ORIENTED_EDGE ( 'NONE', *, *, #5043, .T. ) ;
#1156 = LINE ( 'NONE', #5719, #6397 ) ;
#1157 = CARTESIAN_POINT ( 'NONE',  ( -37.13077245651289360, 24.30859340615769781, -22.22900000001819976 ) ) ;
#1158 = CARTESIAN_POINT ( 'NONE',  ( -43.41346557064109390, 24.30859340615769781, -21.22900000001820331 ) ) ;
#1159 = DIRECTION ( 'NONE',  ( -9.819848845325710630E-16, -1.000000000000000000, 0.000000000000000000 ) ) ;
#1160 = EDGE_CURVE ( 'NONE', #6800, #3737, #4745, .T. ) ;
#1161 = ORIENTED_EDGE ( 'NONE', *, *, #6881, .T. ) ;
#1162 = ORIENTED_EDGE ( 'NONE', *, *, #110, .T. ) ;
#1163 = CIRCLE ( 'NONE', #6126, 0.4999999999999982236 ) ;
#1164 = ORIENTED_EDGE ( 'NONE', *, *, #5325, .F. ) ;
#1165 = FACE_OUTER_BOUND ( 'NONE', #2698, .T. ) ;
#1166 = DIRECTION ( 'NONE',  ( -0.7071067811865492381, -0.7071067811865457964, 0.000000000000000000 ) ) ;
#1167 = CARTESIAN_POINT ( 'NONE',  ( -44.91346557064109390, 22.80859340615770137, -21.22900000000370113 ) ) ;
#1168 = EDGE_CURVE ( 'NONE', #7026, #1632, #179, .T. ) ;
#1169 = VERTEX_POINT ( 'NONE', #3390 ) ;
#1170 = VECTOR ( 'NONE', #4963, 1000.000000000000000 ) ;
#1171 = VERTEX_POINT ( 'NONE', #6295 ) ;
#1172 = CARTESIAN_POINT ( 'NONE',  ( -1.013078509970460076E-14, 27.95140659384230020, -21.22899999999869891 ) ) ;
#1173 = AXIS2_PLACEMENT_3D ( 'NONE', #6440, #4171, #831 ) ;
#1174 = DIRECTION ( 'NONE',  ( 0.000000000000000000, -0.7071067811854261365, -0.7071067811876690090 ) ) ;
#1175 = ADVANCED_FACE ( 'NONE', ( #1344 ), #1231, .F. ) ;
#1176 = CARTESIAN_POINT ( 'NONE',  ( -49.27705161185000549, 31.43278773177629759, -21.22899999999630083 ) ) ;
#1177 = FACE_OUTER_BOUND ( 'NONE', #4103, .T. ) ;
#1178 = ORIENTED_EDGE ( 'NONE', *, *, #2495, .F. ) ;
#1179 = AXIS2_PLACEMENT_3D ( 'NONE', #1840, #6250, #2282 ) ;
#1180 = DIRECTION ( 'NONE',  ( 0.000000000000000000, 0.000000000000000000, 1.000000000000000000 ) ) ;
#1181 = EDGE_CURVE ( 'NONE', #4262, #5362, #2823, .T. ) ;
#1182 = DIRECTION ( 'NONE',  ( 0.000000000000000000, 0.000000000000000000, -1.000000000000000000 ) ) ;
#1183 = EDGE_CURVE ( 'NONE', #7096, #948, #2047, .T. ) ;
#1184 = DIRECTION ( 'NONE',  ( 0.7071067811865580088, 0.7071067811865372477, 0.000000000000000000 ) ) ;
#1185 = ORIENTED_EDGE ( 'NONE', *, *, #271, .F. ) ;
#1186 = EDGE_LOOP ( 'NONE', ( #2540, #2275, #1273, #2652 ) ) ;
#1187 = ORIENTED_EDGE ( 'NONE', *, *, #5649, .F. ) ;
#1188 = VECTOR ( 'NONE', #3805, 1000.000000000000000 ) ;
#1189 = ORIENTED_EDGE ( 'NONE', *, *, #1904, .F. ) ;
#1190 = LINE ( 'NONE', #5678, #2481 ) ;
#1191 = CARTESIAN_POINT ( 'NONE',  ( 34.63077245651290070, 22.80859340615770137, -21.22900000000370113 ) ) ;
#1192 = DIRECTION ( 'NONE',  ( 0.7071067811865475727, -0.7071067811865475727, 0.000000000000000000 ) ) ;
#1193 = CARTESIAN_POINT ( 'NONE',  ( -48.68582856059130393, 25.87999999999999901, -22.22900000001819976 ) ) ;
#1194 = AXIS2_PLACEMENT_3D ( 'NONE', #6542, #1076, #5502 ) ;
#1195 = ORIENTED_EDGE ( 'NONE', *, *, #6967, .T. ) ;
#1196 = ORIENTED_EDGE ( 'NONE', *, *, #4187, .T. ) ;
#1197 = AXIS2_PLACEMENT_3D ( 'NONE', #6123, #2947, #5113 ) ;
#1198 = DIRECTION ( 'NONE',  ( 0.000000000000000000, -0.7071067811866843522, -0.7071067811864107933 ) ) ;
#1199 = EDGE_CURVE ( 'NONE', #269, #4857, #4047, .T. ) ;
#1200 = ORIENTED_EDGE ( 'NONE', *, *, #2517, .F. ) ;
#1201 = DIRECTION ( 'NONE',  ( 0.000000000000000000, 0.000000000000000000, 1.000000000000000000 ) ) ;
#1202 = CARTESIAN_POINT ( 'NONE',  ( 47.77705161185000549, 35.99487030189180103, -4.914197495368780366 ) ) ;
#1203 = CARTESIAN_POINT ( 'NONE',  ( -44.41346557064109390, 26.37999999999999901, -22.22900000001819976 ) ) ;
#1204 = EDGE_LOOP ( 'NONE', ( #6879, #4079, #5082, #1058 ) ) ;
#1205 = AXIS2_PLACEMENT_3D ( 'NONE', #152, #4509, #6778 ) ;
#1206 = CIRCLE ( 'NONE', #5370, 0.5000000000000006661 ) ;
#1207 = ORIENTED_EDGE ( 'NONE', *, *, #6641, .F. ) ;
#1208 = AXIS2_PLACEMENT_3D ( 'NONE', #3323, #6100, #5565 ) ;
#1209 = EDGE_CURVE ( 'NONE', #761, #530, #4164, .T. ) ;
#1210 =( BOUNDED_CURVE ( )  B_SPLINE_CURVE ( 3, ( #6939, #1406, #2492, #6866 ),
 .UNSPECIFIED., .F., .F. ) 
 B_SPLINE_CURVE_WITH_KNOTS ( ( 4, 4 ),
 ( 5.497787143781901698, 6.283185307179333989 ),
 .UNSPECIFIED. ) 
 CURVE ( )  GEOMETRIC_REPRESENTATION_ITEM ( )  RATIONAL_B_SPLINE_CURVE ( ( 1.000000000000000000, 0.9492530216741610349, 0.9492530216741610349, 1.000000000000000000 ) ) 
 REPRESENTATION_ITEM ( '' )  );
#1211 = ORIENTED_EDGE ( 'NONE', *, *, #2495, .T. ) ;
#1212 = DIRECTION ( 'NONE',  ( 1.000000000000000000, -1.376885414906370062E-16, -1.164635296342740053E-17 ) ) ;
#1213 = DIRECTION ( 'NONE',  ( -1.000000000000000000, 0.000000000000000000, 1.854079867443469901E-16 ) ) ;
#1214 = VECTOR ( 'NONE', #5378, 1000.000000000000000 ) ;
#1215 = DIRECTION ( 'NONE',  ( -1.000000000000000000, 0.000000000000000000, 0.000000000000000000 ) ) ;
#1216 = FACE_OUTER_BOUND ( 'NONE', #6569, .T. ) ;
#1217 = CARTESIAN_POINT ( 'NONE',  ( 47.18582856059130393, 25.37999999999999901, -21.47900000001820331 ) ) ;
#1218 = DIRECTION ( 'NONE',  ( -1.000000000000000000, 9.819848845325710630E-16, 0.000000000000000000 ) ) ;
#1219 = VECTOR ( 'NONE', #2600, 1000.000000000000000 ) ;
#1220 = ORIENTED_EDGE ( 'NONE', *, *, #465, .F. ) ;
#1221 = EDGE_CURVE ( 'NONE', #2352, #5686, #6723, .T. ) ;
#1222 = LINE ( 'NONE', #673, #3019 ) ;
#1223 = AXIS2_PLACEMENT_3D ( 'NONE', #3743, #5445, #5525 ) ;
#1224 = CARTESIAN_POINT ( 'NONE',  ( 17.06538622825639706, 22.80859340615770137, -22.22900000001819976 ) ) ;
#1225 = CARTESIAN_POINT ( 'NONE',  ( 41.91346557064109390, 27.95140659384230020, -22.22900000001819976 ) ) ;
#1226 = ORIENTED_EDGE ( 'NONE', *, *, #3535, .T. ) ;
#1227 = VERTEX_POINT ( 'NONE', #6256 ) ;
#1228 = ORIENTED_EDGE ( 'NONE', *, *, #6773, .F. ) ;
#1229 = EDGE_CURVE ( 'NONE', #3794, #1477, #1306, .T. ) ;
#1230 = VECTOR ( 'NONE', #4647, 1000.000000000000000 ) ;
#1231 = PLANE ( 'NONE',  #2429 ) ;
#1232 = DIRECTION ( 'NONE',  ( -0.7071067811865580088, -0.7071067811865372477, 0.000000000000000000 ) ) ;
#1233 = CARTESIAN_POINT ( 'NONE',  ( -48.68582856059130393, 26.37999999999999901, -21.47900000001820331 ) ) ;
#1234 = DIRECTION ( 'NONE',  ( 0.7071067811865475727, 0.7071067811865475727, 0.000000000000000000 ) ) ;
#1235 = VECTOR ( 'NONE', #2133, 1000.000000000000000 ) ;
#1236 = ORIENTED_EDGE ( 'NONE', *, *, #4626, .F. ) ;
#1237 = ORIENTED_EDGE ( 'NONE', *, *, #1844, .T. ) ;
#1238 = CIRCLE ( 'NONE', #6906, 0.4999999999999982236 ) ;
#1239 = EDGE_CURVE ( 'NONE', #7108, #4607, #1617, .T. ) ;
#1240 = DIRECTION ( 'NONE',  ( 0.000000000000000000, 0.000000000000000000, -1.000000000000000000 ) ) ;
#1241 = ORIENTED_EDGE ( 'NONE', *, *, #2662, .F. ) ;
#1242 = DIRECTION ( 'NONE',  ( 0.000000000000000000, 0.000000000000000000, -1.000000000000000000 ) ) ;
#1243 = DIRECTION ( 'NONE',  ( -2.033271832533279793E-16, -1.000000000000000000, 0.000000000000000000 ) ) ;
#1244 = VECTOR ( 'NONE', #4447, 1000.000000000000000 ) ;
#1245 = ORIENTED_EDGE ( 'NONE', *, *, #3973, .F. ) ;
#1246 = EDGE_LOOP ( 'NONE', ( #7, #974, #2478, #3466 ) ) ;
#1247 = CARTESIAN_POINT ( 'NONE',  ( 43.91346557064109390, 27.38000000000000256, -21.22900000001820331 ) ) ;
#1248 = EDGE_CURVE ( 'NONE', #3387, #3358, #3982, .T. ) ;
#1249 = VECTOR ( 'NONE', #6164, 1000.000000000000000 ) ;
#1250 = CARTESIAN_POINT ( 'NONE',  ( -48.68582856059130393, 25.87999999999999901, -21.47900000001820331 ) ) ;
#1251 = DIRECTION ( 'NONE',  ( 1.000000000000000000, -1.376885414906370062E-16, -1.164635296342740053E-17 ) ) ;
#1252 = CARTESIAN_POINT ( 'NONE',  ( 7.550826666606420545, 34.57827333338519082, -15.15829905318740067 ) ) ;
#1253 = DIRECTION ( 'NONE',  ( 0.000000000000000000, 0.000000000000000000, 1.000000000000000000 ) ) ;
#1254 = CARTESIAN_POINT ( 'NONE',  ( 17.71183283766312755, 28.30495998443557326, -22.22900000001819976 ) ) ;
#1255 = EDGE_CURVE ( 'NONE', #521, #3111, #5094, .T. ) ;
#1256 = ORIENTED_EDGE ( 'NONE', *, *, #4855, .F. ) ;
#1257 = AXIS2_PLACEMENT_3D ( 'NONE', #2800, #1026, #2732 ) ;
#1258 = LINE ( 'NONE', #1295, #3637 ) ;
#1259 = CARTESIAN_POINT ( 'NONE',  ( 25.96791428029560223, 26.88000000000000256, -21.22899999999950182 ) ) ;
#1260 = DIRECTION ( 'NONE',  ( 0.000000000000000000, 0.000000000000000000, 1.000000000000000000 ) ) ;
#1261 = ADVANCED_FACE ( 'NONE', ( #4023 ), #4057, .F. ) ;
#1262 = ORIENTED_EDGE ( 'NONE', *, *, #1209, .F. ) ;
#1263 = AXIS2_PLACEMENT_3D ( 'NONE', #228, #5068, #1780 ) ;
#1264 = ORIENTED_EDGE ( 'NONE', *, *, #586, .T. ) ;
#1265 = DIRECTION ( 'NONE',  ( -1.000000000000000000, 2.795780638008489905E-16, 1.343150083892689879E-16 ) ) ;
#1266 = ORIENTED_EDGE ( 'NONE', *, *, #6829, .T. ) ;
#1267 = CARTESIAN_POINT ( 'NONE',  ( 1.909999999999970166, 36.65892902413900600, -4.175999999985370081 ) ) ;
#1268 = CIRCLE ( 'NONE', #5196, 0.5000000000000006661 ) ;
#1269 = CARTESIAN_POINT ( 'NONE',  ( -49.27705161185000549, 26.12999999998119804, -8.426937939554100865 ) ) ;
#1270 = DIRECTION ( 'NONE',  ( 0.000000000000000000, 1.000000000000000000, 0.000000000000000000 ) ) ;
#1271 = DIRECTION ( 'NONE',  ( 0.000000000000000000, 0.000000000000000000, -1.000000000000000000 ) ) ;
#1272 = EDGE_CURVE ( 'NONE', #6254, #106, #224, .T. ) ;
#1273 = ORIENTED_EDGE ( 'NONE', *, *, #3755, .T. ) ;
#1274 = ORIENTED_EDGE ( 'NONE', *, *, #653, .F. ) ;
#1275 = ORIENTED_EDGE ( 'NONE', *, *, #5179, .F. ) ;
#1276 = CARTESIAN_POINT ( 'NONE',  ( 47.77705161185000549, 19.19889544744140153, -15.35804249211109962 ) ) ;
#1277 = VERTEX_POINT ( 'NONE', #4784 ) ;
#1278 = DIRECTION ( 'NONE',  ( 0.000000000000000000, 0.000000000000000000, -1.000000000000000000 ) ) ;
#1279 = CARTESIAN_POINT ( 'NONE',  ( -1.000000000000000000, 29.95140659384229664, -21.22900000001820331 ) ) ;
#1280 = CARTESIAN_POINT ( 'NONE',  ( 48.48415839303653740, 36.78786243161604119, 0.000000000000000000 ) ) ;
#1281 = PLANE ( 'NONE',  #3422 ) ;
#1282 = EDGE_CURVE ( 'NONE', #825, #986, #5656, .T. ) ;
#1283 = VERTEX_POINT ( 'NONE', #1961 ) ;
#1284 = ORIENTED_EDGE ( 'NONE', *, *, #1248, .F. ) ;
#1285 = DIRECTION ( 'NONE',  ( -0.7071067811865467956, 0.7069990853988423751, -0.01234071493884210564 ) ) ;
#1286 = ORIENTED_EDGE ( 'NONE', *, *, #4377, .T. ) ;
#1287 = DIRECTION ( 'NONE',  ( 1.000000000000000000, 0.000000000000000000, 0.000000000000000000 ) ) ;
#1288 = DIRECTION ( 'NONE',  ( 0.000000000000000000, 0.000000000000000000, -1.000000000000000000 ) ) ;
#1289 = DIRECTION ( 'NONE',  ( 0.000000000000000000, 0.000000000000000000, -1.000000000000000000 ) ) ;
#1290 = ADVANCED_FACE ( 'NONE', ( #4205, #3149 ), #4240, .T. ) ;
#1291 = CIRCLE ( 'NONE', #2099, 0.5000000000000006661 ) ;
#1292 = DIRECTION ( 'NONE',  ( 0.000000000000000000, 0.000000000000000000, -1.000000000000000000 ) ) ;
#1293 = CARTESIAN_POINT ( 'NONE',  ( 26.34807934238460092, 23.05859340615770137, -21.22900000001820331 ) ) ;
#1294 = ORIENTED_EDGE ( 'NONE', *, *, #208, .F. ) ;
#1295 = CARTESIAN_POINT ( 'NONE',  ( 8.636246504721484030, 29.80495998443556971, -21.22900000001820331 ) ) ;
#1296 = CARTESIAN_POINT ( 'NONE',  ( -10.78269311412819853, 28.45140659384229664, -22.22900000001819976 ) ) ;
#1297 = FACE_OUTER_BOUND ( 'NONE', #1864, .T. ) ;
#1298 = CARTESIAN_POINT ( 'NONE',  ( -49.27705161185000549, 16.32943060266610047, -8.597993851626638317 ) ) ;
#1299 = AXIS2_PLACEMENT_3D ( 'NONE', #6141, #1888, #5682 ) ;
#1300 = ORIENTED_EDGE ( 'NONE', *, *, #6226, .F. ) ;
#1301 =( BOUNDED_CURVE ( )  B_SPLINE_CURVE ( 3, ( #2952, #5163, #4633, #6278 ),
 .UNSPECIFIED., .F., .F. ) 
 B_SPLINE_CURVE_WITH_KNOTS ( ( 4, 4 ),
 ( 0.7853981633982026755, 1.570796326795554698 ),
 .UNSPECIFIED. ) 
 CURVE ( )  GEOMETRIC_REPRESENTATION_ITEM ( )  RATIONAL_B_SPLINE_CURVE ( ( 1.000000000000000000, 0.9492530216742034455, 0.9492530216742034455, 1.000000000000000000 ) ) 
 REPRESENTATION_ITEM ( '' )  );
#1302 = ORIENTED_EDGE ( 'NONE', *, *, #7135, .F. ) ;
#1303 = VERTEX_POINT ( 'NONE', #3658 ) ;
#1304 = AXIS2_PLACEMENT_3D ( 'NONE', #3141, #357, #3073 ) ;
#1305 = EDGE_CURVE ( 'NONE', #68, #5765, #4400, .T. ) ;
#1306 = LINE ( 'NONE', #4610, #2775 ) ;
#1307 = CARTESIAN_POINT ( 'NONE',  ( -26.84807934238470040, 29.45140659384229664, -21.22900000001820331 ) ) ;
#1308 = DIRECTION ( 'NONE',  ( 0.000000000000000000, 6.809095797620623586E-13, -1.000000000000000000 ) ) ;
#1309 = EDGE_LOOP ( 'NONE', ( #2120, #3290, #2984, #6652 ) ) ;
#1310 = VECTOR ( 'NONE', #4982, 1000.000000000000000 ) ;
#1311 = EDGE_LOOP ( 'NONE', ( #1889, #6085, #32, #722 ) ) ;
#1312 = VERTEX_POINT ( 'NONE', #934 ) ;
#1313 = DIRECTION ( 'NONE',  ( 0.000000000000000000, 0.000000000000000000, -1.000000000000000000 ) ) ;
#1314 = EDGE_CURVE ( 'NONE', #6969, #4248, #5836, .T. ) ;
#1315 = ORIENTED_EDGE ( 'NONE', *, *, #4, .F. ) ;
#1316 = CARTESIAN_POINT ( 'NONE',  ( -51.39837195540964387, 32.89536400415707362, -18.52378304048962221 ) ) ;
#1317 = CARTESIAN_POINT ( 'NONE',  ( -0.5000000000000109912, 22.80859340615770137, -22.22900000001819976 ) ) ;
#1318 = LINE ( 'NONE', #621, #4119 ) ;
#1319 = DIRECTION ( 'NONE',  ( 1.989149585786738884E-16, -0.01745240643589409529, -0.9998476951564155835 ) ) ;
#1320 = ORIENTED_EDGE ( 'NONE', *, *, #4785, .T. ) ;
#1321 = ORIENTED_EDGE ( 'NONE', *, *, #435, .F. ) ;
#1322 = TOROIDAL_SURFACE ( 'NONE', #4096, 9.802062060445519975, 1.000000000000000000 ) ;
#1323 = EDGE_CURVE ( 'NONE', #5621, #5212, #5288, .T. ) ;
#1324 = DIRECTION ( 'NONE',  ( 1.374643139734480873E-16, 0.9998476951564155835, -0.01745240643589299548 ) ) ;
#1325 = DIRECTION ( 'NONE',  ( -1.000000000000000000, 1.418895223102129704E-16, 1.164635296342740053E-17 ) ) ;
#1326 = DIRECTION ( 'NONE',  ( 3.462970525474364994E-13, -3.462970525474364994E-13, 1.000000000000000000 ) ) ;
#1327 = CARTESIAN_POINT ( 'NONE',  ( -0.5000000000000109912, 22.80859340615770137, -21.22900000001820331 ) ) ;
#1328 = VECTOR ( 'NONE', #1212, 1000.000000000000000 ) ;
#1329 = PLANE ( 'NONE',  #5871 ) ;
#1330 = CARTESIAN_POINT ( 'NONE',  ( -50.27705161184999838, 36.34944998015433981, 1.192717408412403869E-17 ) ) ;
#1331 = ORIENTED_EDGE ( 'NONE', *, *, #5121, .T. ) ;
#1332 = VECTOR ( 'NONE', #5946, 1000.000000000000000 ) ;
#1333 = ADVANCED_FACE ( 'NONE', ( #4169 ), #1420, .F. ) ;
#1334 = DIRECTION ( 'NONE',  ( -0.7071067811865450192, -0.7069990853988267210, -0.01234071493982739909 ) ) ;
#1335 = DIRECTION ( 'NONE',  ( 1.000000000000000000, 0.000000000000000000, -1.164635296333200074E-17 ) ) ;
#1336 = CARTESIAN_POINT ( 'NONE',  ( -25.84807934238470040, 24.30859340615769781, -21.22900000000370113 ) ) ;
#1337 = CARTESIAN_POINT ( 'NONE',  ( -0.5000000000000109912, 22.80859340615770137, -21.22900000001820331 ) ) ;
#1338 = CIRCLE ( 'NONE', #4576, 0.4999999999999996114 ) ;
#1339 = ORIENTED_EDGE ( 'NONE', *, *, #7118, .F. ) ;
#1340 = VERTEX_POINT ( 'NONE', #5321 ) ;
#1341 = ORIENTED_EDGE ( 'NONE', *, *, #497, .T. ) ;
#1342 = ORIENTED_EDGE ( 'NONE', *, *, #3210, .F. ) ;
#1343 = AXIS2_PLACEMENT_3D ( 'NONE', #1866, #5741, #6240 ) ;
#1344 = FACE_OUTER_BOUND ( 'NONE', #1508, .T. ) ;
#1345 = CARTESIAN_POINT ( 'NONE',  ( 7.831286942381979976, 17.96218694238200086, -18.36397467416070128 ) ) ;
#1346 = LINE ( 'NONE', #105, #4193 ) ;
#1347 = EDGE_LOOP ( 'NONE', ( #903, #6103, #4086, #994 ) ) ;
#1348 = VERTEX_POINT ( 'NONE', #332 ) ;
#1349 = EDGE_CURVE ( 'NONE', #290, #5677, #5514, .T. ) ;
#1350 = VERTEX_POINT ( 'NONE', #4276 ) ;
#1351 = AXIS2_PLACEMENT_3D ( 'NONE', #5464, #6616, #4278 ) ;
#1352 = DIRECTION ( 'NONE',  ( -0.7071067811865492381, -0.7071067811865457964, 0.000000000000000000 ) ) ;
#1353 = ORIENTED_EDGE ( 'NONE', *, *, #1655, .T. ) ;
#1354 = CARTESIAN_POINT ( 'NONE',  ( 6.782693114128210077, 27.95140659384230020, -22.22900000001819976 ) ) ;
#1355 = FACE_OUTER_BOUND ( 'NONE', #5466, .T. ) ;
#1356 = CARTESIAN_POINT ( 'NONE',  ( 7.211831427140970696, 38.60928165534789969, -11.28356573570460064 ) ) ;
#1357 = VERTEX_POINT ( 'NONE', #2510 ) ;
#1358 = AXIS2_PLACEMENT_3D ( 'NONE', #6270, #1319, #3521 ) ;
#1359 = ORIENTED_EDGE ( 'NONE', *, *, #5482, .F. ) ;
#1360 = EDGE_CURVE ( 'NONE', #2547, #3999, #1268, .T. ) ;
#1361 = CARTESIAN_POINT ( 'NONE',  ( 7.211831427140970696, 38.60928165534789969, -11.28356573570460064 ) ) ;
#1362 = DIRECTION ( 'NONE',  ( -1.000000000000000000, 1.291768391375275873E-16, -8.912194580865548829E-18 ) ) ;
#1363 = LINE ( 'NONE', #1865, #6221 ) ;
#1364 = CARTESIAN_POINT ( 'NONE',  ( -49.27705161185000549, 16.32943060266610047, -8.597993851626638317 ) ) ;
#1365 = CARTESIAN_POINT ( 'NONE',  ( 7.245710992208298507, 14.17252605949494360, -11.67081093643641765 ) ) ;
#1366 = CARTESIAN_POINT ( 'NONE',  ( 48.48415839303654451, 36.62637304829033980, -9.251720575242062594 ) ) ;
#1367 = DIRECTION ( 'NONE',  ( 0.7071067811865580088, 0.7071067811865372477, 0.000000000000000000 ) ) ;
#1368 = ADVANCED_FACE ( 'NONE', ( #6332 ), #3625, .F. ) ;
#1369 = AXIS2_PLACEMENT_3D ( 'NONE', #3659, #5867, #3548 ) ;
#1370 = EDGE_LOOP ( 'NONE', ( #1137, #5438, #3631, #2610, #1391 ) ) ;
#1371 = DIRECTION ( 'NONE',  ( 0.000000000000000000, 0.000000000000000000, -1.000000000000000000 ) ) ;
#1372 = CIRCLE ( 'NONE', #5411, 0.4999999999999994449 ) ;
#1373 = DIRECTION ( 'NONE',  ( 1.000000000000000000, -9.819848845325710630E-16, 0.000000000000000000 ) ) ;
#1374 = CARTESIAN_POINT ( 'NONE',  ( -27.34807934238470040, 22.80859340615770137, -21.22900000001820331 ) ) ;
#1375 = CYLINDRICAL_SURFACE ( 'NONE', #2001, 0.4999999999999994449 ) ;
#1376 = EDGE_CURVE ( 'NONE', #5737, #4415, #1382, .T. ) ;
#1377 = EDGE_LOOP ( 'NONE', ( #135, #2582, #1457, #4511 ) ) ;
#1378 = ORIENTED_EDGE ( 'NONE', *, *, #4725, .T. ) ;
#1379 = AXIS2_PLACEMENT_3D ( 'NONE', #3368, #3818, #2692 ) ;
#1380 = FACE_OUTER_BOUND ( 'NONE', #3662, .T. ) ;
#1381 = ORIENTED_EDGE ( 'NONE', *, *, #878, .T. ) ;
#1382 = LINE ( 'NONE', #3586, #1728 ) ;
#1383 = CARTESIAN_POINT ( 'NONE',  ( -19.56538622825640061, 23.80859340615770137, -22.22900000001819976 ) ) ;
#1384 = DIRECTION ( 'NONE',  ( 0.000000000000000000, 0.000000000000000000, -1.000000000000000000 ) ) ;
#1385 = EDGE_CURVE ( 'NONE', #4406, #1605, #3242, .T. ) ;
#1386 = VERTEX_POINT ( 'NONE', #5251 ) ;
#1387 = ORIENTED_EDGE ( 'NONE', *, *, #2933, .F. ) ;
#1388 = ORIENTED_EDGE ( 'NONE', *, *, #900, .T. ) ;
#1389 = VECTOR ( 'NONE', #463, 1000.000000000000000 ) ;
#1390 = FACE_OUTER_BOUND ( 'NONE', #4890, .T. ) ;
#1391 = ORIENTED_EDGE ( 'NONE', *, *, #4269, .T. ) ;
#1392 = CARTESIAN_POINT ( 'NONE',  ( -18.06538622825640061, 22.80859340615770137, -22.22900000001819976 ) ) ;
#1393 = DIRECTION ( 'NONE',  ( 0.000000000000000000, 0.000000000000000000, -1.000000000000000000 ) ) ;
#1394 = EDGE_CURVE ( 'NONE', #6851, #1303, #2245, .T. ) ;
#1395 = CARTESIAN_POINT ( 'NONE',  ( 47.77705161185000549, 31.43278773177619811, -21.22899999999630083 ) ) ;
#1396 = DIRECTION ( 'NONE',  ( -3.462854061944735379E-13, -3.462854061944750020E-13, 1.000000000000000000 ) ) ;
#1397 = VERTEX_POINT ( 'NONE', #4418 ) ;
#1398 = ORIENTED_EDGE ( 'NONE', *, *, #4195, .F. ) ;
#1399 = CARTESIAN_POINT ( 'NONE',  ( 50.46850034877697766, 22.87613626153530788, -21.22900000000222320 ) ) ;
#1400 = CARTESIAN_POINT ( 'NONE',  ( 0.4999999999999900080, 28.45140659384229664, -21.22900000001820331 ) ) ;
#1401 = LINE ( 'NONE', #5336, #670 ) ;
#1402 = EDGE_CURVE ( 'NONE', #584, #4727, #4384, .T. ) ;
#1403 = DIRECTION ( 'NONE',  ( 0.7071067811865580088, -0.7071067811865372477, 0.000000000000000000 ) ) ;
#1404 = FACE_OUTER_BOUND ( 'NONE', #6373, .T. ) ;
#1405 = CARTESIAN_POINT ( 'NONE',  ( 33.13077245651290070, 24.30859340615769781, -22.22900000001819976 ) ) ;
#1406 = CARTESIAN_POINT ( 'NONE',  ( 49.32824356204208271, 13.48749334168504355, -5.759284283649899858E-16 ) ) ;
#1407 = CYLINDRICAL_SURFACE ( 'NONE', #5017, 0.4999999999999982236 ) ;
#1408 = VECTOR ( 'NONE', #3538, 1000.000000000000000 ) ;
#1409 = EDGE_CURVE ( 'NONE', #5927, #2588, #7083, .T. ) ;
#1410 = DIRECTION ( 'NONE',  ( -0.7071067811865475727, -0.7071067811865475727, 0.000000000000000000 ) ) ;
#1411 = FACE_OUTER_BOUND ( 'NONE', #5036, .T. ) ;
#1412 = CARTESIAN_POINT ( 'NONE',  ( -1.500000000000000000, 29.20140659384229664, -22.22900000001819976 ) ) ;
#1413 = DIRECTION ( 'NONE',  ( -3.462970525474364994E-13, 3.462970525474490202E-13, -1.000000000000000000 ) ) ;
#1414 = ORIENTED_EDGE ( 'NONE', *, *, #3100, .F. ) ;
#1415 = AXIS2_PLACEMENT_3D ( 'NONE', #925, #892, #5826 ) ;
#1416 = VERTEX_POINT ( 'NONE', #6504 ) ;
#1417 = DIRECTION ( 'NONE',  ( -0.7071067811865475727, -0.7071067811865475727, 0.000000000000000000 ) ) ;
#1418 = EDGE_CURVE ( 'NONE', #1779, #2345, #5314, .T. ) ;
#1419 = ADVANCED_FACE ( 'NONE', ( #2103 ), #6691, .T. ) ;
#1420 = CYLINDRICAL_SURFACE ( 'NONE', #2083, 0.4999999999999982236 ) ;
#1421 = VECTOR ( 'NONE', #5253, 1000.000000000000000 ) ;
#1422 = CARTESIAN_POINT ( 'NONE',  ( -52.27705161184999838, 26.12999999998119804, -8.426937939554100865 ) ) ;
#1423 = CARTESIAN_POINT ( 'NONE',  ( -8.782693114128230505, 29.45140659384229664, -21.22900000001820331 ) ) ;
#1424 = ORIENTED_EDGE ( 'NONE', *, *, #1616, .T. ) ;
#1425 = ORIENTED_EDGE ( 'NONE', *, *, #5048, .T. ) ;
#1426 = LINE ( 'NONE', #2551, #1547 ) ;
#1427 = EDGE_CURVE ( 'NONE', #1029, #5511, #6543, .T. ) ;
#1428 = ORIENTED_EDGE ( 'NONE', *, *, #278, .T. ) ;
#1429 = CARTESIAN_POINT ( 'NONE',  ( 33.13077245651290070, 24.30859340615769781, -21.22900000000370113 ) ) ;
#1430 = DIRECTION ( 'NONE',  ( 0.7071067811865580088, 0.7071067811865372477, 0.000000000000000000 ) ) ;
#1431 = CARTESIAN_POINT ( 'NONE',  ( 6.590000000000000746, 15.27272637235549979, -5.358137540621079609 ) ) ;
#1432 = ORIENTED_EDGE ( 'NONE', *, *, #922, .F. ) ;
#1433 = ORIENTED_EDGE ( 'NONE', *, *, #3972, .T. ) ;
#1434 = VECTOR ( 'NONE', #2184, 1000.000000000000000 ) ;
#1435 = DIRECTION ( 'NONE',  ( 0.7071067811865492381, 0.7071067811865457964, 0.000000000000000000 ) ) ;
#1436 = DIRECTION ( 'NONE',  ( 0.7071067811865580088, -0.7071067811865372477, 0.000000000000000000 ) ) ;
#1437 = DIRECTION ( 'NONE',  ( 0.000000000000000000, -1.000000000000000000, -6.925824587419099363E-13 ) ) ;
#1438 = CARTESIAN_POINT ( 'NONE',  ( 47.53938195118458054, 25.52644660940672949, -22.22900000001819976 ) ) ;
#1439 = AXIS2_PLACEMENT_3D ( 'NONE', #4720, #4783, #1417 ) ;
#1440 = EDGE_CURVE ( 'NONE', #711, #68, #2672, .T. ) ;
#1441 = CARTESIAN_POINT ( 'NONE',  ( 25.84807934238460092, 29.45140659384229664, -21.22900000001820331 ) ) ;
#1442 = AXIS2_PLACEMENT_3D ( 'NONE', #3346, #4300, #4374 ) ;
#1443 = DIRECTION ( 'NONE',  ( 0.000000000000000000, 0.000000000000000000, 1.000000000000000000 ) ) ;
#1444 = DIRECTION ( 'NONE',  ( -1.605918820193543904E-16, -0.9998476951563912696, -0.01745240643728326879 ) ) ;
#1445 = CARTESIAN_POINT ( 'NONE',  ( 6.572359073679169938, 35.55674092629690364, -3.974363289470569605 ) ) ;
#1446 = AXIS2_PLACEMENT_3D ( 'NONE', #1746, #5654, #5150 ) ;
#1447 = AXIS2_PLACEMENT_3D ( 'NONE', #4902, #5405, #4435 ) ;
#1448 = ORIENTED_EDGE ( 'NONE', *, *, #5077, .T. ) ;
#1449 = EDGE_CURVE ( 'NONE', #1500, #5057, #2880, .T. ) ;
#1450 = COLOUR_RGB ( '',0.6274509803921568540, 0.6274509803921568540, 0.6274509803921568540 ) ;
#1451 = ORIENTED_EDGE ( 'NONE', *, *, #6881, .F. ) ;
#1452 = LINE ( 'NONE', #362, #5479 ) ;
#1453 = DIRECTION ( 'NONE',  ( 0.000000000000000000, 0.000000000000000000, -1.000000000000000000 ) ) ;
#1454 = AXIS2_PLACEMENT_3D ( 'NONE', #4638, #1875, #1801 ) ;
#1455 = CARTESIAN_POINT ( 'NONE',  ( 47.18582856059130393, 26.88000000000000256, -21.47900000001820331 ) ) ;
#1456 = CARTESIAN_POINT ( 'NONE',  ( 18.06538622825640061, 27.95140659384230020, -21.22900000001820331 ) ) ;
#1457 = ORIENTED_EDGE ( 'NONE', *, *, #6042, .T. ) ;
#1458 = ORIENTED_EDGE ( 'NONE', *, *, #5255, .T. ) ;
#1459 = EDGE_CURVE ( 'NONE', #1171, #3396, #3345, .T. ) ;
#1460 = EDGE_LOOP ( 'NONE', ( #3776, #565, #15, #6263 ) ) ;
#1461 = VECTOR ( 'NONE', #4224, 1000.000000000000000 ) ;
#1462 = CARTESIAN_POINT ( 'NONE',  ( -49.27705161185000549, 33.06110455255049629, -15.35804249210140071 ) ) ;
#1463 = EDGE_LOOP ( 'NONE', ( #1965, #5261, #6993, #4528 ) ) ;
#1464 = CARTESIAN_POINT ( 'NONE',  ( 7.831286942381979976, 34.29781305761410692, -18.36397467414940010 ) ) ;
#1465 = DIRECTION ( 'NONE',  ( 0.000000000000000000, 0.000000000000000000, -1.000000000000000000 ) ) ;
#1466 = CARTESIAN_POINT ( 'NONE',  ( 47.77705161185000549, 35.93056915889879832, -8.598007510543219212 ) ) ;
#1467 = AXIS2_PLACEMENT_3D ( 'NONE', #3055, #306, #2522 ) ;
#1468 = DIRECTION ( 'NONE',  ( -1.000000000000000000, 0.000000000000000000, -5.605052907344050190E-16 ) ) ;
#1469 = ORIENTED_EDGE ( 'NONE', *, *, #2702, .F. ) ;
#1470 = ORIENTED_EDGE ( 'NONE', *, *, #1854, .F. ) ;
#1471 = EDGE_CURVE ( 'NONE', #2142, #1640, #6001, .T. ) ;
#1472 = CIRCLE ( 'NONE', #1808, 9.802062060445521752 ) ;
#1473 = EDGE_LOOP ( 'NONE', ( #7120, #2548, #6718, #3310 ) ) ;
#1474 = LINE ( 'NONE', #950, #3983 ) ;
#1475 = DIRECTION ( 'NONE',  ( 2.792529877580289634E-16, 0.3463330759728089348, 0.9381116140882237442 ) ) ;
#1476 = VECTOR ( 'NONE', #7105, 1000.000000000000000 ) ;
#1477 = VERTEX_POINT ( 'NONE', #3835 ) ;
#1478 = EDGE_CURVE ( 'NONE', #2233, #5487, #4988, .T. ) ;
#1479 = CARTESIAN_POINT ( 'NONE',  ( 35.63077245651290070, 28.45140659384229664, -21.22900000001820331 ) ) ;
#1480 = CARTESIAN_POINT ( 'NONE',  ( 35.63077245651290070, 27.95140659384230020, -21.22900000000370113 ) ) ;
#1481 = EDGE_CURVE ( 'NONE', #5365, #1350, #4403, .T. ) ;
#1482 = AXIS2_PLACEMENT_3D ( 'NONE', #6354, #6789, #4077 ) ;
#1483 = CARTESIAN_POINT ( 'NONE',  ( -45.91346557064109390, 24.87999999999999901, -21.22900000001820331 ) ) ;
#1484 = DIRECTION ( 'NONE',  ( 0.7071067811865475727, 0.7071067811865475727, 0.000000000000000000 ) ) ;
#1485 = ORIENTED_EDGE ( 'NONE', *, *, #3037, .T. ) ;
#1486 = ORIENTED_EDGE ( 'NONE', *, *, #2565, .F. ) ;
#1487 = CARTESIAN_POINT ( 'NONE',  ( 47.77705161185000549, 18.12693592926860120, -14.28608297392730009 ) ) ;
#1488 = EDGE_CURVE ( 'NONE', #669, #4068, #2786, .T. ) ;
#1489 = DIRECTION ( 'NONE',  ( 0.7071067811865495711, -0.7071067811865455743, 0.000000000000000000 ) ) ;
#1490 = DIRECTION ( 'NONE',  ( 0.000000000000000000, 0.000000000000000000, 1.000000000000000000 ) ) ;
#1491 = VERTEX_POINT ( 'NONE', #1077 ) ;
#1492 = AXIS2_PLACEMENT_3D ( 'NONE', #918, #1979, #1435 ) ;
#1493 = ORIENTED_EDGE ( 'NONE', *, *, #5918, .T. ) ;
#1494 = ORIENTED_EDGE ( 'NONE', *, *, #6179, .T. ) ;
#1495 = LINE ( 'NONE', #4791, #5935 ) ;
#1496 = CYLINDRICAL_SURFACE ( 'NONE', #3337, 0.5000000000000006661 ) ;
#1497 = EDGE_CURVE ( 'NONE', #114, #6825, #2210, .T. ) ;
#1498 = CARTESIAN_POINT ( 'NONE',  ( 34.13077245651290070, 29.95140659384229664, -21.22900000001820331 ) ) ;
#1499 = CARTESIAN_POINT ( 'NONE',  ( 7.782693114128210077, 22.80859340615770137, -21.22900000001820331 ) ) ;
#1500 = VERTEX_POINT ( 'NONE', #3285 ) ;
#1501 = ORIENTED_EDGE ( 'NONE', *, *, #6055, .T. ) ;
#1502 = VECTOR ( 'NONE', #3116, 1000.000000000000000 ) ;
#1503 = CARTESIAN_POINT ( 'NONE',  ( -49.27705161185000549, 15.33911060902520163, -9.161287912312088721 ) ) ;
#1504 = LINE ( 'NONE', #4768, #1958 ) ;
#1505 = ADVANCED_FACE ( 'NONE', ( #6614 ), #7157, .T. ) ;
#1506 = CARTESIAN_POINT ( 'NONE',  ( -34.63077245651290070, 28.45140659384229664, -22.22900000001819976 ) ) ;
#1507 = ORIENTED_EDGE ( 'NONE', *, *, #4947, .T. ) ;
#1508 = EDGE_LOOP ( 'NONE', ( #6899, #6407, #6145, #6932 ) ) ;
#1509 = CARTESIAN_POINT ( 'NONE',  ( -10.78269311412819853, 27.95140659384230020, -21.22900000000370113 ) ) ;
#1510 = CARTESIAN_POINT ( 'NONE',  ( -1.117161918529059982E-14, 22.80859340615770137, -21.22900000001820331 ) ) ;
#1511 = DIRECTION ( 'NONE',  ( 0.000000000000000000, 0.000000000000000000, 1.000000000000000000 ) ) ;
#1512 = AXIS2_PLACEMENT_3D ( 'NONE', #6710, #3965, #123 ) ;
#1513 = DIRECTION ( 'NONE',  ( 0.000000000000000000, 0.000000000000000000, -1.000000000000000000 ) ) ;
#1514 = DIRECTION ( 'NONE',  ( -0.7071067811865441310, 0.7071067811865510144, 0.000000000000000000 ) ) ;
#1515 = EDGE_LOOP ( 'NONE', ( #522, #2456, #5813, #4700 ) ) ;
#1516 = ORIENTED_EDGE ( 'NONE', *, *, #61, .T. ) ;
#1517 = CARTESIAN_POINT ( 'NONE',  ( -43.41346557064109390, 24.30859340615769781, -22.22900000001819976 ) ) ;
#1518 = CARTESIAN_POINT ( 'NONE',  ( 1.255841627475151601, 37.83024886764362549, -11.65306441223163070 ) ) ;
#1519 = DIRECTION ( 'NONE',  ( -3.462854061944730330E-13, -3.462854061944730330E-13, 1.000000000000000000 ) ) ;
#1520 = CIRCLE ( 'NONE', #3947, 0.5000000000000006661 ) ;
#1521 = ORIENTED_EDGE ( 'NONE', *, *, #586, .F. ) ;
#1522 = ORIENTED_EDGE ( 'NONE', *, *, #4532, .F. ) ;
#1523 = VERTEX_POINT ( 'NONE', #5503 ) ;
#1524 = ADVANCED_FACE ( 'NONE', ( #4851 ), #1555, .T. ) ;
#1525 = CIRCLE ( 'NONE', #25, 0.4999999999999982236 ) ;
#1526 = PLANE ( 'NONE',  #2266 ) ;
#1527 = CARTESIAN_POINT ( 'NONE',  ( 47.77705161185000549, 16.33895830418149941, -9.143835505874807978 ) ) ;
#1528 = CARTESIAN_POINT ( 'NONE',  ( 7.211831427140960038, 13.65071834463829958, -11.28356573572190058 ) ) ;
#1529 = DIRECTION ( 'NONE',  ( -0.7071067811865475727, 0.7071067811865475727, 0.000000000000000000 ) ) ;
#1530 = VERTEX_POINT ( 'NONE', #3941 ) ;
#1531 = ORIENTED_EDGE ( 'NONE', *, *, #809, .T. ) ;
#1532 =( BOUNDED_CURVE ( )  B_SPLINE_CURVE ( 3, ( #7080, #4598, #5748, #2957 ),
 .UNSPECIFIED., .F., .F. ) 
 B_SPLINE_CURVE_WITH_KNOTS ( ( 4, 4 ),
 ( 4.799655442984344766, 6.214302259475074308 ),
 .UNSPECIFIED. ) 
 CURVE ( )  GEOMETRIC_REPRESENTATION_ITEM ( )  RATIONAL_B_SPLINE_CURVE ( ( 1.000000000000000000, 0.8400692335328081572, 0.8400692335328081572, 1.000000000000000000 ) ) 
 REPRESENTATION_ITEM ( '' )  );
#1533 = CARTESIAN_POINT ( 'NONE',  ( -28.34807934238470040, 27.95140659384230020, -21.22900000001820331 ) ) ;
#1534 = EDGE_CURVE ( 'NONE', #3120, #4858, #1627, .T. ) ;
#1535 = ORIENTED_EDGE ( 'NONE', *, *, #5295, .T. ) ;
#1536 = CARTESIAN_POINT ( 'NONE',  ( -28.34807934238470040, 28.45140659384229664, -21.22899999999840048 ) ) ;
#1537 = CARTESIAN_POINT ( 'NONE',  ( -17.56538622825639706, 29.20140659384229664, -21.22900000001820331 ) ) ;
#1538 = CIRCLE ( 'NONE', #4437, 0.4999999999999982236 ) ;
#1539 = CARTESIAN_POINT ( 'NONE',  ( -44.91346557064109390, 22.80859340615770137, -21.22900000001820331 ) ) ;
#1540 = DIRECTION ( 'NONE',  ( 0.000000000000000000, 0.000000000000000000, 1.000000000000000000 ) ) ;
#1541 = ORIENTED_EDGE ( 'NONE', *, *, #6267, .F. ) ;
#1542 = ORIENTED_EDGE ( 'NONE', *, *, #2839, .F. ) ;
#1543 = EDGE_CURVE ( 'NONE', #2902, #2352, #356, .T. ) ;
#1544 = FACE_OUTER_BOUND ( 'NONE', #7068, .T. ) ;
#1545 = DIRECTION ( 'NONE',  ( 0.000000000000000000, 1.000000000000000000, 0.000000000000000000 ) ) ;
#1546 = LINE ( 'NONE', #1067, #2325 ) ;
#1547 = VECTOR ( 'NONE', #7091, 1000.000000000000000 ) ;
#1548 = CARTESIAN_POINT ( 'NONE',  ( 18.06538622825640061, 27.95140659384230020, -21.22900000000370113 ) ) ;
#1549 = FACE_OUTER_BOUND ( 'NONE', #4958, .T. ) ;
#1550 = ORIENTED_EDGE ( 'NONE', *, *, #868, .F. ) ;
#1551 = EDGE_CURVE ( 'NONE', #86, #2564, #1150, .T. ) ;
#1552 = VECTOR ( 'NONE', #5609, 1000.000000000000000 ) ;
#1553 = ORIENTED_EDGE ( 'NONE', *, *, #4102, .F. ) ;
#1554 = LINE ( 'NONE', #3758, #6156 ) ;
#1555 = CYLINDRICAL_SURFACE ( 'NONE', #580, 0.5000000000000006661 ) ;
#1556 = DIRECTION ( 'NONE',  ( 0.000000000000000000, 0.000000000000000000, -1.000000000000000000 ) ) ;
#1557 = AXIS2_PLACEMENT_3D ( 'NONE', #996, #4976, #7146 ) ;
#1558 = EDGE_LOOP ( 'NONE', ( #4382, #2364, #5291, #2082, #5129, #240 ) ) ;
#1559 = EDGE_LOOP ( 'NONE', ( #6665, #6587, #3147, #1930, #6721, #408 ) ) ;
#1560 = EDGE_CURVE ( 'NONE', #6090, #4290, #4654, .T. ) ;
#1561 = AXIS2_PLACEMENT_3D ( 'NONE', #648, #4535, #3433 ) ;
#1562 = VERTEX_POINT ( 'NONE', #4491 ) ;
#1563 = CIRCLE ( 'NONE', #4226, 9.802062060445521752 ) ;
#1564 = DIRECTION ( 'NONE',  ( 0.000000000000000000, 0.000000000000000000, -1.000000000000000000 ) ) ;
#1565 = CARTESIAN_POINT ( 'NONE',  ( -49.98415839303655162, 15.62243175568475984, -8.610348225496666785 ) ) ;
#1566 = DIRECTION ( 'NONE',  ( 0.000000000000000000, 0.000000000000000000, 1.000000000000000000 ) ) ;
#1567 = DIRECTION ( 'NONE',  ( 0.000000000000000000, 0.000000000000000000, 1.000000000000000000 ) ) ;
#1568 = CARTESIAN_POINT ( 'NONE',  ( 47.77705161185000549, 39.08110492236869504, 1.799243828347759985E-11 ) ) ;
#1569 = CARTESIAN_POINT ( 'NONE',  ( -45.26701896123437763, 22.45504001556443185, -22.22900000001819976 ) ) ;
#1570 = EDGE_CURVE ( 'NONE', #605, #4573, #1291, .T. ) ;
#1571 = EDGE_LOOP ( 'NONE', ( #6799, #5685, #6784, #6473 ) ) ;
#1572 = AXIS2_PLACEMENT_3D ( 'NONE', #403, #7092, #7021 ) ;
#1573 = EDGE_LOOP ( 'NONE', ( #5571, #4732, #361, #772 ) ) ;
#1574 = DIRECTION ( 'NONE',  ( 0.000000000000000000, 1.000000000000000000, 0.000000000000000000 ) ) ;
#1575 = CARTESIAN_POINT ( 'NONE',  ( 6.782693114128210077, 28.45140659384229664, -22.22900000001819976 ) ) ;
#1576 = AXIS2_PLACEMENT_3D ( 'NONE', #1539, #1027, #4970 ) ;
#1577 = LINE ( 'NONE', #552, #3996 ) ;
#1578 = LINE ( 'NONE', #6568, #5520 ) ;
#1579 = EDGE_CURVE ( 'NONE', #3280, #7154, #600, .T. ) ;
#1580 = ORIENTED_EDGE ( 'NONE', *, *, #6891, .T. ) ;
#1581 = EDGE_LOOP ( 'NONE', ( #5064, #5348, #591, #6097 ) ) ;
#1582 = ORIENTED_EDGE ( 'NONE', *, *, #294, .F. ) ;
#1583 = AXIS2_PLACEMENT_3D ( 'NONE', #1224, #5671, #5539 ) ;
#1584 = DIRECTION ( 'NONE',  ( 0.000000000000000000, 0.000000000000000000, -1.000000000000000000 ) ) ;
#1585 = PLANE ( 'NONE',  #6418 ) ;
#1586 = DIRECTION ( 'NONE',  ( -0.7071067811865580088, -0.7071067811865372477, 0.000000000000000000 ) ) ;
#1587 = CIRCLE ( 'NONE', #3418, 0.4999999999999994449 ) ;
#1588 = EDGE_CURVE ( 'NONE', #537, #7040, #1163, .T. ) ;
#1589 = CARTESIAN_POINT ( 'NONE',  ( 47.18582856059130393, 25.87999999999999901, -22.22900000001819976 ) ) ;
#1590 = CIRCLE ( 'NONE', #196, 0.4999999999999982236 ) ;
#1591 = DIRECTION ( 'NONE',  ( 0.000000000000000000, 0.000000000000000000, -1.000000000000000000 ) ) ;
#1592 = ORIENTED_EDGE ( 'NONE', *, *, #6612, .F. ) ;
#1593 = ORIENTED_EDGE ( 'NONE', *, *, #435, .T. ) ;
#1594 = CARTESIAN_POINT ( 'NONE',  ( 4.250000000000000000, 37.62379088497529978, -11.21557455739549880 ) ) ;
#1595 = AXIS2_PLACEMENT_3D ( 'NONE', #6840, #5090, #5210 ) ;
#1596 = EDGE_CURVE ( 'NONE', #7028, #5551, #1222, .T. ) ;
#1597 = DIRECTION ( 'NONE',  ( 5.056412698010379758E-16, -1.000000000000000000, 0.000000000000000000 ) ) ;
#1598 = CARTESIAN_POINT ( 'NONE',  ( 41.91346557064109390, 28.45140659384229664, -21.22899999999840048 ) ) ;
#1599 = ORIENTED_EDGE ( 'NONE', *, *, #4845, .F. ) ;
#1600 = ORIENTED_EDGE ( 'NONE', *, *, #6179, .F. ) ;
#1601 = ORIENTED_EDGE ( 'NONE', *, *, #2102, .F. ) ;
#1602 = LINE ( 'NONE', #1125, #2590 ) ;
#1603 = CARTESIAN_POINT ( 'NONE',  ( 41.91346557064109390, 27.95140659384230020, -22.22900000001819976 ) ) ;
#1604 = CARTESIAN_POINT ( 'NONE',  ( -35.63077245651290070, 22.80859340615770137, -21.22900000000370113 ) ) ;
#1605 = VERTEX_POINT ( 'NONE', #5019 ) ;
#1606 = ORIENTED_EDGE ( 'NONE', *, *, #1199, .T. ) ;
#1607 = DIRECTION ( 'NONE',  ( 0.06174578541846142965, -0.7057575568078133799, 0.7057575568080893813 ) ) ;
#1608 = EDGE_CURVE ( 'NONE', #6956, #3794, #5052, .T. ) ;
#1609 = CYLINDRICAL_SURFACE ( 'NONE', #4457, 0.4999999999999996114 ) ;
#1610 = CARTESIAN_POINT ( 'NONE',  ( 25.84807934238460092, 29.45140659384229664, -21.22900000000370113 ) ) ;
#1611 = LINE ( 'NONE', #4474, #7110 ) ;
#1612 = PLANE ( 'NONE',  #7008 ) ;
#1613 = AXIS2_PLACEMENT_3D ( 'NONE', #5515, #6010, #4427 ) ;
#1614 = VERTEX_POINT ( 'NONE', #2850 ) ;
#1615 = ORIENTED_EDGE ( 'NONE', *, *, #3798, .T. ) ;
#1616 = EDGE_CURVE ( 'NONE', #4781, #1920, #64, .T. ) ;
#1617 = CIRCLE ( 'NONE', #1148, 0.4999999999999982236 ) ;
#1618 = DIRECTION ( 'NONE',  ( -0.7071067811865492381, -0.7071067811865457964, 0.000000000000000000 ) ) ;
#1619 = FACE_OUTER_BOUND ( 'NONE', #1714, .T. ) ;
#1620 = DIRECTION ( 'NONE',  ( 3.462970525474364994E-13, -3.462970525474364994E-13, 1.000000000000000000 ) ) ;
#1621 = LINE ( 'NONE', #7152, #138 ) ;
#1622 = ORIENTED_EDGE ( 'NONE', *, *, #3462, .F. ) ;
#1623 = EDGE_CURVE ( 'NONE', #1348, #6301, #2425, .T. ) ;
#1624 = DIRECTION ( 'NONE',  ( 0.000000000000000000, -1.000000000000000000, 0.000000000000000000 ) ) ;
#1625 = ORIENTED_EDGE ( 'NONE', *, *, #7010, .T. ) ;
#1626 = CARTESIAN_POINT ( 'NONE',  ( -49.27705161185000549, 35.93056939731639687, -8.597993851613010108 ) ) ;
#1627 = CIRCLE ( 'NONE', #3468, 0.4999999999999982236 ) ;
#1628 = DIRECTION ( 'NONE',  ( 3.462854061944730330E-13, 3.462854061944730330E-13, -1.000000000000000000 ) ) ;
#1629 = DIRECTION ( 'NONE',  ( 0.000000000000000000, 1.000000000000000000, 0.000000000000000000 ) ) ;
#1630 = EDGE_LOOP ( 'NONE', ( #2073, #1601, #3953, #5190 ) ) ;
#1631 = ORIENTED_EDGE ( 'NONE', *, *, #2644, .F. ) ;
#1632 = VERTEX_POINT ( 'NONE', #6682 ) ;
#1633 = EDGE_CURVE ( 'NONE', #6091, #4596, #4639, .T. ) ;
#1634 = CARTESIAN_POINT ( 'NONE',  ( 47.18582856059130393, 26.37999999999999901, -21.22900000000370113 ) ) ;
#1635 = FACE_OUTER_BOUND ( 'NONE', #2258, .T. ) ;
#1636 = CARTESIAN_POINT ( 'NONE',  ( 4.250000000000000000, 16.72090000000000032, -4.176000000000000156 ) ) ;
#1637 = VECTOR ( 'NONE', #2951, 1000.000000000000114 ) ;
#1638 = CARTESIAN_POINT ( 'NONE',  ( -44.05991218004781729, 26.73355339059326852, -21.22900000001820331 ) ) ;
#1639 = ORIENTED_EDGE ( 'NONE', *, *, #4370, .T. ) ;
#1640 = VERTEX_POINT ( 'NONE', #1296 ) ;
#1641 = ADVANCED_FACE ( 'NONE', ( #6754 ), #2348, .T. ) ;
#1642 = AXIS2_PLACEMENT_3D ( 'NONE', #5416, #2704, #527 ) ;
#1643 = CARTESIAN_POINT ( 'NONE',  ( 4.250000000000000000, 15.25209208482990064, -4.176000000000000156 ) ) ;
#1644 = CARTESIAN_POINT ( 'NONE',  ( 42.91346557064109390, 25.87999999999999901, -22.22900000001819976 ) ) ;
#1645 = DIRECTION ( 'NONE',  ( 0.000000000000000000, -1.000000000000000000, -1.388137082217730142E-12 ) ) ;
#1646 = AXIS2_PLACEMENT_3D ( 'NONE', #2214, #7085, #4350 ) ;
#1647 = FACE_OUTER_BOUND ( 'NONE', #3076, .T. ) ;
#1648 = ORIENTED_EDGE ( 'NONE', *, *, #4740, .T. ) ;
#1649 = EDGE_LOOP ( 'NONE', ( #1880, #5040, #6953, #2412 ) ) ;
#1650 = AXIS2_PLACEMENT_3D ( 'NONE', #5893, #284, #5207 ) ;
#1651 = FACE_OUTER_BOUND ( 'NONE', #2486, .T. ) ;
#1652 = DIRECTION ( 'NONE',  ( 0.000000000000000000, 0.000000000000000000, 1.000000000000000000 ) ) ;
#1653 = CARTESIAN_POINT ( 'NONE',  ( 49.89837195540965098, 34.56110455254762570, -16.85804249209377659 ) ) ;
#1654 = DIRECTION ( 'NONE',  ( 0.7071067811865475727, -0.7071067811865475727, 0.000000000000000000 ) ) ;
#1655 = EDGE_CURVE ( 'NONE', #1277, #1416, #4699, .T. ) ;
#1656 = DIRECTION ( 'NONE',  ( -1.000000000000000000, 0.000000000000000000, 0.000000000000000000 ) ) ;
#1657 = ORIENTED_EDGE ( 'NONE', *, *, #1854, .T. ) ;
#1658 = CARTESIAN_POINT ( 'NONE',  ( -43.41346557064109390, 23.80859340615770137, -22.22900000001819976 ) ) ;
#1659 = VECTOR ( 'NONE', #2896, 1000.000000000000000 ) ;
#1660 = DIRECTION ( 'NONE',  ( -0.7071067811865475727, -0.7071067811865475727, 0.000000000000000000 ) ) ;
#1661 = DIRECTION ( 'NONE',  ( 0.000000000000000000, 1.000000000000000000, 6.925824587419099363E-13 ) ) ;
#1662 = DIRECTION ( 'NONE',  ( -0.7071067811865475727, 0.7071067811865475727, 0.000000000000000000 ) ) ;
#1663 = EDGE_CURVE ( 'NONE', #6165, #4596, #4985, .T. ) ;
#1664 = ORIENTED_EDGE ( 'NONE', *, *, #2559, .T. ) ;
#1665 = CIRCLE ( 'NONE', #45, 0.4999999999999982236 ) ;
#1666 = EDGE_LOOP ( 'NONE', ( #2620, #4940, #1749, #2476 ) ) ;
#1667 = ORIENTED_EDGE ( 'NONE', *, *, #1323, .F. ) ;
#1668 = DIRECTION ( 'NONE',  ( -3.462970525474364994E-13, 3.462970525474380140E-13, -1.000000000000000000 ) ) ;
#1669 = CARTESIAN_POINT ( 'NONE',  ( 17.06538622825639706, 22.80859340615770137, -21.22900000001820331 ) ) ;
#1670 = VECTOR ( 'NONE', #2740, 1000.000000000000000 ) ;
#1671 = CARTESIAN_POINT ( 'NONE',  ( 33.48432584710617022, 23.95504001556442475, -22.22900000001819976 ) ) ;
#1672 = FACE_OUTER_BOUND ( 'NONE', #5384, .T. ) ;
#1673 = EDGE_CURVE ( 'NONE', #2014, #7108, #5126, .T. ) ;
#1674 = ORIENTED_EDGE ( 'NONE', *, *, #674, .T. ) ;
#1675 = VERTEX_POINT ( 'NONE', #5342 ) ;
#1676 = VECTOR ( 'NONE', #6343, 1000.000000000000000 ) ;
#1677 = VECTOR ( 'NONE', #4326, 1000.000000000000114 ) ;
#1678 = VECTOR ( 'NONE', #719, 1000.000000000000000 ) ;
#1679 = ORIENTED_EDGE ( 'NONE', *, *, #4942, .T. ) ;
#1680 = CARTESIAN_POINT ( 'NONE',  ( 1.294117030180939931, 14.63620911501089950, -11.21557455741150022 ) ) ;
#1681 = DIRECTION ( 'NONE',  ( 0.000000000000000000, 0.000000000000000000, -1.000000000000000000 ) ) ;
#1682 = CARTESIAN_POINT ( 'NONE',  ( -8.282693114128230505, 24.30859340615769781, -22.22900000001819976 ) ) ;
#1683 = CIRCLE ( 'NONE', #300, 0.4999999999999994449 ) ;
#1684 = ADVANCED_FACE ( 'NONE', ( #1411 ), #6429, .F. ) ;
#1685 = ORIENTED_EDGE ( 'NONE', *, *, #4286, .F. ) ;
#1686 = ORIENTED_EDGE ( 'NONE', *, *, #6550, .T. ) ;
#1687 = AXIS2_PLACEMENT_3D ( 'NONE', #3269, #4368, #2769 ) ;
#1688 = CARTESIAN_POINT ( 'NONE',  ( -52.27705161184999838, 25.06985295533930014, -21.22900000000070264 ) ) ;
#1689 = CYLINDRICAL_SURFACE ( 'NONE', #6474, 0.4999999999999996114 ) ;
#1690 = EDGE_CURVE ( 'NONE', #4670, #3943, #6973, .T. ) ;
#1691 = CARTESIAN_POINT ( 'NONE',  ( 50.77705161184999838, 18.12693592926860120, -14.28608297392730009 ) ) ;
#1692 = DIRECTION ( 'NONE',  ( -1.000000000000000000, 2.737730815125490285E-16, 1.318509432547169746E-16 ) ) ;
#1693 = ORIENTED_EDGE ( 'NONE', *, *, #4708, .F. ) ;
#1694 = AXIS2_PLACEMENT_3D ( 'NONE', #2139, #7123, #2213 ) ;
#1695 = DIRECTION ( 'NONE',  ( 3.462854061944730330E-13, 3.462854061944730330E-13, -1.000000000000000000 ) ) ;
#1696 = EDGE_CURVE ( 'NONE', #449, #86, #1520, .T. ) ;
#1697 = CARTESIAN_POINT ( 'NONE',  ( -52.27705161184999838, 17.91689980026690066, 5.551115123125779744E-16 ) ) ;
#1698 = LINE ( 'NONE', #3421, #4128 ) ;
#1699 = AXIS2_PLACEMENT_3D ( 'NONE', #245, #2626, #6249 ) ;
#1700 = DIRECTION ( 'NONE',  ( -1.000000000000000000, 0.000000000000000000, 0.000000000000000000 ) ) ;
#1701 = ORIENTED_EDGE ( 'NONE', *, *, #6650, .T. ) ;
#1702 = EDGE_LOOP ( 'NONE', ( #1631, #1398, #1274, #966 ) ) ;
#1703 = CARTESIAN_POINT ( 'NONE',  ( 47.77705161185000549, 26.12999999999999901, -8.426937939554479229 ) ) ;
#1704 = EDGE_CURVE ( 'NONE', #1789, #929, #2567, .T. ) ;
#1705 = DIRECTION ( 'NONE',  ( 0.7071067811865475727, -0.7071067811865475727, 0.000000000000000000 ) ) ;
#1706 = CARTESIAN_POINT ( 'NONE',  ( -10.28269311412819853, 22.80859340615770137, -21.22900000001820331 ) ) ;
#1707 = DIRECTION ( 'NONE',  ( -0.7071067811865475727, 0.7071067811865475727, 0.000000000000000000 ) ) ;
#1708 = DIRECTION ( 'NONE',  ( -1.000000000000000000, 4.382936264622200080E-16, -1.110223024624999878E-16 ) ) ;
#1709 = ORIENTED_EDGE ( 'NONE', *, *, #476, .T. ) ;
#1710 = CIRCLE ( 'NONE', #6791, 10.80206206044549866 ) ;
#1711 = AXIS2_PLACEMENT_3D ( 'NONE', #283, #1540, #5712 ) ;
#1712 = ORIENTED_EDGE ( 'NONE', *, *, #931, .T. ) ;
#1713 = EDGE_CURVE ( 'NONE', #1998, #3427, #3480, .T. ) ;
#1714 = EDGE_LOOP ( 'NONE', ( #4544, #3517, #4898, #5755 ) ) ;
#1715 = FACE_OUTER_BOUND ( 'NONE', #1834, .T. ) ;
#1716 = FACE_OUTER_BOUND ( 'NONE', #5707, .T. ) ;
#1717 = DIRECTION ( 'NONE',  ( 0.000000000000000000, -0.9998476951563913806, -0.01745240643728369206 ) ) ;
#1718 = ORIENTED_EDGE ( 'NONE', *, *, #3718, .T. ) ;
#1719 = ORIENTED_EDGE ( 'NONE', *, *, #6469, .T. ) ;
#1720 = VECTOR ( 'NONE', #1681, 1000.000000000000000 ) ;
#1721 = EDGE_CURVE ( 'NONE', #5737, #731, #2024, .T. ) ;
#1722 = VECTOR ( 'NONE', #6377, 1000.000000000000000 ) ;
#1723 = DIRECTION ( 'NONE',  ( 0.000000000000000000, -1.000000000000000000, 0.000000000000000000 ) ) ;
#1724 = CARTESIAN_POINT ( 'NONE',  ( 49.89837195540965098, 32.89536400415707362, -18.52378304048961866 ) ) ;
#1725 = CARTESIAN_POINT ( 'NONE',  ( 49.89837195540964387, 16.62693592926830632, -15.78608297392700521 ) ) ;
#1726 = CYLINDRICAL_SURFACE ( 'NONE', #2349, 0.4999999999999982236 ) ;
#1727 = ORIENTED_EDGE ( 'NONE', *, *, #17, .T. ) ;
#1728 = VECTOR ( 'NONE', #5798, 1000.000000000000000 ) ;
#1729 = DIRECTION ( 'NONE',  ( -3.462854061944735379E-13, -3.462854061944750020E-13, 1.000000000000000000 ) ) ;
#1730 = CARTESIAN_POINT ( 'NONE',  ( 48.77705161185000549, 16.17935206173349627, 5.762286157445590701E-13 ) ) ;
#1731 = CYLINDRICAL_SURFACE ( 'NONE', #262, 0.5000000000000006661 ) ;
#1732 = EDGE_LOOP ( 'NONE', ( #4352, #6581, #3321, #2774 ) ) ;
#1733 = VERTEX_POINT ( 'NONE', #1914 ) ;
#1734 = EDGE_CURVE ( 'NONE', #199, #799, #479, .T. ) ;
#1735 = EDGE_LOOP ( 'NONE', ( #5635, #6290, #3962, #3124 ) ) ;
#1736 = CARTESIAN_POINT ( 'NONE',  ( 47.18582856059130393, 26.37999999999999901, -22.22900000001819976 ) ) ;
#1737 = PLANE ( 'NONE',  #5387 ) ;
#1738 = DIRECTION ( 'NONE',  ( -1.000000000000000000, -5.648998402601620749E-31, -1.156261550539350063E-16 ) ) ;
#1739 = DIRECTION ( 'NONE',  ( -1.000000000000000000, 1.418895223102129704E-16, 1.164635296342740053E-17 ) ) ;
#1740 = ORIENTED_EDGE ( 'NONE', *, *, #5753, .F. ) ;
#1741 = ORIENTED_EDGE ( 'NONE', *, *, #1570, .T. ) ;
#1742 = EDGE_CURVE ( 'NONE', #4754, #662, #3823, .T. ) ;
#1743 = DIRECTION ( 'NONE',  ( 0.000000000000000000, 1.000000000000000000, 0.000000000000000000 ) ) ;
#1744 = ORIENTED_EDGE ( 'NONE', *, *, #3525, .F. ) ;
#1745 = DIRECTION ( 'NONE',  ( 0.000000000000000000, 0.000000000000000000, -1.000000000000000000 ) ) ;
#1746 = CARTESIAN_POINT ( 'NONE',  ( -1.000000000000000000, 29.45140659384229664, -21.22900000001820331 ) ) ;
#1747 = CARTESIAN_POINT ( 'NONE',  ( -17.71183283766312755, 22.45504001556442830, -22.22900000001819976 ) ) ;
#1748 = ORIENTED_EDGE ( 'NONE', *, *, #5202, .F. ) ;
#1749 = ORIENTED_EDGE ( 'NONE', *, *, #4532, .T. ) ;
#1750 = EDGE_CURVE ( 'NONE', #6868, #5522, #2569, .T. ) ;
#1751 = ORIENTED_EDGE ( 'NONE', *, *, #1897, .T. ) ;
#1752 = CARTESIAN_POINT ( 'NONE',  ( -49.98415839303654451, 36.78786243161604119, 0.000000000000000000 ) ) ;
#1753 = DIRECTION ( 'NONE',  ( 7.850462293419309707E-17, 0.7071067811864090169, -0.7071067811866860175 ) ) ;
#1754 = DIRECTION ( 'NONE',  ( 0.000000000000000000, -0.9205050619258732247, -0.3907306373562791646 ) ) ;
#1755 = CARTESIAN_POINT ( 'NONE',  ( 16.06538622825639706, 29.45140659384229664, -22.22900000001819976 ) ) ;
#1756 = CARTESIAN_POINT ( 'NONE',  ( -44.66346557064109390, 26.88000000000000256, -22.22900000001819976 ) ) ;
#1757 = EDGE_CURVE ( 'NONE', #2716, #3358, #1057, .T. ) ;
#1758 = ORIENTED_EDGE ( 'NONE', *, *, #4879, .F. ) ;
#1759 = AXIS2_PLACEMENT_3D ( 'NONE', #1337, #2351, #6135 ) ;
#1760 =( BOUNDED_CURVE ( )  B_SPLINE_CURVE ( 3, ( #3021, #517, #4967, #1059 ),
 .UNSPECIFIED., .F., .F. ) 
 B_SPLINE_CURVE_WITH_KNOTS ( ( 4, 4 ),
 ( 6.214302259475028123, 7.628949075965717697 ),
 .UNSPECIFIED. ) 
 CURVE ( )  GEOMETRIC_REPRESENTATION_ITEM ( )  RATIONAL_B_SPLINE_CURVE ( ( 1.000000000000000000, 0.8400692335328169280, 0.8400692335328169280, 1.000000000000000000 ) ) 
 REPRESENTATION_ITEM ( '' )  );
#1761 = FACE_OUTER_BOUND ( 'NONE', #3948, .T. ) ;
#1762 = DIRECTION ( 'NONE',  ( -3.462970525474364994E-13, 3.462970525474364994E-13, -1.000000000000000000 ) ) ;
#1763 = AXIS2_PLACEMENT_3D ( 'NONE', #2419, #1870, #5563 ) ;
#1764 = FACE_OUTER_BOUND ( 'NONE', #554, .T. ) ;
#1765 = CARTESIAN_POINT ( 'NONE',  ( -27.34807934238470040, 22.30859340615769781, -21.22900000000259979 ) ) ;
#1766 = ADVANCED_FACE ( 'NONE', ( #324 ), #5280, .F. ) ;
#1767 = VERTEX_POINT ( 'NONE', #2995 ) ;
#1768 = ORIENTED_EDGE ( 'NONE', *, *, #555, .F. ) ;
#1769 = ORIENTED_EDGE ( 'NONE', *, *, #5738, .T. ) ;
#1770 = AXIS2_PLACEMENT_3D ( 'NONE', #6009, #3730, #2722 ) ;
#1771 = LINE ( 'NONE', #1267, #1552 ) ;
#1772 = DIRECTION ( 'NONE',  ( 0.000000000000000000, 0.000000000000000000, 1.000000000000000000 ) ) ;
#1773 = VECTOR ( 'NONE', #1874, 1000.000000000000114 ) ;
#1774 = EDGE_CURVE ( 'NONE', #77, #4248, #6942, .T. ) ;
#1775 = ORIENTED_EDGE ( 'NONE', *, *, #6940, .F. ) ;
#1776 = ORIENTED_EDGE ( 'NONE', *, *, #1427, .T. ) ;
#1777 = CIRCLE ( 'NONE', #1442, 0.4999999999999982236 ) ;
#1778 = CYLINDRICAL_SURFACE ( 'NONE', #4675, 0.5000000000000006661 ) ;
#1779 = VERTEX_POINT ( 'NONE', #5205 ) ;
#1780 = DIRECTION ( 'NONE',  ( 0.7071067811865475727, 0.7071067811865475727, 0.000000000000000000 ) ) ;
#1781 = ADVANCED_FACE ( 'NONE', ( #2601 ), #244, .F. ) ;
#1782 = CARTESIAN_POINT ( 'NONE',  ( -52.27705161184999838, 16.17935206173352114, -4.675351775830197861E-18 ) ) ;
#1783 = VERTEX_POINT ( 'NONE', #6358 ) ;
#1784 = CIRCLE ( 'NONE', #6409, 0.4999999999999982236 ) ;
#1785 = VECTOR ( 'NONE', #2479, 1000.000000000000000 ) ;
#1786 = ORIENTED_EDGE ( 'NONE', *, *, #1904, .T. ) ;
#1787 = DIRECTION ( 'NONE',  ( 7.806255641895626008E-16, 0.01745240643589234322, 0.9998476951564155835 ) ) ;
#1788 = VECTOR ( 'NONE', #5475, 1000.000000000000000 ) ;
#1789 = VERTEX_POINT ( 'NONE', #3575 ) ;
#1790 = CARTESIAN_POINT ( 'NONE',  ( 42.91346557064109390, 25.37999999999999901, -22.22900000001819976 ) ) ;
#1791 = CARTESIAN_POINT ( 'NONE',  ( 4.250000000000000000, 20.82721226822379990, -21.22900000000370113 ) ) ;
#1792 = VECTOR ( 'NONE', #559, 1000.000000000000000 ) ;
#1793 = EDGE_CURVE ( 'NONE', #4282, #3387, #5786, .T. ) ;
#1794 = DIRECTION ( 'NONE',  ( 0.000000000000000000, -0.01745240643728380309, 0.9998476951563912696 ) ) ;
#1795 = DIRECTION ( 'NONE',  ( 0.000000000000000000, 0.000000000000000000, -1.000000000000000000 ) ) ;
#1796 = DIRECTION ( 'NONE',  ( -1.000000000000000000, 0.000000000000000000, 0.000000000000000000 ) ) ;
#1797 = CARTESIAN_POINT ( 'NONE',  ( 50.77705161184999838, 16.17935206173349627, 5.764506603494829907E-13 ) ) ;
#1798 = ORIENTED_EDGE ( 'NONE', *, *, #4333, .F. ) ;
#1799 = PLANE ( 'NONE',  #3746 ) ;
#1800 = EDGE_CURVE ( 'NONE', #614, #6868, #4190, .T. ) ;
#1801 = DIRECTION ( 'NONE',  ( 0.000000000000000000, 6.806472400873124627E-13, -1.000000000000000000 ) ) ;
#1802 = AXIS2_PLACEMENT_3D ( 'NONE', #6079, #1050, #7055 ) ;
#1803 = DIRECTION ( 'NONE',  ( 0.000000000000000000, 0.000000000000000000, -1.000000000000000000 ) ) ;
#1804 = DIRECTION ( 'NONE',  ( 0.000000000000000000, 0.000000000000000000, -1.000000000000000000 ) ) ;
#1805 = ORIENTED_EDGE ( 'NONE', *, *, #5801, .T. ) ;
#1806 = VERTEX_POINT ( 'NONE', #4710 ) ;
#1807 = DIRECTION ( 'NONE',  ( 0.000000000000000000, 0.000000000000000000, 1.000000000000000000 ) ) ;
#1808 = AXIS2_PLACEMENT_3D ( 'NONE', #5790, #5315, #3619 ) ;
#1809 = ORIENTED_EDGE ( 'NONE', *, *, #4599, .T. ) ;
#1810 = DIRECTION ( 'NONE',  ( -0.7071067811865441310, 0.7071067811865510144, 0.000000000000000000 ) ) ;
#1811 = EDGE_CURVE ( 'NONE', #3999, #1783, #5922, .T. ) ;
#1812 = DIRECTION ( 'NONE',  ( -1.000000000000000000, -5.056412698010379758E-16, 0.000000000000000000 ) ) ;
#1813 = CARTESIAN_POINT ( 'NONE',  ( 42.91346557064109390, 25.87999999999999901, -21.22900000000370113 ) ) ;
#1814 = DIRECTION ( 'NONE',  ( 0.000000000000000000, 0.000000000000000000, 1.000000000000000000 ) ) ;
#1815 = DIRECTION ( 'NONE',  ( -4.735795089416681396E-16, -0.01745240643728340410, 0.9998476951563912696 ) ) ;
#1816 = VERTEX_POINT ( 'NONE', #6534 ) ;
#1817 = ORIENTED_EDGE ( 'NONE', *, *, #1742, .F. ) ;
#1818 = VERTEX_POINT ( 'NONE', #3245 ) ;
#1819 = CARTESIAN_POINT ( 'NONE',  ( 1.254289007791670629, 14.17252605949494360, -11.67081093643641765 ) ) ;
#1820 = ORIENTED_EDGE ( 'NONE', *, *, #6098, .T. ) ;
#1821 = DIRECTION ( 'NONE',  ( -1.138486789604640292E-16, 0.01745240643589300936, 0.9998476951564154724 ) ) ;
#1822 = DIRECTION ( 'NONE',  ( 0.7071067811865489050, 0.7069990853988398216, -0.01234071493884437640 ) ) ;
#1823 = VECTOR ( 'NONE', #667, 1000.000000000000000 ) ;
#1824 = DIRECTION ( 'NONE',  ( -3.462854061944730330E-13, -3.462854061944730330E-13, 1.000000000000000000 ) ) ;
#1825 = EDGE_LOOP ( 'NONE', ( #378, #2879, #6946, #2330 ) ) ;
#1826 = ORIENTED_EDGE ( 'NONE', *, *, #5784, .T. ) ;
#1827 = FACE_OUTER_BOUND ( 'NONE', #2396, .T. ) ;
#1828 = VERTEX_POINT ( 'NONE', #5992 ) ;
#1829 = DIRECTION ( 'NONE',  ( 0.000000000000000000, 0.000000000000000000, -1.000000000000000000 ) ) ;
#1830 = DIRECTION ( 'NONE',  ( 0.000000000000000000, 0.000000000000000000, -1.000000000000000000 ) ) ;
#1831 = DIRECTION ( 'NONE',  ( 3.462854061944730330E-13, 3.462854061944730330E-13, -1.000000000000000000 ) ) ;
#1832 = DIRECTION ( 'NONE',  ( -7.667477763817486371E-16, 0.01745240643589233975, 0.9998476951564154724 ) ) ;
#1833 = DIRECTION ( 'NONE',  ( 0.7071067811865475727, -0.7071067811865475727, 0.000000000000000000 ) ) ;
#1834 = EDGE_LOOP ( 'NONE', ( #4143, #644, #5718, #5982 ) ) ;
#1835 = ADVANCED_FACE ( 'NONE', ( #2167 ), #3865, .T. ) ;
#1836 = VECTOR ( 'NONE', #3489, 1000.000000000000000 ) ;
#1837 = CARTESIAN_POINT ( 'NONE',  ( -8.782693114128230505, 21.94290283719080037, -21.22900000000290177 ) ) ;
#1838 = CARTESIAN_POINT ( 'NONE',  ( 16.56538622825639706, 29.45140659384229664, -21.22900000000370113 ) ) ;
#1839 = FACE_OUTER_BOUND ( 'NONE', #1463, .T. ) ;
#1840 = CARTESIAN_POINT ( 'NONE',  ( -36.13077245651289360, 29.45140659384229664, -21.22900000001820331 ) ) ;
#1841 = ORIENTED_EDGE ( 'NONE', *, *, #2821, .F. ) ;
#1842 = CIRCLE ( 'NONE', #678, 0.5000000000000006661 ) ;
#1843 = ORIENTED_EDGE ( 'NONE', *, *, #3789, .T. ) ;
#1844 = EDGE_CURVE ( 'NONE', #4573, #2446, #6026, .T. ) ;
#1845 = DIRECTION ( 'NONE',  ( 0.000000000000000000, 0.000000000000000000, 1.000000000000000000 ) ) ;
#1846 = VERTEX_POINT ( 'NONE', #4376 ) ;
#1847 = AXIS2_PLACEMENT_3D ( 'NONE', #1885, #4533, #5721 ) ;
#1848 = CARTESIAN_POINT ( 'NONE',  ( 43.76701896123437763, 29.80495998443556616, -22.22900000001819976 ) ) ;
#1849 = CARTESIAN_POINT ( 'NONE',  ( -51.39837195540964387, 14.14246470897872854, -4.855675285759941673 ) ) ;
#1850 = LINE ( 'NONE', #6182, #5687 ) ;
#1851 = CARTESIAN_POINT ( 'NONE',  ( -49.27705161185000549, 16.33895830418149941, -9.143835505874799097 ) ) ;
#1852 = ORIENTED_EDGE ( 'NONE', *, *, #5983, .T. ) ;
#1853 = ORIENTED_EDGE ( 'NONE', *, *, #4468, .F. ) ;
#1854 = EDGE_CURVE ( 'NONE', #6780, #222, #3838, .T. ) ;
#1855 = ORIENTED_EDGE ( 'NONE', *, *, #2202, .F. ) ;
#1856 = ORIENTED_EDGE ( 'NONE', *, *, #241, .T. ) ;
#1857 = CARTESIAN_POINT ( 'NONE',  ( -1.353553390593274619, 29.80495998443556971, -21.22900000000370113 ) ) ;
#1858 = DIRECTION ( 'NONE',  ( 3.462970525474364994E-13, -3.462970525474430123E-13, 1.000000000000000000 ) ) ;
#1859 = VECTOR ( 'NONE', #3420, 1000.000000000000000 ) ;
#1860 = ORIENTED_EDGE ( 'NONE', *, *, #538, .T. ) ;
#1861 = ORIENTED_EDGE ( 'NONE', *, *, #3841, .T. ) ;
#1862 = EDGE_CURVE ( 'NONE', #6261, #5365, #489, .T. ) ;
#1863 = CARTESIAN_POINT ( 'NONE',  ( -52.27705161185000549, 23.92959616860563443, -21.22900000000149490 ) ) ;
#1864 = EDGE_LOOP ( 'NONE', ( #459, #3786, #3136, #2827 ) ) ;
#1865 = CARTESIAN_POINT ( 'NONE',  ( 6.774954366500289815, 36.97100724315470188, -6.290038082707299694 ) ) ;
#1866 = CARTESIAN_POINT ( 'NONE',  ( 8.282693114128209189, 29.45140659384229664, -22.22900000001819976 ) ) ;
#1867 = CARTESIAN_POINT ( 'NONE',  ( -25.84807934238470040, 23.80859340615770137, -21.22900000001820331 ) ) ;
#1868 = VECTOR ( 'NONE', #4160, 1000.000000000000000 ) ;
#1869 = FACE_OUTER_BOUND ( 'NONE', #5247, .T. ) ;
#1870 = DIRECTION ( 'NONE',  ( -1.000000000000000000, 1.291768391375275873E-16, -8.912194580865548829E-18 ) ) ;
#1871 =( BOUNDED_CURVE ( )  B_SPLINE_CURVE ( 3, ( #4200, #823, #5246, #3035 ),
 .UNSPECIFIED., .F., .F. ) 
 B_SPLINE_CURVE_WITH_KNOTS ( ( 4, 4 ),
 ( 1.570796326794883457, 2.356194490192335067 ),
 .UNSPECIFIED. ) 
 CURVE ( )  GEOMETRIC_REPRESENTATION_ITEM ( )  RATIONAL_B_SPLINE_CURVE ( ( 1.000000000000000000, 0.9492530216741906779, 0.9492530216741906779, 1.000000000000000000 ) ) 
 REPRESENTATION_ITEM ( '' )  );
#1872 = ORIENTED_EDGE ( 'NONE', *, *, #3932, .T. ) ;
#1873 = AXIS2_PLACEMENT_3D ( 'NONE', #4197, #2538, #4124 ) ;
#1874 = DIRECTION ( 'NONE',  ( -1.110053932280860080E-16, -0.01745240643728400085, 0.9998476951563911586 ) ) ;
#1875 = DIRECTION ( 'NONE',  ( -1.000000000000000000, 2.795780638008489905E-16, 1.343150083893541848E-16 ) ) ;
#1876 = ADVANCED_FACE ( 'NONE', ( #5379 ), #5452, .T. ) ;
#1877 = DIRECTION ( 'NONE',  ( -2.033271832533279793E-16, -1.000000000000000000, 0.000000000000000000 ) ) ;
#1878 = FACE_OUTER_BOUND ( 'NONE', #5597, .T. ) ;
#1879 = AXIS2_PLACEMENT_3D ( 'NONE', #1233, #5216, #5724 ) ;
#1880 = ORIENTED_EDGE ( 'NONE', *, *, #5655, .T. ) ;
#1881 = ORIENTED_EDGE ( 'NONE', *, *, #3122, .T. ) ;
#1882 = VERTEX_POINT ( 'NONE', #4911 ) ;
#1883 = ORIENTED_EDGE ( 'NONE', *, *, #4294, .F. ) ;
#1884 = CIRCLE ( 'NONE', #6494, 0.4999999999999982236 ) ;
#1885 = CARTESIAN_POINT ( 'NONE',  ( -27.09807934238470040, 29.95140659384229664, -21.22900000001820331 ) ) ;
#1886 = EDGE_CURVE ( 'NONE', #5775, #4184, #4070, .T. ) ;
#1887 = CARTESIAN_POINT ( 'NONE',  ( -10.13624650472150535, 22.45504001556442830, -21.22900000001820331 ) ) ;
#1888 = DIRECTION ( 'NONE',  ( 0.000000000000000000, 0.000000000000000000, 1.000000000000000000 ) ) ;
#1889 = ORIENTED_EDGE ( 'NONE', *, *, #1750, .F. ) ;
#1890 = EDGE_CURVE ( 'NONE', #3541, #3849, #5681, .T. ) ;
#1891 = VERTEX_POINT ( 'NONE', #7113 ) ;
#1892 = VERTEX_POINT ( 'NONE', #4303 ) ;
#1893 = CARTESIAN_POINT ( 'NONE',  ( 6.782693114128210077, 28.45140659384229664, -21.22899999999840048 ) ) ;
#1894 = LINE ( 'NONE', #4104, #1785 ) ;
#1895 = CARTESIAN_POINT ( 'NONE',  ( -10.28269311412819853, 21.94290283719080037, -21.22900000000290177 ) ) ;
#1896 = AXIS2_PLACEMENT_3D ( 'NONE', #6731, #617, #3992 ) ;
#1897 = EDGE_CURVE ( 'NONE', #3978, #5372, #19, .T. ) ;
#1898 = CARTESIAN_POINT ( 'NONE',  ( 16.81538622825639706, 23.80859340615770137, -21.22900000001820331 ) ) ;
#1899 = CYLINDRICAL_SURFACE ( 'NONE', #6199, 0.4999999999999994449 ) ;
#1900 = ORIENTED_EDGE ( 'NONE', *, *, #1633, .T. ) ;
#1901 = EDGE_LOOP ( 'NONE', ( #4716, #1493, #3601, #5324 ) ) ;
#1902 = LINE ( 'NONE', #4113, #3877 ) ;
#1903 = CARTESIAN_POINT ( 'NONE',  ( 44.41346557064109390, 27.38000000000000256, -21.22900000000370113 ) ) ;
#1904 = EDGE_CURVE ( 'NONE', #346, #1991, #1546, .T. ) ;
#1905 = CARTESIAN_POINT ( 'NONE',  ( 48.77705161185000549, 16.33895830418149941, -9.143835505874807978 ) ) ;
#1906 = VECTOR ( 'NONE', #525, 1000.000000000000000 ) ;
#1907 = DIRECTION ( 'NONE',  ( 3.462970525474364994E-13, -3.462970525474364994E-13, 1.000000000000000000 ) ) ;
#1908 = CARTESIAN_POINT ( 'NONE',  ( 49.89837195540965098, 30.19014704465804755, -21.22899999999722098 ) ) ;
#1909 = ORIENTED_EDGE ( 'NONE', *, *, #3535, .F. ) ;
#1910 = CARTESIAN_POINT ( 'NONE',  ( -26.34807934238470040, 23.05859340615770137, -21.22900000001820331 ) ) ;
#1911 = EDGE_CURVE ( 'NONE', #5487, #5074, #3597, .T. ) ;
#1912 = CARTESIAN_POINT ( 'NONE',  ( -43.41346557064109390, 24.30859340615769781, -21.22900000000370113 ) ) ;
#1913 = CIRCLE ( 'NONE', #5726, 0.5000000000000006661 ) ;
#1914 = CARTESIAN_POINT ( 'NONE',  ( 50.77705161184999838, 16.17935206173349627, 5.764506603494829907E-13 ) ) ;
#1915 = FACE_OUTER_BOUND ( 'NONE', #6375, .T. ) ;
#1916 =( BOUNDED_CURVE ( )  B_SPLINE_CURVE ( 3, ( #266, #2482, #1937, #1395 ),
 .UNSPECIFIED., .F., .F. ) 
 B_SPLINE_CURVE_WITH_KNOTS ( ( 4, 4 ),
 ( 5.497787143782140618, 6.283185307179586232 ),
 .UNSPECIFIED. ) 
 CURVE ( )  GEOMETRIC_REPRESENTATION_ITEM ( )  RATIONAL_B_SPLINE_CURVE ( ( 1.000000000000000000, 0.9492530216741915661, 0.9492530216741915661, 1.000000000000000000 ) ) 
 REPRESENTATION_ITEM ( '' )  );
#1917 = DIRECTION ( 'NONE',  ( 0.000000000000000000, 0.000000000000000000, -1.000000000000000000 ) ) ;
#1918 = TOROIDAL_SURFACE ( 'NONE', #5497, 9.802062060453851089, 3.000000000000000000 ) ;
#1919 = EDGE_LOOP ( 'NONE', ( #4120, #3394, #6830, #1664 ) ) ;
#1920 = VERTEX_POINT ( 'NONE', #6062 ) ;
#1921 = EDGE_LOOP ( 'NONE', ( #4487, #4788, #1424, #6924 ) ) ;
#1922 = EDGE_CURVE ( 'NONE', #2902, #3552, #5793, .T. ) ;
#1923 = ORIENTED_EDGE ( 'NONE', *, *, #3445, .T. ) ;
#1924 = AXIS2_PLACEMENT_3D ( 'NONE', #6203, #629, #4517 ) ;
#1925 = DIRECTION ( 'NONE',  ( 1.378708277442880444E-16, 0.9998476951563912696, 0.01745240643728280389 ) ) ;
#1926 = DIRECTION ( 'NONE',  ( -3.462854061944735379E-13, -3.462854061944794954E-13, 1.000000000000000000 ) ) ;
#1927 = CARTESIAN_POINT ( 'NONE',  ( 7.386414366931567166, 16.18439691257180257, -13.27905786869839133 ) ) ;
#1928 = CARTESIAN_POINT ( 'NONE',  ( 26.34807934238460092, 24.30859340615769781, -22.22900000001819976 ) ) ;
#1929 = VERTEX_POINT ( 'NONE', #2130 ) ;
#1930 = ORIENTED_EDGE ( 'NONE', *, *, #5255, .F. ) ;
#1931 = EDGE_CURVE ( 'NONE', #3094, #3988, #2633, .T. ) ;
#1932 = VECTOR ( 'NONE', #759, 1000.000000000000000 ) ;
#1933 = ORIENTED_EDGE ( 'NONE', *, *, #4229, .F. ) ;
#1934 = DIRECTION ( 'NONE',  ( 0.7071067811865475727, -0.7071067811865475727, 0.000000000000000000 ) ) ;
#1935 = DIRECTION ( 'NONE',  ( 0.7071067811865450192, -0.7069990853988267210, -0.01234071493982566436 ) ) ;
#1936 = CIRCLE ( 'NONE', #4935, 0.4999999999999982236 ) ;
#1937 = CARTESIAN_POINT ( 'NONE',  ( 48.58333491804407345, 31.43278773177619811, -21.22899999999636123 ) ) ;
#1938 = CARTESIAN_POINT ( 'NONE',  ( -36.48432584710617022, 29.80495998443556971, -22.22900000001819976 ) ) ;
#1939 = ORIENTED_EDGE ( 'NONE', *, *, #3515, .T. ) ;
#1940 = VECTOR ( 'NONE', #6119, 1000.000000000000000 ) ;
#1941 = VERTEX_POINT ( 'NONE', #7037 ) ;
#1942 = DIRECTION ( 'NONE',  ( 0.000000000000000000, 0.000000000000000000, 1.000000000000000000 ) ) ;
#1943 = EDGE_CURVE ( 'NONE', #2678, #5579, #3474, .T. ) ;
#1944 = VECTOR ( 'NONE', #4519, 1000.000000000000000 ) ;
#1945 = CARTESIAN_POINT ( 'NONE',  ( 4.250000000000000000, 17.07757510388659838, -17.47936283566500038 ) ) ;
#1946 = CARTESIAN_POINT ( 'NONE',  ( -44.41346557064109390, 26.37999999999999901, -21.22900000001820331 ) ) ;
#1947 = CARTESIAN_POINT ( 'NONE',  ( 24.70163273297787043, 28.30495998443557326, -22.22900000001819976 ) ) ;
#1948 = CYLINDRICAL_SURFACE ( 'NONE', #4789, 0.4999999999999982236 ) ;
#1949 = ADVANCED_FACE ( 'NONE', ( #4337 ), #1689, .F. ) ;
#1950 = EDGE_CURVE ( 'NONE', #1340, #2737, #815, .T. ) ;
#1951 = FACE_OUTER_BOUND ( 'NONE', #309, .T. ) ;
#1952 = DIRECTION ( 'NONE',  ( -3.462970525474364994E-13, 3.462970525474380140E-13, -1.000000000000000000 ) ) ;
#1953 = CARTESIAN_POINT ( 'NONE',  ( 42.41346557064109390, 29.20140659384229664, -22.22900000001819976 ) ) ;
#1954 = DIRECTION ( 'NONE',  ( 0.7071067811865475727, -0.7071067811865475727, 0.000000000000000000 ) ) ;
#1955 = DIRECTION ( 'NONE',  ( -3.462854061944730330E-13, -3.462854061944730330E-13, 1.000000000000000000 ) ) ;
#1956 = CARTESIAN_POINT ( 'NONE',  ( -49.27705161185000549, 31.39536400415470041, -17.02378304049199897 ) ) ;
#1957 = EDGE_LOOP ( 'NONE', ( #4662, #6814, #4132, #5588, #3562, #752, #4642, #1381, #3812, #650, #5995, #5766, #1266, #1013, #5673, #24, #2399, #1130, #1751, #3725, #1712, #3594, #3036, #698, #4822, #2267, #1, #6627, #7015, #3283, #2035, #5270, #3703, #4054, #5389, #1872, #2838, #6472, #2241, #3084, #5147, #839, #6288, #3975, #297, #1264, #2643, #1428, #6200, #1388, #2072, #774, #6558, #6330, #5614, #1535, #7032, #2156, #7126, #3209, #4623, #466, #4804, #2263, #1580, #1320, #2983, #6713, #6049, #5952, #197, #1196, #1741, #1237, #4010, #4034, #5056, #3259, #7049, #1701, #2991, #4583, #4372, #3728, #5245, #3944, #3143, #4345, #2420, #4201, #4927, #6685, #1485, #715, #6245, #2856, #3804, #1860, #880, #6594, #1494, #4605, #2528, #3785, #6983, #5390, #2729, #5410, #3641, #3590, #2098, #5834, #1679, #641, #6922, #2862, #2660, #5729, #5485, #6336, #3572, #3129, #2215, #6105, #1516, #3688, #5887, #184, #7097, #6671, #6539, #3467, #5257, #5220, #2181, #3434, #99, #4033, #3088, #2589, #4175, #6004, #2134, #5422 ) ) ;
#1958 = VECTOR ( 'NONE', #4293, 1000.000000000000000 ) ;
#1959 = EDGE_LOOP ( 'NONE', ( #6960, #4321, #5881, #2378 ) ) ;
#1960 = DIRECTION ( 'NONE',  ( -1.391738615630240465E-16, -0.01745240643589420632, -0.9998476951564154724 ) ) ;
#1961 = CARTESIAN_POINT ( 'NONE',  ( -8.282693114128230505, 23.80859340615770137, -21.22900000000160148 ) ) ;
#1962 = CARTESIAN_POINT ( 'NONE',  ( 48.67420119082557761, 36.59779068497937260, -9.655709855992689776E-18 ) ) ;
#1963 = VECTOR ( 'NONE', #5105, 1000.000000000000000 ) ;
#1964 = DIRECTION ( 'NONE',  ( -1.374643139734478161E-16, -0.9998476951564154724, 0.01745240643589418897 ) ) ;
#1965 = ORIENTED_EDGE ( 'NONE', *, *, #1757, .F. ) ;
#1966 = ORIENTED_EDGE ( 'NONE', *, *, #6093, .F. ) ;
#1967 = ORIENTED_EDGE ( 'NONE', *, *, #6353, .T. ) ;
#1968 = VECTOR ( 'NONE', #2750, 1000.000000000000000 ) ;
#1969 = VERTEX_POINT ( 'NONE', #3452 ) ;
#1970 = DIRECTION ( 'NONE',  ( 0.000000000000000000, -0.9998476951563912696, -0.01745240643728427840 ) ) ;
#1971 = CARTESIAN_POINT ( 'NONE',  ( 14.92403967119230046, 29.95140659384229664, -21.22899999999730269 ) ) ;
#1972 = FACE_OUTER_BOUND ( 'NONE', #4325, .T. ) ;
#1973 = EDGE_CURVE ( 'NONE', #4764, #6165, #4412, .T. ) ;
#1974 = EDGE_LOOP ( 'NONE', ( #7047, #3153, #845, #6442 ) ) ;
#1975 = ORIENTED_EDGE ( 'NONE', *, *, #5024, .T. ) ;
#1976 = DIRECTION ( 'NONE',  ( -3.462970525474364994E-13, 3.462970525474380140E-13, -1.000000000000000000 ) ) ;
#1977 = AXIS2_PLACEMENT_3D ( 'NONE', #2176, #3183, #429 ) ;
#1978 = CARTESIAN_POINT ( 'NONE',  ( -18.06538622825640061, 22.30859340615769781, -21.22900000001820331 ) ) ;
#1979 = DIRECTION ( 'NONE',  ( 3.462970525474364994E-13, -3.462970525474380140E-13, 1.000000000000000000 ) ) ;
#1980 = DIRECTION ( 'NONE',  ( -0.7071067811865475727, 0.7071067811865475727, 0.000000000000000000 ) ) ;
#1981 = DIRECTION ( 'NONE',  ( 1.000000000000000000, -9.819848845325710630E-16, -1.164635296401210053E-17 ) ) ;
#1982 = ADVANCED_FACE ( 'NONE', ( #2383 ), #1143, .T. ) ;
#1983 = CARTESIAN_POINT ( 'NONE',  ( -19.06538622825640061, 25.01430943103299853, -21.22900000000080212 ) ) ;
#1984 = CARTESIAN_POINT ( 'NONE',  ( -27.70163273297797346, 22.45504001556442830, -22.22900000001819976 ) ) ;
#1985 = DIRECTION ( 'NONE',  ( 0.000000000000000000, 0.000000000000000000, 1.000000000000000000 ) ) ;
#1986 = CARTESIAN_POINT ( 'NONE',  ( -43.91346557064109390, 26.37999999999999901, -21.22900000001820331 ) ) ;
#1987 = EDGE_CURVE ( 'NONE', #3896, #711, #4552, .T. ) ;
#1988 = DIRECTION ( 'NONE',  ( -0.7071067811865495711, 0.7071067811865455743, 0.000000000000000000 ) ) ;
#1989 = CYLINDRICAL_SURFACE ( 'NONE', #6548, 0.4999999999999982236 ) ;
#1990 = ORIENTED_EDGE ( 'NONE', *, *, #938, .F. ) ;
#1991 = VERTEX_POINT ( 'NONE', #4592 ) ;
#1992 = LINE ( 'NONE', #828, #5359 ) ;
#1993 = DIRECTION ( 'NONE',  ( -1.211666800502039861E-13, 1.000000000000000000, 0.000000000000000000 ) ) ;
#1994 = AXIS2_PLACEMENT_3D ( 'NONE', #5506, #5465, #1662 ) ;
#1995 = EDGE_CURVE ( 'NONE', #5838, #1277, #5925, .T. ) ;
#1996 = DIRECTION ( 'NONE',  ( 1.000000000000000000, -2.795780638008495329E-16, -1.343150083893547765E-16 ) ) ;
#1997 = FACE_OUTER_BOUND ( 'NONE', #4022, .T. ) ;
#1998 = VERTEX_POINT ( 'NONE', #594 ) ;
#1999 = ORIENTED_EDGE ( 'NONE', *, *, #5797, .F. ) ;
#2000 = VERTEX_POINT ( 'NONE', #3935 ) ;
#2001 = AXIS2_PLACEMENT_3D ( 'NONE', #3032, #3109, #5923 ) ;
#2002 = DIRECTION ( 'NONE',  ( 0.000000000000000000, 0.000000000000000000, 1.000000000000000000 ) ) ;
#2003 = ORIENTED_EDGE ( 'NONE', *, *, #5491, .F. ) ;
#2004 = FACE_OUTER_BOUND ( 'NONE', #2065, .T. ) ;
#2005 = ADVANCED_FACE ( 'NONE', ( #6640 ), #5593, .F. ) ;
#2006 = CARTESIAN_POINT ( 'NONE',  ( 7.753893434892780157, 35.18242489610819490, -17.47936283565239890 ) ) ;
#2007 = CIRCLE ( 'NONE', #2123, 12.80206206045379602 ) ;
#2008 = CARTESIAN_POINT ( 'NONE',  ( 4.250000000000000000, 35.53909999997630109, -4.175999999986919953 ) ) ;
#2009 = ORIENTED_EDGE ( 'NONE', *, *, #4863, .F. ) ;
#2010 = ORIENTED_EDGE ( 'NONE', *, *, #3738, .T. ) ;
#2011 =( NAMED_UNIT ( * ) PLANE_ANGLE_UNIT ( ) SI_UNIT ( $, .RADIAN. ) );
#2012 = AXIS2_PLACEMENT_3D ( 'NONE', #2861, #5731, #5146 ) ;
#2013 = EDGE_CURVE ( 'NONE', #1806, #2661, #2911, .T. ) ;
#2014 = VERTEX_POINT ( 'NONE', #666 ) ;
#2015 = DIRECTION ( 'NONE',  ( 0.000000000000000000, 0.000000000000000000, 1.000000000000000000 ) ) ;
#2016 = DIRECTION ( 'NONE',  ( -3.462854061944730330E-13, -3.462854061944730330E-13, 1.000000000000000000 ) ) ;
#2017 = DIRECTION ( 'NONE',  ( 0.000000000000000000, 0.000000000000000000, 1.000000000000000000 ) ) ;
#2018 = EDGE_LOOP ( 'NONE', ( #5323, #531, #2837, #7136 ) ) ;
#2019 = VECTOR ( 'NONE', #6436, 1000.000000000000000 ) ;
#2020 = EDGE_CURVE ( 'NONE', #2645, #3163, #6162, .T. ) ;
#2021 = CYLINDRICAL_SURFACE ( 'NONE', #6876, 0.4999999999999982236 ) ;
#2022 = AXIS2_PLACEMENT_3D ( 'NONE', #3105, #7035, #5783 ) ;
#2023 = CARTESIAN_POINT ( 'NONE',  ( 16.21183283766312400, 29.80495998443556971, -22.22900000001819976 ) ) ;
#2024 = LINE ( 'NONE', #6285, #1408 ) ;
#2025 = AXIS2_PLACEMENT_3D ( 'NONE', #2553, #6989, #1934 ) ;
#2026 = ORIENTED_EDGE ( 'NONE', *, *, #779, .T. ) ;
#2027 = EDGE_CURVE ( 'NONE', #2619, #1530, #3375, .T. ) ;
#2028 = VECTOR ( 'NONE', #6070, 1000.000000000000000 ) ;
#2029 = EDGE_LOOP ( 'NONE', ( #424, #2611, #3622, #3416 ) ) ;
#2030 = DIRECTION ( 'NONE',  ( 0.000000000000000000, 0.000000000000000000, 1.000000000000000000 ) ) ;
#2031 = DIRECTION ( 'NONE',  ( -0.9961946980917455452, -1.207056042513920793E-13, 0.08715574274765824914 ) ) ;
#2032 = VECTOR ( 'NONE', #5197, 1000.000000000000000 ) ;
#2033 = DIRECTION ( 'NONE',  ( 0.000000000000000000, 0.000000000000000000, 1.000000000000000000 ) ) ;
#2034 = CYLINDRICAL_SURFACE ( 'NONE', #1173, 0.4999999999999982236 ) ;
#2035 = ORIENTED_EDGE ( 'NONE', *, *, #2807, .T. ) ;
#2036 = VERTEX_POINT ( 'NONE', #6744 ) ;
#2037 = ADVANCED_FACE ( 'NONE', ( #5703 ), #4483, .T. ) ;
#2038 = CARTESIAN_POINT ( 'NONE',  ( 4.250000000000000000, 31.43278773177629759, -21.22899999999630083 ) ) ;
#2039 = DIRECTION ( 'NONE',  ( 0.000000000000000000, 0.000000000000000000, 1.000000000000000000 ) ) ;
#2040 = EDGE_CURVE ( 'NONE', #3914, #3002, #160, .T. ) ;
#2041 = DIRECTION ( 'NONE',  ( 0.7071067811865580088, 0.7071067811865372477, 0.000000000000000000 ) ) ;
#2042 = DIRECTION ( 'NONE',  ( 0.000000000000000000, 0.000000000000000000, -1.000000000000000000 ) ) ;
#2043 = DIRECTION ( 'NONE',  ( 0.000000000000000000, 0.000000000000000000, -1.000000000000000000 ) ) ;
#2044 = ORIENTED_EDGE ( 'NONE', *, *, #1616, .F. ) ;
#2045 = ORIENTED_EDGE ( 'NONE', *, *, #4785, .F. ) ;
#2046 = CIRCLE ( 'NONE', #6902, 0.4999999999999982236 ) ;
#2047 =( BOUNDED_CURVE ( )  B_SPLINE_CURVE ( 3, ( #73, #4497, #3470, #5646 ),
 .UNSPECIFIED., .F., .F. ) 
 B_SPLINE_CURVE_WITH_KNOTS ( ( 4, 4 ),
 ( 4.937421538393456544, 6.352068354884144341 ),
 .UNSPECIFIED. ) 
 CURVE ( )  GEOMETRIC_REPRESENTATION_ITEM ( )  RATIONAL_B_SPLINE_CURVE ( ( 1.000000000000000000, 0.8400692335328173721, 0.8400692335328173721, 1.000000000000000000 ) ) 
 REPRESENTATION_ITEM ( '' )  );
#2048 = SHAPE_DEFINITION_REPRESENTATION ( #6381, #964 ) ;
#2049 = AXIS2_PLACEMENT_3D ( 'NONE', #4846, #6975, #1514 ) ;
#2050 = FACE_OUTER_BOUND ( 'NONE', #3556, .T. ) ;
#2051 = CARTESIAN_POINT ( 'NONE',  ( 17.06538622825639706, 22.30859340615769781, -22.22900000001819976 ) ) ;
#2052 = CARTESIAN_POINT ( 'NONE',  ( 16.56538622825639706, 29.45140659384229664, -22.22900000001819976 ) ) ;
#2053 = AXIS2_PLACEMENT_3D ( 'NONE', #2498, #3499, #1954 ) ;
#2054 = ORIENTED_EDGE ( 'NONE', *, *, #4015, .F. ) ;
#2055 = ORIENTED_EDGE ( 'NONE', *, *, #328, .F. ) ;
#2056 = EDGE_CURVE ( 'NONE', #134, #3190, #737, .T. ) ;
#2057 = CARTESIAN_POINT ( 'NONE',  ( -50.27705161184999838, 35.91937396289149831, -9.239379860303220227 ) ) ;
#2058 = LINE ( 'NONE', #4776, #3991 ) ;
#2059 = CARTESIAN_POINT ( 'NONE',  ( 42.91346557064109390, 25.87999999999999901, -21.22900000001820331 ) ) ;
#2060 = FACE_OUTER_BOUND ( 'NONE', #70, .T. ) ;
#2061 = CIRCLE ( 'NONE', #3311, 0.4999999999999982236 ) ;
#2062 = ADVANCED_FACE ( 'NONE', ( #1216 ), #89, .T. ) ;
#2063 = LINE ( 'NONE', #4165, #6643 ) ;
#2064 = ORIENTED_EDGE ( 'NONE', *, *, #6900, .F. ) ;
#2065 = EDGE_LOOP ( 'NONE', ( #3890, #5072, #5093, #5577 ) ) ;
#2066 = DIRECTION ( 'NONE',  ( 0.000000000000000000, 0.000000000000000000, 1.000000000000000000 ) ) ;
#2067 = DIRECTION ( 'NONE',  ( -0.7071067811865475727, 0.7071067811865475727, 0.000000000000000000 ) ) ;
#2068 = CARTESIAN_POINT ( 'NONE',  ( 34.13077245651290070, 29.45140659384229664, -22.22900000001819976 ) ) ;
#2069 = EDGE_CURVE ( 'NONE', #2446, #3114, #5275, .T. ) ;
#2070 = VERTEX_POINT ( 'NONE', #4704 ) ;
#2071 = AXIS2_PLACEMENT_3D ( 'NONE', #1537, #4869, #4186 ) ;
#2072 = ORIENTED_EDGE ( 'NONE', *, *, #490, .T. ) ;
#2073 = ORIENTED_EDGE ( 'NONE', *, *, #3202, .F. ) ;
#2074 = FACE_OUTER_BOUND ( 'NONE', #2029, .T. ) ;
#2075 = VECTOR ( 'NONE', #1745, 1000.000000000000000 ) ;
#2076 = PLANE ( 'NONE',  #6889 ) ;
#2077 = CARTESIAN_POINT ( 'NONE',  ( -44.41346557064109390, 26.37999999999999901, -22.22900000001819976 ) ) ;
#2078 = CARTESIAN_POINT ( 'NONE',  ( 0.7461065651071909777, 17.07757510388659838, -17.47936283566500038 ) ) ;
#2079 = DIRECTION ( 'NONE',  ( 0.000000000000000000, 0.000000000000000000, 1.000000000000000000 ) ) ;
#2080 = EDGE_CURVE ( 'NONE', #669, #1562, #5780, .T. ) ;
#2081 = EDGE_LOOP ( 'NONE', ( #3435, #2596, #221, #3379 ) ) ;
#2082 = ORIENTED_EDGE ( 'NONE', *, *, #563, .F. ) ;
#2083 = AXIS2_PLACEMENT_3D ( 'NONE', #4750, #3693, #2067 ) ;
#2084 = LINE ( 'NONE', #3739, #4365 ) ;
#2085 = VERTEX_POINT ( 'NONE', #1568 ) ;
#2086 = CARTESIAN_POINT ( 'NONE',  ( 48.77705161185000549, 26.13000000000700851, -18.22900000000000276 ) ) ;
#2087 = LINE ( 'NONE', #848, #556 ) ;
#2088 = VECTOR ( 'NONE', #4953, 1000.000000000000000 ) ;
#2089 = CARTESIAN_POINT ( 'NONE',  ( -51.39837195540964387, 38.05156665351287870, -8.635015996429540763 ) ) ;
#2090 = CARTESIAN_POINT ( 'NONE',  ( 1.288168572859009986, 13.65071834463829958, -11.28356573572190058 ) ) ;
#2091 = EDGE_CURVE ( 'NONE', #723, #3002, #2650, .T. ) ;
#2092 = ORIENTED_EDGE ( 'NONE', *, *, #1596, .F. ) ;
#2093 = ORIENTED_EDGE ( 'NONE', *, *, #5309, .F. ) ;
#2094 = CARTESIAN_POINT ( 'NONE',  ( 50.77705161184999838, 26.12999999998119804, -8.426937939554100865 ) ) ;
#2095 = DIRECTION ( 'NONE',  ( 0.000000000000000000, 0.000000000000000000, 1.000000000000000000 ) ) ;
#2096 = DIRECTION ( 'NONE',  ( 0.7071067811865475727, -0.7071067811865475727, 0.000000000000000000 ) ) ;
#2097 = ADVANCED_FACE ( 'NONE', ( #1404 ), #6903, .T. ) ;
#2098 = ORIENTED_EDGE ( 'NONE', *, *, #5395, .T. ) ;
#2099 = AXIS2_PLACEMENT_3D ( 'NONE', #5566, #2918, #130 ) ;
#2100 = ORIENTED_EDGE ( 'NONE', *, *, #2080, .T. ) ;
#2101 = FACE_OUTER_BOUND ( 'NONE', #7057, .T. ) ;
#2102 = EDGE_CURVE ( 'NONE', #5362, #6571, #4632, .T. ) ;
#2103 = FACE_OUTER_BOUND ( 'NONE', #3334, .T. ) ;
#2104 = DIRECTION ( 'NONE',  ( 1.809709183378210077E-16, -0.3463330759741131137, 0.9381116140877423515 ) ) ;
#2105 = VECTOR ( 'NONE', #3263, 999.9999999999998863 ) ;
#2106 = ORIENTED_EDGE ( 'NONE', *, *, #4468, .T. ) ;
#2107 = ORIENTED_EDGE ( 'NONE', *, *, #3632, .F. ) ;
#2108 = ORIENTED_EDGE ( 'NONE', *, *, #3915, .T. ) ;
#2109 = AXIS2_PLACEMENT_3D ( 'NONE', #2068, #430, #5322 ) ;
#2110 = DIRECTION ( 'NONE',  ( -0.7071067811865492381, -0.7071067811865457964, 0.000000000000000000 ) ) ;
#2111 = EDGE_CURVE ( 'NONE', #1614, #5872, #4265, .T. ) ;
#2112 = LINE ( 'NONE', #3807, #6645 ) ;
#2113 = DIRECTION ( 'NONE',  ( 6.421291835933728679E-17, 0.9381116140877423515, 0.3463330759741131137 ) ) ;
#2114 = EDGE_CURVE ( 'NONE', #252, #5732, #3567, .T. ) ;
#2115 = DIRECTION ( 'NONE',  ( -1.000000000000000000, 0.000000000000000000, 0.000000000000000000 ) ) ;
#2116 = EDGE_LOOP ( 'NONE', ( #426, #4025, #4575, #1341 ) ) ;
#2117 = ORIENTED_EDGE ( 'NONE', *, *, #5689, .F. ) ;
#2118 = DIRECTION ( 'NONE',  ( 0.000000000000000000, 0.000000000000000000, -1.000000000000000000 ) ) ;
#2119 = EDGE_CURVE ( 'NONE', #3114, #5769, #2222, .T. ) ;
#2120 = ORIENTED_EDGE ( 'NONE', *, *, #4425, .F. ) ;
#2121 = LINE ( 'NONE', #7101, #6750 ) ;
#2122 = DIRECTION ( 'NONE',  ( 0.000000000000000000, -0.9998476951563912696, -0.01745240643728254368 ) ) ;
#2123 = AXIS2_PLACEMENT_3D ( 'NONE', #4378, #1692, #3904 ) ;
#2124 = DIRECTION ( 'NONE',  ( -1.000000000000000000, 2.795780638008489905E-16, 1.343150083893541848E-16 ) ) ;
#2125 = EDGE_LOOP ( 'NONE', ( #4992, #5945, #3897, #6885, #4423, #2961, #6460, #6732, #5283, #954, #1593, #1220 ) ) ;
#2126 = ORIENTED_EDGE ( 'NONE', *, *, #3885, .F. ) ;
#2127 = VECTOR ( 'NONE', #2646, 1000.000000000000000 ) ;
#2128 = EDGE_CURVE ( 'NONE', #1998, #5392, #981, .T. ) ;
#2129 = CARTESIAN_POINT ( 'NONE',  ( -9.532693114128230505, 29.95140659384229664, -21.22900000001820331 ) ) ;
#2130 = CARTESIAN_POINT ( 'NONE',  ( -45.41346557064109390, 22.80859340615770137, -21.22900000000230136 ) ) ;
#2131 = CIRCLE ( 'NONE', #5833, 12.80206206045379780 ) ;
#2132 = DIRECTION ( 'NONE',  ( -0.7071067811865475727, 0.7071067811865475727, 0.000000000000000000 ) ) ;
#2133 = DIRECTION ( 'NONE',  ( 0.000000000000000000, 0.000000000000000000, -1.000000000000000000 ) ) ;
#2134 = ORIENTED_EDGE ( 'NONE', *, *, #1360, .T. ) ;
#2135 = AXIS2_PLACEMENT_3D ( 'NONE', #5157, #1324, #6158 ) ;
#2136 = ORIENTED_EDGE ( 'NONE', *, *, #3113, .F. ) ;
#2137 = LINE ( 'NONE', #1041, #2248 ) ;
#2138 = DIRECTION ( 'NONE',  ( -1.000000000000000000, 2.795780638008489905E-16, 0.000000000000000000 ) ) ;
#2139 = CARTESIAN_POINT ( 'NONE',  ( -9.282693114128230505, 29.45140659384229664, -21.22900000001820331 ) ) ;
#2140 = CARTESIAN_POINT ( 'NONE',  ( -45.91346557064109390, 24.87999999999999901, -22.22900000001819976 ) ) ;
#2141 = VECTOR ( 'NONE', #6376, 1000.000000000000114 ) ;
#2142 = VERTEX_POINT ( 'NONE', #3197 ) ;
#2143 = VERTEX_POINT ( 'NONE', #236 ) ;
#2144 = ADVANCED_FACE ( 'NONE', ( #439 ), #274, .F. ) ;
#2145 = VECTOR ( 'NONE', #6132, 1000.000000000000000 ) ;
#2146 = ORIENTED_EDGE ( 'NONE', *, *, #5950, .F. ) ;
#2147 = CIRCLE ( 'NONE', #6302, 0.5000000000000006661 ) ;
#2148 = DIRECTION ( 'NONE',  ( 0.000000000000000000, 1.000000000000000000, 0.000000000000000000 ) ) ;
#2149 = ORIENTED_EDGE ( 'NONE', *, *, #1440, .T. ) ;
#2150 = DIRECTION ( 'NONE',  ( -0.7071067811865467956, 0.7069990853988423751, -0.01234071493884210564 ) ) ;
#2151 = CYLINDRICAL_SURFACE ( 'NONE', #940, 0.4999999999999982236 ) ;
#2152 = EDGE_LOOP ( 'NONE', ( #4332, #1639, #1286, #2847 ) ) ;
#2153 = VECTOR ( 'NONE', #1475, 1000.000000000000227 ) ;
#2154 = VERTEX_POINT ( 'NONE', #4319 ) ;
#2155 = EDGE_CURVE ( 'NONE', #2716, #3545, #6515, .T. ) ;
#2156 = ORIENTED_EDGE ( 'NONE', *, *, #5797, .T. ) ;
#2157 = DIRECTION ( 'NONE',  ( 1.000000000000000000, -1.286629951401411963E-16, -8.876743352170049674E-18 ) ) ;
#2158 = LINE ( 'NONE', #481, #6099 ) ;
#2159 = AXIS2_PLACEMENT_3D ( 'NONE', #6633, #2124, #6525 ) ;
#2160 = DIRECTION ( 'NONE',  ( 0.000000000000000000, 0.000000000000000000, -1.000000000000000000 ) ) ;
#2161 = DIRECTION ( 'NONE',  ( -3.700179774270071094E-16, -0.01745240643728380309, 0.9998476951563912696 ) ) ;
#2162 = ORIENTED_EDGE ( 'NONE', *, *, #4590, .T. ) ;
#2163 = VERTEX_POINT ( 'NONE', #2418 ) ;
#2164 = EDGE_CURVE ( 'NONE', #6811, #1941, #5802, .T. ) ;
#2165 = PLANE ( 'NONE',  #4100 ) ;
#2166 = DIRECTION ( 'NONE',  ( -2.926665980316640504E-16, -0.7071067811854261365, -0.7071067811876690090 ) ) ;
#2167 = FACE_OUTER_BOUND ( 'NONE', #2907, .T. ) ;
#2168 = DIRECTION ( 'NONE',  ( -2.753770829813660134E-16, -1.000000000000000000, -7.007399430880239446E-13 ) ) ;
#2169 = ADVANCED_FACE ( 'NONE', ( #4075 ), #6277, .T. ) ;
#2170 = DIRECTION ( 'NONE',  ( 0.000000000000000000, 0.000000000000000000, 1.000000000000000000 ) ) ;
#2171 = ORIENTED_EDGE ( 'NONE', *, *, #5122, .F. ) ;
#2172 = DIRECTION ( 'NONE',  ( -1.000000000000000000, 0.000000000000000000, 1.164635296333200074E-17 ) ) ;
#2173 = ORIENTED_EDGE ( 'NONE', *, *, #6360, .F. ) ;
#2174 = CARTESIAN_POINT ( 'NONE',  ( -49.27705161185000549, 37.08080026628064729, 6.201759076023511516E-16 ) ) ;
#2175 = AXIS2_PLACEMENT_3D ( 'NONE', #2844, #6677, #2238 ) ;
#2176 = CARTESIAN_POINT ( 'NONE',  ( -9.282693114128230505, 29.45140659384229664, -21.22900000000370113 ) ) ;
#2177 = CARTESIAN_POINT ( 'NONE',  ( 33.63077245651290070, 23.05859340615770137, -22.22900000001819976 ) ) ;
#2178 = DIRECTION ( 'NONE',  ( 0.000000000000000000, 1.000000000000000000, 6.925824587419099363E-13 ) ) ;
#2179 = EDGE_CURVE ( 'NONE', #1523, #2143, #5236, .T. ) ;
#2180 = EDGE_LOOP ( 'NONE', ( #3161, #6560, #2302, #5509 ) ) ;
#2181 = ORIENTED_EDGE ( 'NONE', *, *, #1551, .T. ) ;
#2182 = VECTOR ( 'NONE', #4738, 1000.000000000000000 ) ;
#2183 = EDGE_CURVE ( 'NONE', #2345, #986, #6937, .T. ) ;
#2184 = DIRECTION ( 'NONE',  ( 1.000000000000000000, -9.819848845325710630E-16, -1.164635296401210053E-17 ) ) ;
#2185 = DIRECTION ( 'NONE',  ( -8.912528622335026102E-17, -0.7071067811876690090, 0.7071067811854261365 ) ) ;
#2186 = CARTESIAN_POINT ( 'NONE',  ( -49.27705161185000549, 31.43278773177629759, -21.22899999999630083 ) ) ;
#2187 = ADVANCED_FACE ( 'NONE', ( #6109 ), #4996, .T. ) ;
#2188 = CARTESIAN_POINT ( 'NONE',  ( -19.06538622825640061, 29.45140659384229664, -21.22900000001820331 ) ) ;
#2189 = CARTESIAN_POINT ( 'NONE',  ( 6.782693114128210077, 27.95140659384230020, -22.22900000001819976 ) ) ;
#2190 = CARTESIAN_POINT ( 'NONE',  ( 1.311410094418901107, 36.88848186331495782, -11.01791392868165254 ) ) ;
#2191 = ORIENTED_EDGE ( 'NONE', *, *, #3621, .F. ) ;
#2192 = ORIENTED_EDGE ( 'NONE', *, *, #1229, .F. ) ;
#2193 = DIRECTION ( 'NONE',  ( 0.000000000000000000, 0.000000000000000000, 1.000000000000000000 ) ) ;
#2194 = CARTESIAN_POINT ( 'NONE',  ( -52.27705161184999838, 16.17935206173352114, -4.675351775830197861E-18 ) ) ;
#2195 = ADVANCED_FACE ( 'NONE', ( #39 ), #2256, .T. ) ;
#2196 = DIRECTION ( 'NONE',  ( 1.000000000000000000, 5.056412698010379758E-16, -1.164635296298180043E-17 ) ) ;
#2197 = DIRECTION ( 'NONE',  ( -1.000000000000000000, 0.000000000000000000, 0.000000000000000000 ) ) ;
#2198 = VERTEX_POINT ( 'NONE', #4466 ) ;
#2199 = EDGE_LOOP ( 'NONE', ( #3667, #5089, #1211, #4882 ) ) ;
#2200 = AXIS2_PLACEMENT_3D ( 'NONE', #28, #4885, #1660 ) ;
#2201 = DIRECTION ( 'NONE',  ( -0.7071067811865475727, 0.7071067811865475727, 0.000000000000000000 ) ) ;
#2202 = EDGE_CURVE ( 'NONE', #6486, #1614, #3362, .T. ) ;
#2203 = LINE ( 'NONE', #2741, #3184 ) ;
#2204 = DIRECTION ( 'NONE',  ( 0.000000000000000000, 0.000000000000000000, -1.000000000000000000 ) ) ;
#2205 = DIRECTION ( 'NONE',  ( 1.420171472953990478E-16, 0.01745240643589300936, 0.9998476951564154724 ) ) ;
#2206 = CARTESIAN_POINT ( 'NONE',  ( 34.13077245651290070, 29.45140659384229664, -21.22900000000370113 ) ) ;
#2207 = LINE ( 'NONE', #7153, #4246 ) ;
#2208 = ORIENTED_EDGE ( 'NONE', *, *, #6312, .F. ) ;
#2209 = CARTESIAN_POINT ( 'NONE',  ( -1.353553390593274619, 29.80495998443556971, -22.22900000001819976 ) ) ;
#2210 = CIRCLE ( 'NONE', #1977, 0.4999999999999994449 ) ;
#2211 = ADVANCED_FACE ( 'NONE', ( #2825 ), #509, .T. ) ;
#2212 = CARTESIAN_POINT ( 'NONE',  ( -18.06538622825640061, 22.80859340615770137, -21.22900000001820331 ) ) ;
#2213 = DIRECTION ( 'NONE',  ( 0.7071067811865492381, 0.7071067811865457964, 0.000000000000000000 ) ) ;
#2214 = CARTESIAN_POINT ( 'NONE',  ( -48.68582856059130393, 26.37999999999999901, -22.22900000001819976 ) ) ;
#2215 = ORIENTED_EDGE ( 'NONE', *, *, #5016, .T. ) ;
#2216 = ORIENTED_EDGE ( 'NONE', *, *, #4987, .F. ) ;
#2217 = ORIENTED_EDGE ( 'NONE', *, *, #4449, .F. ) ;
#2218 = ORIENTED_EDGE ( 'NONE', *, *, #3049, .T. ) ;
#2219 = CARTESIAN_POINT ( 'NONE',  ( 25.96791428029560223, 25.37999999999999901, -21.22900000000050014 ) ) ;
#2220 = EDGE_CURVE ( 'NONE', #2070, #530, #3919, .T. ) ;
#2221 = PLANE ( 'NONE',  #2874 ) ;
#2222 = CIRCLE ( 'NONE', #3478, 0.5000000000000006661 ) ;
#2223 = DIRECTION ( 'NONE',  ( 0.000000000000000000, 0.000000000000000000, 1.000000000000000000 ) ) ;
#2224 = LINE ( 'NONE', #1128, #6842 ) ;
#2225 = ORIENTED_EDGE ( 'NONE', *, *, #3039, .T. ) ;
#2226 = ORIENTED_EDGE ( 'NONE', *, *, #5753, .T. ) ;
#2227 = AXIS2_PLACEMENT_3D ( 'NONE', #3276, #5493, #2096 ) ;
#2228 = ADVANCED_FACE ( 'NONE', ( #3300 ), #6625, .T. ) ;
#2229 = ORIENTED_EDGE ( 'NONE', *, *, #5943, .F. ) ;
#2230 = LINE ( 'NONE', #7061, #2715 ) ;
#2231 = CARTESIAN_POINT ( 'NONE',  ( 15.56538622825640061, 24.30859340615769781, -21.22900000000370113 ) ) ;
#2232 = AXIS2_PLACEMENT_3D ( 'NONE', #5290, #1490, #3724 ) ;
#2233 = VERTEX_POINT ( 'NONE', #2684 ) ;
#2234 = ORIENTED_EDGE ( 'NONE', *, *, #3284, .F. ) ;
#2235 = EDGE_CURVE ( 'NONE', #677, #7001, #6954, .T. ) ;
#2236 = AXIS2_PLACEMENT_3D ( 'NONE', #960, #1955, #2539 ) ;
#2237 = CYLINDRICAL_SURFACE ( 'NONE', #6289, 0.4999999999999982236 ) ;
#2238 = DIRECTION ( 'NONE',  ( -0.7071067811865481278, -0.5000000000000970335, -0.4999999999999021338 ) ) ;
#2239 = DIRECTION ( 'NONE',  ( 1.000000000000000000, -1.286629951401411963E-16, -8.876743352170049674E-18 ) ) ;
#2240 = AXIS2_PLACEMENT_3D ( 'NONE', #1548, #5960, #3868 ) ;
#2241 = ORIENTED_EDGE ( 'NONE', *, *, #4814, .T. ) ;
#2242 = EDGE_CURVE ( 'NONE', #2505, #6851, #4896, .T. ) ;
#2243 = CARTESIAN_POINT ( 'NONE',  ( -2.641346557064120137, 29.95140659384229664, -21.22899999999730269 ) ) ;
#2244 = VECTOR ( 'NONE', #6077, 1000.000000000000000 ) ;
#2245 = LINE ( 'NONE', #7043, #5778 ) ;
#2246 = PLANE ( 'NONE',  #7018 ) ;
#2247 = DIRECTION ( 'NONE',  ( 3.462970525474364994E-13, -3.462970525474430123E-13, 1.000000000000000000 ) ) ;
#2248 = VECTOR ( 'NONE', #6034, 1000.000000000000000 ) ;
#2249 = EDGE_LOOP ( 'NONE', ( #4652, #625, #6945, #376 ) ) ;
#2250 = ADVANCED_FACE ( 'NONE', ( #1672 ), #2151, .T. ) ;
#2251 = ORIENTED_EDGE ( 'NONE', *, *, #5102, .T. ) ;
#2252 = DIRECTION ( 'NONE',  ( 0.7071067811865580088, 0.7071067811865372477, 0.000000000000000000 ) ) ;
#2253 = LINE ( 'NONE', #506, #2422 ) ;
#2254 = AXIS2_PLACEMENT_3D ( 'NONE', #2094, #6909, #6323 ) ;
#2255 = LINE ( 'NONE', #1706, #4001 ) ;
#2256 = PLANE ( 'NONE',  #6257 ) ;
#2257 = CARTESIAN_POINT ( 'NONE',  ( -17.56538622825639706, 27.95140659384230020, -21.22900000001820331 ) ) ;
#2258 = EDGE_LOOP ( 'NONE', ( #2437, #905, #7025, #4479, #1881, #1501, #3821, #261 ) ) ;
#2259 = EDGE_LOOP ( 'NONE', ( #5172, #4506, #3481, #2868 ) ) ;
#2260 = EDGE_CURVE ( 'NONE', #1491, #6272, #6, .T. ) ;
#2261 = AXIS2_PLACEMENT_3D ( 'NONE', #6699, #3482, #2899 ) ;
#2262 = CIRCLE ( 'NONE', #627, 0.4999999999999982236 ) ;
#2263 = ORIENTED_EDGE ( 'NONE', *, *, #4871, .T. ) ;
#2264 = CYLINDRICAL_SURFACE ( 'NONE', #1139, 0.4999999999999994449 ) ;
#2265 = DIRECTION ( 'NONE',  ( 3.462854061944730330E-13, 3.462854061944730330E-13, -1.000000000000000000 ) ) ;
#2266 = AXIS2_PLACEMENT_3D ( 'NONE', #3768, #3731, #4357 ) ;
#2267 = ORIENTED_EDGE ( 'NONE', *, *, #5193, .T. ) ;
#2268 = ORIENTED_EDGE ( 'NONE', *, *, #6836, .F. ) ;
#2269 = EDGE_CURVE ( 'NONE', #2233, #5621, #590, .T. ) ;
#2270 = CIRCLE ( 'NONE', #5151, 0.4999999999999982236 ) ;
#2271 = DIRECTION ( 'NONE',  ( 0.000000000000000000, 0.000000000000000000, -1.000000000000000000 ) ) ;
#2272 = FACE_OUTER_BOUND ( 'NONE', #1309, .T. ) ;
#2273 = DIRECTION ( 'NONE',  ( -7.687425827029960667E-29, 1.000000000000000000, 6.925824587419099363E-13 ) ) ;
#2274 = CARTESIAN_POINT ( 'NONE',  ( 47.77705161185000549, 35.18242489610819490, -17.47936283565239890 ) ) ;
#2275 = ORIENTED_EDGE ( 'NONE', *, *, #1570, .F. ) ;
#2276 = CIRCLE ( 'NONE', #1583, 0.4999999999999982236 ) ;
#2277 =( BOUNDED_CURVE ( )  B_SPLINE_CURVE ( 3, ( #5795, #933, #4168, #4749 ),
 .UNSPECIFIED., .F., .F. ) 
 B_SPLINE_CURVE_WITH_KNOTS ( ( 4, 4 ),
 ( 4.712388980384710990, 5.497787143782169927 ),
 .UNSPECIFIED. ) 
 CURVE ( )  GEOMETRIC_REPRESENTATION_ITEM ( )  RATIONAL_B_SPLINE_CURVE ( ( 1.000000000000000000, 0.9492530216741897897, 0.9492530216741897897, 1.000000000000000000 ) ) 
 REPRESENTATION_ITEM ( '' )  );
#2278 = DIRECTION ( 'NONE',  ( -1.000000000000000000, 9.819848845325710630E-16, 0.000000000000000000 ) ) ;
#2279 = DIRECTION ( 'NONE',  ( 0.000000000000000000, 0.000000000000000000, 1.000000000000000000 ) ) ;
#2280 = EDGE_CURVE ( 'NONE', #2327, #521, #6012, .T. ) ;
#2281 = CARTESIAN_POINT ( 'NONE',  ( 0.7461065651071909777, 17.07757510388659838, -17.47936283566500038 ) ) ;
#2282 = DIRECTION ( 'NONE',  ( -0.7071067811865475727, 0.7071067811865475727, 0.000000000000000000 ) ) ;
#2283 = ORIENTED_EDGE ( 'NONE', *, *, #3654, .F. ) ;
#2284 = ORIENTED_EDGE ( 'NONE', *, *, #387, .F. ) ;
#2285 = ORIENTED_EDGE ( 'NONE', *, *, #2695, .T. ) ;
#2286 = CARTESIAN_POINT ( 'NONE',  ( -49.27705161185000549, 16.00561558570850096, -16.40740331748650149 ) ) ;
#2287 = CARTESIAN_POINT ( 'NONE',  ( 4.250000000000000000, 37.08080026628089598, 1.522295447997300059E-11 ) ) ;
#2288 = EDGE_CURVE ( 'NONE', #1040, #3488, #6080, .T. ) ;
#2289 = CARTESIAN_POINT ( 'NONE',  ( 26.34807934238460092, 24.30859340615769781, -21.22900000001820331 ) ) ;
#2290 = CARTESIAN_POINT ( 'NONE',  ( 4.250000000000000000, 15.17919973368969977, 7.289407398801460039E-17 ) ) ;
#2291 = VERTEX_POINT ( 'NONE', #7133 ) ;
#2292 = EDGE_CURVE ( 'NONE', #6301, #2542, #5457, .T. ) ;
#2293 = VERTEX_POINT ( 'NONE', #543 ) ;
#2294 = CARTESIAN_POINT ( 'NONE',  ( 35.63077245651290070, 27.95140659384230020, -21.22900000001820331 ) ) ;
#2295 = VECTOR ( 'NONE', #6826, 1000.000000000000000 ) ;
#2296 = EDGE_LOOP ( 'NONE', ( #2413, #5404, #1776, #6424 ) ) ;
#2297 = LINE ( 'NONE', #5067, #5842 ) ;
#2298 = CARTESIAN_POINT ( 'NONE',  ( 50.77705161184999838, 33.06110455255049629, -15.35804249210140071 ) ) ;
#2299 = EDGE_CURVE ( 'NONE', #2000, #2542, #2224, .T. ) ;
#2300 = DIRECTION ( 'NONE',  ( 0.000000000000000000, 0.000000000000000000, -1.000000000000000000 ) ) ;
#2301 = ORIENTED_EDGE ( 'NONE', *, *, #5345, .F. ) ;
#2302 = ORIENTED_EDGE ( 'NONE', *, *, #2299, .F. ) ;
#2303 = VECTOR ( 'NONE', #1325, 1000.000000000000000 ) ;
#2304 = VERTEX_POINT ( 'NONE', #5097 ) ;
#2305 = DIRECTION ( 'NONE',  ( 0.000000000000000000, -0.7071067811854260254, -0.7071067811876690090 ) ) ;
#2306 = DIRECTION ( 'NONE',  ( 0.7071067811865475727, -0.7071067811865475727, 0.000000000000000000 ) ) ;
#2307 = EDGE_CURVE ( 'NONE', #6636, #2661, #6611, .T. ) ;
#2308 = AXIS2_PLACEMENT_3D ( 'NONE', #3596, #4250, #5907 ) ;
#2309 = DIRECTION ( 'NONE',  ( 0.7071067811865492381, 0.7071067811865457964, 0.000000000000000000 ) ) ;
#2310 = CARTESIAN_POINT ( 'NONE',  ( 50.77705161184999838, 26.13000000000100087, -8.426937939554100865 ) ) ;
#2311 = LINE ( 'NONE', #1110, #4486 ) ;
#2312 = CARTESIAN_POINT ( 'NONE',  ( -50.08333491804406634, 39.08110492236836819, 8.798866158635909842E-16 ) ) ;
#2313 = AXIS2_PLACEMENT_3D ( 'NONE', #2607, #4817, #6401 ) ;
#2314 = ADVANCED_FACE ( 'NONE', ( #4059 ), #2360, .T. ) ;
#2315 = DIRECTION ( 'NONE',  ( -1.000000000000000000, 2.765222678618189829E-16, -1.271873734078090076E-16 ) ) ;
#2316 = CARTESIAN_POINT ( 'NONE',  ( -28.34807934238470040, 27.95140659384230020, -21.22900000000370113 ) ) ;
#2317 = DIRECTION ( 'NONE',  ( 0.000000000000000000, -1.000000000000000000, 0.000000000000000000 ) ) ;
#2318 = LINE ( 'NONE', #4526, #3722 ) ;
#2319 = ORIENTED_EDGE ( 'NONE', *, *, #2549, .T. ) ;
#2320 = ORIENTED_EDGE ( 'NONE', *, *, #733, .T. ) ;
#2321 = EDGE_CURVE ( 'NONE', #741, #3840, #1850, .T. ) ;
#2322 = CARTESIAN_POINT ( 'NONE',  ( 8.282693114128209189, 29.95140659384229664, -22.22900000001819976 ) ) ;
#2323 = DIRECTION ( 'NONE',  ( 0.000000000000000000, 0.7071067811854280238, 0.7071067811876670106 ) ) ;
#2324 = DIRECTION ( 'NONE',  ( 0.000000000000000000, 0.000000000000000000, 1.000000000000000000 ) ) ;
#2325 = VECTOR ( 'NONE', #2204, 1000.000000000000000 ) ;
#2326 = VERTEX_POINT ( 'NONE', #3432 ) ;
#2327 = VERTEX_POINT ( 'NONE', #3549 ) ;
#2328 = EDGE_CURVE ( 'NONE', #5896, #6570, #6808, .T. ) ;
#2329 = CARTESIAN_POINT ( 'NONE',  ( -45.41346557064109390, 23.05859340615770137, -22.22900000001819976 ) ) ;
#2330 = ORIENTED_EDGE ( 'NONE', *, *, #5472, .F. ) ;
#2331 = FACE_OUTER_BOUND ( 'NONE', #1666, .T. ) ;
#2332 = ORIENTED_EDGE ( 'NONE', *, *, #4156, .F. ) ;
#2333 = VECTOR ( 'NONE', #4931, 1000.000000000000000 ) ;
#2334 = ORIENTED_EDGE ( 'NONE', *, *, #5815, .F. ) ;
#2335 = CYLINDRICAL_SURFACE ( 'NONE', #649, 0.9999999999999975575 ) ;
#2336 = EDGE_CURVE ( 'NONE', #5870, #4635, #242, .T. ) ;
#2337 = ORIENTED_EDGE ( 'NONE', *, *, #1409, .T. ) ;
#2338 = CYLINDRICAL_SURFACE ( 'NONE', #3750, 3.000000000000000888 ) ;
#2339 = FACE_OUTER_BOUND ( 'NONE', #844, .T. ) ;
#2340 = VECTOR ( 'NONE', #1700, 1000.000000000000000 ) ;
#2341 = CARTESIAN_POINT ( 'NONE',  ( 41.91346557064109390, 27.95140659384230020, -21.22900000001820331 ) ) ;
#2342 = DIRECTION ( 'NONE',  ( 0.000000000000000000, 0.000000000000000000, -1.000000000000000000 ) ) ;
#2343 = FACE_OUTER_BOUND ( 'NONE', #4090, .T. ) ;
#2344 = CARTESIAN_POINT ( 'NONE',  ( 49.89837195540965098, 14.05770858159544723, -5.551115123125779744E-16 ) ) ;
#2345 = VERTEX_POINT ( 'NONE', #1928 ) ;
#2346 = CIRCLE ( 'NONE', #6966, 0.4999999999999996114 ) ;
#2347 = ADVANCED_FACE ( 'NONE', ( #2471 ), #5612, .F. ) ;
#2348 = CYLINDRICAL_SURFACE ( 'NONE', #5675, 2.999999999999996447 ) ;
#2349 = AXIS2_PLACEMENT_3D ( 'NONE', #5118, #4594, #6678 ) ;
#2350 = DIRECTION ( 'NONE',  ( 1.378708277442880444E-16, 0.9998476951563912696, 0.01745240643728280389 ) ) ;
#2351 = DIRECTION ( 'NONE',  ( 0.000000000000000000, 0.000000000000000000, -1.000000000000000000 ) ) ;
#2352 = VERTEX_POINT ( 'NONE', #2971 ) ;
#2353 = ORIENTED_EDGE ( 'NONE', *, *, #6745, .F. ) ;
#2354 = EDGE_CURVE ( 'NONE', #2937, #2902, #5915, .T. ) ;
#2355 = ORIENTED_EDGE ( 'NONE', *, *, #84, .F. ) ;
#2356 = CIRCLE ( 'NONE', #1770, 0.4999999999999994449 ) ;
#2357 = ORIENTED_EDGE ( 'NONE', *, *, #2665, .F. ) ;
#2358 = CARTESIAN_POINT ( 'NONE',  ( 8.032693114128209189, 22.30859340615769781, -22.22900000001819976 ) ) ;
#2359 = CARTESIAN_POINT ( 'NONE',  ( 1.288168572859009986, 38.60928165534789969, -11.28356573570460064 ) ) ;
#2360 = CYLINDRICAL_SURFACE ( 'NONE', #483, 0.4999999999999982236 ) ;
#2361 = CIRCLE ( 'NONE', #1194, 0.4999999999999982236 ) ;
#2362 = EDGE_CURVE ( 'NONE', #6780, #6340, #5139, .T. ) ;
#2363 = ORIENTED_EDGE ( 'NONE', *, *, #4599, .F. ) ;
#2364 = ORIENTED_EDGE ( 'NONE', *, *, #652, .T. ) ;
#2365 = AXIS2_PLACEMENT_3D ( 'NONE', #54, #6605, #1618 ) ;
#2366 = CYLINDRICAL_SURFACE ( 'NONE', #5008, 0.5000000000000006661 ) ;
#2367 = ORIENTED_EDGE ( 'NONE', *, *, #6425, .F. ) ;
#2368 = CARTESIAN_POINT ( 'NONE',  ( -28.34807934238470040, 27.95140659384230020, -21.22900000000370113 ) ) ;
#2369 = CARTESIAN_POINT ( 'NONE',  ( 6.590000000000000746, 36.98727362762250692, -5.358137540605979687 ) ) ;
#2370 = DIRECTION ( 'NONE',  ( 0.000000000000000000, 0.000000000000000000, 1.000000000000000000 ) ) ;
#2371 = EDGE_CURVE ( 'NONE', #6467, #584, #947, .T. ) ;
#2372 = ORIENTED_EDGE ( 'NONE', *, *, #3700, .F. ) ;
#2373 = AXIS2_PLACEMENT_3D ( 'NONE', #4395, #7023, #4318 ) ;
#2374 = VECTOR ( 'NONE', #190, 1000.000000000000000 ) ;
#2375 = EDGE_LOOP ( 'NONE', ( #553, #6435, #1164, #3551 ) ) ;
#2376 = FACE_OUTER_BOUND ( 'NONE', #2485, .T. ) ;
#2377 = VECTOR ( 'NONE', #911, 1000.000000000000000 ) ;
#2378 = ORIENTED_EDGE ( 'NONE', *, *, #3706, .T. ) ;
#2379 = PLANE ( 'NONE',  #2135 ) ;
#2380 = CARTESIAN_POINT ( 'NONE',  ( -49.27705161185000549, 26.13000000000100087, -8.426937939554100865 ) ) ;
#2381 = AXIS2_PLACEMENT_3D ( 'NONE', #6639, #3864, #4878 ) ;
#2382 = FACE_OUTER_BOUND ( 'NONE', #7067, .T. ) ;
#2383 = FACE_OUTER_BOUND ( 'NONE', #2116, .T. ) ;
#2384 = EDGE_CURVE ( 'NONE', #5579, #1357, #5569, .T. ) ;
#2385 = DIRECTION ( 'NONE',  ( -1.000000000000000000, -5.648998402601620749E-31, -1.156261550539350063E-16 ) ) ;
#2386 = CARTESIAN_POINT ( 'NONE',  ( -45.91346557064109390, 25.37999999999999901, -21.22900000000050014 ) ) ;
#2387 = VECTOR ( 'NONE', #4551, 1000.000000000000000 ) ;
#2388 = ORIENTED_EDGE ( 'NONE', *, *, #1418, .T. ) ;
#2389 = CARTESIAN_POINT ( 'NONE',  ( 48.77705161185000549, 35.91937396289149831, -9.239379860303220227 ) ) ;
#2390 = DIRECTION ( 'NONE',  ( 4.440892098500625176E-16, 0.7071067811864090169, -0.7071067811866860175 ) ) ;
#2391 = CYLINDRICAL_SURFACE ( 'NONE', #995, 3.000000000000003109 ) ;
#2392 = EDGE_CURVE ( 'NONE', #2542, #581, #1346, .T. ) ;
#2393 = DIRECTION ( 'NONE',  ( -4.735795089416680410E-16, -0.01745240643728340063, 0.9998476951563911586 ) ) ;
#2394 = ORIENTED_EDGE ( 'NONE', *, *, #6312, .T. ) ;
#2395 = VECTOR ( 'NONE', #6948, 1000.000000000000000 ) ;
#2396 = EDGE_LOOP ( 'NONE', ( #3860, #5088, #3592, #3272 ) ) ;
#2397 = CARTESIAN_POINT ( 'NONE',  ( 6.590000000000000746, 15.60107097583740021, -4.176000000000000156 ) ) ;
#2398 = VECTOR ( 'NONE', #2170, 1000.000000000000000 ) ;
#2399 = ORIENTED_EDGE ( 'NONE', *, *, #1282, .T. ) ;
#2400 = DIRECTION ( 'NONE',  ( 0.000000000000000000, -1.000000000000000000, 0.000000000000000000 ) ) ;
#2401 = EDGE_CURVE ( 'NONE', #1093, #1789, #4534, .T. ) ;
#2402 = LINE ( 'NONE', #5096, #5858 ) ;
#2403 = CARTESIAN_POINT ( 'NONE',  ( -44.41346557064109390, 26.88000000000000256, -22.22900000001819976 ) ) ;
#2404 = ORIENTED_EDGE ( 'NONE', *, *, #1349, .F. ) ;
#2405 = ORIENTED_EDGE ( 'NONE', *, *, #1655, .F. ) ;
#2406 = VERTEX_POINT ( 'NONE', #2403 ) ;
#2407 = ORIENTED_EDGE ( 'NONE', *, *, #1168, .F. ) ;
#2408 = DIRECTION ( 'NONE',  ( 0.7071067811865492381, 0.7071067811865457964, 0.000000000000000000 ) ) ;
#2409 = CARTESIAN_POINT ( 'NONE',  ( 16.56538622825639706, 29.95140659384229664, -21.22899999999730269 ) ) ;
#2410 = DIRECTION ( 'NONE',  ( 1.989149585786738884E-16, -0.01745240643589409529, -0.9998476951564155835 ) ) ;
#2411 = CARTESIAN_POINT ( 'NONE',  ( 1.254289007791670629, 14.17252605949494360, -11.67081093643641765 ) ) ;
#2412 = ORIENTED_EDGE ( 'NONE', *, *, #5122, .T. ) ;
#2413 = ORIENTED_EDGE ( 'NONE', *, *, #4076, .F. ) ;
#2414 = DIRECTION ( 'NONE',  ( -6.470518565393491448E-16, -0.01745240643728225571, 0.9998476951563912696 ) ) ;
#2415 = ADVANCED_FACE ( 'NONE', ( #3006 ), #3986, .T. ) ;
#2416 = ORIENTED_EDGE ( 'NONE', *, *, #322, .F. ) ;
#2417 = CARTESIAN_POINT ( 'NONE',  ( -0.7500000000000109912, 29.95140659384229664, -22.22900000001819976 ) ) ;
#2418 = CARTESIAN_POINT ( 'NONE',  ( -26.34807934238470040, 24.30859340615769781, -22.22900000001819976 ) ) ;
#2419 = CARTESIAN_POINT ( 'NONE',  ( 4.250000000000000000, 38.12188823402109961, -11.17199668602100004 ) ) ;
#2420 = ORIENTED_EDGE ( 'NONE', *, *, #1534, .T. ) ;
#2421 = EDGE_CURVE ( 'NONE', #2406, #4064, #760, .T. ) ;
#2422 = VECTOR ( 'NONE', #1566, 1000.000000000000000 ) ;
#2423 = ADVANCED_FACE ( 'NONE', ( #4648 ), #396, .F. ) ;
#2424 = CARTESIAN_POINT ( 'NONE',  ( 25.34807934238459737, 22.80859340615770137, -21.22900000000370113 ) ) ;
#2425 = LINE ( 'NONE', #5602, #3603 ) ;
#2426 = CYLINDRICAL_SURFACE ( 'NONE', #3086, 0.4999999999999982236 ) ;
#2427 = DIRECTION ( 'NONE',  ( 1.000000000000000000, 0.000000000000000000, 0.000000000000000000 ) ) ;
#2428 = ORIENTED_EDGE ( 'NONE', *, *, #1488, .T. ) ;
#2429 = AXIS2_PLACEMENT_3D ( 'NONE', #758, #2891, #5760 ) ;
#2430 = VERTEX_POINT ( 'NONE', #6471 ) ;
#2431 = CARTESIAN_POINT ( 'NONE',  ( -2.641346557064120137, 28.45140659384229664, -21.22899999999840048 ) ) ;
#2432 = EDGE_CURVE ( 'NONE', #4290, #2440, #6717, .T. ) ;
#2433 = EDGE_LOOP ( 'NONE', ( #2525, #5231, #1923, #195 ) ) ;
#2434 = CARTESIAN_POINT ( 'NONE',  ( -1.000000000000000000, 29.45140659384229664, -22.22900000001819976 ) ) ;
#2435 = LINE ( 'NONE', #1455, #1230 ) ;
#2436 = CARTESIAN_POINT ( 'NONE',  ( -44.41346557064109390, 26.88000000000000256, -21.22900000001820331 ) ) ;
#2437 = ORIENTED_EDGE ( 'NONE', *, *, #5102, .F. ) ;
#2438 = ORIENTED_EDGE ( 'NONE', *, *, #809, .F. ) ;
#2439 = EDGE_CURVE ( 'NONE', #2986, #4138, #5351, .T. ) ;
#2440 = VERTEX_POINT ( 'NONE', #6920 ) ;
#2441 = DIRECTION ( 'NONE',  ( 0.7071067811865580088, 0.7071067811865372477, 0.000000000000000000 ) ) ;
#2442 = CARTESIAN_POINT ( 'NONE',  ( -49.27705161185000549, 39.08110492236841793, -6.071532165918824830E-15 ) ) ;
#2443 = CYLINDRICAL_SURFACE ( 'NONE', #1446, 0.4999999999999996114 ) ;
#2444 = DIRECTION ( 'NONE',  ( 0.000000000000000000, 0.000000000000000000, 1.000000000000000000 ) ) ;
#2445 = ORIENTED_EDGE ( 'NONE', *, *, #6039, .F. ) ;
#2446 = VERTEX_POINT ( 'NONE', #3589 ) ;
#2447 = VECTOR ( 'NONE', #5820, 999.9999999999998863 ) ;
#2448 = EDGE_CURVE ( 'NONE', #450, #6630, #3260, .T. ) ;
#2449 = LINE ( 'NONE', #1503, #6635 ) ;
#2450 = CARTESIAN_POINT ( 'NONE',  ( 47.53938195118458054, 26.73355339059326852, -21.47900000001820331 ) ) ;
#2451 = CARTESIAN_POINT ( 'NONE',  ( 15.56538622825640061, 24.30859340615769781, -21.22900000000370113 ) ) ;
#2452 = DIRECTION ( 'NONE',  ( 0.000000000000000000, 0.000000000000000000, 1.000000000000000000 ) ) ;
#2453 = LINE ( 'NONE', #1366, #6673 ) ;
#2454 = DIRECTION ( 'NONE',  ( -1.850371707708595302E-16, 0.01745240643728395574, -0.9998476951563912696 ) ) ;
#2455 = ADVANCED_FACE ( 'NONE', ( #4243 ), #935, .F. ) ;
#2456 = ORIENTED_EDGE ( 'NONE', *, *, #6845, .F. ) ;
#2457 = AXIS2_PLACEMENT_3D ( 'NONE', #7014, #5933, #334 ) ;
#2458 = CARTESIAN_POINT ( 'NONE',  ( 42.91346557064109390, 25.87999999999999901, -22.22900000001819976 ) ) ;
#2459 = CARTESIAN_POINT ( 'NONE',  ( 49.32824356204231009, 38.77250665828498910, -5.704260541920983614E-16 ) ) ;
#2460 = CARTESIAN_POINT ( 'NONE',  ( -25.84807934238470040, 24.30859340615769781, -21.22900000001820331 ) ) ;
#2461 = CYLINDRICAL_SURFACE ( 'NONE', #2053, 0.4999999999999982236 ) ;
#2462 = FACE_OUTER_BOUND ( 'NONE', #5034, .T. ) ;
#2463 = ADVANCED_FACE ( 'NONE', ( #5800 ), #2034, .T. ) ;
#2464 = ORIENTED_EDGE ( 'NONE', *, *, #4884, .F. ) ;
#2465 = ORIENTED_EDGE ( 'NONE', *, *, #3853, .F. ) ;
#2466 = DIRECTION ( 'NONE',  ( 0.000000000000000000, -1.000000000000000000, 0.000000000000000000 ) ) ;
#2467 = ORIENTED_EDGE ( 'NONE', *, *, #652, .F. ) ;
#2468 = PLANE ( 'NONE',  #3866 ) ;
#2469 = DIRECTION ( 'NONE',  ( 0.7071067811865475727, -0.7071067811865475727, 0.000000000000000000 ) ) ;
#2470 = CARTESIAN_POINT ( 'NONE',  ( 47.77705161185000549, 35.93056915889879832, -8.598007510543219212 ) ) ;
#2471 = FACE_OUTER_BOUND ( 'NONE', #5507, .T. ) ;
#2472 = EDGE_CURVE ( 'NONE', #5558, #6406, #1525, .T. ) ;
#2473 = EDGE_LOOP ( 'NONE', ( #1667, #214, #4916, #4615 ) ) ;
#2474 = CIRCLE ( 'NONE', #1075, 2.999999999992549959 ) ;
#2475 = ORIENTED_EDGE ( 'NONE', *, *, #1394, .F. ) ;
#2476 = ORIENTED_EDGE ( 'NONE', *, *, #1704, .T. ) ;
#2477 = CARTESIAN_POINT ( 'NONE',  ( 4.250000000000000000, 15.17919973368969977, -2.609992620111790041E-17 ) ) ;
#2478 = ORIENTED_EDGE ( 'NONE', *, *, #3176, .F. ) ;
#2479 = DIRECTION ( 'NONE',  ( 0.000000000000000000, 0.000000000000000000, 1.000000000000000000 ) ) ;
#2480 = LINE ( 'NONE', #150, #5310 ) ;
#2481 = VECTOR ( 'NONE', #757, 1000.000000000000000 ) ;
#2482 = CARTESIAN_POINT ( 'NONE',  ( 49.32824356204231009, 30.99643035085138010, -21.22899999999666676 ) ) ;
#2483 = DIRECTION ( 'NONE',  ( -0.7071067811865492381, -0.7071067811865457964, 0.000000000000000000 ) ) ;
#2484 = EDGE_CURVE ( 'NONE', #114, #1312, #5900, .T. ) ;
#2485 = EDGE_LOOP ( 'NONE', ( #589, #9, #2251, #6040 ) ) ;
#2486 = EDGE_LOOP ( 'NONE', ( #3719, #643, #5831 ) ) ;
#2487 = DIRECTION ( 'NONE',  ( 0.000000000000000000, 0.000000000000000000, -1.000000000000000000 ) ) ;
#2488 = CIRCLE ( 'NONE', #1439, 0.4999999999999982236 ) ;
#2489 = CARTESIAN_POINT ( 'NONE',  ( -51.39837195540963677, 22.06985295534195402, -21.22900000000278098 ) ) ;
#2490 = VECTOR ( 'NONE', #2555, 1000.000000000000000 ) ;
#2491 = CARTESIAN_POINT ( 'NONE',  ( 7.247263611891781032, 13.91530098664673254, -11.68855746062489942 ) ) ;
#2492 = CARTESIAN_POINT ( 'NONE',  ( 48.58333491804356186, 13.17889507760167689, -5.675683591183948582E-16 ) ) ;
#2493 = CIRCLE ( 'NONE', #7099, 0.4999999999999994449 ) ;
#2494 = DIRECTION ( 'NONE',  ( -0.7071067811865475727, 0.7071067811865475727, 0.000000000000000000 ) ) ;
#2495 = EDGE_CURVE ( 'NONE', #869, #4282, #5388, .T. ) ;
#2496 = DIRECTION ( 'NONE',  ( 1.000000000000000000, 0.000000000000000000, -1.164635296333200074E-17 ) ) ;
#2497 = DIRECTION ( 'NONE',  ( 0.000000000000000000, 0.000000000000000000, 1.000000000000000000 ) ) ;
#2498 = CARTESIAN_POINT ( 'NONE',  ( 34.63077245651290070, 22.80859340615770137, -21.22900000001820331 ) ) ;
#2499 = ADVANCED_FACE ( 'NONE', ( #3082 ), #4820, .F. ) ;
#2500 = CARTESIAN_POINT ( 'NONE',  ( 8.282693114128209189, 29.45140659384229664, -21.22900000000370113 ) ) ;
#2501 = CIRCLE ( 'NONE', #4806, 0.4999999999999982236 ) ;
#2502 = ORIENTED_EDGE ( 'NONE', *, *, #4694, .F. ) ;
#2503 = EDGE_CURVE ( 'NONE', #3579, #6780, #255, .T. ) ;
#2504 = LINE ( 'NONE', #3142, #5624 ) ;
#2505 = VERTEX_POINT ( 'NONE', #6403 ) ;
#2506 = EDGE_LOOP ( 'NONE', ( #6483, #4281, #2268, #3582 ) ) ;
#2507 = CIRCLE ( 'NONE', #5381, 3.000000000000002665 ) ;
#2508 = FACE_OUTER_BOUND ( 'NONE', #3166, .T. ) ;
#2509 = EDGE_CURVE ( 'NONE', #540, #5154, #3045, .T. ) ;
#2510 = CARTESIAN_POINT ( 'NONE',  ( -48.68582856059130393, 25.37999999999999901, -22.22900000001819976 ) ) ;
#2511 = CARTESIAN_POINT ( 'NONE',  ( -0.5000000000000109912, 22.80859340615770137, -21.22900000000370113 ) ) ;
#2512 = ORIENTED_EDGE ( 'NONE', *, *, #5091, .F. ) ;
#2513 = VERTEX_POINT ( 'NONE', #4854 ) ;
#2514 = EDGE_LOOP ( 'NONE', ( #5099, #5864, #4422, #2445 ) ) ;
#2515 =( BOUNDED_CURVE ( )  B_SPLINE_CURVE ( 3, ( #4142, #838, #6476, #369 ),
 .UNSPECIFIED., .F., .F. ) 
 B_SPLINE_CURVE_WITH_KNOTS ( ( 4, 4 ),
 ( 5.497787143782169927, 6.283185307179586232 ),
 .UNSPECIFIED. ) 
 CURVE ( )  GEOMETRIC_REPRESENTATION_ITEM ( )  RATIONAL_B_SPLINE_CURVE ( ( 1.000000000000000000, 0.9492530216741951188, 0.9492530216741951188, 1.000000000000000000 ) ) 
 REPRESENTATION_ITEM ( '' )  );
#2516 = PLANE ( 'NONE',  #4897 ) ;
#2517 = EDGE_CURVE ( 'NONE', #5518, #4274, #902, .T. ) ;
#2518 = ORIENTED_EDGE ( 'NONE', *, *, #1633, .F. ) ;
#2519 = LINE ( 'NONE', #4692, #4230 ) ;
#2520 = CARTESIAN_POINT ( 'NONE',  ( -48.68582856059130393, 25.87999999999999901, -21.47900000001820331 ) ) ;
#2521 = CIRCLE ( 'NONE', #2049, 0.5000000000000006661 ) ;
#2522 = DIRECTION ( 'NONE',  ( 0.000000000000000000, 0.000000000000000000, 1.000000000000000000 ) ) ;
#2523 = ORIENTED_EDGE ( 'NONE', *, *, #1221, .F. ) ;
#2524 = CIRCLE ( 'NONE', #4481, 0.4999999999999982236 ) ;
#2525 = ORIENTED_EDGE ( 'NONE', *, *, #524, .T. ) ;
#2526 = CARTESIAN_POINT ( 'NONE',  ( 9.282693114128210965, 24.30859340615769781, -21.22900000000370113 ) ) ;
#2527 = ADVANCED_FACE ( 'NONE', ( #1997 ), #5837, .F. ) ;
#2528 = ORIENTED_EDGE ( 'NONE', *, *, #251, .T. ) ;
#2529 = LINE ( 'NONE', #1978, #4799 ) ;
#2530 = DIRECTION ( 'NONE',  ( 1.000000000000000000, 0.000000000000000000, 0.000000000000000000 ) ) ;
#2531 = DIRECTION ( 'NONE',  ( 0.000000000000000000, 0.000000000000000000, -1.000000000000000000 ) ) ;
#2532 = CARTESIAN_POINT ( 'NONE',  ( -52.27705161184999838, 20.74090606753800259, -21.22900000000370113 ) ) ;
#2533 = DIRECTION ( 'NONE',  ( -0.7071067811865475727, 0.7071067811865475727, 0.000000000000000000 ) ) ;
#2534 = CIRCLE ( 'NONE', #6562, 0.4999999999999982236 ) ;
#2535 = EDGE_CURVE ( 'NONE', #6621, #6030, #7046, .T. ) ;
#2536 = DIRECTION ( 'NONE',  ( -0.7071067811865475727, 0.7071067811865475727, 0.000000000000000000 ) ) ;
#2537 = DIRECTION ( 'NONE',  ( 0.000000000000000000, 0.000000000000000000, 1.000000000000000000 ) ) ;
#2538 = DIRECTION ( 'NONE',  ( 0.000000000000000000, 0.000000000000000000, 1.000000000000000000 ) ) ;
#2539 = DIRECTION ( 'NONE',  ( 0.7071067811865475727, -0.7071067811865475727, 0.000000000000000000 ) ) ;
#2540 = ORIENTED_EDGE ( 'NONE', *, *, #1015, .F. ) ;
#2541 = VECTOR ( 'NONE', #380, 1000.000000000000000 ) ;
#2542 = VERTEX_POINT ( 'NONE', #5427 ) ;
#2543 = CYLINDRICAL_SURFACE ( 'NONE', #965, 0.4999999999999982236 ) ;
#2544 = CARTESIAN_POINT ( 'NONE',  ( -51.39837195540964387, 14.05770858159544545, 8.673617379884035472E-16 ) ) ;
#2545 = CARTESIAN_POINT ( 'NONE',  ( 24.34807934238459737, 27.95140659384230020, -21.22900000000370113 ) ) ;
#2546 = VECTOR ( 'NONE', #690, 1000.000000000000000 ) ;
#2547 = VERTEX_POINT ( 'NONE', #6617 ) ;
#2548 = ORIENTED_EDGE ( 'NONE', *, *, #3271, .T. ) ;
#2549 = EDGE_CURVE ( 'NONE', #1640, #1350, #3254, .T. ) ;
#2550 = VERTEX_POINT ( 'NONE', #6651 ) ;
#2551 = CARTESIAN_POINT ( 'NONE',  ( 34.38077245651290070, 29.95140659384229664, -22.22900000001819976 ) ) ;
#2552 = ORIENTED_EDGE ( 'NONE', *, *, #4969, .T. ) ;
#2553 = CARTESIAN_POINT ( 'NONE',  ( 33.13077245651290070, 24.30859340615769781, -21.22900000001820331 ) ) ;
#2554 = DIRECTION ( 'NONE',  ( -2.405483220021173819E-16, -0.01745240643589409529, -0.9998476951564155835 ) ) ;
#2555 = DIRECTION ( 'NONE',  ( -1.110053932280860203E-16, -0.01745240643728280389, 0.9998476951563912696 ) ) ;
#2556 = PLANE ( 'NONE',  #3181 ) ;
#2557 = ORIENTED_EDGE ( 'NONE', *, *, #382, .T. ) ;
#2558 = ORIENTED_EDGE ( 'NONE', *, *, #294, .T. ) ;
#2559 = EDGE_CURVE ( 'NONE', #1283, #808, #4954, .T. ) ;
#2560 = DIRECTION ( 'NONE',  ( 0.7071067811865450192, -0.7069990853988267210, -0.01234071493982566436 ) ) ;
#2561 = CARTESIAN_POINT ( 'NONE',  ( 15.91893961884967368, 23.95504001556442475, -21.22900000000370113 ) ) ;
#2562 = DIRECTION ( 'NONE',  ( -0.7071067811865475727, 0.7071067811865475727, 0.000000000000000000 ) ) ;
#2563 = CARTESIAN_POINT ( 'NONE',  ( 50.77705161184999838, 37.08080026628089598, 1.522293028566120073E-11 ) ) ;
#2564 = VERTEX_POINT ( 'NONE', #1598 ) ;
#2565 = EDGE_CURVE ( 'NONE', #6058, #1169, #3837, .T. ) ;
#2566 = CARTESIAN_POINT ( 'NONE',  ( -19.56538622825640061, 24.30859340615769781, -21.22900000000370113 ) ) ;
#2567 = CIRCLE ( 'NONE', #5803, 2.999999999999999556 ) ;
#2568 = LINE ( 'NONE', #2664, #1792 ) ;
#2569 = LINE ( 'NONE', #3071, #5223 ) ;
#2570 = CARTESIAN_POINT ( 'NONE',  ( -1.010738832261489942E-14, 27.95140659384230020, -22.22900000001819976 ) ) ;
#2571 = ADVANCED_FACE ( 'NONE', ( #7160 ), #4386, .T. ) ;
#2572 = DIRECTION ( 'NONE',  ( 1.000000000000000000, -1.376885414906370062E-16, -1.164635296342740053E-17 ) ) ;
#2573 = ORIENTED_EDGE ( 'NONE', *, *, #6169, .T. ) ;
#2574 = AXIS2_PLACEMENT_3D ( 'NONE', #2460, #4674, #6873 ) ;
#2575 = ADVANCED_FACE ( 'NONE', ( #5970 ), #1151, .T. ) ;
#2576 = VERTEX_POINT ( 'NONE', #3761 ) ;
#2577 = CARTESIAN_POINT ( 'NONE',  ( -49.18582856059130393, 25.87999999999999901, -21.47900000001820331 ) ) ;
#2578 = CYLINDRICAL_SURFACE ( 'NONE', #6426, 0.4999999999999982236 ) ;
#2579 = DIRECTION ( 'NONE',  ( 0.000000000000000000, -1.000000000000000000, 0.000000000000000000 ) ) ;
#2580 = EDGE_CURVE ( 'NONE', #6917, #5185, #5540, .T. ) ;
#2581 = VERTEX_POINT ( 'NONE', #603 ) ;
#2582 = ORIENTED_EDGE ( 'NONE', *, *, #5440, .F. ) ;
#2583 = ORIENTED_EDGE ( 'NONE', *, *, #2080, .F. ) ;
#2584 = AXIS2_PLACEMENT_3D ( 'NONE', #2500, #4810, #6326 ) ;
#2585 = LINE ( 'NONE', #1971, #6228 ) ;
#2586 = FACE_OUTER_BOUND ( 'NONE', #3664, .T. ) ;
#2587 = LINE ( 'NONE', #4730, #3989 ) ;
#2588 = VERTEX_POINT ( 'NONE', #1120 ) ;
#2589 = ORIENTED_EDGE ( 'NONE', *, *, #5852, .T. ) ;
#2590 = VECTOR ( 'NONE', #1564, 1000.000000000000000 ) ;
#2591 = CARTESIAN_POINT ( 'NONE',  ( 16.21183283766312400, 29.80495998443556971, -21.22900000000370113 ) ) ;
#2592 = EDGE_CURVE ( 'NONE', #5972, #5775, #2909, .T. ) ;
#2593 = CARTESIAN_POINT ( 'NONE',  ( 16.21183283766312400, 29.80495998443556971, -21.22900000001820331 ) ) ;
#2594 = VERTEX_POINT ( 'NONE', #535 ) ;
#2595 = AXIS2_PLACEMENT_3D ( 'NONE', #3546, #899, #5759 ) ;
#2596 = ORIENTED_EDGE ( 'NONE', *, *, #961, .F. ) ;
#2597 = DIRECTION ( 'NONE',  ( -1.850371707708595302E-16, 0.01745240643728395574, -0.9998476951563912696 ) ) ;
#2598 = AXIS2_PLACEMENT_3D ( 'NONE', #1509, #6427, #3574 ) ;
#2599 = EDGE_CURVE ( 'NONE', #2143, #5999, #6038, .T. ) ;
#2600 = DIRECTION ( 'NONE',  ( -1.000000000000000000, 0.000000000000000000, 0.000000000000000000 ) ) ;
#2601 = FACE_OUTER_BOUND ( 'NONE', #442, .T. ) ;
#2602 = DIRECTION ( 'NONE',  ( 0.000000000000000000, 0.000000000000000000, 1.000000000000000000 ) ) ;
#2603 = VERTEX_POINT ( 'NONE', #464 ) ;
#2604 = CIRCLE ( 'NONE', #406, 0.4999999999999982236 ) ;
#2605 = CARTESIAN_POINT ( 'NONE',  ( 24.99452595179132786, 22.45504001556442830, -22.22900000001819976 ) ) ;
#2606 = EDGE_CURVE ( 'NONE', #3257, #3960, #3843, .T. ) ;
#2607 = CARTESIAN_POINT ( 'NONE',  ( 26.84807934238460092, 24.30859340615769781, -21.22900000000370113 ) ) ;
#2608 = VECTOR ( 'NONE', #3382, 1000.000000000000000 ) ;
#2609 = CARTESIAN_POINT ( 'NONE',  ( 4.250000000000000000, 39.08110492236869504, 1.800337431561560155E-11 ) ) ;
#2610 = ORIENTED_EDGE ( 'NONE', *, *, #6537, .T. ) ;
#2611 = ORIENTED_EDGE ( 'NONE', *, *, #4036, .F. ) ;
#2612 = ORIENTED_EDGE ( 'NONE', *, *, #5521, .F. ) ;
#2613 = AXIS2_PLACEMENT_3D ( 'NONE', #12, #2801, #2696 ) ;
#2614 = FACE_BOUND ( 'NONE', #5934, .T. ) ;
#2615 = EDGE_CURVE ( 'NONE', #7016, #4781, #4773, .T. ) ;
#2616 = DIRECTION ( 'NONE',  ( 0.7071067811865580088, 0.7071067811865372477, 0.000000000000000000 ) ) ;
#2617 = FACE_OUTER_BOUND ( 'NONE', #4698, .T. ) ;
#2618 = FACE_OUTER_BOUND ( 'NONE', #2375, .T. ) ;
#2619 = VERTEX_POINT ( 'NONE', #6545 ) ;
#2620 = ORIENTED_EDGE ( 'NONE', *, *, #4839, .F. ) ;
#2621 = AXIS2_PLACEMENT_3D ( 'NONE', #1307, #3509, #4498 ) ;
#2622 = DIRECTION ( 'NONE',  ( 0.000000000000000000, 0.06882858705988681436, -0.9976285007974359242 ) ) ;
#2623 = DIRECTION ( 'NONE',  ( -0.7071067811865475727, 0.7071067811865475727, 0.000000000000000000 ) ) ;
#2624 = CARTESIAN_POINT ( 'NONE',  ( 1.909999999999970166, 35.92452506655249778, -3.131999999986390115 ) ) ;
#2625 = VECTOR ( 'NONE', #4405, 1000.000000000000000 ) ;
#2626 = DIRECTION ( 'NONE',  ( 0.000000000000000000, 0.000000000000000000, 1.000000000000000000 ) ) ;
#2627 = EDGE_LOOP ( 'NONE', ( #549, #2372, #2092, #1909 ) ) ;
#2628 = ORIENTED_EDGE ( 'NONE', *, *, #1721, .F. ) ;
#2629 = ADVANCED_FACE ( 'NONE', ( #3801 ), #4921, .T. ) ;
#2630 = VECTOR ( 'NONE', #6291, 1000.000000000000000 ) ;
#2631 = DIRECTION ( 'NONE',  ( 0.000000000000000000, 0.000000000000000000, -1.000000000000000000 ) ) ;
#2632 = LINE ( 'NONE', #855, #4462 ) ;
#2633 = LINE ( 'NONE', #3752, #5668 ) ;
#2634 = CARTESIAN_POINT ( 'NONE',  ( -45.55991218004781729, 25.23355339059326852, -21.22900000001820331 ) ) ;
#2635 = ORIENTED_EDGE ( 'NONE', *, *, #2439, .T. ) ;
#2636 = EDGE_CURVE ( 'NONE', #4949, #3034, #570, .T. ) ;
#2637 = VERTEX_POINT ( 'NONE', #6003 ) ;
#2638 = DIRECTION ( 'NONE',  ( 0.000000000000000000, 0.000000000000000000, 1.000000000000000000 ) ) ;
#2639 = FACE_OUTER_BOUND ( 'NONE', #1735, .T. ) ;
#2640 = CARTESIAN_POINT ( 'NONE',  ( -18.06538622825640061, 22.80859340615770137, -21.22900000000370113 ) ) ;
#2641 = ORIENTED_EDGE ( 'NONE', *, *, #1488, .F. ) ;
#2642 = AXIS2_PLACEMENT_3D ( 'NONE', #1644, #6565, #6087 ) ;
#2643 = ORIENTED_EDGE ( 'NONE', *, *, #1890, .T. ) ;
#2644 = EDGE_CURVE ( 'NONE', #2440, #4641, #7125, .T. ) ;
#2645 = VERTEX_POINT ( 'NONE', #31 ) ;
#2646 = DIRECTION ( 'NONE',  ( 0.000000000000000000, 0.000000000000000000, 1.000000000000000000 ) ) ;
#2647 = DIRECTION ( 'NONE',  ( -1.000000000000000000, 1.260421885272459919E-16, 0.000000000000000000 ) ) ;
#2648 = DIRECTION ( 'NONE',  ( -0.7071067811865465735, 0.7069990853988422641, -0.01234071493884437640 ) ) ;
#2649 = CARTESIAN_POINT ( 'NONE',  ( -25.84807934238470040, 23.80859340615770137, -22.22900000001819976 ) ) ;
#2650 = LINE ( 'NONE', #6864, #2447 ) ;
#2651 = CARTESIAN_POINT ( 'NONE',  ( -19.21183283766312755, 23.95504001556442475, -21.22900000001820331 ) ) ;
#2652 = ORIENTED_EDGE ( 'NONE', *, *, #1943, .T. ) ;
#2653 = ORIENTED_EDGE ( 'NONE', *, *, #1024, .F. ) ;
#2654 = EDGE_CURVE ( 'NONE', #869, #5308, #3850, .T. ) ;
#2655 = VECTOR ( 'NONE', #5931, 1000.000000000000000 ) ;
#2656 = LINE ( 'NONE', #1643, #4109 ) ;
#2657 = DIRECTION ( 'NONE',  ( 0.000000000000000000, 0.01745240643589389407, 0.9998476951564155835 ) ) ;
#2658 = CARTESIAN_POINT ( 'NONE',  ( 15.56538622825640061, 23.80859340615770137, -21.22900000000160148 ) ) ;
#2659 = CARTESIAN_POINT ( 'NONE',  ( 24.84807934238459737, 27.95140659384230020, -22.22900000001819976 ) ) ;
#2660 = ORIENTED_EDGE ( 'NONE', *, *, #5419, .T. ) ;
#2661 = VERTEX_POINT ( 'NONE', #1765 ) ;
#2662 = EDGE_CURVE ( 'NONE', #521, #4202, #1884, .T. ) ;
#2663 = LINE ( 'NONE', #6060, #6057 ) ;
#2664 = CARTESIAN_POINT ( 'NONE',  ( -36.63077245651289360, 29.45140659384229664, -21.22900000001820331 ) ) ;
#2665 = EDGE_CURVE ( 'NONE', #6804, #6621, #716, .T. ) ;
#2666 = DIRECTION ( 'NONE',  ( -3.462854061944730330E-13, -3.462854061944730330E-13, 1.000000000000000000 ) ) ;
#2667 = CARTESIAN_POINT ( 'NONE',  ( 16.06538622825639706, 29.45140659384229664, -21.22899999999770060 ) ) ;
#2668 = ORIENTED_EDGE ( 'NONE', *, *, #5983, .F. ) ;
#2669 = AXIS2_PLACEMENT_3D ( 'NONE', #6394, #3686, #5892 ) ;
#2670 =( NAMED_UNIT ( * ) PLANE_ANGLE_UNIT ( ) SI_UNIT ( $, .RADIAN. ) );
#2671 = EDGE_LOOP ( 'NONE', ( #5895, #6157, #368, #4941 ) ) ;
#2672 = LINE ( 'NONE', #6648, #6002 ) ;
#2673 = EDGE_CURVE ( 'NONE', #1562, #1047, #6849, .T. ) ;
#2674 = DIRECTION ( 'NONE',  ( 4.440892098500625176E-16, 0.7071067811864090169, -0.7071067811866860175 ) ) ;
#2675 = DIRECTION ( 'NONE',  ( 0.000000000000000000, 0.01745240643592160107, 0.9998476951564150284 ) ) ;
#2676 = ORIENTED_EDGE ( 'NONE', *, *, #1943, .F. ) ;
#2677 = ORIENTED_EDGE ( 'NONE', *, *, #1750, .T. ) ;
#2678 = VERTEX_POINT ( 'NONE', #5128 ) ;
#2679 = AXIS2_PLACEMENT_3D ( 'NONE', #3472, #683, #141 ) ;
#2680 = CARTESIAN_POINT ( 'NONE',  ( -49.27705161185000549, 15.17919973368960562, -1.044872634244110710E-18 ) ) ;
#2681 = CARTESIAN_POINT ( 'NONE',  ( -49.18582856059130393, 26.37999999999999901, -22.22900000001819976 ) ) ;
#2682 = DIRECTION ( 'NONE',  ( 7.806255641895626008E-16, 0.01745240643589234322, 0.9998476951564155835 ) ) ;
#2683 = ADVANCED_FACE ( 'NONE', ( #5752 ), #3942, .T. ) ;
#2684 = CARTESIAN_POINT ( 'NONE',  ( -35.27721906591963119, 22.45504001556442830, -21.22900000000370113 ) ) ;
#2685 = CARTESIAN_POINT ( 'NONE',  ( -19.06538622825640061, 29.20140659384229664, -21.22900000001820331 ) ) ;
#2686 = ORIENTED_EDGE ( 'NONE', *, *, #3972, .F. ) ;
#2687 = VECTOR ( 'NONE', #4270, 999.9999999999998863 ) ;
#2688 = VERTEX_POINT ( 'NONE', #2997 ) ;
#2689 =( LENGTH_UNIT ( ) NAMED_UNIT ( * ) SI_UNIT ( .MILLI., .METRE. ) );
#2690 = ORIENTED_EDGE ( 'NONE', *, *, #555, .T. ) ;
#2691 = LINE ( 'NONE', #6564, #3644 ) ;
#2692 = DIRECTION ( 'NONE',  ( -2.795780638008489905E-16, -1.000000000000000000, 0.000000000000000000 ) ) ;
#2693 = AXIS2_PLACEMENT_3D ( 'NONE', #4118, #2990, #5277 ) ;
#2694 = EDGE_CURVE ( 'NONE', #2688, #3921, #3495, .T. ) ;
#2695 = EDGE_CURVE ( 'NONE', #4856, #3554, #2318, .T. ) ;
#2696 = DIRECTION ( 'NONE',  ( 0.7071067811865494601, -0.7071067811865455743, 0.000000000000000000 ) ) ;
#2697 = CARTESIAN_POINT ( 'NONE',  ( 41.91346557064109390, 28.45140659384229664, -21.22900000001820331 ) ) ;
#2698 = EDGE_LOOP ( 'NONE', ( #3913, #3656, #6230, #2792 ) ) ;
#2699 = ORIENTED_EDGE ( 'NONE', *, *, #2164, .F. ) ;
#2700 = VECTOR ( 'NONE', #6374, 1000.000000000000000 ) ;
#2701 = CARTESIAN_POINT ( 'NONE',  ( 50.77705161184999127, 28.33040383139436003, -21.22899999999850706 ) ) ;
#2702 = EDGE_CURVE ( 'NONE', #2860, #6679, #4493, .T. ) ;
#2703 = PLANE ( 'NONE',  #2721 ) ;
#2704 = DIRECTION ( 'NONE',  ( 0.000000000000000000, 0.000000000000000000, -1.000000000000000000 ) ) ;
#2705 = VECTOR ( 'NONE', #3148, 1000.000000000000000 ) ;
#2706 = CARTESIAN_POINT ( 'NONE',  ( 17.56538622825639706, 27.95140659384230020, -21.22900000001820331 ) ) ;
#2707 = CARTESIAN_POINT ( 'NONE',  ( 43.91346557064109390, 27.38000000000000256, -21.22899999999910037 ) ) ;
#2708 = ORIENTED_EDGE ( 'NONE', *, *, #457, .F. ) ;
#2709 = VECTOR ( 'NONE', #3863, 1000.000000000000000 ) ;
#2710 = ORIENTED_EDGE ( 'NONE', *, *, #4924, .T. ) ;
#2711 = CARTESIAN_POINT ( 'NONE',  ( -19.56538622825640061, 24.30859340615769781, -22.22900000001819976 ) ) ;
#2712 = DIRECTION ( 'NONE',  ( 2.795780638008489905E-16, 1.000000000000000000, 1.044713495080869923E-18 ) ) ;
#2713 = DIRECTION ( 'NONE',  ( 0.000000000000000000, 0.000000000000000000, -1.000000000000000000 ) ) ;
#2714 = VECTOR ( 'NONE', #3299, 1000.000000000000000 ) ;
#2715 = VECTOR ( 'NONE', #7139, 1000.000000000000000 ) ;
#2716 = VERTEX_POINT ( 'NONE', #6835 ) ;
#2717 = ORIENTED_EDGE ( 'NONE', *, *, #3885, .T. ) ;
#2718 = AXIS2_PLACEMENT_3D ( 'NONE', #2008, #6416, #1468 ) ;
#2719 = ORIENTED_EDGE ( 'NONE', *, *, #84, .T. ) ;
#2720 = ADVANCED_FACE ( 'NONE', ( #1878 ), #5171, .T. ) ;
#2721 = AXIS2_PLACEMENT_3D ( 'NONE', #4910, #4978, #6124 ) ;
#2722 = DIRECTION ( 'NONE',  ( -0.7071067811865492381, -0.7071067811865457964, 0.000000000000000000 ) ) ;
#2723 = DIRECTION ( 'NONE',  ( 0.000000000000000000, 0.000000000000000000, 1.000000000000000000 ) ) ;
#2724 = DIRECTION ( 'NONE',  ( -0.7071067811865475727, -0.7071067811865475727, 0.000000000000000000 ) ) ;
#2725 = DIRECTION ( 'NONE',  ( 0.7071067811865475727, -0.7071067811865475727, 0.000000000000000000 ) ) ;
#2726 = LINE ( 'NONE', #1052, #746 ) ;
#2727 = ORIENTED_EDGE ( 'NONE', *, *, #2829, .F. ) ;
#2728 = AXIS2_PLACEMENT_3D ( 'NONE', #1202, #2410, #1822 ) ;
#2729 = ORIENTED_EDGE ( 'NONE', *, *, #5967, .T. ) ;
#2730 = EDGE_CURVE ( 'NONE', #4748, #2304, #4017, .T. ) ;
#2731 = CARTESIAN_POINT ( 'NONE',  ( 4.250000000000000000, 14.13811176596500019, -11.17199668603770135 ) ) ;
#2732 = DIRECTION ( 'NONE',  ( 1.000000000000000000, 0.000000000000000000, 0.000000000000000000 ) ) ;
#2733 = VECTOR ( 'NONE', #5647, 1000.000000000000114 ) ;
#2734 = CARTESIAN_POINT ( 'NONE',  ( 6.590000000000000746, 35.53909999997630109, -4.175999999986919953 ) ) ;
#2735 = LINE ( 'NONE', #3820, #2625 ) ;
#2736 = ORIENTED_EDGE ( 'NONE', *, *, #3350, .T. ) ;
#2737 = VERTEX_POINT ( 'NONE', #133 ) ;
#2738 = EDGE_CURVE ( 'NONE', #1104, #1340, #6615, .T. ) ;
#2739 = AXIS2_PLACEMENT_3D ( 'NONE', #5910, #2079, #4252 ) ;
#2740 = DIRECTION ( 'NONE',  ( 0.000000000000000000, 0.000000000000000000, 1.000000000000000000 ) ) ;
#2741 = CARTESIAN_POINT ( 'NONE',  ( 8.032693114128209189, 23.80859340615770137, -22.22900000001819976 ) ) ;
#2742 = DIRECTION ( 'NONE',  ( 1.294152415626060126E-16, -0.01745240643728400085, 0.9998476951563911586 ) ) ;
#2743 = VECTOR ( 'NONE', #1265, 1000.000000000000000 ) ;
#2744 = PLANE ( 'NONE',  #1000 ) ;
#2745 = ORIENTED_EDGE ( 'NONE', *, *, #5816, .F. ) ;
#2746 = ADVANCED_FACE ( 'NONE', ( #749 ), #1731, .T. ) ;
#2747 = SURFACE_STYLE_FILL_AREA ( #6541 ) ;
#2748 = ORIENTED_EDGE ( 'NONE', *, *, #3806, .T. ) ;
#2749 = DIRECTION ( 'NONE',  ( -0.7071067811865580088, -0.7071067811865372477, 0.000000000000000000 ) ) ;
#2750 = DIRECTION ( 'NONE',  ( 0.000000000000000000, 0.000000000000000000, 1.000000000000000000 ) ) ;
#2751 = DIRECTION ( 'NONE',  ( 1.000000000000000000, -1.376885414906370062E-16, -1.164635296342740053E-17 ) ) ;
#2752 = ORIENTED_EDGE ( 'NONE', *, *, #2972, .F. ) ;
#2753 = ORIENTED_EDGE ( 'NONE', *, *, #2336, .F. ) ;
#2754 = EDGE_CURVE ( 'NONE', #1030, #1920, #2806, .T. ) ;
#2755 = ORIENTED_EDGE ( 'NONE', *, *, #490, .F. ) ;
#2756 = ORIENTED_EDGE ( 'NONE', *, *, #2980, .F. ) ;
#2757 = CARTESIAN_POINT ( 'NONE',  ( -8.282693114128230505, 24.30859340615769781, -21.22900000000370113 ) ) ;
#2758 = DIRECTION ( 'NONE',  ( 0.000000000000000000, 0.000000000000000000, -1.000000000000000000 ) ) ;
#2759 = CARTESIAN_POINT ( 'NONE',  ( -37.13077245651289360, 24.30859340615769781, -21.22900000001820331 ) ) ;
#2760 = AXIS2_PLACEMENT_3D ( 'NONE', #5367, #2657, #2530 ) ;
#2761 = CARTESIAN_POINT ( 'NONE',  ( -44.66346557064109390, 25.37999999999999901, -21.22900000001820331 ) ) ;
#2762 = CARTESIAN_POINT ( 'NONE',  ( 43.91346557064109390, 29.45140659384229664, -22.22900000001819976 ) ) ;
#2763 = EDGE_CURVE ( 'NONE', #3545, #3387, #5234, .T. ) ;
#2764 = ORIENTED_EDGE ( 'NONE', *, *, #7100, .T. ) ;
#2765 = ORIENTED_EDGE ( 'NONE', *, *, #4609, .F. ) ;
#2766 = AXIS2_PLACEMENT_3D ( 'NONE', #988, #5307, #2122 ) ;
#2767 = CARTESIAN_POINT ( 'NONE',  ( 47.18582856059130393, 26.37999999999999901, -22.22900000001819976 ) ) ;
#2768 = CARTESIAN_POINT ( 'NONE',  ( -17.56538622825639706, 27.95140659384230020, -22.22900000001819976 ) ) ;
#2769 = DIRECTION ( 'NONE',  ( 0.7071067811865495711, -0.7071067811865455743, 0.000000000000000000 ) ) ;
#2770 = FACE_OUTER_BOUND ( 'NONE', #6838, .T. ) ;
#2771 = EDGE_CURVE ( 'NONE', #799, #1675, #3464, .T. ) ;
#2772 = AXIS2_PLACEMENT_3D ( 'NONE', #2520, #5396, #438 ) ;
#2773 = ORIENTED_EDGE ( 'NONE', *, *, #4514, .F. ) ;
#2774 = ORIENTED_EDGE ( 'NONE', *, *, #1360, .F. ) ;
#2775 = VECTOR ( 'NONE', #1772, 1000.000000000000000 ) ;
#2776 = CARTESIAN_POINT ( 'NONE',  ( -17.56538622825639706, 22.80859340615770137, -21.22900000001820331 ) ) ;
#2777 = DIRECTION ( 'NONE',  ( -1.000000000000000000, -5.056412698010379758E-16, 0.000000000000000000 ) ) ;
#2778 = CARTESIAN_POINT ( 'NONE',  ( -48.68582856059130393, 25.87999999999999901, -21.22900000000370113 ) ) ;
#2779 = ADVANCED_FACE ( 'NONE', ( #5713 ), #3423, .F. ) ;
#2780 = LINE ( 'NONE', #124, #4832 ) ;
#2781 = CARTESIAN_POINT ( 'NONE',  ( 47.77705161185000549, 20.82721226822379990, -21.22900000000370113 ) ) ;
#2782 = CARTESIAN_POINT ( 'NONE',  ( -49.27705161185000549, 31.39536400415470041, -17.02378304049199897 ) ) ;
#2783 = ORIENTED_EDGE ( 'NONE', *, *, #1950, .T. ) ;
#2784 =( BOUNDED_CURVE ( )  B_SPLINE_CURVE ( 3, ( #2936, #4063, #6850, #5066 ),
 .UNSPECIFIED., .F., .F. ) 
 B_SPLINE_CURVE_WITH_KNOTS ( ( 4, 4 ),
 ( 0.06888304770455840054, 1.483529864195220593 ),
 .UNSPECIFIED. ) 
 CURVE ( )  GEOMETRIC_REPRESENTATION_ITEM ( )  RATIONAL_B_SPLINE_CURVE ( ( 1.000000000000000000, 0.8400692335328227012, 0.8400692335328227012, 1.000000000000000000 ) ) 
 REPRESENTATION_ITEM ( '' )  );
#2785 = CARTESIAN_POINT ( 'NONE',  ( 33.77721906591963119, 29.80495998443556971, -22.22900000001819976 ) ) ;
#2786 = LINE ( 'NONE', #1697, #6114 ) ;
#2787 = ADVANCED_FACE ( 'NONE', ( #2462 ), #4712, .F. ) ;
#2788 = CARTESIAN_POINT ( 'NONE',  ( -0.7500000000000109912, 22.30859340615769781, -21.22900000001820331 ) ) ;
#2789 = DIRECTION ( 'NONE',  ( -1.000000000000000000, 5.056412698010379758E-16, 0.000000000000000000 ) ) ;
#2790 = ORIENTED_EDGE ( 'NONE', *, *, #2439, .F. ) ;
#2791 = ORIENTED_EDGE ( 'NONE', *, *, #1534, .F. ) ;
#2792 = ORIENTED_EDGE ( 'NONE', *, *, #922, .T. ) ;
#2793 = LINE ( 'NONE', #1085, #1188 ) ;
#2794 = DIRECTION ( 'NONE',  ( 0.000000000000000000, 0.000000000000000000, 1.000000000000000000 ) ) ;
#2795 = DIRECTION ( 'NONE',  ( 0.000000000000000000, 0.000000000000000000, -1.000000000000000000 ) ) ;
#2796 = ORIENTED_EDGE ( 'NONE', *, *, #6367, .T. ) ;
#2797 = ORIENTED_EDGE ( 'NONE', *, *, #208, .T. ) ;
#2798 = AXIS2_PLACEMENT_3D ( 'NONE', #5762, #2928, #1308 ) ;
#2799 = EDGE_LOOP ( 'NONE', ( #2284, #5651, #1769, #3956 ) ) ;
#2800 = CARTESIAN_POINT ( 'NONE',  ( 47.77705161185000549, 33.06110455255049629, -15.35804249210140071 ) ) ;
#2801 = DIRECTION ( 'NONE',  ( 3.462854061944735379E-13, 3.462854061944750020E-13, -1.000000000000000000 ) ) ;
#2802 = VECTOR ( 'NONE', #2178, 1000.000000000000000 ) ;
#2803 = LINE ( 'NONE', #6527, #654 ) ;
#2804 = ORIENTED_EDGE ( 'NONE', *, *, #5784, .F. ) ;
#2805 = ORIENTED_EDGE ( 'NONE', *, *, #6208, .F. ) ;
#2806 = CIRCLE ( 'NONE', #3370, 0.4999999999999982236 ) ;
#2807 = EDGE_CURVE ( 'NONE', #4727, #5120, #7069, .T. ) ;
#2808 = DIRECTION ( 'NONE',  ( 1.000000000000000000, 0.000000000000000000, 0.000000000000000000 ) ) ;
#2809 = DIRECTION ( 'NONE',  ( 0.000000000000000000, 0.000000000000000000, 1.000000000000000000 ) ) ;
#2810 = CARTESIAN_POINT ( 'NONE',  ( 48.29411559524740483, 15.28206582171746497, -7.397503198545522550E-18 ) ) ;
#2811 = CARTESIAN_POINT ( 'NONE',  ( 33.63077245651290070, 29.45140659384229664, -22.22900000001819976 ) ) ;
#2812 = CIRCLE ( 'NONE', #6860, 0.4999999999999982236 ) ;
#2813 = ORIENTED_EDGE ( 'NONE', *, *, #6457, .T. ) ;
#2814 = EDGE_CURVE ( 'NONE', #6076, #1040, #3958, .T. ) ;
#2815 = DIRECTION ( 'NONE',  ( 0.7071067811865475727, -0.7071067811865475727, 0.000000000000000000 ) ) ;
#2816 = VECTOR ( 'NONE', #2148, 1000.000000000000000 ) ;
#2817 = DIRECTION ( 'NONE',  ( -0.7071067811865475727, 0.7071067811865475727, 0.000000000000000000 ) ) ;
#2818 = CARTESIAN_POINT ( 'NONE',  ( -49.27705161185000549, 35.99487030189180103, -4.914197495368780366 ) ) ;
#2819 = CARTESIAN_POINT ( 'NONE',  ( -49.27705161185000549, 35.93056915891659742, -8.598007510543499876 ) ) ;
#2820 = ORIENTED_EDGE ( 'NONE', *, *, #2565, .T. ) ;
#2821 = EDGE_CURVE ( 'NONE', #4053, #3794, #4431, .T. ) ;
#2822 = CARTESIAN_POINT ( 'NONE',  ( -26.34807934238470040, 23.05859340615770137, -22.22900000001819976 ) ) ;
#2823 = LINE ( 'NONE', #3949, #919 ) ;
#2824 = CIRCLE ( 'NONE', #2022, 0.4999999999999994449 ) ;
#2825 = FACE_OUTER_BOUND ( 'NONE', #2506, .T. ) ;
#2826 = VERTEX_POINT ( 'NONE', #3617 ) ;
#2827 = ORIENTED_EDGE ( 'NONE', *, *, #6334, .T. ) ;
#2828 = AXIS2_PLACEMENT_3D ( 'NONE', #5770, #4214, #5297 ) ;
#2829 = EDGE_CURVE ( 'NONE', #660, #825, #6139, .T. ) ;
#2830 = CARTESIAN_POINT ( 'NONE',  ( -49.98415839303655162, 36.63756824429767534, -8.610348225482052698 ) ) ;
#2831 = AXIS2_PLACEMENT_3D ( 'NONE', #475, #5980, #6013 ) ;
#2832 = ORIENTED_EDGE ( 'NONE', *, *, #5763, .F. ) ;
#2833 = CYLINDRICAL_SURFACE ( 'NONE', #5604, 0.4999999999999982236 ) ;
#2834 = DIRECTION ( 'NONE',  ( 3.462970525474364994E-13, -3.462970525474364994E-13, 1.000000000000000000 ) ) ;
#2835 = VECTOR ( 'NONE', #5957, 1000.000000000000000 ) ;
#2836 = DIRECTION ( 'NONE',  ( -5.056412698010379758E-16, -1.000000000000000000, 0.000000000000000000 ) ) ;
#2837 = ORIENTED_EDGE ( 'NONE', *, *, #5009, .F. ) ;
#2838 = ORIENTED_EDGE ( 'NONE', *, *, #2933, .T. ) ;
#2839 = EDGE_CURVE ( 'NONE', #4748, #1818, #5107, .T. ) ;
#2840 = AXIS2_PLACEMENT_3D ( 'NONE', #5046, #6787, #2950 ) ;
#2841 = FACE_OUTER_BOUND ( 'NONE', #5268, .T. ) ;
#2842 = CARTESIAN_POINT ( 'NONE',  ( -35.13077245651290070, 27.95140659384230020, -21.22899999999869891 ) ) ;
#2843 = DIRECTION ( 'NONE',  ( -1.000000000000000000, 1.418895223102129704E-16, 1.164635296342740053E-17 ) ) ;
#2844 = CARTESIAN_POINT ( 'NONE',  ( -49.27705161185000549, 18.12693592926860120, -14.28608297392730009 ) ) ;
#2845 = DIRECTION ( 'NONE',  ( 1.000000000000000000, 0.000000000000000000, 0.000000000000000000 ) ) ;
#2846 = ADVANCED_FACE ( 'NONE', ( #325 ), #7007, .T. ) ;
#2847 = ORIENTED_EDGE ( 'NONE', *, *, #6916, .T. ) ;
#2848 = DIRECTION ( 'NONE',  ( -1.000000000000000000, 0.000000000000000000, 0.000000000000000000 ) ) ;
#2849 = VECTOR ( 'NONE', #4983, 1000.000000000000000 ) ;
#2850 = CARTESIAN_POINT ( 'NONE',  ( 7.245710992208298507, 14.17252605949494360, -11.67081093643641765 ) ) ;
#2851 = PLANE ( 'NONE',  #5622 ) ;
#2852 = CIRCLE ( 'NONE', #6432, 0.5000000000000006661 ) ;
#2853 = DIRECTION ( 'NONE',  ( -0.7071067811865475727, 0.7071067811865475727, 0.000000000000000000 ) ) ;
#2854 = ADVANCED_FACE ( 'NONE', ( #3715 ), #1375, .F. ) ;
#2855 = ORIENTED_EDGE ( 'NONE', *, *, #6071, .F. ) ;
#2856 = ORIENTED_EDGE ( 'NONE', *, *, #2644, .T. ) ;
#2857 = CARTESIAN_POINT ( 'NONE',  ( -49.27705161185000549, 33.06110455255049629, -15.35804249210140071 ) ) ;
#2858 = CARTESIAN_POINT ( 'NONE',  ( 25.34807934238459737, 22.80859340615770137, -21.22900000001820331 ) ) ;
#2859 = EDGE_CURVE ( 'NONE', #2291, #3280, #5344, .T. ) ;
#2860 = VERTEX_POINT ( 'NONE', #2570 ) ;
#2861 = CARTESIAN_POINT ( 'NONE',  ( 4.250000000000000000, 38.12188823402109961, -11.17199668602100004 ) ) ;
#2862 = ORIENTED_EDGE ( 'NONE', *, *, #3160, .T. ) ;
#2863 = CARTESIAN_POINT ( 'NONE',  ( 8.282693114128209189, 29.45140659384229664, -22.22900000001819976 ) ) ;
#2864 = LINE ( 'NONE', #1279, #914 ) ;
#2865 = CARTESIAN_POINT ( 'NONE',  ( -49.27705161185000549, 35.93056939731639687, -8.597993851613010108 ) ) ;
#2866 = CARTESIAN_POINT ( 'NONE',  ( 0.4999999999999900080, 27.95140659384230020, -22.22900000001819976 ) ) ;
#2867 = ADVANCED_FACE ( 'NONE', ( #2060 ), #388, .T. ) ;
#2868 = ORIENTED_EDGE ( 'NONE', *, *, #2013, .T. ) ;
#2869 = EDGE_LOOP ( 'NONE', ( #3051, #936, #3697, #6143 ) ) ;
#2870 = CIRCLE ( 'NONE', #1492, 0.4999999999999994449 ) ;
#2871 = ORIENTED_EDGE ( 'NONE', *, *, #127, .F. ) ;
#2872 = CARTESIAN_POINT ( 'NONE',  ( 42.41346557064109390, 25.87999999999999901, -22.22900000001819976 ) ) ;
#2873 = DIRECTION ( 'NONE',  ( -1.110223024624999878E-16, 0.000000000000000000, 1.000000000000000000 ) ) ;
#2874 = AXIS2_PLACEMENT_3D ( 'NONE', #1636, #2113, #3329 ) ;
#2875 = CARTESIAN_POINT ( 'NONE',  ( -26.84807934238470040, 29.45140659384229664, -21.22900000000370113 ) ) ;
#2876 = CARTESIAN_POINT ( 'NONE',  ( 48.48415839303653740, 15.47213756835416198, 0.000000000000000000 ) ) ;
#2877 = CYLINDRICAL_SURFACE ( 'NONE', #2175, 2.999999999999996447 ) ;
#2878 = CARTESIAN_POINT ( 'NONE',  ( 50.46850034877694924, 14.62792382150574255, -5.880426958892950214E-16 ) ) ;
#2879 = ORIENTED_EDGE ( 'NONE', *, *, #6612, .T. ) ;
#2880 = CIRCLE ( 'NONE', #5073, 0.4999999999999996114 ) ;
#2881 = CARTESIAN_POINT ( 'NONE',  ( 7.753893434892780157, 17.07757510388659838, -17.47936283566500038 ) ) ;
#2882 = EDGE_CURVE ( 'NONE', #6235, #4680, #4779, .T. ) ;
#2883 = CARTESIAN_POINT ( 'NONE',  ( -10.13624650472150535, 22.45504001556442830, -22.22900000001819976 ) ) ;
#2884 = CARTESIAN_POINT ( 'NONE',  ( -49.18582856059130393, 26.37999999999999901, -21.47900000001820331 ) ) ;
#2885 = CARTESIAN_POINT ( 'NONE',  ( -49.98415839303655162, 15.63195921878267391, -9.156176220814627342 ) ) ;
#2886 = ORIENTED_EDGE ( 'NONE', *, *, #5928, .F. ) ;
#2887 = ORIENTED_EDGE ( 'NONE', *, *, #6736, .F. ) ;
#2888 = LINE ( 'NONE', #2397, #3319 ) ;
#2889 = ORIENTED_EDGE ( 'NONE', *, *, #3748, .F. ) ;
#2890 = ADVANCED_FACE ( 'NONE', ( #3652 ), #4126, .T. ) ;
#2891 = DIRECTION ( 'NONE',  ( 1.000000000000000000, 0.000000000000000000, 0.000000000000000000 ) ) ;
#2892 = FACE_OUTER_BOUND ( 'NONE', #4723, .T. ) ;
#2893 = ORIENTED_EDGE ( 'NONE', *, *, #249, .F. ) ;
#2894 = ORIENTED_EDGE ( 'NONE', *, *, #6122, .F. ) ;
#2895 = AXIS2_PLACEMENT_3D ( 'NONE', #5047, #3413, #5630 ) ;
#2896 = DIRECTION ( 'NONE',  ( 0.000000000000000000, 0.000000000000000000, -1.000000000000000000 ) ) ;
#2897 = EDGE_CURVE ( 'NONE', #4274, #6254, #487, .T. ) ;
#2898 = VERTEX_POINT ( 'NONE', #4198 ) ;
#2899 = DIRECTION ( 'NONE',  ( -0.7071067811865580088, -0.7071067811865372477, 0.000000000000000000 ) ) ;
#2900 = CARTESIAN_POINT ( 'NONE',  ( 42.41346557064109390, 25.87999999999999901, -21.22900000000000276 ) ) ;
#2901 = FACE_OUTER_BOUND ( 'NONE', #6363, .T. ) ;
#2902 = VERTEX_POINT ( 'NONE', #6395 ) ;
#2903 = AXIS2_PLACEMENT_3D ( 'NONE', #6660, #3332, #5436 ) ;
#2904 = ORIENTED_EDGE ( 'NONE', *, *, #6824, .T. ) ;
#2905 = AXIS2_PLACEMENT_3D ( 'NONE', #2778, #7071, #7149 ) ;
#2906 = ADVANCED_FACE ( 'NONE', ( #3578 ), #5788, .T. ) ;
#2907 = EDGE_LOOP ( 'NONE', ( #4951, #4691, #2975, #4604 ) ) ;
#2908 = PLANE ( 'NONE',  #789 ) ;
#2909 = CIRCLE ( 'NONE', #6382, 0.5000000000000006661 ) ;
#2910 = CARTESIAN_POINT ( 'NONE',  ( 42.55991218004781729, 25.52644660940672949, -21.22900000000370113 ) ) ;
#2911 = LINE ( 'NONE', #4007, #4291 ) ;
#2912 = CARTESIAN_POINT ( 'NONE',  ( -35.88077245651289360, 23.80859340615770137, -22.22900000001819976 ) ) ;
#2913 = DIRECTION ( 'NONE',  ( 0.000000000000000000, 0.000000000000000000, 1.000000000000000000 ) ) ;
#2914 = EDGE_LOOP ( 'NONE', ( #6603, #5658, #3083, #5642 ) ) ;
#2915 = VECTOR ( 'NONE', #3318, 1000.000000000000000 ) ;
#2916 = EDGE_CURVE ( 'NONE', #6215, #6016, #5380, .T. ) ;
#2917 = DIRECTION ( 'NONE',  ( 0.000000000000000000, 0.000000000000000000, 1.000000000000000000 ) ) ;
#2918 = DIRECTION ( 'NONE',  ( 3.462970525474364994E-13, -3.462970525474490202E-13, 1.000000000000000000 ) ) ;
#2919 = CIRCLE ( 'NONE', #2693, 0.9999999999822493102 ) ;
#2920 = CYLINDRICAL_SURFACE ( 'NONE', #6316, 0.4999999999999994449 ) ;
#2921 = CARTESIAN_POINT ( 'NONE',  ( -9.853229343548259563E-15, 29.20140659384229664, -22.22900000001819976 ) ) ;
#2922 = ORIENTED_EDGE ( 'NONE', *, *, #733, .F. ) ;
#2923 = ORIENTED_EDGE ( 'NONE', *, *, #1409, .F. ) ;
#2924 = CARTESIAN_POINT ( 'NONE',  ( 1.927640926320810077, 16.70325907367919882, -3.974363289483680006 ) ) ;
#2925 = VECTOR ( 'NONE', #2002, 1000.000000000000000 ) ;
#2926 = ORIENTED_EDGE ( 'NONE', *, *, #2183, .T. ) ;
#2927 = DIRECTION ( 'NONE',  ( -0.7071067811865494601, 0.7071067811865455743, 0.000000000000000000 ) ) ;
#2928 = DIRECTION ( 'NONE',  ( 1.000000000000000000, -2.795780638008530334E-16, -1.284735056156732038E-16 ) ) ;
#2929 = AXIS2_PLACEMENT_3D ( 'NONE', #3251, #2066, #4952 ) ;
#2930 = FACE_OUTER_BOUND ( 'NONE', #3584, .T. ) ;
#2931 = EDGE_LOOP ( 'NONE', ( #3822, #137, #5131, #3912 ) ) ;
#2932 = ORIENTED_EDGE ( 'NONE', *, *, #3824, .F. ) ;
#2933 = EDGE_CURVE ( 'NONE', #1397, #1767, #2346, .T. ) ;
#2934 = ORIENTED_EDGE ( 'NONE', *, *, #5989, .T. ) ;
#2935 = AXIS2_PLACEMENT_3D ( 'NONE', #2129, #6532, #1584 ) ;
#2936 = CARTESIAN_POINT ( 'NONE',  ( 7.245710992208298507, 38.08747394049182589, -11.67081093641976430 ) ) ;
#2937 = VERTEX_POINT ( 'NONE', #6577 ) ;
#2938 = DIRECTION ( 'NONE',  ( 0.7071067811865489050, -0.7069990853988225021, -0.01234071493982709725 ) ) ;
#2939 = DIRECTION ( 'NONE',  ( 0.000000000000000000, 0.000000000000000000, 1.000000000000000000 ) ) ;
#2940 = DIRECTION ( 'NONE',  ( 0.000000000000000000, 0.000000000000000000, 1.000000000000000000 ) ) ;
#2941 = ORIENTED_EDGE ( 'NONE', *, *, #4343, .T. ) ;
#2942 = AXIS2_PLACEMENT_3D ( 'NONE', #5773, #6958, #3015 ) ;
#2943 = ORIENTED_EDGE ( 'NONE', *, *, #3445, .F. ) ;
#2944 = EDGE_CURVE ( 'NONE', #5937, #4858, #1621, .T. ) ;
#2945 = CIRCLE ( 'NONE', #516, 0.4999999999999982236 ) ;
#2946 = ORIENTED_EDGE ( 'NONE', *, *, #2916, .T. ) ;
#2947 = DIRECTION ( 'NONE',  ( 0.000000000000000000, 0.000000000000000000, -1.000000000000000000 ) ) ;
#2948 = FACE_OUTER_BOUND ( 'NONE', #4245, .T. ) ;
#2949 = CIRCLE ( 'NONE', #1572, 0.5000000000000006661 ) ;
#2950 = DIRECTION ( 'NONE',  ( -0.7071067811865580088, -0.7071067811865372477, 0.000000000000000000 ) ) ;
#2951 = DIRECTION ( 'NONE',  ( -1.294152415626060126E-16, 0.01745240643728400085, -0.9998476951563911586 ) ) ;
#2952 = CARTESIAN_POINT ( 'NONE',  ( 49.89837195540965098, 38.20229141837474174, -5.551115123125779744E-16 ) ) ;
#2953 = FACE_OUTER_BOUND ( 'NONE', #2152, .T. ) ;
#2954 = EDGE_CURVE ( 'NONE', #6588, #3878, #4304, .T. ) ;
#2955 = CIRCLE ( 'NONE', #637, 0.4999999999999994449 ) ;
#2956 = ORIENTED_EDGE ( 'NONE', *, *, #3059, .F. ) ;
#2957 = CARTESIAN_POINT ( 'NONE',  ( 7.245710992208298507, 14.17252605949494360, -11.67081093643641765 ) ) ;
#2958 = DIRECTION ( 'NONE',  ( 0.7071067811865475727, -0.7071067811865475727, 0.000000000000000000 ) ) ;
#2959 = DIRECTION ( 'NONE',  ( 0.000000000000000000, 0.01745240643589389407, 0.9998476951564155835 ) ) ;
#2960 = EDGE_CURVE ( 'NONE', #5769, #5775, #423, .T. ) ;
#2961 = ORIENTED_EDGE ( 'NONE', *, *, #5708, .F. ) ;
#2962 = CIRCLE ( 'NONE', #6656, 0.4999999999999982236 ) ;
#2963 = ORIENTED_EDGE ( 'NONE', *, *, #4763, .T. ) ;
#2964 = DIRECTION ( 'NONE',  ( 0.000000000000000000, 0.000000000000000000, 1.000000000000000000 ) ) ;
#2965 = AXIS2_PLACEMENT_3D ( 'NONE', #2782, #4948, #1002 ) ;
#2966 = ORIENTED_EDGE ( 'NONE', *, *, #2738, .F. ) ;
#2967 = DIRECTION ( 'NONE',  ( 0.000000000000000000, 0.000000000000000000, 1.000000000000000000 ) ) ;
#2968 = AXIS2_PLACEMENT_3D ( 'NONE', #4125, #6874, #6325 ) ;
#2969 =( BOUNDED_CURVE ( )  B_SPLINE_CURVE ( 3, ( #1176, #6711, #4008, #3317 ),
 .UNSPECIFIED., .F., .F. ) 
 B_SPLINE_CURVE_WITH_KNOTS ( ( 4, 4 ),
 ( 3.700743415417199479E-16, 0.7853981633974441712 ),
 .UNSPECIFIED. ) 
 CURVE ( )  GEOMETRIC_REPRESENTATION_ITEM ( )  RATIONAL_B_SPLINE_CURVE ( ( 1.000000000000000000, 0.9492530216741916771, 0.9492530216741916771, 1.000000000000000000 ) ) 
 REPRESENTATION_ITEM ( '' )  );
#2970 = DIRECTION ( 'NONE',  ( -1.587155626613709928E-16, 1.000000000000000000, 0.000000000000000000 ) ) ;
#2971 = CARTESIAN_POINT ( 'NONE',  ( -49.27705161185000549, 36.93041685405530217, -8.615459916979109067 ) ) ;
#2972 = EDGE_CURVE ( 'NONE', #3216, #4174, #6043, .T. ) ;
#2973 = ORIENTED_EDGE ( 'NONE', *, *, #593, .F. ) ;
#2974 = ORIENTED_EDGE ( 'NONE', *, *, #5679, .T. ) ;
#2975 = ORIENTED_EDGE ( 'NONE', *, *, #714, .T. ) ;
#2976 = DIRECTION ( 'NONE',  ( 0.000000000000000000, 0.000000000000000000, 1.000000000000000000 ) ) ;
#2977 = EDGE_LOOP ( 'NONE', ( #6705, #5808, #2710, #3188 ) ) ;
#2978 = CARTESIAN_POINT ( 'NONE',  ( 8.782693114128209189, 29.45140659384229664, -21.22899999999770060 ) ) ;
#2979 = CYLINDRICAL_SURFACE ( 'NONE', #2992, 0.4999999999999994449 ) ;
#2980 = EDGE_CURVE ( 'NONE', #7154, #2645, #384, .T. ) ;
#2981 = VECTOR ( 'NONE', #1661, 1000.000000000000000 ) ;
#2982 = DIRECTION ( 'NONE',  ( 1.391738615630240465E-16, 0.01745240643589420632, 0.9998476951564154724 ) ) ;
#2983 = ORIENTED_EDGE ( 'NONE', *, *, #3672, .T. ) ;
#2984 = ORIENTED_EDGE ( 'NONE', *, *, #5239, .T. ) ;
#2985 = CARTESIAN_POINT ( 'NONE',  ( -26.20163273297797346, 23.95504001556442475, -22.22900000001819976 ) ) ;
#2986 = VERTEX_POINT ( 'NONE', #3279 ) ;
#2987 = ADVANCED_FACE ( 'NONE', ( #1035 ), #7072, .F. ) ;
#2988 = DIRECTION ( 'NONE',  ( -0.7071067811865580088, -0.7071067811865372477, 0.000000000000000000 ) ) ;
#2989 = CARTESIAN_POINT ( 'NONE',  ( -44.91346557064109390, 22.30859340615769781, -21.22900000001820331 ) ) ;
#2990 = DIRECTION ( 'NONE',  ( 0.000000000000000000, 0.01745240643592160107, 0.9998476951564150284 ) ) ;
#2991 = ORIENTED_EDGE ( 'NONE', *, *, #118, .T. ) ;
#2992 = AXIS2_PLACEMENT_3D ( 'NONE', #5149, #1201, #5619 ) ;
#2993 = CARTESIAN_POINT ( 'NONE',  ( 26.34807934238460092, 29.45140659384229664, -21.22899999999770060 ) ) ;
#2994 = EDGE_CURVE ( 'NONE', #258, #1171, #6729, .T. ) ;
#2995 = CARTESIAN_POINT ( 'NONE',  ( -1.646446609406725381, 23.95504001556442475, -21.22900000000370113 ) ) ;
#2996 = CARTESIAN_POINT ( 'NONE',  ( -17.41893961884967013, 28.30495998443557326, -21.22900000000370113 ) ) ;
#2997 = CARTESIAN_POINT ( 'NONE',  ( 50.77705161184999838, 35.93056939731629740, -8.597993851613018990 ) ) ;
#2998 = ORIENTED_EDGE ( 'NONE', *, *, #1481, .F. ) ;
#2999 = AXIS2_PLACEMENT_3D ( 'NONE', #472, #2682, #2150 ) ;
#3000 = ORIENTED_EDGE ( 'NONE', *, *, #2202, .T. ) ;
#3001 = CARTESIAN_POINT ( 'NONE',  ( 33.63077245651290070, 24.30859340615769781, -22.22900000001819976 ) ) ;
#3002 = VERTEX_POINT ( 'NONE', #562 ) ;
#3003 = CYLINDRICAL_SURFACE ( 'NONE', #390, 2.999999999999998224 ) ;
#3004 = EDGE_CURVE ( 'NONE', #6340, #3896, #1538, .T. ) ;
#3005 = DIRECTION ( 'NONE',  ( -3.462854061944735379E-13, -3.462854061944750020E-13, 1.000000000000000000 ) ) ;
#3006 = FACE_OUTER_BOUND ( 'NONE', #1921, .T. ) ;
#3007 = ORIENTED_EDGE ( 'NONE', *, *, #5170, .F. ) ;
#3008 = ORIENTED_EDGE ( 'NONE', *, *, #5591, .F. ) ;
#3009 = ORIENTED_EDGE ( 'NONE', *, *, #1024, .T. ) ;
#3010 = DIRECTION ( 'NONE',  ( -1.000000000000000000, 2.795780638009404984E-16, 1.904305982715405095E-28 ) ) ;
#3011 = ORIENTED_EDGE ( 'NONE', *, *, #3692, .T. ) ;
#3012 = DIRECTION ( 'NONE',  ( 0.000000000000000000, 0.000000000000000000, -1.000000000000000000 ) ) ;
#3013 = CARTESIAN_POINT ( 'NONE',  ( 43.41346557064109390, 29.45140659384229664, -21.22900000000370113 ) ) ;
#3014 = AXIS2_PLACEMENT_3D ( 'NONE', #999, #3213, #455 ) ;
#3015 = DIRECTION ( 'NONE',  ( -0.7071067811865492381, -0.7071067811865457964, 0.000000000000000000 ) ) ;
#3016 = DIRECTION ( 'NONE',  ( -3.462854061944730330E-13, -3.462854061944730330E-13, 1.000000000000000000 ) ) ;
#3017 = VERTEX_POINT ( 'NONE', #2781 ) ;
#3018 = ORIENTED_EDGE ( 'NONE', *, *, #3210, .T. ) ;
#3019 = VECTOR ( 'NONE', #6247, 1000.000000000000000 ) ;
#3020 = ORIENTED_EDGE ( 'NONE', *, *, #2401, .F. ) ;
#3021 = CARTESIAN_POINT ( 'NONE',  ( 1.254289007791671073, 38.08747394049182589, -11.67081093641976430 ) ) ;
#3022 = FACE_OUTER_BOUND ( 'NONE', #3502, .T. ) ;
#3023 = CYLINDRICAL_SURFACE ( 'NONE', #3889, 0.5000000000000006661 ) ;
#3024 = CARTESIAN_POINT ( 'NONE',  ( -25.84807934238470040, 24.30859340615769781, -21.22900000000370113 ) ) ;
#3025 = AXIS2_PLACEMENT_3D ( 'NONE', #474, #3231, #6693 ) ;
#3026 = CARTESIAN_POINT ( 'NONE',  ( -34.63077245651290070, 27.95140659384230020, -21.22900000001820331 ) ) ;
#3027 = ADVANCED_FACE ( 'NONE', ( #4880 ), #3177, .T. ) ;
#3028 = VECTOR ( 'NONE', #6586, 1000.000000000000000 ) ;
#3029 = CARTESIAN_POINT ( 'NONE',  ( 47.77705161185000549, 26.12999999999999901, -8.426937939554479229 ) ) ;
#3030 = CARTESIAN_POINT ( 'NONE',  ( 4.250000000000000000, 36.93041685405530217, -8.615459916979109067 ) ) ;
#3031 = CARTESIAN_POINT ( 'NONE',  ( 35.13077245651290070, 27.95140659384230020, -21.22899999999869891 ) ) ;
#3032 = CARTESIAN_POINT ( 'NONE',  ( -8.282693114128230505, 24.30859340615769781, -21.22900000001820331 ) ) ;
#3033 = AXIS2_PLACEMENT_3D ( 'NONE', #6684, #6757, #6798 ) ;
#3034 = VERTEX_POINT ( 'NONE', #3246 ) ;
#3035 = CARTESIAN_POINT ( 'NONE',  ( -51.39837195540964387, 38.20229141837474884, 8.673617379884035472E-16 ) ) ;
#3036 = ORIENTED_EDGE ( 'NONE', *, *, #1588, .T. ) ;
#3037 = EDGE_CURVE ( 'NONE', #2661, #6090, #5495, .T. ) ;
#3038 = LINE ( 'NONE', #2431, #3674 ) ;
#3039 = EDGE_CURVE ( 'NONE', #7154, #6588, #491, .T. ) ;
#3040 = ORIENTED_EDGE ( 'NONE', *, *, #6425, .T. ) ;
#3041 = VECTOR ( 'NONE', #2168, 1000.000000000000000 ) ;
#3042 = CARTESIAN_POINT ( 'NONE',  ( 47.77705161185000549, 31.43278773177619811, -21.22899999999630083 ) ) ;
#3043 = DIRECTION ( 'NONE',  ( -1.164635296333200074E-17, 6.925824587419099363E-13, -1.000000000000000000 ) ) ;
#3044 = CARTESIAN_POINT ( 'NONE',  ( -37.13077245651289360, 24.30859340615769781, -22.22900000001819976 ) ) ;
#3045 = LINE ( 'NONE', #3627, #1421 ) ;
#3046 = EDGE_LOOP ( 'NONE', ( #6654, #3711, #4297, #2699 ) ) ;
#3047 = CIRCLE ( 'NONE', #846, 0.4999999999999994449 ) ;
#3048 = EDGE_LOOP ( 'NONE', ( #4965, #148, #5570, #6529 ) ) ;
#3049 = EDGE_CURVE ( 'NONE', #1093, #4406, #4448, .T. ) ;
#3050 = DIRECTION ( 'NONE',  ( 0.000000000000000000, 0.000000000000000000, -1.000000000000000000 ) ) ;
#3051 = ORIENTED_EDGE ( 'NONE', *, *, #956, .T. ) ;
#3052 = DIRECTION ( 'NONE',  ( 0.000000000000000000, -0.01745240643728380309, 0.9998476951563912696 ) ) ;
#3053 = DIRECTION ( 'NONE',  ( 0.000000000000000000, 0.000000000000000000, 1.000000000000000000 ) ) ;
#3054 = CIRCLE ( 'NONE', #7087, 0.4999999999999982236 ) ;
#3055 = CARTESIAN_POINT ( 'NONE',  ( 43.91346557064109390, 26.12999999999999901, -21.22900000001820331 ) ) ;
#3056 = DIRECTION ( 'NONE',  ( 0.000000000000000000, 0.000000000000000000, 1.000000000000000000 ) ) ;
#3057 = ORIENTED_EDGE ( 'NONE', *, *, #3145, .T. ) ;
#3058 = ORIENTED_EDGE ( 'NONE', *, *, #2421, .T. ) ;
#3059 = EDGE_CURVE ( 'NONE', #341, #1416, #4946, .T. ) ;
#3060 = CIRCLE ( 'NONE', #5598, 0.4999999999999994449 ) ;
#3061 = CYLINDRICAL_SURFACE ( 'NONE', #1087, 0.4999999999999982236 ) ;
#3062 = CARTESIAN_POINT ( 'NONE',  ( -36.13077245651289360, 29.45140659384229664, -22.22900000001819976 ) ) ;
#3063 = CIRCLE ( 'NONE', #2942, 0.4999999999999994449 ) ;
#3064 = CIRCLE ( 'NONE', #2828, 0.4999999999999982236 ) ;
#3065 = CARTESIAN_POINT ( 'NONE',  ( -25.84807934238470040, 23.80859340615770137, -21.22900000000160148 ) ) ;
#3066 = CARTESIAN_POINT ( 'NONE',  ( -50.17420119082565577, 36.59779068497928733, 1.098878666414597616E-17 ) ) ;
#3067 = EDGE_CURVE ( 'NONE', #4596, #1093, #2007, .T. ) ;
#3068 = AXIS2_PLACEMENT_3D ( 'NONE', #5458, #1729, #6613 ) ;
#3069 = VECTOR ( 'NONE', #420, 1000.000000000000000 ) ;
#3070 = CARTESIAN_POINT ( 'NONE',  ( -1.646446609406725381, 23.95504001556442475, -22.22900000001819976 ) ) ;
#3071 = CARTESIAN_POINT ( 'NONE',  ( -26.49452595179142733, 29.80495998443556971, -21.22900000001820331 ) ) ;
#3072 = EDGE_CURVE ( 'NONE', #5929, #879, #975, .T. ) ;
#3073 = DIRECTION ( 'NONE',  ( -0.7071067811865475727, -0.7071067811865475727, 0.000000000000000000 ) ) ;
#3074 = VECTOR ( 'NONE', #2160, 1000.000000000000000 ) ;
#3075 = DIRECTION ( 'NONE',  ( -0.7071067811865580088, -0.7071067811865372477, 0.000000000000000000 ) ) ;
#3076 = EDGE_LOOP ( 'NONE', ( #4351, #85, #5690, #3494 ) ) ;
#3077 = ORIENTED_EDGE ( 'NONE', *, *, #1183, .F. ) ;
#3078 = CIRCLE ( 'NONE', #1094, 0.5000000000000006661 ) ;
#3079 = CARTESIAN_POINT ( 'NONE',  ( -43.91346557064109390, 23.05859340615770137, -22.22900000001819976 ) ) ;
#3080 = ADVANCED_FACE ( 'NONE', ( #3455 ), #1726, .F. ) ;
#3081 = CARTESIAN_POINT ( 'NONE',  ( 48.48415839303653740, 36.78786243161604119, 0.000000000000000000 ) ) ;
#3082 = FACE_OUTER_BOUND ( 'NONE', #3373, .T. ) ;
#3083 = ORIENTED_EDGE ( 'NONE', *, *, #6736, .T. ) ;
#3084 = ORIENTED_EDGE ( 'NONE', *, *, #3598, .T. ) ;
#3085 = ORIENTED_EDGE ( 'NONE', *, *, #4778, .F. ) ;
#3086 = AXIS2_PLACEMENT_3D ( 'NONE', #1374, #5787, #4640 ) ;
#3087 = DIRECTION ( 'NONE',  ( 0.000000000000000000, -1.000000000000000000, -1.389999226830700028E-12 ) ) ;
#3088 = ORIENTED_EDGE ( 'NONE', *, *, #2654, .T. ) ;
#3089 = CYLINDRICAL_SURFACE ( 'NONE', #6061, 0.4999999999999982236 ) ;
#3090 = CARTESIAN_POINT ( 'NONE',  ( -49.27705161185000549, 35.99487030189180103, -4.914197495368780366 ) ) ;
#3091 = ADVANCED_FACE ( 'NONE', ( #1177 ), #6128, .T. ) ;
#3092 = FACE_OUTER_BOUND ( 'NONE', #4872, .T. ) ;
#3093 = LINE ( 'NONE', #3600, #773 ) ;
#3094 = VERTEX_POINT ( 'NONE', #1145 ) ;
#3095 = VECTOR ( 'NONE', #5595, 1000.000000000000000 ) ;
#3096 = VERTEX_POINT ( 'NONE', #3377 ) ;
#3097 = AXIS2_PLACEMENT_3D ( 'NONE', #5666, #3348, #6127 ) ;
#3098 = CARTESIAN_POINT ( 'NONE',  ( -48.68582856059130393, 26.37999999999999901, -21.47900000001820331 ) ) ;
#3099 = CARTESIAN_POINT ( 'NONE',  ( 47.77705161185000549, 26.13000000000100087, -8.426937939554100865 ) ) ;
#3100 = EDGE_CURVE ( 'NONE', #1733, #3096, #6907, .T. ) ;
#3101 = CARTESIAN_POINT ( 'NONE',  ( -17.06538622825639706, 28.45140659384229664, -21.22900000001820331 ) ) ;
#3102 = ORIENTED_EDGE ( 'NONE', *, *, #7109, .T. ) ;
#3103 = CARTESIAN_POINT ( 'NONE',  ( 9.282693114128210965, 24.30859340615769781, -21.22900000001820331 ) ) ;
#3104 = EDGE_CURVE ( 'NONE', #2406, #2588, #163, .T. ) ;
#3105 = CARTESIAN_POINT ( 'NONE',  ( -9.782693114128232281, 22.80859340615770137, -21.22900000000370113 ) ) ;
#3106 = EDGE_CURVE ( 'NONE', #4607, #6571, #2812, .T. ) ;
#3107 = DIRECTION ( 'NONE',  ( 0.000000000000000000, -1.000000000000000000, 0.000000000000000000 ) ) ;
#3108 = DIRECTION ( 'NONE',  ( 0.000000000000000000, 0.000000000000000000, -1.000000000000000000 ) ) ;
#3109 = DIRECTION ( 'NONE',  ( 0.000000000000000000, 0.000000000000000000, 1.000000000000000000 ) ) ;
#3110 = DIRECTION ( 'NONE',  ( 0.000000000000000000, 0.000000000000000000, -1.000000000000000000 ) ) ;
#3111 = VERTEX_POINT ( 'NONE', #5596 ) ;
#3112 = AXIS2_PLACEMENT_3D ( 'NONE', #200, #5662, #5114 ) ;
#3113 = EDGE_CURVE ( 'NONE', #723, #134, #842, .T. ) ;
#3114 = VERTEX_POINT ( 'NONE', #2386 ) ;
#3115 = CARTESIAN_POINT ( 'NONE',  ( 8.929139723534936124, 23.95504001556442475, -21.22900000001820331 ) ) ;
#3116 = DIRECTION ( 'NONE',  ( 0.000000000000000000, 1.000000000000000000, 6.925824587419099363E-13 ) ) ;
#3117 = DIRECTION ( 'NONE',  ( -3.462970525474364994E-13, 3.462970525474364994E-13, -1.000000000000000000 ) ) ;
#3118 = DIRECTION ( 'NONE',  ( 0.000000000000000000, 0.000000000000000000, -1.000000000000000000 ) ) ;
#3119 = ORIENTED_EDGE ( 'NONE', *, *, #5334, .T. ) ;
#3120 = VERTEX_POINT ( 'NONE', #3349 ) ;
#3121 = ORIENTED_EDGE ( 'NONE', *, *, #6745, .T. ) ;
#3122 = EDGE_CURVE ( 'NONE', #4680, #2513, #4554, .T. ) ;
#3123 = LINE ( 'NONE', #5807, #2925 ) ;
#3124 = ORIENTED_EDGE ( 'NONE', *, *, #2280, .F. ) ;
#3125 = DIRECTION ( 'NONE',  ( 0.7071067811865492381, 0.7071067811865457964, 0.000000000000000000 ) ) ;
#3126 = DIRECTION ( 'NONE',  ( -0.7071067811865475727, 0.7071067811865475727, 0.000000000000000000 ) ) ;
#3127 = CARTESIAN_POINT ( 'NONE',  ( -45.41346557064109390, 22.80859340615770137, -21.22900000001820331 ) ) ;
#3128 = LINE ( 'NONE', #5331, #3292 ) ;
#3129 = ORIENTED_EDGE ( 'NONE', *, *, #4121, .T. ) ;
#3130 = ORIENTED_EDGE ( 'NONE', *, *, #4871, .F. ) ;
#3131 = CARTESIAN_POINT ( 'NONE',  ( 17.56538622825639706, 27.95140659384230020, -21.22899999999869891 ) ) ;
#3132 = EDGE_CURVE ( 'NONE', #4495, #2826, #3968, .T. ) ;
#3133 = DIRECTION ( 'NONE',  ( -0.7071067811865492381, -0.7071067811865457964, 0.000000000000000000 ) ) ;
#3134 = DIRECTION ( 'NONE',  ( 0.000000000000000000, 0.000000000000000000, -1.000000000000000000 ) ) ;
#3135 = CARTESIAN_POINT ( 'NONE',  ( 15.91893961884967368, 23.95504001556442475, -22.22900000001819976 ) ) ;
#3136 = ORIENTED_EDGE ( 'NONE', *, *, #4011, .F. ) ;
#3137 = VERTEX_POINT ( 'NONE', #668 ) ;
#3138 = ADVANCED_FACE ( 'NONE', ( #6712 ), #3493, .F. ) ;
#3139 = VECTOR ( 'NONE', #2279, 1000.000000000000000 ) ;
#3140 = LINE ( 'NONE', #6941, #5955 ) ;
#3141 = CARTESIAN_POINT ( 'NONE',  ( 26.84807934238460092, 24.30859340615769781, -21.22900000000370113 ) ) ;
#3142 = CARTESIAN_POINT ( 'NONE',  ( -27.84807934238469684, 21.94290283719080037, -21.22900000000290177 ) ) ;
#3143 = ORIENTED_EDGE ( 'NONE', *, *, #6187, .T. ) ;
#3144 = VECTOR ( 'NONE', #3847, 999.9999999999998863 ) ;
#3145 = EDGE_CURVE ( 'NONE', #3745, #247, #5632, .T. ) ;
#3146 = AXIS2_PLACEMENT_3D ( 'NONE', #6576, #6027, #4268 ) ;
#3147 = ORIENTED_EDGE ( 'NONE', *, *, #3067, .T. ) ;
#3148 = DIRECTION ( 'NONE',  ( -1.027164915372879919E-16, -0.7071067811864090169, 0.7071067811866860175 ) ) ;
#3149 = FACE_OUTER_BOUND ( 'NONE', #2125, .T. ) ;
#3150 = AXIS2_PLACEMENT_3D ( 'NONE', #1193, #1814, #220 ) ;
#3151 = CARTESIAN_POINT ( 'NONE',  ( 42.41346557064109390, 25.87999999999999901, -21.22900000001820331 ) ) ;
#3152 = EDGE_LOOP ( 'NONE', ( #2791, #3563, #1861, #7145 ) ) ;
#3153 = ORIENTED_EDGE ( 'NONE', *, *, #2183, .F. ) ;
#3154 = EDGE_LOOP ( 'NONE', ( #6453, #5373, #2820, #389 ) ) ;
#3155 = AXIS2_PLACEMENT_3D ( 'NONE', #709, #2959, #2427 ) ;
#3156 = DIRECTION ( 'NONE',  ( 0.000000000000000000, 0.7071067811876670106, -0.7071067811854280238 ) ) ;
#3157 = DIRECTION ( 'NONE',  ( -0.7071067811865495711, 0.7071067811865455743, 0.000000000000000000 ) ) ;
#3158 = CARTESIAN_POINT ( 'NONE',  ( 33.48432584710617022, 23.95504001556442475, -21.22900000000370113 ) ) ;
#3159 = CARTESIAN_POINT ( 'NONE',  ( 17.56538622825639706, 27.95140659384230020, -22.22900000001819976 ) ) ;
#3160 = EDGE_CURVE ( 'NONE', #799, #734, #4671, .T. ) ;
#3161 = ORIENTED_EDGE ( 'NONE', *, *, #599, .F. ) ;
#3162 =( BOUNDED_CURVE ( )  B_SPLINE_CURVE ( 3, ( #2006, #3670, #6854, #1356 ),
 .UNSPECIFIED., .F., .F. ) 
 B_SPLINE_CURVE_WITH_KNOTS ( ( 4, 4 ),
 ( 0.7853981633976475640, 1.345763768786162329 ),
 .UNSPECIFIED. ) 
 CURVE ( )  GEOMETRIC_REPRESENTATION_ITEM ( )  RATIONAL_B_SPLINE_CURVE ( ( 1.000000000000000000, 0.9740032691308071477, 0.9740032691308071477, 1.000000000000000000 ) ) 
 REPRESENTATION_ITEM ( '' )  );
#3163 = VERTEX_POINT ( 'NONE', #1254 ) ;
#3164 = CYLINDRICAL_SURFACE ( 'NONE', #1116, 0.4999999999999982236 ) ;
#3165 = VECTOR ( 'NONE', #263, 1000.000000000000000 ) ;
#3166 = EDGE_LOOP ( 'NONE', ( #3239, #1853, #4046, #486 ) ) ;
#3167 = CARTESIAN_POINT ( 'NONE',  ( -17.06538622825639706, 27.95140659384230020, -21.22900000000370113 ) ) ;
#3168 = DIRECTION ( 'NONE',  ( -3.462970525474364994E-13, 3.462970525474364994E-13, -1.000000000000000000 ) ) ;
#3169 = ADVANCED_FACE ( 'NONE', ( #2953 ), #205, .T. ) ;
#3170 = ORIENTED_EDGE ( 'NONE', *, *, #2328, .F. ) ;
#3171 = AXIS2_PLACEMENT_3D ( 'NONE', #5135, #5027, #1810 ) ;
#3172 = ORIENTED_EDGE ( 'NONE', *, *, #1209, .T. ) ;
#3173 = CIRCLE ( 'NONE', #397, 0.4999999999999982236 ) ;
#3174 = LINE ( 'NONE', #958, #4915 ) ;
#3175 = DIRECTION ( 'NONE',  ( 0.000000000000000000, 0.000000000000000000, -1.000000000000000000 ) ) ;
#3176 = EDGE_CURVE ( 'NONE', #6741, #3365, #470, .T. ) ;
#3177 = CYLINDRICAL_SURFACE ( 'NONE', #3857, 0.4999999999999996114 ) ;
#3179 = VECTOR ( 'NONE', #6413, 1000.000000000000000 ) ;
#3178 = DIRECTION ( 'NONE',  ( 7.806255641895625022E-16, 0.01745240643589233975, 0.9998476951564154724 ) ) ;
#3180 = ORIENTED_EDGE ( 'NONE', *, *, #4763, .F. ) ;
#3181 = AXIS2_PLACEMENT_3D ( 'NONE', #5848, #843, #6450 ) ;
#3182 = EDGE_LOOP ( 'NONE', ( #4177, #5224, #2394, #5229 ) ) ;
#3183 = DIRECTION ( 'NONE',  ( 3.462970525474364994E-13, -3.462970525474380140E-13, 1.000000000000000000 ) ) ;
#3184 = VECTOR ( 'NONE', #2777, 1000.000000000000000 ) ;
#3185 = ADVANCED_FACE ( 'NONE', ( #5238 ), #3532, .T. ) ;
#3186 = DIRECTION ( 'NONE',  ( 0.000000000000000000, -1.000000000000000000, 0.000000000000000000 ) ) ;
#3187 = DIRECTION ( 'NONE',  ( 0.000000000000000000, 0.000000000000000000, -1.000000000000000000 ) ) ;
#3188 = ORIENTED_EDGE ( 'NONE', *, *, #3700, .T. ) ;
#3189 = ORIENTED_EDGE ( 'NONE', *, *, #504, .F. ) ;
#3190 = VERTEX_POINT ( 'NONE', #1908 ) ;
#3191 = CIRCLE ( 'NONE', #4355, 0.5000000000000006661 ) ;
#3192 = LINE ( 'NONE', #2219, #1434 ) ;
#3193 = LINE ( 'NONE', #505, #2608 ) ;
#3194 = FACE_OUTER_BOUND ( 'NONE', #1186, .T. ) ;
#3195 = EDGE_CURVE ( 'NONE', #3096, #5141, #1210, .T. ) ;
#3196 = CARTESIAN_POINT ( 'NONE',  ( 1.288168572859009986, 13.65071834463829958, -11.28356573572190058 ) ) ;
#3197 = CARTESIAN_POINT ( 'NONE',  ( -10.78269311412819853, 28.45140659384229664, -21.22899999999840048 ) ) ;
#3198 = EDGE_LOOP ( 'NONE', ( #4782, #4756, #783, #4650 ) ) ;
#3199 = ORIENTED_EDGE ( 'NONE', *, *, #5866, .F. ) ;
#3200 = VECTOR ( 'NONE', #5127, 1000.000000000000000 ) ;
#3201 = FACE_OUTER_BOUND ( 'NONE', #3628, .T. ) ;
#3202 = EDGE_CURVE ( 'NONE', #6571, #6183, #5745, .T. ) ;
#3203 = DIRECTION ( 'NONE',  ( 1.000000000000000000, -2.753770829810320294E-16, -1.854079867445379931E-16 ) ) ;
#3204 = DIRECTION ( 'NONE',  ( -0.7071067811865475727, -0.7071067811865475727, 0.000000000000000000 ) ) ;
#3205 = LINE ( 'NONE', #6020, #3074 ) ;
#3206 = AXIS2_PLACEMENT_3D ( 'NONE', #1136, #2161, #1717 ) ;
#3207 = CYLINDRICAL_SURFACE ( 'NONE', #3899, 0.4999999999999996114 ) ;
#3208 = ORIENTED_EDGE ( 'NONE', *, *, #3789, .F. ) ;
#3209 = ORIENTED_EDGE ( 'NONE', *, *, #360, .T. ) ;
#3210 = EDGE_CURVE ( 'NONE', #2352, #3257, #2919, .T. ) ;
#3211 = CARTESIAN_POINT ( 'NONE',  ( -26.84807934238470040, 29.45140659384229664, -21.22900000000370113 ) ) ;
#3212 = CARTESIAN_POINT ( 'NONE',  ( -49.03938195118457344, 26.73355339059327207, -21.47900000001820331 ) ) ;
#3213 = DIRECTION ( 'NONE',  ( 0.000000000000000000, 0.000000000000000000, 1.000000000000000000 ) ) ;
#3214 = CARTESIAN_POINT ( 'NONE',  ( 8.782693114128209189, 23.05859340615770137, -21.22900000001820331 ) ) ;
#3215 = CARTESIAN_POINT ( 'NONE',  ( 43.41346557064109390, 29.45140659384229664, -22.22900000001819976 ) ) ;
#3216 = VERTEX_POINT ( 'NONE', #1438 ) ;
#3217 = EDGE_CURVE ( 'NONE', #2576, #6696, #851, .T. ) ;
#3218 = LINE ( 'NONE', #598, #4574 ) ;
#3219 = DIRECTION ( 'NONE',  ( -1.854079867443469901E-16, 0.000000000000000000, -1.000000000000000000 ) ) ;
#3220 = CARTESIAN_POINT ( 'NONE',  ( -51.39837195540964387, 16.62693592926830988, -15.78608297392700521 ) ) ;
#3221 = DIRECTION ( 'NONE',  ( -1.000000000000000000, 5.056412698010379758E-16, 1.164635296368219952E-17 ) ) ;
#3222 = VERTEX_POINT ( 'NONE', #1984 ) ;
#3223 = CIRCLE ( 'NONE', #2760, 3.000000000000002665 ) ;
#3224 = ORIENTED_EDGE ( 'NONE', *, *, #3959, .T. ) ;
#3225 = ORIENTED_EDGE ( 'NONE', *, *, #4277, .T. ) ;
#3226 = ADVANCED_FACE ( 'NONE', ( #5199 ), #1948, .F. ) ;
#3227 = ADVANCED_FACE ( 'NONE', ( #4192 ), #6389, .F. ) ;
#3228 = DIRECTION ( 'NONE',  ( 1.374643139734480873E-16, 0.9998476951564155835, -0.01745240643589299548 ) ) ;
#3229 = AXIS2_PLACEMENT_3D ( 'NONE', #6479, #6929, #4215 ) ;
#3230 = DIRECTION ( 'NONE',  ( 0.000000000000000000, 0.000000000000000000, 1.000000000000000000 ) ) ;
#3231 = DIRECTION ( 'NONE',  ( 0.000000000000000000, 0.000000000000000000, 1.000000000000000000 ) ) ;
#3232 = CARTESIAN_POINT ( 'NONE',  ( -27.70163273297797346, 22.45504001556442830, -21.22900000000370113 ) ) ;
#3233 = ORIENTED_EDGE ( 'NONE', *, *, #1006, .T. ) ;
#3234 = EDGE_LOOP ( 'NONE', ( #3438, #2832, #6493, #4956 ) ) ;
#3235 = CARTESIAN_POINT ( 'NONE',  ( 0.000000000000000000, 0.000000000000000000, 0.000000000000000000 ) ) ;
#3236 = CARTESIAN_POINT ( 'NONE',  ( 4.250000000000000000, 36.93041685405530217, -8.615459916979109067 ) ) ;
#3237 = LINE ( 'NONE', #6599, #3331 ) ;
#3238 = CARTESIAN_POINT ( 'NONE',  ( -36.63077245651289360, 29.20140659384229664, -22.22900000001819976 ) ) ;
#3239 = ORIENTED_EDGE ( 'NONE', *, *, #44, .F. ) ;
#3240 = ORIENTED_EDGE ( 'NONE', *, *, #563, .T. ) ;
#3241 = EDGE_CURVE ( 'NONE', #6272, #4064, #7079, .T. ) ;
#3242 =( BOUNDED_CURVE ( )  B_SPLINE_CURVE ( 3, ( #4721, #6918, #864, #2544 ),
 .UNSPECIFIED., .F., .F. ) 
 B_SPLINE_CURVE_WITH_KNOTS ( ( 4, 4 ),
 ( 3.141592653589802886, 3.926990816987251165 ),
 .UNSPECIFIED. ) 
 CURVE ( )  GEOMETRIC_REPRESENTATION_ITEM ( )  RATIONAL_B_SPLINE_CURVE ( ( 1.000000000000000000, 0.9492530216741911220, 0.9492530216741911220, 1.000000000000000000 ) ) 
 REPRESENTATION_ITEM ( '' )  );
#3243 = LINE ( 'NONE', #7070, #52 ) ;
#3244 = CARTESIAN_POINT ( 'NONE',  ( 1.521597585085249893, 36.93041685405530217, -8.615459916979109067 ) ) ;
#3245 = CARTESIAN_POINT ( 'NONE',  ( -50.27705161184999838, 16.32943084108359599, -8.598007510556838540 ) ) ;
#3246 = CARTESIAN_POINT ( 'NONE',  ( 35.63077245651290070, 28.45140659384229664, -22.22900000001819976 ) ) ;
#3247 = ADVANCED_FACE ( 'NONE', ( #887 ), #6279, .F. ) ;
#3248 = ORIENTED_EDGE ( 'NONE', *, *, #4112, .F. ) ;
#3249 = VECTOR ( 'NONE', #1174, 999.9999999999998863 ) ;
#3250 = ORIENTED_EDGE ( 'NONE', *, *, #3381, .T. ) ;
#3251 = CARTESIAN_POINT ( 'NONE',  ( 33.13077245651290070, 24.30859340615769781, -21.22900000001820331 ) ) ;
#3252 = CARTESIAN_POINT ( 'NONE',  ( -10.78269311412819853, 28.45140659384229664, -21.22900000001820331 ) ) ;
#3253 = DIRECTION ( 'NONE',  ( -2.405483220021173819E-16, -0.01745240643589409182, -0.9998476951564154724 ) ) ;
#3254 = LINE ( 'NONE', #6102, #2340 ) ;
#3255 = VECTOR ( 'NONE', #3108, 1000.000000000000000 ) ;
#3256 = ADVANCED_FACE ( 'NONE', ( #4504 ), #147, .T. ) ;
#3257 = VERTEX_POINT ( 'NONE', #2830 ) ;
#3258 = ORIENTED_EDGE ( 'NONE', *, *, #1427, .F. ) ;
#3259 = ORIENTED_EDGE ( 'NONE', *, *, #4609, .T. ) ;
#3260 = CIRCLE ( 'NONE', #2232, 0.5000000000000006661 ) ;
#3261 = CARTESIAN_POINT ( 'NONE',  ( -44.91346557064109390, 22.30859340615769781, -21.22900000000259979 ) ) ;
#3262 = CARTESIAN_POINT ( 'NONE',  ( 26.84807934238460092, 24.30859340615769781, -21.22900000001820331 ) ) ;
#3263 = DIRECTION ( 'NONE',  ( 2.926665980316640504E-16, 0.7071067811854261365, 0.7071067811876690090 ) ) ;
#3264 = EDGE_CURVE ( 'NONE', #6486, #4399, #4774, .T. ) ;
#3265 = AXIS2_PLACEMENT_3D ( 'NONE', #6974, #4678, #4234 ) ;
#3266 = ORIENTED_EDGE ( 'NONE', *, *, #4590, .F. ) ;
#3267 = LINE ( 'NONE', #7029, #744 ) ;
#3268 = CARTESIAN_POINT ( 'NONE',  ( 1.909999999999970166, 15.27272637235549979, -5.358137540621079609 ) ) ;
#3269 = CARTESIAN_POINT ( 'NONE',  ( -0.5000000000000109912, 22.80859340615770137, -21.22900000000370113 ) ) ;
#3270 = DIRECTION ( 'NONE',  ( -7.667477763817487357E-16, 0.01745240643589234322, 0.9998476951564155835 ) ) ;
#3271 = EDGE_CURVE ( 'NONE', #948, #1386, #2784, .T. ) ;
#3272 = ORIENTED_EDGE ( 'NONE', *, *, #1995, .T. ) ;
#3273 = EDGE_LOOP ( 'NONE', ( #6137, #3000, #3854, #5971 ) ) ;
#3274 = VECTOR ( 'NONE', #4029, 1000.000000000000000 ) ;
#3275 = DIRECTION ( 'NONE',  ( 0.000000000000000000, 1.000000000000000000, 0.000000000000000000 ) ) ;
#3276 = CARTESIAN_POINT ( 'NONE',  ( 34.63077245651290070, 22.80859340615770137, -21.22900000001820331 ) ) ;
#3277 = VECTOR ( 'NONE', #1960, 1000.000000000000000 ) ;
#3278 = EDGE_CURVE ( 'NONE', #2937, #1828, #6265, .T. ) ;
#3279 = CARTESIAN_POINT ( 'NONE',  ( 6.590000000000000746, 37.00790791514639722, -4.175999999984879807 ) ) ;
#3280 = VERTEX_POINT ( 'NONE', #3479 ) ;
#3281 = CIRCLE ( 'NONE', #4563, 0.4999999999999982236 ) ;
#3282 = CARTESIAN_POINT ( 'NONE',  ( -26.49452595179142733, 29.80495998443556971, -22.22900000001819976 ) ) ;
#3283 = ORIENTED_EDGE ( 'NONE', *, *, #1402, .T. ) ;
#3284 = EDGE_CURVE ( 'NONE', #3302, #5487, #4089, .T. ) ;
#3285 = CARTESIAN_POINT ( 'NONE',  ( -1.500000000000000000, 24.30859340615769781, -22.22900000001819976 ) ) ;
#3286 = LINE ( 'NONE', #2177, #3542 ) ;
#3287 = CARTESIAN_POINT ( 'NONE',  ( -17.56538622825639706, 25.01430943103299853, -21.22900000000080212 ) ) ;
#3288 = AXIS2_PLACEMENT_3D ( 'NONE', #180, #611, #5059 ) ;
#3289 = VECTOR ( 'NONE', #3203, 1000.000000000000000 ) ;
#3290 = ORIENTED_EDGE ( 'NONE', *, *, #6345, .F. ) ;
#3291 = ORIENTED_EDGE ( 'NONE', *, *, #4924, .F. ) ;
#3292 = VECTOR ( 'NONE', #374, 1000.000000000000000 ) ;
#3293 = VERTEX_POINT ( 'NONE', #1893 ) ;
#3294 = ORIENTED_EDGE ( 'NONE', *, *, #5386, .F. ) ;
#3295 = VECTOR ( 'NONE', #1545, 1000.000000000000000 ) ;
#3296 = CARTESIAN_POINT ( 'NONE',  ( -45.41346557064109390, 24.87999999999999901, -21.22900000001820331 ) ) ;
#3297 = ADVANCED_FACE ( 'NONE', ( #5103 ), #2366, .F. ) ;
#3298 = CARTESIAN_POINT ( 'NONE',  ( 26.20163273297787043, 29.80495998443556971, -22.22900000001819976 ) ) ;
#3299 = DIRECTION ( 'NONE',  ( 0.000000000000000000, 0.000000000000000000, -1.000000000000000000 ) ) ;
#3300 = FACE_OUTER_BOUND ( 'NONE', #34, .T. ) ;
#3301 = DIRECTION ( 'NONE',  ( 0.000000000000000000, 1.000000000000000000, 0.000000000000000000 ) ) ;
#3302 = VERTEX_POINT ( 'NONE', #4653 ) ;
#3303 = CIRCLE ( 'NONE', #2613, 0.4999999999999996114 ) ;
#3304 = EDGE_LOOP ( 'NONE', ( #1883, #2353, #2922, #6563, #4683 ) ) ;
#3305 = ADVANCED_FACE ( 'NONE', ( #655 ), #1778, .F. ) ;
#3306 = CARTESIAN_POINT ( 'NONE',  ( -1.646446609406725603, 23.95504001556442475, -21.22900000001820331 ) ) ;
#3307 = PLANE ( 'NONE',  #1379 ) ;
#3308 = CARTESIAN_POINT ( 'NONE',  ( 0.6687130576179900476, 17.96218694238200086, -18.36397467416070128 ) ) ;
#3309 = DIRECTION ( 'NONE',  ( 0.7071067811865467956, 0.7069990853988423751, -0.01234071493884210564 ) ) ;
#3310 = ORIENTED_EDGE ( 'NONE', *, *, #1349, .T. ) ;
#3311 = AXIS2_PLACEMENT_3D ( 'NONE', #3044, #5252, #5289 ) ;
#3312 = ORIENTED_EDGE ( 'NONE', *, *, #192, .F. ) ;
#3313 = EDGE_CURVE ( 'NONE', #7040, #6917, #3516, .T. ) ;
#3314 = CIRCLE ( 'NONE', #5626, 0.4999999999999996114 ) ;
#3315 = CARTESIAN_POINT ( 'NONE',  ( 47.68582856059130393, 25.87999999999999901, -22.22900000001819976 ) ) ;
#3316 = CARTESIAN_POINT ( 'NONE',  ( 8.032693114128209189, 28.45140659384229664, -21.22900000001820331 ) ) ;
#3317 = CARTESIAN_POINT ( 'NONE',  ( -51.39837195540964387, 30.19014704465804755, -21.22899999999722098 ) ) ;
#3318 = DIRECTION ( 'NONE',  ( 0.000000000000000000, -1.000000000000000000, 0.000000000000000000 ) ) ;
#3319 = VECTOR ( 'NONE', #4088, 1000.000000000000000 ) ;
#3320 = CARTESIAN_POINT ( 'NONE',  ( -18.06538622825640061, 22.80859340615770137, -21.22900000001820331 ) ) ;
#3321 = ORIENTED_EDGE ( 'NONE', *, *, #155, .T. ) ;
#3322 = EDGE_CURVE ( 'NONE', #450, #4184, #6698, .T. ) ;
#3323 = CARTESIAN_POINT ( 'NONE',  ( -17.06538622825639706, 27.95140659384230020, -21.22900000000370113 ) ) ;
#3324 = DIRECTION ( 'NONE',  ( 0.000000000000000000, 0.000000000000000000, 1.000000000000000000 ) ) ;
#3325 = ORIENTED_EDGE ( 'NONE', *, *, #3160, .F. ) ;
#3326 = EDGE_LOOP ( 'NONE', ( #2708, #6305, #5156, #432 ) ) ;
#3327 = EDGE_CURVE ( 'NONE', #4495, #1104, #2474, .T. ) ;
#3328 = CARTESIAN_POINT ( 'NONE',  ( 24.34807934238459737, 28.45140659384229664, -22.22900000001819976 ) ) ;
#3329 = DIRECTION ( 'NONE',  ( 1.000000000000000000, 0.000000000000000000, -1.854079867443469901E-16 ) ) ;
#3330 = DIRECTION ( 'NONE',  ( -3.462854061944730330E-13, -3.462854061944730330E-13, 1.000000000000000000 ) ) ;
#3331 = VECTOR ( 'NONE', #5524, 1000.000000000000000 ) ;
#3332 = DIRECTION ( 'NONE',  ( -9.819848845325710630E-16, -1.000000000000000000, 0.000000000000000000 ) ) ;
#3333 = DIRECTION ( 'NONE',  ( -1.110223024624999878E-16, 0.000000000000000000, 1.000000000000000000 ) ) ;
#3334 = EDGE_LOOP ( 'NONE', ( #4883, #3172, #1852, #3008, #2932, #5756 ) ) ;
#3335 = ORIENTED_EDGE ( 'NONE', *, *, #2580, .T. ) ;
#3336 = ADVANCED_FACE ( 'NONE', ( #765 ), #3398, .T. ) ;
#3337 = AXIS2_PLACEMENT_3D ( 'NONE', #3732, #3053, #2041 ) ;
#3338 = CARTESIAN_POINT ( 'NONE',  ( 0.4999999999999900080, 27.95140659384230020, -21.22900000001820331 ) ) ;
#3339 = FACE_OUTER_BOUND ( 'NONE', #1152, .T. ) ;
#3340 = FACE_OUTER_BOUND ( 'NONE', #1649, .T. ) ;
#3341 = AXIS2_PLACEMENT_3D ( 'NONE', #2857, #2323, #6692 ) ;
#3342 = ORIENTED_EDGE ( 'NONE', *, *, #3612, .F. ) ;
#3343 = ORIENTED_EDGE ( 'NONE', *, *, #3824, .T. ) ;
#3344 = ADVANCED_FACE ( 'NONE', ( #4540 ), #188, .F. ) ;
#3345 = CIRCLE ( 'NONE', #5201, 0.4999999999999982236 ) ;
#3346 = CARTESIAN_POINT ( 'NONE',  ( -36.13077245651289360, 29.45140659384229664, -22.22900000001819976 ) ) ;
#3347 = CARTESIAN_POINT ( 'NONE',  ( 48.04581271391467112, 15.17919973368968733, -4.663380074168255403E-18 ) ) ;
#3348 = DIRECTION ( 'NONE',  ( 0.000000000000000000, 0.000000000000000000, -1.000000000000000000 ) ) ;
#3349 = CARTESIAN_POINT ( 'NONE',  ( -27.99452595179142733, 28.30495998443557326, -21.22900000000370113 ) ) ;
#3350 = EDGE_CURVE ( 'NONE', #443, #3524, #5652, .T. ) ;
#3351 = ORIENTED_EDGE ( 'NONE', *, *, #5698, .F. ) ;
#3352 = CARTESIAN_POINT ( 'NONE',  ( 6.590000000000000746, 15.25209208482990064, -4.176000000000000156 ) ) ;
#3353 = DIRECTION ( 'NONE',  ( 0.000000000000000000, 6.809095797620623586E-13, -1.000000000000000000 ) ) ;
#3354 = CARTESIAN_POINT ( 'NONE',  ( -18.06538622825640061, 22.30859340615769781, -21.22900000000259979 ) ) ;
#3355 = ADVANCED_FACE ( 'NONE', ( #3699 ), #3740, .F. ) ;
#3356 = ORIENTED_EDGE ( 'NONE', *, *, #2354, .F. ) ;
#3357 = ORIENTED_EDGE ( 'NONE', *, *, #4269, .F. ) ;
#3358 = VERTEX_POINT ( 'NONE', #5327 ) ;
#3359 = DIRECTION ( 'NONE',  ( -1.000000000000000000, -7.549365381239490499E-29, -5.134693440070690334E-41 ) ) ;
#3360 = DIRECTION ( 'NONE',  ( 0.000000000000000000, 0.000000000000000000, 1.000000000000000000 ) ) ;
#3361 = DIRECTION ( 'NONE',  ( -2.559468911953430478E-16, -0.3463330759741131137, 0.9381116140877423515 ) ) ;
#3362 = LINE ( 'NONE', #1018, #1170 ) ;
#3363 = ADVANCED_FACE ( 'NONE', ( #2074 ), #3593, .F. ) ;
#3364 = ORIENTED_EDGE ( 'NONE', *, *, #2336, .T. ) ;
#3365 = VERTEX_POINT ( 'NONE', #3555 ) ;
#3366 = AXIS2_PLACEMENT_3D ( 'NONE', #1456, #3187, #3660 ) ;
#3367 = VERTEX_POINT ( 'NONE', #6955 ) ;
#3368 = CARTESIAN_POINT ( 'NONE',  ( -50.27705161184999838, 20.65459986684420102, -9.614499999996560575 ) ) ;
#3369 = EDGE_CURVE ( 'NONE', #695, #761, #6867, .T. ) ;
#3370 = AXIS2_PLACEMENT_3D ( 'NONE', #3384, #639, #2853 ) ;
#3371 = DIRECTION ( 'NONE',  ( 0.000000000000000000, 0.000000000000000000, 1.000000000000000000 ) ) ;
#3372 = EDGE_LOOP ( 'NONE', ( #4398, #6466, #2796, #500 ) ) ;
#3373 = EDGE_LOOP ( 'NONE', ( #4719, #5543, #1387, #177 ) ) ;
#3374 = EDGE_CURVE ( 'NONE', #7078, #6811, #3123, .T. ) ;
#3375 = LINE ( 'NONE', #6095, #3828 ) ;
#3376 = LINE ( 'NONE', #1217, #1823 ) ;
#3377 = CARTESIAN_POINT ( 'NONE',  ( 49.89837195540965098, 14.05770858159544723, -5.551115123125779744E-16 ) ) ;
#3378 = AXIS2_PLACEMENT_3D ( 'NONE', #1462, #4757, #3156 ) ;
#3379 = ORIENTED_EDGE ( 'NONE', *, *, #2559, .F. ) ;
#3380 = CIRCLE ( 'NONE', #4216, 0.4999999999999982236 ) ;
#3381 = EDGE_CURVE ( 'NONE', #3922, #359, #1495, .T. ) ;
#3382 = DIRECTION ( 'NONE',  ( -1.000000000000000000, 4.200980819405570164E-18, 1.343150083890779849E-16 ) ) ;
#3383 = DIRECTION ( 'NONE',  ( 0.000000000000000000, 0.000000000000000000, -1.000000000000000000 ) ) ;
#3384 = CARTESIAN_POINT ( 'NONE',  ( -48.68582856059130393, 26.37999999999999901, -21.22900000000370113 ) ) ;
#3385 = ORIENTED_EDGE ( 'NONE', *, *, #1596, .T. ) ;
#3386 = CIRCLE ( 'NONE', #3391, 0.4999999999999982236 ) ;
#3387 = VERTEX_POINT ( 'NONE', #6987 ) ;
#3388 = EDGE_CURVE ( 'NONE', #5308, #7163, #802, .T. ) ;
#3389 = CIRCLE ( 'NONE', #876, 0.4999999999999994449 ) ;
#3390 = CARTESIAN_POINT ( 'NONE',  ( 1.909999999999970166, 15.17919973368969977, -3.826175320126809723E-16 ) ) ;
#3391 = AXIS2_PLACEMENT_3D ( 'NONE', #3211, #18, #4409 ) ;
#3392 = DIRECTION ( 'NONE',  ( -0.7071067811865580088, -0.7071067811865372477, 0.000000000000000000 ) ) ;
#3393 = CARTESIAN_POINT ( 'NONE',  ( 0.7461065651071909777, 35.18242489610819490, -17.47936283565239890 ) ) ;
#3394 = ORIENTED_EDGE ( 'NONE', *, *, #5557, .T. ) ;
#3395 = CIRCLE ( 'NONE', #289, 0.4999999999999982236 ) ;
#3396 = VERTEX_POINT ( 'NONE', #5873 ) ;
#3397 = AXIS2_PLACEMENT_3D ( 'NONE', #1392, #2039, #3595 ) ;
#3398 = CYLINDRICAL_SURFACE ( 'NONE', #2012, 0.5000000000000002220 ) ;
#3399 = ORIENTED_EDGE ( 'NONE', *, *, #1995, .F. ) ;
#3400 = FACE_OUTER_BOUND ( 'NONE', #7107, .T. ) ;
#3401 = FACE_OUTER_BOUND ( 'NONE', #3048, .T. ) ;
#3402 = CARTESIAN_POINT ( 'NONE',  ( -52.27705161185001259, 15.37294593598058157, 9.014583335165957434E-16 ) ) ;
#3403 = VECTOR ( 'NONE', #5125, 1000.000000000000000 ) ;
#3404 = DIRECTION ( 'NONE',  ( 0.7071067811865580088, 0.7071067811865372477, 0.000000000000000000 ) ) ;
#3405 = ORIENTED_EDGE ( 'NONE', *, *, #1449, .F. ) ;
#3406 = ORIENTED_EDGE ( 'NONE', *, *, #5048, .F. ) ;
#3407 = ADVANCED_FACE ( 'NONE', ( #5905 ), #2516, .F. ) ;
#3408 = VECTOR ( 'NONE', #812, 1000.000000000000000 ) ;
#3409 = ORIENTED_EDGE ( 'NONE', *, *, #4505, .F. ) ;
#3410 = CARTESIAN_POINT ( 'NONE',  ( 47.77705161185000549, 26.13000000000666745, -18.22900000000000276 ) ) ;
#3411 = FACE_OUTER_BOUND ( 'NONE', #2180, .T. ) ;
#3412 = DIRECTION ( 'NONE',  ( 0.000000000000000000, 0.000000000000000000, 1.000000000000000000 ) ) ;
#3413 = DIRECTION ( 'NONE',  ( 0.000000000000000000, -1.000000000000000000, 0.000000000000000000 ) ) ;
#3414 = LINE ( 'NONE', #704, #3095 ) ;
#3415 = DIRECTION ( 'NONE',  ( 0.000000000000000000, 0.7071067811854270246, 0.7071067811876680098 ) ) ;
#3416 = ORIENTED_EDGE ( 'NONE', *, *, #4021, .T. ) ;
#3417 = EDGE_CURVE ( 'NONE', #1081, #3745, #3666, .T. ) ;
#3418 = AXIS2_PLACEMENT_3D ( 'NONE', #2526, #1976, #5697 ) ;
#3419 = CARTESIAN_POINT ( 'NONE',  ( -8.636246504721503570, 23.95504001556442475, -22.22900000001819976 ) ) ;
#3420 = DIRECTION ( 'NONE',  ( 1.000000000000000000, -5.056412698010379758E-16, -1.164635296368219952E-17 ) ) ;
#3421 = CARTESIAN_POINT ( 'NONE',  ( 35.13077245651290070, 27.95140659384230020, -21.22900000001820331 ) ) ;
#3422 = AXIS2_PLACEMENT_3D ( 'NONE', #6702, #2836, #230 ) ;
#3423 = CYLINDRICAL_SURFACE ( 'NONE', #29, 0.9999999999999975575 ) ;
#3424 = ORIENTED_EDGE ( 'NONE', *, *, #3966, .F. ) ;
#3425 = ORIENTED_EDGE ( 'NONE', *, *, #1459, .F. ) ;
#3426 = EDGE_CURVE ( 'NONE', #5338, #1029, #6280, .T. ) ;
#3427 = VERTEX_POINT ( 'NONE', #906 ) ;
#3428 = ORIENTED_EDGE ( 'NONE', *, *, #350, .T. ) ;
#3429 = DIRECTION ( 'NONE',  ( 0.7071067811865580088, 0.7071067811865372477, 0.000000000000000000 ) ) ;
#3430 = DIRECTION ( 'NONE',  ( 0.000000000000000000, 0.000000000000000000, 1.000000000000000000 ) ) ;
#3431 = LINE ( 'NONE', #1849, #2733 ) ;
#3432 = CARTESIAN_POINT ( 'NONE',  ( 0.9491733333957469432, 17.68172666660420234, -15.15829905317410109 ) ) ;
#3433 = DIRECTION ( 'NONE',  ( 0.000000000000000000, 0.000000000000000000, -1.000000000000000000 ) ) ;
#3434 = ORIENTED_EDGE ( 'NONE', *, *, #5352, .T. ) ;
#3435 = ORIENTED_EDGE ( 'NONE', *, *, #4814, .F. ) ;
#3436 = ADVANCED_FACE ( 'NONE', ( #1390, #2614 ), #4284, .T. ) ;
#3437 = DIRECTION ( 'NONE',  ( 0.000000000000000000, -0.7071067811864110153, 0.7071067811866840191 ) ) ;
#3438 = ORIENTED_EDGE ( 'NONE', *, *, #2069, .F. ) ;
#3439 = DIRECTION ( 'NONE',  ( 0.7071067811865580088, 0.7071067811865372477, 0.000000000000000000 ) ) ;
#3440 = LINE ( 'NONE', #5771, #2546 ) ;
#3441 = FACE_OUTER_BOUND ( 'NONE', #2671, .T. ) ;
#3442 = DIRECTION ( 'NONE',  ( 0.7071067811865475727, -0.7071067811865475727, 0.000000000000000000 ) ) ;
#3443 = EDGE_LOOP ( 'NONE', ( #545, #3698, #3018, #4330, #6346 ) ) ;
#3444 = ORIENTED_EDGE ( 'NONE', *, *, #6714, .T. ) ;
#3445 = EDGE_CURVE ( 'NONE', #2304, #3475, #2515, .T. ) ;
#3446 = CIRCLE ( 'NONE', #5414, 0.4999999999999982236 ) ;
#3447 = CARTESIAN_POINT ( 'NONE',  ( 0.1464466094067155277, 28.30495998443557326, -21.22900000001820331 ) ) ;
#3448 = ORIENTED_EDGE ( 'NONE', *, *, #4771, .F. ) ;
#3449 = DIRECTION ( 'NONE',  ( -3.462970525474364994E-13, 3.462970525474490202E-13, -1.000000000000000000 ) ) ;
#3450 = CIRCLE ( 'NONE', #1263, 0.4999999999999982236 ) ;
#3451 = DIRECTION ( 'NONE',  ( 0.000000000000000000, 0.000000000000000000, -1.000000000000000000 ) ) ;
#3452 = CARTESIAN_POINT ( 'NONE',  ( 44.05991218004781729, 27.02644660940673305, -21.22900000000370113 ) ) ;
#3453 = EDGE_CURVE ( 'NONE', #5108, #6192, #5260, .T. ) ;
#3454 = PLANE ( 'NONE',  #1007 ) ;
#3455 = FACE_OUTER_BOUND ( 'NONE', #5184, .T. ) ;
#3456 = EDGE_CURVE ( 'NONE', #3737, #5501, #4211, .T. ) ;
#3457 = ORIENTED_EDGE ( 'NONE', *, *, #3104, .F. ) ;
#3458 = VECTOR ( 'NONE', #4093, 1000.000000000000000 ) ;
#3459 = CARTESIAN_POINT ( 'NONE',  ( -0.1464466094067361224, 22.45504001556442830, -21.22900000000370113 ) ) ;
#3460 = CARTESIAN_POINT ( 'NONE',  ( -27.84807934238469684, 27.95140659384230020, -21.22899999999869891 ) ) ;
#3461 = DIRECTION ( 'NONE',  ( 0.000000000000000000, -0.7071067811864110153, 0.7071067811866840191 ) ) ;
#3462 = EDGE_CURVE ( 'NONE', #1523, #3579, #1426, .T. ) ;
#3463 = LINE ( 'NONE', #1412, #3560 ) ;
#3464 = LINE ( 'NONE', #5054, #4080 ) ;
#3465 = ORIENTED_EDGE ( 'NONE', *, *, #5043, .F. ) ;
#3466 = ORIENTED_EDGE ( 'NONE', *, *, #4015, .T. ) ;
#3467 = ORIENTED_EDGE ( 'NONE', *, *, #3202, .T. ) ;
#3468 = AXIS2_PLACEMENT_3D ( 'NONE', #2316, #1762, #6212 ) ;
#3469 = EDGE_LOOP ( 'NONE', ( #6507, #1342, #264, #2126 ) ) ;
#3470 = CARTESIAN_POINT ( 'NONE',  ( 7.247263611891781032, 38.34469901334003339, -11.68855746060789791 ) ) ;
#3471 = EDGE_CURVE ( 'NONE', #983, #4062, #3192, .T. ) ;
#3472 = CARTESIAN_POINT ( 'NONE',  ( -27.34807934238470040, 22.80859340615770137, -21.22900000000370113 ) ) ;
#3473 = CARTESIAN_POINT ( 'NONE',  ( -43.91346557064109390, 24.30859340615769781, -21.22900000000120002 ) ) ;
#3474 = CIRCLE ( 'NONE', #3014, 0.5000000000000006661 ) ;
#3475 = VERTEX_POINT ( 'NONE', #2680 ) ;
#3476 = ORIENTED_EDGE ( 'NONE', *, *, #5286, .F. ) ;
#3477 = ORIENTED_EDGE ( 'NONE', *, *, #4977, .T. ) ;
#3478 = AXIS2_PLACEMENT_3D ( 'NONE', #5161, #4116, #4153 ) ;
#3479 = CARTESIAN_POINT ( 'NONE',  ( 17.56538622825639706, 22.80859340615770137, -21.22900000000230136 ) ) ;
#3480 = CIRCLE ( 'NONE', #2669, 0.4999999999999982236 ) ;
#3481 = ORIENTED_EDGE ( 'NONE', *, *, #1088, .T. ) ;
#3482 = DIRECTION ( 'NONE',  ( 0.000000000000000000, 0.000000000000000000, -1.000000000000000000 ) ) ;
#3483 = CYLINDRICAL_SURFACE ( 'NONE', #2308, 3.000000000000003109 ) ;
#3484 = EDGE_CURVE ( 'NONE', #4727, #4831, #1602, .T. ) ;
#3485 = DIRECTION ( 'NONE',  ( -0.7071067811865475727, 0.7071067811865475727, 0.000000000000000000 ) ) ;
#3486 = ORIENTED_EDGE ( 'NONE', *, *, #405, .T. ) ;
#3487 = EDGE_LOOP ( 'NONE', ( #1195, #6921, #6888, #6069 ) ) ;
#3488 = VERTEX_POINT ( 'NONE', #1048 ) ;
#3489 = DIRECTION ( 'NONE',  ( 0.000000000000000000, 0.000000000000000000, -1.000000000000000000 ) ) ;
#3490 = ADVANCED_FACE ( 'NONE', ( #7130 ), #5469, .T. ) ;
#3491 = CARTESIAN_POINT ( 'NONE',  ( 0.1464466094067151947, 28.30495998443557326, -22.22900000001819976 ) ) ;
#3492 = CARTESIAN_POINT ( 'NONE',  ( 1.521597585085249893, 15.32958314592720050, -8.615459916994128164 ) ) ;
#3493 = PLANE ( 'NONE',  #601 ) ;
#3494 = ORIENTED_EDGE ( 'NONE', *, *, #2484, .F. ) ;
#3495 = CIRCLE ( 'NONE', #3155, 3.000000000000002665 ) ;
#3496 = FACE_OUTER_BOUND ( 'NONE', #4932, .T. ) ;
#3497 = EDGE_CURVE ( 'NONE', #3137, #1846, #2356, .T. ) ;
#3498 = CARTESIAN_POINT ( 'NONE',  ( 19.31538622825640061, 22.30859340615769781, -21.22900000000259979 ) ) ;
#3499 = DIRECTION ( 'NONE',  ( 0.000000000000000000, 0.000000000000000000, -1.000000000000000000 ) ) ;
#3500 = DIRECTION ( 'NONE',  ( 0.000000000000000000, 0.000000000000000000, 1.000000000000000000 ) ) ;
#3501 = EDGE_LOOP ( 'NONE', ( #6782, #4502, #3240, #5974 ) ) ;
#3502 = EDGE_LOOP ( 'NONE', ( #834, #912, #3130, #4461 ) ) ;
#3503 = CYLINDRICAL_SURFACE ( 'NONE', #4724, 0.5000000000000006661 ) ;
#3504 = AXIS2_PLACEMENT_3D ( 'NONE', #503, #4463, #6044 ) ;
#3505 = EDGE_CURVE ( 'NONE', #6619, #1828, #4391, .T. ) ;
#3506 = ORIENTED_EDGE ( 'NONE', *, *, #3577, .F. ) ;
#3507 = DIRECTION ( 'NONE',  ( 3.462970525474364994E-13, -3.462970525474430123E-13, 1.000000000000000000 ) ) ;
#3508 = DIRECTION ( 'NONE',  ( 0.000000000000000000, 0.9205050619264167899, -0.3907306373549989664 ) ) ;
#3509 = DIRECTION ( 'NONE',  ( 0.000000000000000000, 0.000000000000000000, 1.000000000000000000 ) ) ;
#3510 = DIRECTION ( 'NONE',  ( 0.000000000000000000, 0.000000000000000000, -1.000000000000000000 ) ) ;
#3511 = CIRCLE ( 'NONE', #6163, 0.4999999999999982236 ) ;
#3512 = ORIENTED_EDGE ( 'NONE', *, *, #2738, .T. ) ;
#3513 = ORIENTED_EDGE ( 'NONE', *, *, #2111, .F. ) ;
#3514 = ORIENTED_EDGE ( 'NONE', *, *, #3497, .F. ) ;
#3515 = EDGE_CURVE ( 'NONE', #6320, #5074, #6623, .T. ) ;
#3516 = LINE ( 'NONE', #6304, #5119 ) ;
#3517 = ORIENTED_EDGE ( 'NONE', *, *, #4315, .F. ) ;
#3518 = CARTESIAN_POINT ( 'NONE',  ( 1.254289007791670629, 14.17252605949494360, -11.67081093643641765 ) ) ;
#3519 = DIRECTION ( 'NONE',  ( 0.000000000000000000, 0.000000000000000000, -1.000000000000000000 ) ) ;
#3520 = CARTESIAN_POINT ( 'NONE',  ( -51.96850034877697055, 14.62792382150571946, 8.970865019424104202E-16 ) ) ;
#3521 = DIRECTION ( 'NONE',  ( 0.7071067811865489050, 0.7069990853988398216, -0.01234071493884437640 ) ) ;
#3522 = VERTEX_POINT ( 'NONE', #3261 ) ;
#3523 = CIRCLE ( 'NONE', #5490, 0.4999999999999994449 ) ;
#3524 = VERTEX_POINT ( 'NONE', #3328 ) ;
#3525 = EDGE_CURVE ( 'NONE', #2345, #2293, #977, .T. ) ;
#3526 = VECTOR ( 'NONE', #5500, 1000.000000000000000 ) ;
#3527 = LINE ( 'NONE', #2450, #1836 ) ;
#3528 = AXIS2_PLACEMENT_3D ( 'NONE', #6393, #1443, #1410 ) ;
#3529 = DIRECTION ( 'NONE',  ( -1.000000000000000000, 1.184344239236625769E-16, 0.000000000000000000 ) ) ;
#3530 = DIRECTION ( 'NONE',  ( 0.7071067811865495711, -0.7071067811865455743, 0.000000000000000000 ) ) ;
#3531 = CARTESIAN_POINT ( 'NONE',  ( -9.782693114128232281, 22.80859340615770137, -21.22900000000370113 ) ) ;
#3532 = CYLINDRICAL_SURFACE ( 'NONE', #3623, 2.999999999999998668 ) ;
#3533 = VECTOR ( 'NONE', #4835, 1000.000000000000000 ) ;
#3534 = VERTEX_POINT ( 'NONE', #6512 ) ;
#3535 = EDGE_CURVE ( 'NONE', #5383, #7028, #4356, .T. ) ;
#3536 = CARTESIAN_POINT ( 'NONE',  ( 50.77705161184999838, 16.26346196517519971, -4.818653140940460489 ) ) ;
#3537 = DIRECTION ( 'NONE',  ( 3.462970525474364994E-13, -3.462970525474364994E-13, 1.000000000000000000 ) ) ;
#3538 = DIRECTION ( 'NONE',  ( -1.000000000000000000, 0.000000000000000000, 0.000000000000000000 ) ) ;
#3539 = CARTESIAN_POINT ( 'NONE',  ( -52.27705161184999838, 18.12693592926860120, -14.28608297392730009 ) ) ;
#3540 = DIRECTION ( 'NONE',  ( -0.7071067811865580088, -0.7071067811865372477, 0.000000000000000000 ) ) ;
#3541 = VERTEX_POINT ( 'NONE', #575 ) ;
#3542 = VECTOR ( 'NONE', #3186, 1000.000000000000000 ) ;
#3543 = ORIENTED_EDGE ( 'NONE', *, *, #1394, .T. ) ;
#3544 = PLANE ( 'NONE',  #539 ) ;
#3545 = VERTEX_POINT ( 'NONE', #3883 ) ;
#3546 = CARTESIAN_POINT ( 'NONE',  ( -8.282693114128230505, 24.30859340615769781, -22.22900000001819976 ) ) ;
#3547 = CIRCLE ( 'NONE', #5044, 0.5000000000000006661 ) ;
#3548 = DIRECTION ( 'NONE',  ( -0.7071067811865441310, 0.7071067811865510144, 0.000000000000000000 ) ) ;
#3549 = CARTESIAN_POINT ( 'NONE',  ( 17.06538622825639706, 22.30859340615769781, -21.22900000000259979 ) ) ;
#3550 = EDGE_CURVE ( 'NONE', #4167, #2198, #2793, .T. ) ;
#3551 = ORIENTED_EDGE ( 'NONE', *, *, #4496, .T. ) ;
#3552 = VERTEX_POINT ( 'NONE', #5432 ) ;
#3553 = VECTOR ( 'NONE', #6746, 1000.000000000000000 ) ;
#3554 = VERTEX_POINT ( 'NONE', #436 ) ;
#3555 = CARTESIAN_POINT ( 'NONE',  ( -49.98415839303654451, 36.78786243161604119, 0.000000000000000000 ) ) ;
#3556 = EDGE_LOOP ( 'NONE', ( #1826, #4922, #6662, #2764 ) ) ;
#3557 = FACE_OUTER_BOUND ( 'NONE', #3326, .T. ) ;
#3558 = CARTESIAN_POINT ( 'NONE',  ( -8.282693114128230505, 23.80859340615770137, -22.22900000001819976 ) ) ;
#3559 = AXIS2_PLACEMENT_3D ( 'NONE', #4005, #6274, #2873 ) ;
#3560 = VECTOR ( 'NONE', #1877, 1000.000000000000000 ) ;
#3561 = EDGE_CURVE ( 'NONE', #1783, #347, #5242, .T. ) ;
#3562 = ORIENTED_EDGE ( 'NONE', *, *, #484, .T. ) ;
#3563 = ORIENTED_EDGE ( 'NONE', *, *, #5510, .T. ) ;
#3564 = DIRECTION ( 'NONE',  ( 0.000000000000000000, 1.000000000000000000, 0.000000000000000000 ) ) ;
#3565 = LINE ( 'NONE', #1791, #2303 ) ;
#3566 = FACE_OUTER_BOUND ( 'NONE', #2296, .T. ) ;
#3567 = LINE ( 'NONE', #1867, #4873 ) ;
#3568 = EDGE_CURVE ( 'NONE', #4184, #5644, #5975, .T. ) ;
#3569 = AXIS2_PLACEMENT_3D ( 'NONE', #1610, #2834, #1060 ) ;
#3570 = CARTESIAN_POINT ( 'NONE',  ( 1.294117030180939931, 37.62379088497529978, -11.21557455739549880 ) ) ;
#3571 = CARTESIAN_POINT ( 'NONE',  ( -49.98415839303654451, 36.78786243161604119, 0.000000000000000000 ) ) ;
#3572 = ORIENTED_EDGE ( 'NONE', *, *, #2980, .T. ) ;
#3573 = AXIS2_PLACEMENT_3D ( 'NONE', #1669, #6657, #1705 ) ;
#3574 = DIRECTION ( 'NONE',  ( 0.7071067811865492381, 0.7071067811865457964, 0.000000000000000000 ) ) ;
#3575 = CARTESIAN_POINT ( 'NONE',  ( 47.77705161185000549, 13.32988751719689802, -8.650351070938489428 ) ) ;
#3576 = CARTESIAN_POINT ( 'NONE',  ( -44.05991218004781729, 26.73355339059326852, -21.22900000000370113 ) ) ;
#3577 = EDGE_CURVE ( 'NONE', #5467, #5108, #541, .T. ) ;
#3578 = FACE_OUTER_BOUND ( 'NONE', #4772, .T. ) ;
#3579 = VERTEX_POINT ( 'NONE', #2 ) ;
#3580 = AXIS2_PLACEMENT_3D ( 'NONE', #1736, #103, #5178 ) ;
#3581 = DIRECTION ( 'NONE',  ( -0.7071067811865475727, -0.7071067811865475727, 0.000000000000000000 ) ) ;
#3582 = ORIENTED_EDGE ( 'NONE', *, *, #241, .F. ) ;
#3583 = ORIENTED_EDGE ( 'NONE', *, *, #3939, .F. ) ;
#3584 = EDGE_LOOP ( 'NONE', ( #5988, #6748, #4966, #1843 ) ) ;
#3585 = FACE_OUTER_BOUND ( 'NONE', #1370, .T. ) ;
#3586 = CARTESIAN_POINT ( 'NONE',  ( 33.13077245651290070, 23.80859340615770137, -21.22900000001820331 ) ) ;
#3587 = EDGE_CURVE ( 'NONE', #4274, #2860, #4960, .T. ) ;
#3588 = CARTESIAN_POINT ( 'NONE',  ( -51.39837195540964387, 38.20229141837474884, 8.673617379884035472E-16 ) ) ;
#3589 = CARTESIAN_POINT ( 'NONE',  ( -48.68582856059130393, 25.37999999999999901, -21.22900000000050014 ) ) ;
#3590 = ORIENTED_EDGE ( 'NONE', *, *, #1272, .T. ) ;
#3591 = ORIENTED_EDGE ( 'NONE', *, *, #173, .F. ) ;
#3592 = ORIENTED_EDGE ( 'NONE', *, *, #5625, .T. ) ;
#3593 = CYLINDRICAL_SURFACE ( 'NONE', #272, 0.4999999999999994449 ) ;
#3594 = ORIENTED_EDGE ( 'NONE', *, *, #3748, .T. ) ;
#3595 = DIRECTION ( 'NONE',  ( 0.7071067811865475727, -0.7071067811865475727, 0.000000000000000000 ) ) ;
#3596 = CARTESIAN_POINT ( 'NONE',  ( 47.77705161185000549, 16.26346196517519971, -4.818653140940460489 ) ) ;
#3597 = CIRCLE ( 'NONE', #697, 0.4999999999999982236 ) ;
#3598 = EDGE_CURVE ( 'NONE', #1283, #7011, #3047, .T. ) ;
#3599 = DIRECTION ( 'NONE',  ( -1.000000000000000000, 9.819848845325710630E-16, 1.164635296401210053E-17 ) ) ;
#3600 = CARTESIAN_POINT ( 'NONE',  ( -0.7500000000000109912, 23.80859340615770137, -22.22900000001819976 ) ) ;
#3601 = ORIENTED_EDGE ( 'NONE', *, *, #4863, .T. ) ;
#3602 = ORIENTED_EDGE ( 'NONE', *, *, #6829, .F. ) ;
#3603 = VECTOR ( 'NONE', #5085, 1000.000000000000000 ) ;
#3604 = ADVANCED_FACE ( 'NONE', ( #6552 ), #4316, .F. ) ;
#3605 = ORIENTED_EDGE ( 'NONE', *, *, #7063, .T. ) ;
#3606 = DIRECTION ( 'NONE',  ( -1.055957165362629914E-16, -0.7071067811866860175, -0.7071067811864090169 ) ) ;
#3607 = DIRECTION ( 'NONE',  ( -3.462970525474364994E-13, 3.462970525474430123E-13, -1.000000000000000000 ) ) ;
#3608 = AXIS2_PLACEMENT_3D ( 'NONE', #856, #5312, #355 ) ;
#3609 = DIRECTION ( 'NONE',  ( -0.7071067811865492381, -0.7071067811865457964, 0.000000000000000000 ) ) ;
#3610 = CARTESIAN_POINT ( 'NONE',  ( 47.68582856059130393, 26.88000000000000256, -21.22900000001820331 ) ) ;
#3611 = VECTOR ( 'NONE', #365, 1000.000000000000000 ) ;
#3612 = EDGE_CURVE ( 'NONE', #4441, #1998, #1190, .T. ) ;
#3613 = CARTESIAN_POINT ( 'NONE',  ( -34.63077245651290070, 27.95140659384230020, -21.22900000001820331 ) ) ;
#3614 = LINE ( 'NONE', #1479, #3760 ) ;
#3615 = DIRECTION ( 'NONE',  ( -0.7071067811865441310, 0.7071067811865510144, 0.000000000000000000 ) ) ;
#3616 = FACE_OUTER_BOUND ( 'NONE', #5605, .T. ) ;
#3617 = CARTESIAN_POINT ( 'NONE',  ( 7.753893434892780157, 17.07757510388659838, -17.47936283566500038 ) ) ;
#3618 = AXIS2_PLACEMENT_3D ( 'NONE', #1225, #1804, #3974 ) ;
#3619 = DIRECTION ( 'NONE',  ( 0.000000000000000000, -1.267143587890056596E-13, -1.000000000000000000 ) ) ;
#3620 = EDGE_LOOP ( 'NONE', ( #3356, #288, #1131, #2748, #153, #1709, #270, #2416, #5903, #3762, #216, #4003, #547, #7019 ) ) ;
#3621 = EDGE_CURVE ( 'NONE', #2163, #614, #6764, .T. ) ;
#3622 = ORIENTED_EDGE ( 'NONE', *, *, #1471, .T. ) ;
#3623 = AXIS2_PLACEMENT_3D ( 'NONE', #276, #2454, #4669 ) ;
#3624 = LINE ( 'NONE', #3115, #616 ) ;
#3625 = PLANE ( 'NONE',  #3929 ) ;
#3626 = LINE ( 'NONE', #1887, #764 ) ;
#3627 = CARTESIAN_POINT ( 'NONE',  ( -0.7500000000000109912, 28.45140659384229664, -22.22900000001819976 ) ) ;
#3628 = EDGE_LOOP ( 'NONE', ( #6952, #5293, #824, #5006 ) ) ;
#3629 = AXIS2_PLACEMENT_3D ( 'NONE', #1014, #3228, #4891 ) ;
#3630 = ORIENTED_EDGE ( 'NONE', *, *, #5077, .F. ) ;
#3631 = ORIENTED_EDGE ( 'NONE', *, *, #2242, .T. ) ;
#3632 = EDGE_CURVE ( 'NONE', #6183, #449, #4446, .T. ) ;
#3633 = CARTESIAN_POINT ( 'NONE',  ( 15.56538622825640061, 24.30859340615769781, -22.22900000001819976 ) ) ;
#3634 = ORIENTED_EDGE ( 'NONE', *, *, #6766, .F. ) ;
#3635 = LINE ( 'NONE', #6893, #55 ) ;
#3636 = DIRECTION ( 'NONE',  ( 0.000000000000000000, 0.000000000000000000, -1.000000000000000000 ) ) ;
#3637 = VECTOR ( 'NONE', #2917, 1000.000000000000000 ) ;
#3638 = LINE ( 'NONE', #1498, #6166 ) ;
#3639 = DIRECTION ( 'NONE',  ( -1.000000000000000000, 0.000000000000000000, 0.000000000000000000 ) ) ;
#3640 = ORIENTED_EDGE ( 'NONE', *, *, #826, .T. ) ;
#3641 = ORIENTED_EDGE ( 'NONE', *, *, #2897, .T. ) ;
#3642 = CARTESIAN_POINT ( 'NONE',  ( -25.84807934238470040, 24.30859340615769781, -22.22900000001819976 ) ) ;
#3643 = CIRCLE ( 'NONE', #513, 0.4999999999999982236 ) ;
#3644 = VECTOR ( 'NONE', #3817, 1000.000000000000000 ) ;
#3645 = CARTESIAN_POINT ( 'NONE',  ( -27.84807934238469684, 22.80859340615770137, -21.22900000000230136 ) ) ;
#3646 = DIRECTION ( 'NONE',  ( 0.000000000000000000, 1.000000000000000000, 0.000000000000000000 ) ) ;
#3647 = EDGE_CURVE ( 'NONE', #3839, #2430, #1771, .T. ) ;
#3648 = VECTOR ( 'NONE', #1624, 1000.000000000000000 ) ;
#3649 = VECTOR ( 'NONE', #5084, 1000.000000000000114 ) ;
#3650 = DIRECTION ( 'NONE',  ( 0.000000000000000000, 0.000000000000000000, 1.000000000000000000 ) ) ;
#3651 = CYLINDRICAL_SURFACE ( 'NONE', #4348, 0.4999999999999994449 ) ;
#3652 = FACE_OUTER_BOUND ( 'NONE', #5134, .T. ) ;
#3653 = AXIS2_PLACEMENT_3D ( 'NONE', #6423, #4261, #4735 ) ;
#3654 = EDGE_CURVE ( 'NONE', #1169, #5456, #6690, .T. ) ;
#3655 = EDGE_LOOP ( 'NONE', ( #6672, #1657, #6371, #4253 ) ) ;
#3656 = ORIENTED_EDGE ( 'NONE', *, *, #2897, .F. ) ;
#3657 = DIRECTION ( 'NONE',  ( -0.7071067811865580088, -0.7071067811865372477, 0.000000000000000000 ) ) ;
#3658 = CARTESIAN_POINT ( 'NONE',  ( 7.205882969819030315, 14.63620911501089950, -11.21557455741150022 ) ) ;
#3659 = CARTESIAN_POINT ( 'NONE',  ( 35.63077245651290070, 27.95140659384230020, -22.22900000001819976 ) ) ;
#3660 = DIRECTION ( 'NONE',  ( -0.7071067811865475727, 0.7071067811865475727, 0.000000000000000000 ) ) ;
#3661 = ADVANCED_FACE ( 'NONE', ( #717 ), #1322, .F. ) ;
#3662 = EDGE_LOOP ( 'NONE', ( #69, #4299, #4541, #1786 ) ) ;
#3663 = ORIENTED_EDGE ( 'NONE', *, *, #2592, .T. ) ;
#3664 = EDGE_LOOP ( 'NONE', ( #1302, #6517, #5439, #213 ) ) ;
#3665 = CIRCLE ( 'NONE', #3206, 2.999999999999999556 ) ;
#3666 = LINE ( 'NONE', #2038, #3165 ) ;
#3667 = ORIENTED_EDGE ( 'NONE', *, *, #3388, .F. ) ;
#3668 = CARTESIAN_POINT ( 'NONE',  ( 48.77705161185000549, 26.12999999999999901, -8.426937939554479229 ) ) ;
#3669 = CARTESIAN_POINT ( 'NONE',  ( 7.245710992208298507, 38.08747394049182589, -11.67081093641976430 ) ) ;
#3670 = CARTESIAN_POINT ( 'NONE',  ( 7.603990761736749704, 36.89582029061283919, -15.76596744115286697 ) ) ;
#3671 = CARTESIAN_POINT ( 'NONE',  ( -1.000000000000000000, 29.45140659384229664, -21.22900000000370113 ) ) ;
#3672 = EDGE_CURVE ( 'NONE', #77, #6272, #156, .T. ) ;
#3673 = ORIENTED_EDGE ( 'NONE', *, *, #885, .F. ) ;
#3674 = VECTOR ( 'NONE', #4565, 1000.000000000000000 ) ;
#3675 =( BOUNDED_CURVE ( )  B_SPLINE_CURVE ( 3, ( #1280, #193, #6817, #6449 ),
 .UNSPECIFIED., .F., .F. ) 
 B_SPLINE_CURVE_WITH_KNOTS ( ( 4, 4 ),
 ( 5.497787143781859953, 6.283185307179300239 ),
 .UNSPECIFIED. ) 
 CURVE ( )  GEOMETRIC_REPRESENTATION_ITEM ( )  RATIONAL_B_SPLINE_CURVE ( ( 1.000000000000000000, 0.9492530216741557059, 0.9492530216741557059, 1.000000000000000000 ) ) 
 REPRESENTATION_ITEM ( '' )  );
#3676 = VERTEX_POINT ( 'NONE', #2322 ) ;
#3677 = CIRCLE ( 'NONE', #1482, 0.5000000000000006661 ) ;
#3678 = CYLINDRICAL_SURFACE ( 'NONE', #167, 0.4999999999999994449 ) ;
#3679 = CARTESIAN_POINT ( 'NONE',  ( -45.26701896123437763, 22.45504001556443185, -21.22900000001820331 ) ) ;
#3680 = CARTESIAN_POINT ( 'NONE',  ( 47.18582856059130393, 25.87999999999999901, -22.22900000001819976 ) ) ;
#3681 = EDGE_CURVE ( 'NONE', #3111, #734, #1156, .T. ) ;
#3682 = EDGE_LOOP ( 'NONE', ( #5409, #6915, #485, #4627 ) ) ;
#3683 = DIRECTION ( 'NONE',  ( 3.462854061944730330E-13, 3.462854061944730330E-13, -1.000000000000000000 ) ) ;
#3684 = CIRCLE ( 'NONE', #5648, 0.5000000000000006661 ) ;
#3685 = CARTESIAN_POINT ( 'NONE',  ( -19.06538622825640061, 29.20140659384229664, -22.22900000001819976 ) ) ;
#3686 = DIRECTION ( 'NONE',  ( 0.000000000000000000, 0.000000000000000000, -1.000000000000000000 ) ) ;
#3687 = LINE ( 'NONE', #5894, #422 ) ;
#3688 = ORIENTED_EDGE ( 'NONE', *, *, #6604, .T. ) ;
#3689 = CIRCLE ( 'NONE', #5542, 0.4999999999999982236 ) ;
#3690 = ORIENTED_EDGE ( 'NONE', *, *, #5528, .F. ) ;
#3691 = DIRECTION ( 'NONE',  ( 1.480297366166873826E-16, 0.7071067811864090169, -0.7071067811866860175 ) ) ;
#3692 = EDGE_CURVE ( 'NONE', #3840, #7088, #1665, .T. ) ;
#3693 = DIRECTION ( 'NONE',  ( 0.000000000000000000, 0.000000000000000000, -1.000000000000000000 ) ) ;
#3694 = CARTESIAN_POINT ( 'NONE',  ( -36.48432584710617022, 29.80495998443556971, -21.22900000000370113 ) ) ;
#3695 = CIRCLE ( 'NONE', #5065, 0.5000000000000006661 ) ;
#3696 = CARTESIAN_POINT ( 'NONE',  ( -18.06538622825640061, 22.80859340615770137, -22.22900000001819976 ) ) ;
#3697 = ORIENTED_EDGE ( 'NONE', *, *, #3672, .F. ) ;
#3698 = ORIENTED_EDGE ( 'NONE', *, *, #1543, .T. ) ;
#3699 = FACE_OUTER_BOUND ( 'NONE', #1092, .T. ) ;
#3700 = EDGE_CURVE ( 'NONE', #5551, #5623, #71, .T. ) ;
#3701 = LINE ( 'NONE', #5263, #1722 ) ;
#3702 = DIRECTION ( 'NONE',  ( 0.7071067811865494601, -0.7071067811865455743, 0.000000000000000000 ) ) ;
#3703 = ORIENTED_EDGE ( 'NONE', *, *, #4425, .T. ) ;
#3704 = EDGE_LOOP ( 'NONE', ( #4236, #2677, #4649, #502 ) ) ;
#3705 =( NAMED_UNIT ( * ) SI_UNIT ( $, .STERADIAN. ) SOLID_ANGLE_UNIT ( ) );
#3706 = EDGE_CURVE ( 'NONE', #3726, #4596, #5645, .T. ) ;
#3707 = DIRECTION ( 'NONE',  ( -0.7071067811865492381, -0.7071067811865457964, 0.000000000000000000 ) ) ;
#3708 = FACE_OUTER_BOUND ( 'NONE', #1702, .T. ) ;
#3709 = LINE ( 'NONE', #519, #65 ) ;
#3710 = ORIENTED_EDGE ( 'NONE', *, *, #260, .T. ) ;
#3711 = ORIENTED_EDGE ( 'NONE', *, *, #305, .T. ) ;
#3712 = ADVANCED_FACE ( 'NONE', ( #4133 ), #6400, .T. ) ;
#3713 = LINE ( 'NONE', #1510, #6174 ) ;
#3714 = DIRECTION ( 'NONE',  ( 2.795780638009404984E-16, 1.000000000000000000, 6.811356931319440171E-13 ) ) ;
#3715 = FACE_OUTER_BOUND ( 'NONE', #1919, .T. ) ;
#3716 = ORIENTED_EDGE ( 'NONE', *, *, #5954, .F. ) ;
#3717 = VECTOR ( 'NONE', #6949, 1000.000000000000000 ) ;
#3718 = EDGE_CURVE ( 'NONE', #879, #1530, #392, .T. ) ;
#3719 = ORIENTED_EDGE ( 'NONE', *, *, #3647, .T. ) ;
#3720 = DIRECTION ( 'NONE',  ( -1.000000000000000000, 0.000000000000000000, 0.000000000000000000 ) ) ;
#3721 = CARTESIAN_POINT ( 'NONE',  ( 1.254289007791671073, 38.08747394049182589, -11.67081093641976430 ) ) ;
#3722 = VECTOR ( 'NONE', #3500, 1000.000000000000000 ) ;
#3723 = FACE_OUTER_BOUND ( 'NONE', #7127, .T. ) ;
#3724 = DIRECTION ( 'NONE',  ( -0.7071067811865580088, -0.7071067811865372477, 0.000000000000000000 ) ) ;
#3725 = ORIENTED_EDGE ( 'NONE', *, *, #724, .T. ) ;
#3726 = VERTEX_POINT ( 'NONE', #4091 ) ;
#3727 = ADVANCED_FACE ( 'NONE', ( #6331 ), #2543, .F. ) ;
#3728 = ORIENTED_EDGE ( 'NONE', *, *, #1323, .T. ) ;
#3729 = VECTOR ( 'NONE', #23, 1000.000000000000000 ) ;
#3730 = DIRECTION ( 'NONE',  ( 0.000000000000000000, 0.000000000000000000, -1.000000000000000000 ) ) ;
#3731 = DIRECTION ( 'NONE',  ( -1.000000000000000000, 9.819848845325710630E-16, 0.000000000000000000 ) ) ;
#3732 = CARTESIAN_POINT ( 'NONE',  ( 43.41346557064109390, 29.45140659384229664, -21.22900000001820331 ) ) ;
#3733 = CARTESIAN_POINT ( 'NONE',  ( 1.084643685480179975, 39.05192188839080103, -13.60986584335760163 ) ) ;
#3734 = CARTESIAN_POINT ( 'NONE',  ( 35.13077245651290070, 22.80859340615770137, -21.22900000001820331 ) ) ;
#3735 = CARTESIAN_POINT ( 'NONE',  ( -17.06538622825639706, 27.95140659384230020, -22.22900000001819976 ) ) ;
#3736 = ORIENTED_EDGE ( 'NONE', *, *, #5959, .F. ) ;
#3737 = VERTEX_POINT ( 'NONE', #6294 ) ;
#3738 = EDGE_CURVE ( 'NONE', #4830, #4856, #5012, .T. ) ;
#3739 = CARTESIAN_POINT ( 'NONE',  ( 43.91346557064109390, 23.47860613411189945, -21.22900000000180043 ) ) ;
#3740 = TOROIDAL_SURFACE ( 'NONE', #3862, 9.802062060445519975, 1.000000000000000000 ) ;
#3741 = FACE_OUTER_BOUND ( 'NONE', #417, .T. ) ;
#3742 = CARTESIAN_POINT ( 'NONE',  ( 48.77705161185000549, 35.93056915889879832, -8.598007510543219212 ) ) ;
#3743 = CARTESIAN_POINT ( 'NONE',  ( -44.66346557064109390, 26.88000000000000256, -21.22900000001820331 ) ) ;
#3744 = DIRECTION ( 'NONE',  ( -0.7071067811865475727, 0.7071067811865475727, 0.000000000000000000 ) ) ;
#3745 = VERTEX_POINT ( 'NONE', #3042 ) ;
#3746 = AXIS2_PLACEMENT_3D ( 'NONE', #1910, #2848, #1180 ) ;
#3747 = VERTEX_POINT ( 'NONE', #6947 ) ;
#3748 = EDGE_CURVE ( 'NONE', #798, #537, #3380, .T. ) ;
#3749 = PLANE ( 'NONE',  #1557 ) ;
#3750 = AXIS2_PLACEMENT_3D ( 'NONE', #3963, #2305, #5700 ) ;
#3751 = DIRECTION ( 'NONE',  ( 0.000000000000000000, 0.000000000000000000, -1.000000000000000000 ) ) ;
#3752 = CARTESIAN_POINT ( 'NONE',  ( 25.84807934238460092, 29.95140659384229664, -21.22900000001820331 ) ) ;
#3754 = DIRECTION ( 'NONE',  ( 0.000000000000000000, 0.000000000000000000, 1.000000000000000000 ) ) ;
#3753 = AXIS2_PLACEMENT_3D ( 'NONE', #2685, #6047, #3301 ) ;
#3755 = EDGE_CURVE ( 'NONE', #605, #2678, #5285, .T. ) ;
#3756 = ORIENTED_EDGE ( 'NONE', *, *, #6650, .F. ) ;
#3757 = ORIENTED_EDGE ( 'NONE', *, *, #6675, .T. ) ;
#3758 = CARTESIAN_POINT ( 'NONE',  ( -1.500000000000000000, 25.01430943103299853, -21.22900000000080212 ) ) ;
#3759 = CARTESIAN_POINT ( 'NONE',  ( 8.782693114128209189, 21.94290283719080037, -21.22900000000290177 ) ) ;
#3760 = VECTOR ( 'NONE', #5825, 1000.000000000000000 ) ;
#3761 = CARTESIAN_POINT ( 'NONE',  ( 43.91346557064109390, 27.38000000000000256, -22.22900000001819976 ) ) ;
#3762 = ORIENTED_EDGE ( 'NONE', *, *, #5286, .T. ) ;
#3763 = EDGE_LOOP ( 'NONE', ( #6417, #4362, #6372, #1155 ) ) ;
#3764 = ORIENTED_EDGE ( 'NONE', *, *, #5913, .F. ) ;
#3765 = VECTOR ( 'NONE', #1753, 1000.000000000000000 ) ;
#3766 = EDGE_CURVE ( 'NONE', #259, #6636, #2488, .T. ) ;
#3767 = DIRECTION ( 'NONE',  ( 3.462970525474364994E-13, -3.462970525474430123E-13, 1.000000000000000000 ) ) ;
#3768 = CARTESIAN_POINT ( 'NONE',  ( 47.68582856059130393, 26.12999999999999901, -21.72900000001819976 ) ) ;
#3769 = CARTESIAN_POINT ( 'NONE',  ( 49.89837195540964387, 17.69889544744640375, -16.85804249210551831 ) ) ;
#3770 = ADVANCED_FACE ( 'NONE', ( #3585 ), #2468, .T. ) ;
#3771 = CARTESIAN_POINT ( 'NONE',  ( -48.68582856059130393, 26.37999999999999901, -22.22900000001819976 ) ) ;
#3772 = CARTESIAN_POINT ( 'NONE',  ( 42.26701896123437052, 28.30495998443556971, -21.22900000001820331 ) ) ;
#3773 = PLANE ( 'NONE',  #6171 ) ;
#3774 = ADVANCED_FACE ( 'NONE', ( #331 ), #3003, .T. ) ;
#3775 = VERTEX_POINT ( 'NONE', #5319 ) ;
#3776 = ORIENTED_EDGE ( 'NONE', *, *, #2432, .F. ) ;
#3777 = VECTOR ( 'NONE', #4852, 1000.000000000000000 ) ;
#3778 = VECTOR ( 'NONE', #3178, 1000.000000000000114 ) ;
#3779 = LINE ( 'NONE', #3236, #6638 ) ;
#3780 = LINE ( 'NONE', #4473, #4499 ) ;
#3781 = EDGE_CURVE ( 'NONE', #3137, #6467, #3624, .T. ) ;
#3782 = CYLINDRICAL_SURFACE ( 'NONE', #1576, 0.5000000000000006661 ) ;
#3783 = CIRCLE ( 'NONE', #5287, 0.5000000000000006661 ) ;
#3784 = DIRECTION ( 'NONE',  ( -1.000000000000000000, 0.000000000000000000, 0.000000000000000000 ) ) ;
#3785 = ORIENTED_EDGE ( 'NONE', *, *, #4052, .T. ) ;
#3786 = ORIENTED_EDGE ( 'NONE', *, *, #6681, .T. ) ;
#3787 = AXIS2_PLACEMENT_3D ( 'NONE', #6761, #1807, #4020 ) ;
#3788 = DIRECTION ( 'NONE',  ( 3.462854061944730330E-13, 3.462854061944730330E-13, -1.000000000000000000 ) ) ;
#3789 = EDGE_CURVE ( 'NONE', #6858, #2304, #2277, .T. ) ;
#3790 = DIRECTION ( 'NONE',  ( -0.7071067811865494601, 0.7071067811865455743, 0.000000000000000000 ) ) ;
#3791 = CARTESIAN_POINT ( 'NONE',  ( 47.68582856059130393, 23.47860613411170050, -21.22900000000180043 ) ) ;
#3792 = DIRECTION ( 'NONE',  ( 0.000000000000000000, 0.06882858705988681436, -0.9976285007974359242 ) ) ;
#3793 = LINE ( 'NONE', #6578, #5973 ) ;
#3794 = VERTEX_POINT ( 'NONE', #253 ) ;
#3795 = LINE ( 'NONE', #7119, #5374 ) ;
#3796 = ORIENTED_EDGE ( 'NONE', *, *, #6944, .F. ) ;
#3797 = DIRECTION ( 'NONE',  ( 0.000000000000000000, 0.000000000000000000, -1.000000000000000000 ) ) ;
#3798 = EDGE_CURVE ( 'NONE', #5972, #1357, #1992, .T. ) ;
#3799 = DIRECTION ( 'NONE',  ( 0.7071067811865475727, -0.7071067811865475727, 0.000000000000000000 ) ) ;
#3800 = CARTESIAN_POINT ( 'NONE',  ( -8.929139723534957440, 29.80495998443556971, -22.22900000001819976 ) ) ;
#3801 = FACE_OUTER_BOUND ( 'NONE', #495, .T. ) ;
#3802 = ORIENTED_EDGE ( 'NONE', *, *, #4651, .T. ) ;
#3803 = ORIENTED_EDGE ( 'NONE', *, *, #2814, .T. ) ;
#3804 = ORIENTED_EDGE ( 'NONE', *, *, #6845, .T. ) ;
#3805 = DIRECTION ( 'NONE',  ( 0.000000000000000000, 0.000000000000000000, -1.000000000000000000 ) ) ;
#3806 = EDGE_CURVE ( 'NONE', #2326, #6215, #1452, .T. ) ;
#3807 = CARTESIAN_POINT ( 'NONE',  ( 1.750000000000000000, 23.80859340615770137, -21.22900000000160148 ) ) ;
#3808 = DIRECTION ( 'NONE',  ( 0.000000000000000000, 0.000000000000000000, -1.000000000000000000 ) ) ;
#3809 = DIRECTION ( 'NONE',  ( 0.000000000000000000, -0.01745240643728380309, 0.9998476951563912696 ) ) ;
#3810 = DIRECTION ( 'NONE',  ( 0.7071067811865475727, -0.7071067811865475727, 0.000000000000000000 ) ) ;
#3811 = CARTESIAN_POINT ( 'NONE',  ( 1.521597585085249893, 36.93041685405530217, -8.615459916979109067 ) ) ;
#3812 = ORIENTED_EDGE ( 'NONE', *, *, #2599, .T. ) ;
#3813 = ORIENTED_EDGE ( 'NONE', *, *, #2503, .F. ) ;
#3814 = PRODUCT_CONTEXT ( 'NONE', #5062, 'mechanical' ) ;
#3815 = ADVANCED_FACE ( 'NONE', ( #2508 ), #5965, .T. ) ;
#3816 = ORIENTED_EDGE ( 'NONE', *, *, #4676, .T. ) ;
#3817 = DIRECTION ( 'NONE',  ( -1.000000000000000000, 0.000000000000000000, 0.000000000000000000 ) ) ;
#3818 = DIRECTION ( 'NONE',  ( 1.000000000000000000, -2.795780638008489905E-16, -1.343150083893549737E-16 ) ) ;
#3819 = CARTESIAN_POINT ( 'NONE',  ( 6.590000000000000746, 15.17919973368969977, -5.361164640706539801E-16 ) ) ;
#3820 = CARTESIAN_POINT ( 'NONE',  ( -19.06538622825640061, 24.30859340615769781, -21.22900000001820331 ) ) ;
#3821 = ORIENTED_EDGE ( 'NONE', *, *, #3145, .F. ) ;
#3822 = ORIENTED_EDGE ( 'NONE', *, *, #2771, .F. ) ;
#3823 = CIRCLE ( 'NONE', #1873, 0.4999999999999982236 ) ;
#3824 = EDGE_CURVE ( 'NONE', #1530, #5353, #277, .T. ) ;
#3825 = PLANE ( 'NONE',  #2935 ) ;
#3826 = PLANE ( 'NONE',  #172 ) ;
#3827 = CARTESIAN_POINT ( 'NONE',  ( -17.41893961884967013, 28.30495998443557326, -21.22900000001820331 ) ) ;
#3828 = VECTOR ( 'NONE', #2843, 1000.000000000000000 ) ;
#3829 = DIRECTION ( 'NONE',  ( 0.000000000000000000, 0.000000000000000000, 1.000000000000000000 ) ) ;
#3830 = ORIENTED_EDGE ( 'NONE', *, *, #5412, .F. ) ;
#3831 = EDGE_CURVE ( 'NONE', #5872, #6176, #2137, .T. ) ;
#3832 = CARTESIAN_POINT ( 'NONE',  ( -8.929139723534957440, 29.80495998443556971, -21.22900000000370113 ) ) ;
#3833 = EDGE_LOOP ( 'NONE', ( #3756, #6335, #2719, #2558 ) ) ;
#3834 = CARTESIAN_POINT ( 'NONE',  ( 1.909999999999970166, 37.00790791514639722, -4.175999999984879807 ) ) ;
#3835 = CARTESIAN_POINT ( 'NONE',  ( -10.28269311412819853, 27.95140659384230020, -21.22899999999869891 ) ) ;
#3836 = FACE_OUTER_BOUND ( 'NONE', #1377, .T. ) ;
#3837 = LINE ( 'NONE', #3911, #829 ) ;
#3838 = CIRCLE ( 'NONE', #5337, 0.4999999999999982236 ) ;
#3839 = VERTEX_POINT ( 'NONE', #3834 ) ;
#3840 = VERTEX_POINT ( 'NONE', #2605 ) ;
#3841 = EDGE_CURVE ( 'NONE', #3427, #5937, #2361, .T. ) ;
#3842 = ORIENTED_EDGE ( 'NONE', *, *, #4538, .T. ) ;
#3843 = CIRCLE ( 'NONE', #710, 0.9999999999822493102 ) ;
#3844 = CARTESIAN_POINT ( 'NONE',  ( -18.56538622825640061, 29.45140659384229664, -22.22900000001819976 ) ) ;
#3845 = CYLINDRICAL_SURFACE ( 'NONE', #5545, 0.4999999999999982236 ) ;
#3846 = DIRECTION ( 'NONE',  ( 0.000000000000000000, -0.9205050619258733358, -0.3907306373562791646 ) ) ;
#3847 = DIRECTION ( 'NONE',  ( -0.08714256931580909027, -0.01738601487458290087, 0.9960441250767058108 ) ) ;
#3848 = CARTESIAN_POINT ( 'NONE',  ( 6.590000000000000746, 16.72090000000000032, -4.176000000000000156 ) ) ;
#3849 = VERTEX_POINT ( 'NONE', #7156 ) ;
#3850 = CIRCLE ( 'NONE', #4998, 0.5000000000000006661 ) ;
#3851 = ORIENTED_EDGE ( 'NONE', *, *, #504, .T. ) ;
#3852 = EDGE_CURVE ( 'NONE', #6653, #4798, #4688, .T. ) ;
#3853 = EDGE_CURVE ( 'NONE', #1386, #290, #6468, .T. ) ;
#3854 = ORIENTED_EDGE ( 'NONE', *, *, #2111, .T. ) ;
#3855 = DIRECTION ( 'NONE',  ( 0.000000000000000000, 0.000000000000000000, 1.000000000000000000 ) ) ;
#3856 = CARTESIAN_POINT ( 'NONE',  ( 47.77705161185000549, 16.26346196517519971, -4.818653140940460489 ) ) ;
#3857 = AXIS2_PLACEMENT_3D ( 'NONE', #5532, #2239, #3792 ) ;
#3858 = CARTESIAN_POINT ( 'NONE',  ( 10.53269311412819853, 22.30859340615769781, -21.22900000000259979 ) ) ;
#3859 = ORIENTED_EDGE ( 'NONE', *, *, #5997, .T. ) ;
#3860 = ORIENTED_EDGE ( 'NONE', *, *, #5024, .F. ) ;
#3861 = EDGE_CURVE ( 'NONE', #6621, #6969, #5941, .T. ) ;
#3862 = AXIS2_PLACEMENT_3D ( 'NONE', #301, #3010, #4726 ) ;
#3863 = DIRECTION ( 'NONE',  ( 0.000000000000000000, 0.000000000000000000, -1.000000000000000000 ) ) ;
#3864 = DIRECTION ( 'NONE',  ( -1.000000000000000000, 2.795780638009404984E-16, 1.904305982715405095E-28 ) ) ;
#3865 = CYLINDRICAL_SURFACE ( 'NONE', #4421, 0.5000000000000006661 ) ;
#3866 = AXIS2_PLACEMENT_3D ( 'NONE', #6880, #1925, #4239 ) ;
#3867 = LINE ( 'NONE', #6642, #1944 ) ;
#3868 = DIRECTION ( 'NONE',  ( -0.7071067811865475727, 0.7071067811865475727, 0.000000000000000000 ) ) ;
#3869 = PLANE ( 'NONE',  #75 ) ;
#3870 = ORIENTED_EDGE ( 'NONE', *, *, #3264, .T. ) ;
#3871 = AXIS2_PLACEMENT_3D ( 'NONE', #3098, #2015, #6349 ) ;
#3872 = DIRECTION ( 'NONE',  ( -3.462854061944730330E-13, -3.462854061944730330E-13, 1.000000000000000000 ) ) ;
#3873 = DIRECTION ( 'NONE',  ( 0.08682659386424730619, -0.08682659386424790293, -0.9924325091389669673 ) ) ;
#3874 = ADVANCED_FACE ( 'NONE', ( #2101 ), #7121, .F. ) ;
#3875 = PLANE ( 'NONE',  #72 ) ;
#3876 = CARTESIAN_POINT ( 'NONE',  ( 16.06538622825639706, 24.30859340615769781, -21.22900000001820331 ) ) ;
#3877 = VECTOR ( 'NONE', #1362, 1000.000000000000000 ) ;
#3878 = VERTEX_POINT ( 'NONE', #4346 ) ;
#3879 = ORIENTED_EDGE ( 'NONE', *, *, #548, .T. ) ;
#3880 = CIRCLE ( 'NONE', #3068, 0.4999999999999996114 ) ;
#3881 = ORIENTED_EDGE ( 'NONE', *, *, #5918, .F. ) ;
#3882 = AXIS2_PLACEMENT_3D ( 'NONE', #6553, #2185, #2647 ) ;
#3883 = CARTESIAN_POINT ( 'NONE',  ( 42.26701896123437052, 28.30495998443556971, -22.22900000001819976 ) ) ;
#3884 = FACE_OUTER_BOUND ( 'NONE', #3154, .T. ) ;
#3885 = EDGE_CURVE ( 'NONE', #3365, #5686, #5742, .T. ) ;
#3886 = CARTESIAN_POINT ( 'NONE',  ( -35.63077245651290070, 22.30859340615769781, -21.22900000001820331 ) ) ;
#3887 = DIRECTION ( 'NONE',  ( -3.462854061944730330E-13, -3.462854061944730330E-13, 1.000000000000000000 ) ) ;
#3888 = ORIENTED_EDGE ( 'NONE', *, *, #3939, .T. ) ;
#3889 = AXIS2_PLACEMENT_3D ( 'NONE', #6968, #4188, #1403 ) ;
#3890 = ORIENTED_EDGE ( 'NONE', *, *, #4733, .F. ) ;
#3891 = DIRECTION ( 'NONE',  ( 0.000000000000000000, -1.000000000000000000, 0.000000000000000000 ) ) ;
#3892 = CARTESIAN_POINT ( 'NONE',  ( 33.63077245651290070, 24.30859340615769781, -21.22900000000120002 ) ) ;
#3893 = EDGE_CURVE ( 'NONE', #247, #2619, #2131, .T. ) ;
#3894 = CARTESIAN_POINT ( 'NONE',  ( 4.250000000000000000, 26.12999999998119804, -8.426937939554100865 ) ) ;
#3895 = LINE ( 'NONE', #5005, #4369 ) ;
#3896 = VERTEX_POINT ( 'NONE', #6582 ) ;
#3897 = ORIENTED_EDGE ( 'NONE', *, *, #5633, .F. ) ;
#3898 = VECTOR ( 'NONE', #1942, 1000.000000000000000 ) ;
#3899 = AXIS2_PLACEMENT_3D ( 'NONE', #5243, #7031, #5408 ) ;
#3900 = DIRECTION ( 'NONE',  ( 0.000000000000000000, 0.000000000000000000, 1.000000000000000000 ) ) ;
#3901 = ADVANCED_FACE ( 'NONE', ( #3411 ), #5628, .T. ) ;
#3902 = CARTESIAN_POINT ( 'NONE',  ( -1.000000000000000000, 29.45140659384229664, -22.22900000001819976 ) ) ;
#3903 = CARTESIAN_POINT ( 'NONE',  ( -1.500000000000000000, 29.20140659384229664, -21.22900000001820331 ) ) ;
#3904 = DIRECTION ( 'NONE',  ( -5.420137686523029469E-16, -0.9205050619258733358, -0.3907306373562791646 ) ) ;
#3905 = CIRCLE ( 'NONE', #198, 0.5000000000000006661 ) ;
#3906 = ORIENTED_EDGE ( 'NONE', *, *, #4277, .F. ) ;
#3907 = CARTESIAN_POINT ( 'NONE',  ( -37.13077245651289360, 23.80859340615770137, -22.22900000001819976 ) ) ;
#3908 = AXIS2_PLACEMENT_3D ( 'NONE', #1422, #1996, #4206 ) ;
#3909 = DIRECTION ( 'NONE',  ( 0.7071067811865475727, -0.7071067811865475727, 0.000000000000000000 ) ) ;
#3910 = CARTESIAN_POINT ( 'NONE',  ( 26.34807934238460092, 21.94290283719080037, -21.22900000000290177 ) ) ;
#3911 = CARTESIAN_POINT ( 'NONE',  ( 1.909999999999970166, 16.33547493342240031, -3.131999999999999673 ) ) ;
#3912 = ORIENTED_EDGE ( 'NONE', *, *, #4333, .T. ) ;
#3913 = ORIENTED_EDGE ( 'NONE', *, *, #7027, .F. ) ;
#3914 = VERTEX_POINT ( 'NONE', #1005 ) ;
#3915 = EDGE_CURVE ( 'NONE', #3839, #290, #5930, .T. ) ;
#3916 = CYLINDRICAL_SURFACE ( 'NONE', #1142, 0.4999999999999982236 ) ;
#3917 = DIRECTION ( 'NONE',  ( 0.7071067811865494601, -0.7071067811865455743, 0.000000000000000000 ) ) ;
#3918 = AXIS2_PLACEMENT_3D ( 'NONE', #3062, #312, #6386 ) ;
#3919 = LINE ( 'NONE', #4500, #2105 ) ;
#3920 = DIRECTION ( 'NONE',  ( 0.000000000000000000, 0.000000000000000000, -1.000000000000000000 ) ) ;
#3921 = VERTEX_POINT ( 'NONE', #5385 ) ;
#3922 = VERTEX_POINT ( 'NONE', #427 ) ;
#3923 = EDGE_CURVE ( 'NONE', #119, #6058, #4850, .T. ) ;
#3924 = CIRCLE ( 'NONE', #5420, 0.4999999999999982236 ) ;
#3925 = ORIENTED_EDGE ( 'NONE', *, *, #67, .T. ) ;
#3926 = CARTESIAN_POINT ( 'NONE',  ( 1.909999999999970166, 35.53909999997630109, -4.175999999986919953 ) ) ;
#3927 = CARTESIAN_POINT ( 'NONE',  ( 24.99452595179132786, 22.45504001556442830, -21.22900000000370113 ) ) ;
#3928 = CARTESIAN_POINT ( 'NONE',  ( -9.782693114128232281, 22.30859340615769781, -22.22900000001819976 ) ) ;
#3929 = AXIS2_PLACEMENT_3D ( 'NONE', #6980, #2031, #1993 ) ;
#3930 = ORIENTED_EDGE ( 'NONE', *, *, #4237, .F. ) ;
#3931 = ORIENTED_EDGE ( 'NONE', *, *, #1046, .F. ) ;
#3932 = EDGE_CURVE ( 'NONE', #5501, #1397, #1554, .T. ) ;
#3933 = DIRECTION ( 'NONE',  ( 0.000000000000000000, 0.000000000000000000, 1.000000000000000000 ) ) ;
#3934 = DIRECTION ( 'NONE',  ( 0.000000000000000000, 0.000000000000000000, -1.000000000000000000 ) ) ;
#3935 = CARTESIAN_POINT ( 'NONE',  ( 7.282693114128210077, 22.80859340615770137, -22.22900000001819976 ) ) ;
#3936 = LINE ( 'NONE', #5631, #428 ) ;
#3937 = CARTESIAN_POINT ( 'NONE',  ( 50.77705161184997706, 15.37294593598057801, -5.908747504597726963E-16 ) ) ;
#3938 = ORIENTED_EDGE ( 'NONE', *, *, #1950, .F. ) ;
#3939 = EDGE_CURVE ( 'NONE', #1303, #1614, #1532, .T. ) ;
#3940 = FILL_AREA_STYLE_COLOUR ( '', #1450 ) ;
#3941 = CARTESIAN_POINT ( 'NONE',  ( -49.27705161185000549, 38.93011248278559577, -8.650351070920699215 ) ) ;
#3942 = CYLINDRICAL_SURFACE ( 'NONE', #1179, 0.4999999999999982236 ) ;
#3943 = VERTEX_POINT ( 'NONE', #207 ) ;
#3944 = ORIENTED_EDGE ( 'NONE', *, *, #5954, .T. ) ;
#3945 = VECTOR ( 'NONE', #849, 1000.000000000000000 ) ;
#3946 = ADVANCED_FACE ( 'NONE', ( #1761 ), #1799, .F. ) ;
#3947 = AXIS2_PLACEMENT_3D ( 'NONE', #1480, #5860, #3615 ) ;
#3948 = EDGE_LOOP ( 'NONE', ( #1550, #688, #327, #5964 ) ) ;
#3949 = CARTESIAN_POINT ( 'NONE',  ( 35.13077245651290070, 23.05859340615770137, -22.22900000001819976 ) ) ;
#3950 = CARTESIAN_POINT ( 'NONE',  ( 1.909999999999970166, 16.72090000000000032, -4.176000000000000156 ) ) ;
#3951 = DIRECTION ( 'NONE',  ( 0.000000000000000000, -1.265464030312512093E-13, -1.000000000000000000 ) ) ;
#3952 = EDGE_CURVE ( 'NONE', #4899, #2233, #3054, .T. ) ;
#3953 = ORIENTED_EDGE ( 'NONE', *, *, #1181, .F. ) ;
#3954 = VECTOR ( 'NONE', #1556, 1000.000000000000000 ) ;
#3955 = CARTESIAN_POINT ( 'NONE',  ( -35.63077245651290070, 22.80859340615770137, -22.22900000001819976 ) ) ;
#3956 = ORIENTED_EDGE ( 'NONE', *, *, #1890, .F. ) ;
#3957 = DIRECTION ( 'NONE',  ( 1.000000000000000000, -2.033271832533279793E-16, 0.000000000000000000 ) ) ;
#3958 = CIRCLE ( 'NONE', #5462, 0.4999999999999994449 ) ;
#3959 = EDGE_CURVE ( 'NONE', #3878, #3280, #6282, .T. ) ;
#3960 = VERTEX_POINT ( 'NONE', #5636 ) ;
#3961 = ORIENTED_EDGE ( 'NONE', *, *, #714, .F. ) ;
#3962 = ORIENTED_EDGE ( 'NONE', *, *, #1255, .F. ) ;
#3963 = CARTESIAN_POINT ( 'NONE',  ( 47.77705161185000549, 31.39536400415470041, -17.02378304049199897 ) ) ;
#3964 = DIRECTION ( 'NONE',  ( 0.7071067811865475727, 0.7071067811865475727, 0.000000000000000000 ) ) ;
#3965 = DIRECTION ( 'NONE',  ( 0.000000000000000000, 0.000000000000000000, -1.000000000000000000 ) ) ;
#3966 = EDGE_CURVE ( 'NONE', #2737, #1733, #6168, .T. ) ;
#3967 = FACE_OUTER_BOUND ( 'NONE', #5794, .T. ) ;
#3968 = LINE ( 'NONE', #5705, #1070 ) ;
#3969 = VERTEX_POINT ( 'NONE', #671 ) ;
#3970 = CARTESIAN_POINT ( 'NONE',  ( 49.89837195540965098, 38.20229141837474174, -5.551115123125779744E-16 ) ) ;
#3971 = DIRECTION ( 'NONE',  ( -3.462854061944730330E-13, -3.462854061944730330E-13, 1.000000000000000000 ) ) ;
#3972 = EDGE_CURVE ( 'NONE', #5872, #2826, #5969, .T. ) ;
#3973 = EDGE_CURVE ( 'NONE', #1227, #5120, #1258, .T. ) ;
#3974 = DIRECTION ( 'NONE',  ( 0.7071067811865580088, 0.7071067811865372477, 0.000000000000000000 ) ) ;
#3975 = ORIENTED_EDGE ( 'NONE', *, *, #394, .T. ) ;
#3976 = ADVANCED_FACE ( 'NONE', ( #6831 ), #4012, .F. ) ;
#3977 = AXIS2_PLACEMENT_3D ( 'NONE', #1250, #1829, #6273 ) ;
#3978 = VERTEX_POINT ( 'NONE', #2993 ) ;
#3979 = VERTEX_POINT ( 'NONE', #6751 ) ;
#3980 =( BOUNDED_CURVE ( )  B_SPLINE_CURVE ( 3, ( #2489, #5233, #4702, #5701 ),
 .UNSPECIFIED., .F., .F. ) 
 B_SPLINE_CURVE_WITH_KNOTS ( ( 4, 4 ),
 ( 5.497787143782141506, 6.283185307179586232 ),
 .UNSPECIFIED. ) 
 CURVE ( )  GEOMETRIC_REPRESENTATION_ITEM ( )  RATIONAL_B_SPLINE_CURVE ( ( 1.000000000000000000, 0.9492530216741915661, 0.9492530216741915661, 1.000000000000000000 ) ) 
 REPRESENTATION_ITEM ( '' )  );
#3981 = VECTOR ( 'NONE', #3230, 1000.000000000000000 ) ;
#3982 = LINE ( 'NONE', #6180, #801 ) ;
#3983 = VECTOR ( 'NONE', #233, 1000.000000000000000 ) ;
#3984 = EDGE_CURVE ( 'NONE', #4282, #7163, #5710, .T. ) ;
#3985 = FACE_OUTER_BOUND ( 'NONE', #684, .T. ) ;
#3986 = CYLINDRICAL_SURFACE ( 'NONE', #1879, 0.4999999999999982236 ) ;
#3987 = CARTESIAN_POINT ( 'NONE',  ( 35.27721906591963119, 28.30495998443557681, -21.22900000001820331 ) ) ;
#3988 = VERTEX_POINT ( 'NONE', #4122 ) ;
#3989 = VECTOR ( 'NONE', #6379, 1000.000000000000000 ) ;
#3990 = ORIENTED_EDGE ( 'NONE', *, *, #5816, .T. ) ;
#3991 = VECTOR ( 'NONE', #4302, 1000.000000000000000 ) ;
#3992 = DIRECTION ( 'NONE',  ( -2.795780638008489905E-16, -1.000000000000000000, 0.000000000000000000 ) ) ;
#3993 = VERTEX_POINT ( 'NONE', #3459 ) ;
#3994 = LINE ( 'NONE', #6189, #2374 ) ;
#3995 = CARTESIAN_POINT ( 'NONE',  ( -9.853229343548259563E-15, 29.20140659384229664, -21.22900000001820331 ) ) ;
#3996 = VECTOR ( 'NONE', #5986, 1000.000000000000000 ) ;
#3997 = CARTESIAN_POINT ( 'NONE',  ( 26.84807934238460092, 23.80859340615770137, -21.22900000001820331 ) ) ;
#3998 = EDGE_LOOP ( 'NONE', ( #4679, #53, #4690, #4244 ) ) ;
#3999 = VERTEX_POINT ( 'NONE', #5123 ) ;
#4000 = DIRECTION ( 'NONE',  ( 0.7071067811865475727, -0.7071067811865475727, 0.000000000000000000 ) ) ;
#4001 = VECTOR ( 'NONE', #5138, 1000.000000000000000 ) ;
#4002 = ADVANCED_FACE ( 'NONE', ( #3496 ), #4194, .T. ) ;
#4003 = ORIENTED_EDGE ( 'NONE', *, *, #6641, .T. ) ;
#4004 = CARTESIAN_POINT ( 'NONE',  ( 15.56538622825640061, 24.30859340615769781, -22.22900000001819976 ) ) ;
#4005 = CARTESIAN_POINT ( 'NONE',  ( 50.77705161184999838, 20.65459986684410154, -9.614499999996560575 ) ) ;
#4006 = CARTESIAN_POINT ( 'NONE',  ( 47.77705161185000549, 16.00561558570850096, -16.40740331748650149 ) ) ;
#4007 = CARTESIAN_POINT ( 'NONE',  ( -27.34807934238470040, 22.30859340615769781, -21.22900000001820331 ) ) ;
#4008 = CARTESIAN_POINT ( 'NONE',  ( -50.82824356204231009, 30.99643035085137655, -21.22899999999666321 ) ) ;
#4009 = DIRECTION ( 'NONE',  ( 3.462970525474364994E-13, -3.462970525474380140E-13, 1.000000000000000000 ) ) ;
#4010 = ORIENTED_EDGE ( 'NONE', *, *, #2069, .T. ) ;
#4011 = EDGE_CURVE ( 'NONE', #5400, #6214, #3511, .T. ) ;
#4012 = CYLINDRICAL_SURFACE ( 'NONE', #4794, 1.000000000000000000 ) ;
#4013 = AXIS2_PLACEMENT_3D ( 'NONE', #1956, #5830, #859 ) ;
#4014 = DIRECTION ( 'NONE',  ( -0.7071067811865475727, -0.7071067811865475727, 0.000000000000000000 ) ) ;
#4015 = EDGE_CURVE ( 'NONE', #6741, #3960, #7004, .T. ) ;
#4016 = CARTESIAN_POINT ( 'NONE',  ( 48.77705161184997706, 15.91055001981586692, -1.205844259188357750E-17 ) ) ;
#4017 = LINE ( 'NONE', #2885, #4199 ) ;
#4018 = ORIENTED_EDGE ( 'NONE', *, *, #1314, .F. ) ;
#4019 = ORIENTED_EDGE ( 'NONE', *, *, #5453, .F. ) ;
#4020 = DIRECTION ( 'NONE',  ( 0.7071067811865495711, -0.7071067811865455743, 0.000000000000000000 ) ) ;
#4021 = EDGE_CURVE ( 'NONE', #1640, #4053, #3060, .T. ) ;
#4022 = EDGE_LOOP ( 'NONE', ( #215, #651, #3640, #2813 ) ) ;
#4023 = FACE_OUTER_BOUND ( 'NONE', #3152, .T. ) ;
#4024 = CARTESIAN_POINT ( 'NONE',  ( -27.84807934238469684, 22.80859340615770137, -21.22900000001820331 ) ) ;
#4025 = ORIENTED_EDGE ( 'NONE', *, *, #1478, .T. ) ;
#4026 = VERTEX_POINT ( 'NONE', #889 ) ;
#4027 = ORIENTED_EDGE ( 'NONE', *, *, #853, .T. ) ;
#4028 = ADVANCED_FACE ( 'NONE', ( #6392 ), #2021, .F. ) ;
#4029 = DIRECTION ( 'NONE',  ( 1.000000000000000000, -1.376885414906370062E-16, -1.164635296342740053E-17 ) ) ;
#4030 = VERTEX_POINT ( 'NONE', #4231 ) ;
#4031 = LINE ( 'NONE', #6815, #5722 ) ;
#4032 = CARTESIAN_POINT ( 'NONE',  ( 47.77705161185000549, 20.82721226822379990, -21.22900000000370113 ) ) ;
#4033 = ORIENTED_EDGE ( 'NONE', *, *, #217, .T. ) ;
#4034 = ORIENTED_EDGE ( 'NONE', *, *, #2119, .T. ) ;
#4035 = TOROIDAL_SURFACE ( 'NONE', #1023, 9.802062060453851089, 3.000000000000000000 ) ;
#4036 = EDGE_CURVE ( 'NONE', #2142, #5552, #5254, .T. ) ;
#4037 = ORIENTED_EDGE ( 'NONE', *, *, #6501, .F. ) ;
#4038 = CARTESIAN_POINT ( 'NONE',  ( 25.34807934238459737, 22.80859340615770137, -21.22900000000370113 ) ) ;
#4039 = FACE_OUTER_BOUND ( 'NONE', #1571, .T. ) ;
#4040 = CIRCLE ( 'NONE', #4625, 0.4999999999999996114 ) ;
#4041 = LINE ( 'NONE', #2417, #5615 ) ;
#4042 = DIRECTION ( 'NONE',  ( -1.000000000000000000, 0.000000000000000000, 0.000000000000000000 ) ) ;
#4043 = CARTESIAN_POINT ( 'NONE',  ( 48.77705161185000549, 36.08064793823699290, 1.452186155562350073E-11 ) ) ;
#4044 = CARTESIAN_POINT ( 'NONE',  ( 7.447359843124059964, 38.68611988257170253, -13.97566784917779970 ) ) ;
#4045 = ADVANCED_FACE ( 'NONE', ( #923 ), #4840, .T. ) ;
#4046 = ORIENTED_EDGE ( 'NONE', *, *, #1046, .T. ) ;
#4047 = CIRCLE ( 'NONE', #3580, 0.5000000000000006661 ) ;
#4048 = CARTESIAN_POINT ( 'NONE',  ( 7.211831427140960038, 13.65071834463829958, -11.28356573572190058 ) ) ;
#4049 = CARTESIAN_POINT ( 'NONE',  ( 48.48415839303653740, 15.47213756835416198, 0.000000000000000000 ) ) ;
#4050 = CYLINDRICAL_SURFACE ( 'NONE', #2968, 0.5000000000000006661 ) ;
#4051 = DIRECTION ( 'NONE',  ( 0.000000000000000000, 0.000000000000000000, -1.000000000000000000 ) ) ;
#4052 = EDGE_CURVE ( 'NONE', #5176, #5623, #2824, .T. ) ;
#4053 = VERTEX_POINT ( 'NONE', #4158 ) ;
#4054 = ORIENTED_EDGE ( 'NONE', *, *, #6519, .T. ) ;
#4055 = DIRECTION ( 'NONE',  ( -0.7071067811865580088, -0.7071067811865372477, 0.000000000000000000 ) ) ;
#4056 = ORIENTED_EDGE ( 'NONE', *, *, #7063, .F. ) ;
#4057 = CYLINDRICAL_SURFACE ( 'NONE', #4630, 0.4999999999999982236 ) ;
#4058 = CYLINDRICAL_SURFACE ( 'NONE', #2621, 0.4999999999999982236 ) ;
#4059 = FACE_OUTER_BOUND ( 'NONE', #6434, .T. ) ;
#4060 = EDGE_CURVE ( 'NONE', #2688, #723, #970, .T. ) ;
#4061 = ORIENTED_EDGE ( 'NONE', *, *, #4546, .F. ) ;
#4062 = VERTEX_POINT ( 'NONE', #817 ) ;
#4063 = CARTESIAN_POINT ( 'NONE',  ( 7.244158372524816869, 37.83024886764362549, -11.65306441223163070 ) ) ;
#4064 = VERTEX_POINT ( 'NONE', #6356 ) ;
#4065 = CARTESIAN_POINT ( 'NONE',  ( 26.49452595179132786, 23.95504001556442475, -21.22900000000370113 ) ) ;
#4066 = LINE ( 'NONE', #3997, #6551 ) ;
#4067 = ADVANCED_FACE ( 'NONE', ( #1951 ), #1407, .F. ) ;
#4068 = VERTEX_POINT ( 'NONE', #6496 ) ;
#4069 = ORIENTED_EDGE ( 'NONE', *, *, #3462, .T. ) ;
#4070 = CIRCLE ( 'NONE', #1642, 0.5000000000000006661 ) ;
#4071 = ADVANCED_FACE ( 'NONE', ( #1544 ), #3749, .T. ) ;
#4072 = CARTESIAN_POINT ( 'NONE',  ( 35.13077245651290070, 27.95140659384230020, -22.22900000001819976 ) ) ;
#4073 = CARTESIAN_POINT ( 'NONE',  ( -1.000000000000000000, 29.95140659384229664, -22.22900000001819976 ) ) ;
#4074 = LINE ( 'NONE', #1905, #2032 ) ;
#4075 = FACE_OUTER_BOUND ( 'NONE', #6419, .T. ) ;
#4076 = EDGE_CURVE ( 'NONE', #5338, #4342, #2663, .T. ) ;
#4077 = DIRECTION ( 'NONE',  ( 0.7071067811865580088, 0.7071067811865372477, 0.000000000000000000 ) ) ;
#4078 = DIRECTION ( 'NONE',  ( -3.462854061944730330E-13, -3.462854061944730330E-13, 1.000000000000000000 ) ) ;
#4079 = ORIENTED_EDGE ( 'NONE', *, *, #2362, .T. ) ;
#4080 = VECTOR ( 'NONE', #4051, 1000.000000000000000 ) ;
#4081 = CARTESIAN_POINT ( 'NONE',  ( 7.418480772557069614, 14.19140583621411089, -13.64557856215943232 ) ) ;
#4082 = LINE ( 'NONE', #1259, #5026 ) ;
#4083 = DIRECTION ( 'NONE',  ( 0.000000000000000000, -0.9998476951563913806, -0.01745240643728369206 ) ) ;
#4084 = CARTESIAN_POINT ( 'NONE',  ( 0.1464466094067151947, 28.30495998443557326, -21.22900000000370113 ) ) ;
#4085 = DIRECTION ( 'NONE',  ( 0.7071067811865475727, -0.7071067811865475727, 0.000000000000000000 ) ) ;
#4086 = ORIENTED_EDGE ( 'NONE', *, *, #5823, .T. ) ;
#4087 = ORIENTED_EDGE ( 'NONE', *, *, #61, .F. ) ;
#4088 = DIRECTION ( 'NONE',  ( 4.382936264622200080E-16, 1.000000000000000000, -8.126313888523909618E-32 ) ) ;
#4089 = CIRCLE ( 'NONE', #959, 0.4999999999999982236 ) ;
#4090 = EDGE_LOOP ( 'NONE', ( #2855, #5764, #285, #860 ) ) ;
#4091 = CARTESIAN_POINT ( 'NONE',  ( -49.27705161185000549, 20.82721226822379990, -21.22900000000370113 ) ) ;
#4092 = ADVANCED_FACE ( 'NONE', ( #4335 ), #3825, .F. ) ;
#4093 = DIRECTION ( 'NONE',  ( 1.000000000000000000, -1.376885414906370062E-16, -1.164635296342740053E-17 ) ) ;
#4094 = CARTESIAN_POINT ( 'NONE',  ( -43.91346557064109390, 24.30859340615769781, -21.22900000001820331 ) ) ;
#4095 = CARTESIAN_POINT ( 'NONE',  ( 33.77721906591963119, 29.80495998443556971, -21.22900000001820331 ) ) ;
#4096 = AXIS2_PLACEMENT_3D ( 'NONE', #1703, #3359, #4608 ) ;
#4097 = ORIENTED_EDGE ( 'NONE', *, *, #7064, .T. ) ;
#4098 = ORIENTED_EDGE ( 'NONE', *, *, #5386, .T. ) ;
#4099 = ORIENTED_EDGE ( 'NONE', *, *, #360, .F. ) ;
#4100 = AXIS2_PLACEMENT_3D ( 'NONE', #1066, #2808, #3275 ) ;
#4101 = DIRECTION ( 'NONE',  ( -0.7071067811865441310, 0.7071067811865510144, 0.000000000000000000 ) ) ;
#4102 = EDGE_CURVE ( 'NONE', #6956, #4838, #6982, .T. ) ;
#4103 = EDGE_LOOP ( 'NONE', ( #6311, #4371, #1521, #175 ) ) ;
#4104 = CARTESIAN_POINT ( 'NONE',  ( 24.84807934238459737, 27.95140659384230020, -21.22900000001820331 ) ) ;
#4105 = LINE ( 'NONE', #4693, #4392 ) ;
#4106 = PLANE ( 'NONE',  #1467 ) ;
#4107 = DIRECTION ( 'NONE',  ( 0.000000000000000000, 0.000000000000000000, -1.000000000000000000 ) ) ;
#4108 = ORIENTED_EDGE ( 'NONE', *, *, #4733, .T. ) ;
#4109 = VECTOR ( 'NONE', #6598, 1000.000000000000000 ) ;
#4110 = VERTEX_POINT ( 'NONE', #1688 ) ;
#4111 = STYLED_ITEM ( 'NONE', ( #1039 ), #6870 ) ;
#4112 = EDGE_CURVE ( 'NONE', #822, #6509, #1777, .T. ) ;
#4113 = CARTESIAN_POINT ( 'NONE',  ( 4.250000000000000000, 38.08747394049182589, -11.67081093641976430 ) ) ;
#4114 = PLANE ( 'NONE',  #3559 ) ;
#4115 = PLANE ( 'NONE',  #5145 ) ;
#4116 = DIRECTION ( 'NONE',  ( -3.462970525474364994E-13, 3.462970525474430123E-13, -1.000000000000000000 ) ) ;
#4117 = CARTESIAN_POINT ( 'NONE',  ( 47.77705161185000549, 26.12999999999999901, -8.426937939554479229 ) ) ;
#4118 = CARTESIAN_POINT ( 'NONE',  ( -49.27705161185000549, 35.93056915891659742, -8.598007510543499876 ) ) ;
#4119 = VECTOR ( 'NONE', #5106, 1000.000000000000000 ) ;
#4120 = ORIENTED_EDGE ( 'NONE', *, *, #5491, .T. ) ;
#4121 = EDGE_CURVE ( 'NONE', #2645, #2154, #3173, .T. ) ;
#4122 = CARTESIAN_POINT ( 'NONE',  ( 25.84807934238460092, 29.95140659384229664, -21.22899999999730269 ) ) ;
#4123 = CARTESIAN_POINT ( 'NONE',  ( 49.89837195540965098, 14.14246470897873031, -4.855675285759941673 ) ) ;
#4124 = DIRECTION ( 'NONE',  ( 0.7071067811865475727, -0.7071067811865475727, 0.000000000000000000 ) ) ;
#4125 = CARTESIAN_POINT ( 'NONE',  ( 41.91346557064109390, 27.95140659384230020, -21.22900000001820331 ) ) ;
#4126 = PLANE ( 'NONE',  #3265 ) ;
#4127 = ORIENTED_EDGE ( 'NONE', *, *, #724, .F. ) ;
#4128 = VECTOR ( 'NONE', #1803, 1000.000000000000000 ) ;
#4129 = ORIENTED_EDGE ( 'NONE', *, *, #2960, .F. ) ;
#4130 = LINE ( 'NONE', #2924, #6437 ) ;
#4131 = EDGE_CURVE ( 'NONE', #7009, #5522, #3386, .T. ) ;
#4132 = ORIENTED_EDGE ( 'NONE', *, *, #4884, .T. ) ;
#4133 = FACE_OUTER_BOUND ( 'NONE', #3833, .T. ) ;
#4134 = AXIS2_PLACEMENT_3D ( 'NONE', #4939, #2197, #4971 ) ;
#4135 = CARTESIAN_POINT ( 'NONE',  ( 33.13077245651290070, 24.30859340615769781, -22.22900000001819976 ) ) ;
#4136 = CARTESIAN_POINT ( 'NONE',  ( 6.978402414914719465, 15.32958314592720050, -8.615459916994128164 ) ) ;
#4137 = DIRECTION ( 'NONE',  ( 0.7071067811865475727, -0.7071067811865475727, 0.000000000000000000 ) ) ;
#4138 = VERTEX_POINT ( 'NONE', #6094 ) ;
#4139 = ORIENTED_EDGE ( 'NONE', *, *, #6485, .F. ) ;
#4140 = ADVANCED_FACE ( 'NONE', ( #5956 ), #2237, .T. ) ;
#4141 = CIRCLE ( 'NONE', #1595, 0.4999999999999982236 ) ;
#4142 = CARTESIAN_POINT ( 'NONE',  ( -49.98415839303655872, 15.47213756835415310, 0.000000000000000000 ) ) ;
#4143 = ORIENTED_EDGE ( 'NONE', *, *, #5053, .F. ) ;
#4144 = LINE ( 'NONE', #4792, #5137 ) ;
#4145 = CARTESIAN_POINT ( 'NONE',  ( -49.03938195118458054, 25.52644660940672949, -21.47900000001820331 ) ) ;
#4146 = DIRECTION ( 'NONE',  ( 0.7071067811865475727, -0.7071067811865475727, 0.000000000000000000 ) ) ;
#4147 = LINE ( 'NONE', #6344, #2377 ) ;
#4148 = EDGE_LOOP ( 'NONE', ( #6112, #6618, #2941, #5869 ) ) ;
#4149 = ORIENTED_EDGE ( 'NONE', *, *, #2592, .F. ) ;
#4150 = ADVANCED_FACE ( 'NONE', ( #1651 ), #5990, .F. ) ;
#4151 = CARTESIAN_POINT ( 'NONE',  ( 25.34807934238459737, 22.30859340615769781, -22.22900000001819976 ) ) ;
#4152 = DIRECTION ( 'NONE',  ( 3.462970525474364994E-13, -3.462970525474380140E-13, 1.000000000000000000 ) ) ;
#4153 = DIRECTION ( 'NONE',  ( 0.7071067811865580088, 0.7071067811865372477, 0.000000000000000000 ) ) ;
#4154 = AXIS2_PLACEMENT_3D ( 'NONE', #3642, #883, #3204 ) ;
#4155 = DIRECTION ( 'NONE',  ( -1.000000000000000000, 5.056412698010379758E-16, 0.000000000000000000 ) ) ;
#4156 = EDGE_CURVE ( 'NONE', #6192, #822, #592, .T. ) ;
#4157 = CIRCLE ( 'NONE', #4961, 0.4999999999999982236 ) ;
#4158 = CARTESIAN_POINT ( 'NONE',  ( -10.42913972353492547, 28.30495998443557326, -22.22900000001819976 ) ) ;
#4159 = CARTESIAN_POINT ( 'NONE',  ( -27.84807934238469684, 23.05859340615770137, -22.22900000001819976 ) ) ;
#4160 = DIRECTION ( 'NONE',  ( 1.000000000000000000, -1.376885414906370062E-16, -1.164635296342740053E-17 ) ) ;
#4161 = DIRECTION ( 'NONE',  ( 0.000000000000000000, 0.000000000000000000, -1.000000000000000000 ) ) ;
#4162 = DIRECTION ( 'NONE',  ( 0.7071067811865580088, 0.7071067811865372477, 0.000000000000000000 ) ) ;
#4163 = EDGE_CURVE ( 'NONE', #4415, #660, #3243, .T. ) ;
#4164 = CIRCLE ( 'NONE', #3341, 2.999999999992541522 ) ;
#4165 = CARTESIAN_POINT ( 'NONE',  ( 4.250000000000000000, 37.08080026628089598, 1.522305347397320010E-11 ) ) ;
#4166 = ORIENTED_EDGE ( 'NONE', *, *, #5772, .T. ) ;
#4167 = VERTEX_POINT ( 'NONE', #1106 ) ;
#4168 = CARTESIAN_POINT ( 'NONE',  ( -50.17420119082566288, 15.66220931499091229, 9.908254651335642809E-18 ) ) ;
#4169 = FACE_OUTER_BOUND ( 'NONE', #4527, .T. ) ;
#4170 = CARTESIAN_POINT ( 'NONE',  ( -34.63077245651290070, 27.95140659384230020, -21.22900000000370113 ) ) ;
#4171 = DIRECTION ( 'NONE',  ( 0.000000000000000000, 0.000000000000000000, 1.000000000000000000 ) ) ;
#4172 = EDGE_CURVE ( 'NONE', #3002, #3190, #6704, .T. ) ;
#4173 = ORIENTED_EDGE ( 'NONE', *, *, #1800, .F. ) ;
#4174 = VERTEX_POINT ( 'NONE', #3315 ) ;
#4175 = ORIENTED_EDGE ( 'NONE', *, *, #3471, .T. ) ;
#4176 = CARTESIAN_POINT ( 'NONE',  ( -1.500000000000000000, 29.45140659384229664, -21.22900000001820331 ) ) ;
#4177 = ORIENTED_EDGE ( 'NONE', *, *, #2155, .F. ) ;
#4178 = CYLINDRICAL_SURFACE ( 'NONE', #293, 0.5000000000000006661 ) ;
#4179 = CYLINDRICAL_SURFACE ( 'NONE', #1028, 1.000000000000000000 ) ;
#4180 = ADVANCED_FACE ( 'NONE', ( #7111 ), #2165, .T. ) ;
#4181 = CARTESIAN_POINT ( 'NONE',  ( -51.39837195540964387, 30.19014704465804755, -21.22899999999722098 ) ) ;
#4182 = CARTESIAN_POINT ( 'NONE',  ( -10.28269311412819853, 22.80859340615770137, -21.22900000000230136 ) ) ;
#4183 = ORIENTED_EDGE ( 'NONE', *, *, #6566, .F. ) ;
#4184 = VERTEX_POINT ( 'NONE', #4943 ) ;
#4185 = FACE_OUTER_BOUND ( 'NONE', #63, .T. ) ;
#4186 = DIRECTION ( 'NONE',  ( 0.000000000000000000, 1.000000000000000000, 0.000000000000000000 ) ) ;
#4187 = EDGE_CURVE ( 'NONE', #1920, #605, #5010, .T. ) ;
#4188 = DIRECTION ( 'NONE',  ( 0.000000000000000000, 0.000000000000000000, 1.000000000000000000 ) ) ;
#4189 = CARTESIAN_POINT ( 'NONE',  ( -27.09807934238470040, 28.45140659384229664, -22.22900000001819976 ) ) ;
#4190 = CIRCLE ( 'NONE', #5095, 0.4999999999999982236 ) ;
#4191 = LINE ( 'NONE', #2989, #6210 ) ;
#4192 = FACE_OUTER_BOUND ( 'NONE', #572, .T. ) ;
#4193 = VECTOR ( 'NONE', #2324, 1000.000000000000000 ) ;
#4194 = CYLINDRICAL_SURFACE ( 'NONE', #4221, 2.999999999999998668 ) ;
#4195 = EDGE_CURVE ( 'NONE', #5355, #2440, #6637, .T. ) ;
#4196 = CARTESIAN_POINT ( 'NONE',  ( -9.782693114128232281, 22.80859340615770137, -22.22900000001819976 ) ) ;
#4197 = CARTESIAN_POINT ( 'NONE',  ( 34.63077245651290070, 22.80859340615770137, -22.22900000001819976 ) ) ;
#4198 = CARTESIAN_POINT ( 'NONE',  ( 47.18582856059130393, 25.37999999999999901, -22.22900000001819976 ) ) ;
#4199 = VECTOR ( 'NONE', #2393, 1000.000000000000114 ) ;
#4200 = CARTESIAN_POINT ( 'NONE',  ( -52.27705161184998417, 36.08064793823671579, 6.540700938583890734E-16 ) ) ;
#4201 = ORIENTED_EDGE ( 'NONE', *, *, #6933, .T. ) ;
#4202 = VERTEX_POINT ( 'NONE', #4443 ) ;
#4203 = DIRECTION ( 'NONE',  ( 0.7071067811865475727, -0.7071067811865475727, 0.000000000000000000 ) ) ;
#4204 = ADVANCED_FACE ( 'NONE', ( #5661 ), #2338, .T. ) ;
#4205 = FACE_BOUND ( 'NONE', #1957, .T. ) ;
#4206 = DIRECTION ( 'NONE',  ( 0.000000000000000000, 0.9205050619264166789, -0.3907306373549990219 ) ) ;
#4207 = ORIENTED_EDGE ( 'NONE', *, *, #192, .T. ) ;
#4208 = AXIS2_PLACEMENT_3D ( 'NONE', #317, #4739, #1367 ) ;
#4209 = ORIENTED_EDGE ( 'NONE', *, *, #5567, .F. ) ;
#4210 = ORIENTED_EDGE ( 'NONE', *, *, #6792, .F. ) ;
#4211 = LINE ( 'NONE', #4176, #2700 ) ;
#4212 = ADVANCED_FACE ( 'NONE', ( #4588 ), #6238, .F. ) ;
#4213 = VERTEX_POINT ( 'NONE', #1790 ) ;
#4214 = DIRECTION ( 'NONE',  ( 0.000000000000000000, 0.000000000000000000, -1.000000000000000000 ) ) ;
#4215 = DIRECTION ( 'NONE',  ( 0.7071067811865475727, -0.7071067811865475727, 0.000000000000000000 ) ) ;
#4216 = AXIS2_PLACEMENT_3D ( 'NONE', #863, #5250, #5213 ) ;
#4217 = CARTESIAN_POINT ( 'NONE',  ( -49.27705161185000549, 37.08080026628064729, 6.201759076023511516E-16 ) ) ;
#4218 = CARTESIAN_POINT ( 'NONE',  ( -19.56538622825640061, 23.80859340615770137, -21.22900000000160148 ) ) ;
#4219 = ORIENTED_EDGE ( 'NONE', *, *, #2615, .F. ) ;
#4220 = ORIENTED_EDGE ( 'NONE', *, *, #6658, .F. ) ;
#4221 = AXIS2_PLACEMENT_3D ( 'NONE', #4775, #2597, #957 ) ;
#4222 = LINE ( 'NONE', #1400, #6404 ) ;
#4223 = CARTESIAN_POINT ( 'NONE',  ( -49.18582856059130393, 25.87999999999999901, -21.22900000000000276 ) ) ;
#4224 = DIRECTION ( 'NONE',  ( 2.753770829813660134E-16, 1.000000000000000000, 7.007399430880239446E-13 ) ) ;
#4225 = AXIS2_PLACEMENT_3D ( 'NONE', #104, #140, #3917 ) ;
#4226 = AXIS2_PLACEMENT_3D ( 'NONE', #3668, #908, #6852 ) ;
#4227 = ORIENTED_EDGE ( 'NONE', *, *, #3932, .F. ) ;
#4228 = VECTOR ( 'NONE', #41, 1000.000000000000000 ) ;
#4229 = EDGE_CURVE ( 'NONE', #5185, #5338, #3281, .T. ) ;
#4230 = VECTOR ( 'NONE', #2315, 1000.000000000000000 ) ;
#4231 = CARTESIAN_POINT ( 'NONE',  ( -43.41346557064109390, 23.80859340615770137, -21.22900000000160148 ) ) ;
#4232 = LINE ( 'NONE', #4159, #3295 ) ;
#4233 = DIRECTION ( 'NONE',  ( -3.700179774270071094E-16, -0.01745240643728380309, 0.9998476951563912696 ) ) ;
#4234 = DIRECTION ( 'NONE',  ( 0.000000000000000000, 0.000000000000000000, 1.000000000000000000 ) ) ;
#4235 = CIRCLE ( 'NONE', #6649, 0.4999999999999982236 ) ;
#4236 = ORIENTED_EDGE ( 'NONE', *, *, #1800, .T. ) ;
#4237 = EDGE_CURVE ( 'NONE', #741, #2014, #738, .T. ) ;
#4238 = ORIENTED_EDGE ( 'NONE', *, *, #538, .F. ) ;
#4239 = DIRECTION ( 'NONE',  ( 1.000000000000000000, 0.000000000000000000, -7.899817611957551517E-15 ) ) ;
#4240 = PLANE ( 'NONE',  #6585 ) ;
#4241 = CARTESIAN_POINT ( 'NONE',  ( 48.77705161184992022, 36.34944998015453166, -1.123426333497002794E-17 ) ) ;
#4242 = CIRCLE ( 'NONE', #7003, 0.4999999999999982236 ) ;
#4243 = FACE_OUTER_BOUND ( 'NONE', #1010, .T. ) ;
#4244 = ORIENTED_EDGE ( 'NONE', *, *, #2392, .T. ) ;
#4245 = EDGE_LOOP ( 'NONE', ( #5559, #51, #5849, #189, #3424, #3938, #185, #501 ) ) ;
#4246 = VECTOR ( 'NONE', #5496, 1000.000000000000000 ) ;
#4247 = ADVANCED_FACE ( 'NONE', ( #775 ), #5739, .T. ) ;
#4248 = VERTEX_POINT ( 'NONE', #699 ) ;
#4249 = DIRECTION ( 'NONE',  ( 0.000000000000000000, 0.000000000000000000, -1.000000000000000000 ) ) ;
#4250 = DIRECTION ( 'NONE',  ( 9.097660896233921377E-17, 0.01745240643728400431, -0.9998476951563912696 ) ) ;
#4251 = DIRECTION ( 'NONE',  ( 0.000000000000000000, 0.000000000000000000, -1.000000000000000000 ) ) ;
#4252 = DIRECTION ( 'NONE',  ( -0.7071067811865475727, -0.7071067811865475727, 0.000000000000000000 ) ) ;
#4253 = ORIENTED_EDGE ( 'NONE', *, *, #3004, .F. ) ;
#4254 = CIRCLE ( 'NONE', #6559, 0.4999999999999982236 ) ;
#4255 = ORIENTED_EDGE ( 'NONE', *, *, #5777, .T. ) ;
#4256 = EDGE_CURVE ( 'NONE', #1065, #3137, #4331, .T. ) ;
#4257 = CARTESIAN_POINT ( 'NONE',  ( 42.55991218004781729, 25.52644660940672949, -22.22900000001819976 ) ) ;
#4258 = AXIS2_PLACEMENT_3D ( 'NONE', #5198, #4668, #6865 ) ;
#4259 = CYLINDRICAL_SURFACE ( 'NONE', #3871, 0.4999999999999982236 ) ;
#4260 = CARTESIAN_POINT ( 'NONE',  ( -35.13077245651290070, 22.80859340615770137, -21.22900000001820331 ) ) ;
#4261 = DIRECTION ( 'NONE',  ( 0.000000000000000000, 0.000000000000000000, 1.000000000000000000 ) ) ;
#4262 = VERTEX_POINT ( 'NONE', #4072 ) ;
#4263 = EDGE_LOOP ( 'NONE', ( #154, #623, #1718, #3343 ) ) ;
#4264 = ADVANCED_FACE ( 'NONE', ( #2841 ), #2379, .F. ) ;
#4265 =( BOUNDED_CURVE ( )  B_SPLINE_CURVE ( 3, ( #1365, #2491, #6481, #1528 ),
 .UNSPECIFIED., .F., .F. ) 
 B_SPLINE_CURVE_WITH_KNOTS ( ( 4, 4 ),
 ( 6.214302259475074308, 7.628949075965890003 ),
 .UNSPECIFIED. ) 
 CURVE ( )  GEOMETRIC_REPRESENTATION_ITEM ( )  RATIONAL_B_SPLINE_CURVE ( ( 1.000000000000000000, 0.8400692335327895055, 0.8400692335327895055, 1.000000000000000000 ) ) 
 REPRESENTATION_ITEM ( '' )  );
#4266 = CIRCLE ( 'NONE', #4154, 0.4999999999999982236 ) ;
#4267 = CARTESIAN_POINT ( 'NONE',  ( 6.782693114128210077, 27.95140659384230020, -21.22900000000370113 ) ) ;
#4268 = DIRECTION ( 'NONE',  ( -0.7071067811865475727, 0.7071067811865475727, 0.000000000000000000 ) ) ;
#4269 = EDGE_CURVE ( 'NONE', #5456, #5838, #5194, .T. ) ;
#4270 = DIRECTION ( 'NONE',  ( 0.08682659386424738945, -0.08682659386286820102, -0.9924325091390878706 ) ) ;
#4271 = CARTESIAN_POINT ( 'NONE',  ( -49.98415839303655162, 36.62637304829033980, -9.251720575242062594 ) ) ;
#4272 = ORIENTED_EDGE ( 'NONE', *, *, #2384, .F. ) ;
#4273 = VECTOR ( 'NONE', #1821, 1000.000000000000227 ) ;
#4274 = VERTEX_POINT ( 'NONE', #1172 ) ;
#4275 = DIRECTION ( 'NONE',  ( 0.000000000000000000, 0.9205050619264163458, -0.3907306373549999101 ) ) ;
#4276 = CARTESIAN_POINT ( 'NONE',  ( -17.06538622825639706, 28.45140659384229664, -22.22900000001819976 ) ) ;
#4277 = EDGE_CURVE ( 'NONE', #4407, #677, #854, .T. ) ;
#4278 = DIRECTION ( 'NONE',  ( 0.000000000000000000, 0.000000000000000000, 1.000000000000000000 ) ) ;
#4279 = CIRCLE ( 'NONE', #6820, 12.80206206045379957 ) ;
#4280 = CARTESIAN_POINT ( 'NONE',  ( -1.082467449009529993E-14, 25.01430943103299853, -21.22900000000080212 ) ) ;
#4281 = ORIENTED_EDGE ( 'NONE', *, *, #1031, .F. ) ;
#4282 = VERTEX_POINT ( 'NONE', #2872 ) ;
#4283 = ORIENTED_EDGE ( 'NONE', *, *, #5815, .T. ) ;
#4284 = PLANE ( 'NONE',  #4682 ) ;
#4285 = CYLINDRICAL_SURFACE ( 'NONE', #2772, 0.5000000000000006661 ) ;
#4286 = EDGE_CURVE ( 'NONE', #353, #6271, #5075, .T. ) ;
#4287 = CARTESIAN_POINT ( 'NONE',  ( 0.8960092382632276475, 15.36417970937956134, -15.76596744116783455 ) ) ;
#4288 = CARTESIAN_POINT ( 'NONE',  ( -45.26701896123437763, 22.45504001556443185, -21.22900000000370113 ) ) ;
#4289 = ORIENTED_EDGE ( 'NONE', *, *, #6367, .F. ) ;
#4290 = VERTEX_POINT ( 'NONE', #6313 ) ;
#4291 = VECTOR ( 'NONE', #6241, 1000.000000000000000 ) ;
#4292 = FACE_OUTER_BOUND ( 'NONE', #2799, .T. ) ;
#4293 = DIRECTION ( 'NONE',  ( -1.000000000000000000, 0.000000000000000000, 0.000000000000000000 ) ) ;
#4294 = EDGE_CURVE ( 'NONE', #3475, #2937, #2449, .T. ) ;
#4295 = CARTESIAN_POINT ( 'NONE',  ( -17.56538622825639706, 22.80859340615770137, -22.22900000001819976 ) ) ;
#4296 = CARTESIAN_POINT ( 'NONE',  ( -36.13077245651289360, 29.95140659384229664, -21.22899999999730269 ) ) ;
#4297 = ORIENTED_EDGE ( 'NONE', *, *, #6321, .T. ) ;
#4298 = VECTOR ( 'NONE', #1981, 1000.000000000000000 ) ;
#4299 = ORIENTED_EDGE ( 'NONE', *, *, #5221, .T. ) ;
#4300 = DIRECTION ( 'NONE',  ( 0.000000000000000000, 0.000000000000000000, 1.000000000000000000 ) ) ;
#4301 = ADVANCED_FACE ( 'NONE', ( #4185 ), #4259, .T. ) ;
#4302 = DIRECTION ( 'NONE',  ( -1.000000000000000000, 9.819848845325710630E-16, 0.000000000000000000 ) ) ;
#4303 = CARTESIAN_POINT ( 'NONE',  ( -36.63077245651289360, 29.45140659384229664, -21.22899999999770060 ) ) ;
#4304 = LINE ( 'NONE', #1111, #2915 ) ;
#4305 = VERTEX_POINT ( 'NONE', #6935 ) ;
#4306 = VECTOR ( 'NONE', #718, 1000.000000000000000 ) ;
#4307 = CARTESIAN_POINT ( 'NONE',  ( 1.927640926320810077, 36.99026698882529729, -3.974363289468580085 ) ) ;
#4308 = DIRECTION ( 'NONE',  ( 0.000000000000000000, 0.000000000000000000, -1.000000000000000000 ) ) ;
#4309 = AXIS2_PLACEMENT_3D ( 'NONE', #6913, #5829, #5343 ) ;
#4310 = CYLINDRICAL_SURFACE ( 'NONE', #1694, 0.4999999999999994449 ) ;
#4311 = CARTESIAN_POINT ( 'NONE',  ( -8.282693114128230505, 23.80859340615770137, -21.22900000001820331 ) ) ;
#4312 = ORIENTED_EDGE ( 'NONE', *, *, #5640, .F. ) ;
#4313 = ORIENTED_EDGE ( 'NONE', *, *, #6431, .F. ) ;
#4314 = EDGE_LOOP ( 'NONE', ( #4087, #3250, #4790, #1648 ) ) ;
#4315 = EDGE_CURVE ( 'NONE', #5154, #106, #4222, .T. ) ;
#4316 = PLANE ( 'NONE',  #3629 ) ;
#4317 = CARTESIAN_POINT ( 'NONE',  ( -49.03938195118457344, 26.73355339059327207, -21.22900000000370113 ) ) ;
#4318 = DIRECTION ( 'NONE',  ( 0.000000000000000000, 0.000000000000000000, -1.000000000000000000 ) ) ;
#4319 = CARTESIAN_POINT ( 'NONE',  ( 18.06538622825640061, 28.45140659384229664, -21.22899999999840048 ) ) ;
#4320 = VECTOR ( 'NONE', #4426, 999.9999999999998863 ) ;
#4321 = ORIENTED_EDGE ( 'NONE', *, *, #6071, .T. ) ;
#4322 = VERTEX_POINT ( 'NONE', #847 ) ;
#4323 = CYLINDRICAL_SURFACE ( 'NONE', #769, 0.5000000000000006661 ) ;
#4324 = ADVANCED_FACE ( 'NONE', ( #2050 ), #3061, .T. ) ;
#4325 = EDGE_LOOP ( 'NONE', ( #2886, #2946, #96, #2686, #3513, #3583, #2475, #787 ) ) ;
#4326 = DIRECTION ( 'NONE',  ( 0.08682659386424743109, 0.08682659386562734116, -0.9924325091388463971 ) ) ;
#4327 = CARTESIAN_POINT ( 'NONE',  ( 7.282693114128210077, 27.95140659384230020, -21.22899999999869891 ) ) ;
#4328 = CARTESIAN_POINT ( 'NONE',  ( -1.117161918529059982E-14, 22.80859340615770137, -21.22900000000230136 ) ) ;
#4329 = CARTESIAN_POINT ( 'NONE',  ( -26.34807934238470040, 24.30859340615769781, -21.22900000001820331 ) ) ;
#4330 = ORIENTED_EDGE ( 'NONE', *, *, #2606, .T. ) ;
#4331 = CIRCLE ( 'NONE', #1197, 0.4999999999999994449 ) ;
#4332 = ORIENTED_EDGE ( 'NONE', *, *, #1183, .T. ) ;
#4333 = EDGE_CURVE ( 'NONE', #2000, #1675, #161, .T. ) ;
#4334 = CIRCLE ( 'NONE', #6749, 12.80206206045379602 ) ;
#4335 = FACE_OUTER_BOUND ( 'NONE', #2514, .T. ) ;
#4336 = AXIS2_PLACEMENT_3D ( 'NONE', #5875, #3052, #1970 ) ;
#4337 = FACE_OUTER_BOUND ( 'NONE', #5839, .T. ) ;
#4339 = DIRECTION ( 'NONE',  ( -1.000000000000000000, 0.000000000000000000, 0.000000000000000000 ) ) ;
#4338 = VECTOR ( 'NONE', #2172, 1000.000000000000000 ) ;
#4341 = VECTOR ( 'NONE', #47, 1000.000000000000000 ) ;
#4340 = FACE_OUTER_BOUND ( 'NONE', #4577, .T. ) ;
#4342 = VERTEX_POINT ( 'NONE', #2561 ) ;
#4343 = EDGE_CURVE ( 'NONE', #6090, #5558, #2529, .T. ) ;
#4344 =( NAMED_UNIT ( * ) SI_UNIT ( $, .STERADIAN. ) SOLID_ANGLE_UNIT ( ) );
#4345 = ORIENTED_EDGE ( 'NONE', *, *, #4556, .T. ) ;
#4346 = CARTESIAN_POINT ( 'NONE',  ( 17.56538622825639706, 22.80859340615770137, -22.22900000001819976 ) ) ;
#4347 = DIRECTION ( 'NONE',  ( 0.7071067811865494601, -0.7071067811865455743, 0.000000000000000000 ) ) ;
#4348 = AXIS2_PLACEMENT_3D ( 'NONE', #6462, #2095, #6497 ) ;
#4349 = CARTESIAN_POINT ( 'NONE',  ( 33.63077245651290070, 29.20140659384229664, -21.22900000001820331 ) ) ;
#4350 = DIRECTION ( 'NONE',  ( -0.7071067811865475727, 0.7071067811865475727, 0.000000000000000000 ) ) ;
#4351 = ORIENTED_EDGE ( 'NONE', *, *, #4892, .F. ) ;
#4352 = ORIENTED_EDGE ( 'NONE', *, *, #1140, .F. ) ;
#4353 = EDGE_CURVE ( 'NONE', #4290, #6406, #1474, .T. ) ;
#4354 = ORIENTED_EDGE ( 'NONE', *, *, #3852, .F. ) ;
#4355 = AXIS2_PLACEMENT_3D ( 'NONE', #3680, #884, #1436 ) ;
#4356 = LINE ( 'NONE', #4926, #40 ) ;
#4357 = DIRECTION ( 'NONE',  ( 0.000000000000000000, 0.000000000000000000, 1.000000000000000000 ) ) ;
#4358 = DIRECTION ( 'NONE',  ( -3.462854061944730330E-13, -3.462854061944730330E-13, 1.000000000000000000 ) ) ;
#4359 = CARTESIAN_POINT ( 'NONE',  ( -35.63077245651290070, 22.80859340615770137, -21.22900000001820331 ) ) ;
#4360 = ADVANCED_FACE ( 'NONE', ( #379 ), #3678, .T. ) ;
#4361 = ORIENTED_EDGE ( 'NONE', *, *, #484, .F. ) ;
#4362 = ORIENTED_EDGE ( 'NONE', *, *, #6720, .T. ) ;
#4363 = CIRCLE ( 'NONE', #4819, 0.4999999999999996114 ) ;
#4364 = DIRECTION ( 'NONE',  ( 0.7071067811865475727, 0.7071067811865475727, 0.000000000000000000 ) ) ;
#4365 = VECTOR ( 'NONE', #5882, 1000.000000000000000 ) ;
#4366 = CYLINDRICAL_SURFACE ( 'NONE', #628, 0.4999999999999994449 ) ;
#4367 = CARTESIAN_POINT ( 'NONE',  ( 16.56538622825639706, 29.95140659384229664, -21.22900000001820331 ) ) ;
#4368 = DIRECTION ( 'NONE',  ( -3.462854061944735379E-13, -3.462854061944750020E-13, 1.000000000000000000 ) ) ;
#4369 = VECTOR ( 'NONE', #3784, 1000.000000000000000 ) ;
#4370 = EDGE_CURVE ( 'NONE', #948, #5677, #1902, .T. ) ;
#4371 = ORIENTED_EDGE ( 'NONE', *, *, #387, .T. ) ;
#4372 = ORIENTED_EDGE ( 'NONE', *, *, #2269, .T. ) ;
#4373 =( BOUNDED_CURVE ( )  B_SPLINE_CURVE ( 3, ( #4181, #6415, #5360, #6378 ),
 .UNSPECIFIED., .F., .F. ) 
 B_SPLINE_CURVE_WITH_KNOTS ( ( 4, 4 ),
 ( 0.7853981633974441712, 1.570796326794896780 ),
 .UNSPECIFIED. ) 
 CURVE ( )  GEOMETRIC_REPRESENTATION_ITEM ( )  RATIONAL_B_SPLINE_CURVE ( ( 1.000000000000000000, 0.9492530216741906779, 0.9492530216741906779, 1.000000000000000000 ) ) 
 REPRESENTATION_ITEM ( '' )  );
#4374 = DIRECTION ( 'NONE',  ( -0.7071067811865475727, 0.7071067811865475727, 0.000000000000000000 ) ) ;
#4375 = CARTESIAN_POINT ( 'NONE',  ( 1.726158301033120068, 36.97122923401909844, -6.277320234604510496 ) ) ;
#4376 = CARTESIAN_POINT ( 'NONE',  ( 8.782693114128209189, 24.30859340615769781, -22.22900000001819976 ) ) ;
#4377 = EDGE_CURVE ( 'NONE', #5677, #5870, #1760, .T. ) ;
#4378 = CARTESIAN_POINT ( 'NONE',  ( -49.27705161185000549, 26.13000000000100087, -8.426937939554100865 ) ) ;
#4379 = CARTESIAN_POINT ( 'NONE',  ( -26.34807934238470040, 29.45140659384229664, -21.22899999999770060 ) ) ;
#4380 = ORIENTED_EDGE ( 'NONE', *, *, #6451, .F. ) ;
#4381 = CARTESIAN_POINT ( 'NONE',  ( 24.84807934238459737, 22.80859340615770137, -21.22900000001820331 ) ) ;
#4382 = ORIENTED_EDGE ( 'NONE', *, *, #3113, .T. ) ;
#4383 = DIRECTION ( 'NONE',  ( 1.000000000000000000, 1.722588032067075228E-20, 1.110149905209635862E-16 ) ) ;
#4384 = LINE ( 'NONE', #3759, #2655 ) ;
#4385 = ADVANCED_FACE ( 'NONE', ( #810 ), #1609, .T. ) ;
#4386 = CYLINDRICAL_SURFACE ( 'NONE', #1994, 0.4999999999999982236 ) ;
#4387 = ORIENTED_EDGE ( 'NONE', *, *, #2763, .F. ) ;
#4388 = VECTOR ( 'NONE', #1251, 1000.000000000000000 ) ;
#4389 = ORIENTED_EDGE ( 'NONE', *, *, #1793, .T. ) ;
#4390 = ORIENTED_EDGE ( 'NONE', *, *, #1255, .T. ) ;
#4391 = LINE ( 'NONE', #37, #4320 ) ;
#4392 = VECTOR ( 'NONE', #6776, 1000.000000000000000 ) ;
#4393 = CARTESIAN_POINT ( 'NONE',  ( -43.91346557064109390, 21.94290283719080037, -21.22900000000290177 ) ) ;
#4394 = CARTESIAN_POINT ( 'NONE',  ( -9.282693114128230505, 29.95140659384229664, -22.22900000001819976 ) ) ;
#4395 = CARTESIAN_POINT ( 'NONE',  ( 25.59807934238459737, 28.45140659384229664, -21.22900000001820331 ) ) ;
#4396 = DIRECTION ( 'NONE',  ( 0.000000000000000000, 0.000000000000000000, -1.000000000000000000 ) ) ;
#4397 = CARTESIAN_POINT ( 'NONE',  ( -18.31538622825640061, 23.80859340615770137, -22.22900000001819976 ) ) ;
#4398 = ORIENTED_EDGE ( 'NONE', *, *, #3100, .T. ) ;
#4399 = VERTEX_POINT ( 'NONE', #1680 ) ;
#4400 = CIRCLE ( 'NONE', #4637, 0.4999999999999982236 ) ;
#4401 = PLANE ( 'NONE',  #1447 ) ;
#4402 = CARTESIAN_POINT ( 'NONE',  ( 26.84807934238460092, 23.80859340615770137, -22.22900000001819976 ) ) ;
#4403 = CIRCLE ( 'NONE', #5320, 0.4999999999999982236 ) ;
#4404 = DIRECTION ( 'NONE',  ( 0.000000000000000000, -1.000000000000000000, 0.000000000000000000 ) ) ;
#4405 = DIRECTION ( 'NONE',  ( 0.000000000000000000, 0.000000000000000000, -1.000000000000000000 ) ) ;
#4406 = VERTEX_POINT ( 'NONE', #412 ) ;
#4407 = VERTEX_POINT ( 'NONE', #2086 ) ;
#4408 = ADVANCED_FACE ( 'NONE', ( #5480 ), #4366, .T. ) ;
#4409 = DIRECTION ( 'NONE',  ( 0.7071067811865475727, 0.7071067811865475727, 0.000000000000000000 ) ) ;
#4410 = CARTESIAN_POINT ( 'NONE',  ( 8.636246504721484030, 29.80495998443556971, -21.22900000000370113 ) ) ;
#4411 = DIRECTION ( 'NONE',  ( -0.7071067811865475727, 0.7071067811865475727, 0.000000000000000000 ) ) ;
#4412 = CIRCLE ( 'NONE', #4866, 3.000000000000002665 ) ;
#4413 = LINE ( 'NONE', #1691, #6669 ) ;
#4414 = LINE ( 'NONE', #3447, #6905 ) ;
#4415 = VERTEX_POINT ( 'NONE', #10 ) ;
#4416 = VECTOR ( 'NONE', #4601, 1000.000000000000000 ) ;
#4417 = EDGE_CURVE ( 'NONE', #2986, #3839, #3267, .T. ) ;
#4418 = CARTESIAN_POINT ( 'NONE',  ( -1.500000000000000000, 24.30859340615769781, -21.22900000000120002 ) ) ;
#4419 = LINE ( 'NONE', #3220, #4477 ) ;
#4420 = CARTESIAN_POINT ( 'NONE',  ( -36.13077245651289360, 29.45140659384229664, -21.22900000001820331 ) ) ;
#4421 = AXIS2_PLACEMENT_3D ( 'NONE', #2059, #5958, #1586 ) ;
#4422 = ORIENTED_EDGE ( 'NONE', *, *, #6360, .T. ) ;
#4423 = ORIENTED_EDGE ( 'NONE', *, *, #3417, .T. ) ;
#4424 = ORIENTED_EDGE ( 'NONE', *, *, #2954, .T. ) ;
#4425 = EDGE_CURVE ( 'NONE', #3367, #5684, #2230, .T. ) ;
#4426 = DIRECTION ( 'NONE',  ( -0.08714256931580939558, 0.01738601487458290087, -0.9960441250767058108 ) ) ;
#4427 = DIRECTION ( 'NONE',  ( 0.7071067811865475727, 0.7071067811865475727, 0.000000000000000000 ) ) ;
#4428 = DIRECTION ( 'NONE',  ( 0.000000000000000000, 0.000000000000000000, 1.000000000000000000 ) ) ;
#4429 = LINE ( 'NONE', #2257, #168 ) ;
#4430 = ORIENTED_EDGE ( 'NONE', *, *, #3132, .F. ) ;
#4431 = CIRCLE ( 'NONE', #1650, 0.4999999999999994449 ) ;
#4432 = ORIENTED_EDGE ( 'NONE', *, *, #609, .F. ) ;
#4433 = ADVANCED_FACE ( 'NONE', ( #4292 ), #480, .T. ) ;
#4434 = ORIENTED_EDGE ( 'NONE', *, *, #5567, .T. ) ;
#4435 = DIRECTION ( 'NONE',  ( 0.000000000000000000, 0.000000000000000000, 1.000000000000000000 ) ) ;
#4436 = CYLINDRICAL_SURFACE ( 'NONE', #4841, 0.4999999999999996114 ) ;
#4437 = AXIS2_PLACEMENT_3D ( 'NONE', #2206, #2666, #2132 ) ;
#4438 = CYLINDRICAL_SURFACE ( 'NONE', #5033, 12.80206206045380135 ) ;
#4439 = LINE ( 'NONE', #4329, #1940 ) ;
#4440 = ORIENTED_EDGE ( 'NONE', *, *, #3706, .F. ) ;
#4441 = VERTEX_POINT ( 'NONE', #1536 ) ;
#4442 = VECTOR ( 'NONE', #7020, 1000.000000000000000 ) ;
#4443 = CARTESIAN_POINT ( 'NONE',  ( 17.41893961884967013, 22.45504001556442830, -22.22900000001819976 ) ) ;
#4444 = CARTESIAN_POINT ( 'NONE',  ( 49.89837195540965098, 38.11586755808832550, -4.951219640185313686 ) ) ;
#4445 = DIRECTION ( 'NONE',  ( -0.7071067811865495711, 0.7071067811865455743, 0.000000000000000000 ) ) ;
#4446 = CIRCLE ( 'NONE', #3171, 0.5000000000000006661 ) ;
#4447 = DIRECTION ( 'NONE',  ( -1.000000000000000000, 5.056412698010379758E-16, 0.000000000000000000 ) ) ;
#4448 = LINE ( 'NONE', #4913, #6144 ) ;
#4449 = EDGE_CURVE ( 'NONE', #1816, #269, #1206, .T. ) ;
#4450 = EDGE_LOOP ( 'NONE', ( #6595, #4660, #2727, #7089 ) ) ;
#4451 = AXIS2_PLACEMENT_3D ( 'NONE', #6785, #3933, #735 ) ;
#4452 = LINE ( 'NONE', #5537, #2028 ) ;
#4453 = CARTESIAN_POINT ( 'NONE',  ( -49.27705161185000549, 26.12999999998119804, -8.426937939554100865 ) ) ;
#4454 = CARTESIAN_POINT ( 'NONE',  ( 4.250000000000000000, 15.32958314592720050, -8.615459916994128164 ) ) ;
#4455 =( BOUNDED_CURVE ( )  B_SPLINE_CURVE ( 3, ( #3492, #6388, #5855, #162 ),
 .UNSPECIFIED., .F., .F. ) 
 B_SPLINE_CURVE_WITH_KNOTS ( ( 4, 4 ),
 ( 4.729842272904628331, 5.385159503748469412 ),
 .UNSPECIFIED. ) 
 CURVE ( )  GEOMETRIC_REPRESENTATION_ITEM ( )  RATIONAL_B_SPLINE_CURVE ( ( 1.000000000000000000, 0.9645323060299615392, 0.9645323060299615392, 1.000000000000000000 ) ) 
 REPRESENTATION_ITEM ( '' )  );
#4456 = CARTESIAN_POINT ( 'NONE',  ( 42.91346557064109390, 25.87999999999999901, -21.22900000000370113 ) ) ;
#4457 = AXIS2_PLACEMENT_3D ( 'NONE', #2731, #2157, #2622 ) ;
#4458 = ADVANCED_FACE ( 'NONE', ( #3741 ), #4401, .T. ) ;
#4459 = ORIENTED_EDGE ( 'NONE', *, *, #6967, .F. ) ;
#4460 = ORIENTED_EDGE ( 'NONE', *, *, #7027, .T. ) ;
#4461 = ORIENTED_EDGE ( 'NONE', *, *, #990, .T. ) ;
#4462 = VECTOR ( 'NONE', #5311, 1000.000000000000000 ) ;
#4463 = DIRECTION ( 'NONE',  ( 0.000000000000000000, -0.7071067811854260254, -0.7071067811876690090 ) ) ;
#4464 = FACE_OUTER_BOUND ( 'NONE', #7033, .T. ) ;
#4465 = FACE_OUTER_BOUND ( 'NONE', #1825, .T. ) ;
#4466 = CARTESIAN_POINT ( 'NONE',  ( -34.98432584710617022, 28.30495998443557326, -22.22900000001819976 ) ) ;
#4467 = DIRECTION ( 'NONE',  ( 2.643849071507677990E-16, 0.9961946980917455452, 0.08715574274765815199 ) ) ;
#4468 = EDGE_CURVE ( 'NONE', #6619, #6851, #2656, .T. ) ;
#4469 = ORIENTED_EDGE ( 'NONE', *, *, #1239, .F. ) ;
#4470 = AXIS2_PLACEMENT_3D ( 'NONE', #2875, #1326, #3964 ) ;
#4471 = EDGE_LOOP ( 'NONE', ( #2467, #1045, #5200, #3057 ) ) ;
#4472 = VERTEX_POINT ( 'NONE', #6052 ) ;
#4473 = CARTESIAN_POINT ( 'NONE',  ( -36.63077245651289360, 24.30859340615769781, -21.22900000001820331 ) ) ;
#4474 = CARTESIAN_POINT ( 'NONE',  ( -27.99452595179142733, 28.30495998443557326, -21.22900000001820331 ) ) ;
#4475 = EDGE_CURVE ( 'NONE', #4856, #1312, #2121, .T. ) ;
#4476 = ORIENTED_EDGE ( 'NONE', *, *, #6538, .F. ) ;
#4477 = VECTOR ( 'NONE', #2674, 1000.000000000000000 ) ;
#4478 = ORIENTED_EDGE ( 'NONE', *, *, #4187, .F. ) ;
#4479 = ORIENTED_EDGE ( 'NONE', *, *, #6871, .T. ) ;
#4480 = VECTOR ( 'NONE', #2487, 1000.000000000000000 ) ;
#4481 = AXIS2_PLACEMENT_3D ( 'NONE', #1336, #3168, #447 ) ;
#4482 = CARTESIAN_POINT ( 'NONE',  ( -35.13077245651290070, 22.80859340615770137, -22.22900000001819976 ) ) ;
#4483 = PLANE ( 'NONE',  #5217 ) ;
#4484 = EDGE_CURVE ( 'NONE', #5057, #1767, #1097, .T. ) ;
#4485 = CARTESIAN_POINT ( 'NONE',  ( 16.81538622825639706, 29.95140659384229664, -22.22900000001819976 ) ) ;
#4486 = VECTOR ( 'NONE', #2205, 1000.000000000000227 ) ;
#4487 = ORIENTED_EDGE ( 'NONE', *, *, #5000, .F. ) ;
#4488 =( LENGTH_UNIT ( ) NAMED_UNIT ( * ) SI_UNIT ( .MILLI., .METRE. ) );
#4489 = ADVANCED_FACE ( 'NONE', ( #5523 ), #987, .F. ) ;
#4490 = AXIS2_PLACEMENT_3D ( 'NONE', #785, #4161, #3744 ) ;
#4491 = CARTESIAN_POINT ( 'NONE',  ( -52.27705161184999838, 16.32943060266610047, -8.597993851626638317 ) ) ;
#4492 = DIRECTION ( 'NONE',  ( -0.7071067811865465735, 0.7069990853988422641, -0.01234071493884437640 ) ) ;
#4493 = LINE ( 'NONE', #2921, #6269 ) ;
#4494 = ORIENTED_EDGE ( 'NONE', *, *, #4556, .F. ) ;
#4495 = VERTEX_POINT ( 'NONE', #4868 ) ;
#4496 = EDGE_CURVE ( 'NONE', #2430, #4138, #5984, .T. ) ;
#4497 = CARTESIAN_POINT ( 'NONE',  ( 7.233820448036957451, 38.55174850165490597, -11.53490139463238684 ) ) ;
#4498 = DIRECTION ( 'NONE',  ( 0.7071067811865475727, 0.7071067811865475727, 0.000000000000000000 ) ) ;
#4499 = VECTOR ( 'NONE', #5554, 1000.000000000000000 ) ;
#4500 = CARTESIAN_POINT ( 'NONE',  ( -52.27705161184999838, 31.39536400415470041, -17.02378304049199897 ) ) ;
#4501 = LINE ( 'NONE', #5683, #1678 ) ;
#4502 = ORIENTED_EDGE ( 'NONE', *, *, #5083, .T. ) ;
#4503 = ORIENTED_EDGE ( 'NONE', *, *, #4934, .T. ) ;
#4504 = FACE_OUTER_BOUND ( 'NONE', #3682, .T. ) ;
#4505 = EDGE_CURVE ( 'NONE', #2986, #1386, #444, .T. ) ;
#4506 = ORIENTED_EDGE ( 'NONE', *, *, #6597, .T. ) ;
#4507 = DIRECTION ( 'NONE',  ( -0.7071067811865475727, 0.7071067811865475727, 0.000000000000000000 ) ) ;
#4508 = FACE_OUTER_BOUND ( 'NONE', #3372, .T. ) ;
#4509 = DIRECTION ( 'NONE',  ( -1.000000000000000000, 0.000000000000000000, 0.000000000000000000 ) ) ;
#4510 = AXIS2_PLACEMENT_3D ( 'NONE', #6554, #4358, #5471 ) ;
#4511 = ORIENTED_EDGE ( 'NONE', *, *, #1440, .F. ) ;
#4512 = ORIENTED_EDGE ( 'NONE', *, *, #6908, .F. ) ;
#4513 = EDGE_CURVE ( 'NONE', #2352, #5112, #3779, .T. ) ;
#4514 = EDGE_CURVE ( 'NONE', #5467, #822, #2691, .T. ) ;
#4515 = ORIENTED_EDGE ( 'NONE', *, *, #2179, .T. ) ;
#4516 = DIRECTION ( 'NONE',  ( 3.462970525474364994E-13, -3.462970525474364994E-13, 1.000000000000000000 ) ) ;
#4517 = DIRECTION ( 'NONE',  ( -1.110223024624999878E-16, 0.000000000000000000, 1.000000000000000000 ) ) ;
#4518 = CARTESIAN_POINT ( 'NONE',  ( 24.84807934238459737, 23.05859340615770137, -21.22900000001820331 ) ) ;
#4519 = DIRECTION ( 'NONE',  ( 0.000000000000000000, 0.000000000000000000, 1.000000000000000000 ) ) ;
#4520 = CARTESIAN_POINT ( 'NONE',  ( -49.27705161185000549, 39.08110492236841793, -6.071532165918824830E-15 ) ) ;
#4521 = VERTEX_POINT ( 'NONE', #1857 ) ;
#4522 = EDGE_CURVE ( 'NONE', #1227, #3676, #3523, .T. ) ;
#4523 = CARTESIAN_POINT ( 'NONE',  ( 48.58333491804407345, 39.08110492236835398, -5.614351854516675247E-16 ) ) ;
#4524 = CARTESIAN_POINT ( 'NONE',  ( -49.27705161185000549, 26.12999999999999901, -8.426937939554479229 ) ) ;
#4525 = DIRECTION ( 'NONE',  ( -2.405483220021173819E-16, -0.01745240643589409529, -0.9998476951564155835 ) ) ;
#4526 = CARTESIAN_POINT ( 'NONE',  ( -8.782693114128230505, 24.30859340615769781, -21.22900000001820331 ) ) ;
#4527 = EDGE_LOOP ( 'NONE', ( #4238, #1004, #206, #4689 ) ) ;
#4528 = ORIENTED_EDGE ( 'NONE', *, *, #1248, .T. ) ;
#4529 = VECTOR ( 'NONE', #6352, 1000.000000000000000 ) ;
#4530 = EDGE_CURVE ( 'NONE', #5212, #6320, #4031, .T. ) ;
#4531 = VECTOR ( 'NONE', #1335, 1000.000000000000000 ) ;
#4532 = EDGE_CURVE ( 'NONE', #5141, #1789, #2297, .T. ) ;
#4533 = DIRECTION ( 'NONE',  ( 0.000000000000000000, -1.000000000000000000, 0.000000000000000000 ) ) ;
#4534 = LINE ( 'NONE', #6222, #5101 ) ;
#4535 = DIRECTION ( 'NONE',  ( 0.000000000000000000, -1.000000000000000000, 0.000000000000000000 ) ) ;
#4536 = ORIENTED_EDGE ( 'NONE', *, *, #1713, .T. ) ;
#4537 = ORIENTED_EDGE ( 'NONE', *, *, #1314, .T. ) ;
#4538 = EDGE_CURVE ( 'NONE', #4849, #3979, #5553, .T. ) ;
#4539 = VECTOR ( 'NONE', #3118, 1000.000000000000000 ) ;
#4540 = FACE_OUTER_BOUND ( 'NONE', #615, .T. ) ;
#4541 = ORIENTED_EDGE ( 'NONE', *, *, #5267, .F. ) ;
#4542 = LINE ( 'NONE', #5037, #401 ) ;
#4543 = AXIS2_PLACEMENT_3D ( 'NONE', #4744, #6943, #1988 ) ;
#4544 = ORIENTED_EDGE ( 'NONE', *, *, #5395, .F. ) ;
#4545 = ORIENTED_EDGE ( 'NONE', *, *, #5345, .T. ) ;
#4546 = EDGE_CURVE ( 'NONE', #7108, #4754, #3994, .T. ) ;
#4547 = CARTESIAN_POINT ( 'NONE',  ( -49.27705161185000549, 35.91937396289149831, -9.239379860303220227 ) ) ;
#4548 = AXIS2_PLACEMENT_3D ( 'NONE', #90, #3415, #2845 ) ;
#4549 = ORIENTED_EDGE ( 'NONE', *, *, #5000, .T. ) ;
#4550 = CARTESIAN_POINT ( 'NONE',  ( -18.91893961884967368, 29.80495998443556971, -21.22900000001820331 ) ) ;
#4551 = DIRECTION ( 'NONE',  ( 0.000000000000000000, 1.000000000000000000, 0.000000000000000000 ) ) ;
#4552 = LINE ( 'NONE', #6125, #468 ) ;
#4553 = CYLINDRICAL_SURFACE ( 'NONE', #3097, 0.4999999999999994449 ) ;
#4554 = LINE ( 'NONE', #4044, #5578 ) ;
#4555 = AXIS2_PLACEMENT_3D ( 'NONE', #6772, #725, #6813 ) ;
#4556 = EDGE_CURVE ( 'NONE', #4441, #3120, #514, .T. ) ;
#4557 = ORIENTED_EDGE ( 'NONE', *, *, #4522, .T. ) ;
#4558 = AXIS2_PLACEMENT_3D ( 'NONE', #2458, #4672, #6209 ) ;
#4559 = CARTESIAN_POINT ( 'NONE',  ( 4.250000000000000000, 17.07757510388659838, -17.47936283566500038 ) ) ;
#4560 = CARTESIAN_POINT ( 'NONE',  ( -51.39837195540964387, 17.69889544744640375, -16.85804249210551475 ) ) ;
#4561 = ADVANCED_FACE ( 'NONE', ( #3400 ), #2833, .F. ) ;
#4562 = ORIENTED_EDGE ( 'NONE', *, *, #3106, .F. ) ;
#4563 = AXIS2_PLACEMENT_3D ( 'NONE', #4004, #2271, #6201 ) ;
#4564 = ORIENTED_EDGE ( 'NONE', *, *, #7034, .F. ) ;
#4565 = DIRECTION ( 'NONE',  ( 1.000000000000000000, 0.000000000000000000, -1.164635296333200074E-17 ) ) ;
#4566 = ORIENTED_EDGE ( 'NONE', *, *, #5866, .T. ) ;
#4567 = AXIS2_PLACEMENT_3D ( 'NONE', #5435, #3330, #6480 ) ;
#4568 = PLANE ( 'NONE',  #1847 ) ;
#4569 = CARTESIAN_POINT ( 'NONE',  ( 7.211831427140960038, 13.65071834463829958, -11.28356573572190058 ) ) ;
#4570 = CARTESIAN_POINT ( 'NONE',  ( 9.282693114128210965, 24.30859340615769781, -21.22900000000370113 ) ) ;
#4571 = LINE ( 'NONE', #3987, #59 ) ;
#4572 = ADVANCED_FACE ( 'NONE', ( #6231 ), #149, .T. ) ;
#4573 = VERTEX_POINT ( 'NONE', #5691 ) ;
#4574 = VECTOR ( 'NONE', #2278, 1000.000000000000000 ) ;
#4575 = ORIENTED_EDGE ( 'NONE', *, *, #1911, .T. ) ;
#4576 = AXIS2_PLACEMENT_3D ( 'NONE', #3902, #2809, #3790 ) ;
#4577 = EDGE_LOOP ( 'NONE', ( #6185, #232, #6511, #4061 ) ) ;
#4578 = DIRECTION ( 'NONE',  ( -1.000000000000000000, 2.591559860139790171E-16, 0.000000000000000000 ) ) ;
#4579 = CARTESIAN_POINT ( 'NONE',  ( 48.58333491804407345, 20.82721226822378213, -21.22900000000364074 ) ) ;
#4580 = ADVANCED_FACE ( 'NONE', ( #1715 ), #5653, .F. ) ;
#4581 = CIRCLE ( 'NONE', #1343, 0.4999999999999994449 ) ;
#4582 = CARTESIAN_POINT ( 'NONE',  ( 25.34807934238459737, 22.80859340615770137, -22.22900000001819976 ) ) ;
#4583 = ORIENTED_EDGE ( 'NONE', *, *, #3952, .T. ) ;
#4584 = EDGE_LOOP ( 'NONE', ( #1294, #226, #5650, #4027 ) ) ;
#4585 = CARTESIAN_POINT ( 'NONE',  ( -8.636246504721503570, 23.95504001556442475, -21.22900000000370113 ) ) ;
#4586 = AXIS2_PLACEMENT_3D ( 'NONE', #6895, #4658, #4146 ) ;
#4587 = ORIENTED_EDGE ( 'NONE', *, *, #155, .F. ) ;
#4588 = FACE_OUTER_BOUND ( 'NONE', #720, .T. ) ;
#4589 = DIRECTION ( 'NONE',  ( 0.7071067811865492381, 0.7071067811865457964, 0.000000000000000000 ) ) ;
#4590 = EDGE_CURVE ( 'NONE', #3993, #1882, #4542, .T. ) ;
#4591 = DIRECTION ( 'NONE',  ( -1.000000000000000000, 0.000000000000000000, 0.000000000000000000 ) ) ;
#4592 = CARTESIAN_POINT ( 'NONE',  ( 44.41346557064109390, 26.88000000000000256, -22.22900000001819976 ) ) ;
#4593 = DIRECTION ( 'NONE',  ( 0.000000000000000000, -1.265464030312512093E-13, -1.000000000000000000 ) ) ;
#4594 = DIRECTION ( 'NONE',  ( 0.000000000000000000, 0.000000000000000000, 1.000000000000000000 ) ) ;
#4595 = AXIS2_PLACEMENT_3D ( 'NONE', #3235, #1056, #5441 ) ;
#4596 = VERTEX_POINT ( 'NONE', #81 ) ;
#4597 = CIRCLE ( 'NONE', #1699, 0.4999999999999982236 ) ;
#4598 = CARTESIAN_POINT ( 'NONE',  ( 7.228354904271066417, 14.61373718055885362, -11.47242994354251344 ) ) ;
#4599 = EDGE_CURVE ( 'NONE', #6719, #2576, #6410, .T. ) ;
#4600 = DIRECTION ( 'NONE',  ( -1.000000000000000000, 9.819848845325710630E-16, 1.164635296401210053E-17 ) ) ;
#4601 = DIRECTION ( 'NONE',  ( 0.000000000000000000, 1.000000000000000000, 6.925824587419099363E-13 ) ) ;
#4602 = CARTESIAN_POINT ( 'NONE',  ( 6.782693114128210077, 27.95140659384230020, -21.22900000001820331 ) ) ;
#4603 = DIRECTION ( 'NONE',  ( 0.000000000000000000, 0.000000000000000000, 1.000000000000000000 ) ) ;
#4604 = ORIENTED_EDGE ( 'NONE', *, *, #1031, .T. ) ;
#4605 = ORIENTED_EDGE ( 'NONE', *, *, #885, .T. ) ;
#4606 = ORIENTED_EDGE ( 'NONE', *, *, #6550, .F. ) ;
#4607 = VERTEX_POINT ( 'NONE', #5328 ) ;
#4608 = DIRECTION ( 'NONE',  ( -8.923019608412663042E-45, 6.802672122339833747E-13, -1.000000000000000000 ) ) ;
#4609 = EDGE_CURVE ( 'NONE', #5644, #1929, #6306, .T. ) ;
#4610 = CARTESIAN_POINT ( 'NONE',  ( -10.28269311412819853, 27.95140659384230020, -21.22900000001820331 ) ) ;
#4611 = DIRECTION ( 'NONE',  ( 0.000000000000000000, 0.000000000000000000, 1.000000000000000000 ) ) ;
#4612 = CARTESIAN_POINT ( 'NONE',  ( -19.56538622825640061, 23.80859340615770137, -21.22900000001820331 ) ) ;
#4613 = FACE_OUTER_BOUND ( 'NONE', #619, .T. ) ;
#4614 = ORIENTED_EDGE ( 'NONE', *, *, #3426, .F. ) ;
#4615 = ORIENTED_EDGE ( 'NONE', *, *, #4530, .F. ) ;
#4616 = ORIENTED_EDGE ( 'NONE', *, *, #411, .T. ) ;
#4617 = CARTESIAN_POINT ( 'NONE',  ( 1.294117030180939931, 14.63620911501089950, -11.21557455741150022 ) ) ;
#4618 = EDGE_CURVE ( 'NONE', #5617, #4415, #6167, .T. ) ;
#4619 = CIRCLE ( 'NONE', #3918, 0.4999999999999982236 ) ;
#4620 = DIRECTION ( 'NONE',  ( -3.462970525474364994E-13, 3.462970525474364994E-13, -1.000000000000000000 ) ) ;
#4621 = DIRECTION ( 'NONE',  ( 0.000000000000000000, 0.000000000000000000, 1.000000000000000000 ) ) ;
#4622 = FACE_OUTER_BOUND ( 'NONE', #6329, .T. ) ;
#4623 = ORIENTED_EDGE ( 'NONE', *, *, #2994, .T. ) ;
#4624 = ORIENTED_EDGE ( 'NONE', *, *, #5679, .F. ) ;
#4625 = AXIS2_PLACEMENT_3D ( 'NONE', #1317, #4621, #6190 ) ;
#4626 = EDGE_CURVE ( 'NONE', #6176, #6486, #4736, .T. ) ;
#4627 = ORIENTED_EDGE ( 'NONE', *, *, #2662, .T. ) ;
#4628 = DIRECTION ( 'NONE',  ( -0.7071067811865475727, -0.7071067811865475727, 0.000000000000000000 ) ) ;
#4629 = CARTESIAN_POINT ( 'NONE',  ( 24.34807934238459737, 28.45140659384229664, -21.22899999999840048 ) ) ;
#4630 = AXIS2_PLACEMENT_3D ( 'NONE', #393, #1453, #6366 ) ;
#4631 = LINE ( 'NONE', #6863, #2387 ) ;
#4632 = LINE ( 'NONE', #3734, #3945 ) ;
#4633 = CARTESIAN_POINT ( 'NONE',  ( 50.77705161184991312, 36.88705406398980813, -5.892263919459463737E-16 ) ) ;
#4634 = DIRECTION ( 'NONE',  ( 0.000000000000000000, 0.000000000000000000, 1.000000000000000000 ) ) ;
#4635 = VERTEX_POINT ( 'NONE', #5733 ) ;
#4636 = ADVANCED_FACE ( 'NONE', ( #265 ), #3089, .T. ) ;
#4637 = AXIS2_PLACEMENT_3D ( 'NONE', #4135, #5865, #2469 ) ;
#4638 = CARTESIAN_POINT ( 'NONE',  ( -50.27705161184999838, 26.12999999999999901, -8.426937939554479229 ) ) ;
#4639 = LINE ( 'NONE', #4559, #4875 ) ;
#4640 = DIRECTION ( 'NONE',  ( -0.7071067811865475727, -0.7071067811865475727, 0.000000000000000000 ) ) ;
#4641 = VERTEX_POINT ( 'NONE', #840 ) ;
#4642 = ORIENTED_EDGE ( 'NONE', *, *, #328, .T. ) ;
#4643 = EDGE_CURVE ( 'NONE', #5623, #5383, #3635, .T. ) ;
#4644 = DIRECTION ( 'NONE',  ( -0.08682659386424781967, 0.08682659386424759762, -0.9924325091389669673 ) ) ;
#4645 = ORIENTED_EDGE ( 'NONE', *, *, #4947, .F. ) ;
#4646 = CARTESIAN_POINT ( 'NONE',  ( -49.27705161185000549, 38.99441338736109941, -4.966554714676459703 ) ) ;
#4647 = DIRECTION ( 'NONE',  ( 0.000000000000000000, 0.000000000000000000, 1.000000000000000000 ) ) ;
#4648 = FACE_OUTER_BOUND ( 'NONE', #2081, .T. ) ;
#4649 = ORIENTED_EDGE ( 'NONE', *, *, #4131, .F. ) ;
#4650 = ORIENTED_EDGE ( 'NONE', *, *, #3484, .F. ) ;
#4651 = EDGE_CURVE ( 'NONE', #2198, #5392, #3064, .T. ) ;
#4652 = ORIENTED_EDGE ( 'NONE', *, *, #6113, .F. ) ;
#4653 = CARTESIAN_POINT ( 'NONE',  ( -35.63077245651290070, 22.30859340615769781, -22.22900000001819976 ) ) ;
#4654 = CIRCLE ( 'NONE', #16, 0.4999999999999982236 ) ;
#4655 = ORIENTED_EDGE ( 'NONE', *, *, #2421, .F. ) ;
#4656 = DIRECTION ( 'NONE',  ( 0.000000000000000000, 0.000000000000000000, 1.000000000000000000 ) ) ;
#4657 = CARTESIAN_POINT ( 'NONE',  ( 18.06538622825640061, 27.95140659384230020, -22.22900000001819976 ) ) ;
#4658 = DIRECTION ( 'NONE',  ( 0.000000000000000000, 0.000000000000000000, 1.000000000000000000 ) ) ;
#4659 = DIRECTION ( 'NONE',  ( 0.000000000000000000, 0.000000000000000000, 1.000000000000000000 ) ) ;
#4660 = ORIENTED_EDGE ( 'NONE', *, *, #742, .T. ) ;
#4661 = VECTOR ( 'NONE', #257, 1000.000000000000000 ) ;
#4662 = ORIENTED_EDGE ( 'NONE', *, *, #3561, .T. ) ;
#4663 = ADVANCED_FACE ( 'NONE', ( #2004 ), #6341, .F. ) ;
#4664 = DIRECTION ( 'NONE',  ( 0.000000000000000000, 0.000000000000000000, 1.000000000000000000 ) ) ;
#4665 = VECTOR ( 'NONE', #2789, 1000.000000000000000 ) ;
#4666 = DIRECTION ( 'NONE',  ( -3.462970525474364994E-13, 3.462970525474380140E-13, -1.000000000000000000 ) ) ;
#4667 = CARTESIAN_POINT ( 'NONE',  ( -52.27705161184999838, 16.26346196517519971, -4.818653140940460489 ) ) ;
#4668 = DIRECTION ( 'NONE',  ( 1.480297366166873826E-16, 0.7071067811864090169, -0.7071067811866860175 ) ) ;
#4669 = DIRECTION ( 'NONE',  ( -0.7071067811865475727, -0.7069990853988241675, -0.01234071493982711459 ) ) ;
#4670 = VERTEX_POINT ( 'NONE', #804 ) ;
#4671 = CIRCLE ( 'NONE', #5822, 0.4999999999999994449 ) ;
#4672 = DIRECTION ( 'NONE',  ( 0.000000000000000000, 0.000000000000000000, 1.000000000000000000 ) ) ;
#4673 = DIRECTION ( 'NONE',  ( -1.110053932280890402E-16, 0.01745240643589300936, 0.9998476951564154724 ) ) ;
#4674 = DIRECTION ( 'NONE',  ( 0.000000000000000000, 0.000000000000000000, 1.000000000000000000 ) ) ;
#4675 = AXIS2_PLACEMENT_3D ( 'NONE', #5688, #1240, #4101 ) ;
#4676 = EDGE_CURVE ( 'NONE', #7001, #7162, #287, .T. ) ;
#4677 = CARTESIAN_POINT ( 'NONE',  ( 47.18582856059130393, 26.37999999999999901, -21.22900000000370113 ) ) ;
#4678 = DIRECTION ( 'NONE',  ( -1.000000000000000000, 0.000000000000000000, 0.000000000000000000 ) ) ;
#4679 = ORIENTED_EDGE ( 'NONE', *, *, #4942, .F. ) ;
#4680 = VERTEX_POINT ( 'NONE', #1464 ) ;
#4681 = DIRECTION ( 'NONE',  ( 0.000000000000000000, 0.000000000000000000, -1.000000000000000000 ) ) ;
#4682 = AXIS2_PLACEMENT_3D ( 'NONE', #2477, #6925, #6890 ) ;
#4683 = ORIENTED_EDGE ( 'NONE', *, *, #3278, .F. ) ;
#4684 = CARTESIAN_POINT ( 'NONE',  ( -44.91346557064109390, 22.80859340615770137, -21.22900000001820331 ) ) ;
#4685 = CARTESIAN_POINT ( 'NONE',  ( 1.294117030180939931, 37.62379088497529978, -11.21557455739549880 ) ) ;
#4686 = EDGE_CURVE ( 'NONE', #5032, #4407, #1563, .T. ) ;
#4687 = CARTESIAN_POINT ( 'NONE',  ( -48.68582856059130393, 26.88000000000000256, -21.22899999999950182 ) ) ;
#4688 = CIRCLE ( 'NONE', #5248, 0.4999999999999982236 ) ;
#4689 = ORIENTED_EDGE ( 'NONE', *, *, #5309, .T. ) ;
#4690 = ORIENTED_EDGE ( 'NONE', *, *, #2292, .T. ) ;
#4691 = ORIENTED_EDGE ( 'NONE', *, *, #3388, .T. ) ;
#4692 = CARTESIAN_POINT ( 'NONE',  ( 5.419999999999999929, 17.96218694238200086, -18.36397467416070128 ) ) ;
#4693 = CARTESIAN_POINT ( 'NONE',  ( 16.06538622825639706, 29.45140659384229664, -21.22900000001820331 ) ) ;
#4694 = EDGE_CURVE ( 'NONE', #540, #6301, #2493, .T. ) ;
#4695 = DIRECTION ( 'NONE',  ( 0.000000000000000000, -0.01745240643589279425, -0.9998476951564155835 ) ) ;
#4696 = CIRCLE ( 'NONE', #6522, 0.4999999999999996114 ) ;
#4697 = FACE_OUTER_BOUND ( 'NONE', #5714, .T. ) ;
#4698 = EDGE_LOOP ( 'NONE', ( #751, #5526, #800, #5303 ) ) ;
#4699 =( BOUNDED_CURVE ( )  B_SPLINE_CURVE ( 3, ( #4049, #6833, #4016, #1730 ),
 .UNSPECIFIED., .F., .F. ) 
 B_SPLINE_CURVE_WITH_KNOTS ( ( 4, 4 ),
 ( 0.7853981633973892151, 1.570796326794796416 ),
 .UNSPECIFIED. ) 
 CURVE ( )  GEOMETRIC_REPRESENTATION_ITEM ( )  RATIONAL_B_SPLINE_CURVE ( ( 1.000000000000000000, 0.9492530216741963400, 0.9492530216741963400, 1.000000000000000000 ) ) 
 REPRESENTATION_ITEM ( '' )  );
#4700 = ORIENTED_EDGE ( 'NONE', *, *, #6620, .T. ) ;
#4701 = CARTESIAN_POINT ( 'NONE',  ( 49.89837195540964387, 22.06985295534195402, -21.22900000000278098 ) ) ;
#4702 = CARTESIAN_POINT ( 'NONE',  ( -50.08333491804406634, 20.82721226822378568, -21.22900000000364429 ) ) ;
#4703 = EDGE_CURVE ( 'NONE', #695, #4635, #4144, .T. ) ;
#4704 = CARTESIAN_POINT ( 'NONE',  ( -52.27705161184999838, 27.19014704466070143, -21.22899999999919984 ) ) ;
#4705 = FACE_OUTER_BOUND ( 'NONE', #5155, .T. ) ;
#4706 = CARTESIAN_POINT ( 'NONE',  ( 43.91346557064109390, 29.20140659384229664, -22.22900000001819976 ) ) ;
#4707 = CIRCLE ( 'NONE', #2159, 9.802062060445521752 ) ;
#4708 = EDGE_CURVE ( 'NONE', #6406, #5355, #6526, .T. ) ;
#4709 = CARTESIAN_POINT ( 'NONE',  ( 48.48415839303654451, 15.63195921878267391, -9.156176220814634448 ) ) ;
#4710 = CARTESIAN_POINT ( 'NONE',  ( -27.34807934238470040, 22.30859340615769781, -22.22900000001819976 ) ) ;
#4711 = CYLINDRICAL_SURFACE ( 'NONE', #534, 0.4999999999999982236 ) ;
#4712 = CYLINDRICAL_SURFACE ( 'NONE', #6387, 0.5000000000000006661 ) ;
#4713 = ORIENTED_EDGE ( 'NONE', *, *, #411, .F. ) ;
#4714 = AXIS2_PLACEMENT_3D ( 'NONE', #5899, #1597, #6505 ) ;
#4715 = FACE_OUTER_BOUND ( 'NONE', #6927, .T. ) ;
#4716 = ORIENTED_EDGE ( 'NONE', *, *, #338, .F. ) ;
#4717 = CIRCLE ( 'NONE', #888, 0.5000000000000006661 ) ;
#4718 = ADVANCED_FACE ( 'NONE', ( #3557 ), #4178, .T. ) ;
#4719 = ORIENTED_EDGE ( 'NONE', *, *, #1449, .T. ) ;
#4720 = CARTESIAN_POINT ( 'NONE',  ( -27.34807934238470040, 22.80859340615770137, -21.22900000000370113 ) ) ;
#4721 = CARTESIAN_POINT ( 'NONE',  ( -49.27705161185000549, 13.17889507760180656, 5.952052646935947166E-16 ) ) ;
#4722 = CARTESIAN_POINT ( 'NONE',  ( 7.188589905580066386, 15.37151813668837619, -11.01791392868514130 ) ) ;
#4723 = EDGE_LOOP ( 'NONE', ( #1113, #827, #4515, #5363 ) ) ;
#4724 = AXIS2_PLACEMENT_3D ( 'NONE', #680, #2964, #5174 ) ;
#4725 = EDGE_CURVE ( 'NONE', #761, #6841, #5809, .T. ) ;
#4726 = DIRECTION ( 'NONE',  ( 2.657959672274139908E-32, 6.812307635260995282E-13, -1.000000000000000000 ) ) ;
#4727 = VERTEX_POINT ( 'NONE', #2978 ) ;
#4728 = DIRECTION ( 'NONE',  ( 0.7071067811865475727, -0.7071067811865475727, 0.000000000000000000 ) ) ;
#4729 = CARTESIAN_POINT ( 'NONE',  ( -9.782693114128232281, 22.30859340615769781, -21.22900000000259979 ) ) ;
#4730 = CARTESIAN_POINT ( 'NONE',  ( 34.98432584710617022, 22.45504001556442830, -21.22900000001820331 ) ) ;
#4731 = ORIENTED_EDGE ( 'NONE', *, *, #350, .F. ) ;
#4732 = ORIENTED_EDGE ( 'NONE', *, *, #3973, .T. ) ;
#4733 = EDGE_CURVE ( 'NONE', #5765, #5617, #303, .T. ) ;
#4734 = CARTESIAN_POINT ( 'NONE',  ( -50.27705161184999838, 16.33895830418149941, -9.143835505874799097 ) ) ;
#4735 = DIRECTION ( 'NONE',  ( 0.7071067811865475727, -0.7071067811865475727, 0.000000000000000000 ) ) ;
#4736 =( BOUNDED_CURVE ( )  B_SPLINE_CURVE ( 3, ( #5186, #873, #342, #3518 ),
 .UNSPECIFIED., .F., .F. ) 
 B_SPLINE_CURVE_WITH_KNOTS ( ( 4, 4 ),
 ( 4.937421538393281573, 6.352068354884096379 ),
 .UNSPECIFIED. ) 
 CURVE ( )  GEOMETRIC_REPRESENTATION_ITEM ( )  RATIONAL_B_SPLINE_CURVE ( ( 1.000000000000000000, 0.8400692335327898386, 0.8400692335327898386, 1.000000000000000000 ) ) 
 REPRESENTATION_ITEM ( '' )  );
#4737 = DIRECTION ( 'NONE',  ( 0.000000000000000000, 0.000000000000000000, -1.000000000000000000 ) ) ;
#4738 = DIRECTION ( 'NONE',  ( 2.795780638009420268E-16, 1.000000000000000000, 6.925824587419099363E-13 ) ) ;
#4739 = DIRECTION ( 'NONE',  ( 3.462970525474364994E-13, -3.462970525474430123E-13, 1.000000000000000000 ) ) ;
#4740 = EDGE_CURVE ( 'NONE', #6271, #6738, #1894, .T. ) ;
#4741 = AXIS2_PLACEMENT_3D ( 'NONE', #5298, #1465, #3157 ) ;
#4742 = CARTESIAN_POINT ( 'NONE',  ( -37.13077245651289360, 23.80859340615770137, -21.22900000001820331 ) ) ;
#4743 = CARTESIAN_POINT ( 'NONE',  ( 4.250000000000000000, 26.12999999999999901, -8.426937939554479229 ) ) ;
#4744 = CARTESIAN_POINT ( 'NONE',  ( 0.4999999999999900080, 27.95140659384230020, -21.22900000000370113 ) ) ;
#4745 = CIRCLE ( 'NONE', #5426, 0.4999999999999996114 ) ;
#4746 = ORIENTED_EDGE ( 'NONE', *, *, #1704, .F. ) ;
#4747 = EDGE_CURVE ( 'NONE', #6016, #5446, #2519, .T. ) ;
#4748 = VERTEX_POINT ( 'NONE', #1565 ) ;
#4749 = CARTESIAN_POINT ( 'NONE',  ( -49.98415839303655872, 15.47213756835415310, 0.000000000000000000 ) ) ;
#4750 = CARTESIAN_POINT ( 'NONE',  ( -17.06538622825639706, 27.95140659384230020, -21.22900000001820331 ) ) ;
#4751 = DIRECTION ( 'NONE',  ( 3.462854061944730330E-13, 3.462854061944730330E-13, -1.000000000000000000 ) ) ;
#4752 = CARTESIAN_POINT ( 'NONE',  ( 6.590000000000000746, 36.65892902413900600, -4.175999999985370081 ) ) ;
#4753 = ADVANCED_FACE ( 'NONE', ( #5470 ), #7051, .T. ) ;
#4754 = VERTEX_POINT ( 'NONE', #6133 ) ;
#4755 = ORIENTED_EDGE ( 'NONE', *, *, #3550, .F. ) ;
#4756 = ORIENTED_EDGE ( 'NONE', *, *, #101, .F. ) ;
#4757 = DIRECTION ( 'NONE',  ( 0.000000000000000000, 0.7071067811854280238, 0.7071067811876670106 ) ) ;
#4758 = ORIENTED_EDGE ( 'NONE', *, *, #3755, .F. ) ;
#4759 = DIRECTION ( 'NONE',  ( 1.000000000000000000, -1.376885414906370062E-16, -1.164635296342740053E-17 ) ) ;
#4760 = FACE_OUTER_BOUND ( 'NONE', #3487, .T. ) ;
#4761 = LINE ( 'NONE', #3127, #1676 ) ;
#4762 = CARTESIAN_POINT ( 'NONE',  ( 16.56538622825639706, 29.45140659384229664, -21.22900000001820331 ) ) ;
#4763 = EDGE_CURVE ( 'NONE', #2085, #879, #3193, .T. ) ;
#4764 = VERTEX_POINT ( 'NONE', #4826 ) ;
#4765 = ORIENTED_EDGE ( 'NONE', *, *, #5574, .F. ) ;
#4766 = AXIS2_PLACEMENT_3D ( 'NONE', #1946, #5979, #316 ) ;
#4767 = AXIS2_PLACEMENT_3D ( 'NONE', #784, #1373, #4777 ) ;
#4768 = CARTESIAN_POINT ( 'NONE',  ( 16.81538622825639706, 28.45140659384229664, -22.22900000001819976 ) ) ;
#4769 = CARTESIAN_POINT ( 'NONE',  ( 26.20163273297787043, 29.80495998443556971, -21.22900000000370113 ) ) ;
#4770 = AXIS2_PLACEMENT_3D ( 'NONE', #5517, #1738, #3951 ) ;
#4771 = EDGE_CURVE ( 'NONE', #4062, #2547, #2949, .T. ) ;
#4772 = EDGE_LOOP ( 'NONE', ( #1727, #5951, #5173, #1522 ) ) ;
#4773 = CIRCLE ( 'NONE', #1646, 0.4999999999999982236 ) ;
#4774 =( BOUNDED_CURVE ( )  B_SPLINE_CURVE ( 3, ( #1819, #6186, #6147, #4617 ),
 .UNSPECIFIED., .F., .F. ) 
 B_SPLINE_CURVE_WITH_KNOTS ( ( 4, 4 ),
 ( 0.06888304770451042502, 1.483529864195239911 ),
 .UNSPECIFIED. ) 
 CURVE ( )  GEOMETRIC_REPRESENTATION_ITEM ( )  RATIONAL_B_SPLINE_CURVE ( ( 1.000000000000000000, 0.8400692335328081572, 0.8400692335328081572, 1.000000000000000000 ) ) 
 REPRESENTATION_ITEM ( '' )  );
#4775 = CARTESIAN_POINT ( 'NONE',  ( -49.27705161185000549, 16.26346196517519971, -4.818653140940460489 ) ) ;
#4776 = CARTESIAN_POINT ( 'NONE',  ( 43.16346557064109390, 26.88000000000000256, -22.22900000001819976 ) ) ;
#4777 = DIRECTION ( 'NONE',  ( -9.819848845325710630E-16, -1.000000000000000000, 0.000000000000000000 ) ) ;
#4778 = EDGE_CURVE ( 'NONE', #5589, #2550, #984, .T. ) ;
#4779 = LINE ( 'NONE', #1445, #2687 ) ;
#4780 = AXIS2_PLACEMENT_3D ( 'NONE', #66, #6173, #212 ) ;
#4781 = VERTEX_POINT ( 'NONE', #2681 ) ;
#4782 = ORIENTED_EDGE ( 'NONE', *, *, #1402, .F. ) ;
#4783 = DIRECTION ( 'NONE',  ( 3.462970525474364994E-13, -3.462970525474364994E-13, 1.000000000000000000 ) ) ;
#4784 = CARTESIAN_POINT ( 'NONE',  ( 48.48415839303653740, 15.47213756835416198, 0.000000000000000000 ) ) ;
#4785 = EDGE_CURVE ( 'NONE', #6759, #77, #4893, .T. ) ;
#4786 = LINE ( 'NONE', #4094, #1932 ) ;
#4787 = DIRECTION ( 'NONE',  ( -1.000000000000000000, 1.374852536434991760E-16, 0.000000000000000000 ) ) ;
#4788 = ORIENTED_EDGE ( 'NONE', *, *, #2615, .T. ) ;
#4789 = AXIS2_PLACEMENT_3D ( 'NONE', #3026, #6355, #2533 ) ;
#4790 = ORIENTED_EDGE ( 'NONE', *, *, #6900, .T. ) ;
#4791 = CARTESIAN_POINT ( 'NONE',  ( 24.70163273297787043, 28.30495998443557326, -21.22900000001820331 ) ) ;
#4792 = CARTESIAN_POINT ( 'NONE',  ( 4.250000000000000000, 35.18242489610819490, -17.47936283565239890 ) ) ;
#4793 = CARTESIAN_POINT ( 'NONE',  ( -34.63077245651290070, 28.45140659384229664, -21.22899999999840048 ) ) ;
#4794 = AXIS2_PLACEMENT_3D ( 'NONE', #128, #706, #1334 ) ;
#4795 = ADVANCED_FACE ( 'NONE', ( #4928 ), #2076, .F. ) ;
#4796 = LINE ( 'NONE', #1431, #6781 ) ;
#4797 = ORIENTED_EDGE ( 'NONE', *, *, #2448, .F. ) ;
#4798 = VERTEX_POINT ( 'NONE', #7131 ) ;
#4799 = VECTOR ( 'NONE', #6964, 1000.000000000000000 ) ;
#4800 = ADVANCED_FACE ( 'NONE', ( #4860 ), #1526, .F. ) ;
#4801 = LINE ( 'NONE', #314, #3408 ) ;
#4802 = CIRCLE ( 'NONE', #4925, 0.9999999999999994449 ) ;
#4803 = AXIS2_PLACEMENT_3D ( 'NONE', #1025, #2193, #6487 ) ;
#4804 = ORIENTED_EDGE ( 'NONE', *, *, #701, .T. ) ;
#4805 =( GEOMETRIC_REPRESENTATION_CONTEXT ( 3 ) GLOBAL_UNCERTAINTY_ASSIGNED_CONTEXT ( ( #339 ) ) GLOBAL_UNIT_ASSIGNED_CONTEXT ( ( #4488, #2670, #4344 ) ) REPRESENTATION_CONTEXT ( 'NONE', 'WORKASPACE' ) );
#4806 = AXIS2_PLACEMENT_3D ( 'NONE', #2424, #3537, #4014 ) ;
#4807 = ADVANCED_FACE ( 'NONE', ( #1635 ), #5939, .F. ) ;
#4808 = CARTESIAN_POINT ( 'NONE',  ( 48.77705161185000549, 16.32943084108359599, -8.598007510556838540 ) ) ;
#4809 = DIRECTION ( 'NONE',  ( 1.000000000000000000, -1.376885414906365871E-16, -1.164635296342740053E-17 ) ) ;
#4810 = DIRECTION ( 'NONE',  ( 3.462970525474364994E-13, -3.462970525474380140E-13, 1.000000000000000000 ) ) ;
#4811 = CIRCLE ( 'NONE', #989, 0.4999999999999982236 ) ;
#4812 = LINE ( 'NONE', #4271, #3778 ) ;
#4813 = ORIENTED_EDGE ( 'NONE', *, *, #4229, .T. ) ;
#4814 = EDGE_CURVE ( 'NONE', #6022, #1283, #2112, .T. ) ;
#4815 = ORIENTED_EDGE ( 'NONE', *, *, #7002, .T. ) ;
#4816 = CARTESIAN_POINT ( 'NONE',  ( 7.282693114128210077, 23.05859340615770137, -21.22900000001820331 ) ) ;
#4817 = DIRECTION ( 'NONE',  ( -3.462970525474364994E-13, 3.462970525474364994E-13, -1.000000000000000000 ) ) ;
#4818 = DIRECTION ( 'NONE',  ( 0.000000000000000000, 1.000000000000000000, 0.000000000000000000 ) ) ;
#4819 = AXIS2_PLACEMENT_3D ( 'NONE', #2511, #3005, #1489 ) ;
#4820 = CYLINDRICAL_SURFACE ( 'NONE', #2457, 0.4999999999999996114 ) ;
#4821 = ORIENTED_EDGE ( 'NONE', *, *, #6792, .T. ) ;
#4822 = ORIENTED_EDGE ( 'NONE', *, *, #5453, .T. ) ;
#4823 = VECTOR ( 'NONE', #696, 1000.000000000000000 ) ;
#4824 = ORIENTED_EDGE ( 'NONE', *, *, #1305, .T. ) ;
#4825 = EDGE_CURVE ( 'NONE', #2085, #1891, #6194, .T. ) ;
#4826 = CARTESIAN_POINT ( 'NONE',  ( -52.27705161184999838, 19.19889544744140153, -15.35804249211109962 ) ) ;
#4827 = CARTESIAN_POINT ( 'NONE',  ( 49.89837195540965098, 14.20843334646961686, -8.635015996446119502 ) ) ;
#4828 = CARTESIAN_POINT ( 'NONE',  ( -45.55991218004781729, 25.23355339059326852, -22.22900000001819976 ) ) ;
#4829 = CARTESIAN_POINT ( 'NONE',  ( -36.13077245651289360, 29.45140659384229664, -21.22900000000370113 ) ) ;
#4830 = VERTEX_POINT ( 'NONE', #3419 ) ;
#4831 = VERTEX_POINT ( 'NONE', #672 ) ;
#4832 = VECTOR ( 'NONE', #595, 1000.000000000000000 ) ;
#4833 = CARTESIAN_POINT ( 'NONE',  ( 8.282693114128209189, 29.45140659384229664, -21.22900000001820331 ) ) ;
#4834 = DIRECTION ( 'NONE',  ( 1.000000000000000000, -1.805602912109500105E-32, 0.000000000000000000 ) ) ;
#4835 = DIRECTION ( 'NONE',  ( 0.000000000000000000, 0.000000000000000000, 1.000000000000000000 ) ) ;
#4836 = CYLINDRICAL_SURFACE ( 'NONE', #1711, 0.5000000000000006661 ) ;
#4837 = ORIENTED_EDGE ( 'NONE', *, *, #1385, .F. ) ;
#4838 = VERTEX_POINT ( 'NONE', #2883 ) ;
#4839 = EDGE_CURVE ( 'NONE', #3096, #929, #5711, .T. ) ;
#4840 = CYLINDRICAL_SURFACE ( 'NONE', #507, 0.4999999999999982236 ) ;
#4841 = AXIS2_PLACEMENT_3D ( 'NONE', #3338, #4968, #5444 ) ;
#4842 = DIRECTION ( 'NONE',  ( 0.000000000000000000, 0.000000000000000000, 1.000000000000000000 ) ) ;
#4843 = DIRECTION ( 'NONE',  ( 0.000000000000000000, 0.000000000000000000, 1.000000000000000000 ) ) ;
#4844 = CARTESIAN_POINT ( 'NONE',  ( 6.584463433288249234, 16.71536343328819996, -4.112716752907000561 ) ) ;
#4845 = EDGE_CURVE ( 'NONE', #3302, #972, #129, .T. ) ;
#4846 = CARTESIAN_POINT ( 'NONE',  ( 35.63077245651290070, 27.95140659384230020, -22.22900000001819976 ) ) ;
#4847 = ORIENTED_EDGE ( 'NONE', *, *, #4315, .T. ) ;
#4848 = CIRCLE ( 'NONE', #6580, 0.5000000000000006661 ) ;
#4849 = VERTEX_POINT ( 'NONE', #6211 ) ;
#4850 = LINE ( 'NONE', #5423, #6869 ) ;
#4851 = FACE_OUTER_BOUND ( 'NONE', #2199, .T. ) ;
#4852 = DIRECTION ( 'NONE',  ( 0.000000000000000000, 0.000000000000000000, -1.000000000000000000 ) ) ;
#4853 = VECTOR ( 'NONE', #6470, 1000.000000000000000 ) ;
#4854 = CARTESIAN_POINT ( 'NONE',  ( 7.753893434892780157, 35.18242489610819490, -17.47936283565239890 ) ) ;
#4855 = EDGE_CURVE ( 'NONE', #3960, #3552, #7104, .T. ) ;
#4856 = VERTEX_POINT ( 'NONE', #5167 ) ;
#4857 = VERTEX_POINT ( 'NONE', #6832 ) ;
#4858 = VERTEX_POINT ( 'NONE', #3460 ) ;
#4859 = CARTESIAN_POINT ( 'NONE',  ( -26.84807934238470040, 29.95140659384229664, -21.22900000001820331 ) ) ;
#4860 = FACE_OUTER_BOUND ( 'NONE', #157, .T. ) ;
#4861 = DIRECTION ( 'NONE',  ( -0.7071067811865580088, -0.7071067811865372477, 0.000000000000000000 ) ) ;
#4862 = FACE_OUTER_BOUND ( 'NONE', #6227, .T. ) ;
#4863 = EDGE_CURVE ( 'NONE', #604, #341, #209, .T. ) ;
#4864 = ORIENTED_EDGE ( 'NONE', *, *, #5239, .F. ) ;
#4865 = ORIENTED_EDGE ( 'NONE', *, *, #5801, .F. ) ;
#4866 = AXIS2_PLACEMENT_3D ( 'NONE', #21, #6204, #4042 ) ;
#4867 = EDGE_LOOP ( 'NONE', ( #1855, #3870, #7144, #3888 ) ) ;
#4868 = CARTESIAN_POINT ( 'NONE',  ( 47.77705161185000549, 17.07757510388659838, -17.47936283566500038 ) ) ;
#4869 = DIRECTION ( 'NONE',  ( 1.000000000000000000, 0.000000000000000000, 0.000000000000000000 ) ) ;
#4870 = PLANE ( 'NONE',  #1223 ) ;
#4871 = EDGE_CURVE ( 'NONE', #4030, #6030, #2147, .T. ) ;
#4872 = EDGE_LOOP ( 'NONE', ( #5022, #3258, #1448, #4056 ) ) ;
#4873 = VECTOR ( 'NONE', #5942, 1000.000000000000000 ) ;
#4874 = ORIENTED_EDGE ( 'NONE', *, *, #3284, .T. ) ;
#4875 = VECTOR ( 'NONE', #6134, 1000.000000000000000 ) ;
#4876 = ORIENTED_EDGE ( 'NONE', *, *, #2882, .F. ) ;
#4877 = DIRECTION ( 'NONE',  ( 1.000000000000000000, -4.424946072816260219E-16, -1.343150083897729960E-16 ) ) ;
#4878 = DIRECTION ( 'NONE',  ( 2.657959672274139908E-32, 6.812307635260995282E-13, -1.000000000000000000 ) ) ;
#4879 = EDGE_CURVE ( 'NONE', #5695, #741, #2501, .T. ) ;
#4880 = FACE_OUTER_BOUND ( 'NONE', #3273, .T. ) ;
#4881 = CARTESIAN_POINT ( 'NONE',  ( -1.500000000000000000, 24.30859340615769781, -21.22900000001820331 ) ) ;
#4882 = ORIENTED_EDGE ( 'NONE', *, *, #3984, .T. ) ;
#4883 = ORIENTED_EDGE ( 'NONE', *, *, #3369, .T. ) ;
#4884 = EDGE_CURVE ( 'NONE', #3534, #346, #4082, .T. ) ;
#4885 = DIRECTION ( 'NONE',  ( 0.000000000000000000, 0.000000000000000000, -1.000000000000000000 ) ) ;
#4886 = PLANE ( 'NONE',  #1351 ) ;
#4887 = DIRECTION ( 'NONE',  ( 0.000000000000000000, 0.9998476951564150284, -0.01745240643592178842 ) ) ;
#4888 = ORIENTED_EDGE ( 'NONE', *, *, #3132, .T. ) ;
#4889 = EDGE_LOOP ( 'NONE', ( #3233, #4993, #2055, #4097 ) ) ;
#4890 = EDGE_LOOP ( 'NONE', ( #4837, #5936, #5758, #1414, #939, #4731, #6188, #2963, #6237, #4459, #2641, #4209 ) ) ;
#4891 = DIRECTION ( 'NONE',  ( -1.000000000000000000, 0.000000000000000000, -7.876524906659061602E-15 ) ) ;
#4892 = EDGE_CURVE ( 'NONE', #3554, #114, #6795, .T. ) ;
#4893 = LINE ( 'NONE', #4393, #750 ) ;
#4894 = CARTESIAN_POINT ( 'NONE',  ( 1.909999999999970166, 15.60107097583740021, -4.176000000000000156 ) ) ;
#4895 = CARTESIAN_POINT ( 'NONE',  ( 33.13077245651290070, 23.80859340615770137, -22.22900000001819976 ) ) ;
#4896 = LINE ( 'NONE', #7095, #3144 ) ;
#4897 = AXIS2_PLACEMENT_3D ( 'NONE', #6446, #6411, #3087 ) ;
#4898 = ORIENTED_EDGE ( 'NONE', *, *, #2509, .F. ) ;
#4899 = VERTEX_POINT ( 'NONE', #6872 ) ;
#4900 = VECTOR ( 'NONE', #6246, 1000.000000000000000 ) ;
#4901 = ADVANCED_FACE ( 'NONE', ( #6324 ), #5730, .F. ) ;
#4902 = CARTESIAN_POINT ( 'NONE',  ( -27.84807934238469684, 23.05859340615770137, -21.22900000001820331 ) ) ;
#4903 = CARTESIAN_POINT ( 'NONE',  ( -9.782693114128232281, 22.80859340615770137, -21.22900000001820331 ) ) ;
#4904 = CARTESIAN_POINT ( 'NONE',  ( -35.27721906591963119, 22.45504001556442830, -22.22900000001819976 ) ) ;
#4905 = ORIENTED_EDGE ( 'NONE', *, *, #6469, .F. ) ;
#4906 = ORIENTED_EDGE ( 'NONE', *, *, #931, .F. ) ;
#4907 = ADVANCED_FACE ( 'NONE', ( #818 ), #1918, .T. ) ;
#4908 = CARTESIAN_POINT ( 'NONE',  ( 50.77705161184999838, 27.19014704466070143, -21.22899999999929932 ) ) ;
#4909 = VECTOR ( 'NONE', #4656, 1000.000000000000000 ) ;
#4910 = CARTESIAN_POINT ( 'NONE',  ( 6.590000000000000746, 36.30995013312860209, -2.087999999985850064 ) ) ;
#4911 = CARTESIAN_POINT ( 'NONE',  ( -0.1464466094067361224, 22.45504001556442830, -22.22900000001819976 ) ) ;
#4913 = CARTESIAN_POINT ( 'NONE',  ( -49.27705161185000549, 13.26391887970610028, -4.871010360252309823 ) ) ;
#4912 = CIRCLE ( 'NONE', #2831, 0.5000000000000006661 ) ;
#4915 = VECTOR ( 'NONE', #2496, 1000.000000000000000 ) ;
#4914 = FACE_OUTER_BOUND ( 'NONE', #1246, .T. ) ;
#4916 = ORIENTED_EDGE ( 'NONE', *, *, #3515, .F. ) ;
#4917 = CARTESIAN_POINT ( 'NONE',  ( 16.06538622825639706, 23.05859340615770137, -22.22900000001819976 ) ) ;
#4918 = VERTEX_POINT ( 'NONE', #2023 ) ;
#4919 = CARTESIAN_POINT ( 'NONE',  ( 47.77705161185000549, 26.12999999998119804, -8.426937939554100865 ) ) ;
#4920 = AXIS2_PLACEMENT_3D ( 'NONE', #2734, #7141, #1645 ) ;
#4921 = CYLINDRICAL_SURFACE ( 'NONE', #6855, 0.4999999999999982236 ) ;
#4922 = ORIENTED_EDGE ( 'NONE', *, *, #6988, .T. ) ;
#4923 = ORIENTED_EDGE ( 'NONE', *, *, #1272, .F. ) ;
#4924 = EDGE_CURVE ( 'NONE', #4838, #5551, #6068, .T. ) ;
#4925 = AXIS2_PLACEMENT_3D ( 'NONE', #508, #3809, #5 ) ;
#4926 = CARTESIAN_POINT ( 'NONE',  ( -0.5000000000000109912, 22.30859340615769781, -21.22900000001820331 ) ) ;
#4927 = ORIENTED_EDGE ( 'NONE', *, *, #3766, .T. ) ;
#4928 = FACE_OUTER_BOUND ( 'NONE', #1072, .T. ) ;
#4929 = DIRECTION ( 'NONE',  ( 0.7071067811865580088, 0.7071067811865372477, 0.000000000000000000 ) ) ;
#4930 = PLANE ( 'NONE',  #2373 ) ;
#4931 = DIRECTION ( 'NONE',  ( 0.000000000000000000, 0.000000000000000000, 1.000000000000000000 ) ) ;
#4932 = EDGE_LOOP ( 'NONE', ( #3199, #4434, #2100, #6300 ) ) ;
#4933 = ORIENTED_EDGE ( 'NONE', *, *, #1551, .F. ) ;
#4934 = EDGE_CURVE ( 'NONE', #4857, #1991, #2058, .T. ) ;
#4935 = AXIS2_PLACEMENT_3D ( 'NONE', #5346, #286, #3581 ) ;
#4936 = DIRECTION ( 'NONE',  ( -1.000000000000000000, 1.388565017107749771E-16, -1.621152808174959855E-16 ) ) ;
#4937 = DIRECTION ( 'NONE',  ( 0.000000000000000000, -1.000000000000000000, 0.000000000000000000 ) ) ;
#4938 = CARTESIAN_POINT ( 'NONE',  ( -19.06538622825640061, 24.30859340615769781, -21.22900000000120002 ) ) ;
#4939 = CARTESIAN_POINT ( 'NONE',  ( -8.782693114128230505, 23.05859340615770137, -21.22900000001820331 ) ) ;
#4940 = ORIENTED_EDGE ( 'NONE', *, *, #3195, .T. ) ;
#4941 = ORIENTED_EDGE ( 'NONE', *, *, #858, .T. ) ;
#4942 = EDGE_CURVE ( 'NONE', #1348, #581, #1683, .T. ) ;
#4943 = CARTESIAN_POINT ( 'NONE',  ( -45.41346557064109390, 24.87999999999999901, -22.22900000001819976 ) ) ;
#4944 = LINE ( 'NONE', #4444, #5273 ) ;
#4945 = DIRECTION ( 'NONE',  ( 9.819848845325710630E-16, 1.000000000000000000, 6.925824587419099363E-13 ) ) ;
#4946 = LINE ( 'NONE', #6644, #3041 ) ;
#4947 = EDGE_CURVE ( 'NONE', #3775, #5937, #4232, .T. ) ;
#4948 = DIRECTION ( 'NONE',  ( 3.454027187722707813E-16, -0.7071067811854265805, -0.7071067811876685649 ) ) ;
#4949 = VERTEX_POINT ( 'NONE', #891 ) ;
#4950 = SURFACE_SIDE_STYLE ('',( #2747 ) ) ;
#4951 = ORIENTED_EDGE ( 'NONE', *, *, #5852, .F. ) ;
#4952 = DIRECTION ( 'NONE',  ( 0.7071067811865475727, -0.7071067811865475727, 0.000000000000000000 ) ) ;
#4953 = DIRECTION ( 'NONE',  ( 0.000000000000000000, 0.000000000000000000, -1.000000000000000000 ) ) ;
#4954 = LINE ( 'NONE', #4311, #3954 ) ;
#4955 = ADVANCED_FACE ( 'NONE', ( #5341 ), #3651, .T. ) ;
#4956 = ORIENTED_EDGE ( 'NONE', *, *, #5499, .F. ) ;
#4957 = TOROIDAL_SURFACE ( 'NONE', #6801, 9.802062060453851089, 3.000000000000000000 ) ;
#4958 = EDGE_LOOP ( 'NONE', ( #5256, #1284, #1124, #1178 ) ) ;
#4959 = ORIENTED_EDGE ( 'NONE', *, *, #2056, .F. ) ;
#4960 = LINE ( 'NONE', #7050, #6150 ) ;
#4961 = AXIS2_PLACEMENT_3D ( 'NONE', #6448, #6342, #3126 ) ;
#4962 = CARTESIAN_POINT ( 'NONE',  ( 9.282693114128210965, 23.80859340615770137, -22.22900000001819976 ) ) ;
#4963 = DIRECTION ( 'NONE',  ( 1.000000000000000000, -1.286629951401411963E-16, -8.876743352170049674E-18 ) ) ;
#4964 = FACE_OUTER_BOUND ( 'NONE', #1581, .T. ) ;
#4965 = ORIENTED_EDGE ( 'NONE', *, *, #3781, .F. ) ;
#4966 = ORIENTED_EDGE ( 'NONE', *, *, #593, .T. ) ;
#4967 = CARTESIAN_POINT ( 'NONE',  ( 1.266179551963013239, 38.55174850165490597, -11.53490139463238684 ) ) ;
#4968 = DIRECTION ( 'NONE',  ( 0.000000000000000000, 0.000000000000000000, -1.000000000000000000 ) ) ;
#4969 = EDGE_CURVE ( 'NONE', #4754, #7088, #3140, .T. ) ;
#4970 = DIRECTION ( 'NONE',  ( -0.7071067811865580088, -0.7071067811865372477, 0.000000000000000000 ) ) ;
#4971 = DIRECTION ( 'NONE',  ( 0.000000000000000000, 0.000000000000000000, 1.000000000000000000 ) ) ;
#4972 = ORIENTED_EDGE ( 'NONE', *, *, #6008, .F. ) ;
#4973 = ORIENTED_EDGE ( 'NONE', *, *, #7081, .T. ) ;
#4974 = AXIS2_PLACEMENT_3D ( 'NONE', #5011, #1795, #703 ) ;
#4975 = AXIS2_PLACEMENT_3D ( 'NONE', #4524, #6796, #3353 ) ;
#4976 = DIRECTION ( 'NONE',  ( -1.000000000000000000, -1.587155626613709928E-16, 1.343150083893549737E-16 ) ) ;
#4977 = EDGE_CURVE ( 'NONE', #6810, #3396, #323, .T. ) ;
#4978 = DIRECTION ( 'NONE',  ( 1.000000000000000000, 1.629165434807759960E-16, 1.110223024629179978E-16 ) ) ;
#4979 = DIRECTION ( 'NONE',  ( -1.000000000000000000, 8.210423101721080752E-33, -1.110223024624999878E-16 ) ) ;
#4980 = AXIS2_PLACEMENT_3D ( 'NONE', #3024, #6317, #813 ) ;
#4981 = CARTESIAN_POINT ( 'NONE',  ( 6.590000000000000746, 16.72090000000000032, -4.176000000000000156 ) ) ;
#4982 = DIRECTION ( 'NONE',  ( 1.000000000000000000, 0.000000000000000000, -1.164635296333200074E-17 ) ) ;
#4983 = DIRECTION ( 'NONE',  ( 0.000000000000000000, 0.000000000000000000, -1.000000000000000000 ) ) ;
#4984 = ORIENTED_EDGE ( 'NONE', *, *, #1140, .T. ) ;
#4985 = CIRCLE ( 'NONE', #473, 3.000000000000002665 ) ;
#4986 = LINE ( 'NONE', #4917, #3648 ) ;
#4987 = EDGE_CURVE ( 'NONE', #6679, #5518, #3713, .T. ) ;
#4988 = LINE ( 'NONE', #5461, #686 ) ;
#4989 = DIRECTION ( 'NONE',  ( 0.000000000000000000, 0.000000000000000000, -1.000000000000000000 ) ) ;
#4990 = DIRECTION ( 'NONE',  ( 0.7071067811865580088, 0.7071067811865372477, 0.000000000000000000 ) ) ;
#4991 = ORIENTED_EDGE ( 'NONE', *, *, #4686, .F. ) ;
#4992 = ORIENTED_EDGE ( 'NONE', *, *, #7090, .F. ) ;
#4993 = ORIENTED_EDGE ( 'NONE', *, *, #183, .T. ) ;
#4994 = EDGE_CURVE ( 'NONE', #199, #2000, #6972, .T. ) ;
#4995 = CARTESIAN_POINT ( 'NONE',  ( 15.56538622825640061, 23.80859340615770137, -22.22900000001819976 ) ) ;
#4996 = CYLINDRICAL_SURFACE ( 'NONE', #5450, 0.4999999999999982236 ) ;
#4997 = ORIENTED_EDGE ( 'NONE', *, *, #6720, .F. ) ;
#4998 = AXIS2_PLACEMENT_3D ( 'NONE', #4456, #2247, #3540 ) ;
#4999 = ORIENTED_EDGE ( 'NONE', *, *, #5069, .F. ) ;
#5000 = EDGE_CURVE ( 'NONE', #7016, #1030, #998, .T. ) ;
#5001 = ORIENTED_EDGE ( 'NONE', *, *, #5599, .F. ) ;
#5002 = CARTESIAN_POINT ( 'NONE',  ( 1.915536566711719901, 35.54463656668799842, -4.112716752893920358 ) ) ;
#5003 = CARTESIAN_POINT ( 'NONE',  ( 26.84807934238460092, 23.80859340615770137, -21.22900000000160148 ) ) ;
#5004 = DIRECTION ( 'NONE',  ( 0.000000000000000000, 0.000000000000000000, -1.000000000000000000 ) ) ;
#5005 = CARTESIAN_POINT ( 'NONE',  ( -9.532693114128230505, 29.95140659384229664, -22.22900000001819976 ) ) ;
#5006 = ORIENTED_EDGE ( 'NONE', *, *, #3568, .T. ) ;
#5007 = ORIENTED_EDGE ( 'NONE', *, *, #5339, .F. ) ;
#5008 = AXIS2_PLACEMENT_3D ( 'NONE', #2294, #1313, #6229 ) ;
#5009 = EDGE_CURVE ( 'NONE', #5558, #1806, #5415, .T. ) ;
#5010 = LINE ( 'NONE', #5489, #1906 ) ;
#5011 = CARTESIAN_POINT ( 'NONE',  ( 24.34807934238459737, 27.95140659384230020, -21.22900000001820331 ) ) ;
#5012 = CIRCLE ( 'NONE', #2595, 0.4999999999999994449 ) ;
#5013 = LINE ( 'NONE', #6096, #3553 ) ;
#5014 = CARTESIAN_POINT ( 'NONE',  ( 34.63077245651290070, 22.80859340615770137, -21.22900000000370113 ) ) ;
#5015 = ORIENTED_EDGE ( 'NONE', *, *, #2102, .T. ) ;
#5016 = EDGE_CURVE ( 'NONE', #2154, #443, #3174, .T. ) ;
#5017 = AXIS2_PLACEMENT_3D ( 'NONE', #3613, #321, #2536 ) ;
#5018 = CARTESIAN_POINT ( 'NONE',  ( -50.27705161184999127, 16.17935206173352114, 6.099862355597538719E-16 ) ) ;
#5019 = CARTESIAN_POINT ( 'NONE',  ( -51.39837195540964387, 14.05770858159544545, 8.673617379884035472E-16 ) ) ;
#5020 = CARTESIAN_POINT ( 'NONE',  ( 34.38077245651290070, 28.45140659384229664, -22.22900000001819976 ) ) ;
#5021 = AXIS2_PLACEMENT_3D ( 'NONE', #6775, #6666, #3439 ) ;
#5022 = ORIENTED_EDGE ( 'NONE', *, *, #6756, .F. ) ;
#5023 = ORIENTED_EDGE ( 'NONE', *, *, #3612, .T. ) ;
#5024 = EDGE_CURVE ( 'NONE', #7162, #1277, #6357, .T. ) ;
#5025 = PRESENTATION_LAYER_ASSIGNMENT (  '', '', ( #4111 ) ) ;
#5026 = VECTOR ( 'NONE', #4600, 1000.000000000000000 ) ;
#5027 = DIRECTION ( 'NONE',  ( 3.462854061944735379E-13, 3.462854061944670251E-13, -1.000000000000000000 ) ) ;
#5028 = DIRECTION ( 'NONE',  ( -1.000000000000000000, 2.905628864378240395E-16, 1.296522347363841705E-16 ) ) ;
#5029 = FACE_OUTER_BOUND ( 'NONE', #3704, .T. ) ;
#5030 = DIRECTION ( 'NONE',  ( -1.000000000000000000, 9.819848845325710630E-16, 0.000000000000000000 ) ) ;
#5031 = CARTESIAN_POINT ( 'NONE',  ( 25.59807934238459737, 29.95140659384229664, -21.22900000001820331 ) ) ;
#5032 = VERTEX_POINT ( 'NONE', #4808 ) ;
#5033 = AXIS2_PLACEMENT_3D ( 'NONE', #3894, #7065, #6088 ) ;
#5034 = EDGE_LOOP ( 'NONE', ( #4129, #6951, #1021, #3663 ) ) ;
#5035 = EDGE_CURVE ( 'NONE', #3775, #3222, #6758, .T. ) ;
#5036 = EDGE_LOOP ( 'NONE', ( #4478, #2044, #302, #4758 ) ) ;
#5037 = CARTESIAN_POINT ( 'NONE',  ( -0.1464466094067364554, 22.45504001556442830, -21.22900000001820331 ) ) ;
#5038 = DIRECTION ( 'NONE',  ( 1.370645200704959901E-16, -0.01745240643728280389, 0.9998476951563912696 ) ) ;
#5039 = CARTESIAN_POINT ( 'NONE',  ( 18.06538622825640061, 28.45140659384229664, -21.22900000001820331 ) ) ;
#5040 = ORIENTED_EDGE ( 'NONE', *, *, #338, .T. ) ;
#5041 = AXIS2_PLACEMENT_3D ( 'NONE', #5371, #748, #6491 ) ;
#5042 = ORIENTED_EDGE ( 'NONE', *, *, #1774, .F. ) ;
#5043 = EDGE_CURVE ( 'NONE', #3034, #86, #3614, .T. ) ;
#5044 = AXIS2_PLACEMENT_3D ( 'NONE', #4677, #211, #953 ) ;
#5045 = DIRECTION ( 'NONE',  ( -7.549365381239490499E-29, 1.000000000000000000, 6.801490166088170581E-13 ) ) ;
#5046 = CARTESIAN_POINT ( 'NONE',  ( 44.41346557064109390, 27.38000000000000256, -21.22900000000370113 ) ) ;
#5047 = CARTESIAN_POINT ( 'NONE',  ( -27.09807934238470040, 28.45140659384229664, -21.22900000001820331 ) ) ;
#5048 = EDGE_CURVE ( 'NONE', #2550, #6653, #5859, .T. ) ;
#5049 = DIRECTION ( 'NONE',  ( -0.7071067811865475727, 0.7071067811865475727, 0.000000000000000000 ) ) ;
#5050 = CARTESIAN_POINT ( 'NONE',  ( -51.39837195540964387, 38.20229141837474884, 8.673617379884035472E-16 ) ) ;
#5051 = EDGE_LOOP ( 'NONE', ( #5674, #4098, #2026, #1053 ) ) ;
#5052 = LINE ( 'NONE', #210, #7053 ) ;
#5053 = EDGE_CURVE ( 'NONE', #6235, #4849, #2632, .T. ) ;
#5054 = CARTESIAN_POINT ( 'NONE',  ( 7.429139723534935236, 22.45504001556442830, -21.22900000001820331 ) ) ;
#5055 = ORIENTED_EDGE ( 'NONE', *, *, #6334, .F. ) ;
#5056 = ORIENTED_EDGE ( 'NONE', *, *, #916, .T. ) ;
#5057 = VERTEX_POINT ( 'NONE', #3070 ) ;
#5058 = ADVANCED_FACE ( 'NONE', ( #5279 ), #865, .F. ) ;
#5059 = DIRECTION ( 'NONE',  ( 0.7071067811865580088, 0.7071067811865372477, 0.000000000000000000 ) ) ;
#5060 = AXIS2_PLACEMENT_3D ( 'NONE', #7062, #6965, #6997 ) ;
#5061 = CARTESIAN_POINT ( 'NONE',  ( 1.288168572859009986, 38.60928165534789969, -11.28356573570460064 ) ) ;
#5062 = APPLICATION_CONTEXT ( 'automotive_design' ) ;
#5063 = ORIENTED_EDGE ( 'NONE', *, *, #6933, .F. ) ;
#5064 = ORIENTED_EDGE ( 'NONE', *, *, #3806, .F. ) ;
#5065 = AXIS2_PLACEMENT_3D ( 'NONE', #943, #404, #2616 ) ;
#5066 = CARTESIAN_POINT ( 'NONE',  ( 7.205882969819030315, 37.62379088497529978, -11.21557455739549880 ) ) ;
#5067 = CARTESIAN_POINT ( 'NONE',  ( 47.77705161185000549, 13.26391887970610028, -4.871010360252309823 ) ) ;
#5068 = DIRECTION ( 'NONE',  ( 0.000000000000000000, 0.000000000000000000, 1.000000000000000000 ) ) ;
#5069 = EDGE_CURVE ( 'NONE', #4026, #1892, #2568, .T. ) ;
#5070 = VECTOR ( 'NONE', #1812, 1000.000000000000000 ) ;
#5071 = ORIENTED_EDGE ( 'NONE', *, *, #826, .F. ) ;
#5072 = ORIENTED_EDGE ( 'NONE', *, *, #249, .T. ) ;
#5073 = AXIS2_PLACEMENT_3D ( 'NONE', #1008, #5424, #4347 ) ;
#5074 = VERTEX_POINT ( 'NONE', #4482 ) ;
#5075 = LINE ( 'NONE', #882, #5364 ) ;
#5076 = LINE ( 'NONE', #4550, #6794 ) ;
#5077 = EDGE_CURVE ( 'NONE', #1029, #1065, #2203, .T. ) ;
#5078 = CARTESIAN_POINT ( 'NONE',  ( -10.13624650472150535, 22.45504001556442830, -21.22900000000370113 ) ) ;
#5079 = CARTESIAN_POINT ( 'NONE',  ( 0.4999999999999900080, 27.95140659384230020, -21.22900000001820331 ) ) ;
#5080 = CARTESIAN_POINT ( 'NONE',  ( 16.56538622825639706, 29.45140659384229664, -22.22900000001819976 ) ) ;
#5081 = DIRECTION ( 'NONE',  ( -1.000000000000000000, 0.000000000000000000, 0.000000000000000000 ) ) ;
#5082 = ORIENTED_EDGE ( 'NONE', *, *, #6783, .F. ) ;
#5083 = EDGE_CURVE ( 'NONE', #1891, #3921, #4944, .T. ) ;
#5084 = DIRECTION ( 'NONE',  ( 9.097660896233920144E-17, 0.01745240643728400085, -0.9998476951563911586 ) ) ;
#5085 = DIRECTION ( 'NONE',  ( 0.000000000000000000, 0.000000000000000000, -1.000000000000000000 ) ) ;
#5086 = CARTESIAN_POINT ( 'NONE',  ( -49.18582856059130393, 26.12999999999999901, -22.22900000001819976 ) ) ;
#5087 = CARTESIAN_POINT ( 'NONE',  ( 47.77705161185000549, 35.91937396289149831, -9.239379860303220227 ) ) ;
#5088 = ORIENTED_EDGE ( 'NONE', *, *, #4676, .F. ) ;
#5089 = ORIENTED_EDGE ( 'NONE', *, *, #2654, .F. ) ;
#5090 = DIRECTION ( 'NONE',  ( -3.462970525474364994E-13, 3.462970525474364994E-13, -1.000000000000000000 ) ) ;
#5091 = EDGE_CURVE ( 'NONE', #441, #6800, #1338, .T. ) ;
#5092 =( BOUNDED_CURVE ( )  B_SPLINE_CURVE ( 3, ( #6384, #1863, #5232, #5814 ),
 .UNSPECIFIED., .F., .F. ) 
 B_SPLINE_CURVE_WITH_KNOTS ( ( 4, 4 ),
 ( 4.712388980384689674, 5.497787143782141506 ),
 .UNSPECIFIED. ) 
 CURVE ( )  GEOMETRIC_REPRESENTATION_ITEM ( )  RATIONAL_B_SPLINE_CURVE ( ( 1.000000000000000000, 0.9492530216741906779, 0.9492530216741906779, 1.000000000000000000 ) ) 
 REPRESENTATION_ITEM ( '' )  );
#5093 = ORIENTED_EDGE ( 'NONE', *, *, #1376, .T. ) ;
#5094 = LINE ( 'NONE', #2358, #5070 ) ;
#5095 = AXIS2_PLACEMENT_3D ( 'NONE', #281, #2497, #6911 ) ;
#5096 = CARTESIAN_POINT ( 'NONE',  ( 6.782693114128210077, 28.45140659384229664, -21.22900000001820331 ) ) ;
#5097 = CARTESIAN_POINT ( 'NONE',  ( -49.98415839303655872, 15.47213756835415310, 0.000000000000000000 ) ) ;
#5098 = CARTESIAN_POINT ( 'NONE',  ( 24.34807934238459737, 27.95140659384230020, -22.22900000001819976 ) ) ;
#5099 = ORIENTED_EDGE ( 'NONE', *, *, #6812, .F. ) ;
#5100 = ORIENTED_EDGE ( 'NONE', *, *, #6681, .F. ) ;
#5101 = VECTOR ( 'NONE', #797, 1000.000000000000000 ) ;
#5102 = EDGE_CURVE ( 'NONE', #695, #1081, #7148, .T. ) ;
#5103 = FACE_OUTER_BOUND ( 'NONE', #3763, .T. ) ;
#5104 = DIRECTION ( 'NONE',  ( 0.7071067811865475727, 0.7071067811865475727, 0.000000000000000000 ) ) ;
#5105 = DIRECTION ( 'NONE',  ( 0.000000000000000000, -1.000000000000000000, -6.925824587419099363E-13 ) ) ;
#5106 = DIRECTION ( 'NONE',  ( 0.000000000000000000, 0.000000000000000000, 1.000000000000000000 ) ) ;
#5107 = CIRCLE ( 'NONE', #4309, 0.9999999999999994449 ) ;
#5108 = VERTEX_POINT ( 'NONE', #56 ) ;
#5109 = ORIENTED_EDGE ( 'NONE', *, *, #4256, .F. ) ;
#5110 = ADVANCED_FACE ( 'NONE', ( #2272 ), #1585, .F. ) ;
#5111 = VECTOR ( 'NONE', #3646, 1000.000000000000000 ) ;
#5112 = VERTEX_POINT ( 'NONE', #3244 ) ;
#5113 = DIRECTION ( 'NONE',  ( -0.7071067811865492381, -0.7071067811865457964, 0.000000000000000000 ) ) ;
#5114 = DIRECTION ( 'NONE',  ( -0.7071067811865580088, -0.7071067811865372477, 0.000000000000000000 ) ) ;
#5115 = LINE ( 'NONE', #3101, #523 ) ;
#5116 = CARTESIAN_POINT ( 'NONE',  ( 50.77705161184999838, 20.82721226822379990, -21.22900000000370113 ) ) ;
#5117 = DIRECTION ( 'NONE',  ( 0.7071067811865475727, -0.7071067811865475727, 0.000000000000000000 ) ) ;
#5118 = CARTESIAN_POINT ( 'NONE',  ( -19.56538622825640061, 24.30859340615769781, -21.22900000001820331 ) ) ;
#5119 = VECTOR ( 'NONE', #5580, 1000.000000000000000 ) ;
#5120 = VERTEX_POINT ( 'NONE', #4410 ) ;
#5121 = EDGE_CURVE ( 'NONE', #5112, #3839, #5492, .T. ) ;
#5122 = EDGE_CURVE ( 'NONE', #1632, #3943, #5451, .T. ) ;
#5123 = CARTESIAN_POINT ( 'NONE',  ( 47.68582856059130393, 25.87999999999999901, -21.22900000000000276 ) ) ;
#5124 = VECTOR ( 'NONE', #100, 1000.000000000000000 ) ;
#5125 = DIRECTION ( 'NONE',  ( -1.000000000000000000, 5.056412698010379758E-16, 0.000000000000000000 ) ) ;
#5126 = LINE ( 'NONE', #3498, #4531 ) ;
#5127 = DIRECTION ( 'NONE',  ( 0.000000000000000000, 0.000000000000000000, 1.000000000000000000 ) ) ;
#5128 = CARTESIAN_POINT ( 'NONE',  ( -49.18582856059130393, 25.87999999999999901, -22.22900000001819976 ) ) ;
#5129 = ORIENTED_EDGE ( 'NONE', *, *, #2694, .F. ) ;
#5130 = AXIS2_PLACEMENT_3D ( 'NONE', #311, #6420, #3707 ) ;
#5131 = ORIENTED_EDGE ( 'NONE', *, *, #4994, .T. ) ;
#5132 = ADVANCED_FACE ( 'NONE', ( #1108 ), #2703, .T. ) ;
#5133 = CARTESIAN_POINT ( 'NONE',  ( -44.91346557064109390, 22.80859340615770137, -22.22900000001819976 ) ) ;
#5134 = EDGE_LOOP ( 'NONE', ( #3673, #2192, #870, #913 ) ) ;
#5135 = CARTESIAN_POINT ( 'NONE',  ( 35.63077245651290070, 27.95140659384230020, -21.22900000000370113 ) ) ;
#5136 = CARTESIAN_POINT ( 'NONE',  ( 47.53938195118458054, 25.52644660940672949, -21.47900000001820331 ) ) ;
#5137 = VECTOR ( 'NONE', #4759, 1000.000000000000000 ) ;
#5138 = DIRECTION ( 'NONE',  ( 0.000000000000000000, 0.000000000000000000, -1.000000000000000000 ) ) ;
#5139 = LINE ( 'NONE', #4095, #5340 ) ;
#5140 = LINE ( 'NONE', #4024, #5142 ) ;
#5141 = VERTEX_POINT ( 'NONE', #6575 ) ;
#5142 = VECTOR ( 'NONE', #1271, 1000.000000000000000 ) ;
#5143 = ORIENTED_EDGE ( 'NONE', *, *, #5069, .T. ) ;
#5144 = ORIENTED_EDGE ( 'NONE', *, *, #2179, .F. ) ;
#5145 = AXIS2_PLACEMENT_3D ( 'NONE', #88, #5592, #3529 ) ;
#5146 = DIRECTION ( 'NONE',  ( 0.000000000000000000, -0.06882858705854752457, -0.9976285007975284058 ) ) ;
#5147 = ORIENTED_EDGE ( 'NONE', *, *, #5689, .T. ) ;
#5148 = DIRECTION ( 'NONE',  ( 0.000000000000000000, 0.000000000000000000, -1.000000000000000000 ) ) ;
#5149 = CARTESIAN_POINT ( 'NONE',  ( 9.282693114128210965, 24.30859340615769781, -21.22900000001820331 ) ) ;
#5150 = DIRECTION ( 'NONE',  ( -0.7071067811865494601, 0.7071067811865455743, 0.000000000000000000 ) ) ;
#5151 = AXIS2_PLACEMENT_3D ( 'NONE', #2451, #1831, #202 ) ;
#5152 = DIRECTION ( 'NONE',  ( -0.7071067811865495711, 0.7071067811865455743, 0.000000000000000000 ) ) ;
#5153 = ADVANCED_FACE ( 'NONE', ( #1619 ), #3826, .T. ) ;
#5154 = VERTEX_POINT ( 'NONE', #6161 ) ;
#5155 = EDGE_LOOP ( 'NONE', ( #400, #5144, #4069, #4312 ) ) ;
#5156 = ORIENTED_EDGE ( 'NONE', *, *, #5521, .T. ) ;
#5157 = CARTESIAN_POINT ( 'NONE',  ( 4.250000000000000000, 36.93041685405530217, -8.615459916979109067 ) ) ;
#5158 = DIRECTION ( 'NONE',  ( 1.000000000000000000, -2.795780638008489905E-16, 0.000000000000000000 ) ) ;
#5159 = CARTESIAN_POINT ( 'NONE',  ( 6.978402414914730123, 36.93041685405530217, -8.615459916979109067 ) ) ;
#5160 = VECTOR ( 'NONE', #2751, 1000.000000000000000 ) ;
#5161 = CARTESIAN_POINT ( 'NONE',  ( -45.91346557064109390, 24.87999999999999901, -21.22900000000370113 ) ) ;
#5162 = ADVANCED_FACE ( 'NONE', ( #2382 ), #4115, .F. ) ;
#5163 = CARTESIAN_POINT ( 'NONE',  ( 50.46850034877689950, 37.63207617846454411, -5.848714526823051742E-16 ) ) ;
#5164 = CARTESIAN_POINT ( 'NONE',  ( 7.782693114128210077, 22.80859340615770137, -21.22900000000370113 ) ) ;
#5165 = ORIENTED_EDGE ( 'NONE', *, *, #3841, .F. ) ;
#5166 = AXIS2_PLACEMENT_3D ( 'NONE', #4762, #3056, #1529 ) ;
#5167 = CARTESIAN_POINT ( 'NONE',  ( -8.782693114128230505, 24.30859340615769781, -22.22900000001819976 ) ) ;
#5168 = CARTESIAN_POINT ( 'NONE',  ( 17.56538622825639706, 25.01430943103299853, -21.22900000000080212 ) ) ;
#5169 = FACE_OUTER_BOUND ( 'NONE', #2259, .T. ) ;
#5170 = EDGE_CURVE ( 'NONE', #1416, #5032, #4074, .T. ) ;
#5171 = CYLINDRICAL_SURFACE ( 'NONE', #1759, 0.4999999999999996114 ) ;
#5172 = ORIENTED_EDGE ( 'NONE', *, *, #2307, .F. ) ;
#5173 = ORIENTED_EDGE ( 'NONE', *, *, #2401, .T. ) ;
#5174 = DIRECTION ( 'NONE',  ( -0.7071067811865580088, -0.7071067811865372477, 0.000000000000000000 ) ) ;
#5175 = AXIS2_PLACEMENT_3D ( 'NONE', #6402, #830, #256 ) ;
#5176 = VERTEX_POINT ( 'NONE', #5078 ) ;
#5177 = DIRECTION ( 'NONE',  ( 0.000000000000000000, 0.000000000000000000, 1.000000000000000000 ) ) ;
#5178 = DIRECTION ( 'NONE',  ( 0.7071067811865580088, 0.7071067811865372477, 0.000000000000000000 ) ) ;
#5179 = EDGE_CURVE ( 'NONE', #1846, #4831, #4631, .T. ) ;
#5180 = DIRECTION ( 'NONE',  ( 0.000000000000000000, -0.01745240643589279425, -0.9998476951564155835 ) ) ;
#5181 = DIRECTION ( 'NONE',  ( -0.7071067811865475727, -0.7071067811865475727, 0.000000000000000000 ) ) ;
#5182 = ORIENTED_EDGE ( 'NONE', *, *, #2128, .T. ) ;
#5183 = ORIENTED_EDGE ( 'NONE', *, *, #6836, .T. ) ;
#5184 = EDGE_LOOP ( 'NONE', ( #5100, #5332, #921, #33 ) ) ;
#5185 = VERTEX_POINT ( 'NONE', #235 ) ;
#5186 = CARTESIAN_POINT ( 'NONE',  ( 1.288168572859009986, 13.65071834463829958, -11.28356573572190058 ) ) ;
#5187 = PLANE ( 'NONE',  #6104 ) ;
#5188 = CARTESIAN_POINT ( 'NONE',  ( -18.06538622825640061, 22.30859340615769781, -22.22900000001819976 ) ) ;
#5189 = DIRECTION ( 'NONE',  ( -0.7071067811865475727, -0.7071067811865475727, 0.000000000000000000 ) ) ;
#5190 = ORIENTED_EDGE ( 'NONE', *, *, #6098, .F. ) ;
#5191 = EDGE_LOOP ( 'NONE', ( #4755, #2146, #6737, #6121 ) ) ;
#5192 = LINE ( 'NONE', #6823, #3898 ) ;
#5193 = EDGE_CURVE ( 'NONE', #4342, #5511, #2270, .T. ) ;
#5194 = LINE ( 'NONE', #120, #1328 ) ;
#5195 = DIRECTION ( 'NONE',  ( 0.000000000000000000, -1.000000000000000000, -6.925824587419099363E-13 ) ) ;
#5196 = AXIS2_PLACEMENT_3D ( 'NONE', #6882, #1926, #363 ) ;
#5197 = DIRECTION ( 'NONE',  ( 1.110053932280860203E-16, 0.01745240643728280389, -0.9998476951563912696 ) ) ;
#5198 = CARTESIAN_POINT ( 'NONE',  ( 47.77705161185000549, 18.12693592926860120, -14.28608297392730009 ) ) ;
#5199 = FACE_OUTER_BOUND ( 'NONE', #5191, .T. ) ;
#5200 = ORIENTED_EDGE ( 'NONE', *, *, #5708, .T. ) ;
#5201 = AXIS2_PLACEMENT_3D ( 'NONE', #968, #1628, #3799 ) ;
#5202 = EDGE_CURVE ( 'NONE', #4831, #1227, #4581, .T. ) ;
#5203 = DIRECTION ( 'NONE',  ( 0.7071067811865475727, -0.7071067811865475727, 0.000000000000000000 ) ) ;
#5204 = DIRECTION ( 'NONE',  ( 0.000000000000000000, 1.000000000000000000, 6.925824587419099363E-13 ) ) ;
#5205 = CARTESIAN_POINT ( 'NONE',  ( 26.49452595179132786, 23.95504001556442475, -22.22900000001819976 ) ) ;
#5206 = DIRECTION ( 'NONE',  ( 1.027164915372879919E-16, 0.7071067811864090169, -0.7071067811866860175 ) ) ;
#5207 = DIRECTION ( 'NONE',  ( 0.7071067811865492381, 0.7071067811865457964, 0.000000000000000000 ) ) ;
#5208 = ORIENTED_EDGE ( 'NONE', *, *, #990, .F. ) ;
#5209 = ORIENTED_EDGE ( 'NONE', *, *, #2091, .T. ) ;
#5210 = DIRECTION ( 'NONE',  ( 0.7071067811865475727, 0.7071067811865475727, 0.000000000000000000 ) ) ;
#5211 = EDGE_CURVE ( 'NONE', #1991, #6719, #5961, .T. ) ;
#5212 = VERTEX_POINT ( 'NONE', #2842 ) ;
#5213 = DIRECTION ( 'NONE',  ( -0.7071067811865475727, 0.7071067811865475727, 0.000000000000000000 ) ) ;
#5214 = DIRECTION ( 'NONE',  ( -1.000000000000000000, 0.000000000000000000, 1.164635296333200074E-17 ) ) ;
#5215 = CARTESIAN_POINT ( 'NONE',  ( -26.84807934238470040, 29.45140659384229664, -21.22900000001820331 ) ) ;
#5216 = DIRECTION ( 'NONE',  ( 0.000000000000000000, 0.000000000000000000, 1.000000000000000000 ) ) ;
#5217 = AXIS2_PLACEMENT_3D ( 'NONE', #4518, #57, #6676 ) ;
#5218 = ORIENTED_EDGE ( 'NONE', *, *, #6187, .F. ) ;
#5219 = ORIENTED_EDGE ( 'NONE', *, *, #4651, .F. ) ;
#5220 = ORIENTED_EDGE ( 'NONE', *, *, #1696, .T. ) ;
#5221 = EDGE_CURVE ( 'NONE', #6719, #1969, #122, .T. ) ;
#5222 = CARTESIAN_POINT ( 'NONE',  ( 42.55991218004781729, 25.52644660940672949, -21.22900000001820331 ) ) ;
#5223 = VECTOR ( 'NONE', #5749, 1000.000000000000000 ) ;
#5224 = ORIENTED_EDGE ( 'NONE', *, *, #5352, .F. ) ;
#5225 = CARTESIAN_POINT ( 'NONE',  ( 47.18582856059130393, 26.37999999999999901, -21.47900000001820331 ) ) ;
#5226 = LINE ( 'NONE', #1895, #1963 ) ;
#5227 = LINE ( 'NONE', #3733, #6521 ) ;
#5228 = DIRECTION ( 'NONE',  ( -0.7071067811865494601, 0.7071067811865455743, 0.000000000000000000 ) ) ;
#5229 = ORIENTED_EDGE ( 'NONE', *, *, #1132, .T. ) ;
#5230 = AXIS2_PLACEMENT_3D ( 'NONE', #2189, #4396, #6593 ) ;
#5231 = ORIENTED_EDGE ( 'NONE', *, *, #2730, .T. ) ;
#5232 = CARTESIAN_POINT ( 'NONE',  ( -51.96850034877697766, 22.87613626153530788, -21.22900000000222320 ) ) ;
#5233 = CARTESIAN_POINT ( 'NONE',  ( -50.82824356204231009, 21.26356964914860370, -21.22900000000334231 ) ) ;
#5234 = CIRCLE ( 'NONE', #3618, 0.5000000000000006661 ) ;
#5235 = CARTESIAN_POINT ( 'NONE',  ( -17.41893961884967013, 28.30495998443557326, -22.22900000001819976 ) ) ;
#5236 = LINE ( 'NONE', #5743, #4529 ) ;
#5237 = CARTESIAN_POINT ( 'NONE',  ( -25.84807934238470040, 24.30859340615769781, -22.22900000001819976 ) ) ;
#5238 = FACE_OUTER_BOUND ( 'NONE', #6252, .T. ) ;
#5239 = EDGE_CURVE ( 'NONE', #3676, #441, #4041, .T. ) ;
#5240 = VECTOR ( 'NONE', #1218, 1000.000000000000000 ) ;
#5241 = DIRECTION ( 'NONE',  ( -1.000000000000000000, -7.549365381239490499E-29, -5.134693440070690334E-41 ) ) ;
#5242 = CIRCLE ( 'NONE', #5827, 0.5000000000000006661 ) ;
#5243 = CARTESIAN_POINT ( 'NONE',  ( -1.000000000000000000, 29.45140659384229664, -21.22900000001820331 ) ) ;
#5244 = EDGE_CURVE ( 'NONE', #3293, #1348, #2955, .T. ) ;
#5245 = ORIENTED_EDGE ( 'NONE', *, *, #5950, .T. ) ;
#5246 = CARTESIAN_POINT ( 'NONE',  ( -51.96850034877697766, 37.63207617846448727, 9.003280979808416113E-16 ) ) ;
#5247 = EDGE_LOOP ( 'NONE', ( #2966, #2797, #3102, #1162 ) ) ;
#5248 = AXIS2_PLACEMENT_3D ( 'NONE', #2711, #3797, #2306 ) ;
#5249 = ORIENTED_EDGE ( 'NONE', *, *, #173, .T. ) ;
#5250 = DIRECTION ( 'NONE',  ( -3.462854061944730330E-13, -3.462854061944730330E-13, 1.000000000000000000 ) ) ;
#5251 = CARTESIAN_POINT ( 'NONE',  ( 7.205882969819030315, 37.62379088497529978, -11.21557455739549880 ) ) ;
#5252 = DIRECTION ( 'NONE',  ( 0.000000000000000000, 0.000000000000000000, -1.000000000000000000 ) ) ;
#5253 = DIRECTION ( 'NONE',  ( -1.000000000000000000, 0.000000000000000000, 0.000000000000000000 ) ) ;
#5254 = CIRCLE ( 'NONE', #2598, 0.4999999999999994449 ) ;
#5255 = EDGE_CURVE ( 'NONE', #1047, #1093, #2507, .T. ) ;
#5256 = ORIENTED_EDGE ( 'NONE', *, *, #217, .F. ) ;
#5257 = ORIENTED_EDGE ( 'NONE', *, *, #3632, .T. ) ;
#5258 = VERTEX_POINT ( 'NONE', #3491 ) ;
#5259 = CIRCLE ( 'NONE', #743, 3.000000000000003109 ) ;
#5260 = LINE ( 'NONE', #5767, #5354 ) ;
#5261 = ORIENTED_EDGE ( 'NONE', *, *, #2155, .T. ) ;
#5262 = CARTESIAN_POINT ( 'NONE',  ( 25.34807934238459737, 22.80859340615770137, -21.22900000001820331 ) ) ;
#5263 = CARTESIAN_POINT ( 'NONE',  ( -2.000000000000000000, 23.80859340615770137, -21.22900000001820331 ) ) ;
#5264 = VECTOR ( 'NONE', #460, 1000.000000000000000 ) ;
#5265 = CARTESIAN_POINT ( 'NONE',  ( 48.48415839303654451, 36.63756824429767534, -8.610348225482063356 ) ) ;
#5266 = ADVANCED_FACE ( 'NONE', ( #6276 ), #5702, .F. ) ;
#5267 = EDGE_CURVE ( 'NONE', #346, #1969, #6309, .T. ) ;
#5268 = EDGE_LOOP ( 'NONE', ( #1161, #2523, #6730, #1331, #5477 ) ) ;
#5269 = VECTOR ( 'NONE', #6606, 1000.000000000000000 ) ;
#5270 = ORIENTED_EDGE ( 'NONE', *, *, #618, .T. ) ;
#5271 = CARTESIAN_POINT ( 'NONE',  ( 50.77705161184999838, 23.92959616860563088, -21.22900000000149490 ) ) ;
#5272 = DIRECTION ( 'NONE',  ( 0.000000000000000000, 0.000000000000000000, 1.000000000000000000 ) ) ;
#5273 = VECTOR ( 'NONE', #7112, 1000.000000000000114 ) ;
#5274 = LINE ( 'NONE', #2593, #3533 ) ;
#5275 = LINE ( 'NONE', #203, #4298 ) ;
#5276 = LINE ( 'NONE', #1983, #546 ) ;
#5277 = DIRECTION ( 'NONE',  ( 0.000000000000000000, 0.9998476951564150284, -0.01745240643592178842 ) ) ;
#5278 = EDGE_CURVE ( 'NONE', #4495, #3017, #6709, .T. ) ;
#5279 = FACE_OUTER_BOUND ( 'NONE', #3443, .T. ) ;
#5280 = CYLINDRICAL_SURFACE ( 'NONE', #370, 10.80206206044549511 ) ;
#5281 = CIRCLE ( 'NONE', #5175, 9.802062060453847536 ) ;
#5282 = CARTESIAN_POINT ( 'NONE',  ( 48.48415839303653740, 36.78786243161604119, 0.000000000000000000 ) ) ;
#5283 = ORIENTED_EDGE ( 'NONE', *, *, #7109, .F. ) ;
#5284 = ORIENTED_EDGE ( 'NONE', *, *, #457, .T. ) ;
#5285 = LINE ( 'NONE', #2577, #2019 ) ;
#5286 = EDGE_CURVE ( 'NONE', #4670, #6235, #512, .T. ) ;
#5287 = AXIS2_PLACEMENT_3D ( 'NONE', #1203, #4659, #3404 ) ;
#5288 = LINE ( 'NONE', #7013, #1502 ) ;
#5289 = DIRECTION ( 'NONE',  ( 0.7071067811865475727, -0.7071067811865475727, 0.000000000000000000 ) ) ;
#5290 = CARTESIAN_POINT ( 'NONE',  ( -44.91346557064109390, 22.80859340615770137, -22.22900000001819976 ) ) ;
#5291 = ORIENTED_EDGE ( 'NONE', *, *, #3893, .T. ) ;
#5292 = EDGE_LOOP ( 'NONE', ( #5667, #3710, #1064, #3224 ) ) ;
#5293 = ORIENTED_EDGE ( 'NONE', *, *, #2960, .T. ) ;
#5294 = DIRECTION ( 'NONE',  ( 0.7071067811865475727, -0.7071067811865475727, 0.000000000000000000 ) ) ;
#5295 = EDGE_CURVE ( 'NONE', #5522, #5108, #6536, .T. ) ;
#5296 = ORIENTED_EDGE ( 'NONE', *, *, #5989, .F. ) ;
#5297 = DIRECTION ( 'NONE',  ( -0.7071067811865475727, 0.7071067811865475727, 0.000000000000000000 ) ) ;
#5298 = CARTESIAN_POINT ( 'NONE',  ( 0.4999999999999900080, 27.95140659384230020, -22.22900000001819976 ) ) ;
#5299 = CARTESIAN_POINT ( 'NONE',  ( 47.77705161185000549, 15.33911060902510037, -9.161287912312088721 ) ) ;
#5300 = AXIS2_PLACEMENT_3D ( 'NONE', #3531, #1907, #3609 ) ;
#5301 = CARTESIAN_POINT ( 'NONE',  ( 1.915536566711719901, 15.25762865154160153, -4.112716752907000561 ) ) ;
#5302 = ORIENTED_EDGE ( 'NONE', *, *, #3692, .F. ) ;
#5303 = ORIENTED_EDGE ( 'NONE', *, *, #3350, .F. ) ;
#5304 = CARTESIAN_POINT ( 'NONE',  ( 34.63077245651290070, 22.30859340615769781, -21.22900000000259979 ) ) ;
#5305 = ADVANCED_FACE ( 'NONE', ( #5629 ), #665, .F. ) ;
#5306 = CARTESIAN_POINT ( 'NONE',  ( 25.84807934238460092, 29.45140659384229664, -21.22900000001820331 ) ) ;
#5307 = DIRECTION ( 'NONE',  ( 0.000000000000000000, 0.01745240643728280389, -0.9998476951563912696 ) ) ;
#5308 = VERTEX_POINT ( 'NONE', #2910 ) ;
#5309 = EDGE_CURVE ( 'NONE', #1350, #2637, #5115, .T. ) ;
#5310 = VECTOR ( 'NONE', #112, 1000.000000000000000 ) ;
#5311 = DIRECTION ( 'NONE',  ( -1.000000000000000000, 1.376885414906370062E-16, 1.164635296342740053E-17 ) ) ;
#5312 = DIRECTION ( 'NONE',  ( -3.462970525474364994E-13, 3.462970525474430123E-13, -1.000000000000000000 ) ) ;
#5313 = DIRECTION ( 'NONE',  ( -0.7071067811865492381, -0.7071067811865457964, 0.000000000000000000 ) ) ;
#5314 = CIRCLE ( 'NONE', #2200, 0.4999999999999982236 ) ;
#5315 = DIRECTION ( 'NONE',  ( 1.000000000000000000, -1.805602912109510232E-32, 1.110223024624999878E-16 ) ) ;
#5316 = ORIENTED_EDGE ( 'NONE', *, *, #3550, .T. ) ;
#5317 = ADVANCED_FACE ( 'NONE', ( #920 ), #3023, .T. ) ;
#5318 = ORIENTED_EDGE ( 'NONE', *, *, #5035, .F. ) ;
#5319 = CARTESIAN_POINT ( 'NONE',  ( -27.84807934238469684, 22.80859340615770137, -22.22900000001819976 ) ) ;
#5320 = AXIS2_PLACEMENT_3D ( 'NONE', #498, #568, #1117 ) ;
#5321 = CARTESIAN_POINT ( 'NONE',  ( 50.77705161184999838, 19.19889544744140153, -15.35804249211109962 ) ) ;
#5322 = DIRECTION ( 'NONE',  ( -0.7071067811865475727, 0.7071067811865475727, 0.000000000000000000 ) ) ;
#5323 = ORIENTED_EDGE ( 'NONE', *, *, #3037, .F. ) ;
#5324 = ORIENTED_EDGE ( 'NONE', *, *, #5943, .T. ) ;
#5325 = EDGE_CURVE ( 'NONE', #2430, #2594, #5369, .T. ) ;
#5326 = ORIENTED_EDGE ( 'NONE', *, *, #1471, .F. ) ;
#5327 = CARTESIAN_POINT ( 'NONE',  ( 42.41346557064109390, 27.95140659384230020, -21.22899999999869891 ) ) ;
#5328 = CARTESIAN_POINT ( 'NONE',  ( 34.98432584710617022, 22.45504001556442830, -21.22900000000370113 ) ) ;
#5329 = CARTESIAN_POINT ( 'NONE',  ( 26.34807934238460092, 24.30859340615769781, -21.22900000000120002 ) ) ;
#5330 = CARTESIAN_POINT ( 'NONE',  ( 24.84807934238459737, 22.80859340615770137, -21.22900000000230136 ) ) ;
#5331 = CARTESIAN_POINT ( 'NONE',  ( 24.84807934238459737, 21.94290283719080037, -21.22900000000290177 ) ) ;
#5332 = ORIENTED_EDGE ( 'NONE', *, *, #6431, .T. ) ;
#5333 = ORIENTED_EDGE ( 'NONE', *, *, #2220, .F. ) ;
#5334 = EDGE_CURVE ( 'NONE', #4918, #537, #5274, .T. ) ;
#5335 =( BOUNDED_CURVE ( )  B_SPLINE_CURVE ( 3, ( #2078, #4287, #979, #3196 ),
 .UNSPECIFIED., .F., .F. ) 
 B_SPLINE_CURVE_WITH_KNOTS ( ( 4, 4 ),
 ( 0.7853981633976454546, 1.345763768786164993 ),
 .UNSPECIFIED. ) 
 CURVE ( )  GEOMETRIC_REPRESENTATION_ITEM ( )  RATIONAL_B_SPLINE_CURVE ( ( 1.000000000000000000, 0.9740032691308068147, 0.9740032691308068147, 1.000000000000000000 ) ) 
 REPRESENTATION_ITEM ( '' )  );
#5336 = CARTESIAN_POINT ( 'NONE',  ( -7.032693114128229617, 23.80859340615770137, -21.22900000000160148 ) ) ;
#5337 = AXIS2_PLACEMENT_3D ( 'NONE', #5530, #1511, #4411 ) ;
#5338 = VERTEX_POINT ( 'NONE', #3135 ) ;
#5339 = EDGE_CURVE ( 'NONE', #4399, #1303, #4801, .T. ) ;
#5340 = VECTOR ( 'NONE', #181, 1000.000000000000000 ) ;
#5341 = FACE_OUTER_BOUND ( 'NONE', #5564, .T. ) ;
#5342 = CARTESIAN_POINT ( 'NONE',  ( 7.429139723534935236, 22.45504001556442830, -22.22900000001819976 ) ) ;
#5343 = DIRECTION ( 'NONE',  ( 0.000000000000000000, -0.9998476951563912696, -0.01745240643728254368 ) ) ;
#5344 = CIRCLE ( 'NONE', #2236, 0.4999999999999982236 ) ;
#5345 = EDGE_CURVE ( 'NONE', #2898, #3216, #3191, .T. ) ;
#5346 = CARTESIAN_POINT ( 'NONE',  ( 26.84807934238460092, 24.30859340615769781, -22.22900000001819976 ) ) ;
#5347 = ORIENTED_EDGE ( 'NONE', *, *, #2321, .F. ) ;
#5348 = ORIENTED_EDGE ( 'NONE', *, *, #4, .T. ) ;
#5349 = DIRECTION ( 'NONE',  ( -1.000000000000000000, 9.819848845325710630E-16, 0.000000000000000000 ) ) ;
#5350 = FACE_OUTER_BOUND ( 'NONE', #6111, .T. ) ;
#5351 = LINE ( 'NONE', #4752, #3717 ) ;
#5352 = EDGE_CURVE ( 'NONE', #2564, #2716, #414, .T. ) ;
#5353 = VERTEX_POINT ( 'NONE', #2089 ) ;
#5354 = VECTOR ( 'NONE', #6338, 1000.000000000000000 ) ;
#5355 = VERTEX_POINT ( 'NONE', #4295 ) ;
#5356 = ORIENTED_EDGE ( 'NONE', *, *, #1623, .F. ) ;
#5357 = DIRECTION ( 'NONE',  ( 0.000000000000000000, 0.000000000000000000, -1.000000000000000000 ) ) ;
#5358 = CARTESIAN_POINT ( 'NONE',  ( -43.41346557064109390, 23.80859340615770137, -21.22900000001820331 ) ) ;
#5359 = VECTOR ( 'NONE', #5349, 1000.000000000000000 ) ;
#5360 = CARTESIAN_POINT ( 'NONE',  ( -52.27705161185000549, 28.33040383139436358, -21.22899999999851062 ) ) ;
#5361 = CARTESIAN_POINT ( 'NONE',  ( 1.909999999999970166, 15.25209208482990064, -4.176000000000000156 ) ) ;
#5362 = VERTEX_POINT ( 'NONE', #5819 ) ;
#5363 = ORIENTED_EDGE ( 'NONE', *, *, #878, .F. ) ;
#5364 = VECTOR ( 'NONE', #3564, 1000.000000000000000 ) ;
#5365 = VERTEX_POINT ( 'NONE', #5235 ) ;
#5366 = CARTESIAN_POINT ( 'NONE',  ( 6.584463433288259893, 37.00237134843460041, -4.112716752891889982 ) ) ;
#5367 = CARTESIAN_POINT ( 'NONE',  ( 47.77705161185000549, 35.93056939731629740, -8.597993851613018990 ) ) ;
#5368 = EDGE_CURVE ( 'NONE', #1733, #3747, #6489, .T. ) ;
#5369 = LINE ( 'NONE', #2624, #2153 ) ;
#5370 = AXIS2_PLACEMENT_3D ( 'NONE', #2767, #6631, #6523 ) ;
#5371 = CARTESIAN_POINT ( 'NONE',  ( -10.78269311412819853, 27.95140659384230020, -21.22900000000370113 ) ) ;
#5372 = VERTEX_POINT ( 'NONE', #4769 ) ;
#5373 = ORIENTED_EDGE ( 'NONE', *, *, #3923, .T. ) ;
#5374 = VECTOR ( 'NONE', #358, 1000.000000000000000 ) ;
#5375 = VECTOR ( 'NONE', #5204, 1000.000000000000000 ) ;
#5376 = DIRECTION ( 'NONE',  ( 0.7071067811865475727, -0.7071067811865475727, 0.000000000000000000 ) ) ;
#5377 = ADVANCED_FACE ( 'NONE', ( #3566 ), #5779, .F. ) ;
#5378 = DIRECTION ( 'NONE',  ( -6.470518565393491448E-16, -0.01745240643728225571, 0.9998476951563912696 ) ) ;
#5379 = FACE_OUTER_BOUND ( 'NONE', #298, .T. ) ;
#5380 = LINE ( 'NONE', #4844, #5924 ) ;
#5381 = AXIS2_PLACEMENT_3D ( 'NONE', #1364, #1794, #4591 ) ;
#5382 = CARTESIAN_POINT ( 'NONE',  ( -10.28269311412819853, 22.80859340615770137, -22.22900000001819976 ) ) ;
#5383 = VERTEX_POINT ( 'NONE', #6999 ) ;
#5384 = EDGE_LOOP ( 'NONE', ( #186, #993, #4166, #4874 ) ) ;
#5385 = CARTESIAN_POINT ( 'NONE',  ( 49.89837195540965098, 38.05156665351287160, -8.635015996429553198 ) ) ;
#5386 = EDGE_CURVE ( 'NONE', #4918, #136, #1105, .T. ) ;
#5387 = AXIS2_PLACEMENT_3D ( 'NONE', #3950, #646, #2970 ) ;
#5388 = LINE ( 'NONE', #3151, #4539 ) ;
#5389 = ORIENTED_EDGE ( 'NONE', *, *, #6803, .T. ) ;
#5390 = ORIENTED_EDGE ( 'NONE', *, *, #5528, .T. ) ;
#5391 =( GEOMETRIC_REPRESENTATION_CONTEXT ( 3 ) GLOBAL_UNCERTAINTY_ASSIGNED_CONTEXT ( ( #108 ) ) GLOBAL_UNIT_ASSIGNED_CONTEXT ( ( #2689, #2011, #3705 ) ) REPRESENTATION_CONTEXT ( 'NONE', 'WORKASPACE' ) );
#5392 = VERTEX_POINT ( 'NONE', #1506 ) ;
#5393 = CIRCLE ( 'NONE', #1119, 0.4999999999999996114 ) ;
#5394 = DIRECTION ( 'NONE',  ( 0.000000000000000000, 0.000000000000000000, -1.000000000000000000 ) ) ;
#5395 = EDGE_CURVE ( 'NONE', #106, #3293, #3709, .T. ) ;
#5396 = DIRECTION ( 'NONE',  ( 0.000000000000000000, 0.000000000000000000, -1.000000000000000000 ) ) ;
#5397 = LINE ( 'NONE', #6592, #3981 ) ;
#5398 = CARTESIAN_POINT ( 'NONE',  ( 6.590000000000000746, 15.95004986684479853, -2.088000000000000078 ) ) ;
#5399 = ORIENTED_EDGE ( 'NONE', *, *, #6891, .F. ) ;
#5400 = VERTEX_POINT ( 'NONE', #4938 ) ;
#5401 = LINE ( 'NONE', #6561, #6777 ) ;
#5402 = ADVANCED_FACE ( 'NONE', ( #6054 ), #3782, .T. ) ;
#5403 = VECTOR ( 'NONE', #6901, 1000.000000000000000 ) ;
#5404 = ORIENTED_EDGE ( 'NONE', *, *, #3426, .T. ) ;
#5405 = DIRECTION ( 'NONE',  ( -1.000000000000000000, 0.000000000000000000, 0.000000000000000000 ) ) ;
#5406 = DIRECTION ( 'NONE',  ( 0.000000000000000000, 0.000000000000000000, -1.000000000000000000 ) ) ;
#5407 = DIRECTION ( 'NONE',  ( 0.000000000000000000, 0.000000000000000000, 1.000000000000000000 ) ) ;
#5408 = DIRECTION ( 'NONE',  ( -0.7071067811865494601, 0.7071067811865455743, 0.000000000000000000 ) ) ;
#5409 = ORIENTED_EDGE ( 'NONE', *, *, #260, .F. ) ;
#5410 = ORIENTED_EDGE ( 'NONE', *, *, #2517, .T. ) ;
#5411 = AXIS2_PLACEMENT_3D ( 'NONE', #158, #4152, #4589 ) ;
#5412 = EDGE_CURVE ( 'NONE', #4026, #2036, #1135, .T. ) ;
#5413 = DIRECTION ( 'NONE',  ( -0.7071067811865475727, -0.7071067811865475727, 0.000000000000000000 ) ) ;
#5414 = AXIS2_PLACEMENT_3D ( 'NONE', #6524, #2016, #2623 ) ;
#5415 = LINE ( 'NONE', #6910, #1219 ) ;
#5416 = CARTESIAN_POINT ( 'NONE',  ( -45.91346557064109390, 24.87999999999999901, -22.22900000001819976 ) ) ;
#5417 = DIRECTION ( 'NONE',  ( 0.7071067811865580088, 0.7071067811865372477, 0.000000000000000000 ) ) ;
#5418 = ORIENTED_EDGE ( 'NONE', *, *, #4934, .F. ) ;
#5419 = EDGE_CURVE ( 'NONE', #734, #2327, #1100, .T. ) ;
#5420 = AXIS2_PLACEMENT_3D ( 'NONE', #4657, #6307, #6816 ) ;
#5421 = CARTESIAN_POINT ( 'NONE',  ( 34.13077245651290070, 29.45140659384229664, -21.22900000000370113 ) ) ;
#5422 = ORIENTED_EDGE ( 'NONE', *, *, #1811, .T. ) ;
#5423 = CARTESIAN_POINT ( 'NONE',  ( 4.250000000000000000, 16.72090000000000032, -4.176000000000000156 ) ) ;
#5424 = DIRECTION ( 'NONE',  ( 0.000000000000000000, 0.000000000000000000, -1.000000000000000000 ) ) ;
#5425 = CARTESIAN_POINT ( 'NONE',  ( -51.39837195540964387, 38.11586755808833260, -4.951219640185313686 ) ) ;
#5426 = AXIS2_PLACEMENT_3D ( 'NONE', #2434, #5680, #2927 ) ;
#5427 = CARTESIAN_POINT ( 'NONE',  ( 7.282693114128210077, 27.95140659384230020, -22.22900000001819976 ) ) ;
#5428 = ORIENTED_EDGE ( 'NONE', *, *, #5649, .T. ) ;
#5429 = ORIENTED_EDGE ( 'NONE', *, *, #127, .T. ) ;
#5430 = ADVANCED_FACE ( 'NONE', ( #587 ), #4870, .F. ) ;
#5431 = EDGE_LOOP ( 'NONE', ( #2635, #46, #5863, #223 ) ) ;
#5432 = CARTESIAN_POINT ( 'NONE',  ( -50.27705161184999838, 26.13000000000701561, -18.22900000000000276 ) ) ;
#5433 = DIRECTION ( 'NONE',  ( -0.7071067811865475727, 0.7071067811865475727, 0.000000000000000000 ) ) ;
#5434 = DIRECTION ( 'NONE',  ( -0.7071067811865475727, -0.7071067811865475727, 0.000000000000000000 ) ) ;
#5435 = CARTESIAN_POINT ( 'NONE',  ( -36.13077245651289360, 29.45140659384229664, -21.22900000000370113 ) ) ;
#5436 = DIRECTION ( 'NONE',  ( -1.000000000000000000, 9.819848845325710630E-16, 0.000000000000000000 ) ) ;
#5437 = LINE ( 'NONE', #4397, #4228 ) ;
#5438 = ORIENTED_EDGE ( 'NONE', *, *, #476, .F. ) ;
#5439 = ORIENTED_EDGE ( 'NONE', *, *, #3217, .T. ) ;
#5440 = EDGE_CURVE ( 'NONE', #222, #3896, #5947, .T. ) ;
#5441 = DIRECTION ( 'NONE',  ( 1.000000000000000000, 0.000000000000000000, 0.000000000000000000 ) ) ;
#5442 = APPLICATION_CONTEXT ( 'automotive_design' ) ;
#5443 = DIRECTION ( 'NONE',  ( 1.000000000000000000, -1.376885414906370062E-16, -1.164635296342740053E-17 ) ) ;
#5444 = DIRECTION ( 'NONE',  ( -0.7071067811865495711, 0.7071067811865455743, 0.000000000000000000 ) ) ;
#5445 = DIRECTION ( 'NONE',  ( -9.819848845325710630E-16, -1.000000000000000000, 0.000000000000000000 ) ) ;
#5446 = VERTEX_POINT ( 'NONE', #3308 ) ;
#5447 = VECTOR ( 'NONE', #4428, 1000.000000000000000 ) ;
#5448 = ORIENTED_EDGE ( 'NONE', *, *, #3718, .F. ) ;
#5449 = DIRECTION ( 'NONE',  ( -1.000000000000000000, 0.000000000000000000, 1.164635296333200074E-17 ) ) ;
#5450 = AXIS2_PLACEMENT_3D ( 'NONE', #612, #1090, #1707 ) ;
#5451 = LINE ( 'NONE', #526, #5850 ) ;
#5452 = CYLINDRICAL_SURFACE ( 'NONE', #2227, 0.4999999999999982236 ) ;
#5453 = EDGE_CURVE ( 'NONE', #6917, #4342, #4811, .T. ) ;
#5454 = CARTESIAN_POINT ( 'NONE',  ( -7.032693114128229617, 22.30859340615769781, -21.22900000000259979 ) ) ;
#5455 = LINE ( 'NONE', #116, #4823 ) ;
#5456 = VERTEX_POINT ( 'NONE', #3819 ) ;
#5457 = CIRCLE ( 'NONE', #5230, 0.4999999999999994449 ) ;
#5458 = CARTESIAN_POINT ( 'NONE',  ( -1.000000000000000000, 29.45140659384229664, -21.22900000000370113 ) ) ;
#5459 = ORIENTED_EDGE ( 'NONE', *, *, #3453, .F. ) ;
#5460 = CARTESIAN_POINT ( 'NONE',  ( -49.54581271391465691, 37.08080026628059045, 4.174959291728803620E-18 ) ) ;
#5461 = CARTESIAN_POINT ( 'NONE',  ( -35.27721906591963119, 22.45504001556442830, -21.22900000001820331 ) ) ;
#5462 = AXIS2_PLACEMENT_3D ( 'NONE', #927, #2602, #5862 ) ;
#5463 = ADVANCED_FACE ( 'NONE', ( #3339 ), #4438, .T. ) ;
#5464 = CARTESIAN_POINT ( 'NONE',  ( -45.41346557064109390, 23.05859340615770137, -21.22900000001820331 ) ) ;
#5465 = DIRECTION ( 'NONE',  ( 0.000000000000000000, 0.000000000000000000, 1.000000000000000000 ) ) ;
#5466 = EDGE_LOOP ( 'NONE', ( #1200, #2216, #1469, #932 ) ) ;
#5467 = VERTEX_POINT ( 'NONE', #5555 ) ;
#5468 = EDGE_LOOP ( 'NONE', ( #6380, #6075, #762 ) ) ;
#5469 = CYLINDRICAL_SURFACE ( 'NONE', #3504, 3.000000000000000888 ) ;
#5470 = FACE_OUTER_BOUND ( 'NONE', #633, .T. ) ;
#5471 = DIRECTION ( 'NONE',  ( 0.7071067811865475727, -0.7071067811865475727, 0.000000000000000000 ) ) ;
#5472 = EDGE_CURVE ( 'NONE', #1767, #6022, #3303, .T. ) ;
#5473 = CARTESIAN_POINT ( 'NONE',  ( -9.282693114128230505, 29.95140659384229664, -21.22900000001820331 ) ) ;
#5474 = AXIS2_PLACEMENT_3D ( 'NONE', #3103, #80, #1352 ) ;
#5475 = DIRECTION ( 'NONE',  ( 0.000000000000000000, 0.000000000000000000, 1.000000000000000000 ) ) ;
#5476 = EDGE_LOOP ( 'NONE', ( #7106, #3428, #2557, #862 ) ) ;
#5477 = ORIENTED_EDGE ( 'NONE', *, *, #201, .T. ) ;
#5478 = APPLICATION_PROTOCOL_DEFINITION ( 'draft international standard', 'automotive_design', 1998, #5442 ) ;
#5479 = VECTOR ( 'NONE', #291, 1000.000000000000000 ) ;
#5480 = FACE_OUTER_BOUND ( 'NONE', #1573, .T. ) ;
#5481 = LINE ( 'NONE', #518, #6934 ) ;
#5482 = EDGE_CURVE ( 'NONE', #3552, #1818, #4707, .T. ) ;
#5483 = PLANE ( 'NONE',  #4920 ) ;
#5484 = DIRECTION ( 'NONE',  ( 1.000000000000000000, 0.000000000000000000, -1.425021796289718065E-15 ) ) ;
#5485 = ORIENTED_EDGE ( 'NONE', *, *, #2859, .T. ) ;
#5486 = AXIS2_PLACEMENT_3D ( 'NONE', #5560, #4877, #6572 ) ;
#5487 = VERTEX_POINT ( 'NONE', #4904 ) ;
#5488 = CIRCLE ( 'NONE', #4567, 0.4999999999999982236 ) ;
#5489 = CARTESIAN_POINT ( 'NONE',  ( -49.18582856059130393, 23.47860613411179997, -21.22900000000180043 ) ) ;
#5490 = AXIS2_PLACEMENT_3D ( 'NONE', #2863, #5583, #2408 ) ;
#5491 = EDGE_CURVE ( 'NONE', #808, #4830, #178, .T. ) ;
#5492 = LINE ( 'NONE', #4375, #5269 ) ;
#5493 = DIRECTION ( 'NONE',  ( 0.000000000000000000, 0.000000000000000000, -1.000000000000000000 ) ) ;
#5495 = LINE ( 'NONE', #5454, #1310 ) ;
#5494 = MECHANICAL_DESIGN_GEOMETRIC_PRESENTATION_REPRESENTATION (  '', ( #4111 ), #4805 ) ;
#5497 = AXIS2_PLACEMENT_3D ( 'NONE', #6428, #7005, #4842 ) ;
#5496 = DIRECTION ( 'NONE',  ( -9.819848845325710630E-16, -1.000000000000000000, 0.000000000000000000 ) ) ;
#5498 = ORIENTED_EDGE ( 'NONE', *, *, #3915, .F. ) ;
#5499 = EDGE_CURVE ( 'NONE', #3114, #5972, #3205, .T. ) ;
#5500 = DIRECTION ( 'NONE',  ( 0.000000000000000000, 0.000000000000000000, -1.000000000000000000 ) ) ;
#5501 = VERTEX_POINT ( 'NONE', #49 ) ;
#5502 = DIRECTION ( 'NONE',  ( 0.7071067811865475727, 0.7071067811865475727, 0.000000000000000000 ) ) ;
#5503 = CARTESIAN_POINT ( 'NONE',  ( 43.41346557064109390, 29.95140659384229664, -22.22900000001819976 ) ) ;
#5504 = VECTOR ( 'NONE', #4404, 1000.000000000000000 ) ;
#5505 = PLANE ( 'NONE',  #4714 ) ;
#5506 = CARTESIAN_POINT ( 'NONE',  ( 34.13077245651290070, 29.45140659384229664, -21.22900000001820331 ) ) ;
#5507 = EDGE_LOOP ( 'NONE', ( #6399, #2010, #2285, #2117 ) ) ;
#5508 = ORIENTED_EDGE ( 'NONE', *, *, #2549, .F. ) ;
#5509 = ORIENTED_EDGE ( 'NONE', *, *, #4994, .F. ) ;
#5510 = EDGE_CURVE ( 'NONE', #3120, #3427, #1611, .T. ) ;
#5511 = VERTEX_POINT ( 'NONE', #2658 ) ;
#5512 = DIRECTION ( 'NONE',  ( 0.000000000000000000, 0.000000000000000000, -1.000000000000000000 ) ) ;
#5513 = VECTOR ( 'NONE', #3361, 1000.000000000000227 ) ;
#5514 =( BOUNDED_CURVE ( )  B_SPLINE_CURVE ( 3, ( #4685, #292, #1518, #3721 ),
 .UNSPECIFIED., .F., .F. ) 
 B_SPLINE_CURVE_WITH_KNOTS ( ( 4, 4 ),
 ( 4.799655442984365195, 6.214302259475028123 ),
 .UNSPECIFIED. ) 
 CURVE ( )  GEOMETRIC_REPRESENTATION_ITEM ( )  RATIONAL_B_SPLINE_CURVE ( ( 1.000000000000000000, 0.8400692335328227012, 0.8400692335328227012, 1.000000000000000000 ) ) 
 REPRESENTATION_ITEM ( '' )  );
#5515 = CARTESIAN_POINT ( 'NONE',  ( 24.34807934238459737, 27.95140659384230020, -21.22900000001820331 ) ) ;
#5516 = CARTESIAN_POINT ( 'NONE',  ( 47.77705161185000549, 26.13000000000100087, -8.426937939554100865 ) ) ;
#5517 = CARTESIAN_POINT ( 'NONE',  ( 47.77705161185000549, 26.12999999999999901, -8.426937939554479229 ) ) ;
#5518 = VERTEX_POINT ( 'NONE', #4328 ) ;
#5519 = ORIENTED_EDGE ( 'NONE', *, *, #6275, .F. ) ;
#5520 = VECTOR ( 'NONE', #1102, 1000.000000000000000 ) ;
#5521 = EDGE_CURVE ( 'NONE', #1783, #1816, #1577, .T. ) ;
#5522 = VERTEX_POINT ( 'NONE', #7103 ) ;
#5523 = FACE_OUTER_BOUND ( 'NONE', #5527, .T. ) ;
#5524 = DIRECTION ( 'NONE',  ( 0.000000000000000000, -1.000000000000000000, 0.000000000000000000 ) ) ;
#5525 = DIRECTION ( 'NONE',  ( -1.000000000000000000, 9.819848845325710630E-16, 0.000000000000000000 ) ) ;
#5526 = ORIENTED_EDGE ( 'NONE', *, *, #6457, .F. ) ;
#5527 = EDGE_LOOP ( 'NONE', ( #2755, #3170, #3757, #5725 ) ) ;
#5528 = EDGE_CURVE ( 'NONE', #5383, #3993, #5854, .T. ) ;
#5529 = CARTESIAN_POINT ( 'NONE',  ( 50.46850034877697055, 29.38386373846467592, -21.22899999999778231 ) ) ;
#5530 = CARTESIAN_POINT ( 'NONE',  ( 34.13077245651290070, 29.45140659384229664, -22.22900000001819976 ) ) ;
#5531 = CARTESIAN_POINT ( 'NONE',  ( -8.782693114128230505, 29.45140659384229664, -21.22899999999770060 ) ) ;
#5532 = CARTESIAN_POINT ( 'NONE',  ( 4.250000000000000000, 14.13811176596500019, -11.17199668603770135 ) ) ;
#5533 = CARTESIAN_POINT ( 'NONE',  ( 9.282693114128210965, 23.80859340615770137, -21.22900000001820331 ) ) ;
#5534 = ORIENTED_EDGE ( 'NONE', *, *, #6857, .T. ) ;
#5535 = ADVANCED_FACE ( 'NONE', ( #1061 ), #5483, .F. ) ;
#5536 = VECTOR ( 'NONE', #3134, 1000.000000000000000 ) ;
#5537 = CARTESIAN_POINT ( 'NONE',  ( 25.34807934238459737, 22.30859340615769781, -21.22900000001820331 ) ) ;
#5538 = CARTESIAN_POINT ( 'NONE',  ( 15.56538622825640061, 23.80859340615770137, -21.22900000001820331 ) ) ;
#5539 = DIRECTION ( 'NONE',  ( 0.7071067811865475727, -0.7071067811865475727, 0.000000000000000000 ) ) ;
#5540 = LINE ( 'NONE', #3876, #5812 ) ;
#5541 = ORIENTED_EDGE ( 'NONE', *, *, #2114, .T. ) ;
#5542 = AXIS2_PLACEMENT_3D ( 'NONE', #1157, #2758, #6045 ) ;
#5543 = ORIENTED_EDGE ( 'NONE', *, *, #4484, .T. ) ;
#5544 = EDGE_CURVE ( 'NONE', #6868, #5467, #4235, .T. ) ;
#5545 = AXIS2_PLACEMENT_3D ( 'NONE', #7093, #610, #6513 ) ;
#5546 = CARTESIAN_POINT ( 'NONE',  ( -49.27705161185000549, 13.32988751719699927, -8.650351070938489428 ) ) ;
#5547 = CARTESIAN_POINT ( 'NONE',  ( 34.63077245651290070, 22.80859340615770137, -22.22900000001819976 ) ) ;
#5548 = DIRECTION ( 'NONE',  ( 0.000000000000000000, 0.000000000000000000, 1.000000000000000000 ) ) ;
#5549 = DIRECTION ( 'NONE',  ( 0.000000000000000000, 0.000000000000000000, -1.000000000000000000 ) ) ;
#5550 = ADVANCED_FACE ( 'NONE', ( #6268 ), #5586, .T. ) ;
#5551 = VERTEX_POINT ( 'NONE', #3928 ) ;
#5552 = VERTEX_POINT ( 'NONE', #6118 ) ;
#5553 = LINE ( 'NONE', #5002, #4341 ) ;
#5554 = DIRECTION ( 'NONE',  ( 0.000000000000000000, 0.000000000000000000, -1.000000000000000000 ) ) ;
#5555 = CARTESIAN_POINT ( 'NONE',  ( -26.84807934238470040, 29.95140659384229664, -22.22900000001819976 ) ) ;
#5556 = CARTESIAN_POINT ( 'NONE',  ( 6.590000000000000746, 37.00790791514639722, -4.175999999984879807 ) ) ;
#5557 = EDGE_CURVE ( 'NONE', #4830, #7011, #1318, .T. ) ;
#5558 = VERTEX_POINT ( 'NONE', #5188 ) ;
#5559 = ORIENTED_EDGE ( 'NONE', *, *, #2091, .F. ) ;
#5560 = CARTESIAN_POINT ( 'NONE',  ( 1.909999999999970166, 36.30995013312860209, -2.087999999985850064 ) ) ;
#5561 = ADVANCED_FACE ( 'NONE', ( #229 ), #6735, .F. ) ;
#5562 = LINE ( 'NONE', #4485, #6089 ) ;
#5563 = DIRECTION ( 'NONE',  ( 0.000000000000000000, -0.06882858705854752457, -0.9976285007975284058 ) ) ;
#5564 = EDGE_LOOP ( 'NONE', ( #2690, #6310, #6327, #111 ) ) ;
#5565 = DIRECTION ( 'NONE',  ( -0.7071067811865475727, 0.7071067811865475727, 0.000000000000000000 ) ) ;
#5566 = CARTESIAN_POINT ( 'NONE',  ( -48.68582856059130393, 25.87999999999999901, -21.22900000000370113 ) ) ;
#5567 = EDGE_CURVE ( 'NONE', #1605, #669, #5888, .T. ) ;
#5568 = CARTESIAN_POINT ( 'NONE',  ( 23.70673278532050077, 29.95140659384229664, -21.22899999999730269 ) ) ;
#5569 = CIRCLE ( 'NONE', #3150, 0.5000000000000006661 ) ;
#5570 = ORIENTED_EDGE ( 'NONE', *, *, #101, .T. ) ;
#5571 = ORIENTED_EDGE ( 'NONE', *, *, #5202, .T. ) ;
#5572 = CARTESIAN_POINT ( 'NONE',  ( -9.782693114128232281, 22.30859340615769781, -21.22900000001820331 ) ) ;
#5573 = FACE_OUTER_BOUND ( 'NONE', #3046, .T. ) ;
#5574 = EDGE_CURVE ( 'NONE', #1675, #3111, #3389, .T. ) ;
#5575 = FACE_OUTER_BOUND ( 'NONE', #6383, .T. ) ;
#5576 = DIRECTION ( 'NONE',  ( -0.7071067811865450192, -0.7069990853988267210, -0.01234071493982739909 ) ) ;
#5577 = ORIENTED_EDGE ( 'NONE', *, *, #4618, .F. ) ;
#5578 = VECTOR ( 'NONE', #6790, 1000.000000000000114 ) ;
#5579 = VERTEX_POINT ( 'NONE', #658 ) ;
#5580 = DIRECTION ( 'NONE',  ( 0.000000000000000000, -1.000000000000000000, -6.925824587419099363E-13 ) ) ;
#5581 = ADVANCED_FACE ( 'NONE', ( #3441 ), #2443, .T. ) ;
#5582 = ORIENTED_EDGE ( 'NONE', *, *, #3893, .F. ) ;
#5583 = DIRECTION ( 'NONE',  ( 0.000000000000000000, 0.000000000000000000, 1.000000000000000000 ) ) ;
#5584 = DIRECTION ( 'NONE',  ( 0.000000000000000000, 0.000000000000000000, -1.000000000000000000 ) ) ;
#5585 = AXIS2_PLACEMENT_3D ( 'NONE', #3610, #5856, #6319 ) ;
#5586 = CYLINDRICAL_SURFACE ( 'NONE', #2728, 3.000000000000003109 ) ;
#5587 = DIRECTION ( 'NONE',  ( 3.462970525474364994E-13, -3.462970525474430123E-13, 1.000000000000000000 ) ) ;
#5588 = ORIENTED_EDGE ( 'NONE', *, *, #5267, .T. ) ;
#5589 = VERTEX_POINT ( 'NONE', #6668 ) ;
#5590 = AXIS2_PLACEMENT_3D ( 'NONE', #496, #3219, #1213 ) ;
#5591 = EDGE_CURVE ( 'NONE', #5353, #872, #5259, .T. ) ;
#5592 = DIRECTION ( 'NONE',  ( -1.179837451843028428E-16, -0.9961946980917455452, 0.08715574274765844343 ) ) ;
#5593 = CYLINDRICAL_SURFACE ( 'NONE', #4974, 0.4999999999999982236 ) ;
#5594 = VECTOR ( 'NONE', #608, 1000.000000000000000 ) ;
#5595 = DIRECTION ( 'NONE',  ( 0.000000000000000000, 0.000000000000000000, 1.000000000000000000 ) ) ;
#5596 = CARTESIAN_POINT ( 'NONE',  ( 7.782693114128210077, 22.30859340615769781, -22.22900000001819976 ) ) ;
#5597 = EDGE_LOOP ( 'NONE', ( #7086, #2162, #3925, #461 ) ) ;
#5598 = AXIS2_PLACEMENT_3D ( 'NONE', #6970, #1371, #6461 ) ;
#5599 = EDGE_CURVE ( 'NONE', #6976, #1632, #3675, .T. ) ;
#5600 = DIRECTION ( 'NONE',  ( 0.000000000000000000, 1.000000000000000000, 6.925824587419099363E-13 ) ) ;
#5601 = VECTOR ( 'NONE', #1739, 1000.000000000000000 ) ;
#5602 = CARTESIAN_POINT ( 'NONE',  ( 7.136246504721484030, 28.30495998443557326, -21.22900000001820331 ) ) ;
#5603 = CARTESIAN_POINT ( 'NONE',  ( -1.353553390593274397, 29.80495998443556971, -21.22900000001820331 ) ) ;
#5604 = AXIS2_PLACEMENT_3D ( 'NONE', #5618, #1242, #4507 ) ;
#5605 = EDGE_LOOP ( 'NONE', ( #4545, #4984, #3448, #1856 ) ) ;
#5606 = ORIENTED_EDGE ( 'NONE', *, *, #6916, .F. ) ;
#5607 = ADVANCED_FACE ( 'NONE', ( #4622 ), #910, .F. ) ;
#5608 = AXIS2_PLACEMENT_3D ( 'NONE', #4196, #2537, #5921 ) ;
#5609 = DIRECTION ( 'NONE',  ( -4.424946072818119958E-16, -1.000000000000000000, -1.389999226830700028E-12 ) ) ;
#5610 = DIRECTION ( 'NONE',  ( -3.462854061944730330E-13, -3.462854061944730330E-13, 1.000000000000000000 ) ) ;
#5611 = LINE ( 'NONE', #577, #5513 ) ;
#5612 = CYLINDRICAL_SURFACE ( 'NONE', #1299, 0.4999999999999994449 ) ;
#5613 = PLANE ( 'NONE',  #1561 ) ;
#5614 = ORIENTED_EDGE ( 'NONE', *, *, #4131, .T. ) ;
#5615 = VECTOR ( 'NONE', #1215, 1000.000000000000000 ) ;
#5616 = ADVANCED_FACE ( 'NONE', ( #2586 ), #4106, .F. ) ;
#5617 = VERTEX_POINT ( 'NONE', #3158 ) ;
#5618 = CARTESIAN_POINT ( 'NONE',  ( 18.06538622825640061, 27.95140659384230020, -21.22900000001820331 ) ) ;
#5619 = DIRECTION ( 'NONE',  ( -0.7071067811865492381, -0.7071067811865457964, 0.000000000000000000 ) ) ;
#5620 = CARTESIAN_POINT ( 'NONE',  ( 6.782693114128210077, 27.95140659384230020, -21.22900000001820331 ) ) ;
#5621 = VERTEX_POINT ( 'NONE', #6930 ) ;
#5622 = AXIS2_PLACEMENT_3D ( 'NONE', #2788, #2317, #4989 ) ;
#5623 = VERTEX_POINT ( 'NONE', #4729 ) ;
#5624 = VECTOR ( 'NONE', #962, 1000.000000000000000 ) ;
#5625 = EDGE_CURVE ( 'NONE', #7001, #5838, #806, .T. ) ;
#5626 = AXIS2_PLACEMENT_3D ( 'NONE', #2866, #729, #5152 ) ;
#5627 = ORIENTED_EDGE ( 'NONE', *, *, #5121, .F. ) ;
#5628 = PLANE ( 'NONE',  #732 ) ;
#5629 = FACE_OUTER_BOUND ( 'NONE', #3182, .T. ) ;
#5630 = DIRECTION ( 'NONE',  ( 0.000000000000000000, 0.000000000000000000, -1.000000000000000000 ) ) ;
#5631 = CARTESIAN_POINT ( 'NONE',  ( 43.76701896123437763, 29.80495998443556616, -21.22900000001820331 ) ) ;
#5632 = LINE ( 'NONE', #740, #607 ) ;
#5633 = EDGE_CURVE ( 'NONE', #6841, #2070, #4373, .T. ) ;
#5634 = CIRCLE ( 'NONE', #3787, 0.4999999999999996114 ) ;
#5635 = ORIENTED_EDGE ( 'NONE', *, *, #5419, .F. ) ;
#5636 = CARTESIAN_POINT ( 'NONE',  ( -50.27705161184999838, 35.93056915891659742, -8.598007510543499876 ) ) ;
#5637 = CARTESIAN_POINT ( 'NONE',  ( -18.06538622825640061, 22.80859340615770137, -21.22900000000370113 ) ) ;
#5638 = FACE_OUTER_BOUND ( 'NONE', #4263, .T. ) ;
#5639 = DIRECTION ( 'NONE',  ( -1.000000000000000000, 0.000000000000000000, 0.000000000000000000 ) ) ;
#5640 = EDGE_CURVE ( 'NONE', #5999, #3579, #3638, .T. ) ;
#5641 = ORIENTED_EDGE ( 'NONE', *, *, #674, .F. ) ;
#5642 = ORIENTED_EDGE ( 'NONE', *, *, #5035, .T. ) ;
#5643 = ORIENTED_EDGE ( 'NONE', *, *, #394, .F. ) ;
#5644 = VERTEX_POINT ( 'NONE', #875 ) ;
#5645 = LINE ( 'NONE', #2286, #2705 ) ;
#5646 = CARTESIAN_POINT ( 'NONE',  ( 7.245710992208298507, 38.08747394049182589, -11.67081093641976430 ) ) ;
#5647 = DIRECTION ( 'NONE',  ( -1.850371707708595056E-16, 0.01745240643728395227, -0.9998476951563911586 ) ) ;
#5648 = AXIS2_PLACEMENT_3D ( 'NONE', #1903, #3449, #811 ) ;
#5649 = EDGE_CURVE ( 'NONE', #2513, #7096, #3162, .T. ) ;
#5650 = ORIENTED_EDGE ( 'NONE', *, *, #5278, .T. ) ;
#5651 = ORIENTED_EDGE ( 'NONE', *, *, #4778, .T. ) ;
#5652 = LINE ( 'NONE', #687, #1659 ) ;
#5653 = PLANE ( 'NONE',  #976 ) ;
#5654 = DIRECTION ( 'NONE',  ( 0.000000000000000000, 0.000000000000000000, 1.000000000000000000 ) ) ;
#5655 = EDGE_CURVE ( 'NONE', #3943, #6528, #5841, .T. ) ;
#5656 = CIRCLE ( 'NONE', #2313, 0.4999999999999982236 ) ;
#5657 = ORIENTED_EDGE ( 'NONE', *, *, #3322, .F. ) ;
#5658 = ORIENTED_EDGE ( 'NONE', *, *, #3766, .F. ) ;
#5659 = DIRECTION ( 'NONE',  ( 0.000000000000000000, 0.000000000000000000, -1.000000000000000000 ) ) ;
#5660 = ORIENTED_EDGE ( 'NONE', *, *, #4522, .F. ) ;
#5661 = FACE_OUTER_BOUND ( 'NONE', #5747, .T. ) ;
#5662 = DIRECTION ( 'NONE',  ( 0.000000000000000000, 0.000000000000000000, 1.000000000000000000 ) ) ;
#5663 = DIRECTION ( 'NONE',  ( 0.7071067811865580088, 0.7071067811865372477, 0.000000000000000000 ) ) ;
#5664 = CARTESIAN_POINT ( 'NONE',  ( 47.77705161185000549, 15.17919973368969977, -5.330313327300450163E-16 ) ) ;
#5665 = ADVANCED_FACE ( 'NONE', ( #3092 ), #344, .F. ) ;
#5666 = CARTESIAN_POINT ( 'NONE',  ( -10.78269311412819853, 27.95140659384230020, -21.22900000001820331 ) ) ;
#5667 = ORIENTED_EDGE ( 'NONE', *, *, #2859, .F. ) ;
#5668 = VECTOR ( 'NONE', #4843, 1000.000000000000000 ) ;
#5669 = DIRECTION ( 'NONE',  ( -0.7071067811865580088, -0.7071067811865372477, 0.000000000000000000 ) ) ;
#5670 = DIRECTION ( 'NONE',  ( -1.000000000000000000, 0.000000000000000000, 0.000000000000000000 ) ) ;
#5671 = DIRECTION ( 'NONE',  ( 0.000000000000000000, 0.000000000000000000, 1.000000000000000000 ) ) ;
#5672 = DIRECTION ( 'NONE',  ( -7.667477763817487357E-16, 0.01745240643589234322, 0.9998476951564155835 ) ) ;
#5673 = ORIENTED_EDGE ( 'NONE', *, *, #4163, .T. ) ;
#5674 = ORIENTED_EDGE ( 'NONE', *, *, #5334, .F. ) ;
#5675 = AXIS2_PLACEMENT_3D ( 'NONE', #169, #2390, #636 ) ;
#5676 = CARTESIAN_POINT ( 'NONE',  ( -43.91346557064109390, 26.37999999999999901, -21.22900000000000276 ) ) ;
#5677 = VERTEX_POINT ( 'NONE', #5878 ) ;
#5678 = CARTESIAN_POINT ( 'NONE',  ( -28.34807934238470040, 28.45140659384229664, -21.22900000001820331 ) ) ;
#5679 = EDGE_CURVE ( 'NONE', #1929, #450, #4761, .T. ) ;
#5680 = DIRECTION ( 'NONE',  ( 0.000000000000000000, 0.000000000000000000, 1.000000000000000000 ) ) ;
#5681 = CIRCLE ( 'NONE', #3146, 0.4999999999999982236 ) ;
#5682 = DIRECTION ( 'NONE',  ( -0.7071067811865492381, -0.7071067811865457964, 0.000000000000000000 ) ) ;
#5683 = CARTESIAN_POINT ( 'NONE',  ( 10.53269311412819853, 23.80859340615770137, -21.22900000000160148 ) ) ;
#5684 = VERTEX_POINT ( 'NONE', #5909 ) ;
#5685 = ORIENTED_EDGE ( 'NONE', *, *, #3959, .F. ) ;
#5686 = VERTEX_POINT ( 'NONE', #4217 ) ;
#5687 = VECTOR ( 'NONE', #6725, 1000.000000000000000 ) ;
#5688 = CARTESIAN_POINT ( 'NONE',  ( 35.63077245651290070, 27.95140659384230020, -21.22900000001820331 ) ) ;
#5689 = EDGE_CURVE ( 'NONE', #7011, #3554, #3063, .T. ) ;
#5690 = ORIENTED_EDGE ( 'NONE', *, *, #4475, .T. ) ;
#5691 = CARTESIAN_POINT ( 'NONE',  ( -49.03938195118458054, 25.52644660940672949, -21.22900000000370113 ) ) ;
#5692 = CARTESIAN_POINT ( 'NONE',  ( -51.39837195540964387, 34.56110455254762570, -16.85804249209378369 ) ) ;
#5693 = CARTESIAN_POINT ( 'NONE',  ( -26.84807934238470040, 29.45140659384229664, -22.22900000001819976 ) ) ;
#5694 = LINE ( 'NONE', #5039, #6664 ) ;
#5695 = VERTEX_POINT ( 'NONE', #5330 ) ;
#5696 = ORIENTED_EDGE ( 'NONE', *, *, #4686, .T. ) ;
#5697 = DIRECTION ( 'NONE',  ( -0.7071067811865492381, -0.7071067811865457964, 0.000000000000000000 ) ) ;
#5698 = EDGE_CURVE ( 'NONE', #4064, #5927, #944, .T. ) ;
#5699 = ORIENTED_EDGE ( 'NONE', *, *, #1608, .T. ) ;
#5700 = DIRECTION ( 'NONE',  ( 0.7071067811865494601, 0.5000000000007913670, -0.4999999999992058020 ) ) ;
#5701 = CARTESIAN_POINT ( 'NONE',  ( -49.27705161185000549, 20.82721226822379990, -21.22900000000370113 ) ) ;
#5702 = PLANE ( 'NONE',  #1924 ) ;
#5703 = FACE_OUTER_BOUND ( 'NONE', #6281, .T. ) ;
#5704 = CARTESIAN_POINT ( 'NONE',  ( 47.53938195118458054, 26.73355339059326852, -21.22900000000370113 ) ) ;
#5705 = CARTESIAN_POINT ( 'NONE',  ( 4.250000000000000000, 17.07757510388659838, -17.47936283566500038 ) ) ;
#5706 = AXIS2_PLACEMENT_3D ( 'NONE', #3633, #5357, #5294 ) ;
#5707 = EDGE_LOOP ( 'NONE', ( #791, #2093, #5508, #5326 ) ) ;
#5708 = EDGE_CURVE ( 'NONE', #3190, #3745, #1916, .T. ) ;
#5709 = DIRECTION ( 'NONE',  ( -3.462854061944730330E-13, -3.462854061944730330E-13, 1.000000000000000000 ) ) ;
#5710 = CIRCLE ( 'NONE', #4558, 0.5000000000000006661 ) ;
#5711 = LINE ( 'NONE', #4123, #3649 ) ;
#5712 = DIRECTION ( 'NONE',  ( 0.7071067811865580088, -0.7071067811865372477, 0.000000000000000000 ) ) ;
#5713 = FACE_OUTER_BOUND ( 'NONE', #1901, .T. ) ;
#5714 = EDGE_LOOP ( 'NONE', ( #3325, #832, #145, #656 ) ) ;
#5715 = AXIS2_PLACEMENT_3D ( 'NONE', #3410, #5045, #663 ) ;
#5716 = ORIENTED_EDGE ( 'NONE', *, *, #2260, .F. ) ;
#5717 = LINE ( 'NONE', #754, #2630 ) ;
#5718 = ORIENTED_EDGE ( 'NONE', *, *, #6871, .F. ) ;
#5719 = CARTESIAN_POINT ( 'NONE',  ( 7.782693114128210077, 22.30859340615769781, -21.22900000001820331 ) ) ;
#5720 = CIRCLE ( 'NONE', #1802, 0.4999999999999982236 ) ;
#5721 = DIRECTION ( 'NONE',  ( 0.000000000000000000, 0.000000000000000000, -1.000000000000000000 ) ) ;
#5722 = VECTOR ( 'NONE', #5148, 1000.000000000000000 ) ;
#5723 = DIRECTION ( 'NONE',  ( -0.7071067811865475727, 0.7071067811865475727, 0.000000000000000000 ) ) ;
#5724 = DIRECTION ( 'NONE',  ( -0.7071067811865475727, 0.7071067811865475727, 0.000000000000000000 ) ) ;
#5725 = ORIENTED_EDGE ( 'NONE', *, *, #2114, .F. ) ;
#5726 = AXIS2_PLACEMENT_3D ( 'NONE', #894, #1413, #3075 ) ;
#5727 = ORIENTED_EDGE ( 'NONE', *, *, #4740, .F. ) ;
#5728 = EDGE_CURVE ( 'NONE', #4635, #3979, #5227, .T. ) ;
#5729 = ORIENTED_EDGE ( 'NONE', *, *, #1123, .T. ) ;
#5730 = TOROIDAL_SURFACE ( 'NONE', #409, 9.802062060445519975, 1.000000000000000000 ) ;
#5731 = DIRECTION ( 'NONE',  ( -1.000000000000000000, 1.291768391375275873E-16, -8.912194580865548829E-18 ) ) ;
#5732 = VERTEX_POINT ( 'NONE', #2649 ) ;
#5733 = CARTESIAN_POINT ( 'NONE',  ( 0.7461065651071909777, 35.18242489610819490, -17.47936283565239890 ) ) ;
#5734 = LINE ( 'NONE', #2369, #4273 ) ;
#5735 = LINE ( 'NONE', #770, #6193 ) ;
#5736 = ORIENTED_EDGE ( 'NONE', *, *, #4256, .T. ) ;
#5737 = VERTEX_POINT ( 'NONE', #4895 ) ;
#5738 = EDGE_CURVE ( 'NONE', #2550, #3849, #1089, .T. ) ;
#5739 = CYLINDRICAL_SURFACE ( 'NONE', #3977, 0.5000000000000006661 ) ;
#5740 = CARTESIAN_POINT ( 'NONE',  ( 50.77705161184999838, 35.99487030189180103, -4.914197495368780366 ) ) ;
#5741 = DIRECTION ( 'NONE',  ( 0.000000000000000000, 0.000000000000000000, 1.000000000000000000 ) ) ;
#5742 =( BOUNDED_CURVE ( )  B_SPLINE_CURVE ( 3, ( #1752, #6159, #5460, #2174 ),
 .UNSPECIFIED., .F., .F. ) 
 B_SPLINE_CURVE_WITH_KNOTS ( ( 4, 4 ),
 ( 5.497787143782095320, 6.283185307179586232 ),
 .UNSPECIFIED. ) 
 CURVE ( )  GEOMETRIC_REPRESENTATION_ITEM ( )  RATIONAL_B_SPLINE_CURVE ( ( 1.000000000000000000, 0.9492530216741856819, 0.9492530216741856819, 1.000000000000000000 ) ) 
 REPRESENTATION_ITEM ( '' )  );
#5743 = CARTESIAN_POINT ( 'NONE',  ( 43.41346557064109390, 29.95140659384229664, -21.22900000001820331 ) ) ;
#5744 = CARTESIAN_POINT ( 'NONE',  ( 43.16346557064109390, 29.95140659384229664, -21.22900000001820331 ) ) ;
#5745 = LINE ( 'NONE', #781, #721 ) ;
#5746 = ADVANCED_FACE ( 'NONE', ( #2617 ), #4930, .T. ) ;
#5747 = EDGE_LOOP ( 'NONE', ( #4959, #2136, #5209, #1083 ) ) ;
#5748 = CARTESIAN_POINT ( 'NONE',  ( 7.244158372524818645, 14.42975113234313511, -11.65306441224794121 ) ) ;
#5749 = DIRECTION ( 'NONE',  ( 0.000000000000000000, 0.000000000000000000, 1.000000000000000000 ) ) ;
#5750 = FACE_OUTER_BOUND ( 'NONE', #2249, .T. ) ;
#5751 = CLOSED_SHELL ( 'NONE', ( #4301, #2746, #425, #5607, #2629, #5877, #1781, #6248, #3091, #4955, #2854, #2499, #5581, #4408, #3247, #3727, #6530, #4324, #6510, #3874, #2571, #949, #26, #4572, #4067, #6292, #1261, #2720, #1982, #4247, #1949, #3712, #6583, #1333, #3297, #146, #1078, #4636, #6979, #2846, #6216, #1835, #6284, #2005, #6477, #2527, #7150, #6198, #3185, #1641, #997, #6971, #5550, #3490, #753, #354, #3976, #3355, #7076, #6303, #4901, #907, #3169, #3027, #3436, #5266, #6628, #3815, #1038, #5132, #3407, #6590, #4071, #4150, #642, #5535, #1368, #4580, #5891, #6667, #6573, #5162, #4385, #6385, #3336, #3604, #3770, #7128, #3661, #2779, #6160, #1766, #4264, #1107, #5058, #6727, #2906, #4753, #418, #3774, #515, #890, #375, #4204, #4907, #6495, #2455, #5463, #4807, #7017, #1419, #6142, #3344, #1290, #131, #437, #4002, #2037, #3901, #2890, #4458, #2211, #5317, #4800, #2787, #451, #4561, #5153, #6084, #5746, #1055, #2867, #5305, #7038, #1524, #1876, #6129, #682, #1505, #7054, #2314, #3256, #634, #3363, #4180, #3305, #571, #4028, #6048, #4360, #6078, #5402, #692, #2195, #971, #6441, #2250, #794, #2169, #2062, #7143, #4212, #76, #4140, #2575, #3226, #4718, #3227, #2144, #5616, #5840, #313, #2463, #6029, #4663, #6706, #1068, #3138, #4045, #6697, #2187, #1175, #5377, #5665, #816, #2987, #2228, #5110, #6258, #117, #5832, #2423, #2347, #6391, #6063, #4092, #4433, #6689, #3080, #4489, #1099, #3946, #5977, #1147, #2683, #4795, #5796, #6152, #5861, #5561, #2097, #5430, #2415, #1684 ) ) ;
#5752 = FACE_OUTER_BOUND ( 'NONE', #7129, .T. ) ;
#5753 = EDGE_CURVE ( 'NONE', #7162, #5032, #4802, .T. ) ;
#5754 = EDGE_LOOP ( 'NONE', ( #6707, #3009, #3477, #3425 ) ) ;
#5755 = ORIENTED_EDGE ( 'NONE', *, *, #5857, .F. ) ;
#5756 = ORIENTED_EDGE ( 'NONE', *, *, #1154, .T. ) ;
#5757 = CIRCLE ( 'NONE', #4490, 0.4999999999999982236 ) ;
#5758 = ORIENTED_EDGE ( 'NONE', *, *, #3195, .F. ) ;
#5759 = DIRECTION ( 'NONE',  ( -0.7071067811865492381, -0.7071067811865457964, 0.000000000000000000 ) ) ;
#5760 = DIRECTION ( 'NONE',  ( 0.000000000000000000, 1.000000000000000000, 0.000000000000000000 ) ) ;
#5761 = CARTESIAN_POINT ( 'NONE',  ( -2.000000000000000000, 23.80859340615770137, -21.22900000000160148 ) ) ;
#5762 = CARTESIAN_POINT ( 'NONE',  ( -49.27705161185000549, 26.12999999999999901, -8.426937939554479229 ) ) ;
#5763 = EDGE_CURVE ( 'NONE', #1357, #2446, #5397, .T. ) ;
#5764 = ORIENTED_EDGE ( 'NONE', *, *, #1973, .F. ) ;
#5765 = VERTEX_POINT ( 'NONE', #1671 ) ;
#5766 = ORIENTED_EDGE ( 'NONE', *, *, #1987, .T. ) ;
#5767 = CARTESIAN_POINT ( 'NONE',  ( -11.42403967119230046, 29.95140659384229664, -21.22899999999730269 ) ) ;
#5768 = CIRCLE ( 'NONE', #2642, 0.5000000000000006661 ) ;
#5769 = VERTEX_POINT ( 'NONE', #6011 ) ;
#5770 = CARTESIAN_POINT ( 'NONE',  ( -34.63077245651290070, 27.95140659384230020, -22.22900000001819976 ) ) ;
#5771 = CARTESIAN_POINT ( 'NONE',  ( 7.415356314519789827, 13.20807811159870049, -13.60986584337560146 ) ) ;
#5772 = EDGE_CURVE ( 'NONE', #4899, #3302, #1017, .T. ) ;
#5773 = CARTESIAN_POINT ( 'NONE',  ( -8.282693114128230505, 24.30859340615769781, -21.22900000000370113 ) ) ;
#5774 = DIRECTION ( 'NONE',  ( 0.000000000000000000, 0.000000000000000000, -1.000000000000000000 ) ) ;
#5775 = VERTEX_POINT ( 'NONE', #4828 ) ;
#5776 = DIRECTION ( 'NONE',  ( 0.000000000000000000, 1.000000000000000000, 0.000000000000000000 ) ) ;
#5777 = EDGE_CURVE ( 'NONE', #1789, #4495, #4334, .T. ) ;
#5778 = VECTOR ( 'NONE', #3873, 1000.000000000000114 ) ;
#5779 = CYLINDRICAL_SURFACE ( 'NONE', #3653, 0.4999999999999982236 ) ;
#5780 = LINE ( 'NONE', #4667, #1637 ) ;
#5781 = DIRECTION ( 'NONE',  ( -5.056412698010379758E-16, -1.000000000000000000, 0.000000000000000000 ) ) ;
#5782 = DIRECTION ( 'NONE',  ( 0.000000000000000000, 1.000000000000000000, 6.925824587419099363E-13 ) ) ;
#5783 = DIRECTION ( 'NONE',  ( -0.7071067811865492381, -0.7071067811865457964, 0.000000000000000000 ) ) ;
#5784 = EDGE_CURVE ( 'NONE', #2293, #1037, #5720, .T. ) ;
#5785 = DIRECTION ( 'NONE',  ( -3.462970525474364994E-13, 3.462970525474490202E-13, -1.000000000000000000 ) ) ;
#5786 = LINE ( 'NONE', #1953, #691 ) ;
#5787 = DIRECTION ( 'NONE',  ( 0.000000000000000000, 0.000000000000000000, -1.000000000000000000 ) ) ;
#5788 = PLANE ( 'NONE',  #951 ) ;
#5789 = ORIENTED_EDGE ( 'NONE', *, *, #6408, .F. ) ;
#5790 = CARTESIAN_POINT ( 'NONE',  ( 48.77705161185000549, 26.12999999999999901, -8.426937939554479229 ) ) ;
#5791 = ORIENTED_EDGE ( 'NONE', *, *, #4377, .F. ) ;
#5792 = ORIENTED_EDGE ( 'NONE', *, *, #6042, .F. ) ;
#5793 = CIRCLE ( 'NONE', #6596, 1.000000000000000888 ) ;
#5794 = EDGE_LOOP ( 'NONE', ( #1600, #1967, #6234, #6688 ) ) ;
#5795 = CARTESIAN_POINT ( 'NONE',  ( -50.27705161184999127, 16.17935206173352114, 6.099862355597538719E-16 ) ) ;
#5796 = ADVANCED_FACE ( 'NONE', ( #6514 ), #1127, .F. ) ;
#5797 = EDGE_CURVE ( 'NONE', #6192, #6056, #5488, .T. ) ;
#5798 = DIRECTION ( 'NONE',  ( 0.000000000000000000, 0.000000000000000000, 1.000000000000000000 ) ) ;
#5799 = DIRECTION ( 'NONE',  ( 0.7071067811865475727, 0.7071067811865475727, 0.000000000000000000 ) ) ;
#5800 = FACE_OUTER_BOUND ( 'NONE', #3655, .T. ) ;
#5801 = EDGE_CURVE ( 'NONE', #2588, #7016, #1784, .T. ) ;
#5802 = CIRCLE ( 'NONE', #4980, 0.4999999999999982236 ) ;
#5803 = AXIS2_PLACEMENT_3D ( 'NONE', #386, #4233, #4083 ) ;
#5804 = ORIENTED_EDGE ( 'NONE', *, *, #2509, .T. ) ;
#5805 = ORIENTED_EDGE ( 'NONE', *, *, #1418, .F. ) ;
#5806 = ORIENTED_EDGE ( 'NONE', *, *, #938, .T. ) ;
#5807 = CARTESIAN_POINT ( 'NONE',  ( -26.20163273297797346, 23.95504001556442475, -21.22900000001820331 ) ) ;
#5808 = ORIENTED_EDGE ( 'NONE', *, *, #6007, .T. ) ;
#5809 = LINE ( 'NONE', #1316, #2141 ) ;
#5810 = DIRECTION ( 'NONE',  ( 0.000000000000000000, 0.000000000000000000, -1.000000000000000000 ) ) ;
#5811 = ORIENTED_EDGE ( 'NONE', *, *, #1721, .T. ) ;
#5812 = VECTOR ( 'NONE', #499, 1000.000000000000000 ) ;
#5813 = ORIENTED_EDGE ( 'NONE', *, *, #6629, .T. ) ;
#5814 = CARTESIAN_POINT ( 'NONE',  ( -51.39837195540963677, 22.06985295534195402, -21.22900000000278098 ) ) ;
#5815 = EDGE_CURVE ( 'NONE', #6091, #6176, #5335, .T. ) ;
#5816 = EDGE_CURVE ( 'NONE', #662, #5362, #3643, .T. ) ;
#5817 = DIRECTION ( 'NONE',  ( 0.000000000000000000, 0.000000000000000000, 1.000000000000000000 ) ) ;
#5818 = LINE ( 'NONE', #4734, #340 ) ;
#5819 = CARTESIAN_POINT ( 'NONE',  ( 35.13077245651290070, 22.80859340615770137, -22.22900000001819976 ) ) ;
#5820 = DIRECTION ( 'NONE',  ( 7.850462293430220640E-17, -0.7071067811854261365, -0.7071067811876690090 ) ) ;
#5821 = LINE ( 'NONE', #850, #1012 ) ;
#5822 = AXIS2_PLACEMENT_3D ( 'NONE', #5164, #4009, #60 ) ;
#5823 = EDGE_CURVE ( 'NONE', #6518, #6956, #2255, .T. ) ;
#5824 = DIRECTION ( 'NONE',  ( -1.391738615630230604E-16, -0.01745240643589300936, -0.9998476951564154724 ) ) ;
#5825 = DIRECTION ( 'NONE',  ( 0.000000000000000000, 0.000000000000000000, 1.000000000000000000 ) ) ;
#5826 = DIRECTION ( 'NONE',  ( -0.7071067811865492381, -0.7071067811865457964, 0.000000000000000000 ) ) ;
#5827 = AXIS2_PLACEMENT_3D ( 'NONE', #1634, #3767, #2252 ) ;
#5828 = CARTESIAN_POINT ( 'NONE',  ( -11.42403967119230046, 28.45140659384229664, -21.22899999999840048 ) ) ;
#5829 = DIRECTION ( 'NONE',  ( 0.000000000000000000, 0.01745240643728280389, -0.9998476951563912696 ) ) ;
#5830 = DIRECTION ( 'NONE',  ( 3.454027187722707813E-16, -0.7071067811854265805, -0.7071067811876685649 ) ) ;
#5831 = ORIENTED_EDGE ( 'NONE', *, *, #201, .F. ) ;
#5832 = ADVANCED_FACE ( 'NONE', ( #4465 ), #6659, .F. ) ;
#5833 = AXIS2_PLACEMENT_3D ( 'NONE', #4919, #4383, #4275 ) ;
#5834 = ORIENTED_EDGE ( 'NONE', *, *, #5244, .T. ) ;
#5835 = CARTESIAN_POINT ( 'NONE',  ( 15.56538622825640061, 24.30859340615769781, -21.22900000001820331 ) ) ;
#5836 = LINE ( 'NONE', #3079, #4853 ) ;
#5837 = CYLINDRICAL_SURFACE ( 'NONE', #3366, 0.4999999999999982236 ) ;
#5838 = VERTEX_POINT ( 'NONE', #6108 ) ;
#5839 = EDGE_LOOP ( 'NONE', ( #4923, #4460, #5916, #4847 ) ) ;
#5840 = ADVANCED_FACE ( 'NONE', ( #2892 ), #6724, .T. ) ;
#5841 = CIRCLE ( 'NONE', #166, 1.000000000000001110 ) ;
#5842 = VECTOR ( 'NONE', #689, 1000.000000000000114 ) ;
#5843 = DIRECTION ( 'NONE',  ( 0.7071067811865492381, 0.7071067811865457964, 0.000000000000000000 ) ) ;
#5844 = ORIENTED_EDGE ( 'NONE', *, *, #6540, .F. ) ;
#5845 = CARTESIAN_POINT ( 'NONE',  ( -45.41346557064109390, 21.94290283719080037, -21.22900000000290177 ) ) ;
#5846 = CYLINDRICAL_SURFACE ( 'NONE', #5996, 3.000000000000003109 ) ;
#5847 = CIRCLE ( 'NONE', #6753, 0.4999999999999982236 ) ;
#5848 = CARTESIAN_POINT ( 'NONE',  ( 6.590000000000000746, 15.25209208482990064, -4.176000000000000156 ) ) ;
#5849 = ORIENTED_EDGE ( 'NONE', *, *, #382, .F. ) ;
#5850 = VECTOR ( 'NONE', #488, 1000.000000000000227 ) ;
#5851 = ORIENTED_EDGE ( 'NONE', *, *, #805, .T. ) ;
#5852 = EDGE_CURVE ( 'NONE', #5308, #983, #3078, .T. ) ;
#5853 = DIRECTION ( 'NONE',  ( -1.000000000000000000, 0.000000000000000000, 1.164635296333200074E-17 ) ) ;
#5854 = CIRCLE ( 'NONE', #1687, 0.4999999999999996114 ) ;
#5855 = CARTESIAN_POINT ( 'NONE',  ( 1.113585633068399972, 16.18439691257179902, -13.27905786869838778 ) ) ;
#5856 = DIRECTION ( 'NONE',  ( -9.819848845325710630E-16, -1.000000000000000000, 0.000000000000000000 ) ) ;
#5857 = EDGE_CURVE ( 'NONE', #3293, #540, #2402, .T. ) ;
#5858 = VECTOR ( 'NONE', #2795, 1000.000000000000000 ) ;
#5859 = LINE ( 'NONE', #3685, #520 ) ;
#5860 = DIRECTION ( 'NONE',  ( 3.462854061944735379E-13, 3.462854061944670251E-13, -1.000000000000000000 ) ) ;
#5861 = ADVANCED_FACE ( 'NONE', ( #3985 ), #6181, .F. ) ;
#5862 = DIRECTION ( 'NONE',  ( 0.7071067811865492381, 0.7071067811865457964, 0.000000000000000000 ) ) ;
#5863 = ORIENTED_EDGE ( 'NONE', *, *, #3647, .F. ) ;
#5864 = ORIENTED_EDGE ( 'NONE', *, *, #2288, .F. ) ;
#5865 = DIRECTION ( 'NONE',  ( 0.000000000000000000, 0.000000000000000000, -1.000000000000000000 ) ) ;
#5866 = EDGE_CURVE ( 'NONE', #1605, #1047, #3431, .T. ) ;
#5867 = DIRECTION ( 'NONE',  ( 0.000000000000000000, 0.000000000000000000, -1.000000000000000000 ) ) ;
#5868 = DIRECTION ( 'NONE',  ( 0.7071067811865475727, -0.7071067811865475727, 0.000000000000000000 ) ) ;
#5869 = ORIENTED_EDGE ( 'NONE', *, *, #2472, .T. ) ;
#5870 = VERTEX_POINT ( 'NONE', #2359 ) ;
#5871 = AXIS2_PLACEMENT_3D ( 'NONE', #5744, #5781, #4155 ) ;
#5872 = VERTEX_POINT ( 'NONE', #4569 ) ;
#5873 = CARTESIAN_POINT ( 'NONE',  ( -37.13077245651289360, 23.80859340615770137, -21.22900000000160148 ) ) ;
#5874 = ORIENTED_EDGE ( 'NONE', *, *, #3781, .T. ) ;
#5875 = CARTESIAN_POINT ( 'NONE',  ( 47.77705161185000549, 16.32943084108359599, -8.598007510556838540 ) ) ;
#5876 = DIRECTION ( 'NONE',  ( -3.462970525474364994E-13, 3.462970525474430123E-13, -1.000000000000000000 ) ) ;
#5877 = ADVANCED_FACE ( 'NONE', ( #5029 ), #4058, .T. ) ;
#5878 = CARTESIAN_POINT ( 'NONE',  ( 1.254289007791671073, 38.08747394049182589, -11.67081093641976430 ) ) ;
#5879 = DIRECTION ( 'NONE',  ( 0.000000000000000000, 0.000000000000000000, -1.000000000000000000 ) ) ;
#5880 = ORIENTED_EDGE ( 'NONE', *, *, #282, .F. ) ;
#5881 = ORIENTED_EDGE ( 'NONE', *, *, #465, .T. ) ;
#5882 = DIRECTION ( 'NONE',  ( 0.000000000000000000, 1.000000000000000000, 6.925824587419099363E-13 ) ) ;
#5883 = CIRCLE ( 'NONE', #5060, 0.4999999999999994449 ) ;
#5884 = DIRECTION ( 'NONE',  ( 0.000000000000000000, 0.000000000000000000, -1.000000000000000000 ) ) ;
#5885 = LINE ( 'NONE', #4260, #2541 ) ;
#5886 = EDGE_CURVE ( 'NONE', #119, #5456, #5611, .T. ) ;
#5887 = ORIENTED_EDGE ( 'NONE', *, *, #4879, .T. ) ;
#5888 =( BOUNDED_CURVE ( )  B_SPLINE_CURVE ( 3, ( #6701, #3520, #3402, #1782 ),
 .UNSPECIFIED., .F., .F. ) 
 B_SPLINE_CURVE_WITH_KNOTS ( ( 4, 4 ),
 ( 3.926990816987251165, 4.712388980384699444 ),
 .UNSPECIFIED. ) 
 CURVE ( )  GEOMETRIC_REPRESENTATION_ITEM ( )  RATIONAL_B_SPLINE_CURVE ( ( 1.000000000000000000, 0.9492530216741911220, 0.9492530216741911220, 1.000000000000000000 ) ) 
 REPRESENTATION_ITEM ( '' )  );
#5889 = VECTOR ( 'NONE', #3636, 1000.000000000000000 ) ;
#5890 = CARTESIAN_POINT ( 'NONE',  ( -17.06538622825639706, 27.95140659384230020, -21.22900000001820331 ) ) ;
#5891 = ADVANCED_FACE ( 'NONE', ( #5575 ), #1737, .F. ) ;
#5892 = DIRECTION ( 'NONE',  ( 0.7071067811865475727, 0.7071067811865475727, 0.000000000000000000 ) ) ;
#5893 = CARTESIAN_POINT ( 'NONE',  ( -10.78269311412819853, 27.95140659384230020, -22.22900000001819976 ) ) ;
#5894 = CARTESIAN_POINT ( 'NONE',  ( 4.250000000000000000, 38.60928165534789969, -11.28356573570460064 ) ) ;
#5895 = ORIENTED_EDGE ( 'NONE', *, *, #5091, .T. ) ;
#5896 = VERTEX_POINT ( 'NONE', #1383 ) ;
#5897 = DIRECTION ( 'NONE',  ( 0.000000000000000000, 0.000000000000000000, 1.000000000000000000 ) ) ;
#5898 = DIRECTION ( 'NONE',  ( 3.462854061944735379E-13, 3.462854061944750020E-13, -1.000000000000000000 ) ) ;
#5899 = CARTESIAN_POINT ( 'NONE',  ( 16.81538622825639706, 22.30859340615769781, -21.22900000001820331 ) ) ;
#5900 = LINE ( 'NONE', #1423, #3611 ) ;
#5901 = ORIENTED_EDGE ( 'NONE', *, *, #1811, .F. ) ;
#5902 = EDGE_LOOP ( 'NONE', ( #2790, #6459, #4220 ) ) ;
#5903 = ORIENTED_EDGE ( 'NONE', *, *, #1690, .F. ) ;
#5904 = EDGE_CURVE ( 'NONE', #443, #3922, #2962, .T. ) ;
#5905 = FACE_OUTER_BOUND ( 'NONE', #5431, .T. ) ;
#5906 = CARTESIAN_POINT ( 'NONE',  ( -36.63077245651289360, 29.20140659384229664, -21.22900000001820331 ) ) ;
#5907 = DIRECTION ( 'NONE',  ( 0.7071067811865489050, -0.7069990853988225021, -0.01234071493982709725 ) ) ;
#5908 = AXIS2_PLACEMENT_3D ( 'NONE', #778, #2452, #4861 ) ;
#5909 = CARTESIAN_POINT ( 'NONE',  ( -1.000000000000000000, 29.95140659384229664, -21.22899999999730269 ) ) ;
#5910 = CARTESIAN_POINT ( 'NONE',  ( 26.84807934238460092, 24.30859340615769781, -21.22900000001820331 ) ) ;
#5911 = ORIENTED_EDGE ( 'NONE', *, *, #7158, .F. ) ;
#5912 = ORIENTED_EDGE ( 'NONE', *, *, #6675, .F. ) ;
#5913 = EDGE_CURVE ( 'NONE', #1562, #4764, #5281, .T. ) ;
#5914 = PLANE ( 'NONE',  #2071 ) ;
#5915 = CIRCLE ( 'NONE', #2798, 10.80206206044549866 ) ;
#5916 = ORIENTED_EDGE ( 'NONE', *, *, #6485, .T. ) ;
#5917 = ORIENTED_EDGE ( 'NONE', *, *, #3374, .T. ) ;
#5918 = EDGE_CURVE ( 'NONE', #6528, #604, #315, .T. ) ;
#5919 = AXIS2_PLACEMENT_3D ( 'NONE', #296, #2579, #1384 ) ;
#5920 = DIRECTION ( 'NONE',  ( 0.7071067811865475727, 0.7071067811865475727, 0.000000000000000000 ) ) ;
#5921 = DIRECTION ( 'NONE',  ( -0.7071067811865492381, -0.7071067811865457964, 0.000000000000000000 ) ) ;
#5922 = LINE ( 'NONE', #3791, #6014 ) ;
#5923 = DIRECTION ( 'NONE',  ( -0.7071067811865492381, -0.7071067811865457964, 0.000000000000000000 ) ) ;
#5924 = VECTOR ( 'NONE', #5993, 1000.000000000000114 ) ;
#5925 =( BOUNDED_CURVE ( )  B_SPLINE_CURVE ( 3, ( #5664, #3347, #2810, #2876 ),
 .UNSPECIFIED., .F., .F. ) 
 B_SPLINE_CURVE_WITH_KNOTS ( ( 4, 4 ),
 ( 3.469446951953624050E-16, 0.7853981633973892151 ),
 .UNSPECIFIED. ) 
 CURVE ( )  GEOMETRIC_REPRESENTATION_ITEM ( )  RATIONAL_B_SPLINE_CURVE ( ( 1.000000000000000000, 0.9492530216741986715, 0.9492530216741986715, 1.000000000000000000 ) ) 
 REPRESENTATION_ITEM ( '' )  );
#5926 = CARTESIAN_POINT ( 'NONE',  ( -8.929139723534957440, 29.80495998443556971, -21.22900000001820331 ) ) ;
#5927 = VERTEX_POINT ( 'NONE', #4687 ) ;
#5928 = EDGE_CURVE ( 'NONE', #6215, #2505, #6584, .T. ) ;
#5929 = VERTEX_POINT ( 'NONE', #3588 ) ;
#5930 = LINE ( 'NONE', #4307, #852 ) ;
#5931 = DIRECTION ( 'NONE',  ( 0.000000000000000000, 1.000000000000000000, 6.925824587419099363E-13 ) ) ;
#5932 = FACE_OUTER_BOUND ( 'NONE', #6207, .T. ) ;
#5933 = DIRECTION ( 'NONE',  ( 0.000000000000000000, 0.000000000000000000, 1.000000000000000000 ) ) ;
#5934 = EDGE_LOOP ( 'NONE', ( #3121, #2943, #3208, #536, #574, #2717, #1451, #730, #6262, #5001, #2229, #6298, #2405, #3399, #3357, #2283 ) ) ;
#5935 = VECTOR ( 'NONE', #402, 1000.000000000000000 ) ;
#5936 = ORIENTED_EDGE ( 'NONE', *, *, #17, .F. ) ;
#5937 = VERTEX_POINT ( 'NONE', #6368 ) ;
#5938 = CARTESIAN_POINT ( 'NONE',  ( -35.13077245651290070, 29.20140659384229664, -22.22900000001819976 ) ) ;
#5939 = PLANE ( 'NONE',  #3882 ) ;
#5940 = DIRECTION ( 'NONE',  ( 0.7071067811865580088, 0.7071067811865372477, 0.000000000000000000 ) ) ;
#5941 = CIRCLE ( 'NONE', #6051, 0.5000000000000006661 ) ;
#5942 = DIRECTION ( 'NONE',  ( 0.000000000000000000, 0.000000000000000000, -1.000000000000000000 ) ) ;
#5943 = EDGE_CURVE ( 'NONE', #341, #6976, #6072, .T. ) ;
#5944 = ORIENTED_EDGE ( 'NONE', *, *, #4694, .T. ) ;
#5945 = ORIENTED_EDGE ( 'NONE', *, *, #271, .T. ) ;
#5946 = DIRECTION ( 'NONE',  ( 0.000000000000000000, 0.000000000000000000, 1.000000000000000000 ) ) ;
#5947 = LINE ( 'NONE', #482, #756 ) ;
#5948 = AXIS2_PLACEMENT_3D ( 'NONE', #2368, #4620, #5104 ) ;
#5949 = CARTESIAN_POINT ( 'NONE',  ( -19.21183283766312755, 23.95504001556442475, -21.22900000000370113 ) ) ;
#5950 = EDGE_CURVE ( 'NONE', #5212, #4167, #4242, .T. ) ;
#5951 = ORIENTED_EDGE ( 'NONE', *, *, #3049, .F. ) ;
#5952 = ORIENTED_EDGE ( 'NONE', *, *, #6451, .T. ) ;
#5953 = AXIS2_PLACEMENT_3D ( 'NONE', #5398, #1708, #3333 ) ;
#5954 = EDGE_CURVE ( 'NONE', #4167, #1003, #2046, .T. ) ;
#5955 = VECTOR ( 'NONE', #7036, 1000.000000000000000 ) ;
#5956 = FACE_OUTER_BOUND ( 'NONE', #2914, .T. ) ;
#5957 = DIRECTION ( 'NONE',  ( 0.000000000000000000, 0.000000000000000000, 1.000000000000000000 ) ) ;
#5958 = DIRECTION ( 'NONE',  ( 0.000000000000000000, 0.000000000000000000, -1.000000000000000000 ) ) ;
#5959 = EDGE_CURVE ( 'NONE', #2619, #2085, #866, .T. ) ;
#5960 = DIRECTION ( 'NONE',  ( 3.462854061944730330E-13, 3.462854061944730330E-13, -1.000000000000000000 ) ) ;
#5961 = CIRCLE ( 'NONE', #6763, 0.5000000000000006661 ) ;
#5962 = CYLINDRICAL_SURFACE ( 'NONE', #2965, 2.999999999999997780 ) ;
#5963 = VERTEX_POINT ( 'NONE', #295 ) ;
#5964 = ORIENTED_EDGE ( 'NONE', *, *, #786, .F. ) ;
#5965 = PLANE ( 'NONE',  #5590 ) ;
#5966 = DIRECTION ( 'NONE',  ( 0.000000000000000000, 0.000000000000000000, -1.000000000000000000 ) ) ;
#5967 = EDGE_CURVE ( 'NONE', #3993, #5518, #4363, .T. ) ;
#5968 = LINE ( 'NONE', #5425, #6674 ) ;
#5969 =( BOUNDED_CURVE ( )  B_SPLINE_CURVE ( 3, ( #4048, #4081, #243, #2881 ),
 .UNSPECIFIED., .F., .F. ) 
 B_SPLINE_CURVE_WITH_KNOTS ( ( 4, 4 ),
 ( 4.937421538393421017, 5.497787143781939889 ),
 .UNSPECIFIED. ) 
 CURVE ( )  GEOMETRIC_REPRESENTATION_ITEM ( )  RATIONAL_B_SPLINE_CURVE ( ( 1.000000000000000000, 0.9740032691308068147, 0.9740032691308068147, 1.000000000000000000 ) ) 
 REPRESENTATION_ITEM ( '' )  );
#5970 = FACE_OUTER_BOUND ( 'NONE', #2473, .T. ) ;
#5971 = ORIENTED_EDGE ( 'NONE', *, *, #3831, .T. ) ;
#5972 = VERTEX_POINT ( 'NONE', #6297 ) ;
#5973 = VECTOR ( 'NONE', #3829, 1000.000000000000000 ) ;
#5974 = ORIENTED_EDGE ( 'NONE', *, *, #5959, .T. ) ;
#5975 = LINE ( 'NONE', #3296, #2127 ) ;
#5976 = FACE_OUTER_BOUND ( 'NONE', #3469, .T. ) ;
#5977 = ADVANCED_FACE ( 'NONE', ( #6919 ), #2578, .T. ) ;
#5978 = DIRECTION ( 'NONE',  ( 0.000000000000000000, 0.000000000000000000, 1.000000000000000000 ) ) ;
#5979 = DIRECTION ( 'NONE',  ( 0.000000000000000000, 0.000000000000000000, 1.000000000000000000 ) ) ;
#5980 = DIRECTION ( 'NONE',  ( 3.462970525474364994E-13, -3.462970525474430123E-13, 1.000000000000000000 ) ) ;
#5981 = ORIENTED_EDGE ( 'NONE', *, *, #3217, .F. ) ;
#5982 = ORIENTED_EDGE ( 'NONE', *, *, #4538, .F. ) ;
#5983 = EDGE_CURVE ( 'NONE', #530, #872, #1114, .T. ) ;
#5984 = LINE ( 'NONE', #1133, #3289 ) ;
#5985 = FACE_OUTER_BOUND ( 'NONE', #231, .T. ) ;
#5986 = DIRECTION ( 'NONE',  ( 0.000000000000000000, 0.000000000000000000, -1.000000000000000000 ) ) ;
#5987 = ORIENTED_EDGE ( 'NONE', *, *, #2235, .T. ) ;
#5988 = ORIENTED_EDGE ( 'NONE', *, *, #2730, .F. ) ;
#5989 = EDGE_CURVE ( 'NONE', #4857, #3534, #2435, .T. ) ;
#5990 = PLANE ( 'NONE',  #5486 ) ;
#5991 = VECTOR ( 'NONE', #5038, 1000.000000000000000 ) ;
#5992 = CARTESIAN_POINT ( 'NONE',  ( 1.521597585085249893, 15.32958314592720050, -8.615459916994128164 ) ) ;
#5993 = DIRECTION ( 'NONE',  ( 0.08682659386424740333, 0.08682659386424759762, -0.9924325091389669673 ) ) ;
#5994 = CARTESIAN_POINT ( 'NONE',  ( 34.38077245651290070, 22.30859340615769781, -21.22900000001820331 ) ) ;
#5995 = ORIENTED_EDGE ( 'NONE', *, *, #3004, .T. ) ;
#5996 = AXIS2_PLACEMENT_3D ( 'NONE', #3090, #2554, #2648 ) ;
#5997 = EDGE_CURVE ( 'NONE', #2036, #6337, #2061, .T. ) ;
#5998 = CARTESIAN_POINT ( 'NONE',  ( -26.20163273297797346, 23.95504001556442475, -21.22900000000370113 ) ) ;
#5999 = VERTEX_POINT ( 'NONE', #6843 ) ;
#6000 = DIRECTION ( 'NONE',  ( 3.700179774270168716E-16, 0.01745240643589389407, 0.9998476951564155835 ) ) ;
#6001 = LINE ( 'NONE', #3252, #2088 ) ;
#6002 = VECTOR ( 'NONE', #5966, 1000.000000000000000 ) ;
#6003 = CARTESIAN_POINT ( 'NONE',  ( -17.06538622825639706, 28.45140659384229664, -21.22899999999840048 ) ) ;
#6004 = ORIENTED_EDGE ( 'NONE', *, *, #4771, .T. ) ;
#6005 = ORIENTED_EDGE ( 'NONE', *, *, #7044, .F. ) ;
#6006 = ORIENTED_EDGE ( 'NONE', *, *, #707, .F. ) ;
#6007 = EDGE_CURVE ( 'NONE', #5176, #4838, #3626, .T. ) ;
#6008 = EDGE_CURVE ( 'NONE', #6969, #6759, #4786, .T. ) ;
#6009 = CARTESIAN_POINT ( 'NONE',  ( 9.282693114128210965, 24.30859340615769781, -22.22900000001819976 ) ) ;
#6010 = DIRECTION ( 'NONE',  ( 0.000000000000000000, 0.000000000000000000, -1.000000000000000000 ) ) ;
#6011 = CARTESIAN_POINT ( 'NONE',  ( -45.55991218004781729, 25.23355339059326852, -21.22900000000370113 ) ) ;
#6012 = LINE ( 'NONE', #578, #7060 ) ;
#6013 = DIRECTION ( 'NONE',  ( -0.7071067811865580088, -0.7071067811865372477, 0.000000000000000000 ) ) ;
#6014 = VECTOR ( 'NONE', #4945, 1000.000000000000000 ) ;
#6015 = EDGE_LOOP ( 'NONE', ( #3007, #2956, #2009, #1775, #4991 ) ) ;
#6016 = VERTEX_POINT ( 'NONE', #1345 ) ;
#6017 = EDGE_CURVE ( 'NONE', #2581, #3034, #187, .T. ) ;
#6018 = DIRECTION ( 'NONE',  ( 0.7071067811865492381, 0.7071067811865457964, 0.000000000000000000 ) ) ;
#6019 = CARTESIAN_POINT ( 'NONE',  ( -49.27705161185000549, 35.18242489610819490, -17.47936283565239890 ) ) ;
#6020 = CARTESIAN_POINT ( 'NONE',  ( -45.91346557064109390, 25.37999999999999901, -21.22900000001820331 ) ) ;
#6021 = CYLINDRICAL_SURFACE ( 'NONE', #319, 0.9999999999999975575 ) ;
#6022 = VERTEX_POINT ( 'NONE', #5761 ) ;
#6023 = ORIENTED_EDGE ( 'NONE', *, *, #5777, .F. ) ;
#6024 = EDGE_CURVE ( 'NONE', #5929, #5353, #5968, .T. ) ;
#6025 = CARTESIAN_POINT ( 'NONE',  ( -27.34807934238470040, 22.80859340615770137, -21.22900000001820331 ) ) ;
#6026 = CIRCLE ( 'NONE', #2905, 0.5000000000000006661 ) ;
#6027 = DIRECTION ( 'NONE',  ( -3.462854061944730330E-13, -3.462854061944730330E-13, 1.000000000000000000 ) ) ;
#6028 = DIRECTION ( 'NONE',  ( 0.000000000000000000, 0.000000000000000000, 1.000000000000000000 ) ) ;
#6029 = ADVANCED_FACE ( 'NONE', ( #3836 ), #6037, .F. ) ;
#6030 = VERTEX_POINT ( 'NONE', #395 ) ;
#6031 = AXIS2_PLACEMENT_3D ( 'NONE', #6506, #1043, #1629 ) ;
#6032 = DIRECTION ( 'NONE',  ( -0.7071067811865475727, 0.7071067811865475727, 0.000000000000000000 ) ) ;
#6033 = ORIENTED_EDGE ( 'NONE', *, *, #305, .F. ) ;
#6034 = DIRECTION ( 'NONE',  ( -1.000000000000000000, 1.376885414906370062E-16, 1.164635296342740053E-17 ) ) ;
#6035 = DIRECTION ( 'NONE',  ( 0.7071067811865475727, -0.7071067811865475727, 0.000000000000000000 ) ) ;
#6036 = AXIS2_PLACEMENT_3D ( 'NONE', #1298, #6287, #5639 ) ;
#6037 = PLANE ( 'NONE',  #6092 ) ;
#6038 = LINE ( 'NONE', #5568, #6961 ) ;
#6039 = EDGE_CURVE ( 'NONE', #6106, #5963, #1009, .T. ) ;
#6040 = ORIENTED_EDGE ( 'NONE', *, *, #164, .T. ) ;
#6041 = ORIENTED_EDGE ( 'NONE', *, *, #2288, .T. ) ;
#6042 = EDGE_CURVE ( 'NONE', #222, #68, #3286, .T. ) ;
#6043 = CIRCLE ( 'NONE', #144, 0.5000000000000006661 ) ;
#6044 = DIRECTION ( 'NONE',  ( 0.7071067811865494601, 0.5000000000007913670, -0.4999999999992058020 ) ) ;
#6045 = DIRECTION ( 'NONE',  ( 0.7071067811865475727, -0.7071067811865475727, 0.000000000000000000 ) ) ;
#6046 = DIRECTION ( 'NONE',  ( -0.06174578541846162394, -0.7057575568068323868, -0.7057575568090702633 ) ) ;
#6047 = DIRECTION ( 'NONE',  ( 1.000000000000000000, 0.000000000000000000, 0.000000000000000000 ) ) ;
#6048 = ADVANCED_FACE ( 'NONE', ( #2639 ), #5505, .T. ) ;
#6049 = ORIENTED_EDGE ( 'NONE', *, *, #5698, .T. ) ;
#6050 = ORIENTED_EDGE ( 'NONE', *, *, #3568, .F. ) ;
#6051 = AXIS2_PLACEMENT_3D ( 'NONE', #1517, #7042, #2749 ) ;
#6052 = CARTESIAN_POINT ( 'NONE',  ( 16.56538622825639706, 29.95140659384229664, -22.22900000001819976 ) ) ;
#6053 = PLANE ( 'NONE',  #92 ) ;
#6054 = FACE_OUTER_BOUND ( 'NONE', #6774, .T. ) ;
#6055 = EDGE_CURVE ( 'NONE', #2513, #247, #7159, .T. ) ;
#6056 = VERTEX_POINT ( 'NONE', #3694 ) ;
#6057 = VECTOR ( 'NONE', #3900, 1000.000000000000000 ) ;
#6058 = VERTEX_POINT ( 'NONE', #7045 ) ;
#6059 = VECTOR ( 'NONE', #1567, 1000.000000000000000 ) ;
#6060 = CARTESIAN_POINT ( 'NONE',  ( 15.91893961884967368, 23.95504001556442475, -21.22900000001820331 ) ) ;
#6061 = AXIS2_PLACEMENT_3D ( 'NONE', #5262, #767, #6957 ) ;
#6062 = CARTESIAN_POINT ( 'NONE',  ( -49.18582856059130393, 26.37999999999999901, -21.22900000000000276 ) ) ;
#6063 = ADVANCED_FACE ( 'NONE', ( #3723 ), #4310, .T. ) ;
#6064 = DIRECTION ( 'NONE',  ( -7.850462293419309707E-17, -0.7071067811864090169, 0.7071067811866860175 ) ) ;
#6066 = DIRECTION ( 'NONE',  ( 0.000000000000000000, 0.01745240643728400431, -0.9998476951563912696 ) ) ;
#6065 = AXIS2_PLACEMENT_3D ( 'NONE', #1499, #5879, #2483 ) ;
#6068 = CIRCLE ( 'NONE', #5608, 0.4999999999999994449 ) ;
#6067 = DIRECTION ( 'NONE',  ( 0.000000000000000000, -1.000000000000000000, 0.000000000000000000 ) ) ;
#6069 = ORIENTED_EDGE ( 'NONE', *, *, #6501, .T. ) ;
#6070 = DIRECTION ( 'NONE',  ( 0.000000000000000000, 0.000000000000000000, 1.000000000000000000 ) ) ;
#6071 = EDGE_CURVE ( 'NONE', #6165, #766, #4419, .T. ) ;
#6072 =( BOUNDED_CURVE ( )  B_SPLINE_CURVE ( 3, ( #795, #4241, #1962, #3081 ),
 .UNSPECIFIED., .F., .F. ) 
 B_SPLINE_CURVE_WITH_KNOTS ( ( 4, 4 ),
 ( 4.712388980384702108, 5.497787143781859953 ),
 .UNSPECIFIED. ) 
 CURVE ( )  GEOMETRIC_REPRESENTATION_ITEM ( )  RATIONAL_B_SPLINE_CURVE ( ( 1.000000000000000000, 0.9492530216742283145, 0.9492530216742283145, 1.000000000000000000 ) ) 
 REPRESENTATION_ITEM ( '' )  );
#6073 = DIRECTION ( 'NONE',  ( 0.000000000000000000, 0.000000000000000000, -1.000000000000000000 ) ) ;
#6074 = EDGE_LOOP ( 'NONE', ( #2171, #2407, #6443, #4616, #7058 ) ) ;
#6075 = ORIENTED_EDGE ( 'NONE', *, *, #5886, .T. ) ;
#6076 = VERTEX_POINT ( 'NONE', #3800 ) ;
#6077 = DIRECTION ( 'NONE',  ( 0.000000000000000000, -1.000000000000000000, 0.000000000000000000 ) ) ;
#6078 = ADVANCED_FACE ( 'NONE', ( #5350 ), #4886, .T. ) ;
#6079 = CARTESIAN_POINT ( 'NONE',  ( 25.84807934238460092, 29.45140659384229664, -22.22900000001819976 ) ) ;
#6080 = LINE ( 'NONE', #5473, #2333 ) ;
#6081 = VECTOR ( 'NONE', #6465, 1000.000000000000000 ) ;
#6082 = ORIENTED_EDGE ( 'NONE', *, *, #3861, .T. ) ;
#6083 = ORIENTED_EDGE ( 'NONE', *, *, #2220, .T. ) ;
#6084 = ADVANCED_FACE ( 'NONE', ( #5932 ), #2920, .F. ) ;
#6085 = ORIENTED_EDGE ( 'NONE', *, *, #5544, .T. ) ;
#6086 = DIRECTION ( 'NONE',  ( 0.000000000000000000, 0.000000000000000000, -1.000000000000000000 ) ) ;
#6087 = DIRECTION ( 'NONE',  ( -0.7071067811865580088, -0.7071067811865372477, 0.000000000000000000 ) ) ;
#6088 = DIRECTION ( 'NONE',  ( 1.355034421630756874E-16, 0.9998477137792137759, -0.01745133950387045205 ) ) ;
#6089 = VECTOR ( 'NONE', #1796, 1000.000000000000000 ) ;
#6090 = VERTEX_POINT ( 'NONE', #3354 ) ;
#6091 = VERTEX_POINT ( 'NONE', #2281 ) ;
#6092 = AXIS2_PLACEMENT_3D ( 'NONE', #4349, #1079, #4818 ) ;
#6093 = EDGE_CURVE ( 'NONE', #4202, #3878, #2276, .T. ) ;
#6094 = CARTESIAN_POINT ( 'NONE',  ( 6.590000000000000746, 35.53909999997630109, -4.175999999986919953 ) ) ;
#6095 = CARTESIAN_POINT ( 'NONE',  ( 4.250000000000000000, 38.93011248278559577, -8.650351070920699215 ) ) ;
#6096 = CARTESIAN_POINT ( 'NONE',  ( -15.81538622825640061, 22.30859340615769781, -21.22900000000259979 ) ) ;
#6097 = ORIENTED_EDGE ( 'NONE', *, *, #2916, .F. ) ;
#6098 = EDGE_CURVE ( 'NONE', #6183, #4262, #1698, .T. ) ;
#6099 = VECTOR ( 'NONE', #6632, 1000.000000000000000 ) ;
#6100 = DIRECTION ( 'NONE',  ( 3.462854061944730330E-13, 3.462854061944730330E-13, -1.000000000000000000 ) ) ;
#6101 = DIRECTION ( 'NONE',  ( 1.000000000000000000, 0.000000000000000000, -7.899817611957551517E-15 ) ) ;
#6102 = CARTESIAN_POINT ( 'NONE',  ( -9.532693114128230505, 28.45140659384229664, -22.22900000001819976 ) ) ;
#6103 = ORIENTED_EDGE ( 'NONE', *, *, #251, .F. ) ;
#6104 = AXIS2_PLACEMENT_3D ( 'NONE', #3995, #3957, #1243 ) ;
#6105 = ORIENTED_EDGE ( 'NONE', *, *, #5904, .T. ) ;
#6106 = VERTEX_POINT ( 'NONE', #602 ) ;
#6107 = AXIS2_PLACEMENT_3D ( 'NONE', #1603, #3808, #4929 ) ;
#6108 = CARTESIAN_POINT ( 'NONE',  ( 47.77705161185000549, 15.17919973368969977, -5.330313327300450163E-16 ) ) ;
#6109 = FACE_OUTER_BOUND ( 'NONE', #5051, .T. ) ;
#6110 = CARTESIAN_POINT ( 'NONE',  ( -50.27705161184999838, 36.08064793823670158, -1.561251128379126385E-14 ) ) ;
#6111 = EDGE_LOOP ( 'NONE', ( #2765, #6050, #5657, #4624 ) ) ;
#6112 = ORIENTED_EDGE ( 'NONE', *, *, #4353, .F. ) ;
#6113 = EDGE_CURVE ( 'NONE', #6800, #4521, #569, .T. ) ;
#6114 = VECTOR ( 'NONE', #2712, 1000.000000000000000 ) ;
#6115 = ORIENTED_EDGE ( 'NONE', *, *, #2128, .F. ) ;
#6116 = DIRECTION ( 'NONE',  ( -2.581698192458958578E-16, -0.9961946980918666705, 0.08715574274627346796 ) ) ;
#6117 = DIRECTION ( 'NONE',  ( 0.000000000000000000, 0.000000000000000000, 1.000000000000000000 ) ) ;
#6118 = CARTESIAN_POINT ( 'NONE',  ( -10.42913972353492547, 28.30495998443557326, -21.22900000000370113 ) ) ;
#6119 = DIRECTION ( 'NONE',  ( 0.000000000000000000, 0.000000000000000000, 1.000000000000000000 ) ) ;
#6120 = EDGE_LOOP ( 'NONE', ( #5736, #5874, #1339, #3605 ) ) ;
#6121 = ORIENTED_EDGE ( 'NONE', *, *, #6208, .T. ) ;
#6122 = EDGE_CURVE ( 'NONE', #4781, #2678, #6716, .T. ) ;
#6123 = CARTESIAN_POINT ( 'NONE',  ( 9.282693114128210965, 24.30859340615769781, -22.22900000001819976 ) ) ;
#6124 = DIRECTION ( 'NONE',  ( -1.629165434807759960E-16, 1.000000000000000000, 0.000000000000000000 ) ) ;
#6125 = CARTESIAN_POINT ( 'NONE',  ( 33.63077245651290070, 25.01430943103299853, -21.22900000000080212 ) ) ;
#6126 = AXIS2_PLACEMENT_3D ( 'NONE', #1838, #3971, #2817 ) ;
#6127 = DIRECTION ( 'NONE',  ( 0.7071067811865492381, 0.7071067811865457964, 0.000000000000000000 ) ) ;
#6128 = CYLINDRICAL_SURFACE ( 'NONE', #7073, 0.4999999999999982236 ) ;
#6129 = ADVANCED_FACE ( 'NONE', ( #638 ), #2851, .T. ) ;
#6130 = ORIENTED_EDGE ( 'NONE', *, *, #524, .F. ) ;
#6131 = AXIS2_PLACEMENT_3D ( 'NONE', #1604, #3887, #3810 ) ;
#6132 = DIRECTION ( 'NONE',  ( 0.000000000000000000, 0.000000000000000000, 1.000000000000000000 ) ) ;
#6133 = CARTESIAN_POINT ( 'NONE',  ( 34.63077245651290070, 22.30859340615769781, -22.22900000001819976 ) ) ;
#6134 = DIRECTION ( 'NONE',  ( -1.000000000000000000, 1.418895223102129704E-16, 1.164635296342740053E-17 ) ) ;
#6135 = DIRECTION ( 'NONE',  ( 0.7071067811865495711, -0.7071067811865455743, 0.000000000000000000 ) ) ;
#6136 = EDGE_CURVE ( 'NONE', #986, #3978, #30, .T. ) ;
#6137 = ORIENTED_EDGE ( 'NONE', *, *, #4626, .T. ) ;
#6138 = ORIENTED_EDGE ( 'NONE', *, *, #322, .T. ) ;
#6139 = CIRCLE ( 'NONE', #1304, 0.4999999999999982236 ) ;
#6140 = DIRECTION ( 'NONE',  ( 1.391738615630230604E-16, 0.01745240643589300936, 0.9998476951564154724 ) ) ;
#6141 = CARTESIAN_POINT ( 'NONE',  ( -8.282693114128230505, 24.30859340615769781, -21.22900000001820331 ) ) ;
#6142 = ADVANCED_FACE ( 'NONE', ( #5638 ), #2391, .T. ) ;
#6143 = ORIENTED_EDGE ( 'NONE', *, *, #1774, .T. ) ;
#6144 = VECTOR ( 'NONE', #2742, 1000.000000000000114 ) ;
#6145 = ORIENTED_EDGE ( 'NONE', *, *, #6766, .T. ) ;
#6146 =( BOUNDED_CURVE ( )  B_SPLINE_CURVE ( 3, ( #4032, #4579, #6232, #657 ),
 .UNSPECIFIED., .F., .F. ) 
 B_SPLINE_CURVE_WITH_KNOTS ( ( 4, 4 ),
 ( 1.850371707708595549E-16, 0.7853981633974463916 ),
 .UNSPECIFIED. ) 
 CURVE ( )  GEOMETRIC_REPRESENTATION_ITEM ( )  RATIONAL_B_SPLINE_CURVE ( ( 1.000000000000000000, 0.9492530216741914550, 0.9492530216741914550, 1.000000000000000000 ) ) 
 REPRESENTATION_ITEM ( '' )  );
#6147 = CARTESIAN_POINT ( 'NONE',  ( 1.271645095728903829, 14.61373718055885362, -11.47242994354251344 ) ) ;
#6148 = ORIENTED_EDGE ( 'NONE', *, *, #1154, .F. ) ;
#6149 = CARTESIAN_POINT ( 'NONE',  ( 7.429139723534935236, 22.45504001556442830, -21.22900000000370113 ) ) ;
#6150 = VECTOR ( 'NONE', #5512, 1000.000000000000000 ) ;
#6151 = PRODUCT_RELATED_PRODUCT_CATEGORY ( 'part', '', ( #320 ) ) ;
#6152 = ADVANCED_FACE ( 'NONE', ( #1764 ), #3875, .F. ) ;
#6153 = CARTESIAN_POINT ( 'NONE',  ( 8.929139723534936124, 23.95504001556442475, -21.22900000000370113 ) ) ;
#6154 = ORIENTED_EDGE ( 'NONE', *, *, #2535, .F. ) ;
#6155 = ORIENTED_EDGE ( 'NONE', *, *, #3327, .T. ) ;
#6156 = VECTOR ( 'NONE', #462, 1000.000000000000000 ) ;
#6157 = ORIENTED_EDGE ( 'NONE', *, *, #6113, .T. ) ;
#6158 = DIRECTION ( 'NONE',  ( -1.000000000000000000, 0.000000000000000000, -7.876524906659061602E-15 ) ) ;
#6159 = CARTESIAN_POINT ( 'NONE',  ( -49.79411559524741904, 36.97793417825280216, 6.959316699217363037E-18 ) ) ;
#6160 = ADVANCED_FACE ( 'NONE', ( #132 ), #2246, .T. ) ;
#6161 = CARTESIAN_POINT ( 'NONE',  ( 0.4999999999999900080, 28.45140659384229664, -22.22900000001819976 ) ) ;
#6162 = LINE ( 'NONE', #6788, #6364 ) ;
#6163 = AXIS2_PLACEMENT_3D ( 'NONE', #2566, #3683, #5376 ) ;
#6164 = DIRECTION ( 'NONE',  ( 1.480297366166873826E-16, 0.7071067811864090169, -0.7071067811866860175 ) ) ;
#6165 = VERTEX_POINT ( 'NONE', #4560 ) ;
#6166 = VECTOR ( 'NONE', #4251, 1000.000000000000000 ) ;
#6167 = CIRCLE ( 'NONE', #6296, 0.4999999999999982236 ) ;
#6168 = LINE ( 'NONE', #3536, #1773 ) ;
#6169 = EDGE_CURVE ( 'NONE', #3737, #1500, #3463, .T. ) ;
#6170 = CARTESIAN_POINT ( 'NONE',  ( 47.77705161185000549, 39.08110492236869504, 1.799243828347759985E-11 ) ) ;
#6171 = AXIS2_PLACEMENT_3D ( 'NONE', #3848, #4467, #7134 ) ;
#6172 = DIRECTION ( 'NONE',  ( 0.000000000000000000, 1.000000000000000000, 0.000000000000000000 ) ) ;
#6173 = DIRECTION ( 'NONE',  ( 0.000000000000000000, -0.7071067811864110153, 0.7071067811866840191 ) ) ;
#6174 = VECTOR ( 'NONE', #1985, 1000.000000000000000 ) ;
#6175 = ORIENTED_EDGE ( 'NONE', *, *, #3738, .F. ) ;
#6176 = VERTEX_POINT ( 'NONE', #2090 ) ;
#6177 = ORIENTED_EDGE ( 'NONE', *, *, #6857, .F. ) ;
#6178 = AXIS2_PLACEMENT_3D ( 'NONE', #2052, #6456, #1980 ) ;
#6179 = EDGE_CURVE ( 'NONE', #5552, #1477, #433, .T. ) ;
#6180 = CARTESIAN_POINT ( 'NONE',  ( 42.41346557064109390, 27.95140659384230020, -21.22900000001820331 ) ) ;
#6181 = CYLINDRICAL_SURFACE ( 'NONE', #6770, 0.5000000000000006661 ) ;
#6182 = CARTESIAN_POINT ( 'NONE',  ( 24.99452595179132786, 22.45504001556442830, -21.22900000001820331 ) ) ;
#6183 = VERTEX_POINT ( 'NONE', #3031 ) ;
#6184 = AXIS2_PLACEMENT_3D ( 'NONE', #1682, #5004, #6600 ) ;
#6185 = ORIENTED_EDGE ( 'NONE', *, *, #1673, .F. ) ;
#6186 = CARTESIAN_POINT ( 'NONE',  ( 1.255841627475150712, 14.42975113234313511, -11.65306441224794121 ) ) ;
#6187 = EDGE_CURVE ( 'NONE', #1003, #4441, #6286, .T. ) ;
#6188 = ORIENTED_EDGE ( 'NONE', *, *, #4825, .F. ) ;
#6189 = CARTESIAN_POINT ( 'NONE',  ( 34.63077245651290070, 22.30859340615769781, -21.22900000001820331 ) ) ;
#6190 = DIRECTION ( 'NONE',  ( 0.7071067811865495711, -0.7071067811865455743, 0.000000000000000000 ) ) ;
#6191 = CARTESIAN_POINT ( 'NONE',  ( -19.56538622825640061, 24.30859340615769781, -22.22900000001819976 ) ) ;
#6192 = VERTEX_POINT ( 'NONE', #4296 ) ;
#6193 = VECTOR ( 'NONE', #2982, 1000.000000000000000 ) ;
#6194 =( BOUNDED_CURVE ( )  B_SPLINE_CURVE ( 3, ( #6170, #4523, #2459, #3970 ),
 .UNSPECIFIED., .F., .F. ) 
 B_SPLINE_CURVE_WITH_KNOTS ( ( 4, 4 ),
 ( 7.577272143066685310E-13, 0.7853981633982026755 ),
 .UNSPECIFIED. ) 
 CURVE ( )  GEOMETRIC_REPRESENTATION_ITEM ( )  RATIONAL_B_SPLINE_CURVE ( ( 1.000000000000000000, 0.9492530216741915661, 0.9492530216741915661, 1.000000000000000000 ) ) 
 REPRESENTATION_ITEM ( '' )  );
#6195 = EDGE_LOOP ( 'NONE', ( #4813, #973, #4019, #3335 ) ) ;
#6196 = CARTESIAN_POINT ( 'NONE',  ( 47.77705161185000549, 15.32958314592720050, -8.615459916994128164 ) ) ;
#6197 = PRODUCT_DEFINITION_FORMATION_WITH_SPECIFIED_SOURCE ( 'ANY', '', #320, .NOT_KNOWN. ) ;
#6198 = ADVANCED_FACE ( 'NONE', ( #3616 ), #4836, .T. ) ;
#6199 = AXIS2_PLACEMENT_3D ( 'NONE', #5620, #4107, #659 ) ;
#6200 = ORIENTED_EDGE ( 'NONE', *, *, #4011, .T. ) ;
#6201 = DIRECTION ( 'NONE',  ( 0.7071067811865475727, -0.7071067811865475727, 0.000000000000000000 ) ) ;
#6202 = CARTESIAN_POINT ( 'NONE',  ( 17.56538622825639706, 29.20140659384229664, -21.22900000001820331 ) ) ;
#6203 = CARTESIAN_POINT ( 'NONE',  ( 48.77705161185000549, 20.65459986684410154, -9.614499999996560575 ) ) ;
#6204 = DIRECTION ( 'NONE',  ( 0.000000000000000000, -0.7071067811864110153, 0.7071067811866840191 ) ) ;
#6205 = DIRECTION ( 'NONE',  ( 0.000000000000000000, 0.000000000000000000, 1.000000000000000000 ) ) ;
#6206 = CARTESIAN_POINT ( 'NONE',  ( -18.56538622825640061, 29.45140659384229664, -21.22900000001820331 ) ) ;
#6207 = EDGE_LOOP ( 'NONE', ( #5356, #6703, #790, #5944 ) ) ;
#6208 = EDGE_CURVE ( 'NONE', #6320, #2198, #5757, .T. ) ;
#6209 = DIRECTION ( 'NONE',  ( -0.7071067811865580088, -0.7071067811865372477, 0.000000000000000000 ) ) ;
#6210 = VECTOR ( 'NONE', #6828, 1000.000000000000000 ) ;
#6211 = CARTESIAN_POINT ( 'NONE',  ( 0.9491733333935580275, 34.57827333338519082, -15.15829905318740067 ) ) ;
#6212 = DIRECTION ( 'NONE',  ( 0.7071067811865475727, 0.7071067811865475727, 0.000000000000000000 ) ) ;
#6213 = CARTESIAN_POINT ( 'NONE',  ( 17.06538622825639706, 22.80859340615770137, -22.22900000001819976 ) ) ;
#6214 = VERTEX_POINT ( 'NONE', #5949 ) ;
#6215 = VERTEX_POINT ( 'NONE', #6912 ) ;
#6216 = ADVANCED_FACE ( 'NONE', ( #1915 ), #2461, .T. ) ;
#6217 = CARTESIAN_POINT ( 'NONE',  ( -18.31538622825640061, 22.30859340615769781, -21.22900000001820331 ) ) ;
#6218 = ORIENTED_EDGE ( 'NONE', *, *, #1282, .F. ) ;
#6219 = CARTESIAN_POINT ( 'NONE',  ( 4.250000000000000000, 15.17919973368969977, -2.609992620111790041E-17 ) ) ;
#6220 = LINE ( 'NONE', #5136, #6351 ) ;
#6221 = VECTOR ( 'NONE', #121, 999.9999999999998863 ) ;
#6222 = CARTESIAN_POINT ( 'NONE',  ( 4.250000000000000000, 13.32988751719699927, -8.650351070938489428 ) ) ;
#6223 = PLANE ( 'NONE',  #6886 ) ;
#6224 = ORIENTED_EDGE ( 'NONE', *, *, #5738, .F. ) ;
#6225 = EDGE_LOOP ( 'NONE', ( #5429, #3119, #2889, #469 ) ) ;
#6226 = EDGE_CURVE ( 'NONE', #5963, #5589, #4597, .T. ) ;
#6227 = EDGE_LOOP ( 'NONE', ( #6962, #6224, #1425, #5055 ) ) ;
#6228 = VECTOR ( 'NONE', #304, 1000.000000000000000 ) ;
#6229 = DIRECTION ( 'NONE',  ( -0.7071067811865441310, 0.7071067811865510144, 0.000000000000000000 ) ) ;
#6230 = ORIENTED_EDGE ( 'NONE', *, *, #3587, .T. ) ;
#6231 = FACE_OUTER_BOUND ( 'NONE', #1138, .T. ) ;
#6232 = CARTESIAN_POINT ( 'NONE',  ( 49.32824356204230298, 21.26356964914859660, -21.22900000000333520 ) ) ;
#6233 = AXIS2_PLACEMENT_3D ( 'NONE', #793, #5898, #254 ) ;
#6234 = ORIENTED_EDGE ( 'NONE', *, *, #2821, .T. ) ;
#6235 = VERTEX_POINT ( 'NONE', #6359 ) ;
#6236 = EDGE_CURVE ( 'NONE', #347, #3534, #3547, .T. ) ;
#6237 = ORIENTED_EDGE ( 'NONE', *, *, #3072, .F. ) ;
#6238 = PLANE ( 'NONE',  #4451 ) ;
#6239 = PLANE ( 'NONE',  #7147 ) ;
#6240 = DIRECTION ( 'NONE',  ( 0.7071067811865492381, 0.7071067811865457964, 0.000000000000000000 ) ) ;
#6241 = DIRECTION ( 'NONE',  ( 0.000000000000000000, 0.000000000000000000, 1.000000000000000000 ) ) ;
#6242 = CARTESIAN_POINT ( 'NONE',  ( 44.41346557064109390, 26.88000000000000256, -21.22899999999950182 ) ) ;
#6243 = DIRECTION ( 'NONE',  ( -1.000000000000000000, 1.418895223102129704E-16, 1.164635296342740053E-17 ) ) ;
#6244 = AXIS2_PLACEMENT_3D ( 'NONE', #421, #1620, #6463 ) ;
#6245 = ORIENTED_EDGE ( 'NONE', *, *, #2432, .T. ) ;
#6246 = DIRECTION ( 'NONE',  ( 0.000000000000000000, 0.000000000000000000, 1.000000000000000000 ) ) ;
#6247 = DIRECTION ( 'NONE',  ( -1.000000000000000000, 0.000000000000000000, 0.000000000000000000 ) ) ;
#6248 = ADVANCED_FACE ( 'NONE', ( #1297 ), #4711, .F. ) ;
#6249 = DIRECTION ( 'NONE',  ( -0.7071067811865475727, 0.7071067811865475727, 0.000000000000000000 ) ) ;
#6250 = DIRECTION ( 'NONE',  ( 0.000000000000000000, 0.000000000000000000, 1.000000000000000000 ) ) ;
#6251 = ORIENTED_EDGE ( 'NONE', *, *, #3241, .F. ) ;
#6252 = EDGE_LOOP ( 'NONE', ( #248, #4566, #1458, #2218 ) ) ;
#6253 = CARTESIAN_POINT ( 'NONE',  ( 35.63077245651290070, 28.45140659384229664, -21.22899999999840048 ) ) ;
#6254 = VERTEX_POINT ( 'NONE', #4084 ) ;
#6255 = CARTESIAN_POINT ( 'NONE',  ( -44.41346557064109390, 26.37999999999999901, -21.22900000000370113 ) ) ;
#6256 = CARTESIAN_POINT ( 'NONE',  ( 8.636246504721484030, 29.80495998443556971, -22.22900000001819976 ) ) ;
#6257 = AXIS2_PLACEMENT_3D ( 'NONE', #2761, #1159, #5030 ) ;
#6258 = ADVANCED_FACE ( 'NONE', ( #5750 ), #3207, .T. ) ;
#6259 = DIRECTION ( 'NONE',  ( 0.000000000000000000, 0.000000000000000000, 1.000000000000000000 ) ) ;
#6260 = CARTESIAN_POINT ( 'NONE',  ( 0.8960092382632215413, 36.89582029061284629, -15.76596744115285986 ) ) ;
#6261 = VERTEX_POINT ( 'NONE', #2996 ) ;
#6262 = ORIENTED_EDGE ( 'NONE', *, *, #1168, .T. ) ;
#6263 = ORIENTED_EDGE ( 'NONE', *, *, #4195, .T. ) ;
#6264 = AXIS2_PLACEMENT_3D ( 'NONE', #2609, #1964, #4787 ) ;
#6265 = LINE ( 'NONE', #109, #3274 ) ;
#6266 = CARTESIAN_POINT ( 'NONE',  ( -36.13077245651289360, 29.95140659384229664, -22.22900000001819976 ) ) ;
#6267 = EDGE_CURVE ( 'NONE', #252, #6811, #2524, .T. ) ;
#6268 = FACE_OUTER_BOUND ( 'NONE', #3501, .T. ) ;
#6269 = VECTOR ( 'NONE', #676, 1000.000000000000000 ) ;
#6270 = CARTESIAN_POINT ( 'NONE',  ( 47.77705161185000549, 35.99487030189180103, -4.914197495368780366 ) ) ;
#6271 = VERTEX_POINT ( 'NONE', #2659 ) ;
#6272 = VERTEX_POINT ( 'NONE', #3576 ) ;
#6273 = DIRECTION ( 'NONE',  ( -0.7071067811865580088, -0.7071067811865372477, 0.000000000000000000 ) ) ;
#6274 = DIRECTION ( 'NONE',  ( 1.000000000000000000, -1.805602912109500105E-32, 1.110223024624999878E-16 ) ) ;
#6275 = EDGE_CURVE ( 'NONE', #4764, #4110, #6797, .T. ) ;
#6276 = FACE_OUTER_BOUND ( 'NONE', #6015, .T. ) ;
#6277 = CYLINDRICAL_SURFACE ( 'NONE', #583, 0.4999999999999996114 ) ;
#6278 = CARTESIAN_POINT ( 'NONE',  ( 50.77705161184999838, 36.08064793823699290, 1.452208360022840152E-11 ) ) ;
#6279 = CYLINDRICAL_SURFACE ( 'NONE', #5474, 0.4999999999999994449 ) ;
#6280 = CIRCLE ( 'NONE', #5706, 0.4999999999999982236 ) ;
#6281 = EDGE_LOOP ( 'NONE', ( #6728, #5727, #1685, #1228 ) ) ;
#6282 = LINE ( 'NONE', #635, #4900 ) ;
#6283 = AXIS2_PLACEMENT_3D ( 'NONE', #4684, #6978, #3657 ) ;
#6284 = ADVANCED_FACE ( 'NONE', ( #1839 ), #4050, .F. ) ;
#6285 = CARTESIAN_POINT ( 'NONE',  ( 25.59807934238459737, 23.80859340615770137, -22.22900000001819976 ) ) ;
#6286 = LINE ( 'NONE', #5828, #782 ) ;
#6287 = DIRECTION ( 'NONE',  ( 0.000000000000000000, -0.01745240643728380309, 0.9998476951563912696 ) ) ;
#6288 = ORIENTED_EDGE ( 'NONE', *, *, #1497, .T. ) ;
#6289 = AXIS2_PLACEMENT_3D ( 'NONE', #6025, #1141, #5413 ) ;
#6290 = ORIENTED_EDGE ( 'NONE', *, *, #3681, .F. ) ;
#6291 = DIRECTION ( 'NONE',  ( 1.000000000000000000, -1.376885414906370062E-16, -1.164635296342740053E-17 ) ) ;
#6292 = ADVANCED_FACE ( 'NONE', ( #5169 ), #2426, .T. ) ;
#6293 = ORIENTED_EDGE ( 'NONE', *, *, #2636, .F. ) ;
#6294 = CARTESIAN_POINT ( 'NONE',  ( -1.500000000000000000, 29.45140659384229664, -22.22900000001819976 ) ) ;
#6295 = CARTESIAN_POINT ( 'NONE',  ( -36.77721906591962409, 23.95504001556442475, -21.22900000000370113 ) ) ;
#6296 = AXIS2_PLACEMENT_3D ( 'NONE', #1429, #371, #4728 ) ;
#6297 = CARTESIAN_POINT ( 'NONE',  ( -45.91346557064109390, 25.37999999999999901, -22.22900000001819976 ) ) ;
#6298 = ORIENTED_EDGE ( 'NONE', *, *, #3059, .T. ) ;
#6299 = AXIS2_PLACEMENT_3D ( 'NONE', #1851, #1815, #5576 ) ;
#6300 = ORIENTED_EDGE ( 'NONE', *, *, #2673, .T. ) ;
#6301 = VERTEX_POINT ( 'NONE', #820 ) ;
#6302 = AXIS2_PLACEMENT_3D ( 'NONE', #1912, #5785, #5669 ) ;
#6303 = ADVANCED_FACE ( 'NONE', ( #3340 ), #6021, .F. ) ;
#6304 = CARTESIAN_POINT ( 'NONE',  ( 16.06538622825639706, 25.01430943103299853, -21.22900000000080212 ) ) ;
#6305 = ORIENTED_EDGE ( 'NONE', *, *, #3561, .F. ) ;
#6306 = LINE ( 'NONE', #5845, #3179 ) ;
#6307 = DIRECTION ( 'NONE',  ( 0.000000000000000000, 0.000000000000000000, -1.000000000000000000 ) ) ;
#6308 = DIRECTION ( 'NONE',  ( 5.056412698010379758E-16, -1.000000000000000000, 0.000000000000000000 ) ) ;
#6309 = CIRCLE ( 'NONE', #2840, 0.5000000000000006661 ) ;
#6310 = ORIENTED_EDGE ( 'NONE', *, *, #6923, .T. ) ;
#6311 = ORIENTED_EDGE ( 'NONE', *, *, #6226, .T. ) ;
#6312 = EDGE_CURVE ( 'NONE', #2564, #4949, #13, .T. ) ;
#6313 = CARTESIAN_POINT ( 'NONE',  ( -17.71183283766312755, 22.45504001556442830, -21.22900000000370113 ) ) ;
#6314 = CARTESIAN_POINT ( 'NONE',  ( -50.27705161184999838, 17.91689980026690066, 5.551115123125779744E-16 ) ) ;
#6315 = CARTESIAN_POINT ( 'NONE',  ( 6.782693114128210077, 27.95140659384230020, -21.22900000000370113 ) ) ;
#6316 = AXIS2_PLACEMENT_3D ( 'NONE', #4602, #1182, #6755 ) ;
#6317 = DIRECTION ( 'NONE',  ( -3.462970525474364994E-13, 3.462970525474364994E-13, -1.000000000000000000 ) ) ;
#6318 = LINE ( 'NONE', #6904, #6444 ) ;
#6319 = DIRECTION ( 'NONE',  ( -1.000000000000000000, 9.819848845325710630E-16, 0.000000000000000000 ) ) ;
#6320 = VERTEX_POINT ( 'NONE', #7066 ) ;
#6321 = EDGE_CURVE ( 'NONE', #2163, #1941, #4439, .T. ) ;
#6322 = CIRCLE ( 'NONE', #79, 0.4999999999999982236 ) ;
#6323 = DIRECTION ( 'NONE',  ( 0.000000000000000000, 0.9205050619264161238, -0.3907306373550001322 ) ) ;
#6324 = FACE_OUTER_BOUND ( 'NONE', #6610, .T. ) ;
#6325 = DIRECTION ( 'NONE',  ( 0.7071067811865580088, 0.7071067811865372477, 0.000000000000000000 ) ) ;
#6326 = DIRECTION ( 'NONE',  ( 0.7071067811865492381, 0.7071067811865457964, 0.000000000000000000 ) ) ;
#6327 = ORIENTED_EDGE ( 'NONE', *, *, #1497, .F. ) ;
#6328 = EDGE_LOOP ( 'NONE', ( #5459, #3506, #6878, #2332 ) ) ;
#6329 = EDGE_LOOP ( 'NONE', ( #3859, #4973, #597, #1674 ) ) ;
#6330 = ORIENTED_EDGE ( 'NONE', *, *, #868, .T. ) ;
#6331 = FACE_OUTER_BOUND ( 'NONE', #6195, .T. ) ;
#6332 = FACE_OUTER_BOUND ( 'NONE', #367, .T. ) ;
#6333 = DIRECTION ( 'NONE',  ( 0.7071067811865475727, 0.7071067811865475727, 0.000000000000000000 ) ) ;
#6334 = EDGE_CURVE ( 'NONE', #5400, #6653, #2735, .T. ) ;
#6335 = ORIENTED_EDGE ( 'NONE', *, *, #626, .T. ) ;
#6336 = ORIENTED_EDGE ( 'NONE', *, *, #1579, .T. ) ;
#6337 = VERTEX_POINT ( 'NONE', #50 ) ;
#6338 = DIRECTION ( 'NONE',  ( -1.000000000000000000, 0.000000000000000000, 1.164635296333200074E-17 ) ) ;
#6339 = CIRCLE ( 'NONE', #6574, 0.4999999999999982236 ) ;
#6340 = VERTEX_POINT ( 'NONE', #6601 ) ;
#6341 = CYLINDRICAL_SURFACE ( 'NONE', #2025, 0.4999999999999982236 ) ;
#6342 = DIRECTION ( 'NONE',  ( 0.000000000000000000, 0.000000000000000000, -1.000000000000000000 ) ) ;
#6343 = DIRECTION ( 'NONE',  ( 0.000000000000000000, 0.000000000000000000, -1.000000000000000000 ) ) ;
#6344 = CARTESIAN_POINT ( 'NONE',  ( -27.70163273297797346, 22.45504001556442830, -21.22900000001820331 ) ) ;
#6345 = EDGE_CURVE ( 'NONE', #3676, #3367, #2803, .T. ) ;
#6346 = ORIENTED_EDGE ( 'NONE', *, *, #4855, .T. ) ;
#6347 = CIRCLE ( 'NONE', #3229, 0.4999999999999982236 ) ;
#6348 = LINE ( 'NONE', #6859, #4480 ) ;
#6349 = DIRECTION ( 'NONE',  ( -0.7071067811865475727, 0.7071067811865475727, 0.000000000000000000 ) ) ;
#6350 = LINE ( 'NONE', #6862, #4388 ) ;
#6351 = VECTOR ( 'NONE', #6765, 1000.000000000000000 ) ;
#6352 = DIRECTION ( 'NONE',  ( 0.000000000000000000, 0.000000000000000000, 1.000000000000000000 ) ) ;
#6353 = EDGE_CURVE ( 'NONE', #5552, #4053, #1578, .T. ) ;
#6354 = CARTESIAN_POINT ( 'NONE',  ( 43.41346557064109390, 29.45140659384229664, -21.22900000000370113 ) ) ;
#6355 = DIRECTION ( 'NONE',  ( 0.000000000000000000, 0.000000000000000000, -1.000000000000000000 ) ) ;
#6356 = CARTESIAN_POINT ( 'NONE',  ( -44.41346557064109390, 26.88000000000000256, -21.22899999999950182 ) ) ;
#6357 = LINE ( 'NONE', #4709, #1214 ) ;
#6358 = CARTESIAN_POINT ( 'NONE',  ( 47.68582856059130393, 26.37999999999999901, -21.22900000000000276 ) ) ;
#6359 = CARTESIAN_POINT ( 'NONE',  ( 7.550826666606420545, 34.57827333338519082, -15.15829905318740067 ) ) ;
#6360 = EDGE_CURVE ( 'NONE', #1040, #5963, #3895, .T. ) ;
#6361 = CARTESIAN_POINT ( 'NONE',  ( 43.16346557064109390, 28.45140659384229664, -21.22900000001820331 ) ) ;
#6362 = CARTESIAN_POINT ( 'NONE',  ( 16.06538622825639706, 24.30859340615769781, -21.22900000000120002 ) ) ;
#6363 = EDGE_LOOP ( 'NONE', ( #6547, #1582, #1599, #1084 ) ) ;
#6364 = VECTOR ( 'NONE', #1289, 1000.000000000000000 ) ;
#6365 = ORIENTED_EDGE ( 'NONE', *, *, #1922, .T. ) ;
#6366 = DIRECTION ( 'NONE',  ( 0.7071067811865475727, 0.7071067811865475727, 0.000000000000000000 ) ) ;
#6367 = EDGE_CURVE ( 'NONE', #929, #2737, #3665, .T. ) ;
#6368 = CARTESIAN_POINT ( 'NONE',  ( -27.84807934238469684, 27.95140659384230020, -22.22900000001819976 ) ) ;
#6369 = DIRECTION ( 'NONE',  ( 0.000000000000000000, 0.000000000000000000, 1.000000000000000000 ) ) ;
#6370 = VECTOR ( 'NONE', #2273, 1000.000000000000000 ) ;
#6371 = ORIENTED_EDGE ( 'NONE', *, *, #5440, .T. ) ;
#6372 = ORIENTED_EDGE ( 'NONE', *, *, #6017, .T. ) ;
#6373 = EDGE_LOOP ( 'NONE', ( #5716, #1719, #3058, #6251 ) ) ;
#6374 = DIRECTION ( 'NONE',  ( 0.000000000000000000, 0.000000000000000000, 1.000000000000000000 ) ) ;
#6375 = EDGE_LOOP ( 'NONE', ( #4562, #467, #3990, #5015 ) ) ;
#6376 = DIRECTION ( 'NONE',  ( 3.454027187722707320E-16, -0.7071067811854264695, -0.7071067811876685649 ) ) ;
#6377 = DIRECTION ( 'NONE',  ( 0.000000000000000000, 0.000000000000000000, 1.000000000000000000 ) ) ;
#6378 = CARTESIAN_POINT ( 'NONE',  ( -52.27705161184999838, 27.19014704466070143, -21.22899999999919984 ) ) ;
#6379 = DIRECTION ( 'NONE',  ( 0.000000000000000000, 0.000000000000000000, -1.000000000000000000 ) ) ;
#6380 = ORIENTED_EDGE ( 'NONE', *, *, #44, .T. ) ;
#6381 = PRODUCT_DEFINITION_SHAPE ( 'NONE', 'NONE',  #898 ) ;
#6382 = AXIS2_PLACEMENT_3D ( 'NONE', #2140, #2713, #4990 ) ;
#6383 = EDGE_LOOP ( 'NONE', ( #5880, #6634, #1686, #985, #1236, #2334, #5911, #1315 ) ) ;
#6384 = CARTESIAN_POINT ( 'NONE',  ( -52.27705161184999838, 25.06985295533930014, -21.22900000000070264 ) ) ;
#6385 = ADVANCED_FACE ( 'NONE', ( #2770 ), #1612, .F. ) ;
#6386 = DIRECTION ( 'NONE',  ( -0.7071067811865475727, 0.7071067811865475727, 0.000000000000000000 ) ) ;
#6387 = AXIS2_PLACEMENT_3D ( 'NONE', #1483, #1513, #4162 ) ;
#6388 = CARTESIAN_POINT ( 'NONE',  ( 1.311410094419901418, 15.37151813668837619, -11.01791392868513420 ) ) ;
#6389 = PLANE ( 'NONE',  #5585 ) ;
#6390 = AXIS2_PLACEMENT_3D ( 'NONE', #3214, #4339, #6535 ) ;
#6391 = ADVANCED_FACE ( 'NONE', ( #1647 ), #7142, .F. ) ;
#6392 = FACE_OUTER_BOUND ( 'NONE', #1515, .T. ) ;
#6393 = CARTESIAN_POINT ( 'NONE',  ( -27.34807934238470040, 22.80859340615770137, -22.22900000001819976 ) ) ;
#6394 = CARTESIAN_POINT ( 'NONE',  ( -28.34807934238470040, 27.95140659384230020, -22.22900000001819976 ) ) ;
#6395 = CARTESIAN_POINT ( 'NONE',  ( -49.27705161185000549, 26.13000000000735668, -19.22899999999998855 ) ) ;
#6396 = EDGE_LOOP ( 'NONE', ( #4227, #1020, #2573, #6005 ) ) ;
#6397 = VECTOR ( 'NONE', #2967, 1000.000000000000000 ) ;
#6398 = EDGE_CURVE ( 'NONE', #1929, #6579, #2852, .T. ) ;
#6399 = ORIENTED_EDGE ( 'NONE', *, *, #5557, .F. ) ;
#6400 = CYLINDRICAL_SURFACE ( 'NONE', #6283, 0.5000000000000006661 ) ;
#6401 = DIRECTION ( 'NONE',  ( -0.7071067811865475727, -0.7071067811865475727, 0.000000000000000000 ) ) ;
#6402 = CARTESIAN_POINT ( 'NONE',  ( -52.27705161184999838, 26.13000000000100087, -8.426937939554100865 ) ) ;
#6403 = CARTESIAN_POINT ( 'NONE',  ( 6.978402414914719465, 15.32958314592720050, -8.615459916994128164 ) ) ;
#6404 = VECTOR ( 'NONE', #5817, 1000.000000000000000 ) ;
#6405 = ORIENTED_EDGE ( 'NONE', *, *, #7002, .F. ) ;
#6406 = VERTEX_POINT ( 'NONE', #1747 ) ;
#6407 = ORIENTED_EDGE ( 'NONE', *, *, #779, .F. ) ;
#6408 = EDGE_CURVE ( 'NONE', #660, #731, #4066, .T. ) ;
#6409 = AXIS2_PLACEMENT_3D ( 'NONE', #3771, #5978, #7094 ) ;
#6410 = CIRCLE ( 'NONE', #2261, 0.5000000000000006661 ) ;
#6411 = DIRECTION ( 'NONE',  ( 1.854079867441559872E-16, -1.389999226830700028E-12, 1.000000000000000000 ) ) ;
#6412 = ORIENTED_EDGE ( 'NONE', *, *, #4021, .F. ) ;
#6413 = DIRECTION ( 'NONE',  ( 0.000000000000000000, -1.000000000000000000, -6.925824587419099363E-13 ) ) ;
#6414 = FACE_OUTER_BOUND ( 'NONE', #937, .T. ) ;
#6415 = CARTESIAN_POINT ( 'NONE',  ( -51.96850034877697766, 29.38386373846468302, -21.22899999999778231 ) ) ;
#6416 = DIRECTION ( 'NONE',  ( 1.941215214390800826E-16, 0.9381116140882238552, -0.3463330759728089903 ) ) ;
#6417 = ORIENTED_EDGE ( 'NONE', *, *, #1696, .F. ) ;
#6418 = AXIS2_PLACEMENT_3D ( 'NONE', #1034, #1723, #3934 ) ;
#6419 = EDGE_LOOP ( 'NONE', ( #3266, #3690, #1226, #1531 ) ) ;
#6420 = DIRECTION ( 'NONE',  ( 0.000000000000000000, 0.000000000000000000, 1.000000000000000000 ) ) ;
#6421 = LINE ( 'NONE', #3679, #5536 ) ;
#6422 = AXIS2_PLACEMENT_3D ( 'NONE', #2341, #3451, #5663 ) ;
#6423 = CARTESIAN_POINT ( 'NONE',  ( 15.56538622825640061, 24.30859340615769781, -21.22900000001820331 ) ) ;
#6424 = ORIENTED_EDGE ( 'NONE', *, *, #5193, .F. ) ;
#6425 = EDGE_CURVE ( 'NONE', #353, #3840, #6322, .T. ) ;
#6426 = AXIS2_PLACEMENT_3D ( 'NONE', #5215, #2033, #6333 ) ;
#6427 = DIRECTION ( 'NONE',  ( -3.462970525474364994E-13, 3.462970525474364994E-13, -1.000000000000000000 ) ) ;
#6428 = CARTESIAN_POINT ( 'NONE',  ( 47.77705161185000549, 26.12999999998119804, -8.426937939554100865 ) ) ;
#6429 = PLANE ( 'NONE',  #4767 ) ;
#6430 = DIRECTION ( 'NONE',  ( -1.378708277442880197E-16, -0.9998476951563912696, -0.01745240643728400431 ) ) ;
#6431 = EDGE_CURVE ( 'NONE', #4798, #5896, #1590, .T. ) ;
#6432 = AXIS2_PLACEMENT_3D ( 'NONE', #1167, #5587, #622 ) ;
#6433 = DIRECTION ( 'NONE',  ( -1.000000000000000000, 1.418895223102129704E-16, 1.164635296342740053E-17 ) ) ;
#6434 = EDGE_LOOP ( 'NONE', ( #5347, #1758, #7048, #3040 ) ) ;
#6435 = ORIENTED_EDGE ( 'NONE', *, *, #93, .F. ) ;
#6436 = DIRECTION ( 'NONE',  ( 0.000000000000000000, 0.000000000000000000, -1.000000000000000000 ) ) ;
#6437 = VECTOR ( 'NONE', #4644, 1000.000000000000114 ) ;
#6438 = CARTESIAN_POINT ( 'NONE',  ( 4.250000000000000000, 20.82721226822379990, -21.22900000000370113 ) ) ;
#6439 = CARTESIAN_POINT ( 'NONE',  ( -34.63077245651290070, 27.95140659384230020, -21.22900000000370113 ) ) ;
#6440 = CARTESIAN_POINT ( 'NONE',  ( 34.13077245651290070, 29.45140659384229664, -21.22900000001820331 ) ) ;
#6441 = ADVANCED_FACE ( 'NONE', ( #2901 ), #1281, .T. ) ;
#6442 = ORIENTED_EDGE ( 'NONE', *, *, #7100, .F. ) ;
#6443 = ORIENTED_EDGE ( 'NONE', *, *, #771, .F. ) ;
#6444 = VECTOR ( 'NONE', #5195, 1000.000000000000000 ) ;
#6445 = EDGE_LOOP ( 'NONE', ( #6155, #3512, #2783, #4289, #4746, #4255 ) ) ;
#6446 = CARTESIAN_POINT ( 'NONE',  ( 4.250000000000000000, 37.00790791514639722, -4.175999999984879807 ) ) ;
#6447 = DIRECTION ( 'NONE',  ( -1.355034421630757614E-16, -0.9998477137791894620, -0.01745133950526018760 ) ) ;
#6448 = CARTESIAN_POINT ( 'NONE',  ( 18.06538622825640061, 27.95140659384230020, -22.22900000001819976 ) ) ;
#6449 = CARTESIAN_POINT ( 'NONE',  ( 47.77705161185000549, 37.08080026628089598, 1.522244754856640172E-11 ) ) ;
#6450 = DIRECTION ( 'NONE',  ( 0.000000000000000000, -1.000000000000000000, -5.009719074430130680E-15 ) ) ;
#6451 = EDGE_CURVE ( 'NONE', #5927, #1030, #1238, .T. ) ;
#6452 = ORIENTED_EDGE ( 'NONE', *, *, #6236, .F. ) ;
#6453 = ORIENTED_EDGE ( 'NONE', *, *, #5886, .F. ) ;
#6454 = CIRCLE ( 'NONE', #1257, 3.000000000000002665 ) ;
#6455 = FACE_OUTER_BOUND ( 'NONE', #6445, .T. ) ;
#6456 = DIRECTION ( 'NONE',  ( 0.000000000000000000, 0.000000000000000000, 1.000000000000000000 ) ) ;
#6457 = EDGE_CURVE ( 'NONE', #3969, #2154, #5694, .T. ) ;
#6458 = VECTOR ( 'NONE', #7052, 1000.000000000000000 ) ;
#6459 = ORIENTED_EDGE ( 'NONE', *, *, #771, .T. ) ;
#6460 = ORIENTED_EDGE ( 'NONE', *, *, #4172, .F. ) ;
#6461 = DIRECTION ( 'NONE',  ( 0.7071067811865492381, 0.7071067811865457964, 0.000000000000000000 ) ) ;
#6462 = CARTESIAN_POINT ( 'NONE',  ( -9.282693114128230505, 29.45140659384229664, -21.22900000001820331 ) ) ;
#6463 = DIRECTION ( 'NONE',  ( 0.7071067811865475727, 0.7071067811865475727, 0.000000000000000000 ) ) ;
#6464 = DIRECTION ( 'NONE',  ( 0.7071067811865467956, 0.7069990853988423751, -0.01234071493884210564 ) ) ;
#6465 = DIRECTION ( 'NONE',  ( 0.000000000000000000, 0.000000000000000000, 1.000000000000000000 ) ) ;
#6466 = ORIENTED_EDGE ( 'NONE', *, *, #4839, .T. ) ;
#6467 = VERTEX_POINT ( 'NONE', #6153 ) ;
#6468 = LINE ( 'NONE', #1594, #1082 ) ;
#6469 = EDGE_CURVE ( 'NONE', #1491, #2406, #3783, .T. ) ;
#6470 = DIRECTION ( 'NONE',  ( 0.000000000000000000, 1.000000000000000000, 0.000000000000000000 ) ) ;
#6471 = CARTESIAN_POINT ( 'NONE',  ( 1.909999999999970166, 35.53909999997630109, -4.175999999986919953 ) ) ;
#6472 = ORIENTED_EDGE ( 'NONE', *, *, #5472, .T. ) ;
#6473 = ORIENTED_EDGE ( 'NONE', *, *, #3039, .F. ) ;
#6474 = AXIS2_PLACEMENT_3D ( 'NONE', #5079, #2342, #4445 ) ;
#6475 = EDGE_LOOP ( 'NONE', ( #42, #5851, #6492, #4127 ) ) ;
#6476 = CARTESIAN_POINT ( 'NONE',  ( -49.54581271391472086, 15.17919973368961273, 2.085214023241290941E-18 ) ) ;
#6477 = ADVANCED_FACE ( 'NONE', ( #6856 ), #1899, .F. ) ;
#6478 = DIRECTION ( 'NONE',  ( 0.000000000000000000, 1.000000000000000000, 0.000000000000000000 ) ) ;
#6479 = CARTESIAN_POINT ( 'NONE',  ( -19.56538622825640061, 24.30859340615769781, -21.22900000000370113 ) ) ;
#6480 = DIRECTION ( 'NONE',  ( -0.7071067811865475727, 0.7071067811865475727, 0.000000000000000000 ) ) ;
#6481 = CARTESIAN_POINT ( 'NONE',  ( 7.233820448036950346, 13.70825149833163614, -11.53490139464963349 ) ) ;
#6482 = CYLINDRICAL_SURFACE ( 'NONE', #5166, 0.4999999999999982236 ) ;
#6483 = ORIENTED_EDGE ( 'NONE', *, *, #3471, .F. ) ;
#6484 = ORIENTED_EDGE ( 'NONE', *, *, #4505, .T. ) ;
#6485 = EDGE_CURVE ( 'NONE', #5258, #5154, #3314, .T. ) ;
#6486 = VERTEX_POINT ( 'NONE', #2411 ) ;
#6487 = DIRECTION ( 'NONE',  ( -0.7071067811865475727, 0.7071067811865475727, 0.000000000000000000 ) ) ;
#6488 = DIRECTION ( 'NONE',  ( 0.000000000000000000, -1.000000000000000000, -6.925824587419099363E-13 ) ) ;
#6489 = LINE ( 'NONE', #2563, #1461 ) ;
#6490 = VECTOR ( 'NONE', #969, 1000.000000000000000 ) ;
#6491 = DIRECTION ( 'NONE',  ( 0.7071067811865492381, 0.7071067811865457964, 0.000000000000000000 ) ) ;
#6492 = ORIENTED_EDGE ( 'NONE', *, *, #1931, .T. ) ;
#6493 = ORIENTED_EDGE ( 'NONE', *, *, #3798, .F. ) ;
#6494 = AXIS2_PLACEMENT_3D ( 'NONE', #6213, #4603, #4085 ) ;
#6495 = ADVANCED_FACE ( 'NONE', ( #194 ), #6819, .T. ) ;
#6496 = CARTESIAN_POINT ( 'NONE',  ( -52.27705161184998417, 36.08064793823671579, 6.540700938583890734E-16 ) ) ;
#6497 = DIRECTION ( 'NONE',  ( 0.7071067811865492381, 0.7071067811865457964, 0.000000000000000000 ) ) ;
#6498 = CARTESIAN_POINT ( 'NONE',  ( -2.000000000000000000, 24.30859340615769781, -21.22900000000370113 ) ) ;
#6499 = CARTESIAN_POINT ( 'NONE',  ( -43.91346557064109390, 24.30859340615769781, -22.22900000001819976 ) ) ;
#6500 = EDGE_LOOP ( 'NONE', ( #573, #4494, #5023, #4536 ) ) ;
#6501 = EDGE_CURVE ( 'NONE', #872, #4068, #5735, .T. ) ;
#6502 = ORIENTED_EDGE ( 'NONE', *, *, #1132, .F. ) ;
#6503 = DIRECTION ( 'NONE',  ( -1.000000000000000000, 2.795780638008489905E-16, -1.621152808174919919E-16 ) ) ;
#6504 = CARTESIAN_POINT ( 'NONE',  ( 48.77705161185000549, 16.17935206173349627, 5.762286157445590701E-13 ) ) ;
#6505 = DIRECTION ( 'NONE',  ( 0.000000000000000000, 0.000000000000000000, -1.000000000000000000 ) ) ;
#6506 = CARTESIAN_POINT ( 'NONE',  ( -35.13077245651290070, 29.20140659384229664, -21.22900000001820331 ) ) ;
#6507 = ORIENTED_EDGE ( 'NONE', *, *, #6950, .F. ) ;
#6508 = VECTOR ( 'NONE', #645, 1000.000000000000000 ) ;
#6509 = VERTEX_POINT ( 'NONE', #1938 ) ;
#6510 = ADVANCED_FACE ( 'NONE', ( #407 ), #307, .F. ) ;
#6511 = ORIENTED_EDGE ( 'NONE', *, *, #4969, .F. ) ;
#6512 = CARTESIAN_POINT ( 'NONE',  ( 47.18582856059130393, 26.88000000000000256, -21.22899999999950182 ) ) ;
#6513 = DIRECTION ( 'NONE',  ( -0.7071067811865475727, -0.7071067811865475727, 0.000000000000000000 ) ) ;
#6514 = FACE_OUTER_BOUND ( 'NONE', #5754, .T. ) ;
#6515 = LINE ( 'NONE', #3772, #930 ) ;
#6516 = CARTESIAN_POINT ( 'NONE',  ( -43.76701896123437763, 23.95504001556442830, -22.22900000001819976 ) ) ;
#6517 = ORIENTED_EDGE ( 'NONE', *, *, #7010, .F. ) ;
#6518 = VERTEX_POINT ( 'NONE', #4182 ) ;
#6519 = EDGE_CURVE ( 'NONE', #5684, #4521, #5393, .T. ) ;
#6521 = VECTOR ( 'NONE', #6046, 1000.000000000000114 ) ;
#6520 = CARTESIAN_POINT ( 'NONE',  ( 48.48415839303654451, 15.62243175568475984, -8.610348225496666785 ) ) ;
#6522 = AXIS2_PLACEMENT_3D ( 'NONE', #6992, #2043, #3702 ) ;
#6523 = DIRECTION ( 'NONE',  ( 0.7071067811865580088, 0.7071067811865372477, 0.000000000000000000 ) ) ;
#6524 = CARTESIAN_POINT ( 'NONE',  ( -18.56538622825640061, 29.45140659384229664, -21.22900000000370113 ) ) ;
#6525 = DIRECTION ( 'NONE',  ( 0.000000000000000000, 6.806472400873124627E-13, -1.000000000000000000 ) ) ;
#6526 = CIRCLE ( 'NONE', #3397, 0.4999999999999982236 ) ;
#6527 = CARTESIAN_POINT ( 'NONE',  ( 8.282693114128209189, 29.95140659384229664, -21.22900000001820331 ) ) ;
#6528 = VERTEX_POINT ( 'NONE', #5265 ) ;
#6529 = ORIENTED_EDGE ( 'NONE', *, *, #2371, .F. ) ;
#6530 = ADVANCED_FACE ( 'NONE', ( #345 ), #6482, .T. ) ;
#6531 = AXIS2_PLACEMENT_3D ( 'NONE', #94, #942, #6447 ) ;
#6532 = DIRECTION ( 'NONE',  ( 0.000000000000000000, -1.000000000000000000, 0.000000000000000000 ) ) ;
#6533 = CARTESIAN_POINT ( 'NONE',  ( -49.27705161185000549, 33.51668434771769967, -19.14510338404819834 ) ) ;
#6534 = CARTESIAN_POINT ( 'NONE',  ( 47.68582856059130393, 26.37999999999999901, -22.22900000001819976 ) ) ;
#6535 = DIRECTION ( 'NONE',  ( 0.000000000000000000, 0.000000000000000000, 1.000000000000000000 ) ) ;
#6536 = CIRCLE ( 'NONE', #4470, 0.4999999999999982236 ) ;
#6537 = EDGE_CURVE ( 'NONE', #6851, #5456, #4796, .T. ) ;
#6538 = EDGE_CURVE ( 'NONE', #2603, #808, #3093, .T. ) ;
#6539 = ORIENTED_EDGE ( 'NONE', *, *, #3106, .T. ) ;
#6540 = EDGE_CURVE ( 'NONE', #4607, #662, #2587, .T. ) ;
#6541 = FILL_AREA_STYLE ('',( #3940 ) ) ;
#6542 = CARTESIAN_POINT ( 'NONE',  ( -28.34807934238470040, 27.95140659384230020, -22.22900000001819976 ) ) ;
#6543 = LINE ( 'NONE', #5538, #1968 ) ;
#6544 = VECTOR ( 'NONE', #170, 1000.000000000000000 ) ;
#6545 = CARTESIAN_POINT ( 'NONE',  ( 47.77705161185000549, 38.93011248278559577, -8.650351070920699215 ) ) ;
#6546 = ORIENTED_EDGE ( 'NONE', *, *, #3984, .F. ) ;
#6547 = ORIENTED_EDGE ( 'NONE', *, *, #118, .F. ) ;
#6548 = AXIS2_PLACEMENT_3D ( 'NONE', #3320, #1591, #4000 ) ;
#6549 = ORIENTED_EDGE ( 'NONE', *, *, #6620, .F. ) ;
#6550 = EDGE_CURVE ( 'NONE', #6619, #4399, #7024, .T. ) ;
#6551 = VECTOR ( 'NONE', #2300, 1000.000000000000000 ) ;
#6552 = FACE_OUTER_BOUND ( 'NONE', #6074, .T. ) ;
#6553 = CARTESIAN_POINT ( 'NONE',  ( 4.250000000000000000, 35.18242489610819490, -17.47936283565239890 ) ) ;
#6554 = CARTESIAN_POINT ( 'NONE',  ( 17.06538622825639706, 22.80859340615770137, -21.22900000000370113 ) ) ;
#6555 = DIRECTION ( 'NONE',  ( 0.7071067811865475727, -0.7071067811865475727, 0.000000000000000000 ) ) ;
#6556 = DIRECTION ( 'NONE',  ( 0.000000000000000000, 0.000000000000000000, -1.000000000000000000 ) ) ;
#6557 = FACE_OUTER_BOUND ( 'NONE', #5468, .T. ) ;
#6558 = ORIENTED_EDGE ( 'NONE', *, *, #2164, .T. ) ;
#6559 = AXIS2_PLACEMENT_3D ( 'NONE', #5080, #1253, #5049 ) ;
#6560 = ORIENTED_EDGE ( 'NONE', *, *, #2392, .F. ) ;
#6561 = CARTESIAN_POINT ( 'NONE',  ( 1.052640156875909838, 13.57388011741820044, -13.97566784919520089 ) ) ;
#6562 = AXIS2_PLACEMENT_3D ( 'NONE', #1405, #204, #5117 ) ;
#6563 = ORIENTED_EDGE ( 'NONE', *, *, #3505, .T. ) ;
#6564 = CARTESIAN_POINT ( 'NONE',  ( -27.09807934238470040, 29.95140659384229664, -22.22900000001819976 ) ) ;
#6565 = DIRECTION ( 'NONE',  ( 0.000000000000000000, 0.000000000000000000, 1.000000000000000000 ) ) ;
#6566 = EDGE_CURVE ( 'NONE', #6056, #1892, #2262, .T. ) ;
#6567 = DIRECTION ( 'NONE',  ( 0.7071067811865475727, -0.7071067811865475727, 0.000000000000000000 ) ) ;
#6568 = CARTESIAN_POINT ( 'NONE',  ( -10.42913972353492547, 28.30495998443557326, -21.22900000001820331 ) ) ;
#6569 = EDGE_LOOP ( 'NONE', ( #5218, #6177, #6115, #3342 ) ) ;
#6570 = VERTEX_POINT ( 'NONE', #4218 ) ;
#6571 = VERTEX_POINT ( 'NONE', #268 ) ;
#6572 = DIRECTION ( 'NONE',  ( -4.424946072816260219E-16, -1.000000000000000000, 0.000000000000000000 ) ) ;
#6573 = ADVANCED_FACE ( 'NONE', ( #1972 ), #2556, .F. ) ;
#6574 = AXIS2_PLACEMENT_3D ( 'NONE', #3167, #445, #2562 ) ;
#6575 = CARTESIAN_POINT ( 'NONE',  ( 47.77705161185000549, 13.17889507760179946, -1.096422180950800025E-14 ) ) ;
#6576 = CARTESIAN_POINT ( 'NONE',  ( -18.56538622825640061, 29.45140659384229664, -21.22900000000370113 ) ) ;
#6577 = CARTESIAN_POINT ( 'NONE',  ( -49.27705161185000549, 15.32958314592720050, -8.615459916994128164 ) ) ;
#6578 = CARTESIAN_POINT ( 'NONE',  ( 26.20163273297787043, 29.80495998443556971, -21.22900000001820331 ) ) ;
#6579 = VERTEX_POINT ( 'NONE', #4288 ) ;
#6580 = AXIS2_PLACEMENT_3D ( 'NONE', #2077, #978, #5940 ) ;
#6581 = ORIENTED_EDGE ( 'NONE', *, *, #2972, .T. ) ;
#6582 = CARTESIAN_POINT ( 'NONE',  ( 33.63077245651290070, 29.45140659384229664, -21.22899999999770060 ) ) ;
#6583 = ADVANCED_FACE ( 'NONE', ( #4697 ), #6897, .T. ) ;
#6584 =( BOUNDED_CURVE ( )  B_SPLINE_CURVE ( 3, ( #6981, #1927, #4722, #4136 ),
 .UNSPECIFIED., .F., .F. ) 
 B_SPLINE_CURVE_WITH_KNOTS ( ( 4, 4 ),
 ( 0.8980258034311161541, 1.553343034274957013 ),
 .UNSPECIFIED. ) 
 CURVE ( )  GEOMETRIC_REPRESENTATION_ITEM ( )  RATIONAL_B_SPLINE_CURVE ( ( 1.000000000000000000, 0.9645323060299615392, 0.9645323060299615392, 1.000000000000000000 ) ) 
 REPRESENTATION_ITEM ( '' )  );
#6585 = AXIS2_PLACEMENT_3D ( 'NONE', #6438, #3043, #5214 ) ;
#6586 = DIRECTION ( 'NONE',  ( 0.000000000000000000, 0.000000000000000000, 1.000000000000000000 ) ) ;
#6587 = ORIENTED_EDGE ( 'NONE', *, *, #1663, .T. ) ;
#6588 = VERTEX_POINT ( 'NONE', #3159 ) ;
#6589 = CARTESIAN_POINT ( 'NONE',  ( 26.34807934238460092, 29.20140659384229664, -22.22900000001819976 ) ) ;
#6590 = ADVANCED_FACE ( 'NONE', ( #2618 ), #6959, .F. ) ;
#6591 = DIRECTION ( 'NONE',  ( 1.000000000000000000, 0.000000000000000000, 0.000000000000000000 ) ) ;
#6592 = CARTESIAN_POINT ( 'NONE',  ( -48.68582856059130393, 25.37999999999999901, -21.47900000001820331 ) ) ;
#6593 = DIRECTION ( 'NONE',  ( 0.7071067811865492381, 0.7071067811865457964, 0.000000000000000000 ) ) ;
#6594 = ORIENTED_EDGE ( 'NONE', *, *, #4036, .T. ) ;
#6595 = ORIENTED_EDGE ( 'NONE', *, *, #6944, .T. ) ;
#6596 = AXIS2_PLACEMENT_3D ( 'NONE', #560, #3714, #7006 ) ;
#6597 = EDGE_CURVE ( 'NONE', #6636, #3222, #4147, .T. ) ;
#6598 = DIRECTION ( 'NONE',  ( 1.000000000000000000, -1.346555208909579913E-16, -1.854079867443469901E-16 ) ) ;
#6599 = CARTESIAN_POINT ( 'NONE',  ( -17.56538622825639706, 29.20140659384229664, -22.22900000001819976 ) ) ;
#6600 = DIRECTION ( 'NONE',  ( -0.7071067811865492381, -0.7071067811865457964, 0.000000000000000000 ) ) ;
#6601 = CARTESIAN_POINT ( 'NONE',  ( 33.77721906591963119, 29.80495998443556971, -21.22900000000370113 ) ) ;
#6602 = ORIENTED_EDGE ( 'NONE', *, *, #5009, .T. ) ;
#6603 = ORIENTED_EDGE ( 'NONE', *, *, #6597, .F. ) ;
#6604 = EDGE_CURVE ( 'NONE', #6738, #5695, #3128, .T. ) ;
#6605 = DIRECTION ( 'NONE',  ( 0.000000000000000000, 0.000000000000000000, 1.000000000000000000 ) ) ;
#6606 = DIRECTION ( 'NONE',  ( 0.08714256931580939558, 0.01738601487319840072, 0.9960441250767299026 ) ) ;
#6607 = CARTESIAN_POINT ( 'NONE',  ( -35.63077245651290070, 22.80859340615770137, -22.22900000001819976 ) ) ;
#6608 = DIRECTION ( 'NONE',  ( 1.000000000000000000, -2.033271832533279793E-16, 0.000000000000000000 ) ) ;
#6609 = DIRECTION ( 'NONE',  ( 3.462854061944730330E-13, 3.462854061944730330E-13, -1.000000000000000000 ) ) ;
#6610 = EDGE_LOOP ( 'NONE', ( #5696, #3225, #5987, #3816, #2226 ) ) ;
#6611 = CIRCLE ( 'NONE', #2679, 0.4999999999999982236 ) ;
#6612 = EDGE_CURVE ( 'NONE', #5057, #2603, #4696, .T. ) ;
#6613 = DIRECTION ( 'NONE',  ( -0.7071067811865494601, 0.7071067811865455743, 0.000000000000000000 ) ) ;
#6614 = FACE_OUTER_BOUND ( 'NONE', #4148, .T. ) ;
#6615 = CIRCLE ( 'NONE', #4780, 2.999999999992549959 ) ;
#6616 = DIRECTION ( 'NONE',  ( -1.000000000000000000, 0.000000000000000000, 0.000000000000000000 ) ) ;
#6617 = CARTESIAN_POINT ( 'NONE',  ( 47.53938195118458054, 25.52644660940672949, -21.22900000000370113 ) ) ;
#6618 = ORIENTED_EDGE ( 'NONE', *, *, #1560, .F. ) ;
#6619 = VERTEX_POINT ( 'NONE', #5361 ) ;
#6620 = EDGE_CURVE ( 'NONE', #685, #5365, #861, .T. ) ;
#6621 = VERTEX_POINT ( 'NONE', #6516 ) ;
#6622 = VECTOR ( 'NONE', #456, 1000.000000000000000 ) ;
#6623 = LINE ( 'NONE', #5938, #2244 ) ;
#6624 = FACE_OUTER_BOUND ( 'NONE', #5292, .T. ) ;
#6625 = CYLINDRICAL_SURFACE ( 'NONE', #3025, 0.4999999999999994449 ) ;
#6626 = ORIENTED_EDGE ( 'NONE', *, *, #7158, .T. ) ;
#6627 = ORIENTED_EDGE ( 'NONE', *, *, #7118, .T. ) ;
#6628 = ADVANCED_FACE ( 'NONE', ( #6557 ), #1129, .F. ) ;
#6629 = EDGE_CURVE ( 'NONE', #4641, #685, #4429, .T. ) ;
#6630 = VERTEX_POINT ( 'NONE', #1569 ) ;
#6631 = DIRECTION ( 'NONE',  ( 0.000000000000000000, 0.000000000000000000, 1.000000000000000000 ) ) ;
#6632 = DIRECTION ( 'NONE',  ( -1.000000000000000000, 5.056412698010379758E-16, 1.164635296368219952E-17 ) ) ;
#6633 = CARTESIAN_POINT ( 'NONE',  ( -50.27705161184999838, 26.12999999999999901, -8.426937939554479229 ) ) ;
#6634 = ORIENTED_EDGE ( 'NONE', *, *, #3505, .F. ) ;
#6635 = VECTOR ( 'NONE', #917, 1000.000000000000000 ) ;
#6636 = VERTEX_POINT ( 'NONE', #3232 ) ;
#6637 = LINE ( 'NONE', #2776, #1670 ) ;
#6638 = VECTOR ( 'NONE', #5443, 1000.000000000000000 ) ;
#6639 = CARTESIAN_POINT ( 'NONE',  ( -49.27705161185000549, 26.12999999999999901, -8.426937939554479229 ) ) ;
#6640 = FACE_OUTER_BOUND ( 'NONE', #4314, .T. ) ;
#6641 = EDGE_CURVE ( 'NONE', #4849, #5112, #6818, .T. ) ;
#6642 = CARTESIAN_POINT ( 'NONE',  ( 8.782693114128209189, 24.30859340615769781, -21.22900000001820331 ) ) ;
#6644 = CARTESIAN_POINT ( 'NONE',  ( 48.77705161185000549, 37.08080026628089598, 1.522270824105630155E-11 ) ) ;
#6643 = VECTOR ( 'NONE', #6433, 1000.000000000000000 ) ;
#6645 = VECTOR ( 'NONE', #745, 1000.000000000000000 ) ;
#6646 = ORIENTED_EDGE ( 'NONE', *, *, #3271, .F. ) ;
#6647 = LINE ( 'NONE', #2243, #4338 ) ;
#6648 = CARTESIAN_POINT ( 'NONE',  ( 33.63077245651290070, 24.30859340615769781, -21.22900000001820331 ) ) ;
#6649 = AXIS2_PLACEMENT_3D ( 'NONE', #5693, #2939, #83 ) ;
#6650 = EDGE_CURVE ( 'NONE', #6579, #3522, #4912, .T. ) ;
#6651 = CARTESIAN_POINT ( 'NONE',  ( -19.06538622825640061, 29.45140659384229664, -22.22900000001819976 ) ) ;
#6652 = ORIENTED_EDGE ( 'NONE', *, *, #858, .F. ) ;
#6653 = VERTEX_POINT ( 'NONE', #579 ) ;
#6654 = ORIENTED_EDGE ( 'NONE', *, *, #3374, .F. ) ;
#6655 = DIRECTION ( 'NONE',  ( -0.7071067811865475727, -0.7071067811865475727, 0.000000000000000000 ) ) ;
#6656 = AXIS2_PLACEMENT_3D ( 'NONE', #2545, #3117, #5799 ) ;
#6657 = DIRECTION ( 'NONE',  ( 0.000000000000000000, 0.000000000000000000, -1.000000000000000000 ) ) ;
#6658 = EDGE_CURVE ( 'NONE', #4138, #7026, #2726, .T. ) ;
#6659 = CYLINDRICAL_SURFACE ( 'NONE', #4225, 0.4999999999999996114 ) ;
#6660 = CARTESIAN_POINT ( 'NONE',  ( 47.68582856059130393, 25.37999999999999901, -21.22900000001820331 ) ) ;
#6661 = CARTESIAN_POINT ( 'NONE',  ( -1.115306204206489969E-14, 22.80859340615770137, -22.22900000001819976 ) ) ;
#6662 = ORIENTED_EDGE ( 'NONE', *, *, #1897, .F. ) ;
#6663 = EDGE_LOOP ( 'NONE', ( #3906, #1011, #3881, #7137, #6138 ) ) ;
#6664 = VECTOR ( 'NONE', #2940, 1000.000000000000000 ) ;
#6665 = ORIENTED_EDGE ( 'NONE', *, *, #1973, .T. ) ;
#6666 = DIRECTION ( 'NONE',  ( 0.000000000000000000, 0.000000000000000000, -1.000000000000000000 ) ) ;
#6667 = ADVANCED_FACE ( 'NONE', ( #4964 ), #3773, .F. ) ;
#6668 = CARTESIAN_POINT ( 'NONE',  ( -18.91893961884967368, 29.80495998443556971, -22.22900000001819976 ) ) ;
#6669 = VECTOR ( 'NONE', #6064, 1000.000000000000000 ) ;
#6670 = EDGE_LOOP ( 'NONE', ( #2045, #4972, #4537, #5042 ) ) ;
#6671 = ORIENTED_EDGE ( 'NONE', *, *, #1239, .T. ) ;
#6672 = ORIENTED_EDGE ( 'NONE', *, *, #2362, .F. ) ;
#6673 = VECTOR ( 'NONE', #1832, 1000.000000000000114 ) ;
#6674 = VECTOR ( 'NONE', #3253, 1000.000000000000114 ) ;
#6675 = EDGE_CURVE ( 'NONE', #5896, #5732, #5437, .T. ) ;
#6676 = DIRECTION ( 'NONE',  ( 0.000000000000000000, 0.000000000000000000, 1.000000000000000000 ) ) ;
#6677 = DIRECTION ( 'NONE',  ( 4.440892098500625176E-16, 0.7071067811864090169, -0.7071067811866860175 ) ) ;
#6678 = DIRECTION ( 'NONE',  ( 0.7071067811865475727, -0.7071067811865475727, 0.000000000000000000 ) ) ;
#6679 = VERTEX_POINT ( 'NONE', #6661 ) ;
#6680 = CIRCLE ( 'NONE', #3569, 0.4999999999999982236 ) ;
#6681 = EDGE_CURVE ( 'NONE', #4798, #6214, #982, .T. ) ;
#6682 = CARTESIAN_POINT ( 'NONE',  ( 47.77705161185000549, 37.08080026628089598, 1.522244754856640172E-11 ) ) ;
#6683 = CARTESIAN_POINT ( 'NONE',  ( -35.88077245651289360, 23.80859340615770137, -21.22900000001820331 ) ) ;
#6684 = CARTESIAN_POINT ( 'NONE',  ( -43.41346557064109390, 24.30859340615769781, -22.22900000001819976 ) ) ;
#6685 = ORIENTED_EDGE ( 'NONE', *, *, #2307, .T. ) ;
#6686 = CIRCLE ( 'NONE', #448, 0.4999999999999982236 ) ;
#6687 = ORIENTED_EDGE ( 'NONE', *, *, #742, .F. ) ;
#6688 = ORIENTED_EDGE ( 'NONE', *, *, #1229, .T. ) ;
#6689 = ADVANCED_FACE ( 'NONE', ( #4862 ), #7056, .F. ) ;
#6690 = LINE ( 'NONE', #6219, #6508 ) ;
#6691 = TOROIDAL_SURFACE ( 'NONE', #453, 9.802062060453851089, 3.000000000000000000 ) ;
#6692 = DIRECTION ( 'NONE',  ( 0.000000000000000000, 0.7071067811876670106, -0.7071067811854280238 ) ) ;
#6693 = DIRECTION ( 'NONE',  ( 0.7071067811865492381, 0.7071067811865457964, 0.000000000000000000 ) ) ;
#6694 = LINE ( 'NONE', #2290, #5601 ) ;
#6695 = EDGE_LOOP ( 'NONE', ( #3930, #366, #3011, #2904 ) ) ;
#6696 = VERTEX_POINT ( 'NONE', #2762 ) ;
#6697 = ADVANCED_FACE ( 'NONE', ( #4613 ), #6223, .F. ) ;
#6698 = LINE ( 'NONE', #2329, #151 ) ;
#6699 = CARTESIAN_POINT ( 'NONE',  ( 44.41346557064109390, 27.38000000000000256, -22.22900000001819976 ) ) ;
#6700 = CYLINDRICAL_SURFACE ( 'NONE', #558, 3.000000000000003109 ) ;
#6701 = CARTESIAN_POINT ( 'NONE',  ( -51.39837195540964387, 14.05770858159544545, 8.673617379884035472E-16 ) ) ;
#6702 = CARTESIAN_POINT ( 'NONE',  ( -35.88077245651289360, 22.30859340615769781, -21.22900000001820331 ) ) ;
#6703 = ORIENTED_EDGE ( 'NONE', *, *, #5244, .F. ) ;
#6704 =( BOUNDED_CURVE ( )  B_SPLINE_CURVE ( 3, ( #4908, #2701, #5529, #557 ),
 .UNSPECIFIED., .F., .F. ) 
 B_SPLINE_CURVE_WITH_KNOTS ( ( 4, 4 ),
 ( 4.712388980384689674, 5.497787143782140618 ),
 .UNSPECIFIED. ) 
 CURVE ( )  GEOMETRIC_REPRESENTATION_ITEM ( )  RATIONAL_B_SPLINE_CURVE ( ( 1.000000000000000000, 0.9492530216741907889, 0.9492530216741907889, 1.000000000000000000 ) ) 
 REPRESENTATION_ITEM ( '' )  );
#6705 = ORIENTED_EDGE ( 'NONE', *, *, #4052, .F. ) ;
#6706 = ADVANCED_FACE ( 'NONE', ( #6726 ), #5613, .F. ) ;
#6707 = ORIENTED_EDGE ( 'NONE', *, *, #7081, .F. ) ;
#6708 = DIRECTION ( 'NONE',  ( -1.000000000000000000, 1.275349895860649738E-16, -3.270980508778379800E-17 ) ) ;
#6709 = LINE ( 'NONE', #4006, #3765 ) ;
#6710 = CARTESIAN_POINT ( 'NONE',  ( -35.63077245651290070, 22.80859340615770137, -21.22900000001820331 ) ) ;
#6711 = CARTESIAN_POINT ( 'NONE',  ( -50.08333491804407345, 31.43278773177619811, -21.22899999999636123 ) ) ;
#6712 = FACE_OUTER_BOUND ( 'NONE', #1974, .T. ) ;
#6713 = ORIENTED_EDGE ( 'NONE', *, *, #3241, .T. ) ;
#6714 = EDGE_CURVE ( 'NONE', #3524, #359, #5847, .T. ) ;
#6715 = CARTESIAN_POINT ( 'NONE',  ( 23.70673278532050077, 28.45140659384229664, -21.22899999999840048 ) ) ;
#6716 = LINE ( 'NONE', #5086, #6544 ) ;
#6717 = CIRCLE ( 'NONE', #377, 0.4999999999999982236 ) ;
#6718 = ORIENTED_EDGE ( 'NONE', *, *, #3853, .T. ) ;
#6719 = VERTEX_POINT ( 'NONE', #142 ) ;
#6720 = EDGE_CURVE ( 'NONE', #449, #2581, #4571, .T. ) ;
#6721 = ORIENTED_EDGE ( 'NONE', *, *, #2673, .F. ) ;
#6722 = AXIS2_PLACEMENT_3D ( 'NONE', #893, #1917, #5313 ) ;
#6723 = LINE ( 'NONE', #139, #566 ) ;
#6724 = CYLINDRICAL_SURFACE ( 'NONE', #3288, 0.5000000000000006661 ) ;
#6725 = DIRECTION ( 'NONE',  ( 0.000000000000000000, 0.000000000000000000, -1.000000000000000000 ) ) ;
#6726 = FACE_OUTER_BOUND ( 'NONE', #6822, .T. ) ;
#6727 = ADVANCED_FACE ( 'NONE', ( #2930 ), #6768, .F. ) ;
#6728 = ORIENTED_EDGE ( 'NONE', *, *, #6604, .F. ) ;
#6729 = CIRCLE ( 'NONE', #267, 0.4999999999999982236 ) ;
#6730 = ORIENTED_EDGE ( 'NONE', *, *, #4513, .T. ) ;
#6731 = CARTESIAN_POINT ( 'NONE',  ( -52.27705161184999838, 20.65459986684420102, -9.614499999996560575 ) ) ;
#6732 = ORIENTED_EDGE ( 'NONE', *, *, #2040, .F. ) ;
#6733 = CARTESIAN_POINT ( 'NONE',  ( -26.34807934238470040, 29.45140659384229664, -21.22900000001820331 ) ) ;
#6734 = VECTOR ( 'NONE', #471, 1000.000000000000000 ) ;
#6735 = PLANE ( 'NONE',  #1205 ) ;
#6736 = EDGE_CURVE ( 'NONE', #259, #3775, #5140, .T. ) ;
#6737 = ORIENTED_EDGE ( 'NONE', *, *, #4530, .T. ) ;
#6738 = VERTEX_POINT ( 'NONE', #613 ) ;
#6739 = LINE ( 'NONE', #4881, #1235 ) ;
#6740 = AXIS2_PLACEMENT_3D ( 'NONE', #1626, #6000, #7012 ) ;
#6741 = VERTEX_POINT ( 'NONE', #6110 ) ;
#6742 = CYLINDRICAL_SURFACE ( 'NONE', #3112, 0.5000000000000006661 ) ;
#6743 = CARTESIAN_POINT ( 'NONE',  ( 44.05991218004781729, 27.02644660940673305, -21.22900000001820331 ) ) ;
#6744 = CARTESIAN_POINT ( 'NONE',  ( -36.63077245651289360, 24.30859340615769781, -22.22900000001819976 ) ) ;
#6745 = EDGE_CURVE ( 'NONE', #1169, #3475, #6694, .T. ) ;
#6746 = DIRECTION ( 'NONE',  ( 1.000000000000000000, -5.056412698010379758E-16, -1.164635296368219952E-17 ) ) ;
#6747 = DIRECTION ( 'NONE',  ( -7.850462293430220640E-17, 0.7071067811854261365, 0.7071067811876690090 ) ) ;
#6748 = ORIENTED_EDGE ( 'NONE', *, *, #2839, .T. ) ;
#6749 = AXIS2_PLACEMENT_3D ( 'NONE', #5516, #542, #3846 ) ;
#6750 = VECTOR ( 'NONE', #1574, 1000.000000000000000 ) ;
#6751 = CARTESIAN_POINT ( 'NONE',  ( 0.6687130576179900476, 34.29781305761410692, -18.36397467414940010 ) ) ;
#6752 = CARTESIAN_POINT ( 'NONE',  ( -35.88077245651289360, 22.30859340615769781, -22.22900000001819976 ) ) ;
#6753 = AXIS2_PLACEMENT_3D ( 'NONE', #5098, #6809, #1234 ) ;
#6754 = FACE_OUTER_BOUND ( 'NONE', #1959, .T. ) ;
#6755 = DIRECTION ( 'NONE',  ( 0.7071067811865492381, 0.7071067811865457964, 0.000000000000000000 ) ) ;
#6756 = EDGE_CURVE ( 'NONE', #5511, #1044, #4501, .T. ) ;
#6757 = DIRECTION ( 'NONE',  ( 0.000000000000000000, 0.000000000000000000, -1.000000000000000000 ) ) ;
#6758 = CIRCLE ( 'NONE', #3528, 0.4999999999999982236 ) ;
#6759 = VERTEX_POINT ( 'NONE', #3473 ) ;
#6760 = ORIENTED_EDGE ( 'NONE', *, *, #653, .T. ) ;
#6761 = CARTESIAN_POINT ( 'NONE',  ( -0.5000000000000109912, 22.80859340615770137, -22.22900000001819976 ) ) ;
#6762 = ORIENTED_EDGE ( 'NONE', *, *, #4156, .T. ) ;
#6763 = AXIS2_PLACEMENT_3D ( 'NONE', #777, #1288, #2988 ) ;
#6764 = LINE ( 'NONE', #2822, #5124 ) ;
#6765 = DIRECTION ( 'NONE',  ( 0.000000000000000000, 0.000000000000000000, 1.000000000000000000 ) ) ;
#6766 = EDGE_CURVE ( 'NONE', #136, #5185, #4986, .T. ) ;
#6767 = DIRECTION ( 'NONE',  ( -0.7071067811865492381, -0.7071067811865457964, 0.000000000000000000 ) ) ;
#6768 = CYLINDRICAL_SURFACE ( 'NONE', #6299, 1.000000000000000000 ) ;
#6769 = ORIENTED_EDGE ( 'NONE', *, *, #1713, .F. ) ;
#6770 = AXIS2_PLACEMENT_3D ( 'NONE', #1158, #4611, #1232 ) ;
#6771 = ORIENTED_EDGE ( 'NONE', *, *, #701, .F. ) ;
#6772 = CARTESIAN_POINT ( 'NONE',  ( 17.06538622825639706, 22.80859340615770137, -21.22900000001820331 ) ) ;
#6773 = EDGE_CURVE ( 'NONE', #5695, #353, #1149, .T. ) ;
#6774 = EDGE_LOOP ( 'NONE', ( #6985, #7041, #2974, #416 ) ) ;
#6775 = CARTESIAN_POINT ( 'NONE',  ( 47.18582856059130393, 26.37999999999999901, -21.47900000001820331 ) ) ;
#6776 = DIRECTION ( 'NONE',  ( 0.000000000000000000, 0.000000000000000000, 1.000000000000000000 ) ) ;
#6777 = VECTOR ( 'NONE', #1607, 1000.000000000000000 ) ;
#6778 = DIRECTION ( 'NONE',  ( 0.000000000000000000, 0.000000000000000000, 1.000000000000000000 ) ) ;
#6779 = CARTESIAN_POINT ( 'NONE',  ( -48.68582856059130393, 26.37999999999999901, -21.22900000000370113 ) ) ;
#6780 = VERTEX_POINT ( 'NONE', #2785 ) ;
#6781 = VECTOR ( 'NONE', #877, 1000.000000000000000 ) ;
#6782 = ORIENTED_EDGE ( 'NONE', *, *, #4825, .T. ) ;
#6783 = EDGE_CURVE ( 'NONE', #5999, #6340, #3395, .T. ) ;
#6784 = ORIENTED_EDGE ( 'NONE', *, *, #2954, .F. ) ;
#6785 = CARTESIAN_POINT ( 'NONE',  ( -44.66346557064109390, 24.59429670307890348, -22.22900000001819976 ) ) ;
#6786 = FACE_OUTER_BOUND ( 'NONE', #1559, .T. ) ;
#6787 = DIRECTION ( 'NONE',  ( -3.462970525474364994E-13, 3.462970525474490202E-13, -1.000000000000000000 ) ) ;
#6788 = CARTESIAN_POINT ( 'NONE',  ( 17.71183283766312755, 28.30495998443557326, -21.22900000001820331 ) ) ;
#6789 = DIRECTION ( 'NONE',  ( 3.462970525474364994E-13, -3.462970525474430123E-13, 1.000000000000000000 ) ) ;
#6790 = DIRECTION ( 'NONE',  ( -0.06174578541846108271, 0.7057575568068319427, 0.7057575568090708185 ) ) ;
#6791 = AXIS2_PLACEMENT_3D ( 'NONE', #4117, #2385, #4593 ) ;
#6792 = EDGE_CURVE ( 'NONE', #6509, #6056, #27, .T. ) ;
#6793 = CARTESIAN_POINT ( 'NONE',  ( -35.63077245651290070, 22.80859340615770137, -21.22900000000370113 ) ) ;
#6794 = VECTOR ( 'NONE', #4664, 1000.000000000000000 ) ;
#6795 = LINE ( 'NONE', #1837, #5375 ) ;
#6796 = DIRECTION ( 'NONE',  ( 1.000000000000000000, -2.795780638008530334E-16, -1.284735056156732038E-16 ) ) ;
#6797 = LINE ( 'NONE', #3539, #7124 ) ;
#6798 = DIRECTION ( 'NONE',  ( -0.7071067811865580088, -0.7071067811865372477, 0.000000000000000000 ) ) ;
#6799 = ORIENTED_EDGE ( 'NONE', *, *, #1579, .F. ) ;
#6800 = VERTEX_POINT ( 'NONE', #2209 ) ;
#6801 = AXIS2_PLACEMENT_3D ( 'NONE', #2380, #5158, #1830 ) ;
#6802 = ORIENTED_EDGE ( 'NONE', *, *, #805, .F. ) ;
#6803 = EDGE_CURVE ( 'NONE', #4521, #5501, #3880, .T. ) ;
#6804 = VERTEX_POINT ( 'NONE', #1658 ) ;
#6805 = DIRECTION ( 'NONE',  ( 0.7071067811865475727, -0.7071067811865475727, 0.000000000000000000 ) ) ;
#6806 = DIRECTION ( 'NONE',  ( 3.462970525474364994E-13, -3.462970525474430123E-13, 1.000000000000000000 ) ) ;
#6807 = VECTOR ( 'NONE', #1393, 1000.000000000000000 ) ;
#6808 = LINE ( 'NONE', #4612, #4306 ) ;
#6809 = DIRECTION ( 'NONE',  ( 0.000000000000000000, 0.000000000000000000, -1.000000000000000000 ) ) ;
#6810 = VERTEX_POINT ( 'NONE', #3907 ) ;
#6811 = VERTEX_POINT ( 'NONE', #5998 ) ;
#6812 = EDGE_CURVE ( 'NONE', #3488, #6106, #6647, .T. ) ;
#6813 = DIRECTION ( 'NONE',  ( 0.7071067811865475727, -0.7071067811865475727, 0.000000000000000000 ) ) ;
#6814 = ORIENTED_EDGE ( 'NONE', *, *, #6236, .T. ) ;
#6815 = CARTESIAN_POINT ( 'NONE',  ( -35.13077245651290070, 27.95140659384230020, -21.22900000001820331 ) ) ;
#6816 = DIRECTION ( 'NONE',  ( -0.7071067811865475727, 0.7071067811865475727, 0.000000000000000000 ) ) ;
#6817 = CARTESIAN_POINT ( 'NONE',  ( 48.04581271391450770, 37.08080026628065440, -1.596793240799786694E-18 ) ) ;
#6818 =( BOUNDED_CURVE ( )  B_SPLINE_CURVE ( 3, ( #544, #440, #2190, #3811 ),
 .UNSPECIFIED., .F., .F. ) 
 B_SPLINE_CURVE_WITH_KNOTS ( ( 4, 4 ),
 ( 0.8980258034281516366, 1.553343034274929257 ),
 .UNSPECIFIED. ) 
 CURVE ( )  GEOMETRIC_REPRESENTATION_ITEM ( )  RATIONAL_B_SPLINE_CURVE ( ( 1.000000000000000000, 0.9645323060296464579, 0.9645323060296464579, 1.000000000000000000 ) ) 
 REPRESENTATION_ITEM ( '' )  );
#6819 = CYLINDRICAL_SURFACE ( 'NONE', #1358, 3.000000000000003109 ) ;
#6820 = AXIS2_PLACEMENT_3D ( 'NONE', #1269, #5028, #3508 ) ;
#6821 = ORIENTED_EDGE ( 'NONE', *, *, #6908, .T. ) ;
#6822 = EDGE_LOOP ( 'NONE', ( #6984, #308, #5811, #5789 ) ) ;
#6823 = CARTESIAN_POINT ( 'NONE',  ( -36.77721906591962409, 23.95504001556442475, -21.22900000001820331 ) ) ;
#6824 = EDGE_CURVE ( 'NONE', #7088, #2014, #4452, .T. ) ;
#6825 = VERTEX_POINT ( 'NONE', #3832 ) ;
#6826 = DIRECTION ( 'NONE',  ( -2.795780638008489905E-16, -1.000000000000000000, -1.044713495080869923E-18 ) ) ;
#6827 = CARTESIAN_POINT ( 'NONE',  ( 7.188589905581071804, 36.88848186331495782, -11.01791392868165609 ) ) ;
#6828 = DIRECTION ( 'NONE',  ( 0.000000000000000000, 0.000000000000000000, 1.000000000000000000 ) ) ;
#6829 = EDGE_CURVE ( 'NONE', #711, #5617, #2945, .T. ) ;
#6830 = ORIENTED_EDGE ( 'NONE', *, *, #3598, .F. ) ;
#6831 = FACE_OUTER_BOUND ( 'NONE', #2433, .T. ) ;
#6832 = CARTESIAN_POINT ( 'NONE',  ( 47.18582856059130393, 26.88000000000000256, -22.22900000001819976 ) ) ;
#6833 = CARTESIAN_POINT ( 'NONE',  ( 48.67420119082562735, 15.66220931499093183, -1.124133145948781524E-17 ) ) ;
#6834 = CARTESIAN_POINT ( 'NONE',  ( -19.56538622825640061, 24.30859340615769781, -21.22900000001820331 ) ) ;
#6835 = CARTESIAN_POINT ( 'NONE',  ( 42.26701896123437052, 28.30495998443556971, -21.22900000000370113 ) ) ;
#6836 = EDGE_CURVE ( 'NONE', #2898, #4213, #3218, .T. ) ;
#6837 = ORIENTED_EDGE ( 'NONE', *, *, #5278, .F. ) ;
#6838 = EDGE_LOOP ( 'NONE', ( #2465, #3409, #335, #2108 ) ) ;
#6839 = VECTOR ( 'NONE', #5548, 1000.000000000000000 ) ;
#6840 = CARTESIAN_POINT ( 'NONE',  ( 24.34807934238459737, 27.95140659384230020, -21.22900000000370113 ) ) ;
#6841 = VERTEX_POINT ( 'NONE', #1115 ) ;
#6842 = VECTOR ( 'NONE', #1270, 1000.000000000000000 ) ;
#6843 = CARTESIAN_POINT ( 'NONE',  ( 34.13077245651290070, 29.95140659384229664, -21.22899999999730269 ) ) ;
#6844 = CARTESIAN_POINT ( 'NONE',  ( 1.081519227442897302, 38.06859416377534444, -13.64557856214285003 ) ) ;
#6845 = EDGE_CURVE ( 'NONE', #4641, #6261, #980, .T. ) ;
#6846 = ORIENTED_EDGE ( 'NONE', *, *, #5211, .F. ) ;
#6847 = ORIENTED_EDGE ( 'NONE', *, *, #4845, .T. ) ;
#6848 = ORIENTED_EDGE ( 'NONE', *, *, #1199, .F. ) ;
#6849 = CIRCLE ( 'NONE', #6036, 3.000000000000002665 ) ;
#6850 = CARTESIAN_POINT ( 'NONE',  ( 7.228354904271064640, 37.64626281942766184, -11.47242994352646761 ) ) ;
#6851 = VERTEX_POINT ( 'NONE', #3352 ) ;
#6852 = DIRECTION ( 'NONE',  ( 0.000000000000000000, -1.267143587890056596E-13, -1.000000000000000000 ) ) ;
#6853 = DIRECTION ( 'NONE',  ( 0.7071067811865580088, 0.7071067811865372477, 0.000000000000000000 ) ) ;
#6854 = CARTESIAN_POINT ( 'NONE',  ( 7.418480772557074943, 38.06859416377533734, -13.64557856214285358 ) ) ;
#6855 = AXIS2_PLACEMENT_3D ( 'NONE', #4420, #3324, #1080 ) ;
#6856 = FACE_OUTER_BOUND ( 'NONE', #3998, .T. ) ;
#6857 = EDGE_CURVE ( 'NONE', #5392, #1003, #7077, .T. ) ;
#6858 = VERTEX_POINT ( 'NONE', #5018 ) ;
#6859 = CARTESIAN_POINT ( 'NONE',  ( 26.34807934238460092, 29.45140659384229664, -21.22900000001820331 ) ) ;
#6860 = AXIS2_PLACEMENT_3D ( 'NONE', #5014, #4078, #1833 ) ;
#6861 = CARTESIAN_POINT ( 'NONE',  ( 7.782693114128210077, 22.80859340615770137, -21.22900000001820331 ) ) ;
#6862 = CARTESIAN_POINT ( 'NONE',  ( 4.250000000000000000, 15.32958314592720050, -8.615459916994128164 ) ) ;
#6863 = CARTESIAN_POINT ( 'NONE',  ( 8.782693114128209189, 29.20140659384229664, -22.22900000001819976 ) ) ;
#6864 = CARTESIAN_POINT ( 'NONE',  ( 50.77705161184999838, 31.39536400415470041, -17.02378304049199897 ) ) ;
#6865 = DIRECTION ( 'NONE',  ( 0.7071067811865476838, -0.5000000000000978106, -0.4999999999999018563 ) ) ;
#6866 = CARTESIAN_POINT ( 'NONE',  ( 47.77705161185000549, 13.17889507760179946, -1.096422180950800025E-14 ) ) ;
#6867 = CIRCLE ( 'NONE', #3378, 2.999999999992541522 ) ;
#6868 = VERTEX_POINT ( 'NONE', #3282 ) ;
#6869 = VECTOR ( 'NONE', #6503, 1000.000000000000000 ) ;
#6870 = MANIFOLD_SOLID_BREP ( 'Body1[1]', #5751 ) ;
#6871 = EDGE_CURVE ( 'NONE', #3979, #4680, #3795, .T. ) ;
#6872 = CARTESIAN_POINT ( 'NONE',  ( -35.63077245651290070, 22.30859340615769781, -21.22900000000259979 ) ) ;
#6873 = DIRECTION ( 'NONE',  ( -0.7071067811865475727, -0.7071067811865475727, 0.000000000000000000 ) ) ;
#6874 = DIRECTION ( 'NONE',  ( 0.000000000000000000, 0.000000000000000000, -1.000000000000000000 ) ) ;
#6875 = ORIENTED_EDGE ( 'NONE', *, *, #1006, .F. ) ;
#6876 = AXIS2_PLACEMENT_3D ( 'NONE', #5890, #2631, #2494 ) ;
#6877 = ORIENTED_EDGE ( 'NONE', *, *, #956, .F. ) ;
#6878 = ORIENTED_EDGE ( 'NONE', *, *, #4514, .T. ) ;
#6879 = ORIENTED_EDGE ( 'NONE', *, *, #2503, .T. ) ;
#6880 = CARTESIAN_POINT ( 'NONE',  ( 4.250000000000000000, 15.32958314592720050, -8.615459916994128164 ) ) ;
#6881 = EDGE_CURVE ( 'NONE', #2594, #5686, #2063, .T. ) ;
#6882 = CARTESIAN_POINT ( 'NONE',  ( 47.18582856059130393, 25.87999999999999901, -21.22900000000370113 ) ) ;
#6883 = AXIS2_PLACEMENT_3D ( 'NONE', #550, #3891, #6086 ) ;
#6884 = DIRECTION ( 'NONE',  ( 0.000000000000000000, 0.9998476951564155835, -0.01745240643589299895 ) ) ;
#6885 = ORIENTED_EDGE ( 'NONE', *, *, #164, .F. ) ;
#6886 = AXIS2_PLACEMENT_3D ( 'NONE', #5031, #182, #74 ) ;
#6887 = ORIENTED_EDGE ( 'NONE', *, *, #2384, .T. ) ;
#6888 = ORIENTED_EDGE ( 'NONE', *, *, #5591, .T. ) ;
#6889 = AXIS2_PLACEMENT_3D ( 'NONE', #5906, #6591, #6478 ) ;
#6890 = DIRECTION ( 'NONE',  ( 1.000000000000000000, 0.000000000000000000, -1.164635296342740053E-17 ) ) ;
#6891 = EDGE_CURVE ( 'NONE', #6030, #6759, #1913, .T. ) ;
#6892 = ORIENTED_EDGE ( 'NONE', *, *, #1088, .F. ) ;
#6893 = CARTESIAN_POINT ( 'NONE',  ( 1.750000000000000000, 22.30859340615769781, -21.22900000000259979 ) ) ;
#6894 = LINE ( 'NONE', #4145, #6807 ) ;
#6895 = CARTESIAN_POINT ( 'NONE',  ( -37.13077245651289360, 24.30859340615769781, -21.22900000001820331 ) ) ;
#6896 = AXIS2_PLACEMENT_3D ( 'NONE', #381, #3607, #952 ) ;
#6897 = CYLINDRICAL_SURFACE ( 'NONE', #6065, 0.4999999999999994449 ) ;
#6898 = ORIENTED_EDGE ( 'NONE', *, *, #6923, .F. ) ;
#6899 = ORIENTED_EDGE ( 'NONE', *, *, #3313, .F. ) ;
#6900 = EDGE_CURVE ( 'NONE', #359, #6271, #2604, .T. ) ;
#6901 = DIRECTION ( 'NONE',  ( 1.110053932280890402E-16, -0.01745240643589420632, -0.9998476951564154724 ) ) ;
#6902 = AXIS2_PLACEMENT_3D ( 'NONE', #6439, #901, #5723 ) ;
#6903 = CYLINDRICAL_SURFACE ( 'NONE', #4766, 0.5000000000000006661 ) ;
#6904 = CARTESIAN_POINT ( 'NONE',  ( -36.63077245651289360, 25.01430943103299853, -21.22900000000080212 ) ) ;
#6905 = VECTOR ( 'NONE', #5659, 1000.000000000000000 ) ;
#6906 = AXIS2_PLACEMENT_3D ( 'NONE', #6779, #1824, #3485 ) ;
#6907 =( BOUNDED_CURVE ( )  B_SPLINE_CURVE ( 3, ( #1797, #3937, #2878, #2344 ),
 .UNSPECIFIED., .F., .F. ) 
 B_SPLINE_CURVE_WITH_KNOTS ( ( 4, 4 ),
 ( 4.712388980384471182, 5.497787143781901698 ),
 .UNSPECIFIED. ) 
 CURVE ( )  GEOMETRIC_REPRESENTATION_ITEM ( )  RATIONAL_B_SPLINE_CURVE ( ( 1.000000000000000000, 0.9492530216741933424, 0.9492530216741933424, 1.000000000000000000 ) ) 
 REPRESENTATION_ITEM ( '' )  );
#6908 = EDGE_CURVE ( 'NONE', #4262, #2581, #2521, .T. ) ;
#6909 = DIRECTION ( 'NONE',  ( -1.000000000000000000, 0.000000000000000000, -1.110223024624999878E-16 ) ) ;
#6910 = CARTESIAN_POINT ( 'NONE',  ( -18.31538622825640061, 22.30859340615769781, -22.22900000001819976 ) ) ;
#6911 = DIRECTION ( 'NONE',  ( 0.7071067811865475727, 0.7071067811865475727, 0.000000000000000000 ) ) ;
#6912 = CARTESIAN_POINT ( 'NONE',  ( 7.550826666604219639, 17.68172666660420234, -15.15829905317410109 ) ) ;
#6913 = CARTESIAN_POINT ( 'NONE',  ( -49.27705161185000549, 16.32943084108359599, -8.598007510556838540 ) ) ;
#6914 = CYLINDRICAL_SURFACE ( 'NONE', #4013, 2.999999999999997780 ) ;
#6915 = ORIENTED_EDGE ( 'NONE', *, *, #1123, .F. ) ;
#6916 = EDGE_CURVE ( 'NONE', #5870, #7096, #3687, .T. ) ;
#6917 = VERTEX_POINT ( 'NONE', #6362 ) ;
#6918 = CARTESIAN_POINT ( 'NONE',  ( -50.08333491804408055, 13.17889507760179946, 8.736173800581266859E-16 ) ) ;
#6919 = FACE_OUTER_BOUND ( 'NONE', #1311, .T. ) ;
#6920 = CARTESIAN_POINT ( 'NONE',  ( -17.56538622825639706, 22.80859340615770137, -21.22900000000230136 ) ) ;
#6921 = ORIENTED_EDGE ( 'NONE', *, *, #6024, .T. ) ;
#6922 = ORIENTED_EDGE ( 'NONE', *, *, #1734, .T. ) ;
#6923 = EDGE_CURVE ( 'NONE', #6076, #6825, #7039, .T. ) ;
#6924 = ORIENTED_EDGE ( 'NONE', *, *, #2754, .F. ) ;
#6925 = DIRECTION ( 'NONE',  ( 1.164635296342740053E-17, -1.044713495080879938E-18, 1.000000000000000000 ) ) ;
#6926 = CIRCLE ( 'NONE', #2766, 0.9999999999999994449 ) ;
#6927 = EDGE_LOOP ( 'NONE', ( #1262, #1378, #399, #6083 ) ) ;
#6928 = DIRECTION ( 'NONE',  ( 1.000000000000000000, 0.000000000000000000, -1.164635296333200074E-17 ) ) ;
#6929 = DIRECTION ( 'NONE',  ( 3.462854061944730330E-13, 3.462854061944730330E-13, -1.000000000000000000 ) ) ;
#6930 = CARTESIAN_POINT ( 'NONE',  ( -35.13077245651290070, 22.80859340615770137, -21.22900000000230136 ) ) ;
#6931 = DIRECTION ( 'NONE',  ( -0.7071067811865475727, 0.7071067811865475727, 0.000000000000000000 ) ) ;
#6932 = ORIENTED_EDGE ( 'NONE', *, *, #2580, .F. ) ;
#6933 = EDGE_CURVE ( 'NONE', #4858, #259, #2504, .T. ) ;
#6934 = VECTOR ( 'NONE', #6117, 1000.000000000000000 ) ;
#6935 = CARTESIAN_POINT ( 'NONE',  ( 49.89837195540964387, 22.06985295534195402, -21.22900000000278098 ) ) ;
#6936 = CARTESIAN_POINT ( 'NONE',  ( -26.34807934238470040, 29.45140659384229664, -22.22900000001819976 ) ) ;
#6937 = LINE ( 'NONE', #2289, #5447 ) ;
#6938 = CARTESIAN_POINT ( 'NONE',  ( 47.53938195118458054, 26.73355339059326852, -22.22900000001819976 ) ) ;
#6939 = CARTESIAN_POINT ( 'NONE',  ( 49.89837195540965098, 14.05770858159544723, -5.551115123125779744E-16 ) ) ;
#6940 = EDGE_CURVE ( 'NONE', #4407, #604, #1472, .T. ) ;
#6941 = CARTESIAN_POINT ( 'NONE',  ( 25.59807934238459737, 22.30859340615769781, -22.22900000001819976 ) ) ;
#6942 = LINE ( 'NONE', #1986, #3255 ) ;
#6943 = DIRECTION ( 'NONE',  ( 3.462854061944735379E-13, 3.462854061944750020E-13, -1.000000000000000000 ) ) ;
#6944 = EDGE_CURVE ( 'NONE', #731, #1779, #1936, .T. ) ;
#6945 = ORIENTED_EDGE ( 'NONE', *, *, #3456, .T. ) ;
#6946 = ORIENTED_EDGE ( 'NONE', *, *, #961, .T. ) ;
#6947 = CARTESIAN_POINT ( 'NONE',  ( 50.77705161184999838, 36.08064793823699290, 1.452208360022840152E-11 ) ) ;
#6948 = DIRECTION ( 'NONE',  ( -1.110053932280890402E-16, 0.01745240643589420632, 0.9998476951564154724 ) ) ;
#6949 = DIRECTION ( 'NONE',  ( 1.629165434809309825E-16, -1.000000000000000000, -1.389999226830700028E-12 ) ) ;
#6950 = EDGE_CURVE ( 'NONE', #3257, #3365, #4812, .T. ) ;
#6951 = ORIENTED_EDGE ( 'NONE', *, *, #2119, .F. ) ;
#6952 = ORIENTED_EDGE ( 'NONE', *, *, #916, .F. ) ;
#6953 = ORIENTED_EDGE ( 'NONE', *, *, #5599, .T. ) ;
#6954 = CIRCLE ( 'NONE', #4770, 10.80206206044549866 ) ;
#6955 = CARTESIAN_POINT ( 'NONE',  ( 8.282693114128209189, 29.95140659384229664, -21.22899999999730269 ) ) ;
#6956 = VERTEX_POINT ( 'NONE', #5382 ) ;
#6957 = DIRECTION ( 'NONE',  ( -0.7071067811865475727, -0.7071067811865475727, 0.000000000000000000 ) ) ;
#6958 = DIRECTION ( 'NONE',  ( -3.462970525474364994E-13, 3.462970525474380140E-13, -1.000000000000000000 ) ) ;
#6959 = PLANE ( 'NONE',  #2718 ) ;
#6960 = ORIENTED_EDGE ( 'NONE', *, *, #1663, .F. ) ;
#6961 = VECTOR ( 'NONE', #3221, 1000.000000000000000 ) ;
#6962 = ORIENTED_EDGE ( 'NONE', *, *, #278, .F. ) ;
#6963 = DIRECTION ( 'NONE',  ( 0.000000000000000000, 0.000000000000000000, -1.000000000000000000 ) ) ;
#6964 = DIRECTION ( 'NONE',  ( 0.000000000000000000, 0.000000000000000000, -1.000000000000000000 ) ) ;
#6965 = DIRECTION ( 'NONE',  ( 0.000000000000000000, 0.000000000000000000, 1.000000000000000000 ) ) ;
#6966 = AXIS2_PLACEMENT_3D ( 'NONE', #6498, #1001, #1069 ) ;
#6967 = EDGE_CURVE ( 'NONE', #4068, #5929, #1871, .T. ) ;
#6968 = CARTESIAN_POINT ( 'NONE',  ( 47.18582856059130393, 25.87999999999999901, -21.47900000001820331 ) ) ;
#6969 = VERTEX_POINT ( 'NONE', #6499 ) ;
#6970 = CARTESIAN_POINT ( 'NONE',  ( -10.78269311412819853, 27.95140659384230020, -22.22900000001819976 ) ) ;
#6971 = ADVANCED_FACE ( 'NONE', ( #4715 ), #6914, .T. ) ;
#6972 = LINE ( 'NONE', #385, #1101 ) ;
#6973 = LINE ( 'NONE', #3030, #1868 ) ;
#6974 = CARTESIAN_POINT ( 'NONE',  ( -10.28269311412819853, 23.05859340615770137, -21.22900000001820331 ) ) ;
#6975 = DIRECTION ( 'NONE',  ( 0.000000000000000000, 0.000000000000000000, -1.000000000000000000 ) ) ;
#6976 = VERTEX_POINT ( 'NONE', #5282 ) ;
#6977 = AXIS2_PLACEMENT_3D ( 'NONE', #6255, #3507, #3429 ) ;
#6978 = DIRECTION ( 'NONE',  ( 0.000000000000000000, 0.000000000000000000, -1.000000000000000000 ) ) ;
#6979 = ADVANCED_FACE ( 'NONE', ( #326 ), #1989, .T. ) ;
#6980 = CARTESIAN_POINT ( 'NONE',  ( 1.909999999999970166, 37.00790791514639722, -4.175999999984879807 ) ) ;
#6981 = CARTESIAN_POINT ( 'NONE',  ( 7.550826666604219639, 17.68172666660420234, -15.15829905317410109 ) ) ;
#6982 = CIRCLE ( 'NONE', #2365, 0.4999999999999994449 ) ;
#6983 = ORIENTED_EDGE ( 'NONE', *, *, #4643, .T. ) ;
#6984 = ORIENTED_EDGE ( 'NONE', *, *, #4163, .F. ) ;
#6985 = ORIENTED_EDGE ( 'NONE', *, *, #626, .F. ) ;
#6986 = AXIS2_PLACEMENT_3D ( 'NONE', #1898, #6308, #2042 ) ;
#6987 = CARTESIAN_POINT ( 'NONE',  ( 42.41346557064109390, 27.95140659384230020, -22.22900000001819976 ) ) ;
#6988 = EDGE_CURVE ( 'NONE', #1037, #5372, #3793, .T. ) ;
#6989 = DIRECTION ( 'NONE',  ( 0.000000000000000000, 0.000000000000000000, 1.000000000000000000 ) ) ;
#6990 = DIRECTION ( 'NONE',  ( 0.000000000000000000, 0.9998476951564155835, -0.01745240643589299895 ) ) ;
#6991 = AXIS2_PLACEMENT_3D ( 'NONE', #3735, #5810, #1019 ) ;
#6992 = CARTESIAN_POINT ( 'NONE',  ( -2.000000000000000000, 24.30859340615769781, -22.22900000001819976 ) ) ;
#6993 = ORIENTED_EDGE ( 'NONE', *, *, #2763, .T. ) ;
#6994 = VECTOR ( 'NONE', #4673, 1000.000000000000227 ) ;
#6995 = ORIENTED_EDGE ( 'NONE', *, *, #3104, .T. ) ;
#6996 = APPLICATION_PROTOCOL_DEFINITION ( 'draft international standard', 'automotive_design', 1998, #5062 ) ;
#6997 = DIRECTION ( 'NONE',  ( 0.7071067811865492381, 0.7071067811865457964, 0.000000000000000000 ) ) ;
#6998 = VECTOR ( 'NONE', #2196, 1000.000000000000000 ) ;
#6999 = CARTESIAN_POINT ( 'NONE',  ( -0.5000000000000109912, 22.30859340615769781, -21.22900000000259979 ) ) ;
#7000 = ORIENTED_EDGE ( 'NONE', *, *, #2299, .T. ) ;
#7001 = VERTEX_POINT ( 'NONE', #6196 ) ;
#7002 = EDGE_CURVE ( 'NONE', #1816, #4174, #2207, .T. ) ;
#7003 = AXIS2_PLACEMENT_3D ( 'NONE', #4170, #4751, #364 ) ;
#7004 = LINE ( 'NONE', #2057, #279 ) ;
#7005 = DIRECTION ( 'NONE',  ( -1.000000000000000000, 1.805602912109500105E-32, 0.000000000000000000 ) ) ;
#7006 = DIRECTION ( 'NONE',  ( 0.000000000000000000, -6.800116025829077752E-13, 1.000000000000000000 ) ) ;
#7007 = CYLINDRICAL_SURFACE ( 'NONE', #6722, 0.4999999999999994449 ) ;
#7008 = AXIS2_PLACEMENT_3D ( 'NONE', #5556, #588, #5484 ) ;
#7009 = VERTEX_POINT ( 'NONE', #4379 ) ;
#7010 = EDGE_CURVE ( 'NONE', #2576, #7075, #564, .T. ) ;
#7011 = VERTEX_POINT ( 'NONE', #4585 ) ;
#7012 = DIRECTION ( 'NONE',  ( 0.000000000000000000, 0.9998476951564155835, -0.01745240643589415774 ) ) ;
#7013 = CARTESIAN_POINT ( 'NONE',  ( -35.13077245651290070, 25.01430943103299853, -21.22900000000080212 ) ) ;
#7014 = CARTESIAN_POINT ( 'NONE',  ( -2.000000000000000000, 24.30859340615769781, -21.22900000001820331 ) ) ;
#7015 = ORIENTED_EDGE ( 'NONE', *, *, #2371, .T. ) ;
#7016 = VERTEX_POINT ( 'NONE', #1071 ) ;
#7017 = ADVANCED_FACE ( 'NONE', ( #2376 ), #5962, .T. ) ;
#7018 = AXIS2_PLACEMENT_3D ( 'NONE', #4454, #2350, #6101 ) ;
#7019 = ORIENTED_EDGE ( 'NONE', *, *, #1543, .F. ) ;
#7020 = DIRECTION ( 'NONE',  ( 0.000000000000000000, 0.000000000000000000, -1.000000000000000000 ) ) ;
#7021 = DIRECTION ( 'NONE',  ( 0.7071067811865580088, -0.7071067811865372477, 0.000000000000000000 ) ) ;
#7022 = FACE_OUTER_BOUND ( 'NONE', #4889, .T. ) ;
#7023 = DIRECTION ( 'NONE',  ( 0.000000000000000000, -1.000000000000000000, 0.000000000000000000 ) ) ;
#7024 = LINE ( 'NONE', #5301, #1095 ) ;
#7025 = ORIENTED_EDGE ( 'NONE', *, *, #5728, .T. ) ;
#7026 = VERTEX_POINT ( 'NONE', #529 ) ;
#7027 = EDGE_CURVE ( 'NONE', #6254, #5258, #4414, .T. ) ;
#7028 = VERTEX_POINT ( 'NONE', #7074 ) ;
#7029 = CARTESIAN_POINT ( 'NONE',  ( 4.250000000000000000, 37.00790791514639722, -4.175999999984879807 ) ) ;
#7030 = DIRECTION ( 'NONE',  ( 1.294152415626070233E-16, -0.01745240643728280389, 0.9998476951563912696 ) ) ;
#7031 = DIRECTION ( 'NONE',  ( 0.000000000000000000, 0.000000000000000000, 1.000000000000000000 ) ) ;
#7032 = ORIENTED_EDGE ( 'NONE', *, *, #3453, .T. ) ;
#7033 = EDGE_LOOP ( 'NONE', ( #6687, #2388, #2926, #6218 ) ) ;
#7034 = EDGE_CURVE ( 'NONE', #1153, #1523, #4717, .T. ) ;
#7035 = DIRECTION ( 'NONE',  ( 3.462970525474364994E-13, -3.462970525474364994E-13, 1.000000000000000000 ) ) ;
#7036 = DIRECTION ( 'NONE',  ( -1.000000000000000000, 0.000000000000000000, 0.000000000000000000 ) ) ;
#7037 = CARTESIAN_POINT ( 'NONE',  ( -26.34807934238470040, 24.30859340615769781, -21.22900000000120002 ) ) ;
#7038 = ADVANCED_FACE ( 'NONE', ( #1549 ), #2744, .T. ) ;
#7039 = LINE ( 'NONE', #5926, #6081 ) ;
#7040 = VERTEX_POINT ( 'NONE', #2667 ) ;
#7041 = ORIENTED_EDGE ( 'NONE', *, *, #6398, .F. ) ;
#7042 = DIRECTION ( 'NONE',  ( 0.000000000000000000, 0.000000000000000000, -1.000000000000000000 ) ) ;
#7043 = CARTESIAN_POINT ( 'NONE',  ( 6.572359073679161057, 15.26973301115069859, -3.974363289483680006 ) ) ;
#7044 = EDGE_CURVE ( 'NONE', #1397, #1500, #6739, .T. ) ;
#7045 = CARTESIAN_POINT ( 'NONE',  ( 1.909999999999970166, 16.72090000000000032, -4.176000000000000156 ) ) ;
#7046 = LINE ( 'NONE', #867, #3028 ) ;
#7047 = ORIENTED_EDGE ( 'NONE', *, *, #6136, .F. ) ;
#7048 = ORIENTED_EDGE ( 'NONE', *, *, #6773, .T. ) ;
#7049 = ORIENTED_EDGE ( 'NONE', *, *, #6398, .T. ) ;
#7050 = CARTESIAN_POINT ( 'NONE',  ( -1.013078509970460076E-14, 27.95140659384230020, -21.22900000001820331 ) ) ;
#7051 = CYLINDRICAL_SURFACE ( 'NONE', #6531, 12.80206206045379247 ) ;
#7052 = DIRECTION ( 'NONE',  ( -1.587155626613709928E-16, 1.000000000000000000, -7.431015914629619227E-32 ) ) ;
#7053 = VECTOR ( 'NONE', #6172, 1000.000000000000000 ) ;
#7054 = ADVANCED_FACE ( 'NONE', ( #4340 ), #3869, .T. ) ;
#7055 = DIRECTION ( 'NONE',  ( 0.7071067811865475727, 0.7071067811865475727, 0.000000000000000000 ) ) ;
#7056 = PLANE ( 'NONE',  #3753 ) ;
#7057 = EDGE_LOOP ( 'NONE', ( #4824, #4108, #3602, #2149 ) ) ;
#7058 = ORIENTED_EDGE ( 'NONE', *, *, #1690, .T. ) ;
#7059 = FACE_OUTER_BOUND ( 'NONE', #6500, .T. ) ;
#7060 = VECTOR ( 'NONE', #1051, 1000.000000000000000 ) ;
#7061 = CARTESIAN_POINT ( 'NONE',  ( 6.141346557064100153, 29.95140659384229664, -21.22899999999730269 ) ) ;
#7062 = CARTESIAN_POINT ( 'NONE',  ( -9.282693114128230505, 29.45140659384229664, -22.22900000001819976 ) ) ;
#7063 = EDGE_CURVE ( 'NONE', #1044, #1065, #1036, .T. ) ;
#7064 = EDGE_CURVE ( 'NONE', #4322, #6696, #5455, .T. ) ;
#7065 = DIRECTION ( 'NONE',  ( -1.000000000000000000, 1.376885414906367844E-16, 1.164635296342740053E-17 ) ) ;
#7066 = CARTESIAN_POINT ( 'NONE',  ( -35.13077245651290070, 27.95140659384230020, -22.22900000001819976 ) ) ;
#7067 = EDGE_LOOP ( 'NONE', ( #5007, #4606, #2106, #3543 ) ) ;
#7068 = EDGE_LOOP ( 'NONE', ( #3931, #2320, #1486 ) ) ;
#7069 = CIRCLE ( 'NONE', #2584, 0.4999999999999994449 ) ;
#7070 = CARTESIAN_POINT ( 'NONE',  ( 19.31538622825640061, 23.80859340615770137, -21.22900000000160148 ) ) ;
#7071 = DIRECTION ( 'NONE',  ( 3.462970525474364994E-13, -3.462970525474490202E-13, 1.000000000000000000 ) ) ;
#7072 = PLANE ( 'NONE',  #6390 ) ;
#7073 = AXIS2_PLACEMENT_3D ( 'NONE', #6206, #4634, #125 ) ;
#7074 = CARTESIAN_POINT ( 'NONE',  ( -0.5000000000000109912, 22.30859340615769781, -22.22900000001819976 ) ) ;
#7075 = VERTEX_POINT ( 'NONE', #2707 ) ;
#7076 = ADVANCED_FACE ( 'NONE', ( #4914 ), #2335, .F. ) ;
#7077 = LINE ( 'NONE', #494, #2145 ) ;
#7078 = VERTEX_POINT ( 'NONE', #2985 ) ;
#7079 = CIRCLE ( 'NONE', #4208, 0.5000000000000006661 ) ;
#7080 = CARTESIAN_POINT ( 'NONE',  ( 7.205882969819030315, 14.63620911501089950, -11.21557455741150022 ) ) ;
#7081 = EDGE_CURVE ( 'NONE', #6337, #1171, #5192, .T. ) ;
#7082 =( BOUNDED_CURVE ( )  B_SPLINE_CURVE ( 3, ( #4701, #1399, #5271, #310 ),
 .UNSPECIFIED., .F., .F. ) 
 B_SPLINE_CURVE_WITH_KNOTS ( ( 4, 4 ),
 ( 0.7853981633974463916, 1.570796326794896780 ),
 .UNSPECIFIED. ) 
 CURVE ( )  GEOMETRIC_REPRESENTATION_ITEM ( )  RATIONAL_B_SPLINE_CURVE ( ( 1.000000000000000000, 0.9492530216741910110, 0.9492530216741910110, 1.000000000000000000 ) ) 
 REPRESENTATION_ITEM ( '' )  );
#7083 = LINE ( 'NONE', #1042, #1389 ) ;
#7084 = CARTESIAN_POINT ( 'NONE',  ( -18.56538622825640061, 29.95140659384229664, -21.22900000001820331 ) ) ;
#7085 = DIRECTION ( 'NONE',  ( 0.000000000000000000, 0.000000000000000000, 1.000000000000000000 ) ) ;
#7086 = ORIENTED_EDGE ( 'NONE', *, *, #5967, .F. ) ;
#7087 = AXIS2_PLACEMENT_3D ( 'NONE', #6793, #5709, #5203 ) ;
#7088 = VERTEX_POINT ( 'NONE', #4151 ) ;
#7089 = ORIENTED_EDGE ( 'NONE', *, *, #6408, .T. ) ;
#7090 = EDGE_CURVE ( 'NONE', #4110, #766, #5092, .T. ) ;
#7091 = DIRECTION ( 'NONE',  ( -1.000000000000000000, 5.056412698010379758E-16, 0.000000000000000000 ) ) ;
#7092 = DIRECTION ( 'NONE',  ( -3.462854061944735379E-13, -3.462854061944794954E-13, 1.000000000000000000 ) ) ;
#7093 = CARTESIAN_POINT ( 'NONE',  ( -25.84807934238470040, 24.30859340615769781, -21.22900000001820331 ) ) ;
#7094 = DIRECTION ( 'NONE',  ( -0.7071067811865475727, 0.7071067811865475727, 0.000000000000000000 ) ) ;
#7095 = CARTESIAN_POINT ( 'NONE',  ( 6.773841698966849734, 15.28877076596019968, -6.277320234619580219 ) ) ;
#7096 = VERTEX_POINT ( 'NONE', #1361 ) ;
#7097 = ORIENTED_EDGE ( 'NONE', *, *, #1673, .T. ) ;
#7098 = VECTOR ( 'NONE', #3599, 1000.000000000000000 ) ;
#7099 = AXIS2_PLACEMENT_3D ( 'NONE', #1354, #3012, #3125 ) ;
#7100 = EDGE_CURVE ( 'NONE', #3978, #2293, #6348, .T. ) ;
#7101 = CARTESIAN_POINT ( 'NONE',  ( -8.782693114128230505, 23.05859340615770137, -22.22900000001819976 ) ) ;
#7102 = DIRECTION ( 'NONE',  ( -0.7071067811865492381, -0.7071067811865457964, 0.000000000000000000 ) ) ;
#7103 = CARTESIAN_POINT ( 'NONE',  ( -26.49452595179142733, 29.80495998443556971, -21.22900000000370113 ) ) ;
#7104 = CIRCLE ( 'NONE', #1454, 9.802062060445521752 ) ;
#7105 = DIRECTION ( 'NONE',  ( 0.000000000000000000, 0.000000000000000000, -1.000000000000000000 ) ) ;
#7106 = ORIENTED_EDGE ( 'NONE', *, *, #5083, .F. ) ;
#7107 = EDGE_LOOP ( 'NONE', ( #1074, #2756, #2225, #5806 ) ) ;
#7108 = VERTEX_POINT ( 'NONE', #5304 ) ;
#7109 = EDGE_CURVE ( 'NONE', #4305, #3914, #7082, .T. ) ;
#7110 = VECTOR ( 'NONE', #446, 1000.000000000000000 ) ;
#7111 = FACE_OUTER_BOUND ( 'NONE', #1630, .T. ) ;
#7112 = DIRECTION ( 'NONE',  ( 1.989149585786738637E-16, -0.01745240643589409182, -0.9998476951564154724 ) ) ;
#7113 = CARTESIAN_POINT ( 'NONE',  ( 49.89837195540965098, 38.20229141837474174, -5.551115123125779744E-16 ) ) ;
#7114 = CARTESIAN_POINT ( 'NONE',  ( -37.13077245651289360, 24.30859340615769781, -21.22900000000370113 ) ) ;
#7115 = AXIS2_PLACEMENT_3D ( 'NONE', #2759, #2223, #6555 ) ;
#7116 = DIRECTION ( 'NONE',  ( 0.000000000000000000, 0.000000000000000000, 1.000000000000000000 ) ) ;
#7117 = ORIENTED_EDGE ( 'NONE', *, *, #3381, .F. ) ;
#7118 = EDGE_CURVE ( 'NONE', #1044, #6467, #1587, .T. ) ;
#7119 = CARTESIAN_POINT ( 'NONE',  ( 3.079999999999999627, 34.29781305761410692, -18.36397467414940010 ) ) ;
#7120 = ORIENTED_EDGE ( 'NONE', *, *, #4370, .F. ) ;
#7121 = CYLINDRICAL_SURFACE ( 'NONE', #2929, 0.4999999999999982236 ) ;
#7122 = DIRECTION ( 'NONE',  ( 0.000000000000000000, 0.000000000000000000, 1.000000000000000000 ) ) ;
#7123 = DIRECTION ( 'NONE',  ( 0.000000000000000000, 0.000000000000000000, 1.000000000000000000 ) ) ;
#7124 = VECTOR ( 'NONE', #5206, 1000.000000000000000 ) ;
#7125 = LINE ( 'NONE', #3287, #2802 ) ;
#7126 = ORIENTED_EDGE ( 'NONE', *, *, #6566, .T. ) ;
#7127 = EDGE_LOOP ( 'NONE', ( #6898, #3803, #6041, #5643 ) ) ;
#7128 = ADVANCED_FACE ( 'NONE', ( #1827 ), #881, .F. ) ;
#7129 = EDGE_LOOP ( 'NONE', ( #4210, #87, #5143, #4183 ) ) ;
#7130 = FACE_OUTER_BOUND ( 'NONE', #4471, .T. ) ;
#7131 = CARTESIAN_POINT ( 'NONE',  ( -19.21183283766312755, 23.95504001556442475, -22.22900000001819976 ) ) ;
#7132 = CYLINDRICAL_SURFACE ( 'NONE', #1613, 0.4999999999999982236 ) ;
#7133 = CARTESIAN_POINT ( 'NONE',  ( 17.41893961884967013, 22.45504001556442830, -21.22900000000370113 ) ) ;
#7134 = DIRECTION ( 'NONE',  ( 1.000000000000000000, 0.000000000000000000, -3.033476611130960257E-15 ) ) ;
#7135 = EDGE_CURVE ( 'NONE', #7075, #4322, #2084, .T. ) ;
#7136 = ORIENTED_EDGE ( 'NONE', *, *, #4343, .F. ) ;
#7137 = ORIENTED_EDGE ( 'NONE', *, *, #5655, .F. ) ;
#7138 = CIRCLE ( 'NONE', #896, 0.4999999999999982236 ) ;
#7139 = DIRECTION ( 'NONE',  ( -1.000000000000000000, 0.000000000000000000, 1.164635296333200074E-17 ) ) ;
#7140 = FACE_OUTER_BOUND ( 'NONE', #1347, .T. ) ;
#7141 = DIRECTION ( 'NONE',  ( 0.9961946980917455452, -1.209841184362529888E-13, 0.08715574274765794383 ) ) ;
#7142 = PLANE ( 'NONE',  #4134 ) ;
#7143 = ADVANCED_FACE ( 'NONE', ( #7059 ), #3164, .F. ) ;
#7144 = ORIENTED_EDGE ( 'NONE', *, *, #5339, .T. ) ;
#7145 = ORIENTED_EDGE ( 'NONE', *, *, #2944, .T. ) ;
#7146 = DIRECTION ( 'NONE',  ( -1.587155626613709928E-16, 1.000000000000000000, 0.000000000000000000 ) ) ;
#7147 = AXIS2_PLACEMENT_3D ( 'NONE', #6202, #1287, #5776 ) ;
#7148 = LINE ( 'NONE', #6533, #62 ) ;
#7149 = DIRECTION ( 'NONE',  ( -0.7071067811865580088, -0.7071067811865372477, 0.000000000000000000 ) ) ;
#7150 = ADVANCED_FACE ( 'NONE', ( #3201 ), #4323, .F. ) ;
#7151 = CARTESIAN_POINT ( 'NONE',  ( 7.282693114128210077, 22.80859340615770137, -21.22900000000230136 ) ) ;
#7152 = CARTESIAN_POINT ( 'NONE',  ( -27.84807934238469684, 27.95140659384230020, -21.22900000001820331 ) ) ;
#7153 = CARTESIAN_POINT ( 'NONE',  ( 47.68582856059130393, 26.12999999999999901, -22.22900000001819976 ) ) ;
#7154 = VERTEX_POINT ( 'NONE', #3131 ) ;
#7155 = SURFACE_STYLE_USAGE ( .BOTH. , #4950 ) ;
#7156 = CARTESIAN_POINT ( 'NONE',  ( -19.06538622825640061, 29.45140659384229664, -21.22899999999770060 ) ) ;
#7157 = CYLINDRICAL_SURFACE ( 'NONE', #926, 0.4999999999999982236 ) ;
#7158 = EDGE_CURVE ( 'NONE', #5446, #6091, #5401, .T. ) ;
#7159 = LINE ( 'NONE', #533, #5160 ) ;
#7160 = FACE_OUTER_BOUND ( 'NONE', #1204, .T. ) ;
#7161 = ORIENTED_EDGE ( 'NONE', *, *, #1015, .T. ) ;
#7162 = VERTEX_POINT ( 'NONE', #6520 ) ;
#7163 = VERTEX_POINT ( 'NONE', #4257 ) ;
ENDSEC;
END-ISO-10303-21;
